{"_wandb":{"runtime":19137},"epoch":10776,"loss":0.0016601468378212303,"val_loss":0.000698321993695572,"best_epoch":10240,"_timestamp":1.7429923624585497e+09,"_runtime":19137.2186647,"_step":5844}