t,iq,iq_ref,id,vq,vd,ia,ib,va,vb,theta_e,omega,r,"T_ass:0.45,S_pct:0.08,kp:0.0580,ki:0.0508"
0,0.0409194906937253,0,-0.0220394979557389,0.269481341533065,-0.399739952358939,0,0,0,0,0,0,0,0
0.01,2.61676654861999,-0.202226758003235,0.0300566586193849,7.82569403750365,-0.635673271169426,-0.330444942975063,2.5066428638064,-1.58493165947899,7.32753872974003,0.135686577239143,36.7128765258324,0,0
0.02,-1.63135884166892,-0.0949667170643806,-0.0257675708715055,-5.92297522797619,-0.660976080843562,0.529830513492757,-1.54077381307682,0.690575545877831,-5.39305319156909,0.318555925750918,12.9086733430262,0,0
0.03,-1.84599267356415,0.0702731162309647,-0.0507485123685506,-5.96973493835441,0.0324592933105599,0.551301356963396,-1.76961845874885,2.63718920250224,-5.47048319108307,0.311005818413488,-14.6106157923437,0,0
0.04,-0.846666440922739,0.148509010672569,-0.199315714088332,1.36908727287594,0.534716592001637,0.112340085981247,-0.803498693608151,0.743600592580198,1.36775727132426,0.162393483113989,-25.7239010802102,0,0
0.05,1.1171583119335,0.0686242207884789,-0.0337937218492646,-0.63997167869799,2.97130538810504,-0.092878903065757,1.13998187980053,2.79255982996605,-0.298341078628379,0.032720827905156,-9.79920866231758,0,0
0.06,0.813901088935384,-0.0118258856236935,-0.0682330840194887,2.27969788931754,0.362345863542626,-0.00535084834380115,0.879121790114466,-0.158667380093258,2.60067160392636,0.00915257355471256,3.2146403292355,0,0
0.07,1.72702109033624,-0.155869767069817,0.0184205808644733,4.64768607415228,-1.06097588851954,-0.186764841507763,1.67564275883921,-1.7545227909695,4.83342860676406,0.124539115352532,27.9411481432896,0,0
0.08,-0.71518976591952,-0.11280170083046,0.0270258979654665,-3.48857342957924,-1.19606414576433,0.221722930993241,-0.657735025352942,-0.216136863953258,-3.56657159314459,0.289860185199272,17.1848365615939,0,0
0.09,-0.988070597643046,-0.0272140726447105,0.074702800117129,-0.383558882523078,-3.29718901798883,0.419273280855982,-0.937511879407668,-2.66284636080441,-1.48807533628308,0.361855775614445,2.60135744797115,0,0
0.1,1.19138078505351,-0.113836616277695,-0.183253492161547,2.16615302754315,3.80037148005861,-0.581086966752593,1.05859155375449,2.3796163059578,3.04864876531991,0.444822347898274,19.9369647857574,0,0
0.11,-0.919867165726986,-0.0544761195778847,0.00866151680587634,1.94512068599597,1.5379015726352,0.461629306594299,-0.809353120149747,0.137813188150527,2.06882331552421,0.543808705334461,7.0556116475146,0,0
0.12,-0.779188037585758,0.00735200196504593,-0.143546383977085,2.90730134140427,0.922113252110221,0.364910870256231,-0.634630656772674,-0.257439236155018,2.95997929913501,0.558665578694367,-2.82677331455526,0,0
0.13,0.432824204425156,-0.0265115406364202,0.102329422175809,-1.05680597088014,-1.82771678474936,-0.271472010427208,0.459476787875841,0.0721720660373342,-1.66621048469307,0.564749636503081,4.38799404153179,0,0
0.14,0.406932862847593,-0.0710613280534744,0.121520887254229,1.41206210091065,-0.991108062582317,-0.248593742321197,0.410071165600838,-2.29692493115395,-0.0572459280583861,0.624089975832461,11.6490913928039,0,0
0.15,0.763205358754832,-0.133373737335205,-0.0128644388252609,3.09894308141936,0.911141702184494,-0.450755385680314,0.470242910948859,-2.10698707065559,3.04761821674835,0.748095720269064,22.0977604771768,0,0
0.16,1.48843414419796,-0.281973987817764,-0.00134782912535618,5.85756336384844,0.556120814281104,-1.38151499281431,0.859429703843253,-4.52808510283999,3.79230406460093,1.00488598499106,47.7776202538524,0,0
0.17,-2.18266503580962,-0.109081298112869,-0.0303082656675055,-3.89267804813228,1.62316491852553,2.03858590091892,-0.765777397797303,4.28630650358679,0.453970100258696,1.22857733689754,13.0671686033107,0,0
0.18,-0.238749588011286,-0.0624552927911281,0.127947668361287,-1.12733289313841,0.0485963891510214,0.277376091116531,-0.0668027564916859,0.0984772983713216,-0.447450418624581,1.30601321150387,8.26833108315115,0,0
0.19,-0.166996699085318,-0.0399009585380554,-0.0135028961035344,1.81126498101931,-0.602151855732774,0.257869108899789,-0.0474073617181841,-2.0129426893279,-0.0388674234644277,1.35295004624291,4.63197931935593,0,0
0.2,1.72945458633744,-0.191297873854637,0.0553527701972668,5.04349952043918,-0.826012660201612,-1.65152261449594,0.164934881404249,-4.6741696886436,-1.1697397194292,1.489855808366,32.4291635155703,0,0
0.21,1.07505211140457,-0.31515696644783,0.109949668389721,6.07036306075942,0.0125697556671485,-1.07225086970269,-0.254743802756152,-5.98653440622775,-1.14508810298815,1.79965918631926,51.5137792639037,0,0
0.22,-0.100759091705348,-0.321319043636322,-0.0121494670883615,2.07925509153663,-0.350271808594045,0.0917978732440756,0.0658619844278798,-1.07420664458982,-0.881054989885747,2.1727155125885,50.2099648006842,0,0
0.23,-0.113275177066618,-0.315146088600159,0.0581861044283264,0.844425561967585,-1.70145066500816,0.031425848763976,0.122046368044724,1.05672915632355,-2.32107062162821,2.5353903419388,48.7105075221811,0,0
0.24,-2.82180310749459,-0.0868436619639397,0.125245563128829,-7.23510650537152,-1.27337970435572,1.09885506179182,2.651165745561,4.11133163927419,5.7528839824574,2.73808457252426,7.03158971421222,0,0
0.25,-2.68759354355263,0.150481760501862,-0.00249175895960903,-6.70439329273335,-0.375059110417089,1.25456946113149,2.34596483618721,3.64663272900284,5.42786531657326,2.64578295043643,-31.6923154802418,0,0
0.26,3.00524529718936,-0.0443156585097313,-0.114642655687087,5.31462950690382,2.74614769397704,-1.49054787332852,-2.37815113783956,-5.70389312907593,-2.69533692111517,2.55842082755763,8.21010177651782,0,0
0.27,-1.17710237781688,0.0290601924061775,0.192071907543505,-2.39334448512362,-3.91915667408582,0.622853123756651,1.0729767492106,4.84756459183839,0.412933729177577,2.55433765736518,-9.60321884130667,0,0
0.28,-0.820168980770661,0.104089349508286,0.118941692194188,-0.400096969489514,-1.5630448421026,0.49176461605272,0.637196967463963,1.74750385171865,-0.639416732319738,2.44090008054212,-21.1967811732682,0,0
0.29,1.60789495285807,-0.0156006850302219,-0.11323459690278,4.65184772948737,1.28680958661952,-1.06031959093568,-1.12071954568865,-4.01155727154621,-2.70735054617885,2.37103747602256,1.94572748088673,0,0
0.3,0.396472170778403,-0.0594383254647255,0.0559955565319796,-1.54721488032291,-1.56507192119742,-0.287833531915092,-0.270380862952665,1.92508315523981,-0.257088448878324,2.40589068397396,7.39901241883985,0,0
0.31,1.29456104434597,-0.163277670741081,0.0241731601514606,2.7377002774073,-1.46978316167681,-0.735907508355359,-1.00315972308878,-0.600531001455128,-2.93153190593613,2.52790614365434,25.6069245643232,0,0
0.32,-2.44134082931077,0.0193272698670626,-0.0106197963100028,-4.33728114705502,1.20691454831169,1.32621506510148,2.06636132249399,0.872904499542094,4.84813743570353,2.585754702624,-9.69537454727967,0,0
0.33,0.892380226662483,-0.027307316660881,-0.183735811284809,2.89881146496452,0.0917244964927268,-0.45357261750135,-0.694564521014636,-1.96749092648581,-2.72619633075716,2.5596002590735,2.67983552848897,0,0
0.34,1.20344459231888,-0.126972407102585,0.121867671970555,2.06390214071078,-0.0997450304890176,-0.536631708371293,-1.00512020342441,-1.8206525926378,-2.12256544349832,2.64107157526826,19.364185129434,0,0
0.35,0.212283250976331,-0.151017814874649,0.0376543685031449,-2.81649431602705,-1.08907053970414,-0.0876648537364473,-0.21113599104182,1.38709588960048,2.33471724265093,2.79205335342604,21.7507211358242,0,0
0.36,-0.131804307952447,-0.153345480561256,-0.000742062999248791,2.46426565354115,-0.266070128251013,0.00801778074611329,0.0469599918032074,-0.397910033263178,-2.33290456418214,2.95145446336311,21.7168200948698,0,0
0.37,-1.31994945105609,-0.0463877171278,-0.102063979630123,-3.97088457895545,0.0594293116955238,0.122507691620806,1.339185642073,1.22720789623563,3.52627557648173,3.03767926238994,2.12580363227748,0,0
0.38,-2.5901055003715,0.177145540714264,0.120036221216363,-7.92948526079187,0.348570641867771,0.601815563082832,2.55362373069863,1.84595142552014,7.90057127501847,2.91022030123547,-36.379403804322,0,0
0.39,-0.590071376255696,0.246720463037491,0.0342068108632951,-3.20656448471229,-1.97772537711979,0.229302290999266,0.484720811673845,3.29993237652332,1.0299223520831,2.61281248380876,-44.5394567348004,0,0
0.4,2.67544473550193,0.0497105866670609,-0.0969538541565912,3.22978167338261,0.965052755443077,-1.68687697380109,-1.95062771486357,-2.96300103856606,-2.25181939073094,2.4227853052719,-7.45672207592031,0,0
0.41,-0.498969971793571,0.0620311573147774,0.116553984482608,1.98291491086462,-0.653020304727391,0.326433557214099,0.359993261065955,-0.326431865187551,-2.3215037418822,2.34627137201358,-13.6548676560201,0,0
0.42,-1.71928444132422,0.21651691198349,0.015930262960131,-4.78891058358774,1.0940956106765,1.52875209409511,0.972775141225377,3.91193144206512,3.3906735476133,2.14536898469086,-40.8828527791172,0,0
0.43,-0.921567750596233,0.315754473209381,-0.114550082212589,-5.22394359260282,3.02580484086057,0.886106051708282,0.132864008318954,4.59336704958932,4.32091176015771,1.79114881879875,-55.582767752177,0,0
0.44,0.51842231016046,0.292797356843948,0.114797926440244,1.02116640429834,0.543866813957081,-0.364567582531399,0.05154127378886,-0.55494358332984,0.534430231297958,1.40658035144987,-49.2828525401532,0,0
0.45,2.47733179980861,0.0688441917300224,-0.145687355657451,3.32315568635993,2.83514536759225,-2.31835850285471,0.845469426709643,-1.82613869499349,4.08717793956903,1.19572887649572,-8.99696528500006,0,0
0.46,-1.14978538848208,0.138366371393204,-0.197624917465611,-1.81377153510041,3.98956038667043,0.909229294600184,-0.579823881480213,3.35657837591779,2.20898583937002,1.06890148709787,-25.7044266747312,0,0
0.47,-2.25315762887131,0.337043970823288,0.104536902591231,-4.18534131091655,-0.249954555093777,1.51686919807184,-1.60935226976676,2.66104460261906,-3.22484993196307,0.753389817901188,-59.6239112638462,0,0
0.48,1.87429307963502,0.219986379146576,-0.121577283095233,-0.248298289660909,2.2170629581927,-0.763136370199513,1.64340354622131,2.30979311218556,0.435614279337675,0.409429598361903,-34.2547895629084,0,0
0.49,-2.404505834048,0.396620184183121,-0.256861368530346,-8.24193409181948,3.1818062426206,0.0118683760584899,-2.3649068704285,3.42829065555373,-7.91147203712215,0.0317546134243931,-68.7211032929411,0,0
0.5,1.06896480450778,0.334693849086761,-0.0300081110234643,3.75006745801914,-1.98047343358575,-1.01167439949494,0.276330446191884,-3.96979537764442,-2.41167694340002,1.36457325830473,-53.1337021879245,0,0
0.51,4.46674368751119,4.59999990463257,-0.0371246240096236,7.38095200527194,-1.25457739101031,-4.07641199556106,1.79852547099073,-8.13290069450663,1.54651878926603,1.16336234746121,3.97915569855971,2316.0251906149,0
0.52,3.81664265579367,4.59999990463257,-0.0698225612242824,10.7857689309672,0.635501138694043,-3.78257685982935,0.658146174014733,-10.2559014153958,2.1949520084503,1.39658452018434,59.3699294276129,2316.0251906149,0
0.53,3.50254807261862,4.59999990463257,-0.110599291635953,8.61883763754387,-1.62731229359617,-0.802504914025266,3.50628826571338,-3.76217871673068,7.54532651498573,0.23565077906488,109.428929839545,2316.0251906149,0
0.54,3.50510270207027,4.59999990463257,0.0403015804286811,13.1043554406401,-0.514117501429811,-3.20208343613364,1.1798745587484,-12.4263396826557,4.09775931061618,1.22041333075215,160.200678270811,2316.0251906149,0
0.55,6.73726698471627,4.59999990463257,0.0106685751965871,21.0495883376654,-0.961541660906629,-2.39611199395557,-6.35523686222978,-7.00781451921004,-20.1858116498856,2.78286019763836,263.502301675651,2316.0251906149,0
0.56,2.79497158735378,4.59999990463257,0.0261705933384874,13.2602858353168,0.831143734054247,2.71230250250652,0.419424660886166,13.3305545887613,2.01839708827944,-1.41746082671406,305.408337145315,2316.0251906149,0
0.57,6.87563789228514,4.59999990463257,0.163254190529189,26.9437520134411,-3.50340499687822,-6.33231543128926,2.65054527976508,-26.9158158088571,6.14039960158794,1.18746594645488,407.828442331351,2316.0251906149,0
0.58,6.46928435994292,4.59999990463257,-0.114259926547991,24.4086555190876,-1.66646472853359,6.38376489363643,-1.22179707098462,24.0152889807593,-2.34275362016394,-1.7531372351978,505.213850001527,2316.0251906149,0
0.59,4.24278334587865,4.59999990463257,0.11067739271541,23.9029421908558,-5.64262132273893,-3.54586705021651,-2.35314776367059,-16.0685685890326,-18.5505059472071,2.18502048802467,569.251631877763,2316.0251906149,0
0.6,5.62394026743875,4.59999990463257,-0.0596221437062344,31.9040767706097,-2.13527615685955,-2.04642429893056,5.13322467576798,-13.821273971672,28.4646144684482,0.387313751841262,654.874036499197,2316.0251906149,0
0.61,5.0814791547892,4.59999990463257,-0.0271338466276763,28.4496401144356,-4.4407497417577,3.78077177014091,3.45603545793967,17.6226613147079,22.4018162193219,-0.81311911942602,732.042723106221,2316.0251906149,0
0.62,5.16530567769193,4.59999990463257,0.123065648305154,31.467058182434,-5.56042364992431,5.22441211457456,0.592529238477569,29.9894218907135,10.2742533648024,-1.43377496505752,812.272412667282,2316.0251906149,0
0.63,2.95322260473555,4.59999990463257,0.0132821287529833,26.3052053920888,-0.488025017050297,2.83432259276971,-0.103483793190186,26.3987930177578,0.344191868464287,-1.59887630436316,856.700317891867,2316.0251906149,0
0.64,2.62559362084176,4.59999990463257,0.0889851022783986,25.3462064279462,-3.54366211085178,2.65212550431337,0.252849824283335,24.5613088095904,6.15664794738648,-1.45126331565683,897.949717663305,2316.0251906149,0
0.65,1.19824695116512,4.59999990463257,0.10246380967789,25.3040090852872,-2.76079627178661,1.12461908950964,0.546694906155948,21.2247757199544,14.415279813898,-1.0757503033322,918.718498580447,2316.0251906149,0
0.66,5.62572024370354,4.59999990463257,0.245424573093183,37.6469557840163,-10.2375929116353,1.90642644862397,5.18812115269476,2.0681725108982,39.3147573863341,-0.314279443692469,1003.89554324931,2316.0251906149,0
0.67,5.32221905482463,4.59999990463257,0.235068321354332,34.2766605062684,-6.86266256592843,-4.52062971106461,2.71584539797919,-33.1622081719639,10.3398873287649,1.05846981362378,1084.48756264393,2316.0251906149,0
0.68,6.15996293136574,4.59999990463257,0.389812933310845,37.2560199706511,-11.8715872900535,-0.693041330780852,-6.02406142374678,9.04940229231776,-38.237212827639,3.06734365560435,1177.61592774766,2316.0251906149,0
0.69,6.76264627592541,4.59999990463257,0.335735182927924,40.9185853505085,-8.74567143068367,3.29331069779983,5.79275735578725,12.0188653416529,40.346646704206,-0.490360759561136,1279.96245609097,2316.0251906149,0
0.7,4.87591249289669,4.59999990463257,0.0603147480725383,42.6734882653863,-8.68297478450084,-1.35891150500983,-4.7963140897684,-2.50622440853354,-43.3652226941983,2.89890560683967,1358.76632637137,2316.0251906149,0
0.71,1.68734176506673,4.59999990463257,0.0558030343033173,37.1726194950218,-3.3854303612748,-0.635293178564788,1.63421206444098,-17.1627406899949,32.8455949944174,0.404520310519052,1389.00567833245,2316.0251906149,0
0.72,5.79167483051073,4.59999990463257,0.348702528915276,47.673259183435,-9.85227798197687,5.70683805884698,-0.661686077885867,48.641403757687,6.14870813489916,-1.65024270180664,1479.87854138035,2316.0251906149,0
0.73,5.59378030476613,4.5999813079834,0.303049991930414,47.9895162548245,-11.5028177833974,-5.50009742275842,0.839120410420341,-48.9121623447749,-5.55266945274669,1.46015624698593,1568.81964774546,2316.0251906149,0
0.74,4.51959518326123,4.16773653030396,0.147415136747293,47.7480169994659,-6.74191176759279,-2.74444282361108,3.64363146301855,-35.0883895401745,33.2509184927972,0.675682929679919,1644.73055907918,2316.0251906149,0
0.75,2.99441742355703,3.87298965454102,0.00173838707138221,42.2287869504336,-3.26669657501974,-1.00377090016034,2.91434301053188,-18.3435956849528,38.0527684401299,0.357975163697101,1696.56734771118,2316.0251906149,0
0.76,0.769653737820058,3.78574204444885,0.183932121684459,42.0281127899255,-6.04756711680996,-0.0808228612978495,0.720232935290808,-17.8180139528254,38.0546086389542,0.288116158733728,1712.60667897499,2316.0251906149,0
0.77,2.87216841253932,3.51521277427673,0.0969853561859916,47.7174937866298,-4.74800490204896,-1.26926751566143,2.69944458595428,-26.1676389810307,40.5288652214803,0.473015388946041,1766.03029466359,2316.0251906149,0
0.78,0.42154500350564,3.4546914100647,0.107815670654794,37.8414971763351,-2.68391013692548,-0.297932949608637,0.303046024236691,-30.9186825135247,21.9113135170574,0.891392042334051,1776.44716163796,2316.0251906149,0
0.79,3.31106776346945,3.15821194648743,0.228962274508774,47.6932715475225,-7.395965095396,-3.37234300805108,0.182864603744169,-48.0686049342559,-6.83335860660979,1.56108796657161,1834.64930208173,2316.0251906149,0
0.8,0.558587851806691,3.06335496902466,0.182839957671811,47.8174296966711,-4.36408680319719,-0.397310469606582,-0.375393001346815,-25.0156770560135,-41.2223564873369,2.50082142135601,1850.01194094695,2316.0251906149,0
0.81,4.52841432482513,2.6736626625061,0.344735846328295,47.9318250687181,-12.368887336303,2.35474029255966,-3.71875662355286,38.3922607335045,-31.4981959533074,-2.51714950151047,1923.47962610494,2316.0251906149,0
0.82,-0.126831614580047,2.63899493217468,0.0747976969845254,43.9018137723177,1.89216813025622,-0.193593342151159,-0.0992127178943423,37.1349666289886,23.6461408292492,-0.973973356258948,1925.84350468936,2316.0251906149,0
0.83,2.63959420633423,2.40239572525024,0.0743315354320377,48.1879418919867,-4.62044009861712,2.32232588040979,1.26884331695895,38.6791333427667,28.8438350631199,-1.03183812859432,1972.39322388001,2316.0251906149,0
0.84,2.58262140891483,2.14278268814087,0.319152772961132,48.6228046679498,-8.38221985831942,-2.08258803293741,1.46236694521755,-45.5823657148044,17.3527706625308,1.0286951872977,2017.73877453221,2316.0251906149,0
0.85,-0.658500818253775,2.16662096977234,-0.206518038044015,43.6873372967895,2.68346466209962,-0.018062996406506,0.752138993400557,1.46059646102338,-43.4835612828406,-3.05244142041368,2011.58399780023,2316.0251906149,0
0.86,2.39414502580294,1.94499790668488,0.123681120688939,48.3646016858017,-10.0715366633007,1.70552394641655,1.64911874295397,23.5916228824868,43.0521334380526,-0.712629530191773,2055.23806537552,2316.0251906149,0
0.87,0.578890838758184,1.83748340606689,0.0902164505419082,47.4794819248591,-4.11637741993775,-0.672593523525946,-0.117595191225362,-45.0753211756295,-16.9185790235433,1.85200799094947,2072.6872248472,2316.0251906149,0
0.88,2.92804976513939,1.56808590888977,0.231524653752421,48.2074839150065,-8.90027764993297,2.86583730582528,-0.338869076108089,48.4150895369968,6.94280658648232,-1.6216058145944,2122.29378219036,2316.0251906149,0
0.89,-0.778386294429803,1.58072066307068,0.205984536141851,48.7518465368279,-3.23459909109571,0.833412424335247,-0.120617008797671,-47.5543850402812,7.33638974424142,1.34798992686287,2116.44279286475,2316.0251906149,0
0.9,-1.90397762006626,1.72638082504272,-0.0643131095182651,43.8772144998244,4.902366061702,-1.63327790766753,1.02184765368911,35.862656345126,-25.3455778969754,-2.07658523170075,2092.41450825657,2316.0251906149,0
0.91,0.590473740842613,1.66766619682312,-0.179802309363735,46.688593293762,1.8468249415711,0.564760503524255,0.387468236760102,41.3818807605379,22.4703421227208,-1.02895791197209,2107.92782088452,2316.0251906149,0
0.92,1.1516377251434,1.53872215747833,0.21629042086354,47.7644113298334,-5.42053890210237,-1.04211725568866,-0.289886471723778,-42.7415615483833,-22.4858117989928,1.94442229216516,2131.59538357334,2316.0251906149,0
0.93,1.78492294072664,1.35074543952942,0.157142627181035,47.4301517695578,-2.47335877222724,1.69082754487664,0.683637316558178,42.8202912190587,21.8594401228969,-1.15544973227026,2165.10964963975,2316.0251906149,0
0.94,1.83670120721095,1.14007973670959,0.10730040780325,47.5711786588669,-10.8889543300676,-1.54832998987065,-1.04449959798638,-29.3036346752929,-39.5124157867072,2.28280397937599,2201.06432720467,2316.0251906149,0
0.95,-2.02471005191883,1.26465749740601,-0.0957710699756247,46.7354532620775,2.13698443141466,-1.08136388260159,-1.7578244780333,25.2994538385892,38.846179809631,-0.525553024880213,2175.70167708546,2316.0251906149,0
0.96,2.53966562981637,1.04068374633789,-0.0527057049822258,48.0583822841471,-0.386203097723443,-0.32021059271827,-2.47234784936598,-5.24855068298023,-47.7162262417547,3.01910304267371,2220.65292716695,2316.0251906149,0
0.97,0.615897917292826,0.93426513671875,0.276377213175329,47.7902797192067,-9.99855909178313,-0.113249205034116,0.602763089026946,-31.5617819160759,37.3977335136056,0.505066473748016,2235.96552627941,2316.0251906149,0
0.98,-1.18722601149183,1.00593233108521,-0.0161414355618128,44.8766434425679,3.94422626893064,0.81937974695167,0.965374462460362,-30.0183031815019,-34.0628227269793,2.49755283301407,2222.00846462312,2316.0251906149,0
0.99,0.381218808342502,0.947052597999573,-0.0622178034834314,47.957332355373,0.509642727053323,0.0112195446013201,0.413976273906218,0.457641324509658,47.998701407822,-0.0155998604839246,2235.21666335294,2316.0251906149,0
1,-0.583574627616903,0.966839671134949,-0.0502592318194281,47.6034273546722,1.93516938096012,-0.361900566470801,0.557375631511756,27.0010961496705,-39.6480256577832,-2.49580853515864,2231.00160349528,2316.0251906149,0
1.01,-2.27167915041317,1.13400614261627,-0.266442470618393,41.0917028416572,7.14786233088021,1.99234499490447,-0.974669246045403,-35.7008528794424,22.2874422622351,1.18340842716905,2201.73873357216,2316.0251906149,0
1.02,-1.38566938639819,1.22736823558807,-0.0510029815744277,47.4853825463402,0.788032067447194,-1.30064567059644,0.011513906761657,47.9989494558871,-0.458116953180276,-1.57346167037386,2189.25433791311,2316.0251906149,0
1.03,2.53620964926344,0.99871414899826,0.217868453118819,48.0494123186214,-7.38936798394019,-2.29698526356489,-1.07472629539295,-38.6877042895472,-29.3399849880964,2.06831794625818,2233.34922836429,2316.0251906149,0
1.04,2.24605264647581,0.745583236217499,0.145386212778273,48.2322359146671,-8.43713206442864,0.725746339070004,2.17917655916843,4.69754107501324,48.3714578069469,-0.253980188872875,2275.31778491456,2316.0251906149,0
1.05,1.73332422723326,0.543753504753113,0.229863589353247,47.7377230832648,-4.76939797313867,1.16993684744289,-1.17628554946918,38.6915658441301,-28.7636255897622,-2.30384772124332,2307.77287410138,2316.0251906149,0
1.06,-0.380228404781412,0.516488909721375,0.254496441858687,48.1751242579517,-5.2171572161498,0.194315700294407,-0.311762061620049,-17.8882052782296,44.8361130417699,0.273250559251811,2309.43371503389,2316.0251906149,0
1.07,1.79240395392251,0.317853003740311,0.0862234304623928,47.6172454579304,-7.05274723070755,1.83699354331368,-0.0339563414466146,47.5672172318085,9.13215443367005,-1.51538133620229,2345.26248581947,2316.0251906149,0
1.08,-2.88272034525481,0.511638581752777,-0.0966867410402472,42.4470744102797,3.6157756884595,0.596377485471024,2.84202676189105,-11.5505335405912,-41.0744289371727,2.96539382240875,2306.20702602241,2316.0251906149,0
1.09,0.976557228398062,0.413113862276077,0.224069122382816,47.3044899902367,-7.55527916187047,-0.841542253348275,0.583691306720594,-45.8357073590301,15.7704651491903,1.09962320149448,2328.2689059852,2316.0251906149,0
1.1,1.20654281177424,0.271298766136169,0.116478000561836,47.9536737227746,-6.60552711339797,0.755564817005526,0.862109375121485,21.2811080479251,43.5714170911294,-0.596732647837614,2351.4570844981,2316.0251906149,0
1.11,-2.49095734858656,0.422176867723465,-0.06172278890324,47.994679775669,4.53610159931702,-1.71498725240408,1.72185573483785,32.2464912651352,-35.802217312949,-2.3211343568323,2321.18383224835,2316.0251906149,0
1.12,0.141682736859451,0.399161964654923,-0.0396761945853973,48.0641937723387,4.04635376168258,-0.0648859966533653,-0.134859546576896,-42.1665737358304,-23.2488271883377,2.15392162990384,2328.63138331013,2316.0251906149,0
1.13,0.502460998929731,0.317014753818512,-0.0314585724838186,48.7208994745248,1.3886141691288,0.498988581335052,0.138895923694489,47.1805575873253,8.94259149460196,-1.35420924298864,2342.60535477773,2316.0251906149,0
1.14,0.343049987651919,0.243844866752625,0.00181466439282771,48.0760138352691,1.47458110854242,0.0688461398792167,-0.266929827169141,6.01989588387502,-47.6390003229396,-2.98862980480398,2354.12077375869,2316.0251906149,0
1.15,-0.337707822808691,0.235030680894852,0.0107232371329402,47.5171829151677,0.237651702970143,0.382235410195795,0.0446284931808501,-47.6065200741995,-6.13485589153362,1.7016889772764,2354.08089397882,2316.0251906149,0
1.16,0.150691326423393,0.188110023736954,0.0821740722774919,48.1429084964048,-3.04318651177603,0.0428812093500268,0.14432458203186,-9.82013468460095,47.0946800271004,0.138669178240188,2362.27654945551,2316.0251906149,0
1.17,-2.94046866481367,0.39214676618576,-0.216690947559081,43.8011845561043,11.1523793869561,-2.87729206459609,0.129254453065866,44.0487550868918,-9.42966789020964,-1.5365402984978,2323.78853010162,2316.0251906149,0
1.18,-0.994156271895216,0.461310714483261,-0.0092095189157749,48.4808945404377,5.80066672995981,0.367483452206541,0.923058831638174,-17.8390060595068,-45.0357883719123,2.89936251418194,2315.40507901997,2316.0251906149,0
1.19,-1.00460563656559,0.51030045747757,0.0496049035785809,48.0198388653803,4.98013079156839,0.825487246891163,-0.678211702240174,-37.1478758160204,30.9095210111587,0.992953307820368,2307.4403526062,2316.0251906149,0
1.2,-2.24400535264242,0.661620438098907,-0.0420071063982331,48.1803542660328,3.77537377938525,-0.637518056314331,2.14681157506363,11.87596671612,-46.6354655630868,-2.82047756480455,2281.00819650963,2316.0251906149,0
1.21,0.0743617292781917,0.633496046066284,0.194408605635526,47.914689840703,-2.3448453647122,-0.101060207602412,0.0534094788211677,-47.2775866599067,8.43328510280274,1.36275531153927,2289.20350166571,2316.0251906149,0
1.22,2.12305492249087,0.42382949590683,0.26476239693781,47.844013701688,-5.74300222597036,1.17699035955726,1.6121478651783,20.7042417663935,43.7261809789399,-0.567673516511019,2326.59515030331,2316.0251906149,0
1.23,-0.251204888687242,0.380253076553345,0.0634397051224712,47.7933651175594,-0.172638749075002,-0.141678383309617,0.172209332235656,33.4496983765233,-34.4430692148199,-2.34793746280592,2330.3476759431,2316.0251906149,0
1.24,1.52504000360174,0.207050323486328,0.115510358400686,47.9522400935938,-1.53338588952653,-1.20644882386078,-1.01907430808383,-35.9069583274447,-31.8614184018099,2.28244530999206,2361.34928383445,2316.0251906149,0
1.25,1.71161544741107,0.000257134437561035,0.301392585079477,48.3282979685808,-5.90026644077032,-1.27285682319705,1.24671933042237,-40.6680326602849,26.2536028016674,0.867941912793108,2395.14585972715,2316.0251906149,0
1.26,-2.16701013177447,0.114482849836349,-0.261204713797026,47.8267900633055,5.5553053134546,-1.13134001522836,-1.7772633466343,28.0381725394225,39.2730744894246,-0.517228357665917,2369.91149599309,2316.0251906149,0
1.27,0.306030567278172,0.0625611245632172,-0.049275220839459,47.9085702966088,-1.88724450713494,-0.208498389596145,-0.277098738936921,-25.992192122874,-40.363570938249,2.5507111445722,2381.60275015897,2316.0251906149,0
1.28,-3.3253950708836,0.290624141693115,-0.18118564066151,46.2550638635213,9.98093370802561,2.62703293560967,-1.92716986121019,-34.0211594896433,33.2533046073166,0.998943850022385,2338.2830868536,2316.0251906149,0
1.29,-0.296991429271167,0.323623418807983,-0.104174559846141,47.6589275238116,3.37770326526712,-0.32170398603071,-0.278603495317838,33.7259535331947,34.2766633128049,-0.717245138337093,2336.7020130721,2316.0251906149,0
1.3,-1.7563513955627,0.441678732633591,-0.137211424639682,45.95470276443,6.61530537014778,-0.910101720291822,1.52222329464092,21.0219247846418,-41.6310171770323,-2.51762735716255,2315.13643382803,2316.0251906149,0
1.31,0.873761324043289,0.354661047458649,-0.00955988101005459,48.2301286397545,-1.59741296812556,-0.768351895662549,-0.291644096371406,-44.2320025385076,-18.6598284900825,1.95309276696602,2333.4433134818,2316.0251906149,0
1.32,1.85992448056092,0.157100021839142,0.245239672237475,48.4512325438523,-8.124426184367,-0.431538095468739,1.74993644071184,-23.4074481902079,42.6910131254606,0.33333795732418,2367.1832676211,2316.0251906149,0
1.33,-1.32721425141348,0.226287305355072,-0.109557450841795,47.8637102796009,2.7642628336513,-1.44468053866906,-0.448869592733063,46.1921500372629,13.3971434341696,-1.22541006365556,2350.36823791207,2316.0251906149,0
1.34,-0.314375697904475,0.216579675674438,-0.0510038984288803,48.3534944876798,3.04560848029452,0.28841179679479,-0.0348860301521013,-48.0619834514736,-1.72972040456422,1.66900257007955,2353.66831005043,2316.0251906149,0
1.35,0.205528082220293,0.156119823455811,-0.0872922820359234,48.2787828549888,0.870121731625268,-0.043517977047644,0.23948593352669,-4.56311811174136,47.7883577297213,0.110635040854713,2363.91852109863,2316.0251906149,0
1.36,-1.79688469748482,0.255092948675156,-0.096572961928364,48.1419316938229,7.87424558305253,-1.72387582684541,0.00685818340987512,48.4842286986551,-3.3471864836722,-1.48247454943878,2344.33061632083,2316.0251906149,0
1.37,-0.951526490291003,0.309214323759079,-0.108549488655816,48.0808157886965,0.756021437699811,0.0657713553593726,1.00507465194477,-2.9400593656983,-47.9260445232276,3.10625258729506,2336.35301366119,2316.0251906149,0
1.38,1.8058581263462,0.128856152296066,-0.00201067658472145,47.9424563214382,-2.93767078340881,-1.77579527982416,0.178423791463605,-48.0947821609372,0.127474696860439,1.50529852996519,2369.89878227053,2316.0251906149,0
1.39,-2.37754374996302,0.271080434322357,0.0442331153236066,47.5140719431536,7.96568416543805,-0.36773527572987,-2.40497609540585,11.9134926114117,47.1791404770582,-0.0824469604459321,2339.81468685497,2316.0251906149,0
1.4,1.6076394794803,0.123265862464905,0.152873345088492,48.0659895219736,-5.46026155142065,1.56378746857592,-0.266285253500046,48.285120538076,0.339289306696991,-1.67272236046045,2369.83347528607,2316.0251906149,0
1.41,1.69733785172743,-0.0870831906795502,0.120364807058992,48.1491863244898,-5.9976293210787,-1.74143171708421,0.272085927531267,-48.309051411843,-1.21616083751448,1.480037985854,2404.17464513402,2316.0251906149,0
1.42,-0.500428470965328,-0.107161313295364,-0.213216190655087,48.0936967611358,3.97546571874826,0.0478130226540859,-0.537343260808069,-7.8843934165898,47.5331010410368,0.251454025482395,2403.22481083917,2316.0251906149,0
1.43,-3.46377497940085,0.142686277627945,-0.127064330120869,45.7062608310818,9.4162200771303,-3.19936493208584,-1.21462484381003,45.2967409825702,10.2426236293464,-1.1519832980841,2357.0395578901,2316.0251906149,0
1.44,-1.52920541140521,0.2572882771492,0.0222146539993917,48.4415771679989,1.72517422000733,-0.472211940585991,1.33869093188532,15.8478015447948,-45.3193083675354,-2.78443986934394,2340.91768132336,2316.0251906149,0
1.45,0.965761322999582,0.146597355604172,0.0985418984458242,48.6351086563877,-3.26556973385775,-1.00075769972698,-0.253271617383388,-44.49266732322,-18.3615539159889,1.8879558508696,2362.58036140461,2316.0251906149,0
1.46,0.881645177681614,0.0219478011131287,0.155268579108499,48.2298799419275,-5.74304770896013,-0.28772594869069,0.87588067991651,-24.7699263343664,41.4439429698559,0.430577338632181,2382.34642524959,2316.0251906149,0
1.47,-2.26335003276917,0.1524338722229,-0.173056890468863,48.3428552922045,4.8765694259704,-1.92694313698629,-0.966405244788657,44.3480566934157,19.1221689674965,-1.05311364546807,2355.76953952519,2316.0251906149,0
1.48,1.13663421508066,0.0340368151664734,0.135598276392413,48.0866322981521,-3.22352693483143,-1.12230284937965,-0.391650317081368,-43.3807526286833,-20.7506377390938,1.95637562372577,2379.97941042335,2316.0251906149,0
1.49,-3.25795616387341,0.246574983000755,-0.244469784586104,46.3070975158426,5.89629484574571,1.10133264832308,-2.97493906073534,-11.974013102037,45.0663442410024,0.398158419158368,2337.9312586469,2316.0251906149,0
1.5,-0.219940067336176,0.268587946891785,0.00525441268013778,48.4488915362354,3.72151062207916,-0.33898057443854,-0.000287307649866994,47.4759295554274,8.19974074553476,-1.31358305281419,2338.38098214313,2316.0251906149,0
1.51,-1.3383971431777,0.352389514446259,-0.0668074891582163,47.8539117192212,2.43920096406336,-0.0360916788318206,1.43153186839958,0.643675691217169,-48.0534257265431,-3.07917518634611,2322.83711917631,2316.0251906149,0
1.52,-3.10745873292439,0.574561774730682,-0.268047884704484,48.2206424789572,10.022292356589,2.834565908252,-1.20443877116499,-42.0413629448256,25.3229878571525,1.23871993106123,2284.16703915062,2316.0251906149,0
1.53,-1.35858397790949,0.684170126914978,0.129551160034704,47.7338613735145,-1.37728613428411,-1.07997243748501,-0.84985401566111,37.1889179409938,29.9317573116577,-0.924914367848876,2268.86168965855,2316.0251906149,0
1.54,0.379741794956387,0.629826903343201,0.117787958387906,48.1526611539154,-2.35666452052016,-0.040142168007881,-0.327496700529311,4.63953911753286,-47.8476421761435,-3.0996878017538,2280.7090066528,2316.0251906149,0
1.55,0.311961044956158,0.561326622962952,0.112267483008866,48.5146276983438,-1.13766626515298,0.236913226004054,0.251644453013099,29.4226900580783,37.9448658779907,-0.685137852121658,2292.13332059108,2316.0251906149,0
1.56,2.06045807464386,0.341050922870636,0.10957148663734,47.6376292371645,-5.86746072288401,1.00318880633418,-1.85295702925003,30.2164527189067,-37.7545977121233,-2.588309729462,2331.28224234174,2316.0251906149,0
1.57,-0.123921205800669,0.28727975487709,-0.064838719058185,47.9188577109984,4.71341282773396,0.130890248140797,-0.0448513102124089,-46.1514198695176,-13.9057467788075,1.95477690623119,2336.56181663614,2316.0251906149,0
1.58,-1.86414462385529,0.389492899179459,-0.222366110350661,48.3163610075853,6.82662757644981,0.156788184547253,-1.82582786027514,-1.20631839478256,48.4382604286904,0.161790295392,2317.22157348785,2316.0251906149,0
1.59,-2.40992370082561,0.55354630947113,-0.0540021111218883,48.2600537530374,4.37403718738155,-2.29111462386353,0.646585910168949,45.6285346482138,-15.6058057283144,-1.80403205373016,2289.62764360925,2316.0251906149,0
1.6,-1.00103381146699,0.620081305503845,0.0347660451394812,48.0019990447856,-1.65836197409721,0.707928832556626,0.801166623898957,-31.6166220056884,-36.1777847039347,2.3794879243448,2280.80936934306,2316.0251906149,0
1.61,0.498951719838673,0.552759170532227,-0.161374033809501,48.1532136604632,0.0742446096277027,-0.152590971764888,0.474221480482498,-13.7181055984379,45.9997981825001,0.29835909015477,2294.21131945077,2316.0251906149,0
1.62,-0.798896137733618,0.578395307064056,0.116558218563286,45.7533658167835,1.93772480081032,0.309037924179634,0.666241965481635,-19.0336442786661,-42.2823134910773,2.74741374948756,2288.26278660961,2316.0251906149,0
1.63,0.381230036310286,0.522202432155609,-0.0181568828185076,47.8892994188806,-0.0977051400021181,-0.209059989394158,0.246562966619596,-31.5558266134009,36.1701887034683,0.712585946629101,2299.39401213257,2316.0251906149,0
1.64,1.13561785438566,0.384488105773926,0.0945455882385222,47.9852911241109,-5.21892284103241,1.03480518072565,0.305616799524021,42.7944813281238,22.2896366258939,-1.19272629006183,2323.41470013442,2316.0251906149,0
1.65,-2.00166526190484,0.488885462284088,-0.104165143725196,47.5878235515772,3.62229613097422,-0.0259489433082577,1.98414903673313,-0.993720654040208,-48.1152979808192,-3.08999149540344,2301.80730724289,2316.0251906149,0
1.66,-1.5519336226591,0.605778694152832,-0.031849285610577,47.0754304022028,-0.286130537021563,1.45458264434897,-0.642891039241029,-43.1859917245671,18.6979217754236,1.14711814629106,2283.18767437473,2316.0251906149,0
1.67,-1.16799596118481,0.679046928882599,-0.0822473238158176,47.7549025386059,-0.979704365519691,-0.931137600803856,-0.591494641569637,40.2515983002606,25.7149599318182,-1.00763293196127,2272.1036174367,2316.0251906149,0
1.68,1.61834036552415,0.519831836223602,-0.0317494978122673,47.9062573342377,-1.3709636144074,0.0692373008750253,-1.63895355691408,3.108737503591,-47.9033544144831,-3.08989045108117,2302.65865282103,2316.0251906149,0
1.69,-0.390651122211531,0.500162899494171,-0.0353098005265403,48.7297952548808,4.43077543725134,0.337915787785653,-0.225105820293914,-43.5527031883233,20.718606605231,1.22439047497254,2302.95433052107,2316.0251906149,0
1.7,-0.413689604564565,0.493658065795898,-0.0736054806508614,47.591985053235,4.50274060125863,-0.146164752493219,0.382222551784049,23.9162731081937,-41.9205151228175,-2.5186906603912,2304.25374904704,2316.0251906149,0
1.71,1.94715974792752,0.281602799892426,0.00776586771308524,47.5510641463688,0.0656265752895451,-1.81579239488376,-0.731300463436486,-44.8971514176165,-16.992678444654,1.94742311135904,2342.78657495428,2316.0251906149,0
1.72,0.187461567390241,0.204516008496284,0.00634420796417545,48.2409885793546,0.104279694985155,-0.0306575509094919,0.0988301586940415,-14.645123377323,45.7114687395524,0.307253164324317,2352.34859804693,2316.0251906149,0
1.73,-2.72162494504868,0.38993775844574,-0.282117816593233,47.9080520343679,7.32972623585363,-2.73746520318172,-0.25591621864648,48.4464287586686,0.334643993060833,-1.42785370401911,2317.42351956979,2316.0251906149,0
1.74,-1.64776303167304,0.5145503282547,-0.0600835013054276,48.3348035021564,4.69686310148473,0.451281248847961,1.5771485420391,-15.0855421218609,-45.8154206561047,2.92228130332728,2298.55922541469,2316.0251906149,0
1.75,0.462318367062679,0.461867928504944,0.17166097473807,48.0079204669828,-4.5446099741425,-0.281575744882348,0.294934124537479,-41.7178845277591,24.075672148237,0.964187594231998,2310.21139675726,2316.0251906149,0
1.76,-1.85088424949974,0.573187232017517,-0.110377175934018,44.724067602958,2.85457321974106,-1.53553898299412,-0.840047420494716,40.1750962458357,20.2943561620955,-1.03019893732962,2288.74102749767,2316.0251906149,0
1.77,-1.72634016146435,0.701837778091431,0.00616169745292243,47.6903154280455,5.22098475512399,1.6774046874259,-0.528240025494269,-44.954068107265,16.2564545302444,1.3231746924463,2267.87479547429,2316.0251906149,0
1.78,-0.389277832142059,0.701618075370789,0.103370870353703,48.2773126712784,2.76471603616006,-0.339240960913426,-0.218302023751133,38.5940971629321,28.6073415385925,-0.89189096506603,2270.74336905389,2316.0251906149,0
1.79,-0.273341012842912,0.678900122642517,0.0773958327063503,48.3245284108533,-1.87098348816313,-0.0483411522603974,0.18716659963277,4.71453493074382,-47.8012554755126,-3.08045685110396,2275.04079430434,2316.0251906149,0
1.8,0.275414603946901,0.613915026187897,0.171649666472589,48.1954882723285,-4.44029148559075,-0.272612054563551,0.250710529946209,-44.294661052246,19.0176603025439,1.07307288710764,2286.70782783624,2316.0251906149,0
1.81,0.196947524797852,0.555096447467804,-0.00884269153439911,48.3677809428269,-0.481894854287806,0.201335610912026,0.121385871695999,39.4797702512258,27.3076864129239,-0.978204597745616,2296.37286379923,2316.0251906149,0
1.82,-2.40140338092536,0.720860779285431,-0.0697912681338429,45.6953631949267,5.68305386856565,0.05880346170513,2.41121862508554,-4.98588760360599,-46.0380529276051,-3.10883905818834,2265.360010836,2316.0251906149,0
1.83,0.0381996174429589,0.699526071548462,-0.125550709613501,48.0864744317711,0.662356142490386,-0.0381827906061184,-0.00177273062650576,-38.6727156164116,28.4521711524094,0.958395287917428,2273.21998241602,2316.0251906149,0
1.84,0.571966702437297,0.618278384208679,0.0175452490076617,47.3137795566326,-3.24735654146794,0.0165954734732279,-0.488164868752804,12.4389231504028,-46.4987467192565,-2.95477450082196,2287.48737048247,2316.0251906149,0
1.85,-1.76733855049088,0.727822184562683,-0.147250888703392,45.8851978869451,6.79955378283606,1.55995101482922,-0.818764305975453,-39.6566719377353,24.4347619427369,1.1685754479498,2266.37292717109,2316.0251906149,0
1.86,1.97096288308746,0.542089462280273,0.095869765567644,48.2524977167004,-8.56622706809507,1.69652380878666,1.02056691732988,33.1154709908168,35.9513704472606,-0.934271303452056,2302.91046623531,2316.0251906149,0
1.87,0.128215854246827,0.478790372610092,0.0155607510329357,48.3311342956526,2.95054129484345,0.0575338509342468,-0.0482984327321322,10.7261003985203,-46.8302438856879,-2.87416731879951,2310.42576555748,2316.0251906149,0
1.88,1.09043625971053,0.34415939450264,0.026240288197191,48.0676749720758,-3.12553959914695,-1.14651192715437,0.051574581105743,-47.9541141835086,-3.92090413980437,1.58348391092015,2334.25832832198,2316.0251906149,0
1.89,-2.880714133453,0.525093555450439,-0.272519483055845,47.88654706608,10.237939285254,-1.01918791735751,-2.67111284747513,23.8144974067251,43.0255279722036,-0.286345251211663,2298.61798686408,2316.0251906149,0
1.9,-2.1758184153861,0.695248007774353,0.0195680857941413,47.6824685412177,1.14600666934871,-1.48500634097585,1.61179560081786,32.1538324563245,-35.6543854751772,-2.38588520099672,2271.89067672679,2316.0251906149,0
1.91,-1.97036284874199,0.846408903598785,-0.121905240974443,47.2521915853928,2.57719141619403,-0.393853563249054,-1.94471725806017,10.7822566859271,46.2164047381973,-0.168865785494079,2247.62108205543,2316.0251906149,0
1.92,2.26170504152656,0.651051998138428,0.0801618231571083,48.1370894017376,-8.02983116173849,1.34495617319507,-1.71699160331338,38.2762654152785,-30.0538062564933,-2.40196894423682,2286.44283450399,2316.0251906149,0
1.93,1.60458427205575,0.449995070695877,-0.12691355910652,48.4047224047647,1.14853074585413,-1.51745852354866,-0.556843586848661,-45.5001182613709,-15.3116546148037,1.91293335154345,2318.90832893534,2316.0251906149,0
1.94,1.49395562122884,0.272053718566895,0.0374606160089847,47.9008685242112,0.564210154521229,-0.219358019505482,1.39161503643589,-8.92686114496985,47.1705335963251,0.1690174025593,2347.71295663996,2316.0251906149,0
1.95,-0.382616234215689,0.237600460648537,-0.122518195231352,48.1258096142656,4.57818514058227,-0.376280970759275,0.0375094831175905,48.1212262481736,1.58140316744336,-1.45972846243143,2350.58813912762,2316.0251906149,0
1.96,1.15413780843595,0.0992649793624878,0.0955987619217692,48.3104474333995,0.332352288233526,0.169330054480363,-1.11624331595283,7.48070169484355,-47.4137529836783,-2.9883931100428,2375.07431575781,2316.0251906149,0
1.97,-1.68361582523845,0.178210556507111,-0.153975463248995,48.6265801813095,9.77778673366144,1.65591808500849,0.166501988148879,-48.9460303251719,-1.08727475105732,1.79116828490212,2357.47223331986,2316.0251906149,0
1.98,-0.227459205504759,0.162269413471222,-0.00281832823024702,47.7802919735321,4.58446526318294,-0.205541156893049,0.0928864336463067,48.1196947461935,-3.36686990854659,-1.54141135776619,2361.95306843093,2316.0251906149,0
1.99,-2.0240540264334,0.274739772081375,-0.177319747652657,47.7074432021676,0.329106750594945,0.0592914055012908,1.93522399456247,-1.88620199460748,-47.9780584405058,3.12739642351353,2340.54825950558,2316.0251906149,0
2,-1.90538829098576,0.40268811583519,-0.160539252924789,48.3562779371427,6.23812128038487,1.88279232945918,-0.538145678318545,-45.6446025383609,15.9870178024182,1.35655718544556,2319.41970898233,2316.0251906149,0
2.01,-2.98841816456051,0.62728214263916,-0.0784836191697564,48.2762107115634,5.57175709294124,-1.87758217734939,-2.35747826386058,32.9378936792404,35.3636412784291,-0.633514272982638,2281.01836039682,2316.0251906149,0
2.02,-2.53829245172845,0.829228401184082,-0.347947191419075,47.042932958451,6.53204731947895,-0.509755925680087,2.45774932587025,5.66806841672792,-46.9688958825962,-2.88293897236066,2248.73998864258,2316.0251906149,0
2.03,1.16485129780078,0.730449557304382,0.0422791546218075,48.2588786395528,-2.58473334606261,-0.978219249786737,0.535915402569516,-44.1590151140879,18.9718995029852,1.11423217209539,2270.7218037806,2316.0251906149,0
2.04,-0.8643206148371,0.750538229942322,-0.0128353468514914,47.6043214579698,5.18843682671665,-0.844727386387326,-0.299036383704898,45.2823467913907,16.7286256995105,-1.11040558324669,2265.08579638047,2316.0251906149,0
2.05,0.457254918302696,0.671657621860504,0.0994586709442214,48.1622869626129,-4.55105325522106,-0.429790282607114,0.270579930872407,-46.5199939670125,12.7584903543777,1.20377640281395,2280.53645689431,2316.0251906149,0
2.06,0.328381540347826,0.59059727191925,-0.0556187303841719,47.9980461729344,-0.83505386688522,0.369982839920462,0.275004747035237,36.2573948590531,31.4740255210653,-0.878844403917891,2293.95476575193,2316.0251906149,0
2.07,0.700177741664968,0.501266181468964,0.0990358738379397,48.4131382295924,-5.22199830305497,0.0638815179412032,-0.583110270061455,18.3178952746565,-44.6538114392522,-2.8571411973402,2308.90275385999,2316.0251906149,0
2.08,-0.231942637649399,0.470813304185867,0.0753638814672268,47.8529476806555,-2.5092338086076,0.194876533613765,0.0406329738270131,-48.0724251688286,-0.0334020470290928,1.51658752844955,2312.87433051191,2316.0251906149,0
2.09,-2.86381472293429,0.675693273544312,-0.270434384921138,48.1309891612259,6.80806765573254,-1.58284647384815,-2.4648771869571,30.0908396505757,38.0987549973068,-0.518012494630369,2275.1447248625,2316.0251906149,0
2.1,-1.92650901843306,0.822167754173279,-0.174496080172914,47.9648296824365,6.09262969534467,-0.579391665666782,1.84824604032222,11.6874051030894,-46.9513037231803,-2.77153833652633,2253.23429235954,2316.0251906149,0
2.11,-1.91861291939691,0.966610789299011,-0.00853588208325406,45.9651433153824,6.00628991581509,1.6199168635927,-0.98253977636568,-37.862435000935,26.5980344168526,1.09261138026744,2230.06821042072,2316.0251906149,0
2.12,-1.77308880695079,1.10065221786499,0.0677914910422669,44.6006728547883,2.46746700427897,-1.73141683177799,-0.0862265770077612,44.9812396010271,1.17839004330474,-1.48886382844628,2208.81074307533,2316.0251906149,0
2.13,2.48525096585667,0.867094874382019,0.281805541121117,47.8542401428876,-9.91412665701812,-1.09792706814041,2.33215452511919,-32.9601594934514,36.4136968275412,0.522127020566314,2254.68769357788,2316.0251906149,0
2.14,1.84043757120974,0.65075957775116,0.077981873421826,47.9757637516417,-5.34893595962137,1.76394382649601,-0.285960539396806,48.2773593613906,0.388687445081016,-1.67028993530306,2289.44879415407,2316.0251906149,0
2.15,-2.47803862310272,0.813278496265411,0.00819420647540971,42.3616999548165,1.2486105957304,1.65959632873011,1.84760817645285,-29.1578005616136,-31.0933024265305,2.42445902879915,2256.62536464608,2316.0251906149,0
2.16,-2.02125630408144,0.962104141712189,-0.105580070442602,46.9187965955958,6.16689602367824,-0.0655545593830542,-1.89517414437648,4.43738608463851,47.0518173492575,0.0310869443747593,2233.53135759408,2316.0251906149,0
2.17,-1.01942066805599,1.03053784370422,0.062871801241287,48.4999862194461,-4.04195551636296,-0.731719506897122,0.798437743478805,32.9592228996493,-35.1691848985476,-2.47961349691637,2224.57095888507,2316.0251906149,0
2.18,1.19410198614881,0.913086771965027,0.151500581844123,47.8426382250789,-9.69712689638255,-1.02375763519637,0.44481043352743,-49.0433368846476,0.879318979712705,1.34546564646524,2247.66699165062,2316.0251906149,0
2.19,1.34046169337231,0.765329420566559,-0.0882936190735793,48.0629665318592,-2.8854262171217,1.03585987696307,0.701932750323066,37.1524257550285,30.4920366166434,-0.934813873085958,2272.71157451586,2316.0251906149,0
2.2,-2.37206382297669,0.914126932621002,-0.242810560343598,47.4400111965987,6.32582780579467,2.20360238700601,-0.834614640194174,-43.478059401524,20.6435648913673,1.27042105338621,2243.33793273792,2316.0251906149,0
2.21,-2.42758948628371,1.11048090457916,0.0339193020492383,47.8786328814899,1.50141312659983,-2.37877953294589,-0.75144890236984,45.5229907537121,13.5913340438294,-1.25223294179099,2211.75263457023,2316.0251906149,0
2.22,-2.43880837388891,1.31638622283936,-0.119883288771932,42.7010903363404,12.3618944694881,2.07046730948402,1.41683810440672,-40.2717117700371,-18.0550137439064,2.27052285192701,2178.52424584828,2316.0251906149,0
2.23,0.604990467391818,1.25013172626495,-0.0308664231014011,48.0783115590202,-4.21235297031651,0.453401841559115,0.552810217691769,20.9434724680128,43.4538939757319,-0.548422398390487,2195.59325969348,2316.0251906149,0
2.24,2.05789529905423,1.03604280948639,0.0742132321705272,47.917438630864,-3.0839214954293,-0.109016655289904,-2.08408168139635,2.07840853531625,-48.0531046515659,3.12096106972177,2233.72922537098,2316.0251906149,0
2.25,-2.66284751767853,1.18534028530121,-0.113954628604718,47.9638912097582,8.51953639101967,1.10360433219911,-2.24848382656064,-16.4511200270047,46.0291152497957,0.533367830268559,2203.19048942998,2316.0251906149,0
2.26,-0.887843177294757,1.25422930717468,0.0753850058076669,46.086495657779,-0.986511291385006,-0.708705252795731,0.486092068776377,37.7031649482737,-25.8994665477069,-2.19610879667186,2195.28038612307,2316.0251906149,0
2.27,2.61525705029961,1.01620638370514,0.148575662458226,47.7961704136846,-5.78838642771299,-2.59272346796267,0.316746764749994,-48.3005599346599,-2.16958887391928,1.49541447388781,2240.59108247589,2316.0251906149,0
2.28,-1.10843517410466,1.04838871955872,0.0115662076703434,47.5154220099705,6.79559916443598,-0.300111585176731,1.09292844304256,12.0838622962067,-46.9658717912926,-2.74669277238576,2230.4399195022,2316.0251906149,0
2.29,-0.340751079144485,1.06253218650818,0.0145516940401446,47.1615869492976,-2.41932047312249,0.372162047787741,-0.16304499233377,-42.2319586392544,22.2247585467548,1.03398822928037,2229.85840436155,2316.0251906149,0
2.3,-1.5864358641724,1.16776061058044,0.0197087941572989,44.9229762187362,3.82701968733239,-1.55462935209597,0.0393877428905745,44.9536527997518,-2.79167058434525,-1.53815673989708,2211.47866920555,2316.0251906149,0
2.31,-0.759318128987652,1.20846724510193,0.0793017291104837,48.4047583349562,-2.49643041091667,0.648377002298235,0.404705319090679,-40.8707950734926,-25.2221524861837,2.09026501055628,2207.19159307508,2316.0251906149,0
2.32,2.09668270227588,0.99328476190567,0.206443263538752,48.1695550876518,-8.23068969052759,1.0814033623885,1.93300821751102,12.4019841287017,47.1308988721602,-0.431237224681909,2247.74494930456,2316.0251906149,0
2.33,2.35290626419102,0.736930787563324,0.084298233304277,47.7824961925259,-6.84797932737766,1.02100391995388,-2.15996006215918,28.5470445540153,-39.1203808771743,-2.64435008397215,2290.67099409971,2316.0251906149,0
2.34,-1.91862642933795,0.84286630153656,0.0142622275839898,46.8995834996232,6.71790143343606,1.93218028842245,-0.29019819152441,-45.6692844623385,10.2270378494827,1.49380744695853,2266.9208706729,2316.0251906149,0
2.35,1.95958318524596,0.661439597606659,-0.00841040732705424,48.2572706667475,-2.0841973811612,1.28319083129555,-1.40088863748562,33.6505335581276,-34.2461425958848,-2.38736896710636,2303.05012339234,2316.0251906149,0
2.36,-1.80698682083323,0.749251544475555,0.0886542339063929,47.5643007784267,0.667628599892763,1.69091198227696,0.480511802310349,-46.2329317803526,-12.9190162384732,1.85620474089428,2283.4133492392,2316.0251906149,0
2.37,-0.152897694604721,0.742203712463379,0.162833816503806,47.8154849883071,-7.06840800499484,0.096459264915306,-0.205688956887774,4.59112196258114,48.3117507760531,-0.242590830829865,2287.01027508153,2316.0251906149,0
2.38,-2.1437560954046,0.895466566085815,-0.153658006562724,47.1273219657716,8.04809215287522,-1.33656577486031,1.80342541796253,24.7262896792637,-40.7475620438671,-2.43124495403447,2258.95431508497,2316.0251906149,0
2.39,0.983995928610673,0.787900805473327,-0.123713955999759,47.2967143401036,0.410417025516372,-1.05466921585235,-0.0802130151710058,-47.8698232642013,-3.53310735533598,1.64557699733416,2282.25235914138,2316.0251906149,0
2.4,0.974775432496226,0.647147655487061,-0.145225513912666,48.0929550243232,0.625989052419086,0.379940017603791,0.941400401739041,18.3589600501571,44.3508355965183,-0.387906925427783,2305.51281682075,2316.0251906149,0
2.41,0.161408873969089,0.576375424861908,0.106629672145662,47.9697909792297,-2.99134117877969,0.0812888749769324,-0.159762764696722,37.9615655855922,-29.5457808686829,-2.29806554817532,2316.00749433348,2316.0251906149,0
2.42,-1.74290763428935,0.682667255401611,0.105415822730687,47.2902830616491,-0.0199732702761624,0.42775548039482,-1.67018590195185,-11.6419863894608,45.9000312763243,0.257141206568184,2295.71476538846,2316.0251906149,0
2.43,-0.176738127472779,0.676298201084137,0.100492585250997,48.3207652962257,2.64833605913465,-0.160416111288474,0.0764674547312115,46.7951027633925,-10.9346815468094,-1.75220347076254,2299.12044706434,2316.0251906149,0
2.44,-2.56227591373149,0.856461465358734,-0.151670259174354,47.8842816075769,7.59812711176678,1.84504586430012,1.82546619092278,-37.6588753717301,-30.7211850761756,2.41240913822436,2266.0960450925,2316.0251906149,0
2.45,0.625676035963029,0.781768202781677,-0.0588772542511554,47.8996960657848,2.12870846825567,-0.206350520290959,0.694093075587432,-9.54784238522267,47.0755144883786,0.237734042394544,2283.86468067644,2316.0251906149,0
2.46,0.35320553554976,0.697078108787537,0.296638779744966,47.7921403810445,-7.08024276199376,0.299453578255947,-0.220663441117225,48.2530410040759,-5.00141024329798,-1.81942783533524,2297.55196791429,2316.0251906149,0
2.47,-0.999513106794905,0.741490006446838,0.0853522645871986,48.0967939507128,-2.17692109960404,0.625461132272306,0.782466413308108,-29.897666318194,-37.6234015231403,2.42178534653647,2288.29796829065,2316.0251906149,0
2.48,-0.906779614980844,0.789822816848755,-0.0929558383127141,48.7901382551781,2.65122174751831,0.239153422066883,-0.906349749549717,-12.4127043862887,46.4469261243129,0.317724530219825,2280.74066038226,2316.0251906149,0
2.49,-2.30285620220574,0.951850295066833,-0.150152273629567,46.0337990085911,6.44766227526939,1.30554216458875,1.82753803406161,-30.1248965487671,-35.5540135267274,2.58459704392962,2252.31301213589,2316.0251906149,0
2.5,0.4082132817649,0.904625713825226,-0.05216279322548,47.9390917313148,0.113299890984482,-0.109756374454001,0.345417022446586,-13.5050676077959,46.061519843301,0.289883131366017,2264.69113150142,2316.0251906149,0
2.51,-1.37209171344154,-2.19471216201782,0.0308272340072831,48.3407837618978,-1.18698604411337,-1.25633255215449,0.504656004516884,44.7871418295447,-17.3604481839464,-1.97826004123058,2255.64070817403,1802.66815046801,0
2.52,-2.18109518720289,-2.0535044670105,-0.126244944370606,45.9852995896355,2.13167399244337,2.17125463957121,0.667000275607947,-43.9471063298549,-12.73144159121,1.88352092635112,2226.99554366978,1802.66815046801,0
2.53,-0.360012556397123,-2.06386947631836,-0.00335289003439865,48.1312646635553,0.0344542826990481,-0.248115243044392,-0.324848731051549,28.7055844612707,38.470757309137,-0.63898622413024,2227.8529323222,1802.66815046801,0
2.54,-0.80540011794802,-2.05964851379395,0.0640245434014124,48.3903167852791,-5.38147163028999,-0.0653831466755017,0.839913017656273,3.08636898110081,-48.1328948598958,3.10755868252943,2222.91109675013,1802.66815046801,0
2.55,-0.443920509191579,-2.07728099822998,0.010976868377459,46.7733221711415,0.678605259654215,0.196864045607542,-0.336519324306378,-24.2907192408874,40.2211804902523,0.551178368166968,2222.53695772425,1802.66815046801,0
2.56,-0.581311127671033,-2.0787193775177,-0.121532718225136,47.8788507591433,4.03244155469678,-0.537630911195246,0.359512127434171,41.1367976359144,-24.62434486685,-2.02000343162135,2218.74482022241,1802.66815046801,0
2.57,-4.49001871867357,-1.75540935993195,-0.0423465904346387,40.3843363260299,4.36657183135907,-1.55377823174471,-4.15745812088448,18.1842554927442,36.4017009031945,-0.331617908940621,2156.70434557514,1802.66815046801,0
2.58,-4.57880388299829,-1.38364088535309,-0.29878512752497,37.2336544450235,15.6992925536856,2.3205027584492,3.87288374388213,-30.1598979774,-26.1057910708599,2.67117467417786,2092.0987143739,1802.66815046801,0
2.59,-0.38607518732387,-1.34660995006561,-0.0760514454868147,42.0448997293954,0.471150876968632,-0.332466664419795,-0.26515501907113,32.5449462640177,27.2497204624385,-0.854090615876327,2089.6134308958,1802.66815046801,0
2.6,-1.55272170842474,-1.25722277164459,0.0598925097468585,40.2353815397922,-0.346537503081614,1.47208445556131,0.396781700182813,-38.9725730097073,-10.8430235855877,1.82801549322277,2070.98259211552,1802.66815046801,0
2.61,-2.66253070584567,-1.07571506500244,-0.163661782862371,45.6948596030657,3.74502907378626,-2.39239682781979,1.07648018580425,40.6772773692994,-20.7226062910682,-1.96542947231959,2037.39477960411,1802.66815046801,0
2.62,0.417593249108665,-1.14364945888519,0.0526016685742813,48.1052106943721,0.0819175900122494,-0.179102957457218,0.35778629876784,-20.8034818650119,43.2578649590526,0.451735485021064,2050.99324317142,1802.66815046801,0
2.63,-3.46245303039776,-0.896994352340698,0.085036497526714,35.3228825986461,6.51148366434757,1.46984697360705,3.15072776791894,-19.0105059846923,-30.3564894398511,2.74013192067338,2002.11730730912,1802.66815046801,0
2.64,-3.40789235124651,-0.611061811447144,-0.240462084683619,34.3731089251868,9.34046216820881,-3.40907149223761,0.346816472581821,34.1875129616578,-11.1371367182742,-1.61320634382381,1953.52179590851,1802.66815046801,0
2.65,0.156733579242624,-0.641379594802856,-0.120555117263028,47.9160341757804,-2.94592777181711,0.231619564733624,-0.0748673406375189,48.0909284341841,1.681155626432,-1.60657914939427,1963.06676030368,1802.66815046801,0
2.66,-2.40854506266498,-0.478529989719391,-0.283691341892518,38.3536698282466,5.85662138555505,0.115831450146659,-2.42537234478629,1.98698001575029,38.4604754268526,0.0977544462652823,1930.65641872028,1802.66815046801,0
2.67,-3.42029286145686,-0.203790038824081,0.0693891533516336,41.8131612649215,7.23996866071754,3.49697753752627,-0.382566537179301,-41.3123860315396,10.246463409934,1.50774324139268,1883.07724121673,1802.66815046801,0
2.68,0.611086843722404,-0.265444695949554,-0.019548637739823,47.1698294420029,-1.82185236807763,-0.260954450754935,-0.609359170594582,-13.9072669098581,-45.0564913609121,2.80047323933758,1898.75358254542,1802.66815046801,0
2.69,1.5167174185617,-0.443738102912903,-0.0613370129098519,48.0103086203691,-5.88702547230637,1.31216436776709,-0.758988913232362,45.6018028127769,-15.9457792500722,-2.02040777906174,1928.37307983245,1802.66815046801,0
2.7,-1.20365374219665,-0.389352798461914,-0.092064499124097,39.3133269664147,4.01483072285972,-0.682731597510771,-1.02821888029777,23.405129854372,32.0944259991524,-0.503190690875971,1914.29761506947,1802.66815046801,0
2.71,-0.937877095458088,-0.347270846366882,-0.2011498072176,41.7485381540863,3.7835642480161,0.602657741744929,-0.560116842157986,-31.3262507379795,28.7649398402561,0.935825768856097,1907.01498400272,1802.66815046801,0
2.72,1.17481941183395,-0.48183998465538,0.151133149217363,48.0080149902922,-3.27191217651495,-0.807732930365261,-0.842861628792935,-28.427136343318,-38.8316562934064,2.43762906796017,1931.28137234218,1802.66815046801,0
2.73,-3.8913035406731,-0.203492939472198,-0.338999726317516,34.7527772179265,10.5418066347224,3.54413921372964,1.57755300531858,-35.6153398381171,-6.33542553895343,2.04722526377383,1876.53726863678,1802.66815046801,0
2.74,1.33532118384315,-0.322798013687134,0.0639796919329056,47.6108074917339,-6.23113426395771,0.134170937444012,-1.38698852194325,15.4985615102312,-45.8918102202462,-2.95051911204388,1903.80374098927,1802.66815046801,0
2.75,-3.34983855989453,-0.0920816659927368,0.0177712445628033,38.8336007750297,7.16686051554216,-3.30498576031335,0.676796858707807,37.1217554143998,-12.9822484659938,-1.73021140856258,1858.05697478377,1802.66815046801,0
2.76,-2.80847541327818,0.139736026525497,-0.0705625706455792,35.4364672671207,4.40570977417702,-2.05759989486724,-1.79896237933801,28.7557122044671,20.8745465074554,-0.817819806364396,1820.11895941101,1802.66815046801,0
2.77,-0.424238903392319,0.161931067705154,0.00701173373730424,46.6768765382623,-2.39398664887236,0.0350467481969046,-0.429115315728442,-0.813577584970182,46.6339339387625,-0.0434047278390735,1820.00816963544,1802.66815046801,0
2.78,-2.03744871102919,0.320179104804993,-0.147912587370631,33.7672949359811,1.16099206148008,1.21317718229792,-1.73452782944908,-18.4905519223808,28.0113949754097,0.625032721090037,1791.27229100042,1802.66815046801,0
2.79,0.975555024338792,0.23245507478714,-0.0551480051100579,42.7398529170732,-3.75700364464477,-0.87132478691706,0.337241469721456,-41.5825220948542,10.6383006761864,1.25829930029723,1810.30802398227,1802.66815046801,0
2.8,-1.86558355922536,0.363139420747757,0.0056428362869227,38.2658304103465,-0.276131922375814,1.92852708649292,0.59015855653129,-36.4350336154191,-11.3392383743777,1.86685387655638,1784.50054144297,1802.66815046801,0
2.81,-2.22492017994867,0.548967838287354,-0.0497080012817303,35.7764666815414,6.77781623787523,1.84909828931301,1.34884784672265,-31.8975809744625,-17.2769032100918,2.26611559271552,1753.46775562473,1802.66815046801,0
2.82,-2.02284844186982,0.713503003120422,-0.0216696835181764,37.8087683773714,1.07782784619717,1.23973142264033,-1.57582269444234,-23.0497306159883,30.1505224954289,0.677125881343135,1727.65266691905,1802.66815046801,0
2.83,-0.752627266997522,0.772189259529114,0.0090072237383875,39.9661089310218,0.432541959962899,0.530893770903534,-0.598556995608982,-26.6264934768478,29.7607886448504,0.747414871792221,1720.31638613452,1802.66815046801,0
2.84,-0.795945434472792,0.833690881729126,0.0604774536152189,32.0056023299592,1.84325549777769,0.518530135895641,-0.613254526492272,-20.411495304181,24.6782324560668,0.756107022991168,1710.75818213449,1802.66815046801,0
2.85,0.85545227007067,0.730711698532104,0.100531556481361,44.871245774462,-10.3753859399386,-0.55918284947234,0.815522885652796,-39.0987662561786,23.7593685600071,0.806050151316783,1731.33975490052,1802.66815046801,0
2.86,2.29556317857528,0.494105219841003,-0.00655262947618664,48.0039643072299,-2.57079405874585,-2.00680301578929,1.1306960765475,-43.8503116590348,19.7534795735809,1.08495649028678,1772.95346946149,1802.66815046801,0
2.87,-1.57035513976441,0.583532929420471,-0.0109415969550348,35.5415776842307,0.228079533878524,1.59802918457144,-0.216253716526592,-34.9675450991479,4.80744722095425,1.43988716876334,1752.5131770187,1802.66815046801,0
2.88,0.31184115860533,0.540052592754364,0.0814322741012904,40.3231256661695,0.73898176819225,-0.386658158561071,-0.0834668972054052,-39.4077379392138,-7.01563462657399,1.75811898645153,1762.98421323919,1802.66815046801,0
2.89,-1.27523573659015,0.61334615945816,-0.109660133741621,37.1655390654705,-4.74372005268394,1.01854751541336,0.648729961853507,-30.6418837529799,-21.6297801563032,2.06347255053736,1748.99342618008,1802.66815046801,0
2.9,2.11729914789378,0.40953916311264,0.0721403718114006,47.3164615664077,-3.19695576251457,-1.42276275985949,-1.64880570834394,-27.0488522495704,-38.7570741441564,2.46133707593307,1788.11165990756,1802.66815046801,0
2.91,2.10698666476767,0.172374308109283,0.0483940482909406,48.4006842312994,-7.44727253465202,-0.145575006817325,-2.09280259831446,7.77038319771806,-47.9625960740711,-3.13670526172408,1826.80658029364,1802.66815046801,0
2.92,-2.60710540259377,0.347498714923859,-0.239460828521016,34.9280025783723,6.11415046795057,2.38853438173875,1.12346929206939,-33.4864508330926,-10.9443731255672,2.05827598113227,1790.64684079874,1802.66815046801,0
2.93,-0.167969654794518,0.348686814308167,-0.086313264944647,45.4634405910773,-3.9811636184427,0.00966468482966536,0.147806330923937,-19.4928910935486,-41.2702662847755,2.63151526642074,1794.59216594164,1802.66815046801,0
2.94,1.08226977820561,0.230222925543785,0.0313230228443888,43.3009904380505,-4.48635807508495,0.0907645753295196,-1.06110052792886,10.3024793669623,-41.4664578032471,-2.98492415625105,1815.72547820047,1802.66815046801,0
2.95,-1.23962385995832,0.28810316324234,0.0654711497636341,43.2737657668471,2.53731578590275,-0.895231041614674,0.868076428918863,30.6582160887776,-30.7862985537111,-2.28897562560469,1802.74405585315,1802.66815046801,0
2.96,-0.947482563229562,0.353700220584869,0.00449368237061727,35.043907727831,3.18286442609685,-0.909437015156082,0.162440247787224,35.1484213596103,-6.96204148448955,-1.67917106502304,1792.40716496969,1802.66815046801,0
2.97,-0.355189879081599,0.354513555765152,-0.0424405546184084,42.8013742925,1.23017252635666,-0.26689149797215,-0.109726217776839,38.5153728216044,18.3266606294743,-1.10323898955991,1793.33235581278,1802.66815046801,0
2.98,1.36220869130228,0.211854621767998,0.295680973058177,44.2940390847882,-5.43659377432195,0.661065729882325,1.19796703561351,13.6508584470782,41.9295444619629,-0.428312125894756,1819.22059527017,1802.66815046801,0
2.99,-2.46345644834138,0.375956833362579,-0.315960261522213,30.808687689832,5.47430244206564,0.395396257289486,-2.30241986600778,-1.35850317362501,31.5104676280145,0.21971531125763,1786.44529552622,1802.66815046801,0
3,1.6626678617872,0.219247877597809,0.177925210711657,47.1294081710941,-8.42032648549407,-1.20999910971745,1.27210330896148,-42.1800314133443,23.9717066973591,0.865523987330188,1818.75874127036,1802.66815046801,0
3.01,-1.63739774098994,0.317697197198868,-0.0134992443339487,37.5289882563421,-1.51918601619953,-0.366399846123556,-1.67768236280041,7.30530707183072,37.0946357769838,-0.228082096903941,1797.22605345942,1802.66815046801,0
3.02,-2.60590518260967,0.52560168504715,-0.148566910096807,41.096214995825,8.07596529948246,0.511350282215598,-2.65270689985225,-2.81953368767827,41.3577762691105,0.247887909609958,1761.62373066156,1802.66815046801,0
3.03,-0.956575207242939,0.600436210632324,0.0432050725108839,40.2357483569684,3.00544707660399,0.427999781408286,-0.804060754825133,-18.5499862265114,35.5303473126033,0.559963421399983,1752.44008030034,1802.66815046801,0
3.04,-0.0589580252579297,0.573270738124847,-0.18212331413805,46.4686320134656,1.37763537287258,-0.00184420562079414,-0.0201014896844236,-34.7113649436142,30.658361340867,0.862956598776785,1758.7949569885,1802.66815046801,0
3.05,-1.80495646176075,0.700308203697205,0.118824431282276,37.2507413996338,-0.365107520014839,1.62289637425642,-0.82835063859118,-33.0107915149737,16.8939337711982,1.10308847880465,1735.48260503468,1802.66815046801,0
3.06,-1.19356618687859,0.782572269439697,-0.0394674482281984,41.0300038710677,-0.442504093177339,1.06333075105456,-0.377555238301754,-39.0242684496461,13.57578116045,1.21450149487581,1723.73521238672,1802.66815046801,0
3.07,-0.63104379335256,0.82362174987793,-0.100131553868966,36.6338085311301,3.02621233536505,0.557958103930792,-0.246517987081547,-33.5177956737073,13.9680526840249,1.26309954828726,1718.18632017149,1802.66815046801,0
3.08,0.688916222051916,0.748476803302765,0.147503873266103,42.4373155759187,-4.53040878486295,-0.616589649741691,0.249303601738195,-42.2376213241835,4.23034457400837,1.34720658616421,1733.27621281189,1802.66815046801,0
3.09,-1.32769319306134,0.823426842689514,-0.00214489871890932,40.8483744181915,1.56915883098733,1.28532204116913,-0.21049969855709,-40.075601215374,6.98109211189108,1.43260277131785,1718.74353173819,1802.66815046801,0
3.1,-2.28165094878291,1.00806427001953,-0.121311912728817,33.0239120654163,5.39106349882426,2.19401560437757,-0.623222077458472,-31.5033368167465,13.295033862634,1.34935774449938,1687.51933836952,1802.66815046801,0
3.11,-0.106812412577003,1.02613890171051,0.0851017807682138,39.4189627340458,-1.13163656852527,-0.112503548478029,-0.18901990604143,22.5539365106299,32.9920259942065,-0.623200673583331,1688.83180778911,1802.66815046801,0
3.12,-0.772372803757087,1.06926810741425,0.131553189647171,38.376617697326,-3.02660467285149,-0.524979671561562,-0.541961802415495,26.694939447688,27.5093754862899,-0.835628372417107,1681.93198776277,1802.66815046801,0
3.13,2.68676424957079,0.832282185554504,0.0863188635299307,42.521740755634,-5.03795120873386,2.16309579567485,1.56109547562036,30.4137947581666,29.9876688026054,-0.9077177475531,1727.07124446297,1802.66815046801,0
3.14,1.17124641213087,0.675045847892761,0.0614070829681826,42.817535223605,-5.46344893338738,0.912643557972022,0.834926958362615,23.6346816904897,36.3700919404359,-0.724078365047858,1751.18129329377,1802.66815046801,0
3.15,-1.68859633826253,0.77558171749115,-0.159174422983176,40.0639962990958,2.86600798426036,-0.905468236511434,-1.40984923807727,22.7759623824067,32.4854416479248,-0.528809707651495,1730.84284979433,1802.66815046801,0
3.16,-2.70514587718287,0.985470652580261,-0.000915431570828101,35.4787540711418,5.76301907551719,-1.43414604731937,-2.15506845135068,23.4708278312196,27.3445368864406,-0.537637470902911,1695.68351792677,1802.66815046801,0
3.17,-2.21838376757441,1.18655896186829,-0.0326672458551166,30.1845780419259,3.75842669658839,-1.65067231306249,-1.52864980982097,24.2279928418075,19.0466318979498,-0.791587773434694,1664.1949974769,1802.66815046801,0
3.18,-1.0281338844949,1.26450800895691,-0.0781509251546642,37.6045944769955,1.34027900017719,-0.851100506382831,-0.323993104611129,34.6353242504611,13.0934587428648,-1.19529732350908,1654.57583125565,1802.66815046801,0
3.19,0.848323124769353,1.17309856414795,-0.104964681075056,42.1612342995608,1.20655007615811,0.91420499717772,0.0215315592446956,42.013723023138,-0.389212883408449,-1.56312344913443,1673.67905599343,1802.66815046801,0
3.2,-1.53526710837066,1.27652108669281,-0.244877960213806,35.6419027986412,5.63918875144172,0.945046197325907,1.2656773560601,-23.9725458018209,-27.4301972861329,2.56986393168089,1653.97591941969,1802.66815046801,0
3.21,1.65482607612103,1.1340012550354,0.0956461464191137,39.5010166229276,-1.78056038605402,-1.34008692036679,-1.01231155221437,-30.2391853289017,-25.3208668830673,2.23518176959158,1683.4150192428,1802.66815046801,0
3.22,0.745532902327652,1.02217042446136,0.147538105358272,44.7888720973137,-5.93773560066364,-0.753792831413161,-0.287013587115246,-36.2623124181631,-26.5164324273976,2.07715590321132,1701.72228962448,1802.66815046801,0
3.23,-1.03052800552422,1.07501471042633,-0.0104057057657304,36.2183700396671,-0.422868193618106,0.889007148782331,0.359365061743204,-33.1177543599998,-13.6926206893005,1.94599338765299,1691.06510432657,1802.66815046801,0
3.24,-1.02586354065851,1.15084385871887,0.0965306122193718,34.0945302273455,1.39656268369569,0.962209094074904,0.128519342114886,-33.8706541023801,-4.1811059591133,1.73345648035888,1679.66919753104,1802.66815046801,0
3.25,2.75865577467135,0.901109933853149,0.142178023064354,44.8078701317139,-11.6077235554773,-2.80926025716202,-0.00683457981325344,-43.9215243228718,-14.7606099827438,1.6541662275503,1727.30224423938,1802.66815046801,0
3.26,-1.555171532955,0.984234869480133,0.138114273020376,33.724886977672,-0.489801692914096,1.50093083676069,0.169802747977875,-33.2263810633183,-4.21165863464125,1.6782316342474,1707.76824749996,1802.66815046801,0
3.27,-1.95000676845354,1.13761687278748,-0.131473529357812,32.1557610010165,4.65126580816455,1.83204111194061,-0.162806291694918,-32.6222753983428,6.10734515630005,1.53907048603397,1683.09807190371,1802.66815046801,0
3.28,0.407869784951041,1.08845496177673,0.110147283094253,43.6658045497471,-1.65378476620582,-0.459775550694874,0.129887545716324,-42.485411981241,7.87113323102314,1.35638699961283,1695.78882446115,1802.66815046801,0
3.29,-0.0766881343204468,1.06651926040649,-0.135887941910876,41.7190709495626,2.00114530525504,0.0989837136794358,-0.0848296117182579,-38.7650217571544,15.9611778732745,1.2342031152372,1699.41306261861,1802.66815046801,0
3.3,-0.563977959659536,1.09295260906219,-0.140505401164359,35.9320867863655,2.45367513918636,-0.358421537686806,-0.386642155604639,23.8956048866815,26.9929721822342,-0.670263274915727,1695.23774794855,1802.66815046801,0
3.31,0.381954419436148,1.04517078399658,0.0240726128081814,43.1618400951218,-1.93643606544839,0.233856220586286,0.173451670873525,28.8559921516739,32.8397698498531,-0.772273945494673,1705.38577759556,1802.66815046801,0
3.32,-0.634652797660396,1.05361831188202,-0.126849250231046,44.0187565033835,0.215189642556572,-0.398496200391957,-0.334152399562854,33.4325351314296,28.9158160385536,-0.843894968850208,1703.66381868266,1802.66815046801,0
3.33,-1.39672213848739,1.15427827835083,-0.174065598347424,35.2729954434602,5.04705525890284,-1.19853788701592,-0.680065750680003,31.8731924178453,15.5902074415703,-0.985187944903095,1686.56165834483,1802.66815046801,0
3.34,0.616209156577516,1.09306514263153,-0.0280901654820491,42.3050768617749,-5.0137333543957,0.575352176026209,0.154332978676121,36.2223476981623,22.3006757102984,-1.13684960138451,1700.66423236039,1802.66815046801,0
3.35,2.24661980969533,0.862220168113708,0.012434174051478,45.9321111880786,-2.81616005638519,2.08706085675932,1.0424128628861,39.1272947534219,23.8434302691102,-1.08320791130392,1742.16266265688,1802.66815046801,0
3.36,-0.6631572439546,0.871926784515381,0.00310045352264241,36.6580166502648,-2.54194877758524,-0.463933533306472,-0.450501784907805,26.3084961641353,25.1001601619517,-0.899492862050628,1736.39436139069,1802.66815046801,0
3.37,1.44223179552733,0.725927233695984,0.106853571139331,44.6614790941006,-7.37361727946698,0.979960961938029,1.085651987749,21.1183580746089,40.5546604662063,-0.635040607511058,1764.16784696045,1802.66815046801,0
3.38,-1.3115746485365,0.805180788040161,-0.229567510927299,32.7046935349838,5.4018425420079,-0.526300856995907,-1.21276998848245,15.4757626628256,29.6905420130274,-0.332037855611391,1747.13699066915,1802.66815046801,0
3.39,-0.609316844438294,0.847357988357544,0.00954111544449281,39.5807061236607,-3.78505535937007,-0.0129728114824123,-0.663401256916095,1.37737325384388,39.7016807070068,-0.110849467591899,1741.96560334146,1802.66815046801,0
3.4,-2.53091172587842,1.04475402832031,-0.0233419258675901,31.7074015041373,7.14912696492274,-2.36007055398498,0.75385446593966,28.6172115000188,-14.8678010024688,-1.81753788052678,1707.0340510039,1802.66815046801,0
3.41,0.871417637185066,0.984146296977997,0.00180156708033639,41.1147799268272,-1.94958122268105,0.72080613510068,-0.228574099643602,40.20597706202,-7.53747892554075,-1.81362848290211,1722.90954887117,1802.66815046801,0
3.42,1.52046590271497,0.822479963302612,0.070720510961622,43.9887439614105,-3.7431565779714,1.48352856100455,-0.186873461861325,44.4276097094852,0.403543919368701,-1.64503640245333,1751.29827650887,1802.66815046801,0
3.43,2.30582018575629,0.582627773284912,0.0872566867460871,46.4154139820067,-3.74387497193975,2.183522680424,0.701234648771937,42.2262052146256,19.8473373676186,-1.22168198149404,1792.24521011726,1802.66815046801,0
3.44,-2.95764395556315,0.773691415786743,-0.0634827365792909,38.1591098100304,6.94990744648285,-2.17615219735727,-1.94298551417342,31.8642912880774,21.8021377531403,-0.793221660989716,1753.25114024535,1802.66815046801,0
3.45,0.999125056654347,0.692679047584534,0.0635442937599177,38.4063228646303,-3.30791248785899,0.504288303486567,0.938659362091232,13.6874536500685,35.9541978107251,-0.438024673627751,1772.75576502686,1802.66815046801,0
3.46,-1.26384236159985,0.753756880760193,0.0284292009902018,44.1257114271101,1.9833085332753,-0.112605998608457,-1.27461816927393,4.43145537967223,44.1876595088018,-0.0571867706814777,1759.79714408921,1802.66815046801,0
3.47,-1.1957158524936,0.842498064041138,-0.0730969033882703,34.7209656970042,1.81202720936888,0.20692661938559,-1.15453333478387,-5.27102463833568,34.6901422236975,0.222997694598707,1745.47653082718,1802.66815046801,0
3.48,-2.18790933553246,1.02304100990295,-0.00379273212679612,33.6945467448278,0.992989392135489,0.720840343384565,-2.12256739811533,-10.1501283543685,32.1193460728809,0.338269256506727,1714.95913543741,1802.66815046801,0
3.49,-2.29774974317978,1.20694303512573,-0.111419197853319,39.2139705318119,4.9896285422836,-2.27360147291615,0.0277045754143519,39.3860667663283,-2.86168405838271,-1.54696561576355,1685.39292815824,1802.66815046801,0
3.5,2.25314272187204,1.00995671749115,0.142576798298467,43.3671187175282,-8.79120496942312,2.35615353638699,-0.287997591072189,43.7887687907012,7.43290163604984,-1.61280064828392,1725.68371194869,1802.66815046801,0
3.51,0.51974698721361,0.917990803718567,0.0421639827911632,42.4736052896311,-2.90826885151869,0.48870087585557,-0.0194328213949463,42.153718277565,6.90227147452102,-1.48034383855568,1738.67474549484,1802.66815046801,0
3.52,2.38259074150841,0.679961085319519,0.198453133171074,47.0471983553595,-5.65488150327895,2.2136166179805,0.894131952209787,41.1402844669614,24.1467061206253,-1.14412611295393,1781.23964283785,1802.66815046801,0
3.53,1.29161822685329,0.502789616584778,0.0559488907926305,46.7684931437538,-8.73151972756273,0.892525798228541,1.09193905878923,16.6338552538034,44.9074967445014,-0.550244857134367,1808.90871222274,1802.66815046801,0
3.54,-1.55471817285073,0.591501593589783,-0.0175070000255476,36.8528684945467,0.447278927694554,0.0985994862753021,-1.52144784059874,-2.23149156398284,36.8544688421932,0.0729409415887095,1789.82910334408,1802.66815046801,0
3.55,1.70138329803399,0.427447885274887,0.0872625603911311,48.022307856731,0.705629595833558,-1.13630014038182,1.23540388724204,-32.4795836957949,35.3422939475072,0.743904458262459,1821.89675562556,1802.66815046801,0
3.56,-1.05043284304169,0.472941040992737,-0.0347458808180966,40.7804819614919,0.675773743166474,1.12875602218644,-0.0879287021388258,-40.266793313273,3.00750324487173,1.48919342619794,1809.989083582,1802.66815046801,0
3.57,-0.311291368223283,0.477446168661118,-0.164019061319442,40.4251316044481,2.2004896054664,0.253404439460102,0.136741117176789,-33.6321385582942,-21.9623629644826,2.19160435967924,1810.29552599272,1802.66815046801,0
3.58,2.03811665506984,0.25616979598999,0.221255866409712,47.8781868784307,-5.54522239313558,-2.05068662152016,0.794587515928096,-47.7103210378733,8.3628136127984,1.26273884165854,1850.33663688783,1802.66815046801,0
3.59,0.70310173646276,0.138325572013855,0.188655809555311,43.9485186343534,-1.64821061587968,-0.558856279328084,-0.475697460723402,-30.8299415915896,-31.0052707566728,2.32245718085275,1866.97662714074,1802.66815046801,0
3.6,-0.693701097770178,0.16069358587265,-0.0576960032296252,40.6899357222391,-0.286611822294087,-0.193050049137173,0.709569659411463,10.7499887147507,-38.8809813318014,-2.86521052554164,1860.55622085055,1802.66815046801,0
3.61,0.45910172301261,0.0833466351032257,0.179341688887082,44.3474648612993,-0.430021284155651,0.546672740987491,-0.103868078802563,44.3875117476347,-7.05446085025079,-1.74072573436483,1874.75525725894,1802.66815046801,0
3.62,0.597531553476632,-0.0142453908920288,-0.0429628493590312,47.8995886800226,-4.04705658688381,0.349991976187694,0.413963545603847,18.8123626275814,44.457501901979,-0.506892241683158,1890.19373685944,1802.66815046801,0
3.63,-0.231452562996856,-0.0369997024536133,-0.00901947650477065,44.8539076509935,0.198749802334267,0.196807558814463,-0.193975596527288,-31.7157846037833,31.4516741177818,0.78910205123064,1891.89705285639,1802.66815046801,0
3.64,-3.18359501599393,0.199500292539597,-0.145951482925538,35.2031997941892,6.63777709189237,2.99136596694181,0.973868241482067,-34.89821936052,-6.25454254225898,1.92788520140202,1847.86725625596,1802.66815046801,0
3.65,-2.81409405445265,0.427841484546661,-0.0749667518757516,40.2145876135029,3.35483680462512,1.08684233958338,2.57649728636697,-17.8533962958371,-36.5790724740124,2.76864821491099,1810.59732647039,1802.66815046801,0
3.66,0.83527478389202,0.363610208034515,-0.0250087915050683,43.048388525276,-0.743005007426895,0.254856508934322,-0.681990002769492,17.0985261329401,-38.9858229492443,-2.75234011565413,1826.29027898938,1802.66815046801,0
3.67,-2.8040088997513,0.561358749866486,-0.166874952756559,37.2332645963533,6.53022279692551,1.93706480945759,2.01831535088306,-29.7241932730995,-23.3688408616785,2.43120395987927,1788.28950467928,1802.66815046801,0
3.68,-1.86138114805785,0.717325031757355,-0.131547744020222,36.7113044824435,2.16893781937256,0.511572081396418,1.77194409082933,-11.4244381650877,-35.0737246179825,2.88484905997189,1764.46259167144,1802.66815046801,0
3.69,1.05951682036948,0.609081864356995,0.0318806297349313,42.4236236372905,-6.61343415209049,0.108028861608361,-1.18151726615864,13.9786979842805,-40.076362699239,-2.94818010601348,1787.01940943902,1802.66815046801,0
3.7,-0.192004955445902,0.582589507102966,-0.0018779765180289,40.3847111119907,-0.511924535627079,-0.109641239522076,0.12042752128232,27.0967431867596,-29.9668275643508,-2.40561902324425,1789.48505780297,1802.66815046801,0
3.71,1.88674998919761,0.402162164449692,0.230046045370591,40.5460863530327,-4.78324151951584,1.82510761414193,-0.400380007239028,41.1718340505174,-1.97049312411844,-1.73419883279001,1822.10469682456,1802.66815046801,0
3.72,-2.20201399010384,0.536973297595978,-0.122845869280879,39.0214574700869,5.02201961057096,-1.96101119244598,-0.991829285793906,36.7677689344806,14.6068595211713,-1.04775674258779,1793.86298802722,1802.66815046801,0
3.73,0.572789089199853,0.472409248352051,0.0510759341094592,44.6233535782716,-4.28154528424373,0.313652521879708,0.536663449039499,14.6794878017727,42.6867674039035,-0.410569101363899,1808.77709874133,1802.66815046801,0
3.74,-0.792465664025363,0.497031837701797,0.0867505010231485,43.1147554896426,1.39438393576051,0.169751046320754,-0.778644208114865,-9.63225756612388,42.607662077325,0.259243345025089,1802.58087395484,1802.66815046801,0
3.75,-0.675848166640885,0.539420127868652,-0.0242356440940975,37.3778873657192,1.21658746727221,0.546956179467039,-0.482904606026914,-28.248908183357,24.891030423348,0.880773031679776,1795.68984602596,1802.66815046801,0
3.76,2.14062567875901,0.332099080085754,0.314311531730013,41.6154933602778,-6.59681948771812,-2.2526557773821,0.0170613717334387,-41.5034130406081,-8.11963810959629,1.61900062216335,1834.10900725201,1802.66815046801,0
3.77,-0.367425790928244,0.303078889846802,0.00981577136650365,43.381710767838,2.03807553573376,0.188534764749041,-0.264822802476673,-27.156563391166,33.2189134102582,0.720682055673317,1834.91824886571,1802.66815046801,0
3.78,-2.21239953263638,0.467028975486755,-0.0680798502072712,37.5922776392207,3.53598388385274,2.26718583964629,-0.262303106910333,-37.1590535057134,7.08819015699468,1.49392371881019,1804.88743738834,1802.66815046801,0
3.79,-0.570099981851818,0.502180635929108,0.0109527827929826,37.0667004261978,0.547723906700283,0.37844656930647,0.248598295032985,-30.7984684909005,-20.2582869925357,2.14499184121506,1801.57130122893,1802.66815046801,0
3.8,2.25443086336105,0.281947314739227,0.21792230678248,47.5935564664758,-10.0393311370888,-0.675309858889398,-2.1856123069368,0.149296601583931,-48.2381131622623,2.93302769725863,1841.89184658671,1802.66815046801,0
3.81,-2.68794141236656,0.458606898784637,-0.0580238670880716,34.9790919425318,4.6643482086255,-1.4165237624834,2.28060236127467,15.5372041750747,-31.4285616599675,-2.54932494076721,1805.21083564803,1802.66815046801,0
3.82,-1.92646551807919,0.609552681446075,-0.1594746100741,40.2613543066477,3.04496298737589,-1.71796343091411,0.811731930634756,36.0439618393411,-19.2030521334353,-1.97085610254934,1781.55707029176,1802.66815046801,0
3.83,-1.78458660321006,0.754399299621582,0.0412883921124656,35.883975819313,-1.47208216954435,-1.7992775884348,-0.0434276766387848,35.9145348560107,1.98302417062227,-1.56462247030444,1758.20135483247,1802.66815046801,0
3.84,0.419964627327292,0.709318459033966,-0.200594663254163,44.1518484957278,2.83526708236335,0.320146780227578,0.186754307291552,41.8191263139014,13.0267303761511,-1.20281305239706,1769.24807993467,1802.66815046801,0
3.85,1.79560074834842,0.522283256053925,0.07977799196386,45.2305199023119,-7.54749125098637,1.2427718355275,1.32029206406837,22.8629699467984,39.1901596296571,-0.678157813049039,1802.19573886382,1802.66815046801,0
3.86,0.302189119868857,0.458737254142761,-0.00209142420480565,40.2623563938113,0.369966194464357,0.212460065447194,-0.0261988630885524,39.1775812016693,-9.3532657559397,-1.78317871087313,1810.29320712683,1802.66815046801,0
3.87,-1.0265530185336,0.518116414546967,-0.0327577686321421,38.7378572519139,2.89030801974364,-0.988197178325679,-0.424959518399298,35.9279687001069,14.7926329096491,-1.12223222200107,1798.67866178292,1802.66815046801,0
3.88,-1.88849632991335,0.670301377773285,-0.1966669481439,31.5796981897327,5.42226762536255,-1.17373044283625,-1.49410371505756,22.5272465964483,22.5246482365248,-0.60235053091474,1772.17889645627,1802.66815046801,0
3.89,1.6668528954235,0.521507561206818,0.00241635355899497,47.7512926248375,-5.05683754072197,0.199902048166944,1.57165150323409,-1.15180049058583,48.1894639636419,-0.0679617329743672,1802.37505301089,1802.66815046801,0
3.9,2.19146345140731,0.285380959510803,0.103602672568888,48.0807147001718,-6.00556836127501,-1.34250461495891,1.70258805031782,-36.3242322971698,31.9473834657361,0.724919415746654,1841.94571662545,1802.66815046801,0
3.91,1.34489639313699,0.126466006040573,-0.00911932359144548,42.7143419294632,-2.22678603797624,-1.24541228893582,-0.196591986983957,-42.1924912909539,-9.21666526044121,1.75136269674287,1866.33140612131,1802.66815046801,0
3.92,1.58506077063951,-0.0599319934844971,0.0705405800195197,48.5045164986859,-6.27686825614304,-0.395441700658212,-1.52543604609549,-0.719007509808653,-48.5206841384443,2.97940204179986,1896.87889019919,1802.66815046801,0
3.93,-3.06162914940753,0.147096693515778,-0.0456622090429266,39.675232507155,5.547402060448,-2.59738102428887,1.70920956562272,31.3375430915954,-25.0511834259124,-2.11879743680386,1855.29517080242,1802.66815046801,0
3.94,1.69056599136789,0.00396016240119934,0.25944905571782,43.3320405645275,-1.65560624610925,1.43508366775779,0.918137205411137,35.1135068814161,25.8461655228286,-0.978238952280318,1885.13096314287,1802.66815046801,0
3.95,-1.7987105659484,0.112811595201492,-0.0632186502799549,37.7378727740764,5.23024047161469,-1.86326253367468,0.14758079269968,37.6522582904416,-5.82410411643433,-1.594136681755,1861.1570097851,1802.66815046801,0
3.96,0.709740782205342,0.0256783664226532,-0.0902724356348608,47.9748019528483,-0.82486848460149,0.304473105303556,0.589284906523863,20.2063049478884,43.5481734320225,-0.452331657471476,1879.15006110614,1802.66815046801,0
3.97,-0.0309660463786761,-0.0151641070842743,-0.00343829300188031,46.9764941174114,-7.27196049854222,0.180262329444525,0.0251296822264163,-37.5498823143391,28.0109759599687,0.773921421074112,1883.89510535762,1802.66815046801,0
3.98,-2.18740846270069,0.129682302474976,0.0313626292028144,39.7393065119277,3.1171127224081,2.03301082264747,0.648342777307036,-38.4871452676276,-9.9898211195507,1.91482238666608,1856.3868267555,1802.66815046801,0
3.99,-1.74163917430708,0.261258244514465,-0.135413661249688,42.0114529958324,4.71442321258319,0.546880545002366,1.69029261558067,-14.7338894552286,-39.1399616963909,2.87592108909424,1834.7111111695,1802.66815046801,0
4,-3.11190653692723,0.492401510477066,-0.106068120672474,39.6460082730837,2.30793777234066,-1.30173890271162,2.66943953148939,15.970734421942,-36.2967519690474,-2.67169827197589,1794.99314944298,1802.66815046801,0
4.01,-2.79984133710536,0.727305293083191,-0.0440459537956746,36.418264684871,7.12095632754316,-2.1408367980214,1.81052804815053,24.8994906834208,-27.3397469892848,-2.22361244099901,1756.45997481284,1802.66815046801,0
4.02,-0.118982532748388,0.732486009597778,0.0848282425964287,45.4741315887608,-1.39191141787839,-0.147574977674088,0.0223932408383479,43.3247996066534,-13.535905972047,-1.90195591046528,1760.25161228178,1802.66815046801,0
4.03,-0.789853774188605,0.767035007476807,-0.0585790070397233,40.6980655471485,1.98000679430387,-0.759673700827451,0.0677527318848671,40.9972350711024,-3.30576499936786,-1.58885059902925,1753.832929736,1802.66815046801,0
4.04,-2.25065829734223,0.938044488430023,-0.138875790070068,37.4590354726278,2.4402284243802,0.150207533205378,2.25541948266748,-3.77375480841165,-36.8788023552763,3.09432641308803,1724.16810553226,1802.66815046801,0
4.05,-2.25650272488029,1.1216881275177,0.0777526937055053,39.5379563380123,1.34831671189344,0.229957653269441,2.26734226386551,-4.81498386465261,-38.9181305889878,3.05609341199586,1694.51099593883,1802.66815046801,0
4.06,2.92102536157958,0.876756191253662,0.205210971462655,44.7157253403596,-10.0199995594122,-0.366844810226309,-2.90914365081796,7.95394224162881,-45.4198344120814,3.08838167973889,1743.4141539727,1802.66815046801,0
4.07,-1.95320944546601,0.98798018693924,-0.052095526342716,37.9848033560554,1.19633907367945,-0.107240826362691,1.96180947746582,1.27636555198342,-37.4524861978615,-3.07253912986519,1718.51058306526,1802.66815046801,0
4.08,1.8242686668102,0.820609092712402,0.0718336157748695,45.757420119266,-1.18122415462711,0.385456559407717,-1.83703806522899,11.6135723438281,-44.5036529902488,-2.91822398598158,1752.48701134188,1802.66815046801,0
4.09,1.3937416578367,0.660952806472778,0.340687738083068,45.041350822855,-7.61662210913106,0.607580474544806,-1.14690780194657,31.1924893667273,-33.2417312808924,-2.54310320281286,1778.07293242621,1802.66815046801,0
4.1,1.51610707783358,0.477870136499405,0.163388242707601,46.797555380631,-2.72418750366691,1.46746495968347,-0.666360364886453,43.957000700678,-14.9762381904017,-1.9607127870891,1808.95224782722,1802.66815046801,0
4.11,-2.72111503765466,0.664821267127991,-0.145005636181119,34.8471674761721,2.77136281964986,-2.71272057353593,-0.378447981798466,35.1533924237088,2.18010427735852,-1.40392668007579,1771.68003719294,1802.66815046801,0
4.12,-0.386255641065526,0.694274961948395,-0.0673001429590823,37.6589368822763,1.25847824174559,-0.291703195812268,-0.154927578555579,32.5426494401929,19.676620422181,-0.988594053625711,1770.53211730502,1802.66815046801,0
4.13,1.10152764220851,0.575554251670837,0.136060700461802,41.7836195698041,-8.01411455794344,0.746316088987536,-0.845069125813611,37.2983968853513,-21.4006077843036,-2.27543454659504,1792.51023541509,1802.66815046801,0
4.14,-2.01293198985745,0.718789041042328,-0.124383506287967,33.3510144396963,5.84153507290096,-1.98323792046399,0.608613964225898,30.8579283759936,-13.7657080156777,-1.80683052324048,1764.19905627849,1802.66815046801,0
4.15,2.30318267564848,0.519776225090027,0.0503753160708181,47.2480038786373,-9.03836522788577,2.22490810734471,0.431775533166644,42.6705172012758,21.3607270835177,-1.29699940565254,1803.79689008676,1802.66815046801,0
4.16,-1.17204649832927,0.579857587814331,-0.0674132207221742,33.1947694851683,3.48191041100092,-0.818822946426282,-0.881559931005085,23.5931583817333,23.5242098337382,-0.696419190599935,1788.61584471201,1802.66815046801,0
4.17,-2.12465735635834,0.738406658172607,-0.0274480224038268,40.6527990849288,-1.16939130581649,-0.501950087951799,-2.07431851968164,8.46335653785424,40.0894850377942,-0.251921634346967,1761.58265967012,1802.66815046801,0
4.18,2.4615320502074,0.525932192802429,0.147992211771907,45.8280349712532,-5.63871608757716,-0.471690946041922,2.37951102393197,-17.072522921576,43.3252378433798,0.246760777263546,1803.47409538348,1802.66815046801,0
4.19,1.917476634798,0.299057573080063,0.0508192472222386,47.5533428849766,-2.57529616136184,-1.66336798267079,1.06235695333906,-43.0242015401066,21.5425294725976,1.037090331694,1840.24930817345,1802.66815046801,0
4.2,-1.50459719082778,0.375360131263733,0.0603886155707745,39.6243747885238,-0.442182785662957,1.45706347536351,0.488647758927748,-37.5928939626717,-12.7176537256823,1.89368612464128,1822.09054075404,1802.66815046801,0
4.21,-2.17072767240118,0.556900143623352,-0.18843956123925,33.5495403241986,6.13481727684092,1.32973036292578,1.82250060335756,-23.1602755229232,-24.6181837643582,2.56732380315518,1790.79838478881,1802.66815046801,0
4.22,-1.20138661420197,0.644837737083435,-0.0195721634357207,41.7518099536764,0.0580737791746747,1.15021195740871,-0.301836386321916,-41.0660883041892,10.5012562359693,1.30134769544829,1778.34213592981,1802.66815046801,0
4.23,-1.63462734761702,0.761448860168457,-0.244538627213141,39.570175484366,3.79357262649273,1.60425348006066,0.12059820018664,-39.7795180394508,-1.04918853474186,1.69772590891075,1758.66217478207,1802.66815046801,0
4.24,-2.34906611321334,0.945983409881592,-0.153956837857586,37.327742224538,4.696804102846,2.22888910281051,0.682211201593753,-36.8023857640607,-8.05896657623276,1.90831227582403,1727.86548626285,1802.66815046801,0
4.25,-1.23532165115737,1.05053329467773,-0.0409661248818163,39.3647431833568,4.68864224311995,1.24205640784543,0.394763220567534,-37.9566811575437,-10.2957560081817,1.95119462129186,1712.71128148075,1802.66815046801,0
4.26,0.577444913412752,0.990771591663361,0.131267074359447,40.6853512230265,-3.46464250514483,-0.540905966392022,-0.170251525746957,-36.2716737881059,-19.5079221975343,1.9884025389934,1726.09783846998,1802.66815046801,0
4.27,0.825754642725202,0.879609704017639,-0.103172229321715,43.6431549098385,0.139131172679247,-0.756792764772393,-0.502873513776742,-36.7554948424572,-23.375015917477,2.14769357680981,1745.6077796499,1802.66815046801,0
4.28,0.851388796988257,0.777238965034485,0.143711728629636,42.6328888753558,1.49466898847078,-0.479257203046068,-0.591698008186191,-28.0706077551532,-31.9971113173303,2.44066118353985,1762.62045389631,1802.66815046801,0
4.29,-1.5607551650049,0.860146403312683,-0.133785080368952,42.4113594954299,1.15882741429641,0.596685832471229,1.34129184236026,-17.4628741380709,-38.5538762023052,2.7343735603471,1746.18724688424,1802.66815046801,0
4.3,-0.0771164984933296,0.865963101387024,-0.158188390213181,37.112093443248,2.8907027767988,0.0946315819337929,0.152362115364178,-9.50976548008634,-35.9337178007459,2.97214119837017,1747.42089177464,1802.66815046801,0
4.31,-2.38575707561368,1.04484593868256,0.0339186402226256,33.4646614983558,4.00502100916219,0.187810433644748,2.33143481048908,-5.48190944156495,-33.0770003380887,3.09654109895639,1715.50812018865,1802.66815046801,0
4.32,-2.41686912444721,1.23929071426392,-0.128107198084952,37.7098310530653,5.21978703075031,2.16024137078039,-0.947813663438399,-33.1083114352263,18.7005423739416,1.20872036533794,1684.20888128024,1802.66815046801,0
4.33,1.74220784004682,1.09614634513855,0.107421997538088,43.6684708974559,-1.10794132664941,-1.51398509902108,0.799948604281768,-39.5300407810306,18.9612701276618,1.09871257780376,1714.8984442299,1802.66815046801,0
4.34,2.34545336967112,0.855009734630585,0.156618023204587,44.9558996085342,-7.39100872847022,-2.16201258620384,0.85993366736096,-45.0193525891666,7.18772045689796,1.25576408633775,1755.96766440919,1802.66815046801,0
4.35,1.67352737056454,0.657229781150818,0.134453940274964,46.2777472646392,-4.20358976110642,-1.70110382684677,-0.0991038206083909,-45.4036596800428,-9.42280623742795,1.68117834840882,1788.11612756329,1802.66815046801,0
4.36,1.0564800194906,0.514898538589478,0.199042893674754,47.0868594007126,-5.82441592874078,-0.854541388110681,-0.620337432130725,-31.1355131462948,-35.555566573761,2.30596009825981,1810.57089318967,1802.66815046801,0
4.37,-0.566361100430887,0.524758875370026,-0.0550807374020191,35.4496981188935,1.09860509952268,0.102987582473216,0.499884766367838,-6.55868970603606,-35.0795926195831,2.99642103361054,1806.35816330114,1802.66815046801,0
4.38,1.98347377136431,0.316630035638809,0.0728013502580239,47.984995961867,-4.10581669515976,1.20125171899311,-1.65223629298493,33.1190362613869,-34.9966069820009,-2.47101260668397,1844.66536573535,1802.66815046801,0
4.39,1.84582490613141,0.109565556049347,0.196860095065434,46.8726827820958,-6.69992647683333,1.75252986243151,0.174473166461772,45.019773036883,14.8858254293075,-1.39290130367427,1877.52456285005,1802.66815046801,0
4.4,-1.07844866709697,0.154935747385025,0.0472812469032201,39.3464435030815,2.32830566255359,-0.317303330514198,-1.06240489219005,11.8515985544504,37.1706248315749,-0.241618689627194,1865.22021264309,1802.66815046801,0
4.41,-1.80266966662727,0.28506276011467,-0.156992885996753,38.8402348764395,5.01318921047208,-1.59542302120385,-0.876453457909753,36.0808206153276,16.11264901373,-1.00091734946358,1842.14224319045,1802.66815046801,0
4.42,-2.94594784315071,0.529736518859863,0.0405921565552108,33.950556799444,-0.496180807479567,-0.670007553496162,-2.93762353939333,7.78039014611891,32.8982499502217,-0.220041080380928,1799.99586489693,1802.66815046801,0
4.43,0.677476381911435,0.473362177610397,0.0789175641579331,39.4418594555664,-3.19429687469597,-0.276410940257689,0.692636418731617,-19.9582870230386,33.6014569608689,0.460550699208174,1814.74267573043,1802.66815046801,0
4.44,-0.535108267109725,0.471499800682068,0.0186983481047884,45.0699428766216,3.35623036536764,0.442378734828968,-0.244434166602334,-40.3337948215636,19.3173398910262,1.1917352727632,1813.27703035937,1802.66815046801,0
4.45,1.35212976783235,0.339425146579742,0.0713473458943744,43.226442682437,-2.33749985523724,-1.16098998155148,-0.487343149710201,-38.1903666831096,-20.1753215366538,2.00601463448775,1837.33988011591,1802.66815046801,0
4.46,-2.64453733976247,0.530639171600342,-0.142834822470008,33.1534168703769,7.30211633187397,1.13244997959558,2.46368510962025,-19.1602997167711,-28.2182101551031,2.76869134995575,1799.63825859998,1802.66815046801,0
4.47,0.705890813375752,0.463871687650681,-0.0526466497738012,47.6910386943115,2.72683760581454,0.227203076494432,-0.587017424565388,12.9595648992987,-46.2540434126334,-2.83009323511875,1815.99310453564,1802.66815046801,0
4.48,1.85833925819823,0.262407034635544,0.115738957478886,47.3589002884844,-5.38928006164024,1.67929657419755,-0.823142743964473,46.2307319911261,-11.9452196889181,-1.95656671138177,1850.49682202522,1802.66815046801,0
4.49,-0.767792231217304,0.283510386943817,0.014103520215966,38.2357497228244,2.72480531896572,-0.707884565650477,-0.395920933514642,33.7469579178783,18.8742879300279,-0.986952754895777,1842.58263396262,1802.66815046801,0
4.5,1.85575199283844,0.0855299830436707,-0.14669643330509,48.5669089129158,-1.18894438087501,1.89524203867659,-0.269218708645054,47.8625517336055,-4.04697987054788,-1.69241151811453,1879.17616785691,1802.66815046801,0
4.51,-2.44676929153014,-4.59999990463257,-0.152152975905206,39.358737961227,2.67071432133993,-1.30924934221364,-2.04048162657656,22.7810900789424,32.4172397139507,-0.548073737455935,1855.43125987424,0,0
4.52,-4.79698537527844,-4.59999990463257,-0.353068183960319,27.2565641070917,14.0322802630745,0.829409246292036,-4.80118970498804,7.8590424195395,30.2329150531778,0.233038313515914,1786.26822109183,0,0
4.53,-4.52313534676751,-4.59999990463257,-0.33311897973653,33.2483333950833,9.92374620187323,2.10600162485109,-3.97043552456452,-8.26218807194841,33.6099456595243,0.533559218790436,1724.42078996619,0,0
4.54,-4.14151036343296,-4.59999990463257,-0.378206001720807,29.6003213738716,14.644743524392,1.30813059288034,-3.89354712122335,2.0974954158421,32.5816003807599,0.396998303075869,1666.92766880969,0,0
4.55,-3.6860376009114,-4.59999990463257,-0.033095316025057,29.2714260623019,7.04385914657755,-0.632651663983285,-3.60856515255797,10.3780981121385,27.9664916481596,-0.136293677984123,1615.99608889397,0,0
4.56,-5.31782506563261,-4.59999990463257,-0.239357291602176,21.4738845761122,10.7147779352612,-4.96201275035342,-2.03211243583324,24.1791031756316,-1.17479153130313,-1.13865003793847,1538.87017718425,0,0
4.57,-7.06272778917243,-4.59999990463257,-0.358751891578744,20.2492694560179,15.3646849074699,-2.09142665302602,6.76865049342249,-7.88484503885704,-23.9007041503156,-2.79646578422744,1436.86671466823,0,0
4.58,-5.57383806798274,-4.59999990463257,-0.211146005654102,20.3476157585732,9.08524801319756,5.02455885989497,-2.40236089807858,-14.9714691793556,17.1295949095738,1.16100743952898,1357.3777884937,0,0
4.59,-7.14371110238436,-4.59999990463257,-0.218927756699,16.5292793533847,9.30615303594066,-6.88799838031989,2.11484216622673,13.2001954163502,-14.3559417352443,-1.83849241871755,1252.91001104824,0,0
4.6,-2.97301493670319,-4.59999990463257,-0.153703551217247,24.9860433513938,5.65195175813047,2.26655216834207,-1.90927945419015,-16.5546413583108,19.7484867379157,0.908844579964185,1211.42767664224,0,0
4.61,-4.13023604707037,-4.59999990463257,-0.110800114636567,22.322599872271,8.98091116788519,4.00997061846522,-0.378655594916565,-21.5735989963541,9.54879093795807,1.52000491388253,1154.85269760504,0,0
4.62,-2.1654048018235,-4.59999990463257,-0.0622484693701349,25.5160029026112,2.97720589473084,-0.890138336814739,1.98196343370361,8.37151387846721,-24.6350505128212,-2.68758267723439,1125.66515053972,0,0
4.63,-5.31768014836822,-4.59999990463257,-0.0900206440901909,10.9037152535373,6.64184202343175,-4.53039926986503,-2.73858872178663,13.1495950137189,0.300782526436492,-1.0003284186746,1048.88546823909,0,0
4.64,-2.51994900905651,-4.59999990463257,-0.0491777283794365,15.956460161751,3.40245010843981,0.613464450526105,-2.52036779499339,-0.932721232493382,15.5896347722417,0.264286863423569,1010.91559405719,0,0
4.65,-3.63846607045413,-4.59999990463257,-0.127894672242237,14.6388734705444,3.35566711577799,3.35175938303611,-1.37509723542461,-12.3374580237432,8.28445247304645,1.20034774832344,958.729215865772,0,0
4.66,-5.28114433017948,-4.59999990463257,-0.115448623388439,7.76087724827653,10.9021402213178,5.33509159009793,0.24370273209169,-8.60263237155724,10.0789591301646,1.65782116948139,880.088322290172,0,0
4.67,-2.71372086932801,-4.59997653961182,-0.213862170209492,9.8891831884805,4.9516810044606,2.72091011252162,0.192704450688627,-10.2975740915095,3.73859529475208,1.67762910662491,839.717001678176,0,0
4.68,-3.12581837547117,-4.35245704650879,0.0667644092685654,10.1401425842725,-0.471797893688838,3.14216720639066,-0.634358257718401,-9.77947977131372,1.58152252418374,1.36984103103753,791.200271393418,0,0
4.69,-3.25707641961036,-4.09431743621826,-0.15173807473086,11.6256236074875,2.34537954821883,2.07757621680243,-2.53075492371829,-5.18011094305972,9.86368487422788,0.702909003380703,741.923763417456,0,0
4.7,-1.83407802209862,-3.95150184631348,-0.0796081211563035,13.0158638451226,0.615323971140034,-0.482986185305742,-1.82552252378535,4.27266864673355,12.3624547483028,-0.245709295121269,713.863185940301,0,0
4.71,-4.67278757074981,-3.58067440986633,-0.111421013411424,4.81581707380098,1.62065514493476,-4.75062258227352,-0.00478133990481382,4.75712840522391,-2.17916954643717,-1.55960705121855,641.941167485999,0,0
4.72,-3.55634267100416,-3.27141094207764,0.00439282284284024,8.41260986318362,-0.572429028026905,0.705562886569811,3.56641087647212,-1.46515188659379,-8.58307027397001,2.94549892045253,588.219393850684,0,0
4.73,-3.41294945406616,-2.98193788528442,-0.0628575211452188,4.34716789648926,6.42365246927909,2.33212809219022,-2.55272019445236,1.58816881251307,7.19491456294656,0.776630663244304,534.961872995846,0,0
4.74,-0.916256538761571,-2.89617347717285,-0.115385968570435,5.64224653082443,0.592841457692606,-0.897080701662746,0.0609014822326201,6.03835519560804,-0.355713111144095,-1.63923650315199,520.457402289791,0,0
4.75,-2.59452990694382,-2.71094918251038,-0.17739202908073,7.29494193254555,1.82642110340879,2.25743260205604,1.10180892973815,-7.06046218539834,-1.74727247671069,2.03808504099799,483.39478080656,0,0
4.76,-3.05050483997912,-2.45529365539551,-0.0385548509504242,5.30003643514982,1.42930925250843,-2.45491035078306,-1.98547839001745,5.23043843353143,2.13790793901606,-0.879767820047185,436.114119616051,0,0
4.77,-1.98587448457342,-2.28966951370239,0.0178404661303504,7.94979502594847,1.08025033078873,1.60342477982278,1.16450444856167,-6.42207956985195,-3.84253163521176,2.20637138654442,406.78361638447,0,0
4.78,-0.697890280279338,-2.24032878875732,-0.100099749831797,7.44649544901127,-1.03132783733346,-0.590286127013545,-0.293802280737357,6.88297825947234,4.03566011230675,-1.13112102146165,397.133004844914,0,0
4.79,-3.09280552315916,-2.01146674156189,0.0716870655797454,3.26684732327789,2.50491898958277,2.97055100272759,0.0756991743325679,-3.23787137557739,2.38688671485906,1.61344568586673,352.689530809625,0,0
4.8,-1.02364338053945,-1.92558360099792,0.143706963852695,4.91776866709329,-2.87606948586783,-0.790139532900922,0.451261801431333,5.08555264870468,-0.610555457351502,-2.13852201881642,338.68290280958,0,0
4.81,0.0284919486936119,-1.92604553699493,-0.237121509257925,3.69138122174051,0.603473919887574,0.0103981339611404,-0.0681702115539526,-0.70566931645457,3.98142387083582,0.337253116033509,336.929960438319,0,0
4.82,-2.02627500614507,-1.78453946113586,-0.07301049219798,4.73634894636733,2.3839188815879,0.852059603701878,1.71076671654245,-3.71290434384204,-3.29749660631063,2.70014518241237,308.350104314476,0,0
4.83,-1.46434718517599,-1.6623592376709,0.060557698266234,5.08512126345792,0.175811013390627,-1.46829448937975,-0.247069589192033,5.15956167090041,0.87777929057342,-1.40378933215295,286.050551018618,0,0
4.84,-2.26967383318905,-1.48019254207611,0.0654107540164775,0.799839480788123,4.0555988520087,1.14856847239666,-1.96934458934601,3.64199136523919,3.08849396573339,0.569556607867706,252.379962683889,0,0
4.85,-2.73600657477993,-1.22890615463257,-0.0431579054237911,-2.65580822801098,0.732205961506065,2.18393928197631,1.75698211805428,1.96099597164321,2.17694975719038,2.25171725557594,208.499471324498,0,0
4.86,-0.708118474187213,-1.1588728427887,0.0381057689476488,4.51615700420599,2.15103365839607,-0.376969837447021,0.620216227890485,0.89484636419427,-4.77669270143267,-2.54147166739657,198.021240413259,0,0
4.87,-2.69097459055746,-0.934713661670685,-0.16046399222826,-1.36372994351956,1.79043554667513,-2.56003839925244,-0.841197716160477,-1.12515032957562,-1.36069497660914,-1.24629006835166,156.918713105394,0,0
4.88,-2.7625612179072,-0.700165510177612,0.0678526316379789,-3.24601140329412,2.03070572124986,-0.699848026475655,-2.63035554639953,1.32043515651169,-3.9660223844134,-0.243583863619357,116.762707186278,0,0
4.89,-0.987376190427004,-0.60281777381897,-0.146178407582839,0.068937039279521,0.610894888596722,0.450084672819878,-0.744002008163983,0.43650271559903,0.549546068521533,0.559332764501242,102.463672261419,0,0
4.9,0.590894881315252,-0.646920621395111,-0.0375184216150805,1.64518646810285,-1.42662098949222,-0.564854024996386,0.165822523093336,-1.90764472846199,-1.27037942922732,1.34211580122783,110.982675966021,0,0
4.91,-2.55049120644538,-0.465097904205322,0.058752513903237,0.601632897592698,-0.0732855030322042,0.62475001440773,-2.44259663999446,-0.694294346723712,0.709715834928801,0.246467836877686,75.9808440675,0,0
4.92,-1.23912230116938,-0.344424337148666,0.0491873194008592,-3.17043094665344,-1.61369265426805,0.844415071420924,-0.898449135749396,0.905786029728754,-2.93113291783316,0.733452630147983,57.0745239068923,0,0
4.93,-0.398993711683546,-0.301209062337875,-0.054456505351186,0.364507709615859,-0.457208223199966,0.369276967177743,-0.177746332627017,-0.470358473718331,0.366901935936246,1.12816678823896,50.7274600416898,0,0
4.94,1.44144865343813,-0.420971781015396,0.0824959127844911,1.46186567246772,0.408129878698098,-1.38312591458838,-0.021844754596981,-1.09372724180011,0.402524192798591,1.58073794236641,72.6503085280153,0,0
4.95,-2.26067500835478,-0.247137278318405,0.0103381149830844,-4.22814975298746,-0.797949373764725,1.98811564442031,0.887723859204656,4.17607138792882,1.16649409290252,1.98512606590573,38.1364307706324,0,0
4.96,-2.84918915175672,0.00618636189028621,0.135336869607027,-4.70678008180441,-3.22798806309112,2.38441631363959,1.48923215183726,5.28269339943509,-0.743615257655677,2.10537869198501,-4.55107593578846,0,0
4.97,2.27370428292382,-0.15452678501606,0.0347010410978505,6.42298261193443,-2.3790668898822,-1.85446005962783,-1.27995222714624,-3.4847389448621,-5.31240935524144,2.19513057438266,29.1852928845727,0,0
4.98,-0.586323797357384,-0.122269041836262,-0.0077956610516681,-1.56649825468373,0.560190033633693,0.457288110526841,0.464269237350275,1.00399131731962,1.5079495958999,2.37359540290499,19.4111156607566,0,0
4.99,-1.28252427276387,-0.0144421951845288,0.156644184600217,-2.43557885432201,-1.63958773964318,0.792053274622614,1.0015144421719,2.74961115174875,0.703455111665368,2.44639061209018,0.72190051565409,0,0
5,1.20573391549182,-0.08698570728302,0.0186178428971744,1.00542655503644,1.03688888162777,-0.617305034319718,-0.874096167603491,-1.1900275170194,0.124279393763758,2.50756417740451,15.8805720266455,0,0
5.01,0.15107542551184,-0.116520002484322,-0.0221797630810677,-0.674734683247455,0.0156530901873804,-0.12178375011504,-0.239454027105844,0.033880742012156,1.01104068655435,2.63744160809555,19.436353742686,0,0
5.02,-2.29279353176935,0.0694985762238503,0.0766811292098682,-3.25596846076165,-3.5284830373215,1.0652245083087,2.16322937048614,4.8767945779471,1.2256239200014,2.65306283368872,-14.9120982176307,0,0
5.03,-2.10270360885062,0.262421816587448,0.130019844166222,-6.29060781443638,-1.05748788882522,1.36782815086139,1.61682479648469,4.96120588847542,3.90449881765971,2.42804291933184,-46.064969703641,0,0
5.04,0.170001293591845,0.274975746870041,0.106249668045817,-1.79409126094055,-0.00639398625641058,-0.130939655340502,-0.0693632094435042,1.87357911613085,0.772593344559698,2.09526173025777,-44.5776971398202,0,0
5.05,0.418024365825794,0.244778484106064,-0.0908236280453421,-2.25477864916943,2.70296119329752,-0.387751363360338,-0.147947294621341,1.58470103460335,3.45168983415946,1.7895862865038,-38.8628518108545,0,0
5.06,1.35484184557999,0.12342718988657,-0.0859257928946034,1.06353464269005,1.94402963053788,-1.34801450245682,-0.0614653177968784,-1.50956879354366,2.08618613793224,1.58525406548062,-17.0305016258441,0,0
5.07,2.21852235686919,-0.0869212299585342,-0.011627583098009,4.10780017847892,-1.04214074455405,-2.17099386336629,-0.0428521783703536,-3.71972742957102,-0.497878378110079,1.59436759767883,18.9095030915813,0,0
5.08,1.62789291935827,-0.255200117826462,-0.0265928921174484,3.07775147224157,2.64928597075058,-1.56453593677365,-0.47640149093425,-3.91495682530013,1.8199019013172,1.83263383105627,45.4246467415578,0,0
5.09,-0.791510791740331,-0.198845759034157,0.014895081832608,-1.37669298724863,-2.01156077034588,0.716647291128672,0.474944394462621,2.2113976722096,-0.670234454014807,2.1160545227939,32.026215459612,0,0
5.1,1.28591910245031,-0.29939404129982,-0.154454207845597,5.93074141280762,-0.400224412758236,-0.816345834799774,-0.927531170347987,-3.96215428564535,-4.76718083765953,2.42255203400377,51.3145136478963,0,0
5.11,0.883161472467147,-0.386625498533249,0.0582320809467035,0.562151602926991,2.40767635534236,-0.228852090988381,-0.931008423039567,-2.59018567340825,0.0562300640452903,2.84874438963377,64.6119153302352,0,0
5.12,-2.53168555497027,-0.186867371201515,-0.0159916812808353,-8.0243655313806,-0.237214787737699,-0.10525359121019,2.6147182494594,-0.329226306606488,7.94894429191966,-3.10131210121114,26.2750249971162,0,0
5.13,0.237228924588252,-0.189549580216408,0.153643049936752,3.55822456752125,0.827364098178236,0.0731433422954192,-0.2579413627576,0.482764912476216,-3.45524563884144,-2.89317064531242,30.696106263457,0,0
5.14,-0.875562036004207,-0.115602500736713,0.0120603184810577,-5.27369974292486,1.71004905822347,-0.330210830873325,0.818753413719914,-3.61633408018665,3.99549484750334,-2.7206368994359,16.4465342797922,0,0
5.15,-2.61799448339261,0.113527059555054,-0.026519301584013,-7.44804062298337,-0.79016259732883,-1.01901872445002,2.4223914953036,-2.29008838579667,7.5284827867488,-2.74925061209374,-23.7350527059819,0,0
5.16,-2.31090661660243,0.333777904510498,0.213828790977621,-8.59465860799312,-0.945632332497234,-0.219698515124099,2.32019659321425,0.216389139842767,8.64445364519487,-3.05549715477551,-59.1413602737524,0,0
5.17,0.227173198193904,0.327752500772476,0.0631312570963661,3.6210202335545,-0.357373643343529,-0.109639831313994,-0.28116656190928,-0.606135837492471,-3.81288572043432,2.81345204308413,-53.7556788351212,0,0
5.18,-1.07807195658665,0.413529008626938,-0.0615035310184065,-5.3141210856642,1.11814384547127,0.738388520538408,0.729083950818201,3.14584716192979,4.06438553168047,2.36159738636682,-69.4045523137372,0,0
5.19,1.17413120159203,0.332415729761124,-0.0145524076111025,0.0621995348325535,3.31648005076636,-1.05969196294692,-0.456069722782374,-1.19319432761406,3.35781966168662,1.915595055423,-52.2760788721363,0,0
5.2,0.63172747648097,0.268779873847961,0.112511464343643,2.22878243602604,-0.700066192540604,-0.588526711609769,0.0153522151674542,-2.05338130750116,-0.74134768687408,1.57010781722434,-42.0996859588466,0,0
5.21,-0.0748193040094462,0.26602491736412,-0.12004489922236,-1.11248166813756,-0.593727986911169,0.0104718753357563,0.00105239230330316,1.24738428994698,-0.61657257489274,1.26092098597886,-42.2865208121972,0,0
5.22,0.503690607632793,0.215775236487389,0.156107350449619,-2.67583189023361,-1.86886499419494,-0.531487937021586,0.395821024448341,1.27781136329874,-3.06043606863692,0.986436183904839,-32.7357772035832,0,0
5.23,1.66892584511665,0.0777787715196609,-0.0630676343722925,-0.166845383216666,-0.080690077987229,-1.21115389516091,1.09521842927318,-0.0267184791979504,-0.128681462426513,0.837062044083066,-8.40612549873551,0,0
5.24,0.405662060961442,0.0261345580220222,-0.0161248935905118,-0.168139899499936,3.70719724072279,-0.378606571195974,0.280814415145965,2.70759354500779,1.68921643059334,0.801304984973757,-1.52815132042258,0,0
5.25,-0.355220488797237,0.0394338145852089,-0.0539393337749811,2.78277394981322,-0.875325112139252,0.221216649472359,-0.180222530995375,-3.51737506593904,1.36795668519007,0.77860848840419,-4.66584205194123,0,0
5.26,-2.45344869394731,0.248211994767189,0.0193203530053352,-7.43551780486162,2.98613100172576,1.33861528795567,-2.06279323179307,7.26917435765624,-4.09309368842818,0.605180554422324,-42.1225985467449,0,0
5.27,-1.18866234282891,0.364766597747803,-0.120685525935788,0.887412972475626,0.785062927245482,0.259813431989373,-1.16839310326609,0.850884890565517,0.269973312838443,0.233517950322717,-58.9203161342683,0,0
5.28,-0.22058734433707,0.389194041490555,0.00477628223207613,-2.27198768067794,-2.10977389408869,0.118974772265177,0.0360438225889556,2.05469781451467,-1.77608807863443,1.57363774841362,-60.9928020083272,0,0
5.29,0.378143524733428,0.355601727962494,-0.046883980334894,2.83821323961266,1.99491496111717,-0.387599064109006,0.149988018616744,-2.19120578067207,2.11453108963543,1.15188186448666,-54.0609338605564,0,0
5.3,2.59510042810106,0.131883263587952,-0.0673453257175849,8.78107692965397,-2.07364009698693,-2.0109736043082,1.6317386799228,-8.30114054877272,4.0213997298675,0.904357060786554,-13.6613368420452,0,0
5.31,0.871905318251164,0.0240871999412775,0.0941654037568103,0.566944994513324,0.216599458330936,-0.756504988534631,0.651370590723467,-0.562966406161303,0.383543424147291,0.861556855202688,1.64983089678234,0,0
5.32,-1.40300969808874,0.133110001683235,-0.0386517160198241,-6.89930534674214,-1.70838974664092,0.95405862148204,-0.885557773979073,3.75466647643268,-6.23661620385142,0.794583657446542,-19.7826577456342,0,0
5.33,1.48477349079002,0.0139145674183965,0.0539720015467633,2.30235947253315,1.31205291102986,-1.07404638057194,1.13614653436457,-0.363453662428168,2.60788354806155,0.738397912325051,4.36080782003238,0,0
5.34,1.24882632999892,-0.105639517307281,0.110447902782184,3.82469996029757,-1.39876759376913,-0.853439461518908,0.805072455823218,-3.82748036461405,1.29036805073821,0.841670716867824,23.3528621473309,0,0
5.35,-0.705783868793819,-0.0693728476762772,-0.129691732178842,-1.81596439444013,2.39077657680646,0.436759235156991,-0.33034180544764,2.24868556380143,0.398438979895953,0.980791447810749,14.604837664966,0,0
5.36,0.684066457981662,-0.116932861506939,0.103013410251211,-2.10024885855532,-0.48462130833411,-0.638496222728506,0.31179527121342,2.37350686875951,-1.38136938044435,1.12278183607712,24.0471355498213,0,0
5.37,-2.36743744574777,0.0660848617553711,0.0115798813422806,-1.1108606627591,-0.55761969701364,2.2204657271065,-0.928682264392461,0.721322664598933,-0.654007313380882,1.17193126425692,-10.4586724165714,0,0
5.38,-1.13573264720144,0.173193395137787,0.123450356836566,-4.30924617476695,0.90593183973939,0.839393699901229,-0.523476177915177,4.22796868049832,-1.11597466818634,1.03703730706965,-26.0323161791349,0,0
5.39,-1.84494198741444,0.341634541749954,-0.144616673058091,-2.47518010050044,3.57518019923918,1.24613513904631,-1.44940085444667,3.64000136574299,0.269412929977649,0.739963357059584,-54.8212359979852,0,0
5.4,3.02790911924992,0.100049711763859,-0.00694646793836672,4.88492198207355,1.582262945356,-1.49038063508302,2.58939736807325,-1.03087463844885,5.11080845859884,0.511583283390121,-7.13045769106462,0,0
5.41,-0.827957501050608,0.141950964927673,-0.00269006871692516,-1.43864104689379,1.02621586903556,0.299238738230376,-0.735288324100709,1.52504056333862,-0.795374176620941,0.413406020972511,-19.955946382538,0,0
5.42,1.35286737157959,0.025294803082943,0.0909354910095945,4.24224587138136,-2.03903123125632,-0.408305842954217,1.28140110536342,-4.15778795707742,2.96647669071956,0.351360956111025,2.80358819713697,0,0
5.43,-1.29125050621457,0.122483916580677,0.0903593376593934,0.430616515742569,-0.539426034466093,0.394823613397238,-1.20839363560329,-1.25018076954172,0.20190181382286,0.297859616160038,-17.3150577497362,0,0
5.44,-1.17368572191851,0.250028073787689,0.0737474867357347,-3.36235732927405,-0.494287872776252,0.137709409197401,-1.25290806172655,-0.722895780668758,-3.13316008087487,0.0933484652042042,-38.1186261204297,0,0
5.45,-1.714719456821,0.412433236837387,-0.207785710140112,-5.31930413690475,3.75400971238962,-0.547745025859367,-1.58226735203817,2.22625956501762,-6.25334864931605,-0.286799735144061,-64.9313626248792,0,0
5.46,0.836693941372848,0.369316071271896,-0.122529214879744,-1.37688951755288,0.418030524895797,0.523407517782858,0.613201524467567,-0.681792330262252,-1.67709180190844,-0.721254504002489,-53.6892708886465,0,0
5.47,0.904513006542144,0.288931965827942,0.105914558235433,4.96665508593939,1.3389133298889,0.747636337263415,0.435787273794454,4.93767550932579,1.75274645433335,-1.06302259907331,-39.8431409244358,0,0
5.48,-1.56887564547911,0.412773847579956,-0.0758556174732989,-6.79379149240103,-0.511150218456172,-1.57414863953399,-0.205126227848536,-6.95419398968435,-0.876702342510774,-1.44169884400624,-63.4029117199895,0,0
5.49,-2.14356811783449,0.612303674221039,-0.117169911114347,-9.06380085545403,4.02612173586998,-1.90762366834478,1.01017559343822,-9.9086058589748,1.3250938349422,-2.02849338374282,-96.5470774972398,0,0
5.5,1.83432957141047,0.470416992902756,0.00559675209465204,-1.35344333790624,-0.0438319875456075,0.963667045127555,-1.71416759230363,-0.482579372913576,1.47887274885503,-2.6263479819085,-66.0895160743728,0,0
