t,iq,iq_ref,id,vq,vd,ia,ib,va,vb,theta_e,omega,r,"T_ass:0.11,S_pct:0.04,kp:0.0978,ki:0.3404"
0,0.0145525260382224,0,-0.18539293099444,-0.288624024944671,0.378480966314371,0,0,0,0,0,0,0,0
0.01,-0.032833875097706,0.000103971287899185,-0.126192861874603,0.0874377549898835,-0.0999696519831044,-0.000951319195093448,0.00138216658445223,0.043056216367981,-0.0665165748834129,1.04042049787914,-0.00797131499235318,0,0
0.02,-0.0205469458850846,8.72397231432842e-06,-0.0179725933188823,-0.0968502604819299,0.577531172002336,-0.000831255579577657,0.00140053108643089,0.0411593915090042,-0.0698485160732263,1.04039443331353,-0.00168590947572175,0,0
0.03,0.0553636215521785,1.41853752211318e-06,-0.044762264486177,0.295683632991507,0.453136431765425,-0.000821221013509318,0.00142889624565063,0.0409718197374177,-0.0714532192371205,1.04038977130981,-0.000892480841803625,0,0
0.04,-0.141260890911051,-4.00985709347879e-06,-0.0211709234727225,0.445257621418643,-0.502315830124861,-0.000780300611464976,0.00138526752839199,0.0391605133484476,-0.0694081672780888,1.04039325954752,-0.000707290646043675,0,0
0.05,0.0457788812918107,2.00585463971947e-06,0.0263966275161995,0.0828933437076581,-0.00742117114089774,-0.000818509154631981,0.0014278169266842,0.0408108010005151,-0.0713843516243361,1.04039042606999,-0.000973322793021,0,0
0.06,0.0521721310990936,-1.22529900181689e-06,0.0222670741448899,-0.0113253178631839,-0.288924508478328,-0.00081244480392064,0.0014249662474659,0.040646917483118,-0.0713235726964854,1.04038939896627,-0.00068225740407678,0,0
0.07,0.0338332341299685,9.88766259979457e-06,-0.0675130458525472,0.586890015199515,1.09827264813952,-0.000847740111386146,0.00147158667782641,0.0419314653659708,-0.0733746259482808,1.04038940057472,-0.00147492502679164,0,0
0.08,-0.078811693310631,-3.07495793094859e-06,-0.0573980180559023,-0.0389204324336324,-0.367469731083754,-0.000809993026244431,0.0014244610798544,0.040603986082408,-0.0713451210836396,1.04038862513029,-0.000501934609197408,0,0
0.09,0.0220983127469883,-2.09428935704636e-06,0.0892289789001867,0.622700630622656,0.650009402995664,-0.00080869964240722,0.00142282711684822,0.0404970005757334,-0.071238522780647,1.04038938158228,-0.000615735423609919,0,0
0.1,-0.0309775593463713,-1.55642192112282e-06,0.126386453824688,-0.153123606977048,0.101562602885334,-0.000810267496553834,0.0014237159224047,0.0405521455477281,-0.0712693227468649,1.0403894724246,-0.000659251143708556,0,0
0.11,0.134503610912708,-1.54193548951298e-06,-0.1044412175156,-0.809299636581157,0.205575552924275,-0.00081045743491606,0.00142382626241611,0.0405609716943323,-0.0712744460215105,1.04038945372107,-0.000658955121839339,0,0
0.12,0.150058549163372,-1.55616407937487e-06,0.0934769643856761,-0.37442253254106,0.562271658722185,-0.000810419286613527,0.00142380385625351,0.0405596311908632,-0.0712736604677908,1.04038944897821,-0.000657413302167276,0,0
0.13,-0.00457523346124488,1.07237610791344e-05,0.0794804488001682,-0.393786200979741,0.285884882153478,-0.000867695614720808,0.00150273352577414,0.0428923383388674,-0.0749115708243451,1.04038612282985,-0.00134189218681677,0,0
0.14,0.0140456052000224,-7.80248592491262e-06,-0.00467775107194935,-0.0645863428964021,-0.512950668157871,-0.000890340676333354,0.00156563974971326,0.0448220476282087,-0.0785277580211324,1.04038689274562,-0.00223988153574949,0,0
0.15,0.0633939540682807,-6.85755867380067e-06,0.0140585149493324,-0.145747153974983,-0.974446005613303,-0.000803893529007954,0.00142330283138106,0.0404618170143786,-0.071382817112529,1.04038719077556,-0.00014636835638073,0,0
0.16,-0.0469048213648048,-2.83542476609e-06,-0.0216847327629678,-0.543573652496439,-0.302866554154287,-0.000805701510173647,0.00142115344129414,0.0403787404015062,-0.0711734040832011,1.04038934803618,-0.000559077033126517,0,0
0.17,-0.0699914910195698,-1.46496813613339e-06,-0.231879161458839,-0.166205639746312,0.058990110261956,-0.000810192247381652,0.00142367470879881,0.0405441123394499,-0.0712647570005307,1.04038951962564,-0.000666865845719733,0,0
0.18,0.0357686132328763,-1.48626668305951e-06,0.0526517325890501,-0.368314649882983,0.0603131762553724,-0.00081055440063921,0.00142388322936428,0.0405630918805486,-0.0712756960991841,1.04038945890494,-0.000661572432574578,0,0
0.19,-0.0280128249797184,-1.53253586177016e-06,-0.0971425903498713,0.0581149619390329,-0.391871780389558,-0.000810430028602723,0.00142381016090386,0.040558822800963,-0.0712731870878661,1.04038944780307,-0.000657368657235155,0,0
0.2,-0.0129988139015038,-1.53239852807019e-06,0.0537571582231152,-0.0828264630999811,0.950467314469856,-0.000810407035964794,0.00142379667034558,0.0405576209139081,-0.0712724822921719,1.04038944898458,-0.000657198560915785,0,0
0.21,0.0574463653685407,-1.52747634274419e-06,-0.0406676651185725,-0.0581622692642777,0.146284157566603,-0.000810409346228706,0.00142379802463745,0.0405574778436494,-0.0712723984320277,1.04038944947266,-0.000657330745401278,0,0
0.22,-0.0421526690508586,-1.52376742335036e-06,-0.141217067677871,-0.377294863024223,-0.204195439173057,-0.000810410450847486,0.0014237986724616,0.040557326797013,-0.0712723099378752,1.04038944947409,-0.000657347825020206,0,0
0.23,-0.000145072111811855,-1.52032725964091e-06,-0.0212063332288005,-0.0476621070430873,0.401554609078694,-0.000810410450830503,0.00142379867246553,0.0405571320814295,-0.071272195838318,1.04038944945861,-0.000657344658157947,0,0
0.24,0.0627324339110976,-1.51686890603742e-06,0.0461178788905403,-0.535936335278505,-0.385441951391849,-0.000810410350410838,0.0014237986135724,0.0405569315311293,-0.071272078315943,1.04038944945871,-0.000657343795663971,0,0
0.25,0.127398913255339,-1.51339918375015e-06,0.0451648129824321,0.104660772814571,-0.50776791202894,-0.000810410350413135,0.0014237986135717,0.0405567354816731,-0.07127196343268,1.04038944946069,-0.000657343833289972,0,0
0.26,-0.0793035117737289,2.84717702925263e-06,0.0106869353533835,-0.256791892791281,-0.345311277918352,-0.000827574204134619,0.00144345238044045,0.0412264816270504,-0.0721447635703791,1.04038905688335,-0.000946435194938137,0,0
0.27,-0.0218965298722168,-1.18838470370974e-05,0.00428492495430928,0.048787784570062,-0.437546728138792,-0.000783588355508842,0.00138548434456913,0.0396635809339386,-0.0696174979896868,1.0403885334982,0.000138512369794095,0,0
0.28,0.0331385203622995,1.90565206139581e-05,-0.158431104752888,-0.387085053081556,-0.727100990516896,-0.000793443759099504,0.00138713082205221,0.038821918293683,-0.0689169902919707,1.04038881744695,-5.17892107706291e-05,0,0
0.29,-0.0301832207395856,-1.03695720099495e-06,-0.137179761815935,-0.112796188641718,-0.853530783798611,-0.000809470649894102,0.00142231184706544,0.0404890268142405,-0.071185435338798,1.04038988003459,-0.00071541405371165,0,0
0.3,-0.0262709577157912,3.31148453369678e-06,0.0521021215591863,-0.173593420239083,-0.642292024608225,-0.000810207137140584,0.00141819576945101,0.0403383473826641,-0.070869362835861,1.04039244339511,-0.00117636276967613,0,0
0.31,0.0765946695804112,4.81541064800695e-07,-0.132087562876153,-0.426218903858799,-0.364105550729224,-0.000816652880824663,0.00142726757508369,0.040782518077249,-0.0713947884994104,1.04038974096523,-0.000816877621069083,0,0
0.32,0.027553717733344,-1.50795858644415e-06,0.0646682615212094,0.553311322183671,0.469829361410031,-0.000811023240308929,0.00142415141743706,0.0405868255001351,-0.0712892814408146,1.04038936973794,-0.000652709717503467,0,0
0.33,-0.00884596988327383,-1.57384147314588e-06,0.0422280509809312,0.289854447133651,0.0402996001372492,-0.000810247252631191,0.00142370274121793,0.0405508233950772,-0.0712684853495384,1.04038943262421,-0.000651392005459667,0,0
0.34,0.0700955049367951,-1.50675077748019e-06,-0.0994345487381173,-0.0802808437140042,-0.223462434177319,-0.00081037530918113,0.00142377805317333,0.0405542863764858,-0.0712705245730121,1.0403894508705,-0.000657003329673432,0,0
0.35,-0.0204415085101718,-1.49549669004045e-06,-0.0774366697302322,0.130451063874533,-0.530606795986502,-0.0008104130627081,0.00142380020327294,0.0405556407819842,-0.0712713222849123,1.04038945021906,-0.000657522607632564,0,0
0.36,0.0222417304230247,-1.49358902490349e-06,0.010457010379578,0.184405509416503,0.845155829744862,-0.000810411856786085,0.00142379949694923,0.0405554516509471,-0.0712712115197671,1.04038944952953,-0.000657370814903946,0,0
0.37,0.0104622745360603,-1.49052220876911e-06,-0.013730139048147,0.61779295697551,0.0702549153015938,-0.000810410450871786,0.00142379867245477,0.0405552024875268,-0.0712710654944574,1.04038944949549,-0.000657339909634558,0,0
0.38,-0.0932605134672549,-1.48703293234576e-06,-0.0619122685718039,-0.0078918541959731,0.262615708601166,-0.00081041025005713,0.00142379855466276,0.040554995326108,-0.0712709440933592,1.04038944951812,-0.000657342593718104,0,0
0.39,0.00461740181144716,-1.48354683915386e-06,0.115820092943829,-0.120289187242306,0.0872600780722042,-0.000810410350482125,0.00142379861355424,0.040554803334215,-0.0712708315891877,1.04038944952263,-0.000657343897416009,0,0
0.4,-0.0873148907416338,-1.48007666211925e-06,0.0535821239717891,-0.159930734259233,0.174782844191271,-0.000810410350483222,0.00142379861355401,0.0405546069776404,-0.0712707165258907,1.04038944952365,-0.000657343913824277,0,0
0.41,0.0443904720482846,-1.47660739457933e-06,0.0388320902833889,-0.127395319478379,0.0430067272010834,-0.000810410350484751,0.00142379861355361,0.0405544106304002,-0.0712706014680391,1.04038944952501,-0.000657343869766444,0,0
0.42,0.0347796971868436,-1.47313767229207e-06,0.206216326182157,0.12137409627439,0.21893490939009,-0.000810410350486648,0.00142379861355284,0.0405542142336185,-0.0712704863811202,1.04038944952653,-0.000657343865465494,0,0
0.43,0.118992541723176,-1.4696679500048e-06,0.0134325589998905,-0.460246548704305,-0.0776148924730547,-0.000810410350488301,0.00142379861355246,0.0405540178069058,-0.0712703712766491,1.04038944952804,-0.000657343866639627,0,0
0.44,-0.0375577458795338,-1.46619822771754e-06,-0.180696830386256,0.317357653442977,-0.0605478963694158,-0.000810410350489692,0.00142379861355253,0.0405538213502624,-0.0712702561546249,1.04038944952955,-0.000657343866884391,0,0
0.45,-0.115237467930558,-1.46272850543028e-06,-0.151261179230514,0.027697942234362,0.598550259093696,-0.000810410350491381,0.00142379861355209,0.0405536248636884,-0.0712701410150473,1.04038944953106,-0.000657343866863439,0,0
0.46,0.00822725352798385,-1.45925878314301e-06,-0.132196614500723,-0.78850220758486,0.0138312197328307,-0.000810410350493189,0.0014237986135515,0.0405534283471875,-0.0712700258579162,1.0403894495326,-0.000657343866851368,0,0
0.47,-0.0311776160278264,-1.45578906085575e-06,0.0112009362728645,0.349191702383638,-0.77767159428484,-0.000810410350494799,0.00142379861355116,0.0405532318007526,-0.0712699106832337,1.04038944953409,-0.000657343866849043,0,0
0.48,0.0466161018934499,-1.45231933856849e-06,-0.0676384680618699,-0.128021437386344,0.685935071098181,-0.000810410350496412,0.00142379861355085,0.0405530352243898,-0.0712697954909983,1.0403894495356,-0.000657343866849089,0,0
0.49,0.0170162827505875,-1.44884961628122e-06,-0.119583728958555,-0.546080834463767,0.346409560725637,-0.000810410350498112,0.00142379861355039,0.0405528386180963,-0.0712696802812096,1.04038944953711,-0.000657343866847744,0,0
0.5,0.00757506451974649,-1.44537989399396e-06,-0.00782706864331534,-0.49632813821395,-0.769568224262907,-0.000810410350499882,0.00142379861354986,0.040552641981876,-0.0712695650538673,1.04038944953865,-0.000657343866845818,0,0
0.51,4.32503830154729,4.59999990463257,0.00320900071978577,17.5600983489031,-0.205172641422192,-2.54483869007496,3.39951724432025,-10.0724664609483,14.5383542216512,0.640082465665901,196.273769453275,1962.67520483502,0
0.52,4.03438507485832,4.59999990463257,0.13925918247742,24.6471563394279,-5.88765575989353,-1.00533982336935,-3.98111081250341,0.920171389095347,-25.593276788283,2.9259380743435,421.997224830516,1962.67520483502,0
0.53,3.88731278991047,4.59999990463257,0.0227125303603076,36.9199516710928,0.292416426684308,-2.03226356766786,3.28578519016944,-19.2289516700141,31.4177210991481,0.553660610020584,643.691900525687,1962.67520483502,0
0.54,3.73354637829423,4.59999990463257,0.300160534238578,42.1894387082178,-9.62368243955076,1.04087625779896,3.61923012781031,-0.419644159063036,43.1835111542039,-0.225403845899832,857.612147804794,1962.67520483502,0
0.55,3.69630895672029,4.59999990463257,0.134468740590004,48.5851048446136,-7.3048800677759,-1.79342258642395,3.15164917391672,-31.4399797383356,36.9598667767076,0.557885543658614,1069.32150372117,1962.67520483502,0
0.56,3.23676112061823,4.59999990463257,-0.223631410784434,48.0548907649366,4.03259401118485,-0.788747786588855,-3.21194490104802,-16.8105885648156,-45.1686974362805,2.87540602135734,1277.15700583248,1962.67520483502,0
0.57,3.38430846634695,4.59999990463257,-0.234961031710708,47.7061888509396,10.8022344971709,-1.61839191284172,3.04793917815445,-8.96340914837913,48.5849797333037,0.421486105423009,1482.19194023445,1962.67520483502,0
0.58,2.18618388073633,3.37463974952698,0.174741017120477,47.8754239159005,-7.70686671745813,1.37630194863253,1.74552325309827,20.2189280886139,44.2720784347435,-0.594595764876854,1656.29447801457,1962.67520483502,0
0.59,1.079583340948,2.33685111999512,-0.198106186765979,47.9136555659338,10.8369310066363,0.405864454203175,0.970255153819827,35.997370621885,33.5066145003501,-0.601875486763117,1761.28390940962,1962.67520483502,0
0.6,0.635406369453446,1.72430157661438,0.662904495271764,47.8405639945548,-22.9669618093468,0.45966345256724,0.506675407481618,-22.26304153224,48.1794579799044,-0.00799177893843294,1824.15257915967,1962.67520483502,0
0.61,0.200610461406064,1.36336410045624,0.206963225598078,48.3973998841927,-8.83801490412703,-0.0322168139304411,0.234528688603623,-43.9996057387226,21.0711164546595,0.944563237784178,1861.15560621811,1962.67520483502,0
0.62,-0.160000286100468,1.15164613723755,-0.116222763498336,48.3836694835874,3.56342456074824,0.110214889429264,-0.13110117751169,-40.5901477857478,25.829430249193,1.07218314623849,1884.69747270915,1962.67520483502,0
0.63,-0.342869232048083,1.02378940582275,-0.139776469468933,48.0159634323553,5.12214239868512,0.206877184939437,0.0501606871359473,-37.4358277211148,-30.6019757200719,2.37683690528689,1898.90943691119,1962.67520483502,0
0.64,-0.33986854373638,0.944713592529297,-0.208874693809172,47.9239848948076,13.4871385888924,0.0776132833245642,0.35028211631042,17.2533315118835,-46.7319921470841,-2.51713251385521,1907.97825461671,1962.67520483502,0
0.65,-0.299320656123972,0.89975893497467,-0.321558239734616,48.477267675435,11.609171828547,-0.411991465947817,0.060053052539984,48.0357349787791,12.1204534407281,-1.07354002777238,1913.71345092356,1962.67520483502,0
0.66,-0.501413478745705,0.878188848495483,-0.10884415440241,48.1713302093152,6.78511311144281,0.0599847588901034,-0.521811876228953,-12.2307908291331,46.9824044779547,0.40511021506527,1917.99783949813,1962.67520483502,0
0.67,-0.545256067121459,0.855955183506012,0.132035104341595,47.8888404777496,-11.0145818670339,0.422254699036716,0.379324074366538,-41.6708082226738,-26.1323547434683,1.91078218698328,1921.71570012717,1962.67520483502,0
0.68,-0.438091649236447,0.845516681671143,0.366843392567059,48.4143511910374,-18.1719769416991,-0.482640770334336,0.335964117298884,31.3373042448974,-40.6425331974594,-2.84647516935341,1923.87889872745,1962.67520483502,0
0.69,-0.281634132953336,0.833427488803864,0.452651691414761,48.2450945413212,-21.1735708771815,-0.164467910936651,-0.488544085747846,40.6464662224772,33.346055433211,-1.30399298924795,1925.8725753839,1962.67520483502,0
0.7,-0.182380612607695,0.829400300979614,0.272340774477566,48.2472594489998,-16.7830824302349,0.0687807206367772,-0.402559989244557,22.1029385722674,45.8169015281012,-0.786979686532408,1927.37480212291,1962.67520483502,0
0.71,-0.291524524798024,0.828561723232269,0.0571159900934574,48.5463850411539,-6.81323921842908,0.280577423843504,-0.0977064502211717,-38.5945999923145,29.3274213435696,0.781172074409041,1928.64864160997,1962.67520483502,0
0.72,-0.569539691806671,0.832043647766113,0.0294740867670494,47.936951900001,3.28346947353359,0.495973627764478,0.396653985857753,-36.2104636174117,-31.6806746020393,2.35812841522569,1929.9198796351,1962.67520483502,0
0.73,-0.546873541693904,0.830294370651245,-0.230637421765197,47.9663413213111,3.98742992494228,-0.312131720522519,0.40060285060459,31.9634074525161,-35.9985840411281,-2.33893950918231,1931.50234256714,1962.67520483502,0
0.74,-0.358755862857399,0.828627943992615,-0.276156175169672,47.8078452273737,6.97741562546068,-0.375911909366476,-0.189232232399675,38.0528392542246,30.214367586395,-0.743806809954284,1932.61260718532,1962.67520483502,0
0.75,-0.178295988862065,0.830809950828552,-0.549477074904843,47.5784820366722,15.002200510665,-0.00865417935646226,-0.3693254442804,-26.9200270542805,42.2405867445691,0.857252415829827,1933.12195530737,1962.67520483502,0
0.76,-0.31617884724818,0.8296177983284,-0.221564827772176,48.4395356722359,12.6965403605828,0.407255142477242,0.113642045782,-39.6188383108253,-29.7501720622208,2.46528232534952,1934.15756077395,1962.67520483502,0
0.77,-0.352199140999935,0.825546145439148,-0.329452121537514,48.1779901538107,16.3887323546963,0.370715873134171,0.425141452552816,-20.8803900475065,-46.1437158509367,3.0414534824555,1935.16767927207,1962.67520483502,0
0.78,-0.500783699091956,0.826545119285583,-0.219851213489988,48.3445165598139,12.7710313409647,-0.508735863108045,0.2810323284216,47.3571041554916,-14.8414525655696,-1.61762976611698,1936.52730991731,1962.67520483502,0
0.79,-0.61607027188095,0.825937867164612,-0.11268127078669,48.2677934413976,7.07134015428864,-0.130931192764801,-0.598199887820456,5.99429920137615,48.0973759396501,0.0153055415623204,1937.60321176394,1962.67520483502,0
0.8,-0.551642380850556,0.819795370101929,-0.0372508434744189,48.2743026056592,-1.83455860044868,0.533359161907132,0.0781722387819799,-47.6857364244872,-5.69391866039564,1.65771154176395,1939.3319553936,1962.67520483502,0
0.81,-0.51846073133285,0.824167549610138,0.0844720591667421,47.9022903305935,-8.44810054094992,-0.237973073674078,0.475298034908861,15.4907602104981,-46.0879336681054,-2.97741763467526,1939.59803876765,1962.67520483502,0
0.82,-0.404097196728795,0.822412610054016,0.496738649316817,48.0153064503843,-8.29746546101038,-0.414183479441281,-0.296397323864201,44.2971727061438,20.6755106841408,-1.32464582307155,1940.60368718225,1962.67520483502,0
0.83,-0.346275741539282,0.823696136474609,0.330387655266205,47.9802157739027,-14.6854834029956,0.399459243975863,-0.263634262117147,-29.4785539629059,40.5785407485225,0.334006251141617,1940.98742549268,1962.67520483502,0
0.84,-0.388490248142743,0.816012918949127,0.446560431748745,48.0377846778386,-14.603601284493,0.440276836292512,0.0315680137381293,-47.3472042804601,16.0732743490094,0.959658850802866,1942.04760531652,1962.67520483502,0
0.85,-0.31483363553087,0.818260550498962,0.360068233715453,48.2390151450006,-10.3346987947698,-0.0410825433182641,0.341910000804845,-14.4586653237617,-46.9133617223161,2.631420578821,1942.44309116693,1962.67520483502,0
0.86,-0.24229366210159,0.818535029888153,0.356555393999539,47.7482824847912,-14.1354470902562,-0.298714576918057,-0.155012974829193,49.3268151863618,-6.76124588024604,-1.97583049671329,1942.83818832739,1962.67520483502,0
0.87,-0.276437584702953,0.823845326900482,0.249550661197226,47.9866777364997,-10.5012953826968,0.0997930367593026,-0.357593735463757,4.19460544566388,48.9017187761985,-0.295861446601843,1943.56059028957,1962.67520483502,0
0.88,-0.422939673871707,0.824310600757599,-0.0758289131301423,48.0816691117528,0.671818890936828,0.55991542673097,-0.122840529699131,-47.0806109114166,9.37593889885143,1.38883588583164,1944.48534750137,1962.67520483502,0
0.89,-0.363496312643514,0.825847327709198,-0.119864821685541,48.2160641680985,5.36400753007778,0.120198910885254,0.380651007459886,-7.97103308722026,-47.587303759319,3.07752669164288,1945.13259078788,1962.67520483502,0
0.9,-0.374317290674115,0.821117639541626,-0.0904929614574001,48.3903184674985,8.03525229707481,-0.350721859000292,0.126117759062582,48.3661558285393,-4.58213263023664,-1.51021409130279,1946.1641532671,1962.67520483502,0
0.91,-0.376080362746911,0.819477021694183,-0.203052577581317,47.9034866660709,6.50139744993818,-0.308473066237971,-0.112233108690302,40.056650502826,27.1418266849524,-0.848859735911449,1946.87754561587,1962.67520483502,0
0.92,-0.325103488467344,0.812834858894348,-0.331354524453298,48.3413863512225,10.0621820884429,0.0889079581416333,-0.330378489680773,-30.0160735824987,38.6860435565461,0.858730653929925,1947.68341477695,1962.67520483502,0
0.93,-0.302253320304915,0.812374472618103,-0.226912630218779,47.7748631997921,12.0705618513067,0.390184656094256,0.199372049183557,-35.1971980993633,-34.4535687334694,2.57159530156132,1948.35673391967,1962.67520483502,0
0.94,-0.234987355922838,0.812429666519165,-0.490391839698353,47.7123513841243,23.1520160760668,-0.11914598367914,0.558372139498811,34.2729511287242,-40.6771995069668,-1.99596905047577,1948.57289525008,1962.67520483502,0
0.95,-0.375654259368496,0.811701953411102,-0.282589107590038,48.3734771055041,16.826424538679,-0.439253378691362,-0.304151158221666,29.2803724498673,41.6014541092407,-0.275635329873935,1948.93697456321,1962.67520483502,0
0.96,-0.449044012850765,0.817366182804108,-0.129483569282343,48.4023733984844,9.78395553964391,0.421271578438933,-0.257182915300145,-46.3777401290265,15.8483486010445,1.44496733648119,1949.14738182571,1962.67520483502,0
0.97,-0.441677074100566,0.815828144550323,-0.147141820834869,48.3498466500275,10.0097817442203,0.17976638653735,0.549425261178619,-8.15055406032403,-48.2461016048026,-3.11369747377498,1949.52782344094,1962.67520483502,0
0.98,-0.510847798398236,0.815729737281799,-0.11417744085639,47.8688048248527,9.35130257198769,-0.238061031281749,0.525157675237177,25.4519974172999,-41.4651901227803,-2.42698756629001,1950.42868972571,1962.67520483502,0
0.99,-0.614511306555589,0.817256331443787,-0.189420860251534,47.7952570153122,2.02102703917304,-0.392718527094882,-0.377720160223,32.9642893787672,35.0069399262463,-0.696022037275195,1950.81098440879,1962.67520483502,0
1,-0.549636268312238,0.819088876247406,0.147760083876969,47.934504562198,-8.09650498881056,0.562701882962997,-0.146401101303367,-45.3508005057349,17.6026841192965,1.03725133830911,1951.26591745696,1962.67520483502,0
1.01,-0.50691557357338,0.818088293075562,0.0566690906944856,47.962650412391,-9.94049146264184,-0.016760589297922,0.513199511161284,-7.98115979932799,-48.3500587742585,2.77518893688342,1951.70925159225,1962.67520483502,0
1.02,-0.498686794425585,0.821369826793671,0.445841916781914,47.7222120324109,-14.8216570423841,-0.515253225239769,-0.198541149093715,49.9651293022759,4.981870286706,-1.76940271455644,1951.73878575134,1962.67520483502,0
1.03,-0.466361333878244,0.819975852966309,0.485708817597011,48.4128844061389,-17.2838084925927,0.331836598795924,-0.46550926462496,-15.825467362729,48.4858751634312,-0.0293837811799061,1952.17387566726,1962.67520483502,0
1.04,-0.448640468029009,0.812861561775208,0.401149743062879,48.2663216505013,-18.8779275363171,0.410952611887365,0.430315317381434,-44.8441785011798,-25.0981831412474,1.71579213539005,1952.84812338892,1962.67520483502,0
1.05,-0.318665519916412,0.814498066902161,0.279378239384654,48.7500924302658,-13.3295933430558,0.0607299155423021,0.459835556605219,-21.8621021301426,-44.6443444858225,2.42318102008175,1952.81814631672,1962.67520483502,0
1.06,-0.437730667005574,0.81624436378479,0.231528263989684,47.5945322385716,-12.8061635699334,-0.410925510772751,-0.0669738871589762,48.1442202017242,-13.0541029718785,-2.11118701096279,1952.90471146551,1962.67520483502,0
1.07,-0.351122873575569,0.813389003276825,0.26705989422918,47.8877907901657,-9.17734685407384,0.0739146237478882,-0.343883725189155,7.8075919187043,48.3408285788335,-0.359221036419415,1953.46566640255,1962.67520483502,0
1.08,-0.326449809344364,0.813612818717957,0.216588010038294,48.1733519072871,-9.87272114036347,0.395032793901902,0.119204007870449,-48.9244071296917,-1.06492610109056,1.39666057868881,1953.70705916482,1962.67520483502,0
1.09,-0.341301303690702,0.817472219467163,0.266045859187766,47.3071405153261,-8.48949004636886,-0.156978351034447,0.311840469378451,8.47059670133216,-47.9064841497189,-3.13018431545333,1953.88477774094,1962.67520483502,0
1.1,-0.417204762698773,0.821104168891907,0.0621649798208353,47.7728536140444,-1.27170548735333,-0.454190480204357,-0.112643182582282,46.795604666642,10.7646288029745,-1.37189798219761,1954.09665642545,1962.67520483502,0
1.11,-0.551699595471739,0.820267677307129,0.198813127158041,48.4743642974209,1.16139769109353,0.221523316647315,-0.606168842305048,-17.2569559545222,44.800818597024,0.387611955061163,1954.52749247035,1962.67520483502,0
1.12,-0.487466574478638,0.822017729282379,-0.0866820521186917,47.6631765944668,4.6516312206586,0.434746538203579,-0.311120368173509,-41.0253517796773,25.2921634194864,1.10835449857018,1954.89116050443,1962.67520483502,0
1.13,-0.421123371654908,0.823012709617615,-0.0135503799575555,47.6359632866431,7.05052502571647,0.215386681366982,0.30836822079313,-18.9892049877372,-44.5474124936912,2.87136151582085,1955.17456270886,1962.67520483502,0
1.14,-0.345383412740353,0.816445589065552,-0.0751479661984231,47.7780314845606,5.83418164034478,-0.281768879847964,0.137626409005838,47.4364683741876,-9.4626142695952,-1.64374823848009,1956.02639671643,1962.67520483502,0
1.15,-0.322286852756858,0.814969003200531,-0.157826632852189,47.6297981718688,9.46508303419155,-0.16200977733332,-0.283502690328043,3.7443314610155,48.8828191640586,0.128496790917386,1956.22217257937,1962.67520483502,0
1.16,-0.344325155800475,0.815074563026428,-0.0973651178106349,48.4068422594363,6.65593934493165,0.299909858212522,-0.0236625882455348,-47.3712725402019,-9.83687199556795,1.9012586437279,1956.36698882052,1962.67520483502,0
1.17,-0.399582044220124,0.809826970100403,-0.179421452146485,48.1704401092519,9.30600816804073,-0.013393942362404,0.373380010022694,16.7676927819897,-45.8642091379447,-2.60610235285474,1956.81743988164,1962.67520483502,0
1.18,-0.354925329528472,0.813759624958038,-0.362076527574132,47.9531148227042,16.450018557569,-0.507691611300805,-0.023984709677201,46.3677326440883,20.4419789582361,-0.829260382720418,1956.78381477271,1962.67520483502,0
1.19,-0.346690333923663,0.811201632022858,-0.346189808814777,47.7144402022222,19.3172351000039,0.0120332381156045,-0.497369364782805,-27.4388388189581,44.0774398917806,0.947897319458745,1957.02317236611,1962.67520483502,0
1.2,-0.486877052971688,0.806526243686676,-0.226008653201519,47.5361335630628,16.5677873813488,0.462305635073052,-0.276253365135185,-49.5982520226975,10.5224639651871,1.68969015778261,1957.6905929166,1962.67520483502,0
1.21,-0.504329785976557,0.808160543441772,-0.246071355205396,48.4183203383248,17.4376383287364,0.186946836681679,0.548269202223115,-1.00425434372598,-51.1119405358376,-2.80996099563961,1957.69175952758,1962.67520483502,0
1.22,-0.547167989722629,0.811471521854401,-0.271040830990789,48.0523986760454,12.6137336341781,-0.618868074055126,-0.0811829712359615,47.4430133396144,14.3115073090582,-1.02667507064946,1957.68942009268,1962.67520483502,0
1.23,-0.502568657256858,0.808605492115021,-0.226850727638837,48.3577745426716,15.3050293957318,0.120114789713507,-0.570660482747862,-22.1583925435434,45.1669648007323,0.760267857601762,1957.73435445878,1962.67520483502,0
1.24,-0.523510374458117,0.807002305984497,-0.198559172501649,48.0823002862508,7.5037820432296,0.414788923819507,0.352285814948027,-32.7125958241222,-35.8304273495833,2.54781632499868,1958.23836917745,1962.67520483502,0
1.25,-0.629129406929633,0.812333583831787,-0.247375447370657,47.9040756068782,4.64848418040507,-0.538118702533202,0.324973086170596,42.8172449323209,-22.2476305983133,-1.9477130109975,1958.20933944061,1962.67520483502,0
1.26,-0.757966699344272,0.813539862632751,-0.144379416733303,48.5471230255019,-2.01624858454217,-0.0589754360976372,-0.629827977960499,5.45172774583948,47.7407137116573,-0.159772174546952,1958.24438808978,1962.67520483502,0
1.27,-0.516155716639149,0.810815215110779,0.147720831663138,48.1253123047137,-3.97906205531914,0.396971172725078,-0.431225632797225,-30.3569811177351,37.4423599308879,0.589586434596835,1958.98014635465,1962.67520483502,0
1.28,-0.693863663637013,0.810869157314301,0.165969907055418,48.3570635545919,-5.14177249125688,0.302193642059645,0.476084195272087,-29.192854082445,-38.4741553980559,2.38177303317948,1959.04176750962,1962.67520483502,0
1.29,-0.627595629353583,0.813433170318604,0.264428354152271,47.9549259296945,-13.9397483371469,-0.615492535694555,0.0534748766134064,48.080261482554,-13.118974273323,-2.10959043654134,1959.05021120035,1962.67520483502,0
1.3,-0.565190786357025,0.81360137462616,0.160286299849693,47.9211399863367,-13.811962167598,0.0910479770737892,-0.56894344077183,2.48062476006987,49.6960833943419,-0.316483477019661,1959.00579030492,1962.67520483502,0
1.31,-0.500087891967201,0.812126636505127,0.164154144120523,48.0496103491095,-11.5106425740847,0.49245404144806,0.182589886853083,-48.8665168925728,-6.76347657853779,1.47539131073325,1959.21860549887,1962.67520483502,0
1.32,-0.483654477701139,0.814251184463501,0.353145606712772,48.3891763614143,-18.272026470688,-0.419948745976252,0.416331042697688,24.1261823032546,-45.3099475581264,-3.01463835722297,1959.18024383063,1962.67520483502,0
1.33,-0.284322819541247,0.809096157550812,0.483544439540763,48.3643295156911,-19.3618336216995,-0.172595061900039,-0.470264157686648,38.514189360642,34.4617915200375,-1.2205902474959,1959.3792087385,1962.67520483502,0
1.34,-0.383917716031417,0.809456884860992,0.281387319118785,47.6111419159646,-17.5090122172768,0.141599923448569,-0.453435405654669,6.68338729086996,50.3336217331433,-0.464171135571454,1959.08664770876,1962.67520483502,0
1.35,-0.30928048498616,0.808943331241608,0.306118258739637,47.7591884970008,-14.5339338710248,0.43272956819683,0.179381489347635,-49.933228622887,-2.2352774831912,1.33288994016253,1959.34785573342,1962.67520483502,0
1.36,-0.103885050019299,0.807824790477753,0.165136542501592,47.9235143162766,-14.1357273190014,-0.259512651964803,0.270291297155189,12.768787451557,-48.1358139763145,3.13116116629257,1959.70043822255,1962.67520483502,0
1.37,-0.408536477794366,0.806941509246826,0.262933625605336,47.6893333984909,-15.1731059586729,-0.263998494970201,-0.363766326340402,43.5811806898218,25.1508025096089,-1.35208497188122,1959.68779980107,1962.67520483502,0
1.38,-0.323561601954252,0.805183529853821,0.0112354655999826,48.4916951677698,-12.9718099869788,0.369590563468087,-0.200246629736314,-32.1578374259157,37.7685413890546,0.450309513414384,1959.88293953273,1962.67520483502,0
1.39,-0.378906710070211,0.80967652797699,0.179129108773141,48.0898191235874,-8.54164764002491,0.16099735219055,0.345101502609359,-31.8889364726522,-36.8910057708291,2.25163520373055,1959.69634498128,1962.67520483502,0
1.4,-0.581011368119979,0.808712601661682,-0.133348958811233,47.8844938796913,-2.14804838130588,-0.414038092499774,0.28605958017531,38.9486868632783,-28.1025250794542,-2.23037201047499,1960.13837998218,1962.67520483502,0
1.41,-0.465273374063204,0.810105085372925,-0.00439142652960327,48.3272945486624,5.0713023346544,-0.532453839048907,0.0397959536547839,48.2011535848134,0.497784967408887,-1.46849890801032,1960.08232926275,1962.67520483502,0
1.42,-0.523770431947418,0.809835135936737,-0.0159110336571083,48.183728439536,3.68987044825527,0.0943526904528661,-0.530785636132299,-11.9432455345764,46.6662617563364,0.334671938434363,1960.33777483815,1962.67520483502,0
1.43,-0.472417700761885,0.809685111045837,-0.142899133649435,47.8521175631697,2.13184439991398,0.463755280563159,0.234261793114315,-41.889056069696,-23.584650657786,2.13836945436939,1960.63543182984,1962.67520483502,0
1.44,-0.308899764430323,0.810935199260712,-0.247886860265272,47.7494266963958,6.68329574597723,-0.243221700295821,0.393375671767781,30.4659319963334,-37.5460056205608,-2.33925477325617,1960.70291973103,1962.67520483502,0
1.45,-0.457257109885691,0.814878880977631,-0.174867563742131,47.2030362117676,6.26337894433427,-0.325966667326397,-0.310609599045736,29.8570149663176,38.0947978206904,-0.535946941718697,1960.51532274588,1962.67520483502,0
1.46,-0.265907813781776,0.811862468719482,-0.0635134026741277,48.125665286412,8.00388016413854,0.253600691086535,-0.228068372597401,-43.6765228063756,21.1924218237458,1.26923008319138,1960.74622323845,1962.67520483502,0
1.47,-0.32477015298881,0.811920285224915,-0.261319152322967,48.6014694405202,8.40833195167198,0.165579484603186,0.290208038241322,-10.5931523051507,-47.4002361020242,3.07501074600139,1960.85712170992,1962.67520483502,0
1.48,-0.37208697203992,0.808342218399048,0.0117857365670559,48.0170388721075,10.7225019816021,-0.057391298607239,0.380572566403213,23.1519095238443,-43.2560365012456,-2.44169986134064,1960.94273294644,1962.67520483502,0
1.49,-0.477130986896905,0.811886548995972,-0.151476167334306,48.541381060463,7.88138512346686,-0.342463887634976,-0.194088327202495,34.9889351770897,33.8350981832501,-0.635701661387054,1960.47542234469,1962.67520483502,0
1.5,-0.357444473992294,0.810797035694122,-0.267758742410583,47.6305879042352,14.6119741916065,0.229397016156471,-0.410141124292443,-38.5404109048906,32.0306002082704,1.1688146650246,1960.83365910665,1962.67520483502,0
1.51,-0.306416805793808,0.810202896595001,-0.367568951215978,47.7245461186171,17.2373167390058,0.385419735962565,0.225871672349811,-24.8209402076957,-44.5102976112916,2.97558218733648,1960.84805129017,1962.67520483502,0
1.52,-0.412520092976975,0.812257051467896,-0.416609501214176,47.4465629940821,18.1189902274425,-0.354243611030621,0.344715393249022,49.1563997961108,-14.9888232189182,-1.50146820554379,1960.5863414634,1962.67520483502,0
1.53,-0.389917077337625,0.810909688472748,-0.557227547999942,47.9971365755118,21.4141521563784,-0.280384098772651,-0.497848691963488,5.36069793901443,52.0134306707348,0.305148115107481,1960.7548597419,1962.67520483502,0
1.54,-0.421104641661105,0.809272229671478,-0.310778359127941,48.622654538728,16.4013873634053,0.559805592044002,-0.0378535156668647,-49.3212834624453,-11.1744868222133,2.11385679197937,1960.80545549977,1962.67520483502,0
1.55,-0.476061662550729,0.811161756515503,-0.184982946993779,47.9745964496878,12.9517792940988,0.38728095348697,0.431131618702384,-24.8743562178469,-43.0465761076754,2.88116778383905,1960.99542674697,1962.67520483502,0
1.56,-0.489470707172997,0.811216294765472,-0.242913099784457,48.0128183861677,10.3198371399842,-0.437120094982257,0.229199471548243,47.7396217575371,-11.8283890956788,-1.59388731394322,1961.00641882856,1962.67520483502,0
1.57,-0.624240191934992,0.811139345169067,-0.349771496611871,47.8342490142726,10.6453225749617,-0.0941602408292248,-0.580463629288543,0.0155123277979481,49.1505539547994,0.216482549707176,1960.74711117731,1962.67520483502,0
1.58,-0.459298911638091,0.811444342136383,-0.242210493795584,47.9001551763696,6.75308613890525,0.591503413230495,0.133723062975384,-46.06967600263,-15.0386538473732,2.02453138226006,1960.98990996251,1962.67520483502,0
1.59,-0.608353350878504,0.812525153160095,-0.00953398613117423,47.9868648404051,4.29824252877245,-0.373664581692251,0.572629790987004,27.8545960543718,-39.2552928506609,-2.44990746278759,1961.41737220826,1962.67520483502,0
1.6,-0.586684260930949,0.813234746456146,-0.106649739483219,48.2311000922847,1.66746822292994,-0.405065207027328,-0.478337175194343,30.1138005239833,37.4244385932714,-0.639011130793957,1961.20047195795,1962.67520483502,0
1.61,-0.606200713022278,0.811236202716827,0.178002779793974,47.951042088192,-5.81545268582628,0.622319929173626,-0.125179092361358,-46.6520147430508,12.915733637817,1.17095993588871,1961.82037858954,1962.67520483502,0
1.62,-0.587363374856709,0.811372637748718,0.0262226231727144,47.7661791076558,-3.43661943556005,0.460525284467168,0.256236518592095,-43.4771066762467,-20.6381401310375,1.9413767097687,1961.63761510441,1962.67520483502,0
1.63,-0.541990358893457,0.812063992023468,0.204155237351293,48.081871840961,-13.0247045141338,-0.512772358225491,0.28189196974768,38.0354488666622,-31.9617307728617,-2.53055224674131,1961.73946053877,1962.67520483502,0
1.64,-0.467918562506992,0.812515795230865,0.307581873303402,48.1782986009143,-13.3149258406204,-0.121907192534528,-0.521216435413226,22.1967177950311,44.347640998608,-0.718160415112814,1961.88938113711,1962.67520483502,0
1.65,-0.444792341500546,0.810897767543793,0.314401619782967,48.0661308906749,-16.6645071236106,0.55323349601438,0.0879974981862081,-50.234592756725,7.325220602897,1.09437988460146,1961.88811402795,1962.67520483502,0
1.66,-0.459467296405805,0.801539301872253,0.290077694074916,47.7480717656428,-12.5054465828348,-0.12531334631526,0.515023336205409,0.662760470896872,-49.4573035817794,2.91127240316776,1962.82680638552,1962.67520483502,0
1.67,-0.436153911608184,0.806618094444275,0.345154354540475,48.1479917389686,-18.5373845424483,-0.377606057096826,-0.366485740612108,47.7005238786192,18.7810267498095,-1.55451323782077,1962.19133090446,1962.67520483502,0
1.68,-0.37788170438839,0.803309202194214,0.239965333565891,48.0383191641208,-16.0506224203579,0.425490778362526,-0.265924148979771,-28.9853984460511,41.915093358354,0.262450482910573,1962.18749846077,1962.67520483502,0
1.69,-0.432273696062993,0.803579390048981,0.309280889772278,48.3320013541569,-18.7648207401295,0.506698769790187,0.152791729688708,-51.2589018944775,7.58017296129518,1.03778411206338,1961.91966670384,1962.67520483502,0
1.7,-0.274979119493913,0.802002131938934,0.297650312646097,47.990698662133,-18.7427987719291,-0.26153958179784,0.440508722961644,4.50009453818633,-51.3867233869947,2.85400970019633,1962.1674226056,1962.67520483502,0
1.71,-0.193717631134721,0.806224763393402,0.45171933341579,48.2668452300213,-20.0654415747964,-0.236668088420298,-0.396842491745084,48.8293097296882,18.3920872249104,-1.61348156589664,1962.04522650973,1962.67520483502,0
1.72,-0.26546419511765,0.809004127979279,0.343441419292912,48.4978568412475,-15.4010426962522,0.350672494771838,-0.154553270681558,-25.0770236569081,43.8709958043099,0.201356248064727,1961.45080676191,1962.67520483502,0
1.73,-0.414214342170266,0.807320833206177,0.354416192333371,47.8930233844888,-14.6589159621574,0.183057308676291,0.403299570769018,-37.1092523910488,-33.7127909299639,2.01530256061932,1961.48382171902,1962.67520483502,0
1.74,-0.207937202993741,0.805507719516754,0.255076190235488,47.9457771023438,-14.9276203110194,-0.362779690558616,-0.0261579855203784,42.125913853641,-27.5006923631879,-2.45322410192095,1961.95676992811,1962.67520483502,0
1.75,-0.286787311373544,0.80341637134552,0.280353578839477,48.2502034830987,-12.4490658357147,0.0346259363647511,-0.366117059708989,18.4153429657383,46.0567096468799,-0.635201675427247,1962.32069337789,1962.67520483502,0
1.76,-0.330459176776976,0.804458558559418,-0.0214125891305678,48.2881903063863,-6.6509971871369,0.179169291015714,-0.307048300929067,-13.7211523256875,46.5166332371485,0.143392049156287,1962.19051471,1962.67520483502,0
1.77,-0.579019675891619,0.80738365650177,0.0419528920506951,48.4020830353556,3.93049932102873,0.578251212292238,0.153187854907281,-45.7767544547323,-14.8825864506587,1.96011220486545,1962.16350133178,1962.67520483502,0
1.78,-0.561684260553622,0.810830116271973,-0.211811995052681,48.0773762629309,0.0212109247747327,-0.333559138176413,0.441458978635618,28.9409630626927,-38.2992746099915,-2.50788377963126,1961.84955844497,1962.67520483502,0
1.79,-0.526505131094638,0.811253428459167,-0.140934163147731,48.0297815315052,3.44507542507541,-0.363002225324971,-0.333684952997666,33.1543711056637,34.8612587229107,-0.692839507355101,1962.00474273945,1962.67520483502,0
1.8,-0.493948522813469,0.809087336063385,-0.0368188999411015,48.0212313685192,8.23896928622136,0.313333075211548,-0.331568643857577,-39.6956455827027,28.2373213242501,1.12396418606988,1962.32447386054,1962.67520483502,0
1.81,-0.327276895334162,0.810387372970581,-0.0968437118111815,47.8259469100362,3.8578221382008,0.148502168676173,0.360143640380669,-13.2943714324782,-46.2819207579957,2.94173532418691,1962.31414570924,1962.67520483502,0
1.82,-0.472938764669774,0.81275862455368,-0.239486726628283,47.6733375971286,9.29128837982319,-0.373981803877992,0.162922667026076,48.3616601435809,-6.95693682003367,-1.52582419424506,1962.13860591816,1962.67520483502,0
1.83,-0.392906497270482,0.808339297771454,-0.0367791854677776,47.5994935329244,7.6320719386703,-0.395781993665009,-0.200390028333652,38.3852707148711,29.85819730136,-0.748481478627003,1962.40687546514,1962.67520483502,0
1.84,-0.147764848349529,0.803062558174133,-0.129115746130729,47.4880704407178,10.7540321768095,0.171092251791062,-0.344211268741879,-36.7871441680426,32.7779464069717,1.07064718934225,1962.98753883778,1962.67520483502,0
1.85,-0.332880463299382,0.806412875652313,-0.125222416795344,47.8023489416299,9.72198171760184,0.252838369390003,0.215725437505219,-21.2424771032304,-44.1193204601882,2.89192656896204,1962.51870842815,1962.67520483502,0
1.86,-0.27111712332447,0.802193820476532,-0.179158128759677,47.6004368363844,10.0037461085038,-0.338134692130377,0.203875358928361,47.9967865005597,-10.26143086872,-1.57110971939427,1962.68749501093,1962.67520483502,0
1.87,-0.437553160774594,0.806079387664795,-0.240045082697359,48.5475970762973,13.8033347002598,-0.178718172782333,-0.413601804371847,1.59604119075675,49.9026960180999,0.246849903303535,1962.22474483753,1962.67520483502,0
1.88,-0.229245662807133,0.808432698249817,-0.297286875689638,48.3176975301206,14.7121841922365,0.386653989708804,-0.134222904730481,-49.4113221113053,-9.43353724574986,2.06325798994331,1962.41310008609,1962.67520483502,0
1.89,-0.361815442359846,0.806187927722931,-0.529188313066737,48.0536984790727,21.3472362962329,0.0988328652023832,0.524369218351483,16.6627466062194,-49.7966920043318,-2.40118010480752,1962.22947163153,1962.67520483502,0
1.9,-0.455540649512334,0.802938640117645,-0.39191686156994,47.8050840548283,22.9657843938985,-0.384659737986354,0.484886194941582,46.7439826571837,-25.5735672177175,-1.62236270309353,1962.4556062007,1962.67520483502,0
1.91,-0.529567317813376,0.807573795318604,-0.516937435053984,48.0926804350854,20.9328302170906,-0.306014606292427,-0.532372548099599,10.3519321014699,50.9696097714353,0.194888107221527,1961.79950403521,1962.67520483502,0
1.92,-0.512451559903516,0.807081580162048,-0.462687534377601,48.2169241433977,16.6923677000331,0.595969946348815,-0.106562192882586,-50.812986995972,-4.77760380814611,2.01126393228599,1962.24186755089,1962.67520483502,0
1.93,-0.515888804633739,0.80021721124649,-0.195769748192686,47.1751448632279,10.8869919368432,-0.185081941700327,0.569845746568551,22.2406554179842,-43.8779047250692,-2.45180958359689,1963.11066079386,1962.67520483502,0
1.94,-0.513638377085454,0.80845433473587,-0.227020509946926,48.021061830052,12.096626635578,-0.491338617100566,-0.249198250882404,38.2105172037822,31.5237124543933,-0.631340340627439,1961.83036780265,1962.67520483502,0
1.95,-0.591486912843942,0.808035254478455,-0.331132178221782,48.1041254600282,11.4339714170293,0.403901498831734,-0.420910264760065,-40.0868730984727,28.8510513753455,1.18474365999502,1962.01352774892,1962.67520483502,0
1.96,-0.560637821158495,0.811958312988281,-0.236707199927565,47.4499932786105,3.43744208843273,0.156650363824597,0.51066426337053,-10.5993820762553,-46.9767680009695,3.00062715137037,1961.90105318315,1962.67520483502,0
1.97,-0.604522376839109,0.812558650970459,-0.240348159669699,47.7802518604673,5.21720085477316,-0.226330566894769,0.513761390437888,23.731687457425,-42.1281696864403,-2.50773664571047,1961.80349690345,1962.67520483502,0
1.98,-0.642415998946579,0.811299860477448,-0.133750592745046,47.5247628727678,4.31448681390678,-0.4194165500439,-0.380083297739467,33.6324405201641,34.4690960049815,-0.691909862823909,1962.16844429081,1962.67520483502,0
1.99,-0.630261077489346,0.810438930988312,0.095124936807161,48.4125277919191,2.12479569199707,0.526915704671502,-0.29268558079628,-42.4750799747482,22.4428745382092,1.12537479790545,1962.33318396858,1962.67520483502,0
2,-0.706828313317996,0.806539356708527,0.257728893748959,47.789495271824,-8.35745368199992,-0.0485462729824299,0.625804942325921,-1.16307175831445,-48.7217519103643,2.94375727620565,1962.93306486741,1962.67520483502,0
2.01,-0.604005976517147,0.807230770587921,0.207048786523794,48.0986901771531,-4.3374601109261,-0.581677828040112,-0.125852454370453,47.695453272998,7.14979127370595,-1.51935364611035,1962.79477373034,1962.67520483502,0
2.02,-0.523657620641851,0.804863691329956,0.0656069272949371,47.7353966790584,-9.46429905542219,0.336231991209955,-0.438915605865204,-23.2631143281633,43.0374282473824,0.301060528126885,1963.11505121882,1962.67520483502,0
2.03,-0.411463992979042,0.8035529255867,0.256011334407102,47.9084655679627,-11.5874895900076,0.269102327974965,0.451621540742381,-34.5147856955492,-35.4772434105507,2.12341507801846,1963.20132888247,1962.67520483502,0
2.04,-0.518350365220245,0.807092368602753,0.350371375083178,48.1404991981872,-12.3459944592673,-0.130285555378317,0.546247213092521,1.02876887992989,-49.6514626384162,2.90286034680491,1962.74275792396,1962.67520483502,0
2.05,-0.353545665652283,0.806127071380615,0.193789654555418,47.839167410693,-17.7011621428547,-0.391364232300695,-0.339581956709026,47.8376846728484,17.2253963156405,-1.56124652154518,1962.64253998411,1962.67520483502,0
2.06,-0.388715163862323,0.802188217639923,0.449991539395255,47.9220561553053,-21.8163115448073,0.524364873046534,-0.322855877188077,-32.8290113392978,40.9464332247574,0.259532158906378,1962.78376074297,1962.67520483502,0
2.07,-0.33154096634776,0.806145906448364,0.507109435373485,48.1706063138039,-18.6766308700222,0.111487383932107,0.498428806689675,-32.6492857791025,-40.0415080190203,2.07860126840635,1962.4024711044,1962.67520483502,0
2.08,-0.516926817933876,0.800371170043945,0.492159733614906,47.7294772287921,-18.5801188013092,-0.542001884541471,0.0505456078056352,46.0970490145404,-22.4575731706451,-2.38355521431463,1962.79132015811,1962.67520483502,0
2.09,-0.41494433857111,0.800063729286194,0.288303036738326,48.138005154921,-11.2191832595218,-0.0109615708645033,-0.440384756253765,15.9254011457077,46.689248459686,-0.561503686206576,1962.94816318281,1962.67520483502,0
2.1,-0.255599065685506,0.802588224411011,0.451823911930059,48.5694482262855,-16.3143925567948,0.400309422223249,0.206358963559407,-50.6242772160945,-0.649960949214211,1.2599927742898,1962.5922801677,1962.67520483502,0
2.11,-0.191619678296071,0.797038555145264,0.342105652314846,48.1720548092144,-16.9217925588418,0.0423230125591522,0.40922937575809,-34.8264021490989,-37.3554918622189,2.04263148797202,1962.88850992691,1962.67520483502,0
2.12,-0.252772310288053,0.798709154129028,0.22645358315973,47.6591159730345,-14.2576180798281,-0.427563611945547,0.0866797931034427,41.8137493609542,-27.0932211756607,-2.41715015637153,1962.63611663742,1962.67520483502,0
2.13,-0.247648137784136,0.801326215267181,0.0561803830346246,47.8947438532508,-9.57544917725246,-0.0195744351156935,-0.364966631340916,18.9065182280331,45.1631879371047,-0.59490629202658,1962.34715149587,1962.67520483502,0
2.14,-0.301939267782447,0.802581965923309,0.244332902521982,48.339634104015,-7.95485306654551,0.414663744291268,0.0262343772341528,-48.0482241822098,8.23729700284205,1.22546351993287,1962.67341682678,1962.67520483502,0
2.15,-0.357463952770497,0.799072742462158,0.228996350318762,47.9122775632684,-7.29451065556308,-0.104286036541919,0.377534425828289,2.74142947203374,-48.4596250329743,3.04919875563174,1963.1590661432,1962.67520483502,0
2.16,-0.477359663657264,0.800229251384735,0.0731992362502725,47.9033489158546,-0.607006719057593,-0.545933686769108,-0.0840418728614976,47.3704751972563,7.74858798112041,-1.40970719153404,1963.09550791137,1962.67520483502,0
2.17,-0.54914892612048,0.799548983573914,-0.0097631828983901,48.1889993893805,-0.783299083427361,0.224762949664138,-0.516159948181898,-19.4772109260151,43.8710401371554,0.41422108816349,1963.19891494949,1962.67520483502,0
2.18,-0.495916011064875,0.801489114761353,-0.121201198826912,48.0728231650018,7.21712039893793,0.337889528294766,-0.28482073814344,-42.093372558885,24.1168094395441,1.19601384062397,1963.09833075158,1962.67520483502,0
2.19,-0.455157213352626,0.801354050636292,-0.0313392212582933,47.4683511066435,5.89135464159766,0.171257599062044,0.384453162364588,-12.0921965871692,-46.8754842377289,3.01937977798043,1963.24632641593,1962.67520483502,0
2.2,-0.434585699327296,0.798885643482208,-0.116907139364087,47.3513383681175,1.97978511889408,-0.443099113682497,-0.0273385720585089,47.8040016888703,4.65501596514423,-1.43831267046943,1963.45356815344,1962.67520483502,0
2.21,-0.430362896409477,0.800589978694916,-0.112808531453814,47.8597498847557,1.56953619837431,0.118883546358554,-0.397703095188193,-16.0992490037882,45.2682676666541,0.385373164585633,1963.35031935988,1962.67520483502,0
2.22,-0.323322730554942,0.802371799945831,0.101271682548259,48.1994338845325,4.00410560646837,0.328676301740905,0.142775619330923,-41.0639728152643,-25.2016502616103,2.20785880621659,1963.045572137,1962.67520483502,0
2.23,-0.229841330602294,0.804059207439423,-0.252000941712728,48.187920667111,10.1958397482169,-0.0732833297057292,0.320112316226052,30.7452601198473,-38.2519472839169,-2.2547479549093,1962.87185531737,1962.67520483502,0
2.24,-0.419417217147519,0.799896419048309,-0.0875890331085635,47.4716131096405,8.20620592236444,-0.283003225690262,-0.238485177577111,27.3351984292137,40.2468419203203,-0.432717835357684,1963.00972048152,1962.67520483502,0
2.25,-0.302603850648783,0.804695248603821,-0.369049400446369,48.0360277288396,10.7933718972038,-0.10448833939305,-0.341054595629252,-6.19048850437414,48.8060583410485,0.347216053767734,1962.55451042955,1962.67520483502,0
2.26,-0.300551412817844,0.798419892787933,-0.213336694146212,47.5063686785427,16.3039445940877,0.383899495558077,-0.144799343081098,-49.1467031566909,-13.1336403863825,2.16951288398118,1963.07571223244,1962.67520483502,0
2.27,-0.442592719461617,0.797075688838959,-0.333728046965999,47.2912398903764,16.5784210227426,-0.056392682566863,0.468153120073275,25.7193857798722,-43.4773772520285,-2.29052318063269,1963.30804190808,1962.67520483502,0
2.28,-0.358905408597402,0.794338941574097,-0.363135951641824,48.1580378409812,20.5213655015186,-0.527736501278129,-0.14171550587432,39.7380494707033,33.7587066889951,-0.465308860922922,1963.32662639254,1962.67520483502,0
2.29,-0.472506174159137,0.797399878501892,-0.4174973533521,47.7685606095302,17.3750176010967,0.363447914761251,-0.443297672421342,-43.1632891199686,27.4824171832537,1.35765195350225,1962.728173652,1962.67520483502,0
2.3,-0.502374440440547,0.797636389732361,-0.396819413001955,47.9236251241587,20.8343467783978,0.406511958896691,0.449031528936897,-19.1993549881959,-48.7688959271853,-3.10338882946352,1962.74675960261,1962.67520483502,0
2.31,-0.454745252735296,0.798108518123627,-0.4067303087338,47.9122538346625,19.4030270551302,-0.524991717158996,0.232214496514427,51.2802600264896,-3.9704026124471,-1.28059876107276,1962.88445786925,1962.67520483502,0
2.32,-0.445502046782495,0.804570972919464,-0.41714636225646,48.5672547238219,14.3222030839842,-0.00926076408014559,-0.587555924750403,-11.5242032269796,49.034687922662,0.538855136729374,1962.38410362567,1962.67520483502,0
2.33,-0.50968377470016,0.802904784679413,-0.311724834307766,47.8691179755948,13.522289381707,0.464598170405955,-0.403971536602091,-43.0867633153776,25.0946186081552,1.3175413234049,1962.41521706756,1962.67520483502,0
2.34,-0.587263293700419,0.80493438243866,-0.226425734580811,48.0166567241775,6.96283292289169,0.143312669732482,0.539127670817038,-7.0219991252541,-47.9615688891401,3.13601335944787,1962.15007348936,1962.67520483502,0
2.35,-0.593702344864858,0.80669766664505,0.0686900215091457,48.0505327301569,2.89760063204983,-0.554874030275641,-0.0795202962919371,47.20531430074,9.04581340885538,-1.32976824957575,1962.14799036967,1962.67520483502,0
2.36,-0.388370406677862,0.807115435600281,-0.203893301305146,47.9131506998436,7.91099040738548,0.121041058164749,-0.533748571465442,-16.4054839512764,45.6332578503642,0.487778908809554,1962.27942436372,1962.67520483502,0
2.37,-0.774367455668312,0.812239527702332,-0.0418808313490347,47.7148226109888,1.89592396910129,0.526817586956797,0.412549270082341,-37.050113984687,-30.586158491445,2.30370599818949,1962.04017900689,1962.67520483502,0
2.38,-0.532365413235326,0.812961220741272,-0.0196748574372296,48.2539394026981,-4.53614994941128,-0.537764722279097,0.25053511496829,42.3883349386351,-23.0010355662634,-2.16496871238628,1962.18334122367,1962.67520483502,0
2.39,-0.628123340766855,0.809100806713104,0.178567216752148,48.0449205012536,-6.63640110749289,-0.0703517542177208,-0.620633705591464,9.63273148854428,47.5727082164983,-0.348831711968314,1962.55564687861,1962.67520483502,0
2.4,-0.598106494172856,0.805928766727448,0.0524741458074689,47.7975351764544,-8.2554430477659,0.414526550605233,-0.506264250708004,-27.4480257063606,40.2270855781526,0.429107026383941,1962.79277669951,1962.67520483502,0
2.41,-0.556789811840458,0.807266056537628,0.269104991553788,48.4232320390303,-11.8284635069944,0.273830988879391,0.523133079375022,-30.0658986775464,-39.2063015181941,2.24812800893386,1962.76434590565,1962.67520483502,0
2.42,-0.517968382391437,0.804634630680084,0.347025891481605,48.3841486605251,-12.2810040614,-0.549181098704287,0.0993572915318405,45.8539081629406,-18.8471840053222,-2.21360786948056,1962.98085645858,1962.67520483502,0
2.43,-0.285627419932182,0.80332213640213,0.258314301809662,47.6968591887239,-18.4196854257142,0.160249770928453,-0.537170823867495,2.0861700884178,51.0883735528438,-0.392576803032589,1963.06107910892,1962.67520483502,0
2.44,-0.537419099031293,0.802199482917786,0.353596208071905,48.5532566385147,-13.8930893242219,0.492794548458271,0.196536055186305,-49.384700030562,-6.2473177424822,1.42853086616691,1963.04060944101,1962.67520483502,0
2.45,-0.425639945073938,0.799725234508514,0.536733750587276,48.127049378487,-21.6608085113142,-0.470290346018561,0.349128225647734,26.5702502651653,-45.3805659047074,-3.03267065375993,1963.01504193521,1962.67520483502,0
2.46,-0.564350801416725,0.797528207302094,0.460433852877715,47.6779460034917,-20.7241764157455,-0.278828033170707,-0.524440209237891,37.9965266287358,35.3181737860135,-1.21092397876433,1962.95256544096,1962.67520483502,0
2.47,-0.339855609447113,0.797833621501923,0.361025230714689,48.0775731245424,-20.4184377818728,0.218128212080294,-0.506668189939887,1.30653273391442,52.1910293240245,-0.429246441866949,1962.68161464177,1962.67520483502,0
2.48,-0.196259139348554,0.797821521759033,0.488944952727634,48.1193555809175,-17.4353948822677,0.377903864143065,0.28067846267592,-50.3016063052195,-8.47573259469301,1.39244261743095,1963.04564063614,1962.67520483502,0
2.49,-0.283961203496945,0.798924028873444,0.383272455999614,48.1248480654286,-19.256045774389,-0.382528583093367,0.235188227760693,21.7884496132295,-46.5434310281382,-3.06906224644212,1962.91227763003,1962.67520483502,0
2.5,-0.365242066054258,0.798166871070862,0.21282685526815,47.9572064247644,-14.1306101105815,-0.224683490046593,-0.367676923824996,41.0320094453782,28.581817492716,-1.24654188459577,1962.71788244092,1962.67520483502,0
2.51,-0.451719012050116,0.796231925487518,0.292330649669167,48.1033482380534,-11.4859536908675,0.363857355740332,-0.1564211672932,-35.5658237596807,34.1165555398355,0.577467319394355,1963.07001605865,1962.67520483502,0
2.52,-0.208849331707353,0.794952929019928,0.132298760202306,48.1959270269594,-12.149780112409,0.0442295305314105,0.39972254847734,-23.4244063396031,-43.5970325283348,2.40243449147313,1962.966457321,1962.67520483502,0
2.53,-0.324367312803907,0.796300888061523,0.224923571442029,47.9165884051142,-9.51343785375898,-0.380901477720323,-0.00640379769802502,46.8453506930986,-14.0837240678532,-2.05673840187198,1963.15813159562,1962.67520483502,0
2.54,-0.220353707105047,0.794083774089813,0.157472828117196,47.5977448540474,-11.224713812733,-0.224716464834499,-0.313034744864646,42.3533861968121,25.5313725465064,-1.27136593574623,1963.23637879955,1962.67520483502,0
2.55,-0.562369440172323,0.795514464378357,0.134477704802224,47.6794576658648,-3.13004801252078,0.305220625347673,-0.407783765773804,-27.4065286287447,39.4876093175263,0.554112988360535,1963.243032627,1962.67520483502,0
2.56,-0.490646796997349,0.795592427253723,-0.15217271206083,48.418062745277,0.301670845487452,0.378485466347464,0.383784776226698,-33.256427825543,-34.6127164935762,2.37979222823785,1963.28234629318,1962.67520483502,0
2.57,-0.489613577372582,0.795161664485931,0.227620243089803,48.0009404693736,-2.10308991984515,-0.507816455770677,0.257154877099554,42.5861794653692,-22.1821149950127,-2.07758788517572,1963.38619234035,1962.67520483502,0
2.58,-0.581764145560662,0.796030759811401,-0.173485773868805,47.9488727504792,2.05245843060688,-0.19101542289099,-0.456436531735132,15.4712192162223,45.5792425419602,-0.252759337732461,1963.39255976363,1962.67520483502,0
2.59,-0.367887295434673,0.800797998905182,-0.00195326855824815,48.2006758174386,9.34812215801082,0.387616068195791,-0.179218820401106,-47.9957413619465,9.1171241025247,1.57032864783586,1962.99853388588,1962.67520483502,0
2.6,-0.307911481247798,0.799102962017059,-0.16280175809741,48.2449636145692,9.55565373519238,0.0895352083322207,0.389193711709966,2.94920945911838,-48.8136529090505,-2.88881415886438,1963.1468252617,1962.67520483502,0
2.61,-0.298972568114928,0.799167275428772,-0.222344126430513,48.265169409061,7.37480865165552,-0.219832952713822,0.305139285977307,37.3489304239557,-31.1029622362322,-2.10740128055065,1963.25353575083,1962.67520483502,0
2.62,-0.413533230217492,0.798668682575226,-0.143268230732272,48.1583921363823,9.25366845998992,-0.269349399512949,-0.248749243124498,22.6800677629989,43.3705501374705,-0.285237951436334,1963.24046001005,1962.67520483502,0
2.63,-0.214772071495834,0.799205303192139,-0.175644432142458,47.8242302429582,11.2549541295824,0.24369577787533,-0.239547431905892,-47.5896523354393,13.2668780758728,1.53792201765069,1963.02115349558,1962.67520483502,0
2.64,-0.380682363754001,0.798411786556244,-0.194254513507061,48.2545637172633,7.82807182029496,0.0736875727422862,0.391983503874038,2.66657511746091,-48.5759547415457,-2.92321638296194,1962.7646418365,1962.67520483502,0
2.65,-0.35801967039675,0.801842570304871,-0.200911917440932,48.7111049361138,10.2235209007466,-0.348828159978491,0.0416839352371735,47.258217057361,12.8876282064521,-1.10378823640418,1962.54597613887,1962.67520483502,0
2.66,-0.385790349567504,0.799275040626526,-0.22506139391969,47.8174057947536,11.4180716259832,0.051082372086065,-0.398541249754735,-23.0788054764842,43.543741770216,0.715937906488624,1962.70703193799,1962.67520483502,0
2.67,-0.343002754584943,0.798622846603394,-0.221874950063911,48.1392799063998,14.1920657126253,0.458618300344535,0.150752119752604,-39.2736030742056,-31.191847273962,2.53609064363927,1962.74443328203,1962.67520483502,0
2.68,-0.305421447487136,0.801791250705719,-0.152005759225791,47.993217169953,16.2234296412405,0.266944873042091,0.389093800136542,-7.90046353491232,-50.1233203765686,-2.96767095063331,1962.38927733289,1962.67520483502,0
2.69,-0.343139172858595,0.799829185009003,-0.349884162781043,47.8111262768766,18.3073568270739,-0.511037942967386,0.190636722321691,51.5961582259689,2.26957006286085,-1.148833406413,1962.50066613351,1962.67520483502,0
2.7,-0.519503717226893,0.798611164093018,-0.224921504931111,48.1435443259832,13.867000960595,0.0609533694249982,-0.560343491144294,-18.2057608226079,46.8439015807422,0.671533863791845,1962.70139379177,1962.67520483502,0
2.71,-0.434902614922778,0.798301875591278,-0.407876157124083,48.0489825921407,16.9381022446069,0.547783677632883,0.14558020592356,-42.747029097461,-27.8214582151893,2.49264577733359,1962.66818074088,1962.67520483502,0
2.72,-0.458275065246519,0.800585865974426,-0.11787616508141,47.773463323139,10.8040502305336,-0.377386977140609,0.40034847346415,39.9915222707289,-28.6903117079931,-1.97013705797038,1962.52814237596,1962.67520483502,0
2.73,-0.480810078650361,0.801128506660461,-0.225276529653609,47.5803492508354,5.74961926080434,-0.200285584298948,-0.524172845738899,12.8323218052774,46.6075091810662,-0.149686728523468,1962.25397841494,1962.67520483502,0
2.74,-0.585776200618458,0.798434555530548,-0.342301247051106,47.6412864627116,4.95594231893577,0.593044955377453,-0.0402223696602648,-48.2261816299447,-0.116084515116905,1.67012168152829,1962.48951609643,1962.67520483502,0
2.75,-0.513785814131129,0.800444543361664,0.0109438227611925,47.517478275813,3.41473999819128,0.410203235506103,0.35956090423808,-33.7440500666389,-34.3761272109142,2.44958875991433,1962.57196059156,1962.67520483502,0
2.76,-0.620997116027213,0.805330812931061,-0.148810054559048,47.6362131351736,6.60026903158524,-0.490393638517255,0.380615646255141,40.6015342730792,-26.384377575935,-2.01505033839382,1962.2936121678,1962.67520483502,0
2.77,-0.651409617722163,0.805521726608276,0.194757506459679,47.9249711255137,-1.09592697311057,-0.10193809326581,-0.592070112686938,8.50458366003839,47.2498182516867,-0.197551117347886,1962.48619244459,1962.67520483502,0
2.78,-0.572468408272149,0.802876114845276,0.0922513274850753,48.1320856607239,-2.53322861485742,0.629520684419025,0.0727290820059597,-47.8408496469989,-4.36994033695906,1.62106729207454,1962.71406761136,1962.67520483502,0
2.79,-0.663925561973202,0.800855398178101,0.0253599383478785,47.7697614612363,-5.40482160077121,-0.273804772616257,0.52852037196657,19.1042229580248,-44.3402194067615,-2.84265844385295,1963.12521873511,1962.67520483502,0
2.8,-0.503528707735181,0.800880491733551,0.0939448875679613,47.7156945590937,-6.44418111964278,-0.360110845396126,-0.380093950469023,37.4428407189762,30.7723584890825,-1.02158329624318,1963.08569484256,1962.67520483502,0
2.81,-0.625071532199668,0.803538799285889,-0.00459413472777134,48.0786191126517,-6.75035627363028,0.497160646792854,-0.300411016279845,-38.9269520076839,28.815624407801,0.799918627126205,1962.79036354955,1962.67520483502,0
2.82,-0.383976612271078,0.803159892559052,0.313463716603197,47.3790495269184,-9.42016018580851,0.505127067064832,0.183027111353532,-47.9187828259056,-9.27625634364843,1.57975932401049,1962.78910020214,1962.67520483502,0
2.83,-0.317302875552729,0.803522944450378,0.320116570889077,48.1930886614726,-16.9675573229054,-0.425827608007114,0.317803314724538,28.1651109025871,-42.222680513113,-2.88428780848363,1962.56375556659,1962.67520483502,0
2.84,-0.450663441566646,0.802692770957947,0.309968693152378,47.82269134295,-15.8198972981736,-0.229545630714635,-0.494278264087386,34.2339030632181,37.278651495023,-1.0655675872578,1962.59564184776,1962.67520483502,0
2.85,-0.430594549882442,0.801732659339905,0.547819028038318,47.9366082591525,-22.3922945839973,0.614815592327983,-0.0325495633521979,-48.3972470155813,20.4120261161062,0.753516812224997,1962.40039888277,1962.67520483502,0
2.86,-0.34700871223291,0.80407989025116,0.337842754892777,47.6697405277488,-18.7931472024516,-0.157899362445206,0.459411170801636,-9.8945747372242,-50.7075635084813,2.5700103275446,1962.07935309538,1962.67520483502,0
2.87,-0.362921082427624,0.799008667469025,0.388651252549159,48.2194442295769,-18.5699624730499,-0.45021011393171,-0.236058548673103,51.3690224854537,2.22622942896457,-1.89412011154277,1962.65240641478,1962.67520483502,0
2.88,-0.249875176946688,0.797160625457764,0.287232315632917,48.2017862981224,-17.0413594251166,0.326301015995234,-0.284833819401987,-13.8581176080418,49.1512877068686,-0.0735532888918294,1962.82011172141,1962.67520483502,0
2.89,-0.352653547934992,0.795381188392639,0.123884909926604,48.332470566959,-11.1813780388254,0.379073912294589,-0.116251880626772,-39.4030069720078,29.4500335324184,0.708322378706167,1963.01439181755,1962.67520483502,0
2.9,-0.266547165173835,0.795721411705017,0.191928575926949,47.6335856274176,-12.1263137015888,-0.0487398986036384,0.373444919037531,-16.9366212500905,-46.721443825135,2.53178071573093,1962.57059859972,1962.67520483502,0
2.91,-0.399220066151604,0.796826779842377,0.190547194081249,48.0738857033199,-8.77186216870753,-0.401381654295721,-0.0263181555172618,47.9261005022604,-8.91165382960498,-1.93000221618637,1962.66159044256,1962.67520483502,0
2.92,-0.291364770644111,0.794911742210388,0.157237919755252,48.0211556259277,-11.7654959563234,0.198702195606594,-0.328754729455216,-6.65887530688109,48.9983345004147,-0.10758732261061,1962.850520049,1962.67520483502,0
2.93,-0.306639320003509,0.794464111328125,0.116847935207346,47.66993950371,-6.75755387054888,0.306048784968945,0.180240942947584,-46.4773417259497,-13.856871067331,1.71697074075146,1963.00133752956,1962.67520483502,0
2.94,-0.417097544929813,0.794781088829041,0.158417527915892,48.1636385517626,-8.52454618560002,-0.325164214791697,0.304875586907676,27.2612673475987,-40.5919392894716,-2.74198888069746,1963.02974430975,1962.67520483502,0
2.95,-0.673132681782012,0.795745968818665,-0.131909455894868,48.1208401198214,4.06960396502361,-0.555013387247605,-0.303174457331567,40.8864191624826,25.5478233529531,-0.918507136580516,1962.92292882654,1962.67520483502,0
2.96,-0.457224197038959,0.802583038806915,0.136327685794323,48.3179105441745,-0.88010320594576,-0.0609426337321208,-0.527070750560409,5.77009593867972,47.6605090042928,-0.139321837974554,1962.58965241607,1962.67520483502,0
2.97,-0.543362754915545,0.802397787570953,-0.0663977318879121,48.189948922391,4.29070279050438,0.555990453793271,-0.0249541681173221,-48.1765483154891,-1.019175607559,1.68015255200668,1962.77536945513,1962.67520483502,0
2.98,-0.338859352972379,0.80489581823349,-0.154929098517074,47.350945759434,9.70152556265609,0.0304131670789905,0.449085734056331,8.00456485423015,-48.260518663794,-2.78299960874656,1962.64417856111,1962.67520483502,0
2.99,-0.360908614581945,0.797918021678925,-0.0448079705961205,47.5016189894087,4.65109939349811,-0.385069916661798,-0.151210833065057,42.1883087603702,23.4290368752234,-0.960535514558093,1963.17039481404,1962.67520483502,0
3,-0.406680628159248,0.800040006637573,-0.0621657540409019,47.5421522721683,3.44964375312604,0.249369319588438,-0.309343110396056,-33.9948656270479,34.095867356003,0.862202598754697,1963.13477297672,1962.67520483502,0
3.01,-5.71295851781876,-4.59999990463257,-0.333793755119439,48.6689572372433,17.8876415840498,5.57644878585403,1.3549919904073,-51.2237336589098,2.93451862036087,1.874605665256,1716.2529056386,608.933431702377,0
3.02,-5.68324457142323,-4.59999990463257,-0.121798509989927,48.5648305067502,12.9183211967396,4.2526814505053,-3.77840954302014,-29.4267511508562,39.9470088629144,0.890783538179632,1443.28253227693,608.933431702377,0
3.03,-5.60122286971627,-4.59999990463257,-0.0421828835249449,44.7837456735937,6.27620680122725,-4.71417070450437,2.79730831734774,35.7207968283049,-27.9162085288141,-2.07888461246448,1174.1012319831,608.933431702377,0
3.04,-3.7055476279696,-2.96743369102478,-0.241818300293625,37.6675892135421,5.61745118182055,-3.66155842954221,0.533490685934249,36.4649818057271,-10.0135266215894,-1.68223566649695,948.506718181294,608.933431702377,0
3.05,-2.3411846450164,-1.6184344291687,-0.0168517422811503,38.1758624257148,1.58744451000445,-2.36563899295853,-0.0240425160454685,38.1938604286908,-0.32050271876174,-1.54928065798618,812.996867670381,608.933431702377,0
3.06,-1.48403622517421,-0.805853188037872,-0.0479144749024408,34.6243386533977,3.23203225103514,-1.1748127227034,0.909100287444446,26.6722624782216,-22.4451381761911,-2.19070295694041,732.790107445544,608.933431702377,0
3.07,-0.901401160665024,-0.330154329538345,0.00223199908643101,30.7728813467758,1.50578068362992,0.183819168360397,0.91687308181215,-6.84250982799155,-30.3399856836334,2.99316451555691,685.258349434519,608.933431702377,0
3.08,-0.564445541349087,-0.0488092303276062,-0.0279670825691401,29.7458375834158,2.05697637077402,0.61456933658985,-0.000182097909263011,-29.1205264633847,0.0802509347875837,1.62017277460411,657.007598092078,608.933431702377,0
3.09,-0.438976168083418,0.117733061313629,-0.0218036456094581,25.6101952252561,-1.57996298836264,0.0655354057047907,-0.375145188682604,-3.86482111288868,25.4528067131872,0.0858414679274408,640.217472393362,608.933431702377,0
3.1,-0.309639163885502,0.214475095272064,-0.0448189827223176,28.0310651912471,3.99542643607729,-0.335527203159312,0.0639789169767698,28.3333084495614,-2.85502621391055,-1.54289959289644,630.169145647648,608.933431702377,0
3.11,-0.287990037570603,0.276057422161102,-0.0855613176926447,31.7635152423716,2.80541111056768,0.0750750111574612,0.339177273341837,-5.02136373740739,-31.5488436018035,3.05175909983558,623.773935705588,608.933431702377,0
3.12,-0.378025863920066,0.308318108320236,0.0699801062756519,32.4502551175897,3.13765623736063,0.293637348697975,-0.145382472550868,-30.4792540119759,11.127039590346,1.32738964727883,620.280976230812,608.933431702377,0
3.13,-0.222435805082601,0.330544769763947,0.149554222038931,28.3973276363732,0.600849153833824,-0.0922394846789054,-0.200256749802839,11.59689438213,25.923781022953,-0.417776069406816,618.044525210273,608.933431702377,0
3.14,-0.241911849565579,0.337402880191803,-0.00651401700779198,29.4021664868154,-1.27845949228912,-0.208688489919191,0.123911126720177,25.0125888985184,-16.2742701725543,-2.17503955445384,616.837649013779,608.933431702377,0
3.15,-0.24812691645356,0.347272992134094,0.0399439942493559,29.6712782293303,-3.31077346253737,0.103198391869426,0.22207570686657,-18.2655262745151,-23.7614660561911,2.34133783913613,615.889207236401,608.933431702377,0
3.16,-0.133792177889873,0.34713140130043,-0.180571309388717,26.1814717457307,2.84591189363872,0.0356157583981651,-0.170966747429167,-11.5965421390531,23.8941501862251,0.571506879967382,615.75858576118,608.933431702377,0
3.17,-0.232235343189536,0.350805580615997,0.182359367836771,32.2405462439548,-2.99984904437262,-0.234664768201565,-0.162785485386055,28.8955306723316,14.7842503063828,-1.2011657463242,615.15530484155,608.933431702377,0
3.18,-0.122163849937562,0.353753089904785,0.0586787109925129,26.737972494432,1.29968268420497,0.000225266979944544,0.157594668016085,3.04083886370123,-26.1817774094591,-2.97731883403702,614.661100719652,608.933431702377,0
3.19,-0.135994292201363,0.355678111314774,-0.140299499644424,24.551220541094,1.21903533768062,0.110807386707929,-0.0338476648096905,-24.1794674264071,2.45471658324638,1.5274605442487,614.242369996331,608.933431702377,0
3.2,-0.197346201384129,0.354269921779633,0.0584570547192033,28.560714993907,3.67275656014627,-0.127712189685804,-0.174074275209071,10.9701940346625,26.7173305840603,-0.252632543922244,614.142234393227,608.933431702377,0
3.21,-0.159421547592691,0.35297480225563,0.0243187496657959,27.7345153973604,0.110832413404842,-0.169262604109404,0.0601040832450673,25.0657177142382,-11.2264875427623,-2.03353455891065,614.072496099176,608.933431702377,0
3.22,-0.0482906600578124,0.351546883583069,-0.0539077981835201,30.0672400161101,-3.57992913158546,0.0773399321127282,0.245652566309754,-15.4179921648319,-26.680483736415,2.46792738515156,614.050973580847,608.933431702377,0
3.23,-0.13380001367855,0.354396790266037,0.116925853281576,30.9212540507658,-2.7088967951613,0.192896821705083,-0.153413320121181,-21.368886749033,22.116575166122,0.683868210504315,613.687138828348,608.933431702377,0
3.24,-0.0919006807754817,0.356651395559311,0.0623145558338832,24.0019792965057,-1.94936023488392,-0.0728657011574989,-0.0694481604373113,20.3583495844733,11.9035627167353,-1.10253404852702,613.470422860261,608.933431702377,0
3.25,-0.17794552055918,0.355423390865326,-0.0276256598129319,28.4076999607789,1.01501773899415,0.15683114199681,0.119784502338608,-21.0686918113969,-19.1557890273364,2.35319445140756,613.268197704708,608.933431702377,0
3.26,-0.202480806293785,0.354838013648987,0.0201267269836288,28.9901414066785,0.526602753433085,0.0957373976253524,-0.18179288114988,-14.8135847546697,24.8002505160393,0.565583670682786,613.112181230032,608.933431702377,0
3.27,-0.240991670813959,0.35535991191864,-0.167728583836293,33.763592671627,3.07404084442792,-0.300440760540738,-0.0458746133408121,32.5528894180417,8.70757092030798,-1.22365854154168,612.792149722516,608.933431702377,0
3.28,-0.267902070968223,0.353548973798752,0.0843011175816053,33.2462740273152,2.74985643722738,0.0137100062432274,0.298383237302021,1.73705057075383,-33.34085932402,-3.01446138418917,612.756932285703,608.933431702377,0
3.29,-0.221463488374665,0.353567838668823,0.0868450027619249,30.3057913287075,-2.28531695774852,0.243504432881126,0.0206062989975785,-30.6746079920218,0.748769598820957,1.47752158646091,612.654564955421,608.933431702377,0
3.3,-0.161190591864238,0.355698049068451,0.0819039506886054,27.8304030911725,-3.06426027606814,-0.00127007097682746,-0.189732410955324,5.9180162356928,27.2410455353938,-0.316274868170384,612.660332481534,608.933431702377,0
3.31,-0.106718602902112,0.352930158376694,0.124969535049604,26.6317309176819,-2.77514085028323,-0.171663390947778,0.0321741719340728,24.5118963866305,-11.1347169378002,-2.10887159542612,612.639933745406,608.933431702377,0
3.32,-0.234887117840841,0.354698538780212,-0.0105470154170491,28.6481076147656,1.70132108981458,0.169944083893274,0.112783051174759,-21.3453061026384,-19.1601606292791,2.38109152730878,612.488279965312,608.933431702377,0
3.33,-0.151058417628583,0.353211462497711,0.124314548839994,22.590291202296,2.81143385149976,0.00769460612245979,-0.104044203415231,-10.7165163250352,20.6459857524178,0.587503552321511,612.369617231925,608.933431702377,0
3.34,-0.18835563395458,0.353117942810059,0.0346426866033268,29.294656358273,-1.4428390151354,-0.197108154590026,-0.0983151637433377,27.1944596768581,11.5921810043809,-1.2069963055908,612.177368224635,608.933431702377,0
3.35,-0.258500499401177,0.351782590150833,0.0674673029867204,29.7796919930956,3.04313047076752,0.0341583214284945,0.226558695769194,0.925721118808973,-29.6564129801194,-3.00228600560018,612.267679674942,608.933431702377,0
3.36,-0.224793640382008,0.35356405377388,0.151751937644803,31.9317085126608,-2.01383215545048,0.270599278583658,0.0130273197124915,-32.0656643636889,1.00233124856144,1.48438046410114,611.966813620119,608.933431702377,0
3.37,-0.303789981685585,0.354519486427307,0.0435779153818392,31.5093312207921,3.85121304155125,-0.134441735185173,-0.221735093094438,12.5257413678378,28.8219527715995,-0.313797892020178,611.858885452252,608.933431702377,0
3.38,-0.15965665917519,0.35589125752449,0.0755675325959986,29.7308639583069,-3.36873135858615,-0.207975467521001,0.0637389956364455,26.4317274771317,-12.8750861925369,-2.11365536587102,611.754733044263,608.933431702377,0
3.39,-0.264601232719065,0.353907018899918,-0.129212131881038,31.0942090706413,1.01849349405702,0.184162397124518,0.17547894838748,-22.1834335852039,-22.1523755315923,2.37045025682414,611.573999312762,608.933431702377,0
3.4,-0.112749451583448,0.355999410152435,-0.068539914806025,24.6136560365742,1.31406854715153,0.0384142553812862,-0.115835321162646,-12.0833312176801,21.5432253245613,0.570592533453482,611.290959967942,608.933431702377,0
3.41,-0.27870575659159,0.35569179058075,0.12766832062737,30.180071614327,2.8621726650389,-0.244827099441762,-0.0251095992637362,29.8829561511297,7.5579740556185,-1.23122523283681,611.038110584009,608.933431702377,0
3.42,-0.292845147024507,0.352107346057892,-0.0711469483784866,34.7973172824155,0.0799954225360578,-0.0354410108848607,0.310631185434462,3.82947145226221,-33.9749198905048,-3.03280676189783,611.403414312197,608.933431702377,0
3.43,-0.0288291362246521,0.352309823036194,0.0503640476970197,27.1340156646749,-4.56778761319243,0.181516813866682,0.0688014245405106,-27.5047838350495,-1.14437699973857,1.44944591863655,611.569084238136,608.933431702377,0
3.44,-0.0718639096478352,0.354313999414444,-0.0462681994262636,27.5857440408381,-0.82647274976746,-0.0383948363797544,-0.168004443903032,8.39887182079274,25.9153958747498,-0.352176643319909,611.29922644084,608.933431702377,0
3.45,-0.0515860325846078,0.355363011360168,-0.127250567868318,22.2986479784375,-1.95178546567787,-0.0836880271880356,0.0222641363459133,19.7930742848833,-11.468080081723,-2.15582724882201,611.156043992918,608.933431702377,0
3.46,-0.275667196744915,0.356377393007278,0.0694765262753997,26.1758656866722,-2.40716888361922,0.0890996977536944,0.129028652217305,-18.1430741111512,-19.3171580151888,2.32388414183995,610.984587993619,608.933431702377,0
3.47,-0.292553038187997,0.358966916799545,0.0273006433960319,31.5132495242706,1.4349759884128,0.101837912235314,-0.23822917166675,-14.5036092901827,28.3228107599121,0.517742145330616,610.400052891334,608.933431702377,0
3.48,-0.208945671328928,0.355533748865128,0.0748671008106098,28.1302333727903,1.89315296040238,-0.112736948960895,0.153551582744214,19.2892044125086,-20.5303611135513,-2.32964364174469,610.583554937573,608.933431702377,0
3.49,-0.290542009064432,0.354807078838348,0.0298727278471659,32.1829588610946,-0.0312238150881533,0.220559120306058,0.149070897262106,-26.7232124468948,-17.6518888071977,2.14740470904762,610.635022757351,608.933431702377,0
3.5,-0.187612546081259,0.353689014911652,-0.0481443518864791,29.1555229495415,-0.38520600630333,0.0776766149813408,-0.203983613926316,-10.0685707520167,27.8099869301569,0.340433872705024,610.787291148624,608.933431702377,0
3.51,-0.161089667711945,0.355387032032013,0.018786574852134,31.0890531609416,-3.01881486505902,-0.239272586015072,-0.0829081616453735,30.6199859157593,6.05334688189856,-1.46742476262119,610.712400148107,608.933431702377,0
3.52,-0.00330653975070092,0.357933312654495,-0.207645971792585,22.8343463076162,-1.10651898049781,-0.00840856604727088,0.0849549382354091,-2.09675861573965,-22.9637857912917,3.0080942457259,610.400683959871,608.933431702377,0
3.53,-0.275730560177107,0.35727334022522,0.149990374406379,28.7411805804196,-0.00774353813365714,0.168680802200209,-0.0777649507227337,-26.0123233256797,10.7087957041915,1.19887288210076,610.461260839755,608.933431702377,0
3.54,-0.08827790794259,0.356595009565353,-0.12050375950271,29.5313046242503,4.47275723336057,-0.199584847489844,-0.119616685538217,20.7119638383473,21.4464121049517,-0.609663881447581,610.165366520844,608.933431702377,0
3.55,-0.123100225458589,0.352230161428452,0.0382447124650024,26.6274399425951,-1.01200113762516,-0.120787682922745,0.10393386788905,18.4085810497961,-19.1013812659271,-2.41831725063157,610.485684938817,608.933431702377,0
3.56,-0.243041714464403,0.352906793355942,-0.117173560382177,28.2534994600158,0.550244566593428,0.170525397174358,0.0890397015873511,-25.0388873240894,-13.1157071383894,2.05671248211384,610.543530670537,608.933431702377,0
3.57,-0.31406835115627,0.352724432945251,-0.0523435645398262,28.575264713416,0.564352097708307,0.0287885626108741,-0.195454028169589,-5.97799669953267,27.8535945854505,0.248576979253935,610.614731803318,608.933431702377,0
3.58,-0.2571252820081,0.35414856672287,0.168400722563404,30.5703554405122,-3.06262081593315,-0.24249820987708,-0.056572688542698,30.8405336587683,3.01322717502712,-1.55995552852969,610.3495732035,608.933431702377,0
3.59,-0.202718236802352,0.354353666305542,0.287839642386128,27.6829007013036,-4.29555691236184,-0.0491517112788551,0.18456094187455,-1.76055344113383,-27.4772103631624,2.91357951493502,610.388998872109,608.933431702377,0
3.6,-0.132713838291442,0.354826658964157,0.0133382635118654,25.280055810522,3.86683617340693,0.0931422224621623,-0.130614769196835,-21.4306679956396,14.9267521548195,1.10467268239381,610.239145144775,608.933431702377,0
3.61,-0.293316567790127,0.35353410243988,0.0136706056549894,26.9005086784524,0.53794168872433,-0.112964698472388,-0.122323546108643,17.7135001176444,20.3986510960272,-0.70495629411654,610.208012331118,608.933431702377,0
3.62,-0.181598147599109,0.35083743929863,-0.0968310676640326,30.0688854440423,-1.33740045677978,-0.168414134028309,0.183353035587178,19.3750067107828,-24.1566195227497,-2.51411712671053,610.294399950402,608.933431702377,0
3.63,-0.268468076703762,0.355033814907074,-0.0257832682470556,30.0490961185765,-7.45047098451341,0.158380424212992,0.210224182448656,-25.3213339115962,-17.5675244551734,1.95827528086137,610.036382717091,608.933431702377,0
3.64,-0.141963852059644,0.356466561555862,0.120927144292123,26.6367385384121,0.0285693488826629,0.0138399932836942,-0.140887983555722,-3.38764022935235,25.7044092342708,0.145796532434996,609.892397049628,608.933431702377,0
3.65,-0.0849174870981403,0.354844272136688,0.0307966570541582,22.4664631696478,-2.52575678157021,-0.0793845298942173,-0.0473993141933577,22.6574994623156,0.556764090975903,-1.66683248089746,610.251890577569,608.933431702377,0
3.66,-0.117757159159364,0.352975279092789,0.14750026147303,23.9755311864179,-2.80553028104071,0.00358526896466327,0.120852046753877,-6.31316743945504,-23.6932685154374,2.80587136876328,610.164027615668,608.933431702377,0
3.67,-0.253566889233887,0.356575161218643,0.0530126123794905,30.6992038564273,0.741693349697026,0.198421407627936,-0.138320366095133,-25.7756912261284,17.1482852741087,0.994674307280808,609.749553138895,608.933431702377,0
3.68,-0.0673370336243081,0.354266047477722,-0.0900163025245415,25.0349038448804,4.67195955359265,-0.162288292061541,-0.0246821051152686,21.7725557260816,14.0914912990583,-0.818871170020563,609.871347719324,608.933431702377,0
3.69,-0.212470404977905,0.354243725538254,-0.0518768020764691,28.0471856287815,-1.05451924575381,-0.104406824148305,0.16227786913574,14.3688659118816,-24.492212359099,-2.63135206961697,609.772827388762,608.933431702377,0
3.7,-0.160212301994425,0.354593098163605,-0.0302832776603967,24.8065900126586,2.57086677512499,0.0513104060512729,-0.120390616813843,-15.9608541091945,19.1838801292343,0.797146585709945,610.010438279929,608.933431702377,0
3.71,-0.152158205052826,0.352969855070114,0.0983532318876895,25.5645628317181,-0.877544949164461,-0.0943296242599013,-0.0906818259876706,20.6223183337808,14.3741382582746,-1.01506348500619,610.028057549725,608.933431702377,0
3.72,-0.250117349185132,0.354367852210999,0.10767892932088,28.9068420207547,-0.478542310922511,-0.0833636028203689,0.188855465379163,9.96559840887873,-27.3023338750024,-2.82792774558242,609.880128008081,608.933431702377,0
3.73,-0.0160754519811166,0.355649352073669,0.151537634459105,23.4583139768655,2.97233057231189,0.0916918610266324,-0.0551136183826837,-23.3794643124731,1.38740958109157,1.6418927422221,609.699373639912,608.933431702377,0
3.74,-0.249514528438734,0.352681279182434,-0.12281796576316,27.9069308915244,3.33230815605199,-0.108997504318037,-0.173051565143355,8.56990643704206,27.0902346748583,-0.170764071708779,609.722120489392,608.933431702377,0
3.75,-0.257525628044818,0.351925879716873,0.0344797503753392,33.5928140373499,0.327506790612858,-0.266356802701017,0.12400634644447,30.4454496428127,-13.619793701664,-1.98346020163686,609.689350897999,608.933431702377,0
3.76,-0.32903197505235,0.35107210278511,-0.124544088820496,33.2331666469192,3.73895918698288,0.230413362538603,0.186465082431774,-22.90224953639,-24.0676792811454,2.48702770968566,609.923644994632,608.933431702377,0
3.77,-0.27858168938278,0.348646253347397,0.0447290065596385,29.0753807986491,-3.23208525748523,0.190644380707802,-0.131911017632286,-21.0621582171684,21.0738460699267,0.67467903939216,610.26792325594,608.933431702377,0
3.78,-0.171623203661063,0.355384886264801,0.104111141017435,28.4967642305516,-0.325839523958294,-0.18191414635331,-0.0903547073590388,26.2227035842883,12.3884428791423,-1.13906963610895,609.594282929267,608.933431702377,0
3.79,-0.314246341626057,0.357071727514267,-0.0537769254920727,29.9067043884728,-1.21704061487352,-0.0605888322033409,0.210704019571592,6.559303189089,-29.1401572526229,-2.95512717437829,609.418821024976,608.933431702377,0
3.8,-0.213465104605629,0.357809454202652,-0.0102915847028365,27.0489406363837,1.82970530865204,0.170174628224252,-0.0644834840547535,-27.4556888268299,4.29758793920552,1.51176893064428,609.358160273055,608.933431702377,0
3.81,-0.125711258643648,0.35290738940239,-0.0931475197214098,26.155945234803,4.73470266062948,-0.121510569964406,-0.11176028410656,11.6127930695232,23.4868626955414,-0.303321407590892,609.424493631474,608.933431702377,0
3.82,-0.386527725845025,0.350768774747849,-0.0572409043156061,30.2824746415921,-0.129569631280079,-0.208662541613443,0.134449435780629,26.3582487186254,-16.3946584902703,-2.1177139184029,609.639969061988,608.933431702377,0
3.83,-0.260784971421768,0.351780146360397,-0.107850956206908,31.0554747041755,-4.23311876232045,0.117112753714503,0.228195772736134,-19.1774554419304,-24.5135972776981,2.35035020507391,609.664908515919,608.933431702377,0
3.84,-0.11591545720978,0.35323902964592,-0.0813659088719588,26.1835870851912,-2.12799441079713,0.102083151722823,-0.112439778652279,-14.6455280245122,21.7776242481625,0.535362260707846,609.795717483331,608.933431702377,0
3.85,-0.0295173091449278,0.353459566831589,-0.271205679419555,22.7080943168218,1.30044902775867,-0.076938899792924,-0.00526517895625653,21.8343921098079,5.65210429405964,-1.27922280358743,609.644554557018,608.933431702377,0
3.86,-0.0829642769877937,0.350348174571991,0.0340076400400527,23.0015190727737,2.11092029824897,0.0455690555455557,0.0842603577522067,-1.34709999121748,-22.8149461310934,-3.09291081239256,609.861884371307,608.933431702377,0
3.87,-0.166909079209537,0.350926876068115,-0.154232672561417,27.5616984187961,6.73277997366716,0.1444592734436,-0.170388863309644,-25.5455959914622,12.039614281358,1.37826981783582,609.678404608763,608.933431702377,0
3.88,-0.185188643514505,0.350793212652206,-0.166255940894398,30.0634546787232,8.30334618449713,-0.240307656524123,-0.143429183048557,19.8388325525049,24.1062798316539,-0.436018265000858,609.426697909053,608.933431702377,0
3.89,-0.358505687853978,0.353211104869843,0.0320669140341517,32.7057423970507,-2.77396045984234,-0.253447898562799,0.133599550445604,27.2335231119448,-18.5384614640305,-2.25195106611766,609.420300148197,608.933431702377,0
3.9,-0.177154136156025,0.353129267692566,-0.105446461550693,25.5052713401931,1.87416814909369,0.108688055787107,0.0574263829659703,-20.4805887515311,-14.1070221312517,2.21498906360667,609.536721574641,608.933431702377,0
3.91,-0.133482256169067,0.356532245874405,0.0336807081572789,26.1120674855557,-5.41919114078403,0.166634931554639,-0.0848937419620324,-15.6466641381151,21.7282133264203,0.397146905511772,609.247357342495,608.933431702377,0
3.92,-0.0665494145104322,0.354195713996887,0.00949916090093696,26.3750891376294,1.93640844676291,-0.152533243747551,0.0185877450203781,26.2476822834915,1.92629804217638,-1.41905450602411,609.563984390366,608.933431702377,0
3.93,-0.103163216826842,0.353385657072067,-0.209234562105603,28.4078960289233,3.80503532171582,0.210541971576649,0.014513790286899,-27.5417145529156,-8.72637157901645,2.00810814082595,609.347388029535,608.933431702377,0
3.94,-0.257387168429435,0.351322442293167,-0.172959908418343,31.1553795094857,0.894248295510669,0.022002385469918,-0.256326408076093,-4.75108818599039,31.1587144468619,0.192814170444097,609.404539429855,608.933431702377,0
3.95,-0.349200304306886,0.348292261362076,0.160739383565362,32.4244263145345,-0.761176527989956,-0.274558402044762,-0.00495238439388882,32.2595279379658,-0.665480678056688,-1.62261795678525,609.735199834389,608.933431702377,0
3.96,-0.199961105145531,0.350140511989594,0.0367009626681595,29.0518151217715,-0.053232459679213,0.0651188994905832,0.189276028465104,-8.73879205405132,-27.2896911399142,2.8460340092419,609.564547385715,608.933431702377,0
3.97,-0.200522733282768,0.351512461900711,-0.0574761209257627,30.7045689949542,2.10765768916433,0.189153983287578,-0.161146729823354,-25.4858307915129,17.7329526454482,1.02979734972366,609.416006960129,608.933431702377,0
3.98,-0.0687333329776217,0.35057669878006,-0.105792853644677,22.9595418650073,-0.284279877208405,-0.0726415442944767,-0.0578301443616946,16.860158095275,16.0791861388332,-0.786276551714256,609.627785297466,608.933431702377,0
3.99,-0.370461017287869,0.351124167442322,-0.00449116771902769,30.8993346090528,-3.52406696340362,-0.184057942602387,0.172137557726807,18.8592086164844,-24.6321226164774,-2.6011823373125,609.483234956143,608.933431702377,0
4,-0.0928040458607411,0.352639436721802,-0.23136559985368,24.7426255804163,3.51090437487874,0.134735980921146,-0.0330628552373439,-24.6981431589238,-3.86210567630078,1.86599851462884,609.310974536264,608.933431702377,0
4.01,-0.2930718804946,0.349058449268341,-0.0172802874647211,31.9942971111942,3.58476789645468,-0.056240407244403,-0.276301073533443,1.80086917025663,32.4010747790561,0.0506734515867364,609.459760152806,608.933431702377,0
4.02,-0.327665324155398,0.351205348968506,0.0605009971934017,28.1834158667589,1.39798864609551,-0.196814215230937,0.0525209536055921,28.2011475684288,-6.29942296177933,-1.76561992608586,609.426977968803,608.933431702377,0
4.03,-0.267812142277279,0.353901356458664,0.0242177144654342,29.2559897171357,-2.72803699969755,0.0475803930378883,0.203394580384038,-10.4769436949735,-27.2056719285208,2.70028747244428,609.150440492578,608.933431702377,0
4.04,-0.187973928655128,0.355092436075211,-0.139626516995588,26.9308602967761,3.20341544808496,0.0839586554076452,-0.143852418979459,-18.7736965288637,19.2644583557318,0.880723724267448,609.258006614156,608.933431702377,0
4.05,-0.0766818933095218,0.352484554052353,0.0777377925954789,23.3730693912868,0.551201170481537,-0.0773399127933337,-0.050042102217861,19.0005193431264,13.6542519221257,-0.936003455974177,609.314064667096,608.933431702377,0
4.06,-0.14893448673007,0.354501605033875,-0.0814757653212954,27.3393505370209,1.58085483118219,-0.0255914719985596,0.154302652554129,8.48295652997847,-25.1920568740176,-2.75279180391098,609.076950419966,608.933431702377,0
4.07,-0.14265447645561,0.351601153612137,-0.0909723480202681,24.8822998645686,3.63292522405406,0.140571696648457,-0.0677187070445062,-25.5904135120935,0.654665427826505,1.71375740271153,609.295083353816,608.933431702377,0
4.08,-0.0874661872537361,0.349804192781448,0.103062251993833,27.8426309645024,0.790322958060795,-0.0218073834625298,-0.179584819592895,2.93581130628237,27.5631747627813,-0.10213952921537,609.305700977473,608.933431702377,0
4.09,-0.268169813187412,0.351742446422577,-0.135612255124151,33.1372186715065,0.029991747459045,-0.265087229188474,0.0987070038357376,30.8823010764244,-11.3994006814936,-1.91962930267948,609.285612918028,608.933431702377,0
4.1,-0.187764124721888,0.348663061857224,0.12812794447539,28.7270511095364,-2.88251303577301,0.0660370828910597,0.196707327268633,-13.7640083993809,-25.2444669188078,2.54708430788912,609.570507134565,608.933431702377,0
4.11,-0.172346544439971,0.352602958679199,0.0883565495528106,27.2814864254856,2.16582123182461,0.0831848536701979,-0.145126887734307,-16.7183501126038,21.2804078806181,0.73106119465939,609.337948354105,608.933431702377,0
4.12,-0.276758526607733,0.351195394992828,-0.00923700606840342,29.4164240789868,-1.02268478936595,-0.182853418839623,-0.122085712205571,25.7182086422003,14.8874086404976,-1.08508185031469,609.390259813058,608.933431702377,0
4.13,-0.195420414403389,0.351011872291565,-0.0994154175403034,27.3663808837792,4.6357239405836,0.0481672327976187,0.194972379541593,2.10078321452161,-27.9516009168553,-2.90145368841282,609.240194455753,608.933431702377,0
4.14,-0.17942118715221,0.350963950157166,-0.0411420731887478,25.3511003297678,2.42374783369488,0.136877762910229,-0.0517683646618788,-25.5981197709181,2.64772576181304,1.56419266140946,609.124321652329,608.933431702377,0
4.15,-0.287532765262071,0.352152466773987,0.135619216702685,28.9292567629158,-4.99334834002172,0.0531013961287584,-0.223545541810464,2.10606837301578,29.3821514190657,-0.254086147961607,609.163998890148,608.933431702377,0
4.16,-0.287986763923878,0.350833684206009,0.0951567794236126,29.0309037845587,-2.74823898185433,-0.0467149076594174,0.202122292970698,2.83544043364449,-28.8541753494549,-3.11245797136872,609.426067173706,608.933431702377,0
4.17,-0.184554819717469,0.348031967878342,-0.0749061817545572,28.83558007268,-1.87411789874148,0.215507611023131,-0.00239426076620101,-28.9549664454984,4.1364050327489,1.35462882965975,609.623570811392,608.933431702377,0
4.18,-0.200411761550887,0.352237373590469,-0.125867139440905,27.3258219887494,0.608434828717917,-0.0866731599888883,-0.144847044136961,12.7300408653377,24.0987910824029,-0.462425062934238,609.198770416928,608.933431702377,0
4.19,-0.178254672584214,0.351285666227341,0.0156330836071199,25.3018894745679,0.266417831142593,-0.0995388572761275,0.0804614635225644,19.2579330437662,-16.2310282093298,-2.28024458064991,609.355644096007,608.933431702377,0
4.2,-0.135833600925652,0.349541395902634,-0.053644881507447,27.9611821689259,1.84455054963426,0.16614226243775,0.083959431503318,-23.5409500030669,-15.0503846679139,2.18636006461421,609.231177149305,608.933431702377,0
4.21,-0.145989927781324,0.347974598407745,-0.17753085257175,25.7966550312306,5.29644122117986,-0.0493954049582567,-0.17380356789745,-4.30975540156129,26.0420066000217,0.369387833076233,609.433903672809,608.933431702377,0
4.22,-0.136656303329196,0.348550498485565,0.0319149094445016,26.7907104646963,-1.04504846297264,-0.158839208292555,-0.0430083176663179,26.4669060906976,4.40370647191082,-1.4469541371185,609.413136039776,608.933431702377,0
4.23,-0.130754828709917,0.347933351993561,0.108844231630957,25.388686665947,-1.27387163246808,-0.018714418878889,0.133634959632978,-1.37406959211974,-25.1720821307882,3.0195603948095,609.584073809977,608.933431702377,0
4.24,-0.173525309377132,0.346847504377365,0.0140147861944322,23.9465342201489,2.60465497843878,0.0930767351671454,-0.0989545931732449,-21.9993315661854,11.6160888617879,1.20478678615157,609.698050936986,608.933431702377,0
4.25,-0.162561130322701,0.34462234377861,0.0547976128127289,25.0059557563386,1.00718631388295,-0.0910663058747373,-0.104737660540601,15.0958170948606,20.4089333324356,-0.608406100059224,609.930621934944,608.933431702377,0
4.26,-0.166425106492624,0.343465447425842,0.0345958487017526,27.5866906947349,0.24142571944152,-0.108241137231062,0.148527148719066,17.619012329261,-21.2220315142792,-2.4201310354165,609.747320186231,608.933431702377,0
4.27,-0.267780288249405,0.346875250339508,-0.123514318487056,30.1171798457968,1.97167871716873,0.228795647908639,0.057026559885828,-27.9252050772738,-11.4538989391866,2.0481219153768,609.312820853887,608.933431702377,0
4.28,-0.229967634566454,0.345408827066422,0.273545736764751,31.5849441260319,-7.32004734006007,0.202025180528045,-0.221803744578381,-14.3590627945822,29.1192279051773,0.232342250280261,609.351516554584,608.933431702377,0
4.29,-0.14083149337758,0.345711588859558,-0.243541485804331,30.4577709140121,3.7429493687785,-0.249143528625786,0.0803814022658404,30.9983257133173,-4.32249800862939,-1.58424254133955,609.525451572789,608.933431702377,0
4.3,-0.153440388242315,0.348070949316025,0.00770933249461175,26.5143726642032,-2.80103716044699,-0.00852363940026972,0.15939476735363,-4.39980261253082,-26.0001128083002,2.88160593008713,609.272347539323,608.933431702377,0
4.31,-0.192089188385018,0.351675778627396,-0.0613205685302177,28.1995103888195,0.689537924677607,0.154496544911852,-0.104619058928595,-24.1895430362556,14.4065203593535,1.06223656537035,609.062649686746,608.933431702377,0
4.32,-0.187986585319358,0.353837668895721,-0.0790691099936234,26.4625117928443,1.04483956114065,-0.109519267660601,-0.10699096693788,18.4728022675171,19.1547585352249,-0.757245873428491,608.614876756599,608.933431702377,0
4.33,-0.233326453677222,0.349621117115021,0.0493629337097795,30.0481643045691,1.85418783606818,-0.0956301388542406,0.212483157357203,14.8684535929904,-26.4335288808167,-2.57710406271475,609.013876455145,608.933431702377,0
4.34,-0.196397503598909,0.345419019460678,-0.0207218516438311,31.2988683118812,-1.65570964567099,0.229506259661057,0.113892596934058,-29.0667840894563,-11.5694773981473,1.88920901953598,609.374006771008,608.933431702377,0
4.35,-0.194252862798592,0.345016598701477,0.0764184548784379,32.452627245087,-3.00002470161681,0.0827157745167706,-0.272281331532414,-5.44311952520375,32.0976309008469,0.0730401373091174,609.547846043212,608.933431702377,0
4.36,-0.30999099336844,0.345848232507706,0.354257682848983,30.485428525339,-4.1219768165357,-0.251088799936698,-0.0257665870620017,30.8480305935097,-1.93149564253315,-1.74303909320423,609.357548021632,608.933431702377,0
4.37,-0.104607190715138,0.346407741308212,-0.241658693981506,26.0260939564278,0.532607615362232,0.0750859875431328,0.114906749632325,-11.3317454872415,-22.7386274287408,2.72312510486538,609.495107012823,608.933431702377,0
4.38,-0.150451495199079,0.347980946302414,0.0904248555187314,25.5763727029164,0.175033639141889,0.111162842497309,-0.0894835828113991,-20.2874981404905,15.9763556096445,0.90674081439892,609.210529514184,608.933431702377,0
4.39,-0.13613101120628,0.348356157541275,0.225886370289015,26.613729209349,-3.19689742073688,-0.171851572764957,0.00590819188971274,25.9851693141846,-7.19366900836581,-1.9514293700189,609.191103806629,608.933431702377,0
4.4,-0.243075446570478,0.350924044847488,-0.148394560437458,29.9826606397706,6.0586326875821,0.220213906615009,0.111545674887976,-22.0402734415851,-20.8544608815232,2.51291055883757,608.842639093904,608.933431702377,0
4.41,-0.250679723421109,0.348311752080917,0.120698584956671,32.5029784182557,-3.85428713220271,0.234358803010652,-0.174834771783708,-23.6862403127434,23.1300260707676,0.694165303654904,609.097278406274,608.933431702377,0
4.42,-0.300836963886874,0.346075028181076,0.0821481032185462,28.0963293850505,-1.20872152281201,-0.156929730440827,-0.120643440151726,24.6397427730333,14.0449454132305,-1.12300622988033,609.43812497045,608.933431702377,0
4.43,-0.192283687086384,0.347254604101181,0.032461381869253,27.1967113248975,-5.01206652377705,-0.123914360718771,0.146205269784111,9.90076203098367,-25.6082738790839,-2.94043037812174,609.310347764338,608.933431702377,0
4.44,-0.0331066304279802,0.348415613174438,0.065999627715035,25.9176475829053,-2.84192900357536,0.146252373010386,0.0545153369198389,-26.0239912196033,-1.87131336718224,1.52488070538495,609.196555666646,608.933431702377,0
4.45,-0.258837425614355,0.348749577999115,0.0283372907169504,28.9034649104313,4.67708588716234,-0.148287009815586,-0.157963233712911,12.785713741122,25.8634341699946,-0.292265525777323,609.102459266816,608.933431702377,0
4.46,-0.0719234089531214,0.34766548871994,0.0946043953903518,26.1096814124786,-3.13823641561631,-0.1505774702772,0.0260967377062883,23.6116163582466,-10.8469254887004,-2.10983459127869,609.000782441628,608.933431702377,0
4.47,-0.219037584345427,0.345916539430618,0.038924958395716,27.3545254887776,-1.2732337327352,0.109383400179899,0.149101629356368,-18.5928246963865,-20.6588897192224,2.35548946360476,609.253377550429,608.933431702377,0
4.48,-0.360911474463851,0.347822248935699,0.177747842107319,32.2169329542426,-2.48275705190201,0.187017861249774,-0.21554982617285,-18.8858262698647,26.8815450107772,0.536997524140203,609.147065239057,608.933431702377,0
4.49,-0.241823705251696,0.347874104976654,0.00427755142050764,32.2746121836159,-2.81400637273937,-0.238599525873652,-0.135026683095993,29.8815901399361,12.0636775394283,-1.28111444070789,609.159657575025,608.933431702377,0
4.5,-0.243592967944568,0.348267376422882,-0.127286493568922,25.6881263256765,-0.688319200672448,-0.0248021195656656,0.133503386538236,2.00660020858723,-25.4037371976113,-3.09982394655567,609.218412754083,608.933431702377,0
4.51,-0.257406247230215,0.349687337875366,-0.138431520273835,27.5357080630124,-0.242421329249556,0.171435088019787,-0.0318532735427916,-26.9964270079876,5.42362333248369,1.36467251059071,609.112123998308,608.933431702377,0
4.52,-0.133956616538981,0.350016862154007,-0.104365490868444,27.0350074132599,7.16490696711419,-0.205071669247872,-0.0760842248606988,18.4703929860175,20.75657882611,-0.453582853951831,608.875099731041,608.933431702377,0
4.53,-0.331221999963735,0.343820095062256,-0.00184218039324824,27.3334819070813,0.937891832299617,-0.134369475259548,0.121504854419691,20.9272088547027,-17.9731605483443,-2.27163816417887,609.337067969865,608.933431702377,0
4.54,-0.26487448220716,0.346036583185196,-0.204510394299033,31.624630381521,-0.974963861642025,0.207490894724994,0.174359804988251,-25.5133140827741,-19.6043037589987,2.19450027211158,609.068168620545,608.933431702377,0
4.55,-0.170264757454415,0.347194850444794,0.0916174743334923,30.030094081127,-1.0597494454907,0.119157939262471,-0.193971396565186,-12.773167912313,27.1210063451481,0.375396678767271,609.108026989108,608.933431702377,0
4.56,-0.259120922346982,0.34940704703331,0.0254736163486916,29.6534576087757,0.56821212879368,-0.224401394579034,-0.0161912319004342,29.8955793080184,3.15394007374925,-1.4442839026725,608.937805720066,608.933431702377,0
4.57,-0.0429337979910135,0.35124260187149,0.174030835850959,26.5924030872028,0.442910240503008,0.0230230402173651,0.148061013600155,-3.45976892963098,-26.1789916339656,3.01918887036619,608.818725389522,608.933431702377,0
4.58,-0.229942935601101,0.349852293729782,0.0863568863042161,27.2295537929585,1.92134436210204,0.136194957436895,-0.105951365685901,-24.3870129719481,12.1101251008946,1.19918857784562,609.094545957271,608.933431702377,0
4.59,-0.258937887432253,0.349159568548203,-0.111340168071623,30.4259041676913,4.66548826370366,-0.207670607479186,-0.12673934750614,21.2593247404456,21.6965903239681,-0.619300402856529,608.85173409193,608.933431702377,0
4.6,-0.264715331506068,0.349233776330948,-0.0026107327866093,31.8166261251389,1.26945874441497,-0.157555608971176,0.200937633461448,20.0952431963877,-24.3719498637946,-2.43915588807733,608.697028433798,608.933431702377,0
4.61,-0.22627076392339,0.345146477222443,0.154930258616188,28.6698069571066,-2.05842845817933,0.181191926677418,-0.0846072106486463,-24.5485373479897,14.5762126451872,0.984572995737802,609.179442806483,608.933431702377,0
4.62,-0.235089327397818,0.346843004226685,0.0306369097392844,27.9155642271978,-4.6785871882768,-0.0845549113978545,-0.183812023973865,18.1151803487496,21.7356706861598,-0.834100526987438,609.204531943216,608.933431702377,0
4.63,-0.240039801325618,0.348935425281525,0.0252125923649574,30.4964057995472,1.77867932248482,-0.0757421468882533,0.217868082117549,12.6065925513915,-27.5221031090393,-2.6531141524018,609.056048592822,608.933431702377,0
4.64,-0.158290472309599,0.349622368812561,-0.0968488820274285,24.943370264878,2.422617260681,0.136864330033225,-0.00104683710697404,-25.157194531043,-4.45553631971937,1.81120752220518,608.942803681652,608.933431702377,0
4.65,-0.119042562275748,0.350926101207733,-0.160990251248904,26.4683024454115,5.55523321109769,-0.0858345451318182,-0.144799401947153,4.39410867648166,26.1690369190148,-0.00789444262284581,608.823832178361,608.933431702377,0
4.66,-0.211804341329966,0.348895221948624,-0.117879148383761,29.9725360581674,5.38747973890131,-0.187027725896757,0.158483669370225,27.5849175948722,-12.6312426073906,-1.82685240621537,608.897029795861,608.933431702377,0
4.67,-0.317828400042117,0.34644216299057,0.0330578933881984,33.2597786566707,-3.52029092129882,0.0784748727841878,0.284872704883976,-12.9651766196084,-30.6262521825913,2.63760778695437,609.136767352336,608.933431702377,0
4.68,-0.149857947133023,0.344070643186569,0.0198673380831305,28.2110303407421,-1.16927752339158,0.172133653845688,-0.102153604410118,-22.178636599487,17.8216050507368,0.820594722779029,609.514535209298,608.933431702377,0
4.69,-0.0724809675538095,0.345603376626968,0.11128822996594,26.5700240720549,-4.23067779048887,-0.0920641427494908,-0.168372629315488,20.2979159062041,18.5429718071689,-0.996526271132377,609.323714223784,608.933431702377,0
4.7,-0.192903139062169,0.346938163042068,0.0445154300484739,25.8973141320837,-2.64434367937753,-0.10468109439445,0.116513753300248,11.2651203135593,-23.57616957387,-2.81436511817394,609.195244933397,608.933431702377,0
4.71,-0.080825537292415,0.347397416830063,-0.0324847831224654,28.4357499445188,4.65364605709862,0.201522594915332,-0.0797871998189492,-28.7856869889839,2.44074668411662,1.65161898933945,609.094542035755,608.933431702377,0
4.72,-0.16235421551797,0.345497697591782,-0.0659937306217857,25.6234727127063,-1.98444993277483,0.00737318251773092,-0.138878720990575,2.64785786795331,25.3808675823029,-0.165651192713132,609.093366869989,608.933431702377,0
4.73,-0.148853982285289,0.34440290927887,0.0393178827471957,26.8912872546243,-4.01427960406548,-0.178936787663166,0.00782948129886632,26.0424065778453,-7.7973522485958,-1.98346637171746,609.316070657655,608.933431702377,0
4.74,-0.207141386547553,0.340307027101517,-0.12208646861654,28.248986413877,-0.593787973275374,0.131064111828474,0.155208235292228,-17.8537565583424,-22.3183671972946,2.48431132958909,609.792864461669,608.933431702377,0
4.75,-0.136025961936867,0.340628296136856,-0.00441437505259278,25.7777423234693,0.783082143699259,0.0910035166039677,-0.109010101831739,-15.9721896355078,19.9381394259676,0.670081877496081,609.729057056718,608.933431702377,0
4.76,-0.252327830453892,0.343441903591156,0.0506305928148667,25.6058569657591,-1.59445068954143,-0.107091993899896,-0.10164170585541,22.2949351686643,12.7446705895609,-1.14523112896882,609.582233996427,608.933431702377,0
4.77,-0.296521964092371,0.344537913799286,-0.0652460991746526,26.3637875418044,1.89115660989965,0.0123451844099041,0.161170734527905,2.74901973327661,-26.4032630257755,-2.96099639837158,609.213175532199,608.933431702377,0
4.78,-0.212942162695674,0.345315158367157,-0.116607682474026,24.1844434686374,1.50202133129227,0.109973502049097,-0.0429114397709333,-24.1543851199754,3.33186738319431,1.50472883704901,609.141727279977,608.933431702377,0
4.79,-0.222763149832939,0.343221783638,2.58727426700328e-06,28.3669533807219,2.47052332996002,-0.106884626251248,-0.170687580312975,11.0028885801579,26.2445342408762,-0.312877943309376,609.198633726123,608.933431702377,0
4.8,-0.345824958072097,0.346526116132736,-0.0549857408904092,30.2186812670078,2.48571643939615,-0.172954151792605,0.15735539872169,24.5357915256063,-17.8445027032718,-2.13137160837834,609.090218404086,608.933431702377,0
4.81,-0.168583332690015,0.34626492857933,-0.132293617422284,27.4189267368634,0.567577288683064,0.126986161555772,0.112331587855122,-19.9459000519008,-18.5293939481706,2.3331865525339,609.161740195975,608.933431702377,0
4.82,-0.326738864970442,0.344460994005203,-0.167207266332266,31.5081328368535,-2.03741764335253,0.16083514289287,-0.206237588651481,-17.2052940553658,26.5719305823623,0.514622075605347,609.238083064727,608.933431702377,0
4.83,-0.335030055978428,0.347481489181519,-0.0366636444903543,29.6178489798286,0.0173555865970516,-0.20541983000578,-0.0601868691266212,28.4231579058815,7.97406029675032,-1.30398379875911,609.137664431627,608.933431702377,0
4.84,-0.184836513632064,0.34676530957222,0.0598037857405726,26.2142531050342,-1.65740565191552,0.100224066371326,0.102690245347769,-21.011219050594,-14.9800608819326,2.1203704925541,608.922175075264,608.933431702377,0
4.85,-0.0704528666759939,0.343816161155701,-0.0871017429277752,25.4563779592086,3.4122362281596,-0.020095396981541,-0.153240411234346,-4.59002887064674,25.4452619950991,0.301678639861343,609.124329334272,608.933431702377,0
4.86,-0.0728033913009403,0.345479339361191,-0.140716347983821,25.9649763041324,5.29401835323202,-0.147486225337677,0.0863076889175488,26.0723948191276,-3.23635479837318,-1.51641158906016,609.044959041859,608.933431702377,0
4.87,-0.234584423233946,0.342475324869156,0.0608120745351632,30.1859693769295,-0.20964291754141,0.0315188266452262,0.22018511025877,-5.1804114794245,-29.2386488659295,2.94903542303131,609.349514977345,608.933431702377,0
4.88,-0.106707550840813,0.346237421035767,-0.0370024736822154,26.7597892300106,-0.321662500333143,0.138332101123385,-0.067044531157574,-23.8759039026142,11.4047061520883,1.12993079064649,609.050629324297,608.933431702377,0
4.89,-0.131843689426114,0.347359538078308,-0.00654669942505788,27.9140788363438,0.323406827185676,-0.122447247363869,-0.134570701502482,18.1271452025506,21.2400660997719,-0.690242611045279,608.955404018302,608.933431702377,0
4.9,0.00961194974176802,0.347672343254089,-0.0375125256258303,23.348693442982,2.89737536894519,-0.0230047147013713,0.101364475507553,12.2860999176056,-20.2804480732337,-2.51044986084764,608.937517417127,608.933431702377,0
4.91,-0.188749653983931,0.350781977176666,-0.0164780620597436,29.869362056918,1.57923382981412,0.208118496547824,0.0594690171325896,-28.0313776395609,-10.0999178492571,1.95223495175653,608.540614235511,608.933431702377,0
4.92,-0.196287657416205,0.347445696592331,-0.131996214192985,26.5864797414205,2.89351481596723,-0.0409048322115657,-0.16779564928897,-0.479710154393103,27.0682091287183,0.130914029337529,608.797074338819,608.933431702377,0
4.93,-0.307258377692506,0.347387313842773,-0.0597082723879006,33.1066709330933,0.0490729493985178,-0.279796954943749,0.0231023254219393,32.7065682014861,-3.38220199633044,-1.68909646153989,608.76167213718,608.933431702377,0
4.94,-0.0871201644589478,0.349497944116592,0.0714062561135633,24.8659264888196,-4.05188407994005,-0.0269055676153186,0.134762272603655,-5.52793232022634,-24.4060914479508,2.77314772567055,608.866858627782,608.933431702377,0
4.95,-0.220613831289782,0.348336428403854,-0.10124000826035,27.5192309060258,-2.22864978285974,0.168633210664,-0.0598687998559555,-23.8226836640024,13.9681860698222,0.95285373630179,608.950291804798,608.933431702377,0
4.96,-0.221608786648478,0.35038685798645,-0.0441336707902255,26.0282762655433,0.41413668928214,-0.114915211336344,-0.0773455974403492,20.2471447440454,16.1578366327476,-0.867747326342873,608.73259676083,608.933431702377,0
4.97,-0.280423161900756,0.348068207502365,-0.112583355761753,26.5271135792498,1.5030144312233,-0.037659415889383,0.140753291661737,10.1880127009408,-24.0115146918713,-2.68845898795463,608.889083636481,608.933431702377,0
4.98,-0.169386810317902,0.34806564450264,-0.0693662183980585,29.5097621278562,4.82827071727542,0.23252438227426,-0.0481995056873032,-30.1213092416056,-1.48180430173469,1.77500941188607,608.780887926585,608.933431702377,0
4.99,-0.220235118013195,0.346801221370697,-0.0825304176126934,31.7054187042983,0.369062716192185,-0.026101246287366,-0.252440347515974,2.09367438102121,31.4459126558859,-0.0455907751054469,608.731938017426,608.933431702377,0
5,-0.383242308307493,0.345563918352127,0.107536795822106,34.4906370174392,-1.21825013392753,-0.308159968664783,0.0725649457028298,33.3682767490541,-9.12246240717258,-1.86525199837111,609.122813727766,608.933431702377,0
5.01,-0.218532429595224,0.345915615558624,-0.0632631000107828,30.8077271229053,1.14369585723664,0.134896868505631,0.196106404705495,-16.4911242466305,-25.8850881059644,2.59890894746779,609.034044165614,608.933431702377,0
5.02,-0.0538764805745463,0.344889372587204,0.0978958854228867,23.8473405435305,5.89876238683315,-0.00122514686341554,-0.149910856245208,-13.1220687143742,20.8352329677087,0.780806424690497,609.347092362278,608.933431702377,0
5.03,-0.236085514600604,0.343799948692322,0.0156632346649806,30.1314931008262,-0.789600532105958,-0.183149128581536,-0.137184842101489,25.2402287066625,16.4080851108323,-1.0363716347822,609.226198883122,608.933431702377,0
5.04,-0.154666037850721,0.343425244092941,0.0240661961448831,26.4728292821642,1.41821226112612,-0.0223952224926909,0.167563576557279,6.48572000607953,-26.2799032852588,-2.85315465248711,609.229006894079,608.933431702377,0
5.05,-0.15263947928319,0.34366163611412,-0.106144819516336,29.0025051249722,3.63920468195357,0.20448838422013,-0.0631136877606259,-28.9094145595282,2.31401986253942,1.61227311429972,609.168984191357,608.933431702377,0
5.06,-0.308569421714122,0.344050765037537,0.0192905746198856,31.7610066311037,-5.9629070880755,0.0713839176253218,-0.281767500495887,0.267607871960007,32.4178546740648,-0.206301247226433,609.03452104024,608.933431702377,0
5.07,-0.114187421203791,0.344032436609268,0.0317249039904982,26.2503258695988,-3.8764557909751,-0.0771891263651125,0.14666679887199,5.22960408455345,-26.0124420096382,-3.06582662617823,609.258273878082,608.933431702377,0
5.08,-0.109779590754848,0.341732829809189,0.0639014424479987,23.2364059026905,-3.66364986937621,0.100975495502487,0.0481174932820871,-23.3893194913175,0.79428209283635,1.39966615029299,609.530997329683,608.933431702377,0
5.09,-0.157593374401999,0.34617280960083,0.0206959202105477,25.9430564686464,0.146780645412979,-0.0536454907774458,-0.123667509888639,10.3214113519279,23.4085400232221,-0.417497802986519,609.107175374601,608.933431702377,0
5.1,-0.187262200591133,0.346106916666031,-0.0130630939880762,26.6768682138421,1.87717480888671,-0.0992653311006866,0.121812131274185,19.8051089514887,-17.7005327840667,-2.23651610008587,608.958026178077,608.933431702377,0
5.11,-0.275967747820971,0.347241580486298,0.00122673561954753,30.3333412807848,4.26939850302739,0.234348253939014,0.0613473168003662,-26.6598133579328,-14.6462602247578,2.22685877522095,608.770563416369,608.933431702377,0
5.12,-0.269515152504076,0.349909633398056,-0.0894222832546137,28.8387376717806,-0.011646498326488,0.0720763088547257,-0.18626006568828,-11.1850552715741,26.779199973706,0.40591998145635,608.41085055024,608.933431702377,0
5.13,-0.110061236716724,0.348194569349289,0.148947808831048,26.0511873641661,-3.35827943307073,-0.121986681684837,-0.0892102644410286,24.8396502987097,7.32631620901044,-1.41646053391115,608.841589771978,608.933431702377,0
5.14,-0.178675170955938,0.348013311624527,-0.053859594010487,25.1639860848536,-3.37292648547385,-0.0460912202265577,0.122556830699929,0.452271583409749,-24.9896699428624,3.04588772143852,608.850186442365,608.933431702377,0
5.15,-0.2694033182597,0.346353590488434,-0.130706659515051,24.0872255372437,2.55555192672206,0.0762815699791307,-0.0982415718686264,-21.5676217572111,11.3152714227754,1.22577061278854,608.987466942227,608.933431702377,0
5.16,-0.242275867147163,0.347012996673584,-0.207295796207783,25.948394348241,4.22124075579261,-0.149756113901409,-0.0722624329553914,18.0610217090036,19.2902684681091,-0.594207662080172,608.923403032599,608.933431702377,0
5.17,-0.172209843515575,0.344083577394485,0.0892245235612087,28.6373558490865,-1.26544292478707,-0.154482939868657,0.13337971512612,20.2659098097543,-20.628977609216,-2.41273066718358,609.338283586614,608.933431702377,0
5.18,-0.243512471904663,0.342283338308334,-0.0726282456429477,29.5409599277938,2.35123034719047,0.204797669255388,0.0744304652927918,-26.7446705789764,-12.4695678888734,2.05445161557284,609.210529303251,608.933431702377,0
5.19,-0.154759045751254,0.34392774105072,0.183577579146704,30.4027776670385,0.70029440736556,0.0287898636126742,-0.224710338598335,-5.8228702346973,29.4817634349544,0.236689020155197,609.091340466686,608.933431702377,0
5.2,-0.23377819972868,0.343751817941666,0.0424334486362483,27.5473007506963,-4.05038902833252,-0.174832216900757,-0.0776936408340201,27.4999412640717,3.63055306691063,-1.58191030111439,609.197581556032,608.933431702377,0
5.21,-0.289085602292755,0.342597901821136,0.199881516065879,31.1042443823958,-2.34717578196889,0.0180846560243798,0.246803147701849,-5.70410072747157,-30.4195571848128,2.88341744077155,609.382630003702,608.933431702377,0
5.22,-0.185548393241926,0.344696164131165,-0.0519718793142301,27.1587735187479,3.45576658876546,0.103980696478866,-0.158409706804465,-21.6653590352002,17.0215317771264,1.06600574208661,609.161898246168,608.933431702377,0
5.23,-0.199186972212151,0.343742311000824,-0.0460225102301207,27.5365957783242,-1.23581450879526,-0.10111276963929,-0.148203598646173,17.8338668857396,21.1587433722089,-0.751051257236941,609.184705955967,608.933431702377,0
5.24,-0.119626388833013,0.344677060842514,-0.219399407149014,27.2452593077514,2.58568223094397,-0.05350700979054,0.159081024299819,12.9410591287743,-23.727730925025,-2.56791951656511,609.071508849889,608.933431702377,0
5.25,-0.440037154528391,0.336182862520218,-0.211239982989584,34.0426695908989,3.60758917183894,0.315200516068615,0.0348675544595495,-33.1480999387759,-7.75712132135549,1.9000426679719,609.52661258066,608.933431702377,0
5.26,-0.118975961853177,0.33940914273262,0.0190943112684897,28.0142409963174,-2.39664693081361,0.0683632417947147,-0.176472195361991,-4.93762646309158,27.3246168622548,0.0845560433958296,609.436848265772,608.933431702377,0
5.27,-0.226309021725415,0.343332320451736,-0.0690500105230981,31.0548044736932,0.527278511391353,-0.235904244272724,0.0435062761766808,30.3028155431325,-5.2601021816422,-1.7337326546413,609.109862840036,608.933431702377,0
5.28,-0.108890113661154,0.341244697570801,0.061497006115812,23.1753384168058,-3.15122230685575,-0.0162247753634415,0.105772364704713,-6.63404973962639,-22.4009620229603,2.73201095382707,609.439320982287,608.933431702377,0
5.29,-0.176406102193762,0.343147873878479,0.00741048360209793,24.7216838485477,1.99047264938811,0.0689335503922783,-0.102546281426263,-18.3264751575122,16.5529982426146,0.915094326555153,609.211000789087,608.933431702377,0
5.3,-0.225997313792813,0.344857305288315,-0.0790633126820928,27.6509926571956,3.21679920145304,-0.142090858899281,0.11801376003791,24.6784594693981,-12.7167488895242,-1.94341797892952,609.009656011185,608.933431702377,0
5.31,-0.289330275860369,0.343006908893585,-0.280437313213046,31.2929608545682,1.65443252358991,0.169468682606822,0.189048407648928,-19.3158145293337,-24.7624229836114,2.52161278934484,608.902464181844,608.933431702377,0
5.32,-0.241693558664376,0.34604486823082,-0.108457338218323,32.8987042854849,-0.870802538846398,0.186359569085286,-0.211178806445387,-21.5203156963146,25.012506763778,0.701443832110498,608.689351240337,608.933431702377,0
5.33,-0.296962292828612,0.347501456737518,-0.260716274092906,30.1891900783693,3.90708750246507,-0.250387122974041,-0.0234532474618759,29.6384935513666,9.39657370714092,-1.12007640771124,608.722869445654,608.933431702377,0
5.34,-0.00996985484586707,0.347137004137039,0.0421968027475808,26.2431416529229,-1.38876039355402,-0.0537368999824468,0.139098468189862,6.41955651529973,-25.561404335725,-2.94201126991215,608.87887285019,608.933431702377,0
5.35,-0.27747444650618,0.346540868282318,0.00640983774114077,25.2910064943109,0.323634038556577,0.133032769626638,-0.0199718662292212,-25.5792932882818,1.93498242846112,1.52131162690613,608.931899498927,608.933431702377,0
5.36,-0.123532671616845,0.344827800989151,0.00990775355194233,28.0953776575697,-0.216895437372443,-0.052354496325067,-0.181391190246705,8.11893467623683,27.1184270276282,-0.297984660159226,608.956796146381,608.933431702377,0
5.37,-0.113963370855542,0.343587458133698,-0.104964584388476,25.9500507829075,2.91080017848378,-0.0881864543101983,0.116101132220958,20.5202472405442,-15.5135936539477,-2.11631146104754,609.177753851257,608.933431702377,0
5.38,-0.298758863557842,0.337842881679535,0.00747809688710152,33.2134319273209,-0.172361931698274,0.213140319381963,0.198281753285379,-23.7801876182756,-22.990917463693,2.35054202763896,609.23819598315,608.933431702377,0
5.39,-0.286756274331124,0.34332087635994,0.108912309141676,34.4156841067986,-1.80975220603581,0.189897919084041,-0.240941958552325,-19.0001968852673,28.2711715235973,0.532330205355419,609.03177390636,608.933431702377,0
5.4,-0.198367480145111,0.34472730755806,-0.0148394462117709,25.8460768549945,2.12823434008539,-0.143083667929272,-0.00745616320618067,25.2913398971843,5.60678991949105,-1.28736280480917,609.025614094904,608.933431702377,0
5.41,-0.152433292736655,0.343408197164536,-0.0471012312716592,23.7653204752863,-0.409544248846043,-0.0172261640099098,0.092929634724109,1.49985374024475,-23.4502998415399,-3.1067570000516,609.169375186775,608.933431702377,0
5.42,-0.0979629906880734,0.344573706388474,-0.0380593844046495,23.4925102560794,0.383437723960449,0.0884734905904371,-0.045383478377561,-22.8771801089677,6.24232748754934,1.35780955623371,609.033270382314,608.933431702377,0
5.43,-0.178238168049666,0.344742506742477,0.0421324125541859,25.7643550303554,3.04630253925009,-0.113209657832076,-0.113468268623129,14.01425658506,22.6139472910929,-0.460781360758597,609.120132178867,608.933431702377,0
5.44,-0.142913695132091,0.343404591083527,-0.0978120539157399,28.6041719944454,-1.2582950305515,-0.173505193865886,0.105726226023472,23.0196722660869,-17.4770672357493,-2.27909844585086,609.061354261047,608.933431702377,0
5.45,-0.232652090258794,0.345209896564484,0.0557997043067113,29.9740015604144,-1.45782780941588,0.172248919981722,0.159766688380541,-24.0829710956264,-18.8774103108641,2.1846770046303,608.896221158719,608.933431702377,0
5.46,-0.299520069973257,0.345319271087646,0.0488199920665775,29.1313366730529,2.32074577517587,0.0389830160598852,-0.192480752246528,-8.63995171270947,27.3294708176573,0.364065370522721,608.890941556114,608.933431702377,0
5.47,-0.258633488924827,0.343937009572983,-0.123007748526111,30.6030969693176,0.608363736935665,-0.243410524515154,-0.0154351798551916,30.9108385966502,2.9082615368287,-1.45577166330608,609.101917846919,608.933431702377,0
5.48,-0.194911161703656,0.346025943756104,0.035223271483014,30.8576464488818,-0.496239086490036,0.0317371920058575,0.232019635531515,-4.10107366965011,-30.4032305498641,3.00832279493658,608.881816602881,608.933431702377,0
5.49,-0.26452619302459,0.345214366912842,-0.190260432904138,27.7321563001764,3.26772932792619,0.133577366046397,-0.124959505749553,-24.2611201903169,13.2695155928004,1.18896226276517,609.07675492138,608.933431702377,0
5.5,-0.313440970306474,0.341978818178177,0.0538651414081157,31.4728555342517,-1.61805044859831,-0.136180853155328,-0.219748260647421,17.7845259798103,26.2192214544229,-0.628113992208982,609.089597891747,608.933431702377,0
5.51,-4.17399573680987,-3.93756914138794,0.100211678007505,15.2491406345697,1.66823285341057,0.159564350962879,4.20862281270683,-1.80880271129568,-15.3274846746012,3.11034283393686,394.217139200021,0,0
5.52,-2.40071143369658,-2.31103134155273,0.0916660819673351,9.26143434334663,-5.31219054851763,-1.93280663471013,-1.5234768808297,4.52941593009333,9.22133648379544,-0.942017789400036,232.796848284774,0,0
5.53,-1.4010945819794,-1.32929766178131,0.0248549913187778,-0.0972641843632417,2.38732816823821,0.437156627807968,-1.22217980233452,1.83261204438033,0.810280494438425,0.374684188840777,134.913267138922,0,0
5.54,-0.753384269755197,-0.804572582244873,0.111359132367796,0.402411162963963,-2.82748531437277,0.150604183560535,-0.768399303263172,-3.14661784129828,0.120915687096042,0.114148785767641,82.9936086047302,0,0
5.55,-0.624488619473113,-0.50426983833313,0.0647575627807284,1.68702317804464,2.70186493191498,0.247332510590515,-0.440347067036727,0.987903428642064,2.63914288539128,0.603179573229796,52.6316110431771,0,0
5.56,-0.176383948043559,-0.308222591876984,-0.073468060875716,-1.15113083114173,-2.24269257051016,0.214250802278782,-0.121069509425934,0.131206425963762,-2.37149741199247,0.910279893254212,32.7733603699352,0,0
5.57,-0.316866091452087,-0.193097144365311,0.029653300838229,6.89252309122826,1.52847618225605,0.25271803638255,-0.155291414340443,-5.51010982114749,4.18129178768191,1.10450634576834,21.2150840868675,0,0
5.58,-0.104665030219801,-0.121841594576836,0.182865463603351,2.85311564550558,0.604197921785057,0.123823169799687,-0.0639884123872489,-2.03058586421764,1.72695099251428,1.23053714397673,13.8922925238107,0,0
5.59,-0.0351591295323921,-0.0790230631828308,-0.144981357442647,-1.51336752399463,0.3626243248384,0.0148621014005394,-0.0293503853373657,1.45581194242867,0.893036788084524,1.31510894295118,9.57500091792682,0,0
5.6,-0.0295304391293431,-0.0564374998211861,-0.0266883664343653,-1.78814748661791,0.140317033172439,-0.0181556299468203,0.00636317568030631,2.02952431879578,-0.541142735321191,1.37565147190591,7.27957780604954,0,0
5.61,-0.0365449272248496,-0.0470186844468117,0.0107146957418182,-1.12991267929734,-1.65645775545971,-0.0100118909373931,0.0290947774705626,1.1660691793358,-1.55541533080422,1.42475737324812,6.05371702678262,0,0
5.62,0.0914144121177179,-0.0378341563045979,-0.0565143612181337,-3.32424708730643,2.09662720857489,-0.0650343280541263,-0.0457238959723502,3.46486783553464,2.26637522292937,1.46514971158099,5.07810757270094,0,0
5.63,-0.0140418414371786,-0.0350248888134956,0.0947465919929752,-2.9829611550707,2.22585086840468,-0.0605761044478564,-0.0402010387290841,3.10263995031159,2.00706906381338,1.5006215938174,4.62666076455071,0,0
5.64,-0.0125284037638535,-0.0326355546712875,-0.199574900417713,-1.66632684099438,6.52286928350718,-0.043209961616139,-0.121117687754018,2.11546155200357,6.06516302069022,1.53312436932292,4.15816998680698,0,0
5.65,0.126614567843191,-0.0263157300651073,0.0561279258340663,-2.1442306674078,-3.51282301510203,-0.0618275460670054,0.0780395223421539,2.73015964445294,-3.90399778062371,1.56060310763513,3.53866076906634,0,0
5.66,0.031029004567721,-0.0288398489356041,-0.0351298177412816,-0.144464590855663,-3.6697572793376,-0.0021266684617067,0.077111277727513,-0.128225107927113,-3.86517934258703,1.587042154673,3.64109167369745,0,0
5.67,-0.153515788768222,-0.0306841693818569,-0.128998868383175,5.37073307423691,3.00342615226916,0.106879701316458,-0.0368799589704189,-5.48615240829101,1.83997558270663,1.61412519911622,3.44153140838946,0,0
5.68,-0.117016873932115,-0.0279640443623066,0.0460200763901277,5.93089764189068,-1.03157866386353,0.114431821792891,0.0254494634326005,-5.99882557266101,-1.29318362345446,1.63917473026639,3.05512114633053,0,0
5.69,0.0373812326781464,-0.0273652076721191,0.110238735648426,-0.915483510133059,-3.58103978184383,-0.033569262104216,0.0730838515325956,1.37260188380197,-3.68782980218851,1.66192405392853,3.23682039190006,0,0
5.7,-0.0182049217756777,-0.0291081238538027,0.267307681797491,-0.556234897269014,-4.56555908245217,-0.0204360962838228,0.0754611636970876,0.803708834008443,-3.80416624188503,1.68568115015426,3.26096828321837,0,0
5.71,-0.0553690802093771,-0.0311675872653723,0.0764157318311744,2.0921495683767,-0.680715063041146,0.0483954122004714,0.0056262655195829,-2.53553390773894,-0.298076215311408,1.70970577731512,3.13975878127104,0,0
5.72,0.198671389767082,-0.0283668637275696,-0.047250404999552,-4.4388984887573,2.21202872644866,-0.0871768249828727,-0.0496366726356661,4.10505870447357,2.44270573996789,1.73092973857338,2.89798588212214,0,0
5.73,0.00421448423546194,-0.0303239431232214,0.113766868569125,0.444665368621276,-2.92294280275605,-0.00823748906964676,0.0760699231511046,0.25693385071873,-3.83797108400222,1.75290894923525,2.96975025242399,0,0
5.74,0.0025187588091195,-0.0313590727746487,0.00965797225563068,-0.13242499854542,-3.22666562144964,-0.0184852217029705,0.0756010608175878,0.821158335977139,-3.8076577817406,1.77503237159012,3.01328643245302,0,0
5.75,-0.167059975317024,-0.0299496818333864,-0.0928912370508988,-1.91894970956094,-3.95493928913191,-0.0577959601871876,0.0698130808621806,2.718947069373,-3.53647721089508,1.79613009785975,2.81852037205988,0,0
5.76,0.11167988393046,-0.0270986557006836,0.105173052703799,-3.01836250691954,-1.36358631065666,-0.0714107125760001,0.00589289314539398,3.26155086608887,-0.374383934806667,1.81555000524275,2.44720995993094,0,0
5.77,-0.0950008288251876,-0.0277219824492931,0.0360352483209459,1.97987088626168,0.966076391031,0.0380728582770795,-0.00617813601937127,-2.18165426811577,0.234896926014793,1.83223213710246,2.27329093525635,0,0
5.78,0.0702556772149696,-0.0249259993433952,-0.102002879668274,-1.27741694903524,2.53640954244259,-0.027814291858226,-0.0456058171267306,0.979112576299698,2.1656410480883,1.84696183687307,2.163535018783,0,0
5.79,-0.0323801528847274,-0.0216694697737694,-0.145698864161308,1.59005125285079,4.38210929203951,0.0406224144267624,-0.0775227310565351,-2.59783590305496,3.71222009686101,1.86165741409754,1.73039491498418,0,0
5.8,-0.00979974798842943,-0.0189190022647381,0.0862785067170675,-2.61158929606531,-4.50668602785442,-0.0831776784579376,0.052933787375663,3.46586585780323,-2.86751419675761,1.87187731352834,1.3425043292289,0,0
5.81,0.00747401219105604,-0.0155349299311638,0.0442397715765069,-2.39598671566279,2.52794806543001,-0.0531465410997941,-0.0603270029880654,1.80309114968076,2.74465954755154,1.8814610625106,1.07598984478664,0,0
5.82,-0.152110007730291,-0.0190957933664322,-0.148240689886145,4.02285529558108,3.49051277957892,0.0779845464680216,-0.0342368358069463,-4.58203309307094,1.48933829703562,1.89062245734568,1.24891887971399,0,0
5.83,0.00470802391529201,-0.0175818484276533,0.240945857326146,-0.700825496220841,-4.36854475879902,-0.0587656535740098,0.0606669083721222,2.18839441775338,-3.2934161116887,1.89748455013042,1.24104196248119,0,0
5.84,-0.0959311745026652,-0.0130212167277932,0.0696989724597191,1.52421058360173,-3.23581530194392,-0.0108276887936621,0.0806206532717755,-0.421813901523296,-4.37180870477263,1.90515161524108,0.485809050192809,0,0
5.85,-0.0487442412155875,-0.0194088779389858,0.00245546633335411,0.31221725840073,-4.21578914356959,-0.0289194876390993,0.0706877975193856,0.786305330727965,-3.77459383359519,1.91176350121785,1.17926652180151,0,0
5.86,-0.0213315574161422,-0.0137905143201351,-0.132206676389971,-2.31855735291867,1.9599353058959,-0.051565767996442,-0.0640464698426554,1.65326870523871,2.87010370328099,1.91784538502557,0.726732273284401,0,0
5.87,0.00961793149400397,-0.0180305354297161,-0.0425573581908212,3.4766342835336,3.32709161937467,0.0714562182897907,-0.0362768622397091,-4.29655291659823,1.54916090845305,1.92558375016659,1.07653273070915,0,0
5.88,-0.0240667764728292,-0.0156922899186611,0.0425248815447925,-2.80335145882964,-3.73838845089421,-0.106863780528929,0.0585647131825307,4.51517961689427,-3.24759605390737,1.93097277340545,0.794167609549437,0,0
5.89,0.0367566732518532,-0.0183719508349895,0.0174485672805275,-3.55448103804103,1.76690269955851,-0.0748273278703365,-0.0628564344526163,3.03797315204408,2.87334412075111,1.93830277905358,0.924472548592642,0,0
5.9,0.0466300055117266,-0.0217016041278839,0.168061623914845,1.26227779956237,-5.38467440759663,-0.0218174107551493,0.0805242657667962,0.547880582488497,-4.24801721762914,1.94736983656227,1.16523143798547,0,0
5.91,0.0465400583386282,-0.0168097317218781,-0.0199673135448214,-2.1233162109057,2.92555145697243,-0.0347350378553821,-0.0639247710780276,0.965084215901972,2.88784873391525,1.95346384201967,0.767502728892014,0,0
5.92,-0.022775294716525,-0.0187131240963936,0.00973522145430421,1.53355569022522,-4.14696580377363,-0.0193064787802977,0.0854116960456234,0.287500304988262,-4.55648145787639,1.96053881742085,0.914490194440277,0,0
5.93,-0.0174218846961228,-0.0239588618278503,-0.116083129946895,2.22463310315147,3.1637733804375,0.0641451901366926,-0.0531208264655569,-3.64456989754056,2.47564598744329,1.96976054503222,1.27311971362923,0,0
5.94,0.0618915013045519,-0.0150444228202105,0.0597989036014771,-2.68828622340558,2.41631375598017,-0.0559894407428399,-0.0660109211382654,1.95457394046669,2.93974102408573,1.97580724751883,0.600105512398898,0,0
5.95,0.0373018139790416,-0.021393746137619,-0.000270568288601378,0.204177467561139,-4.3950703347647,-0.0295304932405111,0.0702503685649565,0.928270079714807,-3.75876009305307,1.9820394150128,1.02071707553298,0,0
5.96,0.018301996601588,-0.0212283842265606,0.0455590282866265,-2.5936460453845,-4.05473824212377,-0.0867521131614944,0.0426911423840438,3.78367680174003,-2.38784482465648,1.98889548137019,0.996174229924461,0,0
5.97,0.13694982370536,-0.0200027581304312,0.0889443773211644,-3.0473863125516,1.23914491988216,-0.0574262779772618,-0.0633307508769095,2.26081497779329,2.89022512471183,1.99684302742629,0.993538231252477,0,0
5.98,-0.0657569715499081,-0.0238420106470585,0.0672996542936164,1.17948748935574,-4.67817554958035,-0.0258359108169649,0.0723388292285991,0.861117279366435,-3.82420354707318,2.00498672664113,1.1238093395092,0,0
5.99,-0.0727265840913743,-0.025600703433156,-0.0645150176457338,-0.365299325061548,-3.95602528457925,-0.0503728966513775,0.0631065264002657,2.16952029127926,-3.32859866278099,2.0131302814992,1.40042856744452,0,0
6,-0.0902976499561788,-0.0222427994012833,-0.0936933250865002,4.19660309164321,2.16541323596679,0.0861698435850434,-0.0194923887779646,-4.81120250532947,0.733628173000302,2.02127928080252,0.692594921937358,0,0
6.01,0.0403295972786124,-0.0188773795962334,-0.0644861680614306,-0.833178677337807,-1.35569406042498,-0.0326937016538344,-0.00417003009494407,0.983544566985835,-0.111603295066215,2.02434579526218,0.81510213516605,0,0
6.02,-0.117842877010031,-0.018156697973609,-0.00219918851849854,2.25246165320532,-0.128283251229884,0.0180255557131767,0.00777357058621006,-1.5830567541166,-0.727808783068567,2.03018898484652,0.437664951512315,0,0
6.03,-0.0196867975441193,-0.013007877394557,-0.0211248368383138,0.906277861054943,0.368620448887574,0.00526151210058629,0.00131959021217347,-1.17504801606478,-0.520245225119243,2.03133396859469,-0.000141619716791677,0,0
6.04,-0.0650752772050438,-0.0126834334805608,0.044201271909354,1.00502666361539,0.296580927144359,0.00275226313772176,0.000149315880185825,-1.06406701064756,-0.468765029343735,2.03119983596687,-0.0153056072967522,0,0
6.05,-0.0959450330069573,-0.0128436889499426,-0.114472014102945,1.0850735259247,-0.495864651128208,0.00305584570024315,0.000287358411722978,-1.07197242752356,-0.472005099633883,2.03115194975232,-0.000942192076248198,0,0
6.06,0.0404597248656953,-0.0128645282238722,-0.0305560717416144,1.41335230067038,-0.525330577598291,0.00316163185268622,0.000335728534174166,-1.07621201162955,-0.47390497468589,2.0311537793459,0.000439815253110877,0,0
6.07,-0.0834599538884118,-0.0128601873293519,0.0335906484484818,1.02582008627135,-0.435423769253594,0.00315734506466522,0.000333770464620179,-1.07607616121811,-0.473848008719629,2.03115555671242,2.1288320235432e-05,0,0
6.08,0.0709419991387585,-0.0128592103719711,0.0219811999194983,1.35711985456601,-0.246570222216057,0.0031534034909418,0.000331967443661575,-1.07580762763438,-0.473722482481603,2.03115559814231,-5.17472831291163e-05,0,0
6.09,-0.0835931333751564,-0.0128593109548092,-0.0406520994745041,0.749359657968674,0.223537464711383,0.00315331873444254,0.00033192854259859,-1.07568370393048,-0.473661118694886,2.03115553824237,-4.14988522860212e-05,0,0
6.1,0.143564498678422,-0.0128593603149056,-0.0736028425136312,1.06666095804145,-0.00600632484406487,0.00315345097059744,0.000331989018616998,-1.07557290030721,-0.473605911104804,2.03115553281898,-3.8344314206901e-05,0,0
6.11,-0.129166338137172,-0.0128593686968088,-0.0340367229263414,1.19281227750787,0.259572024921958,0.0031534619777921,0.000331994064111547,-1.07545787257279,-0.473548839764788,2.03115553416334,-3.8514102233021e-05,0,0
6.12,0.0573735521188432,-0.0128593761473894,-0.0385339928772039,0.929517623940525,0.352659105153867,0.00315345793851424,0.000331992213253384,-1.07534212798209,-0.473491456723217,2.03115553409993,-3.86341380300337e-05,0,0
6.13,-0.0508011829218057,-0.0128593854606152,0.101048791862189,0.762109185558553,0.720641138765491,0.00315345720870043,0.00033199187419632,-1.07522646319396,-0.473434112152675,2.03115553373237,-3.8635350484609e-05,0,0
6.14,0.00114578025437937,-0.0128593947738409,-0.0974865831826164,1.18408810107916,-0.807653545778319,0.00315345734315439,0.000331991936255685,-1.07511085033234,-0.47337676985527,2.03115553336481,-3.86312387306814e-05,0,0
6.15,0.0479997977838808,-0.0128594040870667,0.0148865527365433,1.77419071845785,0.12493974776368,0.00315345734348589,0.000331991934674177,-1.07499522675417,-0.473319432255011,2.03115553299724,-3.86309521894068e-05,0,0
6.16,0.0290861438505944,-0.0128594134002924,-0.0805651224935451,0.858233046289476,-0.775923646429041,0.00315345734336862,0.000331991933997644,-1.07487960309258,-0.473262094613501,2.03115553262968,-3.86310784858014e-05,0,0
6.17,-0.0142351076132074,-0.0128594227135181,0.0044123080506885,1.12286365827453,0.508621970505061,0.00315345734326422,0.000331991933295151,-1.0747639793475,-0.473204756930682,2.03115553226212,-3.86310959804714e-05,0,0
6.18,-0.030340622250373,-0.0128594320267439,-0.101835663471468,1.77790142988012,0.0671731477123929,0.00315345734317659,0.000331991932558838,-1.07464835551894,-0.473147419206567,2.03115553189456,-3.86310926219788e-05,0,0
6.19,-0.0110214900747206,-0.0128594413399696,-0.0258219595244085,1.29737286376761,-0.212398408814137,0.00315345734308929,0.000331991931821858,-1.0745327316069,-0.473090081441161,2.03115553152699,-3.86310918123204e-05,0,0
6.2,-0.0761849972565928,-0.0128594506531954,-0.072467807435019,1.2361735528787,-0.1448089097453,0.00315345734300132,0.000331991931086239,-1.07441710761138,-0.473032743634487,2.03115553115943,-3.86310918882586e-05,0,0
6.21,-0.0142541197812152,-0.0128594599664211,0.00713023414867165,1.10250961417286,-0.0443488636963275,0.00315345734291329,0.000331991930350733,-1.07430148353237,-0.472975405786552,2.03115553079187,-3.86310919341191e-05,0,0
6.22,0.0486457373849701,-0.0128594692796469,0.0140057955562362,1.67081533893206,0.0954516111237333,0.0031534573428255,0.000331991929614757,-1.07418585936989,-0.472918067897348,2.0311555304243,-3.86310919395351e-05,0,0
6.23,-0.0211840694105437,-0.0128594785928726,-0.0745876043302958,0.851792743625302,-0.134881122551748,0.00315345734273769,0.000331991928878801,-1.07407023512392,-0.472860729966851,2.03115553005674,-3.86310919312607e-05,0,0
6.24,-0.0124751934402575,-0.0128594879060984,0.0601172524318227,1.61536399625364,0.0484632022917747,0.00315345734264984,0.000331991928142934,-1.07395461079447,-0.472803391995064,2.03115552968918,-3.86310919310446e-05,0,0
6.25,-0.0189207206044675,-0.0128594972193241,-0.00458522761348829,1.26990111164595,0.664496154986962,0.00315345734256199,0.000331991927407083,-1.07383898638155,-0.472746053981988,2.03115552932161,-3.86310919330565e-05,0,0
6.26,0.0312977423993905,-0.0128595065325499,-0.0491703905369347,0.752465992877299,0.938988408683327,0.00315345734247412,0.00033199192667125,-1.07372336188515,-0.472688715927644,2.03115552895405,-3.86310919321332e-05,0,0
6.27,-0.0634432365013783,-0.0128595158457756,0.063095426207413,1.11245559620642,2.1077218554752e-05,0.00315345734238623,0.000331991925935467,-1.07360773730527,-0.472631377832038,2.03115552858649,-3.86310919405814e-05,0,0
6.28,-0.043051617546733,-0.0128595251590014,-0.0287481049326539,0.810136839701616,-0.658219626501812,0.00315345734229852,0.000331991925199322,-1.0734921126419,-0.472574039695165,2.03115552821892,-3.86310919519902e-05,0,0
6.29,-0.0416030338272132,-0.0128595344722271,0.0873115267248109,1.41948725527005,0.307770879454906,0.00315345734221063,0.000331991924463534,-1.07337648789506,-0.472516701517002,2.03115552785136,-3.86310919557002e-05,0,0
6.3,-0.0185620084731703,-0.0128595437854528,0.0184138152882395,1.14789366428872,-0.0944171229093745,0.00315345734212265,0.000331991923727922,-1.07326086306475,-0.472459363297552,2.0311555274838,-3.86310919553188e-05,0,0
6.31,-0.091408681178229,-0.0128595530986786,0.101482573572069,1.03204648058402,0.863466833910526,0.00315345734203476,0.000331991922992146,-1.07314523815095,-0.472402025036811,2.03115552711623,-3.86310919576234e-05,0,0
6.32,0.0622367122473829,-0.0128595624119043,-0.0717661491452619,0.399754672552718,0.70787929502791,0.00315345734194696,0.00033199192225619,-1.07302961315367,-0.472344686734812,2.03115552674867,-3.86310919511248e-05,0,0
6.33,-0.0240369695671965,-0.0128595717251301,0.0628457995059346,1.10725985783844,0.684802776263347,0.0031534573418591,0.000331991921520335,-1.07291398807291,-0.472287348391556,2.03115552638111,-3.86310919643501e-05,0,0
6.34,-0.0436616589417281,-0.0128595810383558,0.0737683933458558,1.37842462558043,-0.134531025493841,0.00315345734177127,0.000331991920784425,-1.07279836290867,-0.472230010007015,2.03115552601354,-3.8631091971257e-05,0,0
6.35,-0.106633810322193,-0.0128595903515816,0.01901756871155,1.09967391975556,0.646316119583788,0.00315345734168337,0.000331991920048658,-1.07268273766095,-0.472172671581183,2.03115552564598,-3.86310919731749e-05,0,0
6.36,0.0125801984045961,-0.0128595996648073,0.00152743560702444,1.18611717341154,0.37838131426081,0.00315345734159543,0.000331991919312982,-1.07256711232975,-0.472115333114057,2.03115552527842,-3.8631091984898e-05,0,0
6.37,-0.0121046015515818,-0.0128596089780331,0.0301940155587499,1.2548805669069,-0.022216820300039,0.00315345734150756,0.000331991918577163,-1.07245148691506,-0.472057994605676,2.03115552491085,-3.86310919865074e-05,0,0
6.38,-0.0698677598930856,-0.0128596182912588,-0.0150788584793932,1.36430377196327,0.787706094100291,0.00315345734141969,0.000331991917841334,-1.07233586141689,-0.472000656056038,2.03115552454329,-3.86310919918301e-05,0,0
6.39,0.00128158133404872,-0.0128596276044846,-0.0592948452335005,1.11712599917519,1.00644920871906,0.00315345734133186,0.000331991917105433,-1.07222023583525,-0.471943317465118,2.03115552417573,-3.86310919926806e-05,0,0
6.4,0.144406359222156,-0.0128596369177103,0.0192116129443961,1.98168566293673,-0.591517842494611,0.00315345734124398,0.000331991916369616,-1.07210461017012,-0.471885978832904,2.03115552380816,-3.86310919902279e-05,0,0
6.41,0.0716830046525102,-0.0128596462309361,-0.0373354628852176,0.952618785489627,-0.460881389400767,0.00315345734115619,0.000331991915633644,-1.07198898442152,-0.471828640159412,2.0311555234406,-3.86310920087434e-05,0,0
6.42,0.11102926844351,-0.0128596555441618,-0.0629345241755931,1.17403130691505,0.0573983634783987,0.00315345734106831,0.000331991914897829,-1.07187335858943,-0.471771301444666,2.03115552307304,-3.86310920077803e-05,0,0
6.43,0.0484085843489661,-0.0128596648573875,0.0254570984235502,0.953070611231393,-0.496811366571423,0.0031534573409803,0.000331991914162283,-1.07175773267386,-0.471713962688655,2.03115552270548,-3.86310920096736e-05,0,0
6.44,-0.054993862862153,-0.0128596741706133,0.0123823933878194,1.43915110052428,0.0742463761351177,0.00315345734089244,0.000331991913426438,-1.07164210667481,-0.471656623891354,2.03115552233791,-3.86310920060679e-05,0,0
6.45,0.0219714514274495,-0.012859683483839,0.0189925282078958,0.87680875714253,-0.622569679773878,0.00315345734080454,0.000331991912690677,-1.07152648059228,-0.471599285052768,2.03115552197035,-3.86310920156069e-05,0,0
6.46,0.0143870445728686,-0.0128596927970648,0.00896834104161702,1.02159297981123,0.089226723784834,0.00315345734071677,0.000331991911954652,-1.07141085442627,-0.471541946172931,2.03115552160279,-3.86310920164294e-05,0,0
6.47,0.0385075255930516,-0.0128597021102905,0.166630734421617,1.32929776716163,0.112543016256352,0.00315345734062893,0.000331991911218773,-1.07129522817678,-0.471484607251832,2.03115552123522,-3.86310920144843e-05,0,0
6.48,-0.0216099754800235,-0.0128597114235163,0.0536869994176489,0.953321452653777,0.648909832855328,0.00315345734054107,0.000331991910482921,-1.07117960184381,-0.471427268289444,2.03115552086766,-3.86310920216616e-05,0,0
6.49,-0.188209700855105,-0.012859720736742,-0.109665917248258,1.08899807280293,0.0430008574177469,0.00315345734045309,0.000331991909747318,-1.07106397542736,-0.471369929285785,2.0311555205001,-3.86310920295912e-05,0,0
6.5,-0.0262085253080289,-0.0128597300499678,0.142651757919222,0.847288971790253,0.336646832598309,0.00315345734036521,0.000331991909011508,-1.07094834892743,-0.47131259024088,2.03115552013253,-3.863109202944e-05,0,0
