t,iq,iq_ref,id,vq,vd,ia,ib,va,vb,theta_e,omega,r,"T_ass:0.31,S_pct:0.14,kp:0.0214,ki:0.0359"
0,0.0300446478487653,0,-0.166599949481542,-0.264090965565376,-0.074467262955516,0,0,0,0,0,0,0,0
0.01,0.022689088396706,1.72612017195206e-05,-0.244196987715892,-0.150221410705592,-0.00556698887300239,0.00162094006958968,-4.33706078173164e-05,-0.0803013266851756,0.00261220056712477,-1.11968285268792,-0.00637963587517653,0,0
0.02,0.0344068119054875,4.45115347247338e-06,-0.00194377620507985,-0.219286974923882,0.082815886940519,0.00171150902914218,-9.80868703890099e-05,-0.0854105072999531,0.00507648629326628,-1.11971155424463,-0.00319908893652703,0,0
0.03,0.0427437818817373,1.31175681872264e-06,0.0120478943739398,0.0857405250239749,0.207422491876193,0.00173004021540619,-0.000112713673100831,-0.0864794798489618,0.00574118837083035,-1.11972410751753,-0.00165608855937502,0,0
0.04,0.0150270582149554,-4.09683877933276e-07,-0.0120049125810588,-0.0310329843175967,0.945531256046633,0.00168889893572036,-0.000120284773128343,-0.0844994808686198,0.00608118876601831,-1.11972489112979,-0.00114251114446828,0,0
0.05,0.0623613454185765,-3.88053422284429e-07,-0.0810501417150006,0.0992322696704739,0.46591917508588,0.00171544633733579,-0.000119855426556573,-0.0858263801190066,0.00606119534247216,-1.11972800627508,-0.000978809644414948,0,0
0.06,-0.0765277652284472,-8.62116905864241e-07,-0.0101766700394893,0.309330151022491,-0.305877205816812,0.00171177698688708,-0.000121711543779942,-0.0856642656284433,0.006143647851138,-1.11972915177643,-0.000786558377536445,0,0
0.07,0.0381706844970795,9.21028799893975e-07,-0.07086351501369,-0.376249139419225,-0.0439637985882681,0.00176902187874283,-0.000119568500033179,-0.0884471784116634,0.00607746041660565,-1.11972976423029,-0.00124036867827413,0,0
0.08,-0.0314429841505932,-1.21208506698167e-06,0.0988815970340214,-0.028856205191629,-0.0665209625771385,0.00170943336751129,-0.000123008633095511,-0.0855628532400103,0.0062008901113503,-1.11973006068871,-0.000639997078157005,0,0
0.09,0.0190224535676452,-1.11344229480892e-06,-0.047972523630885,-0.181127490385422,0.47142172825444,0.00170954513873521,-0.000122794398053315,-0.0855639783262895,0.0061923078056888,-1.11972973597991,-0.00068459474710825,0,0
0.1,-0.0344650258752624,-1.07043433672516e-06,0.0494391331394379,0.095179435437497,-0.0558702321198538,0.00170990526607184,-0.000122618905361033,-0.0855800549303442,0.00618450192970921,-1.11972963699365,-0.00070167227214747,0,0
0.11,0.0440112983906661,-1.05795811577991e-06,0.0303525738793927,-0.260340754169468,-0.88366127959948,0.00171001214644921,-0.000122567114981576,-0.0855848309959389,0.00618218588263614,-1.11972960939724,-0.000706503411992124,0,0
0.12,0.0453129990670005,-1.05426920526952e-06,-0.0986645476367281,-0.356760721907088,-0.134711793242947,0.00171004180118124,-0.00012255274708878,-0.08558614219544,0.00618155010293281,-1.11972960175214,-0.000707842352830558,0,0
0.13,0.0636480156603433,1.16943647299195e-06,-0.0723197556304354,-0.286106341524132,0.43379658163339,0.00180043809920487,-0.000122278889841883,-0.0900074953777852,0.00621987401968439,-1.11973248369032,-0.00115929512145459,0,0
0.14,0.00389098101861561,-1.8271443877893e-06,-0.174687895901506,-0.0304816959000098,-0.0795127211307206,0.00194256727601245,-0.000136231999168132,-0.0972517968070417,0.00685898250466626,-1.11973215160891,-0.00244367941533735,0,0
0.15,0.129617584062031,-1.89962975127855e-06,0.0366060309858266,-0.584946283600731,-0.0596191066511314,0.00170564998484124,-0.00012547574181873,-0.0854046493626276,0.00630929291417263,-1.11973192401528,-0.000349745324373398,0,0
0.16,-0.113043031316805,-1.34799893203308e-06,0.0192003166627821,0.15711452698514,0.67261449526543,0.00170750606854991,-0.000123786328909644,-0.0854725692546227,0.00623682561375138,-1.11973027845876,-0.000590278373355973,0,0
0.17,0.028889754925366,-1.13489147679502e-06,0.00810580208719011,-0.427082434288236,-0.396755786844941,0.00170932030325473,-0.00012290234725516,-0.0855536624613804,0.00619725872994153,-1.11972978760672,-0.000675264167247885,0,0
0.18,0.104785563468775,-1.07434971141629e-06,0.0203066205427456,-0.332307389997659,-0.320960419692259,0.00170984972665525,-0.000122645808108089,-0.0855774138103746,0.00618578331679053,-1.11972965100501,-0.000699190474372298,0,0
0.19,-0.0531717983369323,-1.05734056887741e-06,0.117392344970733,-0.021792243024653,-0.906575028268891,0.00170999684760079,-0.000122574527218003,-0.0855839972083472,0.00618259082986799,-1.11972961319004,-0.000705819057416138,0,0
0.2,0.116993092347999,-1.05240462744405e-06,0.0115083266042757,0.0647936270887455,-0.113229760413621,0.00171003771452887,-0.000122554727039443,-0.0855858127214297,0.00618171049293324,-1.11972960272216,-0.000707653075385072,0,0
0.21,-0.0318748206684262,-1.05080971479765e-06,-0.0823104011230888,0.158301464760727,-0.141953393527136,0.00171004892675416,-0.00012254929465877,-0.0855862962660902,0.00618147607797629,-1.11972959982031,-0.000708160464095243,0,0
0.22,-0.0158701635705223,-1.05013873508142e-06,0.118157527030665,-0.333061390089209,-0.449912546338837,0.00171005196559404,-0.000122547822313453,-0.0855864128334292,0.00618141962496796,-1.11972959901162,-0.000708300834096363,0,0
0.23,-0.00785826474587105,-1.0497236644369e-06,-0.0199530299537157,-0.168561642595301,0.2166942145547,0.00171005290867,-0.000122547365395325,-0.0855864361575408,0.00618140839331038,-1.11972959878203,-0.000708339667678997,0,0
0.24,0.0736001224420628,-1.04937930700544e-06,-0.0598255195710847,-0.00592085535482438,0.0374911991909764,0.00171005311825266,-0.000122547263842945,-0.0855864259953573,0.00618141339789525,-1.11972959871261,-0.000708350411050104,0,0
0.25,0.0155739647830159,-1.04905461739691e-06,0.0337924908807635,0.303653486290521,-0.00415104838445959,0.00171005322303844,-0.000122547213074201,-0.0855864114778278,0.00618142051620578,-1.11972959868753,-0.000708353383213722,0,0
0.26,0.0192706164367263,-5.01074282510672e-07,-0.0469311346962616,0.22941886771295,-0.0259859631707299,0.00172880813992677,-0.000120962917921194,-0.0864997551345228,0.00611475250362002,-1.1197299755118,-0.000837819943039234,0,0
0.27,-0.043001682501438,-3.14899807563052e-06,0.0776518620985997,-0.24042167131482,0.15876244827582,0.00165134760016092,-0.000123014626104402,-0.0827446201192107,0.00615670835929533,-1.11973005501269,-0.000108274933710115,0,0
0.28,-0.0373732625317341,3.08566086459905e-06,-0.0443552674291995,0.179456156726628,0.0452878910562252,0.00163000641476373,-0.000114889227860139,-0.0813963203610256,0.00588484264080394,-1.11973033552509,8.80877471243749e-05,0,0
0.29,-0.0366912326564108,-9.74107251749956e-07,0.0639709613526397,0.224583876554655,0.22436677989448,0.00170974558385386,-0.000122403999689088,-0.0855676135806853,0.00617587037612262,-1.11972930760169,-0.000744366787110152,0,0
0.3,0.0306728476876364,-2.93280606911139e-07,-0.0814038090036155,-0.0690169771617865,-0.358966715339443,0.00171124384712105,-0.000120320818312584,-0.0856117891485056,0.00608646938113019,-1.11972717425222,-0.00104739788740028,0,0
0.31,-0.0621068846331948,-7.31983220703114e-07,-0.010547050794621,0.112817936105514,0.573789751468491,0.00171273827322636,-0.000121235897461582,-0.0857063467981658,0.00612279023692219,-1.11972886404805,-0.000835207627558028,0,0
0.32,0.0209067876078301,-9.58719738264335e-07,-0.0465803839255467,-0.159547658336482,-0.142587941476504,0.0017108463309949,-0.000122162882887224,-0.085621956949946,0.00616418353164063,-1.11972939390313,-0.000744192234677287,0,0
0.33,-0.0774159310855061,-1.02359263109975e-06,0.00956512028283568,0.448599227318783,0.189802753865114,0.00171027369488894,-0.000122440393029927,-0.0855962462602669,0.00617665187855555,-1.11972954188565,-0.00071828580803515,0,0
0.34,0.109437644195641,-1.04136370282504e-06,-0.173251142142708,-0.068439726313098,-0.424251164896336,0.00171011431395783,-0.000122517614184818,-0.0855890740417465,0.00618013006624742,-1.11972958285093,-0.000711102402849535,0,0
0.35,-0.0312595952985021,-1.04605169326533e-06,-0.0840423884016374,-0.182211370096555,0.75143816721979,0.0017100700938465,-0.000122539038996916,-0.0855870694745403,0.00618110223931833,-1.11972959417886,-0.000709114734555834,0,0
0.36,-0.0270480255248241,-1.04711898529786e-06,-0.05472161860996,-0.0385075246776744,0.278264619161097,0.00171005783377484,-0.00012254497904025,-0.0855864995162667,0.00618137871175821,-1.11972959730691,-0.000708564834680479,0,0
0.37,0.0275572787525961,-1.04718469629006e-06,0.122747828483318,-0.355619612951804,0.503160694300423,0.0017100544805904,-0.000122546603670189,-0.085586329702023,0.00618146113953855,-1.11972959816638,-0.000708412703817819,0,0
0.38,-0.0303531207076665,-1.04697369351925e-06,0.001242757798398,-0.26568028686284,0.251660671672566,0.00171005353751272,-0.000122547060589274,-0.0855862679032836,0.00618149118532126,-1.11972959839827,-0.000708370616568926,0,0
0.39,0.0499927104947876,-1.04668561107246e-06,-0.0687299062326491,0.0489973398294706,-1.27018518105208,0.00171005332793595,-0.000122547162131929,-0.0855862392984185,0.00618150513539327,-1.11972959845654,-0.000708358973063163,0,0
0.4,0.0860700899512441,-1.04637638287386e-06,-0.042191519239339,0.0264660708104419,0.831146574964052,0.00171005332792991,-0.000122547162139519,-0.0855862202149085,0.00618151446870817,-1.11972959846677,-0.000708355751863819,0,0
0.41,0.0874390120961186,-1.04606124295969e-06,0.000902506472788936,-0.138851723671643,-1.17004823003103,0.00171005322315955,-0.000122547212884869,-0.0855861956238775,0.00618152646907032,-1.11972959846371,-0.000708354860712121,0,0
0.42,0.0164300923040536,-1.04574428405613e-06,-0.120156255222479,0.111114084792233,0.0729220302503526,0.00171005322316322,-0.000122547212879237,-0.085586176186433,0.00618153597242151,-1.11972959845699,-0.000708354614168735,0,0
0.43,-0.0154325381372741,-1.04542709777888e-06,0.0981568081240247,0.290653557202045,-0.296304592627223,0.00171005322316731,-0.000122547212872466,-0.0855861567358355,0.00618154548205838,-1.11972959844923,-0.000708354545963942,0,0
0.44,0.0589081480866813,-1.04510968412797e-06,0.0574120417317432,0.0976891362760427,-0.355802618506671,0.00171005322317169,-0.00012254721286576,-0.0855861372721405,0.006181554998017,-1.11972959844121,-0.000708354527097913,0,0
0.45,-0.0455257922868121,-1.04479215679021e-06,0.110983417353041,-0.167681745638596,-0.180372603874757,0.00171005322317605,-0.000122547212858831,-0.0855861178004732,0.00618156451782997,-1.1197295984331,-0.000708354521882423,0,0
0.46,0.0011383738460451,-1.04447462945245e-06,-0.0830524376955326,0.243157596280893,0.780240940272198,0.00171005322318061,-0.000122547212852292,-0.0855860983259487,0.00618157403902558,-1.11972959842497,-0.000708354520429061,0,0
0.47,0.0689919077014312,-1.04415721580153e-06,-0.0552632157777304,0.122369523387276,-0.586800318856166,0.00171005322318492,-0.000122547212845221,-0.085586078853683,0.00618158355912581,-1.11972959841683,-0.000708354520026857,0,0
0.48,-0.0777280431366551,-1.04383980215061e-06,-0.0896208361720516,-0.187746008460876,0.860311129680682,0.0017100532231894,-0.000122547212838509,-0.0855860593785601,0.00618159308061127,-1.1197295984087,-0.000708354519916665,0,0
0.49,0.0021321809923738,-1.04352227481286e-06,-0.051987891519446,0.211988790595297,-0.550524000746926,0.0017100532231938,-0.000122547212831605,-0.0855860398954641,0.00618160260595734,-1.11972959840056,-0.000708354519880596,0,0
0.5,0.0320377884164517,-1.0432047474751e-06,-0.0806240515931157,-0.423458752966352,0.161828777540878,0.00171005322319821,-0.000122547212824736,-0.0855860204095111,0.00618161213268793,-1.11972959839242,-0.000708354519863966,0,0
0.51,3.67099467482089,3.98665809631348,-0.062439831606755,19.111865683889,-6.44845134678806,-1.95850358136896,3.0320595980666,-16.1305769865461,11.87686692162,0.609506935970493,185.296047564097,1915.65184545269,0
0.52,3.21304263160139,3.61058664321899,0.115259090757894,24.6800977075445,-4.72259738285073,-1.42447980546564,-2.77147960432507,-6.3185405373298,-24.4591719526869,2.69798756718135,378.79900989759,1915.65184545269,0
0.53,2.71630197788057,3.28542542457581,0.0602164326408582,33.3513345382778,-1.71908942757348,0.531312993830846,2.56667264020939,4.36265206774438,33.0088314453346,-0.18887873235061,545.776227754299,1915.65184545269,0
0.54,2.04376388357776,2.99923157691956,-0.10297830144819,42.9430140448791,-3.11720752285623,1.98871077715167,-0.791683988193734,41.3992127290948,-11.9711655113566,-1.92129669393029,693.528499784076,1915.65184545269,0
0.55,1.86119528407094,2.74438834190369,0.131697124518764,44.0083039779955,-6.26333274616966,0.792997802362856,-1.69919137695361,27.2403320511949,-34.8721419716992,-2.63150170712153,824.258433621397,1915.65184545269,0
0.56,1.51085697939803,2.52145624160767,0.0840820363009882,47.8718456214901,-4.19555131352964,0.928497485434905,-1.24059417639663,34.3552101485457,-33.8131576622174,-2.44023942066271,939.764210030475,1915.65184545269,0
0.57,1.25179820142196,2.32549452781677,0.165695960932618,48.2069789958246,-0.519093889297468,1.24122831996802,0.135879233710231,47.6144570121827,6.08819688335719,-1.4530003196767,1041.87620476863,1915.65184545269,0
0.58,0.910012733664058,2.15185570716858,0.201939954094322,48.0155964181773,-3.84560662125984,-0.147058973092697,0.970530601033726,-15.3925287618138,45.6537322670276,0.239018080540054,1132.01239879824,1915.65184545269,0
0.59,0.857985085881332,1.99933528900146,0.10044214722464,48.1196970441285,0.0383558536693109,-0.502958505886129,-0.74840463978908,-26.5843114267086,-39.9660822730478,2.55221887260777,1211.88084415569,1915.65184545269,0
0.6,0.588290050130085,1.86322665214539,0.0479228974358572,48.0615350649758,-3.32229001707544,0.507697307565996,0.359055022251586,34.8126274424054,33.1509971844909,-0.86454248219356,1282.88354786688,1915.65184545269,0
0.61,0.636206876250501,1.7423882484436,0.0032657787045749,47.999035214836,-6.5510942048299,-0.469283166313416,-0.401310583335992,-23.8779283817246,-42.1288397991531,2.49334840459949,1346.27854736326,1915.65184545269,0
0.62,0.607381093023121,1.63499319553375,0.176434897150465,48.2069994710774,-4.61055791493057,-0.451430613361585,0.320439308998456,-45.4063504593113,16.2981386102974,1.12581320631048,1402.79803590508,1915.65184545269,0
0.63,0.463922630647157,1.53898704051971,0.276427946213995,47.916362957875,-13.1567423767283,0.504365629343337,0.0359244725746656,32.3646859323806,37.6681899737428,-0.969292839879471,1453.08726145418,1915.65184545269,0
0.64,0.254379348804819,1.45416378974915,-0.206720633439661,47.7447429016023,11.3039035216472,0.319958533007793,-0.17290533801885,9.82556136327426,-48.2379660198728,-2.71678119431969,1497.90529797907,1915.65184545269,0
0.65,0.103612873288636,1.37940812110901,0.0233729061204847,48.4166514132109,-2.38353017426804,-0.13586974637287,-0.0307330000777185,-39.4384620137295,-27.4696453290881,2.12830721585467,1537.40485428447,1915.65184545269,0
0.66,0.0366019362112349,1.31218302249908,0.0214397906467108,48.3743231171245,1.48618132960919,-0.0351539496868495,-0.00708532399461503,-38.8106819517016,28.2666022833095,0.964787467884326,1573.1428014344,1915.65184545269,0
0.67,0.148733581527403,1.25144243240356,0.018336149593386,47.830751556905,-6.10807095163714,0.119093251327202,0.148295566886139,-8.86507844217133,47.6098798248443,0.0510156193875495,1605.24419350171,1915.65184545269,0
0.68,0.197579991968372,1.19888854026794,-0.151320997723303,48.3093529415812,1.97575456836981,-0.113133969107774,0.116786062124208,-19.8842412409779,43.7568405980405,0.477702119440204,1633.49249522503,1915.65184545269,0
0.69,-0.195194976808703,1.15224146842957,-0.166447464492985,47.5945940838053,4.82462413567875,-0.113537832722156,-0.106027636757301,6.37684493992566,47.8773777446444,-0.0208650608485189,1658.63874894061,1915.65184545269,0
0.7,0.0234760543048357,1.11060285568237,0.40675506399069,47.9565192439139,-19.229449296382,0.328749574567969,-0.220425113335239,-1.78216198667439,51.6484175590197,-0.345122035807741,1681.04420038173,1915.65184545269,0
0.71,-0.0856939556878783,1.07378661632538,0.046516516447467,48.0694071348136,-5.73053786059579,0.0655037719166854,-0.105625106915308,18.7896392578478,44.5213570908385,-0.515208785299923,1700.95809609774,1915.65184545269,0
0.72,-0.142101071897355,1.04168629646301,-0.0836201658349651,48.2682723301428,-1.62056730793072,-0.0511420022942713,-0.14604192517286,23.372024468441,41.9652111201676,-0.546156005271545,1718.78591442127,1915.65184545269,0
0.73,-0.255643123825555,1.0127238035202,0.201093124530621,48.1098403846541,-4.51294327616878,0.290386366018726,-0.231705439103631,-32.9135558054481,35.1891690173076,0.664866824740468,1734.6975199027,1915.65184545269,0
0.74,-0.150654690967744,0.986059546470642,-0.0713167031097031,47.7996721346154,1.72333627260219,0.11450692385962,-0.139017606242667,-35.518820787614,32.3325118384064,0.868259913535201,1749.15757103962,1915.65184545269,0
0.75,-0.0748119932581393,0.963753223419189,-0.176888807403981,47.4670609549406,3.26858505306392,0.0814919152633103,-0.110415164369318,-42.7811970166835,22.0634292420661,1.16969494998652,1761.82958771762,1915.65184545269,0
0.76,-0.232248100317796,0.943590760231018,-0.129667313057055,47.5167978279402,-0.987215612373365,0.19550420838168,0.0212425002245636,-48.0094013634315,-0.515140466630521,1.55901438942183,1773.04303267448,1915.65184545269,0
0.77,-0.277538487794878,0.924858331680298,0.074985196672442,47.910947028815,-2.17825599877997,0.180893000781568,0.141131960789543,-42.0741521398676,-23.2103586967916,2.02856665300603,1783.62857176971,1915.65184545269,0
0.78,-0.455425755628027,0.909025192260742,-0.0743607496730557,47.8945610317854,1.54987107573706,0.221128709572721,0.256279686251015,-28.0189376691231,-39.0533106008582,2.57116823529165,1792.91491677723,1915.65184545269,0
0.79,-0.494828677250664,0.895790934562683,-0.0120772089650391,48.3893326787761,3.33987934717358,-0.405388835321715,0.242291979789486,42.8244122409262,-21.8412110117344,-1.98748456741595,1800.77989077171,1915.65184545269,0
0.8,-0.209271485463404,0.884204030036926,0.170864682860029,47.9993903315011,-7.34447454546324,-0.156705625064782,-0.180797095099298,44.8751066026548,18.4658513803181,-1.32777802035984,1807.51468854408,1915.65184545269,0
0.81,-0.411167934803982,0.872430741786957,-0.119281308658371,48.3578540571769,-4.97784974080811,-0.0805971271320477,-0.279862739246424,23.7710499689604,41.9956761264297,-0.618242615627096,1814.29138469666,1915.65184545269,0
0.82,-0.258602483975372,0.863048553466797,0.159297359059934,47.6936722780193,-12.2568530687423,0.303855898288649,-0.353882998663203,-19.0793294692844,45.8294629982703,0.136545711239169,1820.06931478618,1915.65184545269,0
0.83,-0.422428991496935,0.856033325195312,-0.0272109631121819,48.0429822530966,-3.55768064457598,0.4061113516553,-0.211924422783458,-40.6009473401565,25.8538546894919,0.929203228101296,1825.07666884361,1915.65184545269,0
0.84,-0.469136714335256,0.848116040229797,-0.0682904565290895,47.9921607136634,5.91505618264184,0.253481304701612,0.451966407485735,-18.372940566557,-44.7579058412418,2.87784493564975,1829.82899104957,1915.65184545269,0
0.85,-0.284297827288258,0.840362966060638,-0.394390720818614,47.9798524524619,16.9501970199329,0.126341642696644,0.403822225678758,13.4874193858081,-48.9543998603848,-2.54042084931686,1834.56433690302,1915.65184545269,0
0.86,-0.529896797401766,0.834741652011871,0.0441945630461544,47.8328375409846,-3.43380165037812,-0.406529251459373,-0.0390104889787524,48.1184204819805,-0.171955141630915,-1.64463235357716,1838.52262652569,1915.65184545269,0
0.87,-0.479786653795247,0.829393327236176,0.0159727186761602,48.1075586439147,0.707175590493427,-0.370881520239232,-0.375182985027669,32.6245965161437,35.2308131061993,-0.720873210240652,1842.28981174603,1915.65184545269,0
0.88,-0.376990051197564,0.823776543140411,0.130086780605064,48.0658223162538,-8.42936801272491,0.251679121487535,-0.261276634500819,-20.0715848332069,44.6071200763212,0.229113984897645,1845.44908615519,1915.65184545269,0
0.89,-0.514930336070306,0.818605899810791,0.177743463472951,48.0921260386802,-12.0141586983685,0.190759901793279,0.525177142589849,-26.4026526605326,-42.014852961886,2.3241538764516,1849.42022724232,1915.65184545269,0
0.9,-0.49152688615643,0.814956903457642,-0.104601605652896,47.9486124015796,9.4137202824855,0.0986986820999122,0.497663929052751,-0.27375023803484,-48.8512673470144,-2.96015592456789,1851.82877120136,1915.65184545269,0
0.91,-0.300254989630228,0.811975598335266,-0.385035008728238,48.0861684706073,6.8897909223506,-0.294399259885092,0.264126952321512,42.1907545137235,-23.9193005316057,-1.94291526797523,1854.30012807413,1915.65184545269,0
0.92,-0.61333115023307,0.80932605266571,-0.149287593688449,47.8817704573205,0.0304966531263684,-0.428938487512105,-0.364967301614394,37.059108376431,30.5318293330629,-0.907769090194021,1856.68846952651,1915.65184545269,0
0.93,-0.508792269981415,0.805859565734863,0.114659440327536,47.7862561255454,-7.80461674182987,0.214231063563864,-0.359980183115559,-14.9859142230658,46.3327685967694,0.143543335626947,1858.71089224918,1915.65184545269,0
0.94,-0.529085307157066,0.803079843521118,0.193314514841698,48.3143632805814,-11.7566389671221,0.226572413027325,0.54517393808139,-26.6014858962316,-41.6986189883787,2.33005885208208,1861.10321125128,1915.65184545269,0
0.95,-0.526192737929901,0.80113422870636,-0.460306836779182,48.111588906353,12.0987134037333,0.0934575006192302,0.568771668746811,1.41014067933643,-49.4249432839393,-2.87071038542101,1862.76761941753,1915.65184545269,0
0.96,-0.339652919152387,0.800755679607391,0.0163551566818215,48.5539045402793,3.77916221568158,-0.298297313335297,0.147864902375991,46.0966597196706,-14.0305973318098,-1.77868875166517,1863.99186522727,1915.65184545269,0
0.97,-0.36366132455475,0.799235224723816,-0.0652075432816001,48.2961838014738,0.21498134591897,-0.285525132343707,-0.354595155998273,29.8301580829382,37.6060599594952,-0.675442296971918,1865.5642665936,1915.65184545269,0
0.98,-0.481286445230539,0.796926856040955,0.58836853048786,48.2960578842489,-18.54861769973,0.527691937080223,-0.234542121587043,-37.5871757525267,35.3650054640528,0.439661824299902,1867.1710860205,1915.65184545269,0
0.99,-0.613689104215452,0.796867549419403,0.0501721714588012,48.0057005016484,1.70843547053092,0.256420467079947,0.456548236062223,-22.2523646348984,-42.54500615862,2.68293449925288,1868.22670418359,1915.65184545269,0
1,-0.490389698582677,0.795595169067383,-0.327633502290262,47.8456364341784,14.8511808885523,-0.025879113503144,0.506968475631651,18.430659142433,-46.7082515272213,-2.46776211273251,1869.18896430943,1915.65184545269,0
1.01,-0.497333143635218,0.794263243675232,0.0511987752326708,48.4051792068054,1.85197577603102,-0.464543036836334,-0.0765805624631257,47.0380455666171,9.76208428500669,-1.32517241831694,1870.73185772992,1915.65184545269,0
1.02,-0.218829933199923,0.793430984020233,0.236268411357536,47.8247505585669,-14.5013160145015,0.239582596369636,-0.311934212296164,-6.11141100374577,49.8087503472438,-0.173905609573195,1871.70956521207,1915.65184545269,0
1.03,-0.596452806763056,0.792258977890015,0.0333944118143858,47.9121462354718,-6.55040812024716,0.58675960538811,-0.214875903016089,-43.994579831128,20.504530468341,0.985601704245229,1873.49266314392,1915.65184545269,0
1.04,-0.477028746839536,0.791371881961823,-0.260019367566679,47.9777263585723,17.9904188340107,0.299149753953215,0.525931163251875,-11.6851722565584,-49.9644701538472,-3.01004204812102,1874.35080541338,1915.65184545269,0
1.05,-0.54589906009001,0.789934515953064,0.190752772514072,48.0625631727139,0.0735803872633006,-0.499319196897172,0.133854792477469,46.3425035913734,-12.5050849276055,-1.83291791072362,1875.54590439329,1915.65184545269,0
1.06,-0.297460100413783,0.789677500724792,0.388286125069988,48.1629117394145,-11.7481703718214,-0.0269087036608642,-0.430189060992033,19.3666691599302,45.5630220308335,-0.649376407755744,1876.29626565188,1915.65184545269,0
1.07,-0.553808693988353,0.788689613342285,0.148043265364681,48.3167911273667,-10.1706600910233,0.478436122495962,-0.402414462799003,-33.3883677060317,35.9276452611282,0.541816323335579,1877.71593853182,1915.65184545269,0
1.08,-0.359953872479752,0.787750124931335,-0.47285386759134,47.9576881125183,21.3973406707839,0.498032864883216,-0.355989643575816,-50.9811116318514,13.1614205117369,1.74169958094725,1878.43326981513,1915.65184545269,0
1.09,-0.482077854015897,0.786869406700134,-0.058862772025193,47.786636323156,1.31872858164304,-0.30604439949981,0.291616509160458,36.8375691770843,-30.8798352503186,-2.21508877679969,1879.48640405091,1915.65184545269,0
1.1,-0.361895390701089,0.787330269813538,0.324463211786787,48.1019415071366,-13.8106027574543,-0.101360317550724,-0.382346741448965,33.1580073335978,37.2590392699698,-1.00241908748502,1879.77177689689,1915.65184545269,0
1.11,-0.429414660826103,0.786285877227783,0.0912573467813573,48.3721809553894,-7.10510769492595,0.250922773846042,-0.517666101229967,-16.7939030849341,45.4554163941822,0.216226818410591,1881.18194329162,1915.65184545269,0
1.12,-0.473367580184523,0.786266684532166,-0.429095707173879,47.664513702453,19.099641032536,0.35502216445239,-0.444773803059465,-45.0241977989465,25.7318382778573,1.43977888731186,1881.58728454071,1915.65184545269,0
1.13,-0.678735313033359,0.784901082515717,0.134123332928118,47.4774587370402,-4.12969568511874,0.211982121844774,0.566746878007183,-18.7753577512469,-44.3056060366095,2.67023036546551,1882.81405344082,1915.65184545269,0
1.14,-0.365661534455568,0.784959197044373,0.361016605307163,48.5552805003224,-13.384968511855,-0.200188073173611,-0.334431057114687,41.6742563682413,27.1011123298616,-1.25735546343676,1883.1526885375,1915.65184545269,0
1.15,-0.566001551336252,0.784558594226837,-0.118142946195031,48.2296370797401,2.90437060176981,-0.068419360862664,-0.54302601920366,3.57068627797664,47.949971584739,-0.0156575716681723,1884.04709075814,1915.65184545269,0
1.16,-0.306328071712411,0.784854292869568,-0.327472172827326,47.9678773750453,13.8665918428366,0.264547166464167,-0.399132267935647,-40.4029296421493,29.6137888384964,1.22842394752841,1884.26338369544,1915.65184545269,0
1.17,-0.470341708705259,0.786087810993195,0.064479571396007,48.1194568251798,0.0197744618725172,0.307335747751823,0.382241333319529,-29.6650634063974,-37.7357525811858,2.47422584263392,1884.45560706328,1915.65184545269,0
1.18,-0.431136920171522,0.786636233329773,0.229879336984096,48.1465755334315,-14.5233415883107,-0.482243287658098,0.201791754808229,38.5807237044508,-32.1218606543157,-2.56240266150217,1884.64490171649,1915.65184545269,0
1.19,-0.620666434960989,0.785761713981628,-0.113791376266753,47.7264001829217,7.63478477168613,-0.269383138569892,-0.584425102406604,16.3535736508635,45.7243979299077,-0.191343384312622,1885.64631764702,1915.65184545269,0
1.2,-0.356352644473035,0.784664392471313,-0.130825723714669,48.0764966587783,9.44021560395909,0.216204287911573,-0.328283956261394,-37.6098806926616,31.2217354286399,1.06803060069728,1886.57780852165,1915.65184545269,0
1.21,-0.275965820931885,0.786128461360931,0.171691692227577,47.9220928223066,-9.26001372324681,0.0990284230353218,0.339258888760895,-28.5291910299299,-39.6757660728311,2.32943139683519,1886.35939099916,1915.65184545269,0
1.22,-0.627386243223498,0.784969925880432,0.153194503908293,48.5406875784748,-11.2206451911217,-0.450059165106188,0.391001557251003,31.4801730889667,-38.0668862328966,-2.6890351317366,1887.2005767773,1915.65184545269,0
1.23,-0.547981590658893,0.786690533161163,-0.276983063179037,48.4626051788727,10.0445030367994,-0.53193298733936,0.134668004382668,49.0021557560092,-3.17458909854716,-1.42295679941215,1887.13935616653,1915.65184545269,0
1.24,-0.46921095512603,0.786012172698975,0.113439741926799,48.4850564252866,1.28969538862673,0.428099667349755,-0.304938712211979,-39.2277292726405,27.6653732550623,0.965579032350722,1887.81899243998,1915.65184545269,0
1.25,-0.425962766242998,0.785614848136902,0.225132257377538,47.742875513398,-10.5864698926533,0.149533211847724,0.387338000635906,-31.0327794512998,-38.165574581419,2.23851087980307,1888.32406288558,1915.65184545269,0
1.26,-0.699923271095304,0.785262882709503,0.0242743981377318,48.1556899769369,-6.47750804319051,-0.346406361596357,0.536169929094683,23.4249745130271,-42.3594133111059,-2.76590341818572,1889.4127193365,1915.65184545269,0
1.27,-0.245702007164984,0.785903871059418,-0.327773496990952,47.8008314397771,18.1077819876566,-0.314633088920528,0.341086022521314,49.4021732297652,-14.1118309895271,-1.48438816857899,1889.19384767735,1915.65184545269,0
1.28,-0.462320405271339,0.785548686981201,-0.217972593361016,48.46734095339,-0.574523258039776,0.375753148066508,-0.27167777501597,-38.7178254367791,28.3843627945736,0.920249297969617,1890.06363641927,1915.65184545269,0
1.29,-0.436516032472512,0.783578097820282,0.383233541454914,48.297297958839,-17.6073434315367,0.154040614758101,0.550476710453139,-27.9959919903418,-42.734081995378,2.2121620703306,1891.00817480195,1915.65184545269,0
1.3,-0.475257637110845,0.783866286277771,-0.284486703911462,47.6427381395083,10.5465114158898,-0.0124922337909329,0.639076169638361,7.34036412668213,-48.6058751440573,-2.77431342682489,1891.40302918717,1915.65184545269,0
1.31,-0.390217653916456,0.783531606197357,0.0970992560266637,48.1560145928662,-3.05744892806418,-0.491881990476325,-0.110781780756228,47.4738337527008,7.7274144203612,-1.47348928701925,1891.87158208408,1915.65184545269,0
1.32,-0.423841506579186,0.784061193466187,0.120844655211804,48.382934925492,-7.58629667921187,0.084152109845259,-0.425131207756731,0.320003731316154,48.6643343414881,-0.172128986410821,1892.02414075961,1915.65184545269,0
1.33,-0.621281358038836,0.784373819828033,0.370712410503958,47.8993910775796,-12.0992618030688,0.263013887903685,0.528095785657878,-29.6286218640274,-39.6867135404826,2.25135817810943,1892.6100638081,1915.65184545269,0
1.34,-0.342877026417011,0.783057570457458,-0.418800013124781,48.0352318579388,16.0463992728891,0.148861190241015,0.470350761407797,4.64866279710215,-50.4723024298067,-2.72274286128543,1893.4051079849,1915.65184545269,0
1.35,-0.622865441741756,0.782683968544006,-0.0855008288038157,48.0755555169416,2.73902846676792,-0.598172099263213,-0.0212509638412351,47.9366459383026,4.32501673717434,-1.40691864962738,1893.97416282821,1915.65184545269,0
1.36,-0.401355100652352,0.782138884067535,0.293842982180194,48.0838235596598,-15.2546764679686,0.274628890651878,-0.440736981777605,-11.3466551601759,49.2072601195604,-0.0892540385806388,1894.3623232996,1915.65184545269,0
1.37,-0.46181927897285,0.78294974565506,-0.0917193725507636,47.6240057559278,5.99619655457891,0.429058091911408,-0.283398580917935,-43.2834618967529,21.581992897466,1.23130300997934,1894.27421990807,1915.65184545269,0
1.38,-0.242814713732435,0.782669246196747,-0.130734574716643,47.9453286872381,5.55319013594872,-0.0636098463069849,0.323427675744026,19.5164449004882,-44.2022212913501,-2.61083199454992,1895.10908841869,1915.65184545269,0
1.39,-0.39275365053402,0.781963765621185,0.235014433567782,47.7121030194554,-9.31111464069111,-0.278852926716767,-0.29334825338124,43.113300959527,23.4959353159939,-1.28389271931021,1895.48169158429,1915.65184545269,0
1.4,-0.585008915571391,0.780875563621521,0.188896942517381,47.5987802588608,-1.66661635891389,0.0718516832517482,-0.554488187851864,-4.49813855772027,47.8397650524296,0.0477766687600606,1896.57106140262,1915.65184545269,0
1.41,-0.403490494321928,0.78221470117569,-0.219836220090541,47.9540862412257,11.3512235002717,0.321416560872613,-0.288287072670747,-45.0375719784638,19.9481989765026,1.38029786150005,1895.94458551592,1915.65184545269,0
1.42,-0.425004037097755,0.783213913440704,-0.128283857152044,47.5229330273651,2.74531441220272,0.244819097475035,0.406775255830604,-22.1462238097242,-42.6510240558882,2.71177703415478,1896.19543570544,1915.65184545269,0
1.43,-0.48255560162788,0.781991541385651,0.187819517541234,48.0472284628386,-13.3581508614702,-0.284542381519883,-0.422613033209104,37.5434955552044,32.5096490708827,-1.11663137491381,1896.70244067087,1915.65184545269,0
1.44,-0.494811229477768,0.783112406730652,-0.275167989727879,47.8062132841492,11.2592743000121,-0.135279849130916,-0.475277438243516,0.799544806454687,49.3683077450315,0.220339148115856,1896.6319036738,1915.65184545269,0
1.45,-0.379108821528232,0.782592952251434,-0.00497967350936657,47.8919374921248,2.58741005501415,0.382973962975734,-0.0492266013178927,-47.9689156017313,2.90537630685292,1.55893587831706,1897.3547580558,1915.65184545269,0
1.46,-0.358873850345068,0.781391143798828,0.273035457783542,47.6657442808435,-12.5519447931396,-0.14553498907487,0.444645474546624,0.788573181104674,-49.5858972188292,2.90341382044933,1897.89345309967,1915.65184545269,0
1.47,-0.663613213916162,0.782137632369995,-0.046460616117689,47.9610887777564,0.744668527838126,-0.549143139857724,0.297329300113131,42.635408760415,-22.0636441154273,-2.03244376559082,1898.22649104854,1915.65184545269,0
1.48,-0.272726437102731,0.78141313791275,-0.182097617418165,48.2061249299815,10.3842793349419,-0.0503016264350971,-0.404852010226282,-10.4258497792328,48.1004117233119,0.436326082183655,1898.5714154028,1915.65184545269,0
1.49,-0.27995063819283,0.782875716686249,0.14875993952458,47.9179805050826,-11.0046537164174,0.295957555578241,0.283011569508242,-44.5605092334405,-20.9281781492282,1.78583850624245,1898.43947058345,1915.65184545269,0
1.5,-0.587238683190371,0.78194260597229,0.193221405731053,47.4567689596425,-13.4919056375412,-0.26061853651153,0.54492868426237,12.9082901326023,-48.0519111550346,3.13760076664073,1899.16107316404,1915.65184545269,0
1.51,-0.411425274897495,0.782232940196991,-0.221465621757272,47.9676861507369,20.169943799222,-0.275007898063303,0.461612121260114,42.5824608294516,-29.4569163586317,-1.79159454231302,1899.28400249496,1915.65184545269,0
1.52,-0.582394721905929,0.78253573179245,0.0369804037723991,48.4825964152355,2.53730813020235,-0.308977214619141,-0.5334572620246,22.4586522617616,42.4933062815904,-0.434912216430995,1899.52555926156,1915.65184545269,0
1.53,-0.397564831717692,0.782152891159058,0.255347018779098,48.0230876516456,-16.2534258269688,0.219336528894965,0.478435794616565,-35.3630313634442,-36.3572302145373,2.04114723205287,1899.69082313467,1915.65184545269,0
1.54,-0.486575372686473,0.781954348087311,-0.315847737325541,48.019577582792,15.1344924914994,0.170297900760776,0.576933495118861,-2.55679450491515,-50.3387847974694,-2.88226848894741,1899.97979639358,1915.65184545269,0
1.55,-0.500267978970856,0.78267240524292,-0.123525300662647,47.8065820552458,-0.120706148815567,-0.471263578602378,-0.0127704358046893,47.9710634112293,1.77802481107354,-1.52083453927846,1899.88288656565,1915.65184545269,0
1.56,-0.207587508821186,0.782530546188354,0.20864868678664,48.1036754287508,-11.6337557057861,0.182078491999839,-0.354966396053657,-4.15409262971018,49.2928734226123,-0.16012100927581,1900.20491008756,1915.65184545269,0
1.57,-0.469878125305784,0.781909942626953,0.0233994185169497,48.3146324293327,-0.318965366374054,0.523571312682661,-0.199689400355658,-44.9545600163815,16.8283598949942,1.20581509695027,1900.84548138728,1915.65184545269,0
1.58,-0.427029582607755,0.781475365161896,-0.187713973818396,47.7323942557412,9.68459058339521,-0.0388075539131285,0.425368251272922,17.0566638807978,-45.8725349557091,-2.58919504077135,1901.32197139032,1915.65184545269,0
1.59,-0.276656690985207,0.781382858753204,0.285290615070677,47.5749994979744,-8.64772527585848,-0.236531512250105,-0.269518762345675,41.9713721025236,24.8913269982945,-1.21651432105857,1901.62766005427,1915.65184545269,0
1.6,-0.69026639565495,0.780299663543701,0.175279649541606,47.9288042322423,-7.18375545589865,0.250274660397003,-0.629631508814993,-14.8381766628486,46.2383221355607,0.158398352875114,1902.44142805798,1915.65184545269,0
1.61,-0.214306616812192,0.780923962593079,-0.16915600105998,47.9178034989931,15.170478843008,0.282867267837768,-0.321576558154685,-47.3937586922839,17.262125675504,1.53378821522949,1902.10347847619,1915.65184545269,0
1.62,-0.49156604452111,0.781050384044647,-0.0415855223383549,48.3417328334046,3.32282956834218,0.180407036721979,0.556009167310728,-12.9942278313216,-46.2583846460376,2.91282246749425,1902.48618831566,1915.65184545269,0
1.63,-0.54222882982215,0.780472695827484,0.376888049957804,47.7341377596445,-18.0807827587265,-0.108132923911162,-0.553505157930368,25.3639212612247,44.4297454069182,-0.872031357092386,1902.73782645712,1915.65184545269,0
1.64,-0.493417112298234,0.781112790107727,-0.322998184580585,48.0250286435396,11.0542512144616,0.0380249406819889,-0.539770904098001,-13.5420949300997,47.4156237244684,0.509351872038052,1902.76062001959,1915.65184545269,0
1.65,-0.63387743894962,0.780697584152222,-0.0697845737692682,48.1030237004175,-1.50838152139155,0.503367603967733,0.210110724501384,-44.9138367561936,-17.0443252156475,1.89311230795425,1903.2739129291,1915.65184545269,0
1.66,-0.29819157587987,0.780623614788055,0.244083912199364,47.8843415156707,-15.4882582240538,-0.363784376672275,0.31354976450424,22.322416897078,-45.3927156966469,-3.0055969977557,1903.37047562319,1915.65184545269,0
1.67,-0.543582533629718,0.780631899833679,-0.203599347403334,47.6306221745075,9.3770965780364,-0.462420417775318,0.204003796943694,47.520921818104,-11.102739367922,-1.61891951547078,1903.64431528354,1915.65184545269,0
1.68,-0.441812159990386,0.779543220996857,-0.100598756422015,47.8631821652835,5.74924802351428,0.268181218314885,-0.333626955561204,-34.4197912943327,33.7759121994139,0.89121716837891,1904.4249035467,1915.65184545269,0
1.69,-0.24072376113778,0.778454720973969,0.31126878329507,47.6527366491475,-8.29189546191844,0.164720379350813,0.372998821581083,-30.4286049454363,-38.1567371009218,2.28662694142133,1904.75584347909,1915.65184545269,0
1.7,-0.598888270627306,0.778655529022217,-0.0454176027578684,47.9608554515136,3.6312760428553,-0.24835315556799,0.540899731865204,22.2038824900021,-42.6634599506104,-2.59867574983095,1905.24066583667,1915.65184545269,0
1.71,-0.378939940253929,0.777532517910004,-0.177358316670771,47.9400840923453,5.8413431168415,-0.358222051034185,-0.0130806104903332,46.8756381980129,11.9356436928911,-1.19748381148629,1905.6908316791,1915.65184545269,0
1.72,-0.456542857354332,0.777971267700195,-0.000158097161268828,48.2825584665105,-7.63756177653162,0.427803940375752,0.0393996579717739,-48.3461793327891,4.51641793272675,1.32607993047557,1905.60787511084,1915.65184545269,0
1.73,-0.649743539626077,0.778057634830475,0.17049781554532,48.235689572519,-8.56195214064287,0.0957315308816631,0.630783132859123,-11.6890250758649,-47.2727298027865,2.72985845286031,1906.156349084,1915.65184545269,0
1.74,-0.406029890808514,0.777173697948456,-0.182254049168552,47.8401381323581,8.1775725391036,-0.257205443921748,0.372528291230411,35.5437952201355,-33.3762976673352,-2.1482006432627,1906.08705278439,1915.65184545269,0
1.75,-0.419179820152205,0.778342723846436,-0.0648321515996675,48.2383843491234,-1.29339521816806,-0.285521216823588,-0.345668600506738,31.3775465535608,36.3529122048183,-0.742142333541899,1906.23990111114,1915.65184545269,0
1.76,-0.572128305320197,0.77840131521225,-0.0862601334884541,48.0553401255243,-6.62536064603827,0.452842908846179,-0.381996553069426,-34.3191773072144,34.0926498748003,0.66415846997066,1906.27897590059,1915.65184545269,0
1.77,-0.343547575481937,0.779510974884033,-0.372315096175654,48.304538088426,15.3432478548156,0.275750142915953,0.376334525038785,-12.3130292991578,-48.6272902032496,-3.09492937786996,1905.89561584996,1915.65184545269,0
1.78,-0.529007935188868,0.779290795326233,-0.0723149627082748,47.6874811114953,2.3679246251925,-0.483815496618807,0.102596833718678,47.4344927338024,-7.59620273525616,-1.68935653116278,1906.22837076893,1915.65184545269,0
1.79,-0.504849185982466,0.779546141624451,0.463701676924145,47.8266583031057,-14.6109392267331,0.160887967030206,-0.526338981136927,-1.03764425656302,50.3005076700495,-0.283657939753779,1905.98609614079,1915.65184545269,0
1.8,-0.460416869622826,0.780793368816376,-0.338819562068645,48.3588777797214,11.4199460695951,0.345893701640513,-0.428362174522815,-38.1822425517374,31.3028838930128,1.12051679493277,1905.84680975876,1915.65184545269,0
1.81,-0.550236593907063,0.780682444572449,-0.127716508333517,47.4127491851207,0.118653502357689,0.315378458042952,0.416280020590354,-28.363250595033,-38.7314010810851,2.52558624390301,1906.02858914198,1915.65184545269,0
1.82,-0.443189486829174,0.779869794845581,0.542305063088126,48.5404037656738,-21.8734138904325,-0.211825071147901,-0.548700735085923,37.8312290857027,37.0812981908901,-1.23221309132127,1906.3136510525,1915.65184545269,0
1.83,-0.585488707245232,0.780364692211151,-0.227001881361323,48.3916986462735,10.5496018190537,-0.11451237496922,-0.598925947880262,2.05554665884079,49.1139193528595,0.175556484617283,1906.44563336715,1915.65184545269,0
1.84,-0.413023663062519,0.779547393321991,-0.180678560821122,48.0184195567898,3.61195993886287,0.440095083884423,-0.0680181803546843,-48.0484670840127,3.131496848924,1.58477500008554,1906.98167350981,1915.65184545269,0
1.85,-0.412938617083045,0.77918267250061,0.234861810201094,47.676385066207,-14.0981542218185,-0.219961988272757,0.36995281977887,6.60853387555416,-49.4596217970577,2.99763911064132,1907.1274750881,1915.65184545269,0
1.86,-0.604680666611255,0.7803875207901,-0.188212770749449,48.3081714072809,3.8085588032106,-0.502009116011626,0.248296508406527,44.6122210313307,-18.1764818623269,-1.87292715722588,1906.75562403061,1915.65184545269,0
1.87,-0.519349480758093,0.781009018421173,-0.053002463490945,48.177413666303,2.72251170104301,0.182311967893127,-0.339645441689305,-26.7395842548332,39.9933051554644,0.656649722142415,1906.75080584753,1915.65184545269,0
1.88,-0.405308731881283,0.780807912349701,0.30791075713743,47.8580821305893,-9.80246441938348,0.261048334274409,0.362930978341008,-37.4877642809238,-31.5763968190778,2.0670178003395,1906.78407004812,1915.65184545269,0
1.89,-0.51032512712627,0.780438423156738,-0.0181320644609363,47.8624038989192,-0.555712102602211,-0.204515192518849,0.541329977743704,16.8696513318179,-44.9479736308445,-2.80236740138753,1907.33306400126,1915.65184545269,0
1.9,-0.178069678505725,0.779948234558105,-0.151460170117091,48.3347264078635,7.03468068195626,-0.305279579870351,0.079151611969805,48.425450948412,2.14100550597089,-1.38683467926772,1907.6114918507,1915.65184545269,0
1.91,-0.325887253280148,0.779934346675873,0.384962518870536,48.3844085321576,-12.1482350750807,0.251730262976365,-0.289084829048789,-13.822345732311,47.6001138471576,0.0305411097543183,1907.71683130583,1915.65184545269,0
1.92,-0.591150550470388,0.779742121696472,0.0163512285692419,48.0097037306484,0.658847937424951,0.31182670768105,0.478291639397909,-26.1354691635635,-40.2611890830223,2.56918201142095,1908.23886922296,1915.65184545269,0
1.93,-0.391964626125771,0.77936202287674,-0.375708832034606,47.7483996811051,9.76109116375724,-0.10770786527529,0.361421189636809,29.39584303787,-39.2460180365153,-2.2929625176631,1908.16934097471,1915.65184545269,0
1.94,-0.432083849132742,0.780580639839172,0.0291120618137814,47.809120913028,-3.31827147942279,-0.305389514388109,-0.340666026426243,34.4945868473483,33.5599483087174,-0.871612208058448,1908.18544279964,1915.65184545269,0
1.95,-0.468461196345551,0.778997123241425,0.0279290901321154,47.8470425027662,-5.02110938123148,0.38530066715024,-0.413418130151302,-29.8428584876182,38.0021964624702,0.550667798832761,1908.88544713402,1915.65184545269,0
1.96,-0.366733186902686,0.780371248722076,-0.26241505807203,47.8639046773672,17.0465311474096,0.442785984979429,-0.164446073556613,-50.512146301065,-3.885846011901,1.97314881592208,1908.22091696492,1915.65184545269,0
1.97,-0.513865546940584,0.780543982982635,0.149673264242758,48.162360597935,-4.85261948176666,-0.392639352651756,-0.0331792916172009,48.1991921667385,-3.74695093597998,-1.76785116780363,1908.31291330795,1915.65184545269,0
1.98,-0.503645139243559,0.77959156036377,0.102545323275067,48.0886649215548,-9.61107098018378,-8.71926499133036e-05,-0.556888441323669,7.39629761336419,48.3389954361939,-0.344150793727055,1908.67797966763,1915.65184545269,0
1.99,-0.317733259309215,0.780439794063568,-0.363858427400499,47.7101429720876,17.9850246628721,0.120984504818046,-0.482493775214568,-33.6794737672495,38.8072710650288,1.07971886405422,1908.46239602517,1915.65184545269,0
2,-0.523777932252464,0.780909538269043,0.0464751383630469,47.847930519432,4.6212166104258,0.399820731833854,0.377623008890962,-32.2065497819279,-35.8765488007856,2.50384134427885,1908.59107762753,1915.65184545269,0
2.01,-0.532201634493933,0.779592752456665,0.16759161317925,47.8214270352776,-12.5970850338732,-0.525039576288897,0.146900951038958,43.3988820062694,-24.4411719033001,-2.3539596988683,1909.12440589126,1915.65184545269,0
2.02,-0.296220813194149,0.779627323150635,-0.440551500485895,47.8532766378535,18.7407044968898,-0.290932457234034,-0.4542086982514,8.91696266444644,50.6638695181535,0.193697623191089,1909.2493609786,1915.65184545269,0
2.03,-0.479970429774509,0.779566705226898,-0.169258953822141,48.1187132466822,-0.314938150519232,0.536646578746634,0.0233388554132898,-47.9338858884858,-2.51845741950934,1.62342671104874,1909.54625796601,1915.65184545269,0
2.04,-0.487212282456074,0.778332233428955,0.191489542510511,47.9933796118634,-11.8527743822679,-0.184450023781983,0.528443529906984,7.28652823190518,-48.8184395132024,3.0545340497951,1909.82755204206,1915.65184545269,0
2.05,-0.495705988600408,0.778436243534088,-0.316195078124455,48.219143637193,13.6350915636709,-0.360752783649346,0.36021223650123,43.845218059274,-23.6690279196577,-1.79423785025334,1910.1763159682,1915.65184545269,0
2.06,-0.669481895035072,0.778540074825287,0.0250805968893988,48.0854564976753,-0.421973194117691,0.419690768787043,-0.442136081548118,-33.0791985404294,34.7817436594716,0.761468652779635,1910.21643019517,1915.65184545269,0
2.07,-0.506499504160724,0.77910053730011,0.39380398246424,47.90413776794,-18.3074305564482,0.173113779553983,0.566017652775555,-28.4556222412608,-42.6291711863886,2.19475589331829,1909.97895549255,1915.65184545269,0
2.08,-0.447840680418749,0.779568493366241,-0.318940843054561,48.2618459950687,12.2098644852476,0.0277596066048974,0.490244634610326,11.4346500792287,-48.2545566931716,-2.65493997468377,1909.76360349508,1915.65184545269,0
2.09,-0.527808693012942,0.779042541980743,-0.108052213483315,48.1633171203866,6.21722487675039,-0.49503444617537,-0.0501458975602957,47.2212481432878,10.633788872336,-1.22004806871491,1910.05910210011,1915.65184545269,0
2.1,-0.352199372448031,0.779084265232086,0.268091811355861,48.3042248702434,-18.2107619421641,0.434830481140656,-0.309844541453633,-27.8338260533419,43.0639008152341,0.214406773028046,1910.19730074023,1915.65184545269,0
2.11,-0.517436365442853,0.778630673885345,-0.303406341466099,48.5136581667591,14.6450939277306,0.46122360663004,0.387415335217653,-30.6305464782938,-39.5954496269753,2.77105835287196,1910.67694936297,1915.65184545269,0
2.12,-0.434594580264616,0.777644217014313,-0.180651480195495,46.8772201309542,3.62114146714187,-0.371924952716759,0.266515645072603,40.7380902215269,-25.5447469668453,-2.07154870715026,1911.16327254681,1915.65184545269,0
2.13,-0.378447566537367,0.777572333812714,0.42521122923813,48.0380813330609,-12.9677529283233,-0.0229443072708414,-0.471181060569679,17.6990550922172,46.4861253429342,-0.629186724115298,1911.2742214054,1915.65184545269,0
2.14,-0.60598687822964,0.7773796916008,-0.258044870153915,47.4370107795323,10.8749277721785,0.237587395385085,-0.545794762487041,-27.0826559096059,41.2391677115144,0.814420727516674,1911.45071864205,1915.65184545269,0
2.15,-0.422168530706071,0.777067840099335,-0.228853217487028,47.939154248798,0.198712526301092,0.295924323137434,0.22514377534751,-37.5741715667943,-29.8802404153473,2.25938186832994,1911.4594961409,1915.65184545269,0
2.16,-0.431541775494259,0.777479827404022,0.266425117726529,47.9247070618901,-14.6490028047932,-0.304305458929953,-0.321126186273851,46.0967847052458,19.6515196349824,-1.45909801522184,1911.19694226379,1915.65184545269,0
2.17,-0.523131592052062,0.778342723846436,-0.0708509821563711,47.7700471938716,5.4946821098201,-0.12424744884127,-0.58601589514688,6.18399559450211,47.9112140747503,-0.0152600351110957,1911.10149755562,1915.65184545269,0
2.18,-0.484014898021646,0.77838796377182,-0.0575826373673097,48.0637615641984,3.78858826512581,0.376370643905195,-0.131403368169946,-46.95289478268,10.7097962049891,1.42777816522467,1911.22222139573,1915.65184545269,0
2.19,-0.417547354233484,0.778997361660004,0.308738799131871,48.2902208493493,-10.7818116230012,-0.119471452762191,0.447327555565828,-1.40184823499686,-49.4397810335592,2.86969568436837,1910.8514462244,1915.65184545269,0
2.2,-0.61465763813242,0.779244422912598,-0.0965312417980444,47.711631930455,4.69228481066915,-0.590878884379011,0.362055111771431,42.3117208496058,-23.1649225469409,-1.97234721823143,1910.94004578656,1915.65184545269,0
2.21,-0.336982905356209,0.779419958591461,-0.204874224334249,47.9284010309222,9.01844921228899,0.0216958461715065,-0.350042877312162,-19.2252082576147,44.8744303421343,0.588228396404407,1911.26174976075,1915.65184545269,0
2.22,-0.231679123726343,0.777817785739899,0.281831910756886,47.6485937312146,-14.2889937081517,0.10888206154415,0.35688083241573,-36.8281903594411,-33.6992164174073,2.03364903527572,1911.558468622,1915.65184545269,0
2.23,-0.65668083710494,0.778951466083527,-0.0707325575959492,47.1222155924691,4.9588556677303,-0.0963311093208312,0.609063099987047,10.9746467397618,-47.0231329505042,-2.80325810985899,1911.47995360883,1915.65184545269,0
2.24,-0.324563078554837,0.778655648231506,-0.245354512694688,48.1643210837253,6.48049424350761,-0.311088378682946,0.0664146583703408,48.3132707046827,3.66349446961954,-1.35841848682529,1911.58359668296,1915.65184545269,0
2.25,-0.228013424374034,0.778560519218445,0.371739224269035,47.7915485325092,-14.2993509310592,0.323074523893075,-0.247598251333248,-19.3353696655842,46.4953884188583,0.0870267068689994,1911.60395822026,1915.65184545269,0
2.26,-0.578849811834692,0.778277158737183,0.0435519891357315,47.6658934892009,4.17149536454941,0.346513161990611,0.486598120765014,-25.7481634128582,-40.6780922424644,2.65416947632042,1911.92254795909,1915.65184545269,0
2.27,-0.484651315686027,0.777951419353485,-0.249359831057025,48.3038410258147,10.1615596385428,-0.175883357153008,0.370357060684756,33.5105457293967,-35.8483913641727,-2.18047952953657,1912.06489623997,1915.65184545269,0
2.28,-0.163911527821149,0.777658402919769,0.171590204567179,47.8220192857791,-8.91354272201828,-0.0746491621651015,-0.339974602645981,25.4719214771279,41.6180486181325,-0.729903709248144,1911.97518915962,1915.65184545269,0
2.29,-0.617973210868174,0.777609765529633,0.162580567748028,47.9633703157579,-6.29632972592077,0.491301631791953,-0.369511791710499,-36.4712166920816,31.854599662676,0.72046351548407,1912.51116525158,1915.65184545269,0
2.3,-0.318003214164204,0.77702134847641,-0.35497809916705,47.5494213960759,10.6078024960933,0.414788874224375,0.019381195800781,-45.7861772439862,-18.1183174354299,2.17256338203853,1912.39598220735,1915.65184545269,0
2.31,-0.17813700387289,0.778425216674805,0.205898086424408,47.9919626752225,-7.86748378810529,-0.305055959854599,-0.158572817911201,47.7384661363973,9.16633661860942,-1.53974953243501,1911.76596723166,1915.65184545269,0
2.32,-0.570027443775174,0.778384625911713,0.208797206733939,48.0393408225259,-5.29692453824158,0.0603981339292097,-0.626856066014384,-1.51424160639505,48.3283882932018,-0.089433483866033,1912.43010912856,1915.65184545269,0
2.33,-0.255081565811933,0.778140306472778,-0.300092546674396,48.5013897219031,10.2713383155875,0.266774999938019,-0.248045193903638,-44.9859187869465,19.1869687400313,1.36051201216585,1912.24200251133,1915.65184545269,0
2.34,-0.245242896453893,0.779224097728729,0.192882927585579,47.8829760720285,-12.8960285841765,-0.145236132586969,0.338107934018559,-3.71631972158814,-49.4928941454939,2.80947531125931,1911.94800266825,1915.65184545269,0
2.35,-0.56218494876917,0.778014421463013,0.0925619821842749,47.9889895320402,-1.56080513549155,-0.498532766050326,0.194916601417983,44.0798687649729,-19.1112567889186,-2.02294313172106,1912.73955106494,1915.65184545269,0
2.36,-0.355528123245447,0.776868760585785,-0.242553662794895,47.8378626182958,14.1695425053368,-0.0614357942607363,-0.453068705374685,-12.776254466456,48.4841513593024,0.550823304979474,1912.75275428332,1915.65184545269,0
2.37,-0.315465272446814,0.778596818447113,0.101135337594401,47.4275505654681,-6.84302262884638,0.311890847416178,0.294665134399578,-40.5880076989206,-26.5893206159821,2.0039440718811,1912.32634537945,1915.65184545269,0
2.38,-0.51920316906528,0.778838396072388,0.126563207005332,48.2219974765106,-4.09082578741689,-0.225595770337733,0.476396510229362,17.9702954849063,-44.6326042253527,-2.8278130499985,1912.40070337371,1915.65184545269,0
2.39,-0.413930004147333,0.77784126996994,-0.167982189693188,48.1311801827912,14.0142663902279,-0.415708229016196,0.209418691435131,49.8617263146205,-4.72008324450696,-1.37564689594335,1912.63130730292,1915.65184545269,0
2.4,-0.459404573269668,0.777284979820251,0.105503620554223,48.7135904469378,-7.15653274413281,0.444401571022984,-0.0320382695828592,-47.2159753844481,11.0246289480646,1.19970846057277,1913.03336409324,1915.65184545269,0
2.41,-0.583929991119765,0.77625036239624,0.114163210353716,48.1340101291019,-5.53760085180774,0.184349395393538,0.583403524106189,-17.5643294726444,-44.9893629327054,2.65852244819684,1913.7606997466,1915.65184545269,0
2.42,-0.282836453338034,0.775875270366669,-0.434280858511659,47.8408619045681,18.5816014970925,-0.0226320829876435,0.457168797374001,29.535219050784,-42.0424565587385,-2.164445565578,1913.57602031134,1915.65184545269,0
2.43,-0.350093919745951,0.777276813983917,0.0979362754816962,48.0756650648439,-9.38106134445629,-0.0536838732478973,-0.3336154764152,24.2040671132696,42.4210365485886,-0.704270442326751,1913.34492036521,1915.65184545269,0
2.44,-0.428852163909461,0.776911854743958,0.10141849270671,48.1935022149955,-5.24161971097853,0.433905671494351,-0.296487930807012,-36.9584697500229,31.1323774306106,0.754991922186073,1913.53846910019,1915.65184545269,0
2.45,-0.314921989430047,0.776675522327423,-0.305527187394497,47.8224263933477,13.8251739011965,0.213575280536325,0.33445996222603,-4.22864467232911,-49.7318905504177,-2.94877831689058,1913.43020416391,1915.65184545269,0
2.46,-0.442235872673109,0.776725709438324,0.0584911776966104,47.8559613582615,-5.14734969859864,-0.388983695449493,-0.113924121705568,47.4767975289589,8.29926642520223,-1.488120119809,1913.57518767901,1915.65184545269,0
2.47,-0.608809460485664,0.776694476604462,0.0414516404096535,47.7665437287843,-6.59879409040213,0.112791350905337,-0.541575919024384,-5.0202307913115,48.1519301026994,-0.0268178686382383,1913.70994721494,1915.65184545269,0
2.48,-0.314501946390378,0.776556432247162,-0.318745316011387,47.4864766704305,16.2900447289086,0.247611879027278,-0.364853703272772,-45.3198675349955,22.7681034756084,1.43408400188693,1913.46707523109,1915.65184545269,0
2.49,-0.420687619844363,0.778282105922699,0.0948495766565103,47.9370605355374,-9.74449745213612,-0.0858341238940467,0.365462169005691,-3.14186787031958,-48.7227892293492,2.89321718680493,1913.04774305836,1915.65184545269,0
2.5,-0.598961535287575,0.777928411960602,0.297963215530116,47.5376522656441,-11.2279801252299,-0.279256315055118,-0.559964323136371,27.5224066825603,40.7617086817614,-0.813691564807061,1913.23430705793,1915.65184545269,0
2.51,-0.115805884777234,0.777136385440826,-0.289195774832705,47.3874258340172,16.0373607420411,-0.0916280759033549,-0.416536244661998,-15.9277221831763,48.0797936855519,0.644769580998152,1913.42953215938,1915.65184545269,0
2.52,-0.381349544664281,0.776596069335938,0.159111386030874,47.6807597615106,-7.91856253574735,0.229159152479128,0.318160196763626,-37.123434238482,-31.490084984688,2.10689463997289,1913.83386298882,1915.65184545269,0
2.53,-0.571179378696839,0.776961028575897,0.13955039798705,47.6853143072941,-4.75119543023441,-0.338725647613714,0.512791842486038,24.2012780257933,-41.7247403605172,-2.71483184314207,1913.80102526872,1915.65184545269,0
2.54,-0.293559095885413,0.777414977550507,-0.313992057879084,47.9279434748922,18.2733209162318,-0.387721974864459,0.24526942021033,51.1086901742931,-1.8961562450859,-1.25542813522996,1913.30017213138,1915.65184545269,0
2.55,-0.343974810163962,0.77826327085495,0.214192551643655,48.0459518935472,-3.8556409021168,0.430823091311108,-0.043067271437873,-47.3872590120198,8.40909170095875,1.32233724563794,1913.20965272834,1915.65184545269,0
2.56,-0.468663766154284,0.777032852172852,0.0272000290471992,48.100543339214,-6.46882964988035,0.0796500865870368,0.574876688622223,-10.9598107893597,-47.1603801938083,2.78189050120775,1913.92015547586,1915.65184545269,0
2.57,-0.305438762384761,0.776426255702972,-0.276290476308407,47.9483142256274,17.3295036617855,-0.200404670185633,0.488786049759105,35.0518723192052,-37.0501724026772,-2.03901429702146,1914.04064794124,1915.65184545269,0
2.58,-0.39556452306911,0.777162969112396,0.241419837626443,48.3974740114554,-3.34605816970346,-0.170734283401186,-0.372845720333288,23.3603312591272,42.0584916324893,-0.574792680048232,1913.8936505779,1915.65184545269,0
2.59,-0.511576715705861,0.775867938995361,0.154674893857595,47.6985768664775,-12.4592070251851,0.579048386458655,-0.147522346558364,-45.1347603748935,20.5478245543691,0.889518580416517,1914.43214609543,1915.65184545269,0
2.6,-0.259619533895858,0.776445746421814,-0.414760923538789,48.282184718531,20.1435234534194,0.282785379107702,0.424120098815966,-3.48688443867126,-51.986495586432,-2.80904262315069,1913.87586997449,1915.65184545269,0
2.61,-0.563379627253372,0.777403116226196,0.0486392729216227,48.0927960634962,-7.34027537165994,-0.361428718710135,-0.231468602278285,45.1227252158156,18.0354217449726,-1.3470138947439,1913.88038220208,1915.65184545269,0
2.62,-0.497402795042419,0.776109755039215,0.212853827599295,47.9825502694522,-7.4181639336067,0.21676018575991,-0.507067003964865,-13.3119939369533,46.7621687390683,0.117461566896638,1914.6254795117,1915.65184545269,0
2.63,-0.293817236970549,0.775452196598053,-0.566667057034778,48.2714001379475,18.2927240835959,0.288616164230464,-0.354705004937436,-48.2533036051847,17.2274974155655,1.58520935071854,1914.41915439804,1915.65184545269,0
2.64,-0.372506518810992,0.77761971950531,0.188800788926918,48.0507543083351,-5.77554459619498,-0.0858514162513362,0.413705078661322,2.05858340981961,-48.387768751379,3.05051748546516,1913.75420133676,1915.65184545269,0
2.65,-0.459542625734567,0.775696337223053,0.210858359687586,48.5585614853706,-7.92234869626253,-0.182214474005301,-0.516372786349395,22.3728441395084,43.2626700150459,-0.647649020668037,1914.88915526738,1915.65184545269,0
2.66,-0.315787620389195,0.77386862039566,-0.158766813321844,47.6916039918533,10.5842562329132,0.0917656742792486,-0.395451275416127,-27.4829306828219,40.953867619775,0.822984973159207,1915.3396391612,1915.65184545269,0
2.67,-0.33265961037784,0.774888753890991,0.0868902664516074,47.8259859201619,-5.15114680760759,0.229237563850703,0.308915804198931,-33.1034182772835,-35.0155534723967,2.29628061061756,1915.04384933987,1915.65184545269,0
2.68,-0.633932511310597,0.774581074714661,0.403844485521901,47.9986909745496,-12.2658651131724,-0.520468851095223,0.301278343486468,38.0325496585003,-31.7277943231537,-2.51518904460846,1915.28261117561,1915.65184545269,0
2.69,-0.409018208113985,0.773743510246277,-0.187508954718274,47.9824718262195,12.1336799127773,-0.20519706187082,-0.397836159709499,8.00431049320372,48.7572362941304,0.0767478766710532,1915.44246541414,1915.65184545269,0
2.7,-0.352257984253221,0.773995637893677,0.180976036871882,47.9300926987494,-6.44336630321848,0.388135381081672,0.121831938466707,-48.1209636577767,-5.82329548139389,1.55155277195648,1915.29204403881,1915.65184545269,0
2.71,-0.504819795874767,0.773198544979095,-0.107747826652309,48.2840612784595,-3.75753389954245,-0.0242502957150872,0.519580969008615,-1.42657362810823,-48.1570332620376,3.02595244452159,1915.94011508533,1915.65184545269,0
2.72,-0.254234006910347,0.772238552570343,-0.211121854598153,47.7580378299577,15.1700579859674,-0.3074074744777,0.38001720894491,43.7662060471901,-25.0063493511654,-1.77965553098751,1916.00741762848,1915.65184545269,0
2.73,-0.440193242770715,0.773390591144562,0.136579492080944,48.3222106586765,-10.9099057315933,0.0878732593410243,-0.424609728977559,3.99076375648875,49.0386331873413,-0.302583180753177,1915.49915030787,1915.65184545269,0
2.74,-0.593584008165389,0.772916972637177,0.0892231143924336,48.266738050571,-2.5210456400525,0.41247791596643,0.433754677679229,-34.30785210093,-33.6710258089194,2.29268624057495,1915.96609607266,1915.65184545269,0
2.75,-0.357618137662964,0.772273123264313,-0.251415345702148,47.8267624916044,14.67440459514,0.0331404592332658,0.471178329965583,15.8927619845938,-47.76822019248,-2.51414041851618,1915.86154521206,1915.65184545269,0
2.76,-0.268388626957887,0.774267494678497,0.204523736190418,47.9181707097261,-8.06358719095947,-0.287715175699317,-0.348809057595519,37.3013431988312,31.2525234627777,-1.03869331409836,1915.1999036738,1915.65184545269,0
2.77,-0.646196275043655,0.773651540279388,0.105615716299073,48.2840044789392,-2.61860191203735,0.291338642511304,-0.491947900460321,-22.7744477212757,42.3442243320037,0.435681151442717,1915.5791352284,1915.65184545269,0
2.78,-0.358691457225901,0.773888051509857,0.00130078789668989,48.5041246030022,9.68680238214831,0.422407006209661,-0.054376445093375,-48.4582871371399,-6.89181020227393,1.90898813509875,1915.26778941714,1915.65184545269,0
2.79,-0.155933466601217,0.775551915168762,0.318310064337559,47.6106683281314,-12.8518623026951,-0.283657969706848,-0.191623919234562,49.5838896604551,2.14655756058798,-1.78455697742833,1914.55013646633,1915.65184545269,0
2.8,-0.43723242217445,0.775315821170807,-0.0533335256000379,48.0540242454908,-2.71208356411438,-0.122459344204882,-0.558637445966834,12.2301277804235,46.5000718698287,-0.315428553773413,1914.95213432334,1915.65184545269,0
2.81,-0.330690112454647,0.774566948413849,-0.0612488549453708,47.7791840532341,6.26299414192914,0.307984320135529,-0.281818454203703,-41.2098562528755,25.4987879445297,1.15470058332981,1914.89808650905,1915.65184545269,0
2.82,-0.431679615627308,0.775610983371735,0.247743966531937,48.1870089149461,-7.67844144599609,0.0621421795271335,0.411488680462746,-17.0060215472343,-45.5460044433701,2.62471524485447,1914.69840561429,1915.65184545269,0
2.83,-0.47829939194162,0.775271713733673,0.0338746212673117,48.1800430040318,-5.47479498516887,-0.516961212472883,0.236045452211298,42.2096576581076,-23.4617361286525,-2.18811736281122,1915.07073790176,1915.65184545269,0
2.84,-0.407272780118325,0.775271654129028,-0.150288682819192,48.8049284750815,9.61834381338027,-0.0380256644023781,-0.396190434807214,-9.97921002158529,47.9032063659254,0.400829108826352,1914.82046453205,1915.65184545269,0
2.85,-0.151627015218569,0.77567857503891,0.195205773848612,48.1320323339013,-10.4879968167688,0.19913033231887,0.27055483645804,-42.842515208364,-23.9369111181501,1.87051640995458,1914.68130377163,1915.65184545269,0
2.86,-0.495788300651494,0.774817764759064,0.0859800417509513,47.8477930090655,-1.11092853015429,-0.127447754931763,0.526472940319915,10.5078833345704,-46.8471265396387,-2.94247862840278,1915.23535278429,1915.65184545269,0
2.87,-0.321847432078314,0.774389207363129,-0.189182306174791,47.9315017332368,9.73887612471013,-0.312303208091282,0.165166307541962,48.7352609276388,-5.001646506004,-1.47156425414956,1915.31284176227,1915.65184545269,0
2.88,-0.218827988541575,0.77356368303299,0.21274150399476,48.0504181989731,-14.2982957644796,0.282567967591471,-0.252238451044619,-14.4731753697566,47.9544891529846,0.0031610554685294,1915.60437705062,1915.65184545269,0
2.89,-0.608610669829423,0.773551940917969,-0.00659291301716417,48.0109700368647,-1.05133813938206,0.317680759913839,0.565019403680191,-23.8517998498779,-41.6676909532467,2.59979804278617,1915.91750403814,1915.65184545269,0
2.9,-0.399756629687033,0.773507475852966,-0.245628953273463,48.388435888518,8.08145464234329,-0.2335896472342,0.365089607338057,33.9645775322512,-34.79178463907,-2.20815025005448,1915.61199835428,1915.65184545269,0
2.91,-0.361298419155942,0.775288760662079,0.0886964313320732,47.4487633488157,-7.23716019764703,-0.112972291610959,-0.338947339888376,26.6983371089907,40.5690514632562,-0.734855590842809,1914.62639643693,1915.65184545269,0
2.92,-0.528003959963723,0.774345755577087,-0.0421767290309907,47.6177320615442,1.45210132794986,0.339449236273214,-0.403034287010945,-31.6574494031406,36.0907869416135,0.737960451931974,1915.53851422247,1915.65184545269,0
2.93,-0.365458987304074,0.772898495197296,-0.174667808409611,47.700990844859,6.44872876270266,0.396144642625948,0.147588643209449,-42.0136948367159,-23.9789112312251,2.21401539805534,1916.00815560843,1915.65184545269,0
2.94,-0.241196060920797,0.773660719394684,0.300606868041652,48.2277049220361,-14.8847510954239,-0.224364833680239,-0.325060390270317,46.2636891589845,19.9297110288537,-1.47225335714505,1915.39640405,1915.65184545269,0
2.95,-0.595536099243099,0.774542510509491,-0.0537746958681297,48.6342561770352,3.00696883946639,-0.0520709193698313,-0.608757346790713,2.31280830691612,48.0060612667622,0.00255309299835697,1915.55075616102,1915.65184545269,0
2.96,-0.408899422797787,0.773656070232391,-0.233948614430902,47.880247123141,8.19843078112135,0.396870240636292,-0.1993742958932,-47.034182328441,12.5637776313492,1.47751080120112,1915.74585963055,1915.65184545269,0
2.97,-0.310834119504971,0.772319793701172,0.272316268300851,47.9075457242278,-14.5326528442641,-0.228799200411392,0.312643230134714,5.21696323704492,-49.8199003252441,2.95588375578116,1915.99345600594,1915.65184545269,0
2.98,-0.525689347732349,0.772788047790527,0.044100890659304,47.9284594134918,0.233913299612187,-0.482704738337035,0.157553086087938,45.9840668238582,-13.7808842123375,-1.84803655132849,1916.12372893758,1915.65184545269,0
2.99,-0.318134420680657,0.771984875202179,0.0726725733112204,47.4380833212515,2.94593264562199,0.178852535432234,-0.256162716122136,-31.1274071225816,36.6109788657623,0.752453533847391,1916.45818491351,1915.65184545269,0
3,-0.425290658499598,0.772095024585724,0.346752488236379,47.3860565243432,-16.7366494782916,0.0287625827714978,0.449486597525467,-27.3794716871946,-42.9444171405847,2.23316630674068,1916.1104269199,1915.65184545269,0
3.01,-0.0603092008038804,1.29499530792236,0.023980919171493,47.8333591378667,4.19527911203708,0.0405302319675461,0.130239408206413,25.0873067129382,-41.2712306418113,-2.48428564842837,1941.99813350195,2168.17004711996,0
3.02,-0.143845394201473,1.24319660663605,-0.0719772815441144,48.2681135299209,3.57671017627082,-0.153165165292317,-0.0728388699982625,34.0904848772137,33.9604370778223,-0.716861390012975,1968.11785994734,2168.17004711996,0
3.03,-0.385161652690369,1.19723677635193,0.0966766205810112,48.1407123315069,-5.39792536290202,0.062809575111486,0.225418923154753,-30.1097005223514,-37.8129068834207,2.35107127389224,1991.77773590379,2168.17004711996,0
3.04,-0.152971911220868,1.15718722343445,-0.00546960902520217,47.8034191915823,4.44970022034672,-0.130584956279157,0.13429063991324,45.2907955432835,-16.589641226003,-1.82346929859839,2012.04059697097,2168.17004711996,0
3.05,-0.257655909936333,1.12195110321045,-0.122950786379259,47.4686930757899,9.05550070725433,-0.058797402362901,-0.318347757950715,-11.6648928059869,47.4228571852587,0.426532674856505,2030.07787024935,2168.17004711996,0
3.06,0.0724269478143678,1.09008061885834,0.388514432905177,47.571032144113,-19.9956910894211,-0.35313189540708,0.164843131180692,2.42558813556178,-51.7727784147582,2.80158620611817,2046.13475111493,2168.17004711996,0
3.07,-0.103728855458109,1.06186664104462,-0.188716049557836,48.0923052780256,9.37414300744303,-0.151056205152398,0.118916227670203,45.2726749946199,18.4241282361944,-0.994473077887225,2060.76687594359,2168.17004711996,0
3.08,-0.551094707798617,1.03591227531433,-0.0558388133238296,48.054960695767,8.07592587689601,0.303055222717327,0.29325456056288,-26.6400276494655,-40.6129851716216,2.71448393157757,2073.79071303955,2168.17004711996,0
3.09,-0.221833347636617,1.01334297657013,0.516977067645073,47.611359512235,-20.5184295586174,0.150832642373852,-0.405523300189411,24.3297615777372,46.2330674260354,-0.890272509403161,2085.0820134678,2168.17004711996,0
3.1,-0.179321118728296,0.994051814079285,-0.168169160853502,47.8493053413831,9.17306684426053,0.188383638292377,-0.122549510396288,-48.4757156341895,-5.54654351180826,1.86514302946556,2095.13614972611,2168.17004711996,0
3.11,-0.222770521997055,0.976154267787933,-0.4928808077236,47.7411330700774,18.6406895730705,-0.248694806568354,0.380425411817075,47.5866822913693,-19.6900587272372,-1.59235056283528,2104.14653472561,2168.17004711996,0
3.12,-0.573500859206471,0.961647152900696,0.127237776725958,48.167654565915,-2.54101601336538,0.346998319701279,0.447817969293114,-30.4715139494834,-37.1495774555383,2.4099589056142,2111.60135637634,2168.17004711996,0
3.13,-0.205231358266477,0.948344707489014,0.570220861403411,47.7253608081703,-23.3115820633043,0.107734220830656,-0.477640918199974,25.4281733106566,46.5225897456541,-0.938810929012583,2118.07044916972,2168.17004711996,0
3.14,-0.236067549049499,0.936182379722595,0.0626812231416159,47.506690409018,-2.11352864474128,0.286652936916727,0.189807616448268,-41.7189983295688,-23.8441207735441,2.0433975750971,2124.3712702537,2168.17004711996,0
3.15,-0.0844623694963495,0.925488829612732,-0.237998257187972,48.3609557463015,9.63762474659658,-0.212501910746817,0.107745755964466,48.0981282949886,8.35218260755083,-1.21555126505131,2129.90555259113,2168.17004711996,0
3.16,-0.249354070828614,0.918276309967041,-0.515597051856572,48.0381072041214,21.8463299705537,0.36421947680384,-0.35217740291863,-52.0910670316619,8.05428618023615,1.84335284628467,2133.75199369347,2168.17004711996,0
3.17,-0.536787743640067,0.908789455890656,-0.1869226923574,47.5409952510583,6.48989792085125,-0.264134836041005,-0.551690121858937,16.9635551294367,45.3382930246281,-0.228123667964188,2138.48337470602,2168.17004711996,0
3.18,-0.504903597947432,0.900583744049072,0.0489410734662098,48.0228157472984,-12.3139644909931,-0.129943752417058,0.560720387289239,1.01167698616422,-49.7397772818732,2.8959016944484,2142.16535148829,2168.17004711996,0
3.19,-0.336326883825403,0.894499659538269,0.419903834197348,48.2401023942577,-20.435172625062,0.339158785181167,-0.317243541140234,-8.33073253276485,51.4665991122945,-0.240551904150821,2145.33734711646,2168.17004711996,0
3.2,-0.245836490439061,0.88897979259491,0.341948234608431,47.6242104466777,-14.9016751739173,-0.234069372788482,0.241235700783033,3.81941581466605,-49.931092700006,2.92892116835919,2148.38563494898,2168.17004711996,0
3.21,-0.396334360818575,0.884141087532043,-0.00730286447779481,47.8943894667926,3.73157521847356,0.267603983970803,-0.272575676714357,-37.2422424763128,30.4799284367564,0.956997799990153,2150.85630901204,2168.17004711996,0
3.22,-0.214312905541118,0.877755463123322,-0.131876626786689,47.9516631195413,8.86986257177507,-0.148980329856867,0.291083171959949,36.5524873078997,-32.2995770445672,-2.11559870198416,2153.82929159297,2168.17004711996,0
3.23,-0.307320758475389,0.872993052005768,-0.62699340423813,47.9477911971215,24.9522567764862,0.0229583254680425,-0.5813982107933,-31.7662622245292,44.1063832228484,1.11257091279281,2156.31652491044,2168.17004711996,0
3.24,-0.428123576067404,0.869548559188843,-0.231865794203261,47.7531146123138,9.10992734673523,-0.337207871973636,0.30708109369881,42.1928430457788,-24.3490071326536,-1.92270722513708,2157.63039697989,2168.17004711996,0
3.25,-0.491962155588162,0.865031719207764,-0.0276282021474947,48.7034460644573,2.52939437531278,0.420102460974182,0.438570716494017,-32.0677614798826,-35.7779078431763,2.45449782523953,2159.97217941455,2168.17004711996,0
3.26,-0.428363117433038,0.863779902458191,0.201156177440372,48.4850760687399,-8.45892337303793,-0.120961862143871,-0.494846544679872,18.757470112099,44.8967343293539,-0.560338618972968,2160.59047170941,2168.17004711996,0
3.27,-0.39741317967277,0.86002916097641,0.360645202573206,48.562782780604,-23.6093939952434,-0.260426632472277,0.544989568477089,1.30181875920236,-53.2987347105305,2.71571077903405,2162.32630166933,2168.17004711996,0
3.28,-0.13093597482348,0.860942900180817,0.371387235790083,47.8944824084109,-18.968653492966,0.297857094581983,-0.327022182982824,-4.86226725011786,51.4340075964015,-0.284591055994891,2162.10484191099,2168.17004711996,0
3.29,-0.285001003669715,0.856081485748291,0.114556861569753,48.1349261592334,-8.09368562142533,-0.128359682074075,0.30576243575409,2.24334267741693,-48.7340109244275,3.00788803974558,2164.44871742764,2168.17004711996,0
3.3,-0.578039021195001,0.856245577335358,0.00718227821789717,48.095918221126,2.27108254514187,0.510687219618819,-0.288626491865967,-42.6031046677843,22.2546089122916,1.14162397623619,2164.16648406945,2168.17004711996,0
3.31,-0.251328054779914,0.853396892547607,-0.0337282866663583,48.1210869202587,5.58038190919851,-0.311861800754212,0.206143986366163,44.703177515734,-18.4458993529456,-1.84016203891867,2165.64771691669,2168.17004711996,0
3.32,-0.2411610068449,0.854392945766449,-0.320817224060033,47.8771728359805,21.7314877135838,0.179687940876975,-0.452277923757017,-45.4575806417984,26.5098488853855,1.46513138139001,2165.23299815802,2168.17004711996,0
3.33,-0.406289980889371,0.850653648376465,-0.251917484731059,48.0515769656102,16.1150242690633,-0.432498854103196,0.305374083922049,48.9566318763098,-13.3279712705881,-1.50655329015159,2166.87375287826,2168.17004711996,0
3.34,-0.469865388761932,0.852586686611176,-0.441121748783175,47.5828055260447,6.77094979622581,0.245071056561499,0.503349996760432,-16.3422623050761,-45.5686451476541,2.92756121452345,2166.01705345741,2168.17004711996,0
3.35,-0.666325651404108,0.850127220153809,-0.127233096143835,48.2125113381063,3.00416094538046,-0.0808705056128037,-0.572969270548021,4.66307051774561,47.8524347010146,-0.0397706712249137,2167.41094934412,2168.17004711996,0
3.36,-0.465988276160543,0.850224852561951,0.208167392029574,48.1657159219891,-8.4380814296153,-0.25590109408329,0.473083778912527,15.89030508908,-46.2496744440325,-3.00315407771602,2167.0934212751,2168.17004711996,0
3.37,-0.343048942335395,0.84805428981781,0.399860098551071,48.0978616962711,-20.8017859441829,0.506242414100562,-0.19979186169275,-34.9307465896279,39.0229386683243,0.318565719242669,2168.31690671487,2168.17004711996,0
3.38,-0.189331607769268,0.848696768283844,0.512634294647794,48.1401981362275,-24.0643560218452,-0.163406342448534,-0.501037435266732,46.6037217529567,27.2850052731915,-1.51713848600834,2167.57817918637,2168.17004711996,0
3.39,-0.252970918871464,0.847622275352478,0.155022222719799,47.8170602000823,-15.0795543645539,0.21962217406726,0.344715615040628,-43.2189431779225,-25.3944437923481,1.80965029611373,2168.48991649018,2168.17004711996,0
3.4,-0.658235449516016,0.846591413021088,-0.0180699712312329,48.4847212516091,3.06663842019273,-0.55635446565094,-0.187372302047588,44.7686184888994,17.5219935856375,-1.14169959222655,2168.47878526428,2168.17004711996,0
3.41,-0.462360238906776,0.847395002841949,-0.0705962843156459,48.0026241036858,2.79523100378717,0.390212669521349,0.219076343910207,-40.6187963672561,-25.6847277369133,2.18387860364372,2168.31971486881,2168.17004711996,0
3.42,-0.201505331842397,0.845875322818756,-0.419584807226233,48.5927590632683,12.6682429954681,-0.148892692006888,-0.332589121217399,-4.50897265879542,49.4799434978241,0.352052044707437,2168.86367313379,2168.17004711996,0
3.43,-0.281169337852119,0.847598850727081,-0.443554787541539,47.9380672269546,24.5104222304864,0.280350872950671,0.476435205753149,3.78317372450546,-53.6394357418146,-2.60356601154991,2168.34949679553,2168.17004711996,0
3.44,-0.427475220695909,0.844054341316223,-0.437373690795137,47.6944538188988,18.13647402398,0.0260768007106583,-0.56716854996132,-18.8313453788925,47.591803470484,0.731254362529429,2169.78648125798,2168.17004711996,0
3.45,-0.55761043820918,0.846222877502441,-0.241834737112814,47.2848349220956,10.7953627524597,-0.298098100313787,0.495165573504651,32.0223085318667,-37.2556327221951,-2.21703112380647,2168.91150789262,2168.17004711996,0
3.46,-0.718655357270642,0.84340626001358,-0.20454636012098,48.2180369153807,-3.10285835898642,0.580880060650297,-0.227073460101834,-44.3351681210927,18.584869802902,1.1187750409867,2170.13415080958,2168.17004711996,0
3.47,-0.546216814397082,0.845321714878082,0.163719390765626,47.8173115575659,-7.65743936309698,-0.258141569869773,-0.525617292125282,25.696183489947,41.1784859400594,-0.706955845102464,2169.07423038915,2168.17004711996,0
3.48,-0.464188932841627,0.843149304389954,0.233626359192699,48.1400043408382,-16.9539804657985,-0.090550653223182,0.560398356954423,-8.08397053791606,-50.5228825644038,2.62932926550456,2170.34279139262,2168.17004711996,0
3.49,-0.251405363219091,0.844236135482788,0.24225116004944,48.3785747817797,-18.9405502102449,0.262418776824466,-0.384281195325761,-2.92461476169223,51.3680710307907,-0.311479609633181,2169.43904648817,2168.17004711996,0
3.5,-0.205405220114582,0.844192564487457,0.406471959367821,48.0205098713956,-17.7746440667037,-0.323526695591406,0.248233395394153,12.1058607406662,-49.7309835728951,3.02583817971068,2169.65970101453,2168.17004711996,0
3.51,-0.469272204798787,0.841441333293915,0.012422745479404,47.8891453039667,-0.84735974574671,0.454667074491281,-0.172145087267761,-45.0031056608426,16.6993327630359,1.20748118581666,2170.76423059507,2168.17004711996,0
3.52,-0.49451639328726,0.842799186706543,-0.229731159992186,48.0996465673821,5.92642286756778,-0.488409909764076,0.198603758683262,46.3890240527623,-13.6591871677822,-1.7353635328355,2170.17479767423,2168.17004711996,0
3.53,-0.284457943093332,0.84065055847168,-0.18098419281397,48.1392914646341,11.9671704605121,0.24159657831632,-0.228355978032338,-48.418426051729,10.1895037352084,1.60849370451907,2171.21064397063,2168.17004711996,0
3.54,-0.245321731837955,0.842965841293335,-0.0763172772691934,48.1152158290001,13.1157291325305,-0.35480040035012,0.17392077794535,49.6434522304452,-0.886927177331776,-1.33002777955372,2169.81866130659,2168.17004711996,0
3.55,-0.249666437378378,0.84108567237854,-0.411349869114996,48.5645830945565,16.1568313022514,0.323680587495033,0.429705454084242,-16.292552394888,-47.8470561427172,3.13207206734887,2170.95640313796,2168.17004711996,0
3.56,-0.644606263879271,0.843557178974152,-0.223543560231502,47.9696867600906,11.4967814879098,-0.141853465709853,-0.509441399350433,2.12257199138822,49.3325671316143,0.193821724085977,2169.42923207753,2168.17004711996,0
3.57,-0.451351462659635,0.843273639678955,-0.190055408299664,48.4930726276938,7.32372995368407,-0.0548969011847251,0.551645981422846,11.165667039802,-47.2900329286576,-2.7536926115449,2169.95368496686,2168.17004711996,0
3.58,-0.692043489255842,0.842215836048126,0.297446892593041,48.3191673967152,-7.33178738776484,0.459043250299578,-0.42232880436731,-32.7336108108983,35.8658153278774,0.588070380973184,2170.00220261466,2168.17004711996,0
3.59,-0.502924059921059,0.844098091125488,0.277617502132067,48.4569714120802,-15.2924866405057,-0.487146426761094,0.0724220128492448,44.2280938344089,-23.7773504833477,-2.36215927482314,2169.49068304697,2168.17004711996,0
3.6,-0.365072407743113,0.84240847826004,0.433378494433694,48.6527170222575,-25.2847510773129,0.00477158687193624,0.586520224450813,-28.7863450277127,-46.0128228636546,2.09691067804673,2170.28226765172,2168.17004711996,0
3.61,-0.286434929298093,0.844581544399261,0.551510772437254,48.3587175363898,-21.47899673792,0.0939132331396783,-0.467172080341293,22.241210219894,47.3731951989219,-0.848797858940597,2169.03169818329,2168.17004711996,0
3.62,-0.290476819578156,0.842285633087158,0.26005361800611,47.9808049466321,-14.9670703435329,-0.0912696493656214,0.332818210885521,-17.9825520072664,-46.6639764021055,2.48935838256073,2170.39749097795,2168.17004711996,0
3.63,-0.478063176332523,0.843957841396332,-0.210555348768972,47.5664753115505,5.64455142216485,-0.360525574387837,-0.43956226540415,26.6961956636644,40.3827294020907,-0.454008520098376,2169.11988931763,2168.17004711996,0
3.64,-0.317921692021449,0.84296727180481,-0.169810374479082,47.3814620274838,9.36896827463185,-0.171210133887541,0.399118193978077,30.0362010266613,-38.6607893172415,-2.28299318270254,2169.90030083632,2168.17004711996,0
3.65,-0.247725476789167,0.842199444770813,-0.242048818917222,48.1540419731723,13.5484146751326,0.127514153801356,-0.387922456887897,-35.0303127424841,35.6191923464029,1.05799369254113,2169.8113915067,2168.17004711996,0
3.66,-0.384704233327234,0.842063128948212,-0.354766410110572,48.227357356628,24.1870165616213,-0.195808171048743,0.559853283466101,38.3240963340262,-37.2584249089586,-1.88657456161645,2170.24179565166,2168.17004711996,0
3.67,-0.331402486737045,0.841713070869446,-0.261436538358306,47.7626585039141,18.8343568761656,0.3473017300106,-0.419801194545473,-45.5758245494085,23.9952397244729,1.45730682320267,2170.15971664045,2168.17004711996,0
3.68,-0.615608189693402,0.843553423881531,-0.105947781822419,48.126602480388,8.02663104769583,-0.38969232349987,-0.556805507740882,24.5665994476951,41.9561274330679,-0.369934521287841,2169.45057631447,2168.17004711996,0
3.69,-0.659115322983817,0.840393364429474,-0.0900498659417158,47.6140056650161,-4.0275089758493,0.0402726153675325,0.639614737212279,-4.69337530325842,-47.8989124519197,2.97088456336019,2170.88193895512,2168.17004711996,0
3.7,-0.467599029655466,0.842468619346619,0.288046301803432,47.724831753108,-12.1416170698275,0.2531929110773,-0.431394491453746,-13.3705927484357,47.6252002142808,0.0295958307462169,2169.95067046313,2168.17004711996,0
3.71,-0.414030204478493,0.839671075344086,0.359927844418688,47.3632068451266,-19.2233540352286,-0.479553431949328,0.36286176321203,29.7070004630493,-42.3366611864567,-2.91129745048868,2170.94171978716,2168.17004711996,0
3.72,-0.299314997740843,0.842706322669983,0.270467940562004,47.2646712118203,-17.9530979755873,0.296109316058197,0.341312164181985,-48.3156598704039,-16.6049353488425,1.55228384936605,2169.44802759733,2168.17004711996,0
3.73,-0.146493231536042,0.84268182516098,0.204245383683149,47.740881282459,-16.2925437255726,-0.131898494166652,-0.34312835892543,44.4373819517025,24.1912106024801,-1.39396075235095,2169.82349491584,2168.17004711996,0
3.74,-0.491120648412403,0.840567171573639,0.0527180646659976,47.7656939160334,1.1389200734649,0.523178036659306,0.176158231376135,-45.0176397891848,-16.6934260056204,1.94926293496614,2170.3810549752,2168.17004711996,0
3.75,-0.307538206189425,0.842201888561249,-0.289215457295784,47.9833237830954,6.62245015645318,-0.415703998057084,-0.108257086102158,44.0264367246483,20.313787202125,-0.996670366429581,2169.78079937711,2168.17004711996,0
3.76,-0.488818575552374,0.840158939361572,-0.227487967608921,48.2163179886272,9.0843874463811,0.397747478446594,0.148988406363148,-40.3743715246755,-27.3746888430243,2.34565940277915,2170.65092351947,2168.17004711996,0
3.77,-0.241811852324979,0.842930853366852,-0.263238712609632,47.6818264926537,12.0094431787878,-0.0196697123797702,-0.433826638748999,-13.736288773382,47.4337645360975,0.519072743465657,2169.27728345852,2168.17004711996,0
3.78,-0.469229001412019,0.840570986270905,-0.435505373877284,47.7430610787108,16.6975631734614,-0.044366595058529,0.581167314019851,18.5319082561198,-47.520697829772,-2.42470975574128,2170.45425305079,2168.17004711996,0
3.79,-0.379102431546023,0.841944098472595,-0.41416228523288,47.790285260586,11.7012976854222,0.194434133821803,-0.445231020189632,-31.1291539556947,38.2979178655228,0.917233042222403,2169.72395477261,2168.17004711996,0
3.8,-0.591019590356386,0.840581178665161,0.0711073263569555,48.1805797208039,0.07042580116454,-0.550372114398438,0.264931887306643,43.3584200840698,-20.6006474970319,-2.02648039960789,2170.36136696307,2168.17004711996,0
3.81,-0.535414699277963,0.840587794780731,-0.0604000824160088,48.0972074960675,-1.47226037057302,0.336968546245309,0.455198179628436,-29.6966908899261,-37.7561928272512,2.43658566498449,2169.79915764994,2168.17004711996,0
3.82,-0.413567195724908,0.842373132705688,0.205666120977968,47.8379751759248,-17.1528366184297,0.0635039161284009,-0.590734501705358,8.49823598104003,50.2934743238573,-0.512442650567483,2169.49334447753,2168.17004711996,0
3.83,-0.27344181588239,0.840508699417114,0.416569466176903,48.2273256171815,-19.2782114855187,-0.248346951207369,0.456323789536197,3.2387871292464,-51.5065279176757,2.82823546033291,2170.04703605783,2168.17004711996,0
3.84,-0.101194445785761,0.84370881319046,0.495520858110743,47.5662499968537,-19.5024944032009,0.359318656472163,-0.280079471182815,-13.8616063245088,50.0186003836324,-0.119974425451616,2168.96869248479,2168.17004711996,0
3.85,-0.348000154614491,0.841378331184387,0.141088826026405,47.956104529536,-7.94631624135612,-0.352173992489377,-0.0364240416291166,47.7652511277049,-9.70281295831931,-1.94577318463045,2169.80494628763,2168.17004711996,0
3.86,-0.534778132419668,0.843399167060852,-0.0199953739307674,48.2033638025456,4.50382720308846,0.441131328459506,-0.182927600822143,-46.3292339472376,13.4737515666952,1.3893603700491,2168.81552780522,2168.17004711996,0
3.87,-0.310150140513105,0.841001152992249,-0.209447146583896,48.1410872162961,9.00235899253045,-0.296794755333365,0.179866227644422,48.1049911152899,-8.74545319970109,-1.55916304253136,2170.15510862922,2168.17004711996,0
3.88,-0.337656836543333,0.842518031597137,-0.220601370361021,48.2724693216905,11.9801004511137,0.358050794024454,-0.155417858253805,-49.3176421562021,1.13040301751124,1.78066762610032,2168.98721915761,2168.17004711996,0
3.89,-0.331811619879438,0.841582775115967,-0.523283052934642,48.2392895450845,23.2812978514369,-0.524401364855381,0.295070283944816,53.4704148514704,-3.07154362582795,-1.16854377215935,2169.93527807199,2168.17004711996,0
3.9,-0.505954045985944,0.84075653553009,-0.0361948364724875,48.2132322432932,12.9910407866365,0.195031770588107,0.498311981038216,-5.75041297589318,-49.4338907300743,-2.99010735843196,2169.70809427528,2168.17004711996,0
3.91,-0.577153712560546,0.841142177581787,-0.25104144068802,48.2459763100159,8.82068043202218,0.0200914797028859,-0.585675386799469,-8.16500295102936,48.0870895742431,0.346734955032674,2169.92450514671,2168.17004711996,0
3.92,-0.6521892365942,0.837574660778046,0.149396129427362,47.7155038907651,-8.48285598426344,-0.463682091986033,0.414304517858104,32.6767392646362,-36.2697200071668,-2.59165331905164,2170.96466542708,2168.17004711996,0
3.93,-0.329984752657053,0.840014517307281,0.103921467697498,48.1210446863816,-11.5740307253713,0.476301418300298,-0.179670682749393,-40.9520578316575,27.4514861815725,0.749959407437412,2170.2446057259,2168.17004711996,0
3.94,-0.283799489465277,0.838588535785675,0.335366722924028,48.1206398545636,-16.9898335964452,-0.176664610014227,-0.471824780050586,34.1748019056539,37.5301899699928,-1.06983688054724,2170.75568066481,2168.17004711996,0
3.95,-0.389612793424692,0.841561734676361,0.413996913002781,48.2308167600607,-15.9955381660511,0.0559620960286187,0.449318034832395,-26.6246547806044,-42.8557991962316,2.27258526866853,2169.33189023744,2168.17004711996,0
3.96,-0.323832265266097,0.839685201644897,0.277992689591484,48.5869371623483,-13.261077334378,0.0266035104037441,-0.391247009731276,19.2534714675636,45.9941184592166,-0.670543075735665,2170.38547436362,2168.17004711996,0
3.97,-0.545617924542104,0.839454054832458,-0.0574412759043427,47.9913289553793,1.27810872639229,0.288606898394056,0.505331395234307,-22.6370569344276,-42.3423620084503,2.67449264627083,2170.15066164303,2168.17004711996,0
3.98,-0.432940214046192,0.839651107788086,-0.258034951464689,48.5218787503378,12.1688437356858,0.146513084203555,-0.432312225479038,-28.4561483766672,40.3406722293245,0.850235032487874,2170.26425356891,2168.17004711996,0
3.99,-0.177551873221336,0.837702751159668,-0.312645872506872,48.4615211909074,12.5276342389992,-0.093763595249255,0.337254816853693,35.5869765126343,-34.5417207529087,-2.0870689860529,2170.7660613125,2168.17004711996,0
4,-0.332120975213165,0.840898334980011,-0.297479213413901,47.9110955050261,17.6434873493644,0.239534423941252,-0.451656759898721,-40.0442755290715,31.8261467663092,1.25209335593368,2169.51482395802,2168.17004711996,0
4.01,-0.406671597530294,0.838695228099823,-0.364774152379732,47.3239131225922,21.502072897207,-0.36156552508465,0.482572761385868,45.0667921830893,-27.2155321974962,-1.69076248255012,2170.34112261106,2168.17004711996,0
4.02,-0.565587625395458,0.841558814048767,-0.285893173530101,48.3502143888492,8.35260232255541,0.364220136710615,0.45660469750984,-25.2440203181222,-41.6592171301018,2.76785276229948,2169.07473370998,2168.17004711996,0
4.03,-0.6539536293874,0.838190078735352,-0.106646140879455,48.3155752977311,6.28975823848701,-0.229488467064226,-0.555419634485467,14.4485683683276,46.1802318428594,-0.176542438795562,2170.80604740523,2168.17004711996,0
4.04,-0.657442602604451,0.839115262031555,0.317922665496404,47.98788513762,-11.4752896229466,-0.243968109562527,0.565817128585109,12.6723117135923,-47.6768768579024,-3.11473412781869,2170.05199713485,2168.17004711996,0
4.05,-0.421964579439884,0.840083420276642,0.232245839755592,48.0444508506865,-15.6859854619159,0.417045264568506,-0.320664847544546,-26.9610940835028,43.1249801759288,0.221823193950493,2169.83521240573,2168.17004711996,0
4.06,-0.319140449392986,0.839085042476654,0.448822089857845,48.2366957526912,-22.647902138203,-0.575224909081327,0.164284147677754,40.664571752754,-34.3486681552145,-2.71919932459092,2170.046931698,2168.17004711996,0
4.07,-0.29186936765713,0.841901242733002,0.682055666403048,47.8619433739083,-20.9578668637915,0.109308016699977,0.447814201713114,-43.8479331026303,-28.9990086799987,1.73506988007388,2168.95675549497,2168.17004711996,0
4.08,-0.438491222583402,0.840248346328735,-0.0962933290921544,48.181261384988,-2.97850871009631,-0.424670296800032,-0.211856825175634,43.9550660817319,19.4887589030247,-1.21180171290263,2169.59548882314,2168.17004711996,0
4.09,-0.511058618388591,0.843254208564758,-0.061994343355403,48.1514687962758,2.45048825072957,0.426420415137312,0.198584676210925,-42.3209748688402,-22.803994123295,2.12043142137784,2168.44307754481,2168.17004711996,0
4.1,-0.383574385291411,0.840422332286835,-0.0338267655352425,48.3536734215281,5.14269387746821,-0.329203064978327,-0.145803500348529,39.3842057155503,28.0503363347682,-0.831139099789842,2169.57145460735,2168.17004711996,0
4.11,-0.387851123325615,0.842887699604034,-0.331956100852206,48.1760590096184,14.5227485271527,0.124049599748148,0.37407270061965,9.58721002668543,-49.1244452099858,-2.66157097531043,2168.36509126131,2168.17004711996,0
4.12,-0.430404205057228,0.839420020580292,-0.539013259850146,48.1172496784804,19.6807920002801,-0.0539104644745376,-0.550390798351305,-14.9173072844105,49.4671636182465,0.671933344274553,2170.1090303244,2168.17004711996,0
4.13,-0.466423901982998,0.840857028961182,-0.243748967143271,47.7605705029068,13.2816773606299,-0.201701887644752,0.515473921719934,28.3783959219176,-40.8177711535163,-2.27075578508468,2169.0968967289,2168.17004711996,0
4.14,-0.678166746498846,0.840701639652252,-0.06907884380613,47.4359131539298,6.05811442938627,0.444433737197387,-0.405678644030084,-38.7524107118982,29.0767777314484,1.06318660769923,2169.47901588394,2168.17004711996,0
4.15,-0.578144279359992,0.83896017074585,0.18954880173038,47.6467984857343,-6.60351082221337,-0.262655589800589,-0.486266883941264,27.9136214803977,39.7114950129032,-0.762037031561752,2169.74053724232,2168.17004711996,0
4.16,-0.549065679463596,0.840041875839233,0.363105514512575,47.782214501802,-16.0677693727378,0.0107232850022868,0.622092515429659,-12.1397995107138,-49.2218131657086,2.57214892018537,2169.76126846076,2168.17004711996,0
4.17,-0.309137503773428,0.837382674217224,0.394868404253014,48.1531270282365,-25.3079927940158,0.361054487696691,-0.464633767196324,-6.31310893666971,53.8908941927333,-0.36846218473376,2170.86297124968,2168.17004711996,0
4.18,-0.283453589034273,0.840225696563721,0.388713262628691,47.9704641660964,-17.486932700966,-0.290356542272578,0.306012900418537,8.79411948875408,-50.1866662857865,2.97302903487797,2169.53417041397,2168.17004711996,0
4.19,-0.12494239377938,0.83789724111557,0.448835495163972,47.7893753741891,-15.5147222904305,0.283962330921785,0.20056614400321,-50.044382305175,5.63518378043318,1.15126998047363,2170.59041178507,2168.17004711996,0
4.2,-0.504961217883707,0.839814305305481,-0.241909639545137,48.7335389499513,6.90242537951803,-0.495706560155823,0.266300451833729,45.26572391324,-17.5585912264244,-1.78990201762822,2169.35986982131,2168.17004711996,0
4.21,-0.51864552062197,0.839437663555145,-0.0132827478427595,47.9858122145019,3.7901322773183,0.431145134729265,-0.085878173679805,-47.8906621988487,5.04684425504894,1.54627696753374,2169.97881277849,2168.17004711996,0
4.22,-0.273804085950578,0.838275849819183,-0.306424375361063,48.2952090709201,13.623084214168,-0.321231371033722,0.236161185058706,49.8027307167052,-5.9026650168282,-1.39480588837063,2169.97807109029,2168.17004711996,0
4.23,-0.416514871396727,0.839296221733093,-0.46315811366718,48.3935207791226,21.7408207982342,0.48702671870354,-0.26830559379744,-52.450270485049,2.43359599423243,1.94177451848013,2169.94551132442,2168.17004711996,0
4.24,-0.55096822140828,0.837281823158264,-0.269745297320685,47.7210311378673,17.7533979650334,-0.304254715111446,-0.500752073857527,11.9747013735751,49.814736374641,0.121285170038548,2170.32467377303,2168.17004711996,0
4.25,-0.587329026410855,0.839219927787781,-0.188526376251218,48.2466580975829,5.52542189724526,-0.0662474319987243,0.597123193450501,9.48087573431676,-47.4186428978029,-2.8226413064506,2169.8116356404,2168.17004711996,0
4.26,-0.794708875137925,0.835604727268219,0.182376230107921,47.8674970131895,-2.22594144038834,0.376933325552387,-0.569320687277403,-25.8971025137317,40.4783235197957,0.521890799941979,2171.2553541405,2168.17004711996,0
4.27,-0.512835495406365,0.838613986968994,0.092477044535588,48.0423876874824,-7.84567779950417,-0.44934678866008,0.271481782633768,37.6128660761739,-30.8229926444043,-2.41832275181094,2169.75512364563,2168.17004711996,0
4.28,-0.380900242692308,0.838385164737701,0.150953902220956,47.6780735315317,-14.9133556631364,0.249367807137625,0.442614144010078,-36.4400424347594,-34.2944027778947,2.03936080966302,2169.93846073552,2168.17004711996,0
4.29,-0.204676345725333,0.838881194591522,0.503885657298491,47.9472844905235,-20.9639235803228,0.0621313554454124,-0.487869431194649,24.5675211314248,46.3832659075259,-0.90362669321417,2169.50300166457,2168.17004711996,0
4.3,-0.246612054027805,0.838952302932739,0.102660971397559,47.6572588669043,-17.311072631521,-0.150507883696298,0.370695819852491,-17.5269253028722,-48.1884393369712,2.43331204634821,2169.92068526942,2168.17004711996,0
4.31,-0.658752493304351,0.836432099342346,0.049945031546047,48.7687534660065,1.6359937147749,-0.312014245823431,-0.480734588261341,24.6812451890635,41.2019023462075,-0.505106191988369,2170.39419857295,2168.17004711996,0
4.32,-0.503063047828978,0.837737083435059,-0.185268266689085,47.917412633132,6.77835905490593,-0.264731606830118,0.430251148609738,30.3035942515157,-37.8071872120437,-2.32907321087389,2170.03817948733,2168.17004711996,0
4.33,-0.314148169192689,0.83462780714035,-0.168609869498978,47.3431209819059,12.8020878700268,0.108134990051237,-0.360376290688028,-34.1649124321607,35.9944342457221,1.01609801795949,2171.38941882463,2168.17004711996,0
4.34,-0.239888251925899,0.837221145629883,-0.5244453509571,48.2105626826825,19.0382590665483,-0.0531024789356099,0.429221622350544,38.4467440488987,-34.615999512764,-1.92154323780093,2170.31192467834,2168.17004711996,0
4.35,-0.52191303508388,0.834513127803802,-0.422171517081543,48.1721871219746,22.4822510238532,0.397374663732744,-0.498962896358142,-44.3448772743554,28.4017570824374,1.42502857526757,2171.43588158036,2168.17004711996,0
4.36,-0.549330306283345,0.835467636585236,-0.249744699475359,48.0398119070683,10.262290256059,-0.544763514122226,0.160884414759753,48.497780958113,-6.41163043861716,-1.5080182645327,2170.44526510093,2168.17004711996,0
4.37,-0.54913477120931,0.833887994289398,0.00173898839882205,47.7164381773695,2.69442296964418,0.150192079483273,0.490322954823614,-11.2722953451099,-46.7288509964315,2.95856030961649,2171.54807786169,2168.17004711996,0
4.38,-0.607440392807382,0.832566916942596,0.26279628920644,48.5156818916493,-6.29832483108689,0.163995365480709,-0.630699344184862,-8.64342190194735,47.7635187097056,0.0298210404760744,2171.62129649739,2168.17004711996,0
4.39,-0.507875192040711,0.836879670619965,0.484506759024636,48.1796151197955,-15.4154932709098,-0.418245856802115,0.446196439501072,25.7821804073484,-43.2771527174054,-2.91259303850308,2170.33145646116,2168.17004711996,0
4.4,-0.362558074078497,0.834568977355957,0.324279185477218,47.8778003574245,-20.9810346684865,0.536981376997715,-0.169156467403477,-39.1079976626285,34.8104489684829,0.432646834804527,2170.95868692327,2168.17004711996,0
4.41,-0.0957784870048821,0.83895617723465,0.425036248061755,48.0060190948968,-24.5017121645805,-0.0997286237499451,-0.49334927518195,42.9272021408419,31.8686158545936,-1.38821576971921,2169.32834843379,2168.17004711996,0
4.42,-0.117552574742602,0.835015416145325,0.414630280822401,47.8669193644968,-21.4328641396268,-0.00824064733119867,0.437937083692809,-36.7504818677503,-37.2040459241762,1.95422229550516,2171.01500851848,2168.17004711996,0
4.43,-0.602667732406036,0.835309743881226,-0.0584824080793978,47.9582097628794,1.33189500341243,-0.478898448544986,-0.280641791121667,40.6117050249762,25.6211381065758,-0.98040050398571,2170.47776618223,2168.17004711996,0
4.44,-0.412280835252086,0.835735619068146,-0.189536936169538,48.1497793269488,6.05105752221576,0.383025826728188,0.225788642563261,-37.8840749284628,-30.0354032373375,2.36084408439586,2170.6675757742,2168.17004711996,0
4.45,-0.297455022305455,0.833667397499084,-0.287119278631163,47.9661384480849,13.5367953372909,-0.0991147904548443,-0.376802427047449,-12.8466606377148,48.3599592361964,0.545982526303033,2171.04946300303,2168.17004711996,0
4.46,-0.38656989856895,0.836244463920593,-0.330119795731722,47.9884954288412,20.4497666636122,0.0527707813309763,0.562668563219373,17.1563683604808,-49.5106398564074,-2.39534385375822,2170.24660015785,2168.17004711996,0
4.47,-0.46987423938428,0.834601104259491,-0.3042118996458,48.2623667006005,16.5772894357777,0.177991974148717,-0.522190673865435,-29.7702552448397,40.8474633725224,0.948479513712092,2170.71675452487,2168.17004711996,0
4.48,-0.497062197159001,0.837611615657806,-0.1198859390813,48.4463767014664,7.4939854460682,-0.368564215509743,0.343205884241298,40.5778275949723,-26.7914033928949,-1.99390247835136,2169.60671997628,2168.17004711996,0
4.49,-0.610021872234311,0.834557175636292,0.161785310763397,47.8991692510919,-0.769924346268039,0.34656129899279,0.447160495875394,-29.4148943970378,-37.9368028110057,2.46828265208265,2171.04191325919,2168.17004711996,0
4.5,-0.602754049355207,0.83540278673172,0.0606327303539392,48.0171805178085,-11.0487537108437,-0.0553065037123384,-0.616016663768373,11.5447023143999,47.9744652889095,-0.470083004121701,2170.11529868664,2168.17004711996,0
4.51,-0.456668724586697,0.834821403026581,0.13597938210907,47.9926526433442,-21.2867460320155,-0.291101261613487,0.521635181651508,7.37955316981955,-51.8846832044126,2.86984977482108,2170.81834180717,2168.17004711996,0
4.52,-0.457215215099512,0.834189236164093,0.21441935737483,48.1094868130692,-16.4839355356136,0.294602159610494,-0.41428549953315,-12.9809378055598,48.9708839743454,-0.0665028914257531,2170.54802953702,2168.17004711996,0
4.53,-0.151155003942835,0.835759937763214,0.510424817827794,48.0233120197356,-21.2126505701071,-0.441325178630796,0.127168367197077,27.4091105136953,-44.783129880614,-3.00964202378221,2170.08351003145,2168.17004711996,0
4.54,-0.342712221871247,0.834017157554626,0.137589619290554,48.0064302655056,-4.38602248343495,0.354029036677433,0.0376625946100315,-48.1676304804248,1.32460362268801,1.45544871482523,2170.95309296314,2168.17004711996,0
4.55,-0.371342516480681,0.836139559745789,-0.170325964324546,47.4558094034632,7.00191568693195,-0.419886719377761,0.0919205729433842,48.3667080084593,-2.20087192370901,-1.48496716358635,2169.84352131318,2168.17004711996,0
4.56,-0.372633650804177,0.834053635597229,-0.165561944132099,48.0038657740076,7.7767611224551,0.371867630823511,-0.0688537448807292,-48.498649974444,-5.22586308507162,1.85713518660028,2170.83244234829,2168.17004711996,0
4.57,-0.391078987179144,0.835991621017456,-0.421030690601291,47.8170411000274,19.0822897252951,-0.361866207748471,0.229945102025776,51.1757239396539,5.99299372525701,-1.08215632304013,2169.78336091814,2168.17004711996,0
4.58,-0.330492048614615,0.835661768913269,-0.474083350366567,47.2824207854146,23.2776867537765,0.37586837897444,0.504919569549103,-12.2718741252842,-52.2627452457385,-2.90788668135404,2170.16899656254,2168.17004711996,0
4.59,-0.492767045331213,0.835433006286621,-0.25645563248256,48.0276376235393,10.2439765167267,0.0224094255708802,-0.531488158601427,-11.2104394320123,47.7094420419571,0.434037844620396,2169.80959362057,2168.17004711996,0
4.6,-0.537444616810121,0.836554050445557,-0.185139988220903,48.1418984976711,5.7731386490844,-0.260544289926584,0.572457434851852,23.3945978637818,-42.3238971121065,-2.51466806641449,2169.65774674273,2168.17004711996,0
4.61,-0.54107640344776,0.83415412902832,0.138594034807665,47.6985021012192,-9.94674651199641,0.532543173615659,-0.244740355341738,-41.3903764490388,25.9224720970694,0.82576631193517,2170.49318620842,2168.17004711996,0
4.62,-0.452945734984889,0.835727393627167,0.272274448090755,48.0237374824203,-12.2140444606225,-0.260926038506206,-0.444186950409645,34.1043848229094,35.7038212010942,-0.999025952488832,2169.88099575431,2168.17004711996,0
4.63,-0.517356537332171,0.832823872566223,0.284656278802747,47.7366073301458,-18.8553033647219,0.0467240392328016,0.559090895389607,-21.4962134216111,-46.721626464861,2.34312159679734,2170.9253677831,2168.17004711996,0
4.64,-0.35739693128731,0.836593747138977,0.304776447799442,47.9134380949747,-21.6897866773034,0.195675247758982,-0.493787998262644,8.68778266558011,52.1612592022902,-0.598022731665062,2169.19618423666,2168.17004711996,0
4.65,-0.299334367038117,0.835552871227264,0.194879243613039,48.5063894628027,-18.2975166904669,-0.186863241188552,0.417273836185275,-3.08919175092251,-50.8552967069789,2.73901822102557,2169.77617478953,2168.17004711996,0
4.66,-0.499699614923524,0.835534036159515,-0.0177396902713232,48.2790181205845,5.91504212048031,0.387904799872415,-0.46851789249803,-34.1582710642105,34.3279708289259,0.915850373788434,2169.48579176632,2168.17004711996,0
4.67,-0.376819791923006,0.835986733436584,-0.166433758081734,47.9764341034235,6.99067901425483,-0.22558118816905,0.273678413774215,39.687840034737,-27.9837398006516,-2.03272410720495,2169.68486122098,2168.17004711996,0
4.68,-0.180403490399018,0.833982706069946,-0.225426872869076,48.2673448678459,9.77064649051626,0.249745283310262,-0.256693860625346,-43.974942201378,21.356237761252,1.30942184626666,2170.07216298804,2168.17004711996,0
4.69,-0.400743105667119,0.835980474948883,-0.435051715803259,48.3161042613855,19.4041812013914,-0.330434872764512,0.396830467769285,46.654868684625,-21.8185163060971,-1.63721014884658,2169.64071251412,2168.17004711996,0
4.7,-0.509458765973291,0.834402084350586,-0.416533602897716,48.1560251493916,18.4568123094728,0.502324315886687,-0.304428490464421,-49.9758796617845,11.7282380973382,1.70265820119841,2169.99719434747,2168.17004711996,0
4.71,-0.509307885375077,0.837109327316284,-0.114126686820006,47.896304424076,5.5647285207009,-0.177108522128724,-0.452473030033937,11.6151291027346,46.9112190483984,-0.126183678243684,2169.14171100507,2168.17004711996,0
4.72,-0.611268573601637,0.833936929702759,0.067296694195355,47.9060385073289,1.26220644556516,-0.00713584430812591,0.583013881959724,1.85496257309603,-47.9874437534895,-3.07181664657754,2170.47073069583,2168.17004711996,0
4.73,-0.451434452077902,0.83566427230835,0.18682321353872,47.4507704083795,-6.29127265840965,0.258495080091231,-0.432777990483435,-19.1183789145403,44.5314239667758,0.267343588268885,2169.39707460735,2168.17004711996,0
4.74,-0.366396705864306,0.834843397140503,0.318368965135699,47.6015774488805,-18.0448728551607,-0.487960433230495,0.172550256719411,37.5232405165149,-34.9262492530288,-2.67905197558475,2169.91715856858,2168.17004711996,0
4.75,-0.299019948738849,0.835169553756714,0.26718807339116,47.6644557628744,-21.049471155295,0.284223413300909,0.495301105425838,-42.4868777098413,-30.9502003274129,1.78054629552038,2169.16944276,2168.17004711996,0
4.76,-0.258163126325304,0.836006164550781,0.218349764032597,47.8437176026698,-13.4227001194296,-0.154555069463969,-0.353521050498941,38.9015283130039,31.1978722668304,-1.16929849598589,2169.52251273253,2168.17004711996,0
4.77,-0.527907612257709,0.83315497636795,-0.160844012798994,47.9119084120471,2.55474252786495,0.448396686911464,0.240545269270218,-40.9350758332585,-25.1871332245555,2.17367781584946,2170.21414985282,2168.17004711996,0
4.78,-0.425226181857945,0.835936188697815,0.00798189695232235,47.8879589813081,8.38871146824375,-0.392711502481962,-0.191309447151827,38.88499867265,29.1178129485586,-0.773543653694179,2169.28485228849,2168.17004711996,0
4.79,-0.0821223805913937,0.834776341915131,-0.268529797081195,48.5410791498939,12.6088942431521,0.12011496352518,0.292393402115451,13.7428781909533,-47.7495939901262,-2.59995618130807,2169.82394097526,2168.17004711996,0
4.8,-0.222508140726277,0.836523354053497,-0.391996425672525,47.9847380790233,18.5744019966034,-0.132238796844257,-0.403018567162043,-18.5077943311771,47.9879552990402,0.735543244458021,2168.87337514954,2168.17004711996,0
4.81,-0.347681235222597,0.834432542324066,-0.504410511804408,47.883651474373,22.2802856096299,-0.0191310488397416,0.567930279372293,25.2618830645802,-46.3958330847287,-2.21216183623743,2169.95659297987,2168.17004711996,0
4.82,-0.603841963323822,0.836438357830048,-0.186951438602238,48.115087454965,11.0634025225996,0.410411233487474,-0.455436343277771,-38.3982780438933,30.975690586251,1.12513271661713,2168.91634120194,2168.17004711996,0
4.83,-0.768504706366208,0.834386587142944,-0.217344457122499,47.7672554428982,3.47364978140172,-0.629239989691347,0.243855171538994,45.5933118360466,-15.4397475289598,-1.82195160144043,2169.99572812995,2168.17004711996,0
4.84,-0.542907907694636,0.834112405776978,-0.0339918598543132,47.375715763514,-5.43919239476989,0.190939147341746,0.555081261221978,-18.8181097849632,-44.4370485214143,2.63768945823469,2169.79200730949,2168.17004711996,0
4.85,-0.448142511256328,0.835863709449768,0.376981637484934,48.1047910608652,-15.3758897547321,0.15087160478554,-0.552132474510182,-0.0953632031386284,50.5012301758374,-0.31416278137711,2169.26330603493,2168.17004711996,0
4.86,-0.351380358632852,0.834617853164673,0.401400797597431,48.344511340806,-21.9407711334012,-0.399297726779542,0.406185539538667,16.5299364991418,-50.290668305786,3.02381918097905,2169.36431373653,2168.17004711996,0
4.87,-0.0986942851594571,0.838389277458191,0.342397564675163,48.2957990001671,-21.6934509385439,0.450247437824282,-0.152838998907832,-25.4450768525553,46.3375429148082,0.0698300626128039,2168.10469860735,2168.17004711996,0
4.88,-0.432313268169193,0.834955096244812,0.248509349020088,48.028998748061,-9.66577889761594,-0.401687630771963,-0.113726948479635,48.9692338413102,0.473020638685524,-1.76065840659875,2169.54102109184,2168.17004711996,0
4.89,-0.409874379958283,0.837530493736267,-0.00263958410350446,48.0812422546906,7.79446470176084,0.47867849897979,-0.140469230871708,-48.0057759323758,6.91858500011864,1.57162876581634,2168.36562349991,2168.17004711996,0
4.9,-0.349900728894269,0.834378957748413,-0.295850014326299,48.3328646476074,6.76668854953596,-0.325561364109707,0.0784579648027559,48.4717674330054,2.20571444158915,-1.3785175140136,2169.76461492958,2168.17004711996,0
4.91,-0.307922900363071,0.835735023021698,-0.213262884408294,48.3595572071762,13.7214363582338,0.276319163770284,-0.176137313908482,-49.5248727869363,-5.68650254725908,1.95842412548002,2168.90807194526,2168.17004711996,0
4.92,-0.312404305617204,0.83529269695282,-0.251756948999214,47.9619911592813,19.8193178970881,-0.325293781284414,-0.443802354543727,12.6243547095727,49.9937232869119,0.126580993197903,2169.46207423605,2168.17004711996,0
4.93,-0.573187807555151,0.835088074207306,-0.236030009716652,48.4154754833977,11.8608231262171,0.0749339836086279,0.518365194831863,4.30033889697159,-49.1721780157143,-2.8190838764681,2169.21278870796,2168.17004711996,0
4.94,-0.627732353133203,0.834625065326691,-0.293282214276575,48.3369052108966,6.33237022456597,0.196944080261757,-0.604598986127103,-18.4613459636338,44.7091178268782,0.515482116601158,2169.72155936186,2168.17004711996,0
4.95,-0.49740847096129,0.832099795341492,0.0278439260425818,47.4856025908451,-5.10900637903263,-0.442851993357018,0.354649743200324,35.2819150204593,-32.9272138201566,-2.42550952598068,2170.40446529018,2168.17004711996,0
4.96,-0.50735439806916,0.834104061126709,0.315419306157135,47.8725930147882,-17.4869416885881,0.274638266124082,0.530166767715319,-35.1693455503387,-37.1135499471168,2.03135960035629,2169.78865019358,2168.17004711996,0
4.97,-0.49447822394673,0.831404268741608,0.364539616434161,48.0761719972921,-17.6820631942835,-0.0680063310076455,-0.522794279829239,26.4859209814502,44.1537932485056,-0.910533744110628,2170.79735786799,2168.17004711996,0
4.98,-0.387301651456966,0.834601521492004,0.265712968043662,48.20296939596,-13.3943675165392,0.0182914268068714,0.425142284750109,-21.1777761573674,-45.102837730152,2.43094401861202,2169.52572429641,2168.17004711996,0
4.99,-0.21240507308313,0.83265209197998,0.354638218901775,47.9660694261829,-16.1749518258361,0.154932626138617,-0.369101254972356,9.47000233360665,49.7306428871287,-0.511569151117193,2170.42223398885,2168.17004711996,0
5,-0.615406304617888,0.832784175872803,-0.117165808511398,48.1558796828097,1.12838307191103,0.205453799568085,0.532733926755046,-15.8720340449053,-45.3195514032407,2.83253048255208,2169.86567031912,2168.17004711996,0
5.01,-0.539312418178774,0.832472741603851,-0.123124273437243,47.8979327597939,2.46232693763861,0.387621230455356,-0.321395157340897,-38.8219238560746,28.4288507129313,1.00877262759754,2170.45299707478,2168.17004711996,0
5.02,-0.316220254657973,0.831177592277527,-0.336354071692546,47.7782866979768,11.8359128988293,-0.146122223030649,0.298182082695266,40.9225195284072,-27.6055328834413,-1.92870621014637,2170.86225157911,2168.17004711996,0
5.03,-0.331603041427488,0.832102596759796,-0.476769587318529,47.6765922062921,23.4602509332984,0.239501822851504,-0.505590056759013,-43.801240023803,30.3103675307534,1.41387088981049,2170.35153804111,2168.17004711996,0
5.04,-0.43990690180173,0.83043372631073,-0.191257858123607,47.5575818795385,14.1853160538263,-0.441960559800232,0.27555349963987,48.6319368275326,-12.3441924192975,-1.52391476756832,2170.92890111217,2168.17004711996,0
5.05,-0.55471875198257,0.8338982462883,-0.00450252611602472,47.8931767025588,4.09597967556007,0.210077550454179,0.507466072622226,-14.4472008850007,-46.0259790900791,2.93726386428708,2169.47958410603,2168.17004711996,0
5.06,-0.601012977673052,0.830145835876465,-0.0358557395531701,47.9522824747283,2.24844574347391,-0.0499424014274165,-0.606447874029594,2.30119477745932,47.9927793995372,-0.00324775889422192,2171.26306001901,2168.17004711996,0
5.07,-0.504598422982989,0.83112770318985,0.0966708736301249,47.8763389937711,-6.99387090644028,-0.234727504586537,0.442633030822469,16.4615092466459,-45.6266329650485,-2.93981858515881,2170.41290563876,2168.17004711996,0
5.08,-0.36159429960359,0.830389022827148,0.399164759566949,48.1733527298106,-17.0434553624485,0.463756653706605,-0.2064977040864,-34.7234926092164,37.367152371463,0.403493849095155,2171.02741731525,2168.17004711996,0
5.09,-0.393731802636173,0.829231202602386,0.48837210451258,48.1131760857002,-22.1796037506853,-0.31569025581112,-0.505076810510292,43.7436805682209,29.9601696926194,-1.408941831121,2171.17406341061,2168.17004711996,0
5.1,-0.254897044169043,0.831613659858704,0.240768988212216,48.72048442441,-13.7002973887732,0.152541829360717,0.345833461937311,-39.9852780095174,-29.8709705515672,1.93479883599931,2170.46213716275,2168.17004711996,0
5.11,-0.395313182540309,0.829501330852509,0.0334547944007314,47.7392418812301,-2.08645445264593,-0.283904766313748,-0.231593117831365,39.1054115236458,27.9374854011831,-1.00031704497028,2171.17969666011,2168.17004711996,0
5.12,-0.495791355283877,0.8330157995224,-0.0802375622621572,47.6498108237319,7.20464490990647,0.444507539406017,0.257408663264918,-38.7218281187173,-29.0296346842692,2.34199514809166,2169.46336985068,2168.17004711996,0
5.13,-0.258273226289627,0.83209091424942,-0.157053240638214,47.464602043938,10.8847426932911,-0.0660812473254858,-0.361277539945022,-13.3203264461941,47.6376124657907,0.516628288478875,2170.04800364729,2168.17004711996,0
5.14,-0.270443186145195,0.834137737751007,-0.27250933048162,48.5004641312989,17.2016916492892,0.0957504229081222,0.417127590390595,18.2737579826132,-47.6525153194105,-2.42873811311222,2168.89647714446,2168.17004711996,0
5.15,-0.280686571901546,0.832081854343414,-0.414419497715734,47.6980022548019,26.1111440016079,-0.0597341751903988,-0.602474773429004,-22.0988425053133,49.6594962865028,0.907083824817018,2170.08181724353,2168.17004711996,0
5.16,-0.452131461063477,0.832379937171936,-0.485594823968917,48.1319762296732,18.6129230120497,-0.233789465140445,0.538588742256798,34.6118777923829,-38.1183987675011,-2.03418236747553,2169.42798455385,2168.17004711996,0
5.17,-0.530768677985721,0.833360910415649,-0.0384078960578575,48.1427389787468,8.0839576379759,0.44710788326308,-0.292326449937543,-44.178891206401,20.3199749109738,1.30057895814426,2169.4432556146,2168.17004711996,0
5.18,-0.430140072324232,0.831684947013855,0.0810829572446373,47.9272541851258,-5.95904010117943,-0.203961378965546,-0.583957510193972,19.0639112025116,44.4244917359896,-0.524419102380889,2169.91673153682,2168.17004711996,0
5.19,-0.570518999575845,0.834697723388672,0.244771548274338,47.4717549172319,-12.5827732058659,-0.057250140092482,0.612458480174655,-3.77078245568479,-49.5292242414485,2.80536719085245,2168.6966803959,2168.17004711996,0
5.2,-0.425782390090826,0.831577360630035,0.494725082602717,47.800929499483,-19.196402622678,0.309910473950655,-0.457539595250585,-11.6417960757242,50.171720955452,-0.14302704120526,2169.95970633493,2168.17004711996,0
5.21,-0.202765550378956,0.835574150085449,0.326433615242807,47.9133402276272,-17.2804953808587,-0.355315964910358,0.293380686466607,19.5582895537429,-47.0995210694545,-3.0926484970815,2168.38218928752,2168.17004711996,0
5.22,-0.313681494733904,0.83380514383316,0.329887923608619,47.4798157681727,-14.4249793759449,0.361305379657035,0.212745435165693,-49.9776675192354,-4.09262476869145,1.35896048218935,2169.14963228607,2168.17004711996,0
5.23,-0.540968856689207,0.833607017993927,-0.15620379570301,47.2901269411957,7.02936068874844,-0.547421329148746,0.159299386476096,47.8670877891168,-7.99852887130046,-1.58833467995922,2168.89670406178,2168.17004711996,0
5.24,-0.268402733911199,0.83183616399765,-0.271978839689204,47.9685967850211,11.8805123403508,0.292075473830947,-0.17431391835563,-49.2386101575676,2.71604038449919,1.74700959325461,2169.98928714318,2168.17004711996,0
5.25,-0.287006227999371,0.830864429473877,-0.266221280597901,48.3748869794881,11.5205766567489,-0.281649702619523,0.147406516257707,49.1000986994572,6.39686544349975,-1.19323190940456,2169.92725817016,2168.17004711996,0
5.26,-0.298311882148237,0.832996070384979,-0.224709584652487,48.2320671640738,16.1404767099503,0.277380976668179,0.423943905664884,-10.3921041382061,-49.5992602196682,-3.02168419755372,2169.25515541759,2168.17004711996,0
5.27,-0.48414099631187,0.831419765949249,-0.147930696947438,47.4902902385742,9.82802579163064,-0.0472317483553303,-0.515121936162567,-5.38859670159514,48.736997179417,0.315843955504304,2169.77074138044,2168.17004711996,0
5.28,-0.519570285304396,0.833480298519135,-0.25529340998851,48.1368070540664,5.33790540690713,-0.152372048555535,0.497520915574604,18.8918882968344,-44.4228445524489,-2.63306783118029,2169.13418405185,2168.17004711996,0
5.29,-0.649839718869474,0.830881237983704,-0.0321150259929355,48.1499541482647,-3.89253409135907,0.437114077048207,-0.387294494979921,-34.2662807935694,33.8733780687449,0.704025108077293,2170.32158561201,2168.17004711996,0
5.3,-0.615905488306828,0.832697451114655,0.183603017540087,48.2261420645456,-8.65399238682093,-0.556037164014054,0.214366878403674,43.0880475370447,-22.9333241960541,-2.24245348606493,2169.3229926087,2168.17004711996,0
5.31,-0.435673298022078,0.830963373184204,0.460881287102283,48.0836652173731,-20.2181524257743,0.131098167010181,0.605647410485193,-26.2146875850744,-45.0703989500201,2.2136097916172,2170.06088780345,2168.17004711996,0
5.32,-0.296398401248074,0.832815647125244,0.389739253119522,48.3717235207092,-23.346563874219,0.143155344989297,-0.529720801872223,14.7324918240846,51.2180355181237,-0.729612418860559,2169.12108746162,2168.17004711996,0
5.33,-0.271376708354869,0.831406652927399,0.400115199860197,47.52626552381,-18.7234908982258,-0.222388735695547,0.322937932816613,-8.90591280009259,-50.5033806963772,2.60730798491305,2169.95103924775,2168.17004711996,0
5.34,-0.553765238086606,0.830208420753479,-0.142119423799415,47.943352844674,0.637050030648386,-0.214738924756426,-0.54568287663016,16.4876353977968,45.0887154906521,-0.331538985960849,2170.17957160498,2168.17004711996,0
5.35,-0.438618910311381,0.831505179405212,0.100422828786095,48.0609506992276,3.89708969003146,-0.311317299807097,0.309433037319233,37.522675962617,-30.2478657098034,-2.15897120966875,2169.85084961198,2168.17004711996,0
5.36,-0.28694449011563,0.828781843185425,-0.348998986381579,48.4661256042474,10.6308155009799,0.154415251005149,-0.298600511658246,-40.2842944268103,28.3418222999496,1.18394401679781,2170.63530264784,2168.17004711996,0
5.37,-0.21679078438162,0.831748008728027,-0.361994615532586,47.9210937913285,18.2402128880997,-0.128613370341146,0.392435070386827,43.7343886457405,-26.8153219408139,-1.7601513386932,2169.63361622523,2168.17004711996,0
5.38,-0.485288785653844,0.828223347663879,-0.437622879406641,48.5889555342246,14.9687755976506,0.462330461962612,-0.294034096985,-48.1674785857064,14.2502012882022,1.58232468722006,2171.20770159368,2168.17004711996,0
5.39,-0.562082883177729,0.829806387424469,-0.0544938972034635,48.5477190849032,7.85881614882874,-0.285295589371982,-0.471776219739632,19.0218656144335,44.8069193651203,-0.234445544107609,2170.0420207817,2168.17004711996,0
5.4,-0.571349713444716,0.828007578849792,-0.0315077582744348,47.5657390725983,2.42652987713245,0.0485189152348441,0.530624775567191,-2.76405941139929,-47.936519321396,3.10992631768714,2171.26990391432,2168.17004711996,0
5.41,-0.510426062957871,0.826706767082214,0.291095217239968,48.3143655082096,-6.96791772976977,0.248821345629568,-0.592688020706389,-15.342616716217,46.0064578987892,0.178557120589792,2171.49646969335,2168.17004711996,0
5.42,-0.467441103103735,0.828358769416809,0.299571576647762,48.3322175351735,-14.004733946232,-0.418713470950097,0.299639888897355,30.6960468894796,-39.4053729589194,-2.76016136438889,2170.70591269769,2168.17004711996,0
5.43,-0.339532564856341,0.827591240406036,0.550546426716265,48.287172952275,-23.8938164475735,0.2459597335172,0.503826711165789,-44.3863226732303,-29.6697597728673,1.70683353167281,2171.09583763955,2168.17004711996,0
5.44,-0.346599040091717,0.830596089363098,0.483426624410908,47.7244092586418,-19.5628038437262,-0.138444250051462,-0.456571442490289,38.856742497163,34.2522755611854,-1.23363462371735,2169.77462159101,2168.17004711996,0
5.45,-0.225300217774933,0.828344881534576,0.285811106585124,48.0289135767421,-15.2084950337354,0.0560792524993389,0.386268215133969,-33.2979820287239,-37.8680332980519,2.10889526931124,2170.84736048348,2168.17004711996,0
5.46,-0.570118915300961,0.830178320407867,0.0196551396891279,48.248526079334,2.13260491431299,-0.463833646964676,-0.347932831230806,37.1147904596497,30.5404210885554,-0.830336344629304,2169.70590654384,2168.17004711996,0
5.47,-0.423647538067623,0.82955926656723,-0.075413848396519,48.1065947138645,9.06686358646159,0.357594342673526,0.178543991041916,-35.9062010649777,-33.1695685727603,2.50687754299812,2170.36301153626,2168.17004711996,0
5.48,-0.235673177834088,0.829135954380035,-0.222353139060865,48.0089008648704,15.3622040928777,-0.0731774634690888,-0.363326737846862,-19.282177996049,46.2756831052292,0.687504959207566,2169.98036386294,2168.17004711996,0
5.49,-0.406614003860984,0.83020955324173,-0.409848443865389,48.6796646751124,21.6357203435046,-0.0166990043250211,0.580806659328224,23.1815713199419,-47.3708056584129,-2.25933057367364,2169.99382010163,2168.17004711996,0
5.5,-0.390319496350921,0.827924609184265,-0.263871572442062,47.9169648481499,15.4097683826522,0.227958761369915,-0.468385364046794,-35.3373873941591,35.850139825705,1.08420032731729,2170.7310404183,2168.17004711996,0
5.51,-4.88767888298722,-3.66034960746765,0.0912093632574105,48.2341344961255,-1.50275054355858,-2.50359847047425,4.03530738524778,26.4918402490826,-40.0575249785827,-2.58970055956594,1950.34580948402,0,0
5.52,-4.49188686259173,-3.22573304176331,-0.108286001344436,48.0636378108596,8.03241905634731,-2.55493061542286,-3.65305449059316,32.8089880582087,35.9872868629488,-0.569693844354751,1728.40062473703,0,0
5.53,-3.87846510147582,-2.83985710144043,-0.234490567444858,47.8741715451627,10.0128165230714,-3.70117916463994,-1.17918404920185,48.4875709027501,7.55778275772218,-1.20666293075937,1530.2140078082,0,0
5.54,-3.58670652894383,-2.49301314353943,-0.233935587949768,47.8263138421199,5.76142694257705,0.377357175029606,3.56496003194717,-9.06603359048203,-47.4686412677461,3.06920933047935,1354.03258222923,0,0
5.55,-3.1800535393199,-2.18468499183655,-0.112394613494302,47.997183215552,6.67545529948856,-0.639590560179103,-3.08589991905366,14.0615631071975,46.3383008726217,-0.162062360990862,1196.85279274619,0,0
5.56,-2.69033887854588,-1.91380095481873,-0.207769513234214,43.5937338535693,8.42218183021185,2.70869780117408,0.478024858420599,-43.9542596729221,-1.85528974536199,1.80898614077012,1058.91254293488,0,0
5.57,-2.33431015471718,-1.67620420455933,-0.0830793309251976,37.3339671020312,5.66157515315242,0.849862470993843,2.23398674401803,-16.954029863744,-33.5505673379421,2.82897461778704,936.130217525911,0,0
5.58,-2.08266766980184,-1.46466875076294,-0.0597709316948608,30.6269585662351,7.87947313797017,0.428755590622205,1.99982391843338,-11.6537187005318,-29.0273600451524,3.00743344367022,828.377202195108,0,0
5.59,-1.81421277594325,-1.27872276306152,0.0214708547590169,31.6968042839694,0.708854989964158,1.22458398997578,1.43850245096524,-21.1855146560583,-24.1545412409787,2.44484947441726,734.41789413424,0,0
5.6,-1.77214351239658,-1.11509990692139,0.13982483741425,31.1602041296922,-2.90208152911662,1.18584415259287,1.23692613166426,-20.6633982619559,-23.8992948680841,2.34811747689903,650.321305764863,0,0
5.61,-1.48653718611119,-0.969506084918976,0.131137985833613,22.2078587930062,-0.698782557546448,0.730771829934881,-1.17414063130798,-11.9424074725171,18.8133852526661,0.553061062958005,576.326256088774,0,0
5.62,-1.3498815001567,-0.842966318130493,-0.0444091850330955,25.4097786120856,4.00603309667843,-1.28980400249432,0.313465290905009,24.6260153248489,-8.31913282952445,-1.75074055482417,510.750996315265,0,0
5.63,-1.15123041471085,-0.730775952339172,0.0389582797451771,19.6781238226201,-0.36420299379354,1.06186301420587,0.225741261413967,-18.9295315877578,-4.03574909523615,1.78179787318565,453.801555870862,0,0
5.64,-1.00338227395707,-0.633870124816895,-0.0529955082041519,16.5814074258034,2.92178248008406,-0.914426433480621,-0.143557988537479,16.2924320716191,0.967339134118738,-1.36103814824045,403.816568845111,0,0
5.65,-0.900552726256697,-0.549652814865112,-0.100017310946077,18.3459309479905,1.87196706450958,0.871245466104169,-0.157882794609015,-17.9362443077041,4.39302537459019,1.43676246603639,360.1216168714,0,0
5.66,-0.659726501592433,-0.474060744047165,0.0976426463479764,14.355284921964,5.09529222666178,-0.447304553107611,0.572576557007182,6.66096502365482,-13.104158634345,-2.35056146823587,321.970076565692,0,0
5.67,-0.556132800928301,-0.411070555448532,-0.189797540261279,8.94666768152218,2.11079640296576,-0.101588144809908,-0.556102937423814,2.90367500205555,8.99920404792335,-0.116335396065642,288.658385983442,0,0
5.68,-0.338855308751028,-0.354315280914307,0.0605010772139194,10.2027472597743,-1.75263400863998,0.488076329807313,0.203088967759525,-9.11175948522304,-5.14359515120468,1.88964670192605,258.945720580726,0,0
5.69,-0.3884280463445,-0.304665595293045,-0.0593703081722579,6.64825254214281,4.00834365875765,-0.150409958532967,0.389332180333089,0.411608594172575,-7.86290131257366,-2.59108489263432,233.314296117207,0,0
5.7,-0.231181396372653,-0.263236880302429,-0.033757477885066,4.42377497845251,3.82416593554363,-0.30730860302931,-0.127985864803425,5.9015111164087,-0.196417211267267,-0.961490557519339,211.369272738946,0,0
5.71,-0.285184460685836,-0.227868691086769,0.0133630108997767,6.74569056755744,0.0505450521288648,0.155302755982708,-0.291246104207385,-2.92785908111391,6.07826466628057,0.519803033951483,192.463446445834,0,0
5.72,-0.270563628694976,-0.198197901248932,0.0635905502873068,8.34981606543885,-0.939291903778085,0.316638656654446,0.112737180884892,-7.91631990721024,-3.20153183136977,1.87139063939225,176.151688569018,0,0
5.73,-0.215941687824304,-0.172354638576508,-0.0212145823596393,6.12384404825819,1.06159946230995,0.0253618560004147,0.257760046321013,-1.05943922077248,-5.9022860028878,3.10885329077546,162.020385510244,0,0
5.74,-0.192658700738273,-0.148153424263,0.101754824495945,-0.120679769489146,-1.41919528801518,-0.11690016976731,0.0318851725115756,0.683699271172929,1.00309149198086,-2.03774124155008,149.06877431355,0,0
5.75,-0.075397376894091,-0.128240302205086,0.101711260413436,1.68997545146844,-0.00553335130127264,-0.105939180842856,-0.074745874934329,1.30531197848832,1.10456127876297,-0.985868112432564,137.585467285092,0,0
5.76,-0.197286971751734,-0.113060712814331,0.137994752152642,5.92935419893025,-5.64951230150258,0.0914948310826086,-0.197058904030175,-4.60751464963043,5.83082468176636,-0.00974348047695223,128.862935042889,0,0
5.77,-0.103712919872654,-0.0968790948390961,0.190437973339824,2.59825574048587,-1.31239924098848,0.0979909012599523,-0.0380070004354552,-2.3864868041819,-0.100942923017055,0.899782475653308,119.587960680575,0,0
5.78,-0.182930432107054,-0.0861794203519821,0.00457520664774027,7.31200011351076,1.41006766537815,0.187611102741222,0.018157378038493,-6.75052033295209,-0.406984386303972,1.75247939866439,112.962918180038,0,0
5.79,-0.0581510836935711,-0.0739735513925552,0.00417858879173483,0.901181887170352,2.9616455062004,0.101985409319074,0.0179572408157401,-3.95834210241335,0.82514761798699,2.55291166569405,105.866223993471,0,0
5.8,-0.228961543004004,-0.066647857427597,0.113681280581643,2.73485548130636,-3.81037851527067,-0.0965900859789914,0.0788220703023994,4.53682385840116,-2.2665227161872,-2.97270650395873,100.760068521465,0,0
5.81,-0.0656541043303051,-0.0576063394546509,0.171798824978257,-0.0862740175755579,-0.272233862492443,-0.0296895776077376,0.0140576177494543,0.518715732797833,0.0868256120918429,-2.2544380304844,95.2275977229986,0,0
5.82,-0.0973082765518506,-0.0515731126070023,-0.134383245224954,6.09890716297085,1.40169127352161,-0.129126660865697,0.0295037324311114,5.51070509621248,-1.48845802703267,-1.57223741667803,91.0201449588273,0,0
5.83,-0.166365344380183,-0.0452351868152618,0.172975755710775,3.07658461183131,-4.59765413758142,-0.00487234881552991,-0.117193039934518,-0.26355963536295,5.48836830730718,-0.919641179974078,86.6754613673925,0,0
5.84,-0.190457524796753,-0.0410114824771881,0.0862595917142649,5.31859873388247,-0.33719520481146,-0.0364024700505779,-0.112367532221392,1.70357218989183,5.21790815099314,-0.295583705280508,83.3010482190586,0,0
5.85,-0.114882756894409,-0.036087691783905,0.00270490908723542,2.8648300979285,4.40180246587133,-0.0650510194665652,-0.0730562377800748,3.32482943150775,3.49665361883579,0.302452762746966,79.857538963378,0,0
5.86,-0.14239039208902,-0.0314435213804245,-0.174543992272823,3.61280974914476,5.96016488629051,-0.0282214379003025,-0.145030984669603,1.37134787957295,7.30042983608459,0.874628305203365,76.655507532463,0,0
5.87,0.0374217191970213,-0.0297310799360275,0.145202144993592,-0.892500004775957,-4.37006350559006,-0.00188278967422833,0.0948711597020377,-0.0520931016974382,-4.72393277064864,1.42901879291593,74.5697598753084,0,0
5.88,0.128309632037455,-0.0270193070173264,-0.189672800389564,-0.413844604730361,-2.15525775480162,-0.035055232546254,0.0432670663299268,1.48802958641843,-2.26458785307994,1.96654408585625,72.1432986187724,0,0
5.89,-0.0175767772591051,-0.0251616984605789,0.0615011202145213,-0.772561715224856,-0.972434142606647,-0.0351886900889834,-0.0114431600310708,1.53231000169971,0.272216384220678,2.48882333612314,70.3120568478553,0,0
5.9,-0.0448653832596002,-0.0250198245048523,0.103640180222378,-0.380226803610737,-1.09725294827293,-0.0235384592539277,-0.0111757726971779,1.11707206353585,0.180107031314619,2.99854099886103,68.848219175802,0,0
5.91,-0.0723747322153406,-0.023454874753952,-0.107294019881128,4.5209790564799,4.36460655836617,0.0389182219874036,0.103555586662997,-1.80432248094599,-5.6176586453671,-2.78658351859259,67.1842030816638,0,0
5.92,-0.051748277843121,-0.0222366005182266,0.144468860476533,4.48594593117314,-4.69653577825625,-0.111178874348578,-0.0202641882226738,5.95458690255952,0.671570946108985,-2.30082476164702,65.4374377041549,0,0
5.93,0.0490345659116265,-0.0223572328686714,-0.0841238907162284,-0.260098713822262,-3.3057018430083,-0.00375230530417475,-0.0532069457392484,0.687631011702786,2.53063126217645,-1.82561925400749,64.5304546864589,0,0
5.94,-0.00542380450626514,-0.0230760276317596,0.263981142681949,-0.308697147888581,-3.65574934435641,0.0285391305680127,-0.0641081325112088,-0.956491283857677,3.30349943088533,-1.35554262646106,63.6919011026061,0,0
5.95,0.0705208280122146,-0.0222410038113594,0.0183907912629594,0.434409187823657,-3.70967635849041,0.0483596008114567,-0.0470253105739696,-2.01054562119245,2.67811676585416,-0.893827483463187,62.2477475521384,0,0
5.96,0.0655706194671149,-0.0208099260926247,-0.161855059188959,-0.349897123380214,3.6074640225299,-0.0587218081906279,0.0551300595383047,3.20041070902488,-2.22451296984643,-0.444707149933426,60.6555864745915,0,0
5.97,-0.0416355485938974,-0.0221950337290764,-0.00983836839200708,3.36923470390489,-0.539139296015167,0.0214900346492671,-0.0616293498860677,-1.06831894551932,3.60600726523208,-0.00189479013032079,60.3068013426758,0,0
5.98,-0.0178025767056271,-0.0229262560606003,0.0261725905847017,3.49940331396317,3.30548329282299,-0.0327533026908966,-0.0766552258568604,1.44766818427468,4.28253435196206,0.437476474312938,59.5405609732505,0,0
5.99,-0.074591861101093,-0.0211918577551842,0.283797308924558,3.12287162804777,-4.19371627280014,0.0909390042420302,0.0278824973234583,-4.99007951885874,-1.02807856891391,0.867659532927877,57.7249657235822,0,0
6,0.0254256681766165,-0.0209868252277374,-0.0163992513572738,-0.501259191398986,1.20904874065531,-0.0238339165551489,-0.0207029115803986,0.631957962024108,1.20511448253303,1.28684716782555,56.7077788769802,0,0
6.01,0.116043098720127,-0.0213358774781227,0.0650574739669781,-1.56597758786069,-2.68540633798244,-0.0437458434949303,0.022589569622222,1.62377262482297,-1.19586188201809,1.69931183470801,56.1773568300677,0,0
6.02,0.0639363193006878,-0.0219095572829247,0.00998806205373723,-0.990583490331796,4.49000829384972,0.0129858521689791,-0.0964786653988081,-1.12330886265084,4.567254859795,2.10752563294064,55.5026185172614,0,0
6.03,0.101464283828357,-0.0234900563955307,-0.00379987467976155,-0.847508163618568,1.83502789536931,0.011610220221693,-0.0288398711048142,-0.85422939749248,1.07298337355451,2.51260166915691,55.0958819621836,0,0
6.04,-0.0547442312164214,-0.0239416733384132,0.0378050254826713,2.9793080504179,-5.69343459442016,-0.083738628829302,0.0847182509193962,4.09492128941199,-4.66290389657759,2.91408434782985,54.3585598523246,0,0
6.05,0.0806111686021698,-0.0243264138698578,0.19947594065216,-1.52075842891014,-1.39427485000715,-0.039556634114206,-0.0425710816958361,2.04287503843237,1.71624573864201,-2.97472364565828,53.7457219775573,0,0
6.06,0.132001343191477,-0.0249086618423462,0.0153067920426163,-2.74164428334712,0.845441161787019,0.0399805097971874,-0.0547863588845009,-1.80454690029104,2.4031490029643,-2.58377346568731,53.050484301057,0,0
6.07,-0.0474505951919066,-0.024437353014946,0.10839498928031,4.48007658661934,0.529791449528344,-0.0695767724721383,0.0500825815174222,3.81121743534279,-2.74704600291406,-2.19850891643571,51.7920011524962,0,0
6.08,0.064947043296901,-0.0242635831236839,0.02282667438786,0.537539928822418,4.78760885613413,0.0131212425530146,0.0942652080457445,-0.252267531030103,-4.83052050353932,-1.82277512162049,50.9571003481527,0,0
6.09,0.0287991660441336,-0.024712547659874,-0.161409909909383,0.0303958529852427,3.52513471617952,-0.00541345610092025,0.0848076544582218,0.667527081682526,-4.20969321190244,-1.45241447942156,50.3468990123455,0,0
6.1,-0.0645583952228948,-0.0265275537967682,0.0562373958751124,3.54485296467348,1.27974936798903,-0.0552762256001006,-0.0157689785813696,3.04054537011475,0.921190808050811,-1.08325990035083,50.4322352418151,0,0
6.11,-0.00624116448967933,-0.0274995192885399,0.0581447589965495,1.14266092319864,1.89434626576014,-0.0403662213571164,0.0125931563256128,2.19670538467564,-0.442991498153895,-0.715247962779294,49.7988744572196,0,0
6.12,-0.00891464270761052,-0.0275155007839203,-0.052479266187838,2.16518926349703,0.0643706036334599,-0.0126694707941547,-0.03660091904927,0.724466596865067,2.07036714170312,-0.353170974150565,49.079715701651,0,0
6.13,0.0566007273434005,-0.0283735617995262,-0.0643876817663133,2.49740716898874,-0.248783831486251,-0.00628453135633721,-0.0500844168746688,0.319477983779111,2.71810472758118,0.00474121517446027,48.6422583479191,0,0
6.14,0.096179413565738,-0.0298774167895317,0.143496362339836,1.07019694489124,-4.17983914343396,0.0954768999177539,-0.00418996486471464,-4.82185330974907,0.339352741040829,0.36025008655702,48.2835011598022,0,0
6.15,0.0724717114161749,-0.0286909937858582,0.254174005085682,2.92930755620691,-6.692878908132,0.12511680769404,0.040933775888849,-6.38515388735801,-1.89717704545687,0.709718321226171,47.1803686981394,0,0
6.16,0.00504543500248984,-0.0282315462827682,-0.00736577249954916,2.73095065260531,-0.316718642082562,0.046439598084149,-0.0164060337659809,-2.5127352213749,0.930998551800097,1.05157466204269,46.0953466869018,0,0
6.17,0.0205203211117428,-0.0279679521918297,0.0870999501573292,-0.881611552580419,-2.36621340644443,-0.0143207395523065,0.0567722616623898,0.486064961662678,-2.79753933840394,1.38680907026614,45.2076773627282,0,0
6.18,-0.0142541418502804,-0.0283158421516418,-0.088285049542352,2.18551684758863,-3.96706844693419,0.0359908454433725,0.0761113735958071,-2.01321998130927,-3.83727577564396,1.71621225373013,44.7389970082814,0,0
6.19,0.0161719753278067,-0.0290078446269035,-0.00843215976530977,-3.10345774765128,-3.11994242821982,-0.0816428309656036,0.0230567263595651,3.91866171100342,-1.23116335914953,2.04276394859421,44.2639690200757,0,0
6.2,-0.0557957174171962,-0.0286575928330421,0.274434556383138,0.356425075913384,-6.02793602901917,-0.0643974589712059,0.0782566525603788,3.07969941206322,-4.05355738284674,2.36445648186315,43.2668521995235,0,0
6.21,-0.00490205148952554,-0.0279640033841133,-0.123695555268577,1.41199320397751,3.87102706189088,0.0771649246331377,-0.0200873088235383,-3.97219685537592,0.800631922597813,2.6780391795887,42.2721909186249,0,0
6.22,-0.0736999543089012,-0.0282818973064423,0.00580308978438384,1.30814832216536,-0.859873518658333,-0.0122069136305332,0.0192953540352102,0.574476856189652,-1.17890003458018,2.98557042918496,41.7621991946842,0,0
6.23,-0.0688996358956555,-0.0289941430091858,0.171919467158519,1.96747218320929,-5.17375441719398,-0.1016798225793,0.0225896415012051,5.11438188461865,-1.30825097660881,-2.99300328259353,41.2772466288338,0,0
6.24,-0.136117625540103,-0.0293859913945198,-0.161674272481974,0.841716956717548,3.20496468738045,0.0555997281251204,0.0436754499821207,-2.72440598293455,-2.33626659407873,-2.69187893628354,40.8634916344402,0,0
6.25,0.0438970519871416,-0.0290643908083439,0.0920204092523019,-4.02698049346668,-0.55064194108119,0.0308954026156132,-0.0723149198847689,-1.43052001667933,3.47972304914946,-2.39487150901483,40.0268928138705,0,0
6.26,-0.080800872708458,-0.0285836532711983,-0.0748587966996367,5.69557485261844,4.16527111337352,-0.0584667729215942,0.126164867468566,3.08982215109804,-6.42233058855838,-2.10341457229477,38.986668835629,0,0
6.27,0.0524011675901695,-0.0290657170116901,0.0320061535884009,-1.86524302516503,-0.623164090388121,0.0338784649392246,-0.0200096755045962,-1.52295008385411,0.954473362470406,-1.81993042000705,38.5830046641921,0,0
6.28,0.0607792695206162,-0.0294263698160648,-0.101352329355935,-1.09046859933552,1.20346344644127,0.0242293093020768,0.0128374679254198,-1.05256053368095,-0.642959112849263,-1.53822630206782,38.2332574643296,0,0
6.29,0.0747496595534896,-0.0297645702958107,0.218671060147612,-2.82771399846314,-4.33842056680965,0.0769186858978689,-0.0603053706249119,-3.71129790269288,3.05937980334106,-1.25930168792101,37.7260337916448,0,0
6.3,-0.146534942382229,-0.0303701348602772,-0.0603422023379107,8.22189866438774,-0.762983716172256,-0.131505932534481,-0.0903936182538158,6.67272576963978,4.57392382469143,-0.984429078973973,37.3589614694364,0,0
6.31,-0.0433821242766023,-0.0298376642167568,-0.0079688567116051,1.2192150859071,0.0782858928958939,-0.0192913363811708,-0.00159160590233246,1.06357971456883,0.175883192161287,-0.714119430568707,36.6372815174625,0,0
6.32,0.123367543093043,-0.0310371406376362,-0.122398439096002,-1.19685454044511,3.12962163098945,-0.0511440451469885,0.0531041263653779,2.60052980451633,-2.59016431853585,-0.446072236481562,36.4596626297974,0,0
6.33,-0.13549768162608,-0.0318028926849365,-0.0673696887684965,1.55225442833882,-4.61798337120628,0.0761685265248128,-0.041352403344758,-3.80634938222917,2.10672615011145,-0.180775473984179,36.0277528411529,0,0
6.34,-0.066713333591163,-0.0320978611707687,0.119911663249967,4.5392285968047,-3.44198782873127,0.0708162128821384,-0.098253094044414,-3.54446844603356,4.93628710358902,0.0818894360315485,35.6144456967528,0,0
6.35,-0.0247181993067729,-0.0318751484155655,-0.151818225897597,-2.13633822856548,0.571691807903869,-0.0224753153748467,0.0351600088138466,1.11995017679707,-1.72244447919251,0.340662347122025,35.0016606006416,0,0
6.36,0.00900900186613424,-0.0317729599773884,-0.0630211225541604,1.3221087510379,-2.12022668304308,0.0498467132427528,-0.00705747581203468,-2.51025500565479,0.388680553546173,0.594438025089335,34.3676363789073,0,0
6.37,-0.052761940281045,-0.0315054021775723,-0.0356719353220782,2.08433456561785,-2.48472287669564,0.0609074789410086,0.00714973637887122,-3.081341408199,-0.318310905234177,0.843671802868334,33.5438049874987,0,0
6.38,-0.0508517837905316,-0.031513299793005,0.149964135637713,-1.13172228783093,-0.16783510964412,-0.0155420190234134,0.00424561962529278,0.73480876799451,-0.180378420535262,1.0872022363687,33.1442928934945,0,0
6.39,-0.0981189685014964,-0.0314552113413811,-0.0919529195814476,3.55866824944233,2.96865024292896,0.0553428747499564,-0.0809607960703299,-2.81809707067787,4.07093869936928,1.32798625707278,32.5547233764532,0,0
6.4,0.0568798414680645,-0.0312522202730179,-0.0396095924880425,0.609730599349248,-1.8662635981674,0.017818760698622,0.0431855161007473,-0.955871972008658,-2.15894097052125,1.56445046921852,31.8091286618827,0,0
6.41,-0.0473953369252324,-0.0307457558810711,0.123083664667509,4.06637504110711,0.557756103098715,0.0677242414862092,0.012728078392044,-3.47537745473484,-0.650569635298444,1.79445936559149,31.0849067556617,0,0
6.42,0.0383472455511988,-0.0305436849594116,-0.12700562593815,-3.09097187619471,-1.10899980196372,-0.070767285965437,-0.00154023484365768,3.44623844034854,0.0378755404235451,2.02032360742348,30.5918796873441,0,0
6.43,0.0290935839406849,-0.029875174164772,-0.146335591683019,-1.72750699769728,3.00608897548002,0.0100292229128991,-0.0700549651943474,-0.615423413181876,3.43198081847759,2.24118814545476,29.7490986434862,0,0
6.44,0.0305796160879667,-0.03009869530797,-0.0256026825044092,0.604248878504479,4.34923072683464,0.063824714213101,-0.049807853006255,-3.28213617679773,2.40726294529745,2.45825740526729,29.3612418532552,0,0
6.45,0.0685841721261696,-0.0303818918764591,-0.135902511090511,-0.646829831211245,2.96122678201221,0.0580585153260314,-0.0536586896735854,-2.96695859892637,2.59489160226891,2.6725538649347,28.8873202311068,0,0
6.46,-0.116951697924553,-0.0296766869723797,-0.00991296744905744,2.09041574307353,2.95141028602835,0.0480365224223551,0.0238778406475304,-2.44645052025992,-1.32953158037639,2.88140938432184,28.2056394981294,0,0
6.47,-0.117067318014343,-0.0299981087446213,0.0903591981546266,1.96927493751986,-6.48893884693814,-0.119898579247749,0.0352867867519611,5.99598568979048,-1.89082776640403,3.08709765428196,27.8806588773021,0,0
6.48,-0.0228735520226744,-0.0302370712161064,-0.0460136877413505,-3.29141195191976,1.80815722201062,0.0532843025690164,-0.0620839311022351,-2.65715386866517,2.98988957941304,-2.99245925863825,27.3776879410339,0,0
6.49,-0.229829337212984,-0.0294962245970964,0.0351067602534684,6.93151482343347,0.514130796267351,-0.0391076926904374,0.128355060046054,2.00018887346787,-6.56206477943185,-2.79422946050567,26.7822474516484,0,0
6.5,-0.168842234131674,-0.0292276293039322,-0.100616848231011,7.14622577076033,1.33415452528762,-0.0433429436447551,0.137207203413274,2.24237370389194,-7.00672410340487,-2.60045464513707,26.1485513227073,0,0
