{"_timestamp":1.7422955994856777e+09,"_wandb":{"runtime":10003},"_runtime":9984.7361229,"_step":170,"epoch":5270,"loss":0.09684496000409126,"val_loss":0.02986127813346684,"best_epoch":5098}