{"_step":19998,"_wandb":{"runtime":153671},"epoch":19999,"loss":0.03667641896754503,"val_loss":0.004643603344447911,"best_epoch":2,"_timestamp":1.7427286234455678e+09,"_runtime":153671.3959348}