{"_runtime":9153.393679,"_step":616,"epoch":6196,"_wandb":{"runtime":9159},"loss":0.04831969644874334,"val_loss":0.02172814100049436,"best_epoch":5578,"_timestamp":1.742294768143234e+09}