t,iq,iq_ref,id,vq,vd,ia,ib,va,vb,theta_e,omega,r,"T_ass:0.49,S_pct:-0.37,kp:0.4098,ki:0.0013"
0,0,0,0,0,0,0,0,0,0,0,0,0,0
0.01,1.68973234591201,-0.646126925945282,0.0163009106922928,1.40744704881669,-0.814876775284808,-0.0909255576608181,1.68736293175913,-0.902521377389851,1.352917779274,0.0634808606273143,16.475102549963,0,0
0.02,-2.55807574377096,0.258436888456345,0.00694785414889394,-2.92474084531561,-0.34693991311571,0.237475000000872,-2.54703855642612,-0.0819255364090431,-2.94410674433763,0.0902509273417941,-8.17077768904302,0,0
0.03,2.2237333080644,-0.510858952999115,-0.0621533941126053,6.07070503131333,3.11314451963901,-0.314323646669818,2.20228370446202,2.40348583123201,6.38501246956013,0.113826009093287,13.8092769633378,0,0
0.04,-0.333333986330154,-0.494412362575531,0.0394133012898949,3.14632153604416,-1.97334139469909,0.106685754107401,-0.318250066193009,-2.5745441901602,2.67677748068841,0.205759920863888,11.3099727847305,0,0
0.05,-0.402587121030747,-0.304384708404541,0.0441825325008015,-3.68975399950782,-2.21212927011256,0.150283659886462,-0.376089494361568,-1.14429387538473,-4.14709440588584,0.27084853655683,6.69653407476229,0,0
0.06,0.965923452382926,-0.63349974155426,0.0329922617007451,-2.52080241519973,-1.6510102944209,-0.303906388865304,0.917462539836004,-0.67475261191066,-2.93683311093435,0.354014274534834,15.5233784311617,0,0
0.07,1.33083862659463,-1.1952269077301,0.031172776653811,2.99752168606406,-1.55869164782734,-0.634153009369253,1.17044997874685,-2.8419748192587,1.82697428502169,0.519947081647273,28.9992725096622,0,0
0.08,-0.0443777269697396,-1.22342681884766,0.0294647130378765,-0.101576002442601,-1.47468098623176,0.0515589426196003,-0.0133875838504911,-1.03048993958627,-1.05976043511596,0.730629232162984,28.4681537114812,0,0
0.09,0.104175013056489,-1.28047657012939,-0.00190181948837641,2.36837816470701,0.0960467472065575,-0.0855500878703293,0.0594746393689355,-1.86336814361886,1.4650253479228,0.94504341190901,29.9595818238614,0,0
0.1,-2.00604459520931,-0.449241608381271,0.0220781599734852,-3.80944558881758,-1.1058524536276,1.78197701906415,-0.921553181668612,2.84551302409669,-2.76366441035304,1.08251599869817,8.65068626800467,0,0
0.11,-2.14273506400664,0.538625955581665,-0.0447849418388431,-4.88220543868896,2.24317320667297,1.84277357326464,-1.09430562605541,5.3537991675186,-0.452316763537225,1.05581915893023,-14.5278728183435,0,0
0.12,-1.51993595435726,1.24561393260956,-0.00380418651713726,-1.27318907677485,0.191747445912882,1.17629273882073,-0.962577357816294,1.1084066384541,-0.655142909649328,0.887490221584037,-30.3532815972202,0,0
0.13,0.19407505911793,1.23664498329163,0.00131822041394346,-1.87232030396353,-0.0667992778958635,-0.119703790921582,0.15276736796741,1.11248835829608,-1.50745318893065,0.671433719427355,-28.6627227735073,0,0
0.14,2.72554317157746,0.15610259771347,-0.0275341827278776,3.02777133313335,1.37828713290309,-1.4869231211754,2.28438248615792,-0.463328710354673,3.29429828227977,0.566911426588384,-1.29408420582077,0,0
0.15,-1.68583166658805,0.713369309902191,-0.0585089337612904,-3.49066238775165,2.93031317912609,0.747441971015153,-1.51221103135968,4.23464973722474,-1.68499282967216,0.49374621576581,-18.0720426278368,0,0
0.16,2.5286790899083,-0.207386061549187,0.0337515310719503,4.44672788344639,-1.68899270411997,-1.08554565006762,2.28406386670961,-3.4778709311263,3.24507303622226,0.457014817163771,7.02248036052371,0,0
0.17,-0.0969278222702946,-0.270561933517456,0.0186016336844827,-0.481868793694409,-0.931257741961058,0.0632384834526101,-0.0757754427001747,-0.581139947416524,-0.872762784389683,0.505849669218497,6.2124135731822,0,0
0.18,-1.53664735463207,0.320742309093475,-0.0384183180337573,-0.0811216684097752,1.92387425792918,0.694161150410455,-1.37145957174067,1.73270444519547,0.840004875585856,0.493549871442435,-8.74319032193912,0,0
0.19,-1.14066744480588,0.821837544441223,0.0394355783604204,-1.12564569781933,-1.97368925870447,0.465223157428071,-1.04223068380914,-1.40597546096326,-1.78486989164861,0.385274629013539,-20.1018449510373,0,0
0.2,-0.230832748049858,0.93447732925415,-0.0515650117787574,2.16457430257456,2.58168380199537,0.00257935834575484,-0.236508044096848,2.01837953049383,2.69752057188355,0.23068411470405,-21.924849259923,0,0
0.21,2.72431051576436,-0.119096413254738,0.0415833602485785,5.3794901036935,-2.081405532433,-0.430232886173404,2.69044543260196,-2.98045973128105,4.93842308398046,0.173831494615097,5.08373344211626,0,0
0.22,-0.361795732987601,-0.077619843184948,0.0038417878761509,-1.24145146211983,-0.192487866091569,0.0748224553166115,-0.353995073302602,0.0550778979149002,-1.25507758188616,0.197681689370599,1.50240685680113,0,0
0.23,1.39734905941059,-0.603101432323456,-0.0380737448793808,1.22754961228802,1.90716992625126,-0.398229547546414,1.33994299555831,1.52473140696603,1.67909776809961,0.261644590214149,15.1947066237321,0,0
0.24,-0.649297726219341,-0.420106440782547,0.0395676317208615,1.95956396358894,-1.98121145105737,0.260025119060165,-0.596271810679787,-2.53344201122783,1.16050045969106,0.350358195914583,9.28196463802288,0,0
0.25,-1.77396108426193,0.275374174118042,0.0494653731871184,-0.233714169541159,-2.47605531187934,0.658121484495306,-1.64810826806554,-2.24361142211012,-1.07316355095912,0.352042539294128,-7.91154421388555,0,0
0.26,0.964710110958844,-0.00364163564518094,0.037775527533862,-2.6178917457449,-1.8912233832432,-0.274596711671144,0.925575083181306,-0.948456886836377,-3.08715283255912,0.327542655347013,0.853051619478156,0,0
0.27,-1.71651720436311,0.604193806648254,0.0609442072410103,0.534782807274783,-3.05016488277066,0.518418868034667,-1.63749424015367,-3.08196779767178,-0.301617236175655,0.271119509457361,-15.4760725708685,0,0
0.28,1.71443191175394,-0.00765074929222465,-0.0561039624933393,4.54562205690116,2.809198174588,-0.434044870585047,1.6595268858824,1.73381887989797,5.05451742108029,0.223104043735619,1.63981471746465,0,0
0.29,-1.88372883826699,0.663536489009857,-0.0272485516922109,-4.73756024076662,1.36565310979674,0.280072862418591,-1.8629911463624,2.11939429334809,-4.45170229019347,0.163681817292048,-17.0805553233162,0,0
0.3,2.45591941188215,-0.192032873630524,-0.018029040666049,2.70232316588132,0.903570124042059,-0.332592679995986,2.43336131989887,0.549833124193205,2.79583136069759,0.128497710279956,6.53949220672855,0,0
0.31,-1.72602922175572,0.384659737348557,-0.0184576560621944,-4.11616322149706,0.925030128732869,0.174475782119211,-1.7172873262433,1.37906421307068,-3.98706186323919,0.111945509418958,-10.4284266922362,0,0
0.32,0.0788731002854569,0.423601061105728,-0.00290091000552395,-1.51439850754488,0.145473052198266,-0.00586535058471099,0.0787081882018531,0.202328106989266,-1.50785562494961,0.037619833930948,-9.80762289140122,0,0
0.33,-0.189131190522559,0.462555885314941,-0.00471569738950608,3.63347123452523,0.236468345332601,0.15264698399706,-0.111766467721545,-2.84934316039092,2.26699670154152,0.963720245915985,-10.875171223105,0,0
0.34,-1.44129366952115,1.01556217670441,0.0159703632449145,-1.25855443037805,-0.797687036832746,1.07436425198081,-0.960897470269139,0.390402755619799,-1.43800193023503,0.830010851482597,-24.859169920699,0,0
0.35,0.844878215650304,0.745202004909515,-0.0362220874230095,0.0649227984769889,1.81335739280668,-0.558887555333382,0.634646310468436,1.3701908976286,1.18956164525612,0.679162563720651,-16.6506095988722,0,0
0.36,0.123767496442873,0.673642158508301,0.00395264860189371,-1.65768532891199,-0.197591340870492,-0.0625122783961033,0.106893552922684,0.714788873243447,-1.50865498188434,0.561099752809922,-15.5940198033916,0,0
0.37,2.54346001225522,-0.308295279741287,-0.0173570226516327,1.96160400304375,0.870145547603691,-1.32874413971029,2.1688543315221,-0.268255045581341,2.12910374789298,0.542843515794689,9.31180325036306,0,0
0.38,-1.61034935725385,0.220149710774422,-0.0503496931932392,-3.17624426308372,2.52161831121452,0.800307337184333,-1.39830908960125,3.81143441483118,-1.38566021364008,0.551088577829951,-6.52208028567178,0,0
0.39,0.714253901735046,-0.000476568529848009,-0.0178542742383251,1.112411950353,0.89422446205709,-0.376872404516639,0.606996377226554,0.208278473041858,1.41199072712848,0.530639825791063,0.618674232040635,0,0
0.4,-1.40615007077776,0.516597032546997,-0.00755390662268479,-0.614028473017482,0.379531747569198,0.644929803565976,-1.24955217239054,0.620866608326754,-0.368239009006302,0.481839195337591,-13.1929278039184,0,0
0.41,-1.40372461221918,1.12322556972504,0.000184968294275223,-2.15433468258219,-0.00673567190239488,0.455083255939345,-1.32790890174244,0.69178804194954,-2.04025307226042,0.330030946028663,-27.3568743545776,0,0
0.42,1.76785028070844,0.478511065244675,0.0302902833092875,1.53167029793856,-1.51669327031137,-0.317074102371844,1.73944707590341,-1.78767536701029,1.20440406840048,0.197437069602316,-9.63123229019544,0,0
0.43,1.45085293133218,-0.163247212767601,-0.0569155399174482,0.143976065910043,2.85008006199013,-0.321162732535505,1.41600427480626,2.77574227241162,0.662525700977509,0.18382683712782,5.03716889618163,0,0
0.44,-1.87574786298747,0.534544467926025,0.0465268486673217,-2.53689858821583,-2.32767161744982,0.32157627673696,-1.8485625473294,-1.9297385959923,-2.85131873993607,0.147437227955613,-14.1040555433171,0,0
0.45,1.67599992854805,-0.0593408495187759,0.0257878303420592,1.48195713109024,-1.29068865591397,-0.156572642993,1.66886961148947,-1.44415069619299,1.33285517276993,0.1089310729116,2.83630602784111,0,0
0.46,0.0273352998134157,-0.116462394595146,-0.0488878924982651,-2.24088738931715,2.44787931217605,-0.0520070061799992,0.02079701798347,2.71662341284324,-1.90621264589553,0.129424828931561,2.69904992289238,0,0
0.47,-0.215961155209627,-0.025051174685359,-0.00777924111381278,-0.555535404792713,0.389688110237178,0.0224861826569287,-0.214928147857145,0.463519734425424,-0.495606562745703,0.140248542187996,0.377547630223946,0,0
0.48,-1.23924277295444,0.458782851696014,0.0207768718357272,1.99990590338453,-1.03910407945797,0.139697739405319,-1.23151892812418,-1.22637180924351,1.8908657001044,0.096188283592515,-11.7070295354616,0,0
0.49,-1.213555306841,0.983729243278503,0.0377346176893495,0.512494291331803,-1.88720966154458,-0.00741030628336237,-1.21411921634365,-1.86685083110751,0.582304627895132,-0.0371876219592778,-23.9732410956223,0,0
0.5,2.44225198694296,0.0211611445993185,0.0823669398452207,3.34443168764289,-4.12351218578439,0.360548244905878,2.4168955384132,-3.7148915351707,3.79317241125938,-0.114373145353571,1.72055293824935,0,0
0.51,5.55057048784897,4.59999990463257,0.0485290324684755,8.97190769407909,-2.41961108037259,-0.226878410365742,5.54614406542799,-2.86170238399629,8.84083168693802,0.0496274666602022,46.8037498064667,1138.46461405803,0
0.52,6.3008950737922,4.59999990463257,-0.0473084001427831,12.3074340911162,2.39467889385627,-3.57003225118618,5.19214662169255,-4.91337971119842,11.5354289354767,0.594835708106889,101.549512061573,1138.46461405803,0
0.53,5.28357785858388,4.59999990463257,0.0591027019919853,10.4247979923917,-2.92411594442348,-2.48688991189869,4.66208823202619,-7.57348913463763,7.73751443075429,0.501216925036815,146.248425366747,1138.46461405803,0
0.54,5.23717082430363,4.59999990463257,-0.0543112152970502,12.3969192784275,2.76424397551335,-5.14980083912482,-0.954179893098494,-12.6876040982998,0.591062261369301,1.7436335051238,193.803303650059,1138.46461405803,0
0.55,3.83001281866227,4.59999990463257,0.061932591483624,10.6062246104618,-3.06593954122827,0.531033573763572,-3.79352569261645,4.6690684089335,-10.004588244937,-2.98634330440209,228.930774908127,1138.46461405803,0
0.56,5.5213181512837,4.59999990463257,0.056279658456909,11.3429217674732,-2.74607274936355,5.03201990847521,2.27308098587798,9.13311923222227,7.26559858909279,-1.13631736701327,276.786425460128,1138.46461405803,0
0.57,2.28757122914126,4.59999990463257,0.0330574242196133,11.1815028395015,-1.62654296054746,-1.87397127623152,1.31236678468715,-10.1643123433409,4.93542321785019,0.974310082275795,298.271251392228,1138.46461405803,0
0.58,5.24575437773073,4.59999990463257,0.0678560269047555,10.3243988028074,-3.33074723151428,0.902389134959838,-5.16800128492388,5.18070264462628,-9.53139065759104,-2.9557898945419,345.155871069037,1138.46461405803,0
0.59,6.0571642925734,4.59999990463257,0.09145773190702,12.5561694290921,-4.46751865639332,1.49462626571917,5.87057885644799,-1.43168781162385,13.2501465534287,-0.234201716789723,397.650685958179,1138.46461405803,0
0.6,5.78354418570093,4.59999990463257,-0.00225657674234725,16.8395136130291,0.232315165913464,-1.51665497130854,-5.58114201020712,-4.6464319023942,-16.1874599501009,2.8758636721412,449.554083486672,1138.46461405803,0
0.61,3.65270445926186,4.59999990463257,0.0126473667091676,10.5834139907871,-0.550476316242282,-0.0263942009996489,3.65263099268866,-0.66356254567199,10.5769258588265,0.0106884061060801,482.135206796848,1138.46461405803,0
0.62,2.47248675766856,4.59999990463257,0.0675464611589854,11.7959600865583,-3.32062920455832,1.09845867544012,-2.21610961588361,8.45915565339856,-8.86645015264947,-2.65410273022418,504.609660407686,1138.46461405803,0
0.63,3.85413032853128,4.59999990463257,0.0523479242256195,9.56585189255396,-2.52232454550706,-3.53000713690928,1.54793750127223,-9.79342759847314,1.39872063565613,1.17112132761039,538.489854292614,1138.46461405803,0
0.64,3.77532806405209,4.59999990463257,0.0847254633166821,10.008045628164,-4.13778334846128,3.29956035096004,1.83662241239891,6.54016519919909,8.63182874606537,-1.04044179003598,571.899910183206,1138.46461405803,0
0.65,2.69532107563915,4.59999990463257,-0.00702234465157026,11.8602799726653,0.400392515880479,0.27794308856818,-2.68096114362483,0.7939307773961,-11.8404488562504,-3.04089415529148,596.45683864366,1138.46461405803,0
0.66,6.79475737868856,4.59999990463257,0.0527052460498325,21.2912564142269,-2.46265258452554,-6.7925562016663,0.180792492677421,-21.3338991309612,-2.06082636784429,1.55194293803725,657.425117913203,1138.46461405803,0
0.67,6.64515005206827,4.59999990463257,0.0316112892752447,17.2245071470861,-1.36887308792432,-1.94987544643101,6.35271628766136,-6.43906723291381,16.0342094647937,0.302564627871495,715.902148658437,1138.46461405803,0
0.68,5.56875571327072,4.59999990463257,0.135770547339405,20.0969217573678,-6.63891223372936,3.00292815940186,4.69168373881717,4.74097993397711,20.6272763358265,-0.544975137880813,766.998630547881,1138.46461405803,0
0.69,5.66793148414718,4.59999990463257,0.0406623623410689,17.6409612240884,-1.82312648665663,4.85814212489056,2.91985544694627,14.1042360981181,10.7516429993133,-1.02245092922698,817.088494913118,1138.46461405803,0
0.7,3.83173465949719,4.59999990463257,0.115317527665457,17.5533494703178,-5.63639724399513,3.59571422177256,1.3290326814347,14.1619120069782,11.8037832844316,-1.18666810938684,851.97677295099,1138.46461405803,0
0.71,2.97313768458209,4.59999990463257,0.129010151689017,13.3356120133645,-6.37146189716557,2.74032801027474,1.16051441474229,9.30616932947693,11.4816935549215,-1.12683664767758,878.653670838414,1138.46461405803,0
0.72,6.35404640445507,4.59999990463257,0.130432712979625,20.393358949832,-6.3111103079164,4.49245723647213,4.49541392766594,9.56174055984947,19.0864433575643,-0.764544577391252,935.359779981981,1138.46461405803,0
0.73,6.92274126746518,4.59999990463257,0.162743935390958,23.3619274511188,-7.89083925182307,-0.0806041406011555,6.92418480525252,-8.70684547947105,23.0702371059784,0.0351446994930077,997.668424335775,1138.46461405803,0
0.74,5.00928052255938,4.1916675567627,0.0627432272326653,17.9213429475467,-2.95601459097808,-4.71969964885935,1.67966165962472,-17.914083751469,2.99969309280304,1.24141476490034,1045.56854400309,1138.46461405803,0
0.75,0.923414833902269,3.56198382377625,0.0128849538213449,16.0328083733392,-0.632828703598116,-0.435001285304886,-0.814637870031114,-6.79159206808717,-14.537045562459,2.66508377616113,1056.36454339204,1138.46461405803,0
0.76,0.795966080364475,3.17914175987244,0.0545929152054963,13.4154866088815,-2.7110347093573,0.648539116911209,-0.464692803169416,12.8387124822413,-4.74262078884239,-2.12404555266688,1065.11443933894,1138.46461405803,0
0.77,0.824414107898677,2.78983497619629,-0.0426308555857081,13.7301048718374,2.17692916627475,0.404816275247233,0.719444087087592,9.18147403879367,10.4381672175526,-0.564190103510925,1074.20080606991,1138.46461405803,0
0.78,2.50361718273268,1.69162464141846,0.0224099750625452,17.7622005229197,-0.986020251006328,-2.2576399680483,1.08243382214688,-16.5028487678726,6.64258879477941,1.13267125313943,1101.31823810686,1138.46461405803,0
0.79,2.6391604454105,0.475362360477448,-0.0102806978850624,17.3748227254937,0.599445099360204,-0.272516260409001,-2.62507303463752,-2.45738979419916,-17.2106081986908,3.03425494164845,1129.98404569718,1138.46461405803,0
0.8,0.3138592912608,0.18942192196846,0.0140306231042221,16.7451682180059,-0.709782526979753,0.300613456036543,0.0913020434885782,15.5527627238266,6.24628061659657,-1.23125722833928,1134.42311240863,1138.46461405803,0
0.81,-0.945270238531653,0.524061679840088,0.0143319613480142,15.5857122142657,-0.751989995344158,0.666262811167142,-0.670697469374551,-11.3567274003546,10.7006848814944,0.766920605489121,1125.5481455139,1138.46461405803,0
0.82,-1.85888050300881,1.2854231595993,-0.073365578370747,13.6859997462385,3.60295112696611,1.85806879251138,0.0916493036048743,-13.9514358856517,2.37598034627728,1.65952855611682,1106.92595196413,1138.46461405803,0
0.83,-0.427268022145676,1.52622008323669,0.0540811503824944,11.7473642674098,-2.76616728104405,-0.190300168608833,0.386352920789298,6.44163039485148,-10.2057653566041,-2.80982331531122,1102.51074182598,1138.46461405803,0
0.84,0.00577125554187447,1.5235093832016,-0.028963388503686,13.8121582897963,1.43250429277313,-0.0105372793320276,0.0275889653380458,12.4540031900216,6.14211606159754,-1.00927250556859,1103.04015217769,1138.46461405803,0
0.85,0.0522037492125715,1.46244275569916,0.0162645895010802,15.9894846211006,-0.803016845964004,-0.026070380178632,0.0480635369155173,-12.0193600842121,10.5756057826189,0.79902918194443,1104.53002902997,1138.46461405803,0
0.86,1.77543523934898,0.697085201740265,0.0792590317309996,17.1627891687414,-3.86477206672673,-0.849767134028233,-1.56088055313613,-4.05256005090755,-17.1194203234866,2.68765969724099,1123.90494076258,1138.46461405803,0
0.87,-0.242201793545632,0.734847545623779,-0.0244678114721617,9.58490556329693,1.17484194558299,-0.239480807970895,0.0436958259856197,9.46076095215234,-1.93511510268803,-1.65059082651822,1121.10049752155,1138.46461405803,0
0.88,1.27976161453604,0.170150861144066,0.00227230137262446,18.9044919807451,-0.0628157022380001,-0.425303479586632,1.20702605756667,-6.37338111635235,17.7978587478446,0.340548172900345,1135.70407137282,1138.46461405803,0
0.89,0.121164745140488,0.0691444650292397,-0.0232378801595013,11.6862842137489,1.18752429605996,-0.0659806427858403,-0.104247059032061,-8.86380556920177,-7.70794418179301,2.38782767747611,1136.98876725223,1138.46461405803,0
0.9,0.585151319617443,-0.212411969900131,0.0418041566043375,16.5116212992103,-2.10696427147463,0.557419982898402,-0.182845883259589,16.5283350925615,-1.97156674698238,-1.81643842684462,1144.05215416785,1138.46461405803,0
0.91,-1.19554601405876,0.226404964923859,0.0215962666178834,13.9893701952553,-1.15837422725655,0.306674943070864,-1.15574527892443,-4.46790714019386,13.3072204121249,0.241309094066646,1132.24280352199,1138.46461405803,0
0.92,-0.131158767708627,0.313996523618698,0.0817389074753359,12.4518128115217,-4.08573486197993,0.0502345285292269,0.146151850777038,-7.08640967367973,-11.0237774647511,2.2532201357283,1131.08687276272,1138.46461405803,0
0.93,1.61818196335703,-0.375938475131989,0.0879302326954302,16.6406917634574,-4.36051279132406,1.46857957710389,-0.685214286241354,17.0661560213794,-2.1617152503589,-1.95306927693665,1148.82772024722,1138.46461405803,0
0.94,1.21070834866438,-0.988695919513702,0.0356777907640404,17.8291026404728,-1.75263672670963,-0.251783784801871,1.18477531033959,-5.92116848905118,16.9082346856375,0.238860762749374,1162.66484633201,1138.46461405803,0
0.95,-1.20461564730216,-0.546359300613403,0.00327715899363878,11.0642016534011,-0.209781070701729,0.783964054040803,0.914609184006034,-7.06447989590959,-8.51784539217735,2.4302374879005,1150.21503968072,1138.46461405803,0
0.96,-1.8762653180405,0.239943623542786,-0.0733673159564205,13.7636624330721,3.54551924162609,-1.82069009813182,0.459175209802312,12.7350655159113,-6.31088080775974,-1.77876010542052,1131.2160086462,1138.46461405803,0
0.97,1.90280473343519,-0.474318206310272,0.0943715802811239,15.249820602644,-4.66066972000394,-0.484082616170434,1.84261658232789,-9.04422844749405,13.1331946776603,0.306464692632172,1151.24137437843,1138.46461405803,0
0.98,1.28825663271345,-1.10913181304932,0.0878672574822756,16.6891688123807,-4.32434177936802,-0.823862565468889,-0.994271733424355,-6.23931207847824,-16.07169164277,2.51774981637942,1165.49779998597,1138.46461405803,0
0.99,0.581425712813903,-1.45620477199554,0.00604385170841654,19.3295958262619,-0.317082737754255,0.57936147704646,0.0493220698995089,19.2116670541514,2.15538053940738,-1.47547481802192,1173.08156738635,1138.46461405803,0
1,0.657921325964659,-1.78405869007111,0.0825529717693769,15.7646380397778,-4.11697680280423,-0.449568411191057,0.487405075851903,-14.7031320527313,7.02077049617652,0.869861402556165,1180.68562079717,1138.46461405803,0
1.01,-2.84427457483989,-0.675687491893768,-0.0132286041932979,11.7445248446362,0.542076110778658,2.42088777545957,1.49310924974697,-10.2540977470688,-5.75162496427861,2.12809996859316,1151.81528818341,1138.46461405803,0
1.02,-2.24309795255284,0.30849814414978,-0.0987572913273752,15.4967904874022,4.7952344346604,-1.90689192627613,1.18532890323318,11.1584820174449,-11.7742544460424,-2.08295003605249,1129.22589086376,1138.46461405803,0
1.03,1.07705440226877,-0.0431062616407871,-0.0520813511749941,13.2114491154844,2.64107247304449,-0.00238704301269026,1.07831023115447,3.24715144121709,13.0756896206934,-0.0461040370015555,1140.41954989894,1138.46461405803,0
1.04,1.29964873105543,-0.640886783599854,0.0764158172489876,15.5452956960484,-3.74618550792822,-1.16885667003769,-0.573323892898434,-11.6865790074994,-10.9139358271371,2.08554455323377,1154.58625341305,1138.46461405803,0
1.05,-1.71115162302648,0.0122839007526636,-0.0724999536606765,9.59570965328722,3.50518381434612,-1.45236591942387,0.907705544966539,6.61497108881782,-7.78499292335247,-2.08704040351505,1136.54607428208,1138.46461405803,0
1.06,-0.427817730046208,0.260451793670654,-0.0891818565947733,11.5896134940183,4.42034346131993,-0.113167736254726,-0.422107186812261,5.06693248242485,11.3218714210731,-0.0564273725748,1132.04836816264,1138.46461405803,0
1.07,1.28040939923259,-0.273234814405441,0.0781167483925888,16.0465411485507,-3.83782040452766,-1.19084599411021,-0.476902793380634,-12.8643803346571,-10.330927688007,2.01264488091495,1145.98491793396,1138.46461405803,0
1.08,0.170870956301431,-0.42957878112793,0.0484183794197846,16.058562252118,-2.44872081886585,0.117529543245778,-0.133146647113033,14.831245195138,-6.62629770049551,-2.14229019411102,1148.72122847993,1138.46461405803,0
1.09,0.834528875187394,-0.790544092655182,0.0862362628540509,13.5299602268829,-4.30408690621644,0.0614714116039478,0.836717635829429,-4.70308821128872,13.3964901789287,0.0296342145978758,1157.65473634742,1138.46461405803,0
1.1,-0.821310268674343,-0.520300924777985,-0.0305711846847356,15.0361454531896,1.50196015900717,0.68072182336536,0.46054636461174,-13.018998455582,-7.67119505828606,2.20281938790573,1149.9966493146,1138.46461405803,0
1.11,0.392651580586379,-0.683754682540894,0.0149399093669605,15.3677360640702,-0.770427281640315,0.364584820536731,-0.146548194335771,14.7264901006487,-4.45997300963971,-1.91496003639286,1154.83522993911,1138.46461405803,0
1.12,-0.0208994958088371,-0.716353416442871,0.0260332412676829,14.2676297202746,-1.32967765803822,0.0306484159516292,-0.0132360558936909,-5.07068992447906,13.4022910056056,0.268773053193511,1155.18484894295,1138.46461405803,0
1.13,-1.70371084874072,-0.0192536190152168,-0.0108336650762871,10.465051855222,0.47193369404453,1.17739666316895,1.23145650429661,-7.52695179924574,-7.28594732041703,2.38499165042621,1137.51226468292,1138.46461405803,0
1.14,-1.96154442083782,0.817103266716003,-0.115286822268221,13.6763445340626,5.66835523738976,-1.80337641339069,0.780244242487445,10.9071958299762,-10.0102812167381,-1.92042902339888,1117.65644286288,1138.46461405803,0
1.15,0.954080973203046,0.477407693862915,-0.0628282821277609,16.1128099443584,3.156077039146,-0.0909126263398888,0.95181552353131,2.67994910344365,16.1988067271324,0.0294688739146616,1128.27598917602,1138.46461405803,0
1.16,-0.143833731771191,0.494154542684555,-0.0818330893196745,11.7980892870594,4.08669972930806,0.165001676574579,-0.0126191770891271,-12.4137748736891,-1.33948456068684,2.01173564694793,1126.86080006954,1138.46461405803,0
1.17,-1.00226277922352,0.917176008224487,0.0128075959429546,9.52252772757352,-0.669987201745106,-0.731815710988005,0.684938302536673,7.33276129387144,-6.11212147948726,-2.33589664706431,1116.2325034529,1138.46461405803,0
1.18,2.14666637923668,0.040595568716526,-0.00182152634743127,18.3998138297521,0.152493252605654,0.727165361269416,2.01975503442206,6.39090300003845,17.2549344248457,-0.346427588162845,1139.67840261355,1138.46461405803,0
1.19,0.426795136285741,-0.248703882098198,-0.0338934342015516,14.430789727464,1.69927268041654,-0.313490811769022,0.291592805424857,-8.50306446127401,11.7827464781395,0.742324915012301,1144.68528536649,1138.46461405803,0
1.2,-1.17627828597207,0.227074459195137,-0.0022349057239831,8.67522727943828,0.0701532745367792,0.39448771047536,1.10815840345002,-2.96000192342186,-8.15492970203773,2.8014959925919,1132.18034432088,1138.46461405803,0
1.21,-1.11224585954263,0.731831431388855,0.0142837843579582,9.96337040097557,-0.803500696055547,-1.10945873389903,-0.0799762235947488,9.89848867391178,1.39078578078659,-1.51167658188962,1120.37922742789,1138.46461405803,0
1.22,-0.547138151054589,0.96671998500824,0.0278527888708433,15.2045202265838,-1.45287753530718,0.238244836532501,-0.493330854551912,-7.24616472013831,13.4454968410177,0.3990371103241,1115.52793028575,1138.46461405803,0
1.23,0.213477684389697,0.892076671123505,-0.0670426175374793,12.0938251211426,3.36375972850552,-0.11410779969205,-0.192475568184907,-11.247629459698,-5.57371663338098,2.30215611431041,1117.88552974503,1138.46461405803,0
1.24,-1.13223555628933,1.34426689147949,-0.0756893468164369,10.7408879063646,3.75465253814709,-0.929267635494653,0.65126637696836,7.24239972695536,-8.77563301957762,-2.11533455061272,1106.18371706858,1138.46461405803,0
1.25,-0.88426312561767,1.74852108955383,0.0106663250214935,11.1570167595689,-0.614408555583173,-0.273077068262757,-0.841108768593939,2.9909385444044,10.7661881587715,-0.325989052189037,1096.92411427021,1138.46461405803,0
1.26,-0.9689630125865,2.17417860031128,-0.0195100326581196,11.3768184889441,0.898214929889685,0.950278321378755,-0.190370882890746,-11.0392328351903,2.89380845964488,1.39321407440425,1086.95636536404,1138.46461405803,0
1.27,0.544561859289939,2.00560450553894,0.0115601417525924,9.42413639038642,-0.566323485381237,-0.0353400652282818,-0.54353687571343,0.154058630703909,-9.43988002746886,3.09789048234844,1092.1762362608,1138.46461405803,0
1.28,2.75712133636046,0.809215307235718,0.0472055895423565,19.6795707022797,-2.2192276935666,2.69861330268459,0.566950327340846,18.6936587543852,6.53892934328845,-1.34659875232947,1122.06563942089,1138.46461405803,0
1.29,-1.81521017771922,1.40946304798126,-0.0133332076886982,13.1602767693279,0.582535451863143,0.900153302833547,-1.5763533217907,-6.1059694986203,11.6725904871159,0.526194692464053,1104.02823967684,1138.46461405803,0
1.3,1.60515826847292,0.791441977024078,-0.0604507479472425,17.6934562169652,3.06554787226276,-1.03593615541585,-1.22760891234814,-14.1784860055406,-11.0193698208875,2.40302857762833,1121.60104637414,1138.46461405803,0
1.31,-0.263966973392653,0.841371893882751,0.0170067615033214,9.74829893696148,-0.87337182833119,-0.251293831479173,0.082578467165631,9.37168910384324,-2.82197694104555,-1.9526314401678,1118.65324034319,1138.46461405803,0
1.32,-0.528417001703957,1.04913020133972,0.0161821792512034,13.1607638183162,-0.818799947489534,-0.0130395485323347,-0.528503889095615,-0.09036789678326,13.1859004728058,-0.0552818771007124,1113.64473631167,1138.46461405803,0
1.33,2.4532833650453,0.0335547626018524,0.107481685073371,17.2497345951037,-5.30398136611906,-2.3366717492753,-0.75506073793628,-14.3159647153549,-10.9881170453526,1.92712395749479,1140.12083894828,1138.46461405803,0
1.34,-1.03245195415931,0.32474473118782,-0.0963459057693587,13.1979339894679,4.74755119618822,-0.690505962028634,0.7735897411476,6.43267490588256,-12.4637633765252,-2.31983309911428,1130.06955168738,1138.46461405803,0
1.35,1.64190268042437,-0.351052016019821,0.0453180395581383,18.1429486596535,-2.18017163061782,0.449630237989844,1.57978820915315,2.37059666705402,18.1190509091378,-0.24968842713039,1148.14526861707,1138.46461405803,0
1.36,0.402443187938121,-0.622600138187408,0.0401215109587298,16.9408579759,-2.00865045393144,-0.393381948037771,-0.0939196364846946,-15.3482199668728,-7.4471128267391,1.90452483021243,1153.45790392187,1138.46461405803,0
1.37,1.00901128346505,-1.09504675865173,-0.0559113174038965,17.1427111407006,2.82096501522979,0.0333372759207629,-1.0100091443189,-3.2035465817635,-17.0753529442036,3.11923220532579,1164.96520557221,1138.46461405803,0
1.38,-2.36510462533345,-0.170189633965492,-0.0216621926490053,8.64289579379508,0.981077222935138,-2.00419225006709,-1.2559468795037,7.80990536299715,3.82982224663119,-1.00184545039612,1140.47206572369,1138.46461405803,0
1.39,1.82227402599847,-0.843922793865204,-0.00166731071376103,15.8399237174073,0.137836670369765,-1.66355186772863,0.743828333105335,-14.3979420659596,6.60465340394566,1.14941449779242,1159.91055195398,1138.46461405803,0
1.4,-1.81236616892352,-0.216129377484322,-0.0568648330333613,14.3134204695749,2.73247589330056,-0.230435997490243,1.79855608490676,-0.434748633571068,-14.5654187606098,-2.9827983895039,1141.99231887037,1138.46461405803,0
1.41,-1.53698531941758,0.495453149080276,-0.0753884191406489,8.82537282080945,3.70910325860209,-1.30090314815014,-0.821984358110745,9.3534045769077,2.03923398116471,-0.958271286124779,1125.64184998596,1138.46461405803,0
1.42,0.0308199948917156,0.481442362070084,0.0323206655852782,18.8868585934199,-1.59840116960005,-0.00920068587130292,0.0437017721436827,-16.9016654134258,8.57916196836418,1.01666387455079,1127.42503763735,1138.46461405803,0
1.43,0.554536445595924,0.239609733223915,0.0180748826736651,12.8618237324854,-0.915567486230326,-0.0845489399542466,-0.548351025922667,-0.635883440605568,-12.8786810581414,3.02119281542705,1133.41337046971,1138.46461405803,0
1.44,-1.47152711458614,0.833584487438202,-0.00545014503999219,8.31550392775063,0.195710771638919,-1.41813747457542,-0.392820386752043,8.05841349709569,2.06103861885161,-1.29687038614676,1117.8241862376,1138.46461405803,0
1.45,-1.42155761488836,1.46384823322296,0.0254501320891592,10.8319897998305,-1.32402996748123,0.772852360905231,-1.1933871919514,-6.84839009224564,8.49615274832395,0.556793867972916,1103.1835108308,1138.46461405803,0
1.46,0.958279243915879,1.07339882850647,-0.0094499815623173,18.570140373049,0.489874261575784,-0.637539672427671,-0.715493939563666,-12.8526757941944,-13.4126363999115,2.40388421572688,1114.46282200036,1138.46461405803,0
1.47,0.331975468696519,0.903183579444885,-0.0120093033263882,10.7269341368003,0.583888249787332,0.309290101472561,-0.121208779854232,9.60679606752582,-4.80806726039283,-1.98045437090846,1117.70665607786,1138.46461405803,0
1.48,-0.867063984699882,1.23769021034241,0.0189521216970397,11.7561752442206,-0.994281382576512,-0.0713084838038994,-0.864334562896825,0.233522978924336,11.7958348097487,-0.104168934937026,1108.9584739583,1138.46461405803,0
1.49,0.942743736003226,0.843190729618073,0.0922477701799385,16.5431393786623,-4.55542274712805,-0.940951644557869,-0.109020206752381,-15.2071955582201,-7.94786387408266,1.78368347028507,1119.75544527255,1138.46461405803,0
1.5,2.21847721618021,-0.144911974668503,0.0482041088290184,17.2540111892529,-2.34795562916154,1.32467289399667,-1.78022653578953,12.4511549950677,-12.1730249750906,-2.48015091421803,1144.04969071902,1138.46461405803,0
1.51,-1.70907282765599,0.447060704231262,-0.0719064008107373,10.3318434269957,3.49685423040793,-0.798021704355879,-1.51303067387496,7.59044344079606,7.83327176094074,-0.443303539896403,1126.60616448562,1138.46461405803,0
1.52,0.228001599191342,0.40041920542717,-0.00316517885723959,14.0483424438836,0.180292941103937,-0.2279998062021,0.00329180236530555,-14.037605154665,0.577990040534463,1.54247821354226,1129.40566077375,1138.46461405803,0
1.53,-0.215470515153585,0.472615391016006,-0.0127348118471486,12.2839682912699,0.627403129124053,-0.0698501722460761,0.204231906837612,4.07341329945798,-11.6058957327367,-2.75301627758904,1127.31096655889,1138.46461405803,0
1.54,1.51297027942133,-0.191140845417976,0.0203716283632926,19.1267541328722,-0.980884153882068,0.997746429966696,1.1375395075087,11.6714260612591,15.1846195566186,-0.70655952888933,1144.43062445157,1138.46461405803,0
1.55,1.10708747818355,-0.766120135784149,-0.0274306270059752,18.9744123158687,1.43113865384606,-0.503965514271642,0.9861104826913,-6.92357927956833,17.7240100016519,0.447687317608257,1157.39663801488,1138.46461405803,0
1.56,0.597259524945443,-1.0642706155777,-0.0157660957370117,13.1107219441453,0.82266160706217,-0.255143591033053,-0.540249255314252,-6.64405878561065,-11.3324439054327,2.67398272743659,1163.86074025609,1138.46461405803,0
1.57,-1.39458345638424,-0.522460103034973,0.0172815636763888,11.6953687186233,-0.964639693183151,-1.37536384574733,-0.231378393707828,11.4082246617001,2.75037984111166,-1.41651757827439,1149.44596685477,1138.46461405803,0
1.58,-1.67936217395718,0.225583732128143,-0.00175185008508461,9.58829045505096,0.0120479493865067,1.02525989719737,-1.33007613447342,-5.85208537658758,7.59529826594293,0.657741466332868,1131.83678833786,1138.46461405803,0
1.59,-1.55554114660094,0.886850237846375,-0.0126448597627483,14.7123588474662,0.578841455846715,0.797633799374788,1.3355330296709,-7.94022700143501,-12.3992481809708,2.61133374197591,1116.5269725236,1138.46461405803,0
1.6,0.089991622809484,0.9096519947052,-0.0504703867138568,11.2280497192919,2.49141368060156,0.0981159152293997,0.0319220815365781,10.5252141204948,-4.63638979643814,-1.76737046914012,1117.34595510268,1138.46461405803,0
1.61,0.94999978577534,0.484228432178497,0.04487535626335,16.458936054618,-2.21701303854279,-0.127293940525327,0.942501800146021,-5.1507205014939,15.7886605251542,0.181449426527214,1128.10920324511,1138.46461405803,0
1.62,-1.00824716743922,0.872105956077576,-0.0474203095322148,9.41718052509676,2.340458752417,0.881867586015765,0.491040321297622,-9.23677362545378,-2.97372648475754,2.12585730250572,1117.32854512978,1138.46461405803,0
1.63,0.889962795441115,0.507397651672363,-0.0240917284561557,17.0237641114792,1.23020213084191,0.728435519500147,-0.511855333644106,12.9246493546901,-11.1478868340294,-2.21038096848992,1127.57309759019,1138.46461405803,0
1.64,-1.23189615920982,0.97354930639267,-0.014622825082223,10.7762765323286,0.640496864155008,-0.351705886472431,-1.18071374325445,3.56957453700714,10.188057212195,-0.27763710248395,1114.70357135618,1138.46461405803,0
1.65,-0.340353677743389,1.161172747612,-0.046889436396197,10.8323650815959,2.32621679029779,0.341448433670536,-0.0381079039431626,-10.8886845529244,2.04645217958993,1.59655467151316,1111.16898511601,1138.46461405803,0
1.66,1.56718146307567,0.516984641551971,0.102561306561312,14.2987544150285,-5.04126749489321,0.488586878002566,-1.4926015618561,10.0046833130699,-11.3918860414571,-2.7598965874865,1127.82291227861,1138.46461405803,0
1.67,0.530914319991639,0.218387931585312,0.00352220070558598,14.1846329386417,-0.192454399429827,0.365155758018438,0.385413665372642,9.54667712502008,10.4929407779935,-0.75178054335362,1133.93469272716,1138.46461405803,0
1.68,0.445502285307751,0.00843796879053116,-0.0238046944908657,12.3100777461484,1.1918381342019,-0.435222513629434,0.0980831959323799,-11.5236965788212,4.49031284139753,1.29575346903983,1138.70131813122,1138.46461405803,0
1.69,1.59595629947597,-0.694237589836121,0.0444336308224857,16.5561961184251,-2.13180795942606,0.407038263261891,-1.54381692879235,6.71026204091827,-15.2847838856112,-2.85596794872267,1156.08750873748,1138.46461405803,0
1.7,-1.63319035392717,-0.0933532491326332,0.0121615550845803,10.5595699573423,-0.728862885424271,-1.08000465538989,-1.22517287756423,6.49833160899381,8.35508498396678,-0.729952723822607,1139.12899752909,1138.46461405803,0
1.71,0.114950848780988,-0.108142726123333,0.00377476051974707,16.0152664418443,-0.208601714612118,-0.111188000908231,0.029413855688812,-15.6554568283354,3.38215099821541,1.34500517589565,1141.19669371286,1138.46461405803,0
1.72,1.18534747747228,-0.602412760257721,0.0637838570861496,12.4843958235103,-3.12354334247826,0.327800901777601,-1.14090472501803,7.03865651807956,-10.7737633402131,-2.8080537946087,1153.56875749412,1138.46461405803,0
1.73,1.21773267152407,-1.19076073169708,0.0656886111427701,17.9003542310121,-3.27076077021342,0.723120806047537,0.981979710988052,7.08808442549413,16.7594634994306,-0.580843018270366,1167.47966996051,1138.46461405803,0
1.74,-2.56617100804704,-0.179705455899239,-0.0653758264825395,7.39988759685481,3.12626039201354,1.37008939129487,-2.17079771077147,-1.50725600910735,7.89050187299693,0.588476922810047,1140.44749393497,1138.46461405803,0
1.75,0.621545734347201,-0.342262148857117,-0.0284574151189274,13.1885273455194,1.46809446788889,-0.245654330886733,-0.571649257916989,-7.07671764520469,-11.225534387289,2.6899702729875,1147.02272796957,1138.46461405803,0
1.76,0.115890054590688,-0.42614009976387,-0.0264907906600078,13.2297284978621,1.29111616504494,0.112341729973953,0.0388793319037802,13.2917511890392,0.148483694255082,-1.46234170787741,1148.54461092788,1138.46461405803,0
1.77,1.12799259437937,-0.923052728176117,0.0179726043516272,15.881487576189,-0.868743830474459,-0.732095902331416,0.858327383503187,-11.1492813460457,11.343275053632,0.722126378291497,1161.053734403,1138.46461405803,0
1.78,-0.475870709849775,-0.774233758449554,-0.0273329120640436,11.0676988296924,1.35965897529866,0.126245086467662,0.459632678034973,-3.64412962290857,-10.5386407664995,2.93091240652601,1156.13316051276,1138.46461405803,0
1.79,1.03476738254694,-1.2266138792038,0.036425606789726,18.4693900926632,-1.81576237618384,0.944727319066904,0.423745977469654,15.7745628266333,9.77642731422536,-1.11397177076977,1168.1491109796,1138.46461405803,0
1.8,-0.967891417865034,-0.87945294380188,-0.0342384714243506,11.8624908559405,1.6499894997818,0.859652478719174,-0.446075874189854,-10.0081874134468,6.5785514632013,1.12750082031709,1158.1864066877,1138.46461405803,0
1.81,-1.23521691263083,-0.349390327930451,0.025431140931592,11.9838149646806,-1.31565069035694,-0.201971408170193,1.21885811908527,3.01740083698378,-11.6721056384746,-2.99796487202386,1145.60186719633,1138.46461405803,0
1.82,-1.74155294031145,0.356413453817368,-0.0360335939426053,17.0426370730363,1.67917941869912,-1.43721392872173,-0.98423634706717,14.8364336421473,8.55285675698915,-0.949641895211248,1128.64841539547,1138.46461405803,0
1.83,-1.91166522122694,1.21235930919647,-0.0723504746725186,9.69724336897555,3.50673712765541,1.52811202306934,-1.15090058397105,-5.95891615040444,8.41576214920944,0.963109784178121,1108.56340157941,1138.46461405803,0
1.84,1.59342824217512,0.63133180141449,0.0718432065307545,13.4436861201732,-3.51627522646986,-0.497458651124962,-1.51548998667324,-0.226305925901452,-13.894087720823,2.86948129100709,1125.13618600801,1138.46461405803,0
1.85,0.280744743063487,0.414541751146316,0.0217423217812811,16.290538268802,-1.05567480534311,0.281075791103985,0.0169333685217404,15.9922071985781,3.27801697672321,-1.4333333214585,1129.16095240561,1138.46461405803,0
1.86,1.59376922581866,-0.285259932279587,0.0530806276670769,16.2518020179246,-2.61902408744505,-0.89400276191924,1.3204836083348,-11.672739309193,11.6072181430373,0.628433518415832,1146.68350510986,1138.46461405803,0
1.87,0.629542526187592,-0.655500411987305,0.0288610733049974,17.3034549680261,-1.4179764342423,-0.249124882862547,-0.578872651426628,-4.77835056482858,-16.6909429595267,2.78100143239305,1154.4013327525,1138.46461405803,0
1.88,0.776931174505742,-1.04343152046204,0.0782393830117912,17.7400133823311,-3.85923774623745,0.767802987238125,0.142204162249737,15.9523868169166,8.66736093806722,-1.28729756044101,1163.59595999253,1138.46461405803,0
1.89,-2.75882547202038,0.0245967675000429,-0.000510843882179701,12.3807662555853,-0.144966745446304,2.07364032036716,-1.81965218318708,-9.40297254882429,8.05533957563436,0.850728381195328,1135.43213138597,1138.46461405803,0
1.9,-0.796039758245249,0.488684117794037,-0.00949139339238049,7.79785121999939,0.430548098097865,0.233700876112462,0.761021211110407,-2.61314622557389,-7.35957350107943,2.85556808587981,1126.41790313939,1138.46461405803,0
1.91,-0.834755429780577,0.848057210445404,-0.00719271773944657,12.5543006731985,0.338697899029888,-0.832392481678387,-0.0631753051589961,12.538188640174,0.720421601073199,-1.48642915270999,1118.04989239667,1138.46461405803,0
1.92,2.05821407790366,0.0180125813931227,0.00598789209075495,15.4562694755088,-0.242315513105479,0.975752898470112,1.81223269103603,7.07412660543442,13.7445158400623,-0.491004431809209,1140.06023280434,1138.46461405803,0
1.93,1.16978072323281,-0.58051073551178,0.00904783182241453,16.5043629760329,-0.415850782888308,-1.16803635761715,-0.0644970618882986,-16.4455895540281,-1.45241637925025,1.63369316106151,1153.08689875109,1138.46461405803,0
1.94,-0.159953244840031,-0.562569797039032,-0.057401996357517,11.5402833517802,2.88223374616641,-0.0519737896521387,0.161798500950653,4.74811973777053,-10.9059969816019,-2.48622600714313,1151.46875650953,1138.46461405803,0
1.95,-1.94090100621049,0.247760802507401,0.00269592280643571,9.45601576413556,-0.269407733992832,-0.768954537126759,-1.78208105981205,3.51116365995562,8.7841074909021,-0.408745945408437,1130.87692901815,1138.46461405803,0
1.96,1.38982028978979,-0.268780440092087,0.0535076693790681,16.9454316005454,-2.63602969497639,-1.38936459863721,-0.0642613464488568,-16.661678705373,-4.06014376598684,1.65549641323236,1146.05467273173,1138.46461405803,0
1.97,-0.447476484839715,-0.180747017264366,0.00688354549837039,16.1640904686734,-0.354565977352096,-0.26479262658516,0.360787267775995,9.65138178742033,-12.9712901172245,-2.52383769398937,1142.43022038028,1138.46461405803,0
1.98,1.35761020852307,-0.782195329666138,0.0328290863104133,19.7398958344333,-1.61820081322374,0.52371289669487,1.25295970766402,5.66246511723646,18.9794243912262,-0.371733379055325,1158.13246174966,1138.46461405803,0
1.99,-0.0622875635612198,-0.816698729991913,-0.0230540230239248,11.1117693595896,1.12648045394155,0.0661307728110133,-0.00616031163162962,-11.0250519976916,-1.7856665315848,1.83239848423747,1157.48049251047,1138.46461405803,0
2,0.0180726680841075,-0.883106291294098,0.0632526499368349,18.9756287504219,-3.15164878986702,-0.0252160251756127,-0.060759123842045,16.8148681769101,-9.34171208942146,-2.24248708082619,1159.21954416478,1138.46461405803,0
2.01,-0.63276009865679,-0.638717114925385,0.0106391970319975,11.9887381350923,-0.606185536416522,-0.0229694084110221,-0.632432558651817,0.0311584343749501,12.0040131676179,-0.0531155525141535,1152.79798045188,1138.46461405803,0
2.02,-1.38977530518751,-0.0517355538904667,-0.0790657902975014,11.6904412687068,3.86926382570087,1.26455194986803,0.581923675570421,-12.1397429763521,-2.06500849346202,2.05891483158547,1138.5222434101,1138.46461405803,0
2.03,1.36263161182404,-0.580273389816284,0.0193682568812268,15.7457248093567,-0.889252405043964,1.16281356438058,-0.710636794297431,14.0036168188748,-7.25378077984128,-2.10515067298734,1153.21066883823,1138.46461405803,0
2.04,-2.65287851134763,0.419550657272339,-0.047260013591371,12.0638892328812,2.1997752956033,-0.150280762882822,-2.64904012751072,2.6667609756689,11.9693283300703,-0.0388567964994147,1126.24678281997,1138.46461405803,0
2.05,-0.092848520045583,0.531187772750854,0.00685670486230085,16.0964336985756,-0.37809853120823,0.0844085319686865,0.0392818254045678,-14.920215461145,-6.05188457465534,1.93264979475511,1126.08835371969,1138.46461405803,0
2.06,1.93013999188109,-0.276495575904846,0.044573093738409,15.5154897818284,-2.13342310858476,1.40979665573064,-1.31905289447953,12.9926182512611,-8.74492929115278,-2.2998641645825,1146.60578092049,1138.46461405803,0
2.07,-0.402878194974671,-0.228954613208771,0.0165185823574868,16.395533095872,-0.828620610792863,-0.0596760606585908,-0.398776217111078,2.27499712018531,16.2580597156492,-0.189524146685029,1143.57042120162,1138.46461405803,0
2.08,-1.54696398833096,0.390431821346283,-0.0738797662995573,13.8209742586161,3.58854016644103,1.50742838055323,0.355268178372304,-14.2747363273697,-0.35896067690212,1.84997265423124,1128.03830390072,1138.46461405803,0
2.09,-1.87895949750171,1.20253539085388,-0.0388800497180464,12.5776689987,1.85062560642087,-1.06046680739657,1.55158325652479,5.80457279866856,-11.3105926989242,-2.52135490997267,1108.94266235377,1138.46461405803,0
2.1,1.8754899820986,0.492690831422806,0.104075783472426,15.1156034478822,-5.10340233750609,1.87134994025823,-0.162307864113634,15.2668953720877,4.63120812637656,-1.60187712768915,1128.65060351046,1138.46461405803,0
2.11,2.00156731828023,-0.450455009937286,0.0381187623531146,18.7071564981194,-1.8534700560901,-0.882232325151347,1.79705060977951,-10.2102562207371,15.7842872313213,0.4754102831414,1150.96793134804,1138.46461405803,0
2.12,-1.86186132232982,0.203208684921265,-0.110387208497922,12.2135154394698,5.41710121622583,1.1182888818158,1.49269651845072,-11.2516201950066,-7.20527500962479,2.55783993362034,1132.20098183554,1138.46461405803,0
2.13,1.74335213786398,-0.470271825790405,0.148457833835237,17.9315285880717,-7.33341804728997,1.72972966717632,-0.263347078039703,18.3769745587457,6.13233591940012,-1.63693203629968,1150.99997847768,1138.46461405803,0
2.14,-1.67193573700032,0.114988148212433,-0.0069348327649692,13.410702570366,0.226010471890718,0.72520047818363,-1.50648646426263,-5.66366327482585,12.1581636143627,0.452793044809952,1134.27973424757,1138.46461405803,0
2.15,0.208571074724026,0.111750967800617,-0.0252681715149743,10.1757856757437,1.24748926285846,-0.106274214896355,-0.18123510959913,-7.15805308743326,-7.33928604001132,2.49068017263691,1136.04755793737,1138.46461405803,0
2.16,0.115362080046921,0.0229672901332378,0.044246023478457,15.6492944877696,-2.20207187098984,0.106261831310371,-0.0630439791968643,15.7966192336787,-0.465144360509954,-1.74002960017991,1138.11583817862,1138.46461405803,0
2.17,-0.361304223935473,0.111820727586746,-0.0521652931914399,17.8774729474752,2.60365290155847,0.0605969638760348,-0.359986066419757,-2.97694054549089,17.8191153654752,0.310157642538803,1135.6541078826,1138.46461405803,0
2.18,-1.30075152957503,0.624698638916016,-0.0529717757407965,14.3455838840941,2.55417867712234,1.00361871989375,0.829162237318937,-12.3840702694165,-7.67817746945203,2.30199514396864,1122.82057376046,1138.46461405803,0
2.19,2.22909892123486,-0.249899446964264,0.0250926139714117,15.5258434696799,-1.15184899272643,2.06645571464194,-0.836225100884918,14.8767850539835,-4.58909991225078,-1.94406257285684,1146.23219713186,1138.46461405803,0
2.2,-0.708255242786591,-0.0591790787875652,-0.0191874149003199,12.881679148173,0.945955752427668,0.0857279455178444,-0.703309579902435,-0.968794377796646,12.8799816543183,0.148378313584734,1139.27506473488,1138.46461405803,0
2.21,-1.01671310798142,0.341690391302109,-0.00490662409573517,16.2500576243006,0.156090381135614,0.837095583492837,0.577062044322826,-13.4236328886278,-9.15941139328967,2.17917301432376,1129.65524857378,1138.46461405803,0
2.22,-0.939426671044409,0.729948997497559,0.0402812760093115,15.4507159419447,-2.07711111619217,-0.812634975041366,0.473042755790676,14.1287604720097,-6.58916847805926,-2.14080969339952,1120.74580297927,1138.46461405803,0
2.23,-1.16595804734529,1.225261926651,-0.0441286807300298,12.2947794412432,2.16703562478026,-0.335875664187106,-1.11740460301499,5.1887759494385,11.354921798692,-0.254164383326091,1108.99481176478,1138.46461405803,0
2.24,-0.0484521123490133,1.26676034927368,0.0166257393623298,13.5465363777938,-0.825910102310581,0.0480940578904397,0.0176347383325232,-13.5263163319021,-1.10884706849507,1.59169746114405,1108.97896436194,1138.46461405803,0
2.25,1.60085480784627,0.538543403148651,0.00130744240357955,21.1228551856908,-0.0267899859834383,0.574594016857727,-1.49418189689257,7.62270957584472,-19.699493080314,-2.77365535174591,1127.56865182654,1138.46461405803,0
2.26,1.40587563217665,-0.135047227144241,0.0420781907738431,15.6448264923208,-2.04499276849933,0.970822308074872,1.01772339730945,8.93385180406034,13.0049561068512,-0.731895608022405,1142.89377002302,1138.46461405803,0
2.27,1.45294140426638,-0.85315328836441,0.0571381073991152,20.7888048504451,-2.76979959945373,-1.43020807434801,0.26231346061246,-20.9715375175553,0.202017525956791,1.42870862060758,1159.79560013039,1138.46461405803,0
2.28,-1.43734326573129,-0.329222053289414,-0.044053299827894,10.7014653144527,2.09563627947413,0.793598890855641,1.19920688673869,-7.41187524141746,-7.99857216620225,2.58762738505182,1144.82492044877,1138.46461405803,0
2.29,-2.03935529295803,0.550433278083801,0.000643253491901315,12.4365745487675,-0.138810184001721,-2.02993108413774,0.195832117749866,12.3920981302922,-1.05998052031341,-1.66728641951057,1124.01357864061,1138.46461405803,0
2.3,-0.593242854071906,0.865649878978729,0.0470721192085792,11.2938414289752,-2.36809704817015,0.200590194026136,-0.560282466595845,-5.23945736348207,10.2813824162241,0.264617029452952,1117.84037765692,1138.46461405803,0
2.31,0.805751002790105,0.509988725185394,0.0354915486959851,17.163381410439,-1.77960869709827,-0.666520222226037,-0.454142182460353,-12.6790302576853,-11.704309474706,2.2129237202548,1127.45749893188,1138.46461405803,0
2.32,1.0116483380232,0.0574745908379555,0.0741787121926463,12.245288533086,-3.69254734817095,0.864693242826009,-0.530321069710328,12.5738443382799,-2.34103304840357,-2.0477482232695,1138.05208812411,1138.46461405803,0
2.33,1.38792594077242,-0.605226695537567,0.0511471927381549,19.448939465633,-2.48323514424245,-0.0501368716644996,1.3879628044345,-3.89401494410058,19.2162522551766,0.0729417947509773,1153.87599402513,1138.46461405803,0
2.34,-0.716415225549156,-0.385217636823654,-0.0353979981816987,13.3185489809518,1.71002574808544,0.591714288933243,0.405435560781422,-11.6369927706353,-6.69987569088475,2.22088180181254,1146.83155514365,1138.46461405803,0
2.35,0.0454927498432544,-0.393464475870132,-0.0809238251107686,14.1631142270064,4.02429722379049,0.0713561585257063,0.0593847993960866,11.7974019304248,-8.80965836140349,-1.93536845845272,1147.74350385144,1138.46461405803,0
2.36,-1.02708411110261,0.00288230995647609,0.0266044088043657,13.3112256064042,-1.37424340941382,0.18555478840772,-1.01053401048467,-3.42182063215157,12.9370945599965,0.155700553573563,1137.61165394898,1138.46461405803,0
2.37,-0.671756533083981,0.284363359212875,-0.0130934451202974,15.321088324997,0.634913250600414,0.555813786209196,0.377490811949014,-12.8710471008655,-8.33516699445484,2.18689256963868,1131.32218065955,1138.46461405803,0
2.38,1.76420963556355,-0.443387985229492,0.0290687401147607,16.5378194447515,-1.40514101925527,1.5822272404764,-0.780920987912074,15.5495168806698,-5.8040001765126,-2.01280167744571,1150.48992331363,1138.46461405803,0
2.39,-0.605342358267298,-0.271178394556046,-0.0352006758816438,11.2779364394432,1.73427046339501,0.0338708656553843,-0.605418221360155,0.440424183652824,11.4019985489728,0.113972585496709,1144.32522225715,1138.46461405803,0
2.4,-0.267341196056449,-0.145146653056145,-0.0607845004334193,12.2316725948527,3.04901066083378,0.250974147320747,0.110354193298022,-11.6423719399477,-4.83378279295491,2.20862071652739,1141.65228938578,1138.46461405803,0
2.41,0.432052338092302,-0.320165157318115,0.062643062086415,13.1134718821788,-3.15364511850405,0.3735389647488,-0.225969064017583,13.3062657163519,-2.20270629544571,-1.97085489446501,1146.37043233555,1138.46461405803,0
2.42,-0.400867332098859,-0.184278458356857,-0.0344353008173435,12.4058279230677,1.70123596379366,0.019621089289685,-0.401864928479115,0.0225896000943087,12.5219111948312,0.134477966704555,1142.49312645239,1138.46461405803,0
2.43,-1.47520300147856,0.398662984371185,-0.0290381145436035,14.4214621829657,1.4024597340852,1.23483150436383,0.807625076070673,-12.702185488309,-6.97136633817441,2.16968564590735,1127.992797799,1138.46461405803,0
2.44,-0.907555259925097,0.779123663902283,-0.0368735806173627,16.7141821783699,1.76156063642453,-0.733493574912042,0.535726969946454,12.9060993789146,-10.7656667507924,-2.16101286108086,1119.57876630042,1138.46461405803,0
2.45,-0.663762523645029,1.04708349704742,0.0518528148562147,15.7746187001641,-2.6489390383681,-0.120777058102133,-0.654738348075264,1.50143889111198,15.9248596358277,-0.260376721860736,1113.59482777576,1138.46461405803,0
2.46,1.88941341862384,0.290091574192047,0.0558113335440382,14.1688633130272,-2.69369687748346,-1.16515962493216,1.48842232577174,-11.1305657690569,9.17186982636099,0.693704605284962,1133.35252783772,1138.46461405803,0
2.47,0.22827891854028,0.100607998669147,0.0299754908666684,14.6536568349541,-1.4973595190234,-0.118692000293903,-0.197286603115492,-4.48252673224222,-14.0313469866774,2.7305450303096,1136.40814729631,1138.46461405803,0
2.48,-0.965520400338531,0.457069665193558,-0.0579775697917774,14.4687028934494,2.82210818565759,-0.966798761252895,0.0298529279754099,14.5447073743688,-2.39982195682277,-1.54168865492056,1127.02072545547,1138.46461405803,0
2.49,1.86300244028354,-0.317192137241364,0.0818824017715757,19.5321347782422,-4.00920558528921,-0.847230476752628,1.66122946623392,-13.1175624937109,15.0169095570335,0.515540795592274,1147.5297698967,1138.46461405803,0
2.5,-1.74829043190385,0.28918468952179,-0.0319091707380346,13.7173116151463,1.53262284193756,0.961490370358469,1.46050467208142,-8.62767393590142,-10.7738949864208,2.57763518534731,1130.26592425473,1138.46461405803,0
2.51,4.52538285656832,4.59999990463257,0.105032613690766,21.6274122653449,-5.07489104166471,4.52376209326673,-0.160307117696507,21.6877936187516,4.81031062722526,-1.58301268908816,1167.13885594365,2279.22799404958,0
2.52,6.37670731632639,4.59999990463257,0.121260325749037,25.0645662042044,-5.73397344239878,-4.91410816848582,4.06554315843679,-23.1828405036014,11.1205591868241,0.898630872366933,1224.3216750747,2279.22799404958,0
2.53,6.53688483626877,4.59999990463257,0.209775951317692,28.2592169325552,-10.1940670241268,3.88624243135207,-5.26041719611198,25.5128610760179,-15.861786275493,-2.47323696668083,1284.34873685632,2279.22799404958,0
2.54,1.96110164015376,4.59999990463257,0.0281679019599848,19.8511155309733,-1.28264918451024,-1.28263123373419,1.4837689146104,-14.1545557959367,13.9771430190254,0.727180824963274,1302.79058162294,2279.22799404958,0
2.55,5.98894408875588,4.59999990463257,0.195015617093064,27.7125357211175,-9.43191158668607,5.10283147069503,-3.14111339668574,28.7402737430718,-5.56257651152512,-2.09002946146797,1357.21575426955,2279.22799404958,0
2.56,5.30958933624321,4.59999990463257,0.133621194421729,25.7337610992645,-6.41518504592348,-5.24590129934123,-0.830730462133377,-24.145251621502,-10.9721412505406,1.75301087284667,1405.70443183529,2279.22799404958,0
2.57,3.77793986960294,4.59999990463257,-0.00968149761777171,24.7694372544596,0.661468323678285,1.3982955477298,3.50965709876772,9.84046429396903,22.7404446905719,-0.381700782342203,1440.58788084071,2279.22799404958,0
2.58,5.67658798862982,4.59999990463257,0.207505502607932,31.6906472980031,-10.0878398844982,4.47527052057428,-3.49838012427864,31.5820231619463,-10.4229291804171,-2.1977488344514,1492.94767390206,2279.22799404958,0
2.59,4.42034844247489,4.59999990463257,0.201934592418929,27.7060476141488,-9.87780190243861,-2.40723733802956,-3.7128784427856,-5.47102947043092,-28.9009321883391,2.61203085933936,1533.8025264336,2279.22799404958,0
2.6,2.9047203760063,4.59999990463257,0.112415427014335,23.5407088450158,-5.47472233792966,-2.83537280918503,0.640857803222491,-24.1445833434494,-1.08473626953923,1.3871905925962,1560.63933349886,2279.22799404958,0
2.61,6.97531251970317,4.59999990463257,0.179021282942721,30.5649611844135,-8.48481773911388,-3.12597698654204,6.238212985053,-21.8754065759637,22.9711900302742,0.490187656623021,1623.54011023418,2279.22799404958,0
2.62,6.78138943677364,4.59999990463257,0.327611145995858,30.6649711877199,-15.9167799932762,5.70430721836482,3.68177279509163,15.6652132269489,30.794243583051,-0.949362503751213,1685.49930719866,2279.22799404958,0
2.63,4.60621669423953,4.59999990463257,0.114694916932555,29.2273003287055,-5.44135301589487,3.9469065054706,2.37746003022868,21.7301491771242,20.2890123931123,-1.00374819147319,1728.1407999672,2279.22799404958,0
2.64,4.93088142256874,4.59999990463257,0.217702065472677,36.697957971234,-10.5438029146332,3.45772434962176,3.52209144043385,16.6863739547261,34.3435121006009,-0.732054448807472,1774.61240605135,2279.22799404958,0
2.65,2.67326107325223,4.59999990463257,0.149415823129024,23.8325939896544,-7.28246161092445,0.675225839253631,2.59089172293464,-2.42457599211256,24.8021816509913,-0.199109622531224,1799.18567701688,2279.22799404958,0
2.66,2.95132373644079,4.59999990463257,0.112009650762267,23.5331372015755,-5.44417138699216,-1.37525138604171,2.6137217878598,-16.4583179569701,17.6796866110912,0.522294715813435,1826.21268115169,2279.22799404958,0
2.67,2.29038369549908,4.59999990463257,0.15930042755185,29.4837389728917,-7.84401581739191,-2.24234274509228,0.49308529927206,-30.314719826845,-3.44052463804504,1.42378392931869,1848.33976591979,2279.22799404958,0
2.68,5.02599773783188,4.59999990463257,0.226822152965022,34.307021819383,-10.933156105063,-2.88381698117039,-4.12258428281099,-9.14503577549792,-34.826340163706,2.57629023053717,1894.80271616013,2279.22799404958,0
2.69,4.66999955606208,4.59999990463257,0.259257997163508,33.5109418207994,-12.5896527667147,3.55414034851089,-3.04042709924117,34.2739851463641,-10.3332725063391,-2.22299332232721,1938.3911635227,2279.22799404958,0
2.7,1.51632964780714,4.59999990463257,0.0184769414760676,27.6979990593391,-0.80187193903735,0.774783345291391,1.30357499440742,13.1660985772735,24.3818784910286,-0.524072038696924,1953.52560702762,2279.22799404958,0
2.71,2.49947216609082,4.59999990463257,0.119359082698899,24.8445830750189,-5.77174854599011,-2.3874585972552,0.749432549385002,-25.4960757213924,0.718687872920809,1.31435044372169,1976.60028675121,2279.22799404958,0
2.72,3.53339941212582,4.59999990463257,0.168304297597242,29.6021074470756,-8.12364925137723,0.594577256102502,-3.48707838006638,14.2923950952544,-27.1662637274388,-2.92511168486661,2009.46590791771,2279.22799404958,0
2.73,5.37417129839061,4.59999990463257,0.25656057455573,35.5676305482888,-12.3580674366608,5.37154949453046,-0.30658848750612,35.6811549987539,12.0263606940553,-1.58010748469152,2059.36866899323,2279.22799404958,0
2.74,1.39819549413054,4.59999990463257,0.130244307137109,30.9200559669771,-6.42481127625046,-1.1096297330006,0.860602158369118,-29.534747760837,11.1815354777494,1.00401019212888,2074.03793236685,2279.22799404958,0
2.75,2.38075992429716,4.59999990463257,0.0630013640006064,29.4956432728082,-3.03002151051726,1.25758218610849,-2.02249203563029,18.7620342099424,-22.9599667842944,-2.55884243324711,2096.82705857426,2279.22799404958,0
2.76,4.25411476232303,4.59999990463257,0.203775265693606,33.6320586735456,-9.85048132024251,-1.42743429810222,4.01266097428186,-21.8873796302874,27.3695079565005,0.389636810608246,2136.36251124968,2279.22799404958,0
2.77,5.56145832694274,3.93331551551819,0.305318743094873,36.784889336593,-14.7489412394884,2.65398910561823,-4.89687452202581,31.8364076095922,-23.6030189108761,-2.5900866781743,2192.69578514199,2279.22799404958,0
2.78,0.113979887335205,3.57563376426697,-0.0611695131335976,28.1283511316474,3.0021001003587,-0.127970196672215,0.0188879013556836,-20.7862769232578,19.1871684744639,0.931707231261983,2196.18524618274,2279.22799404958,0
2.79,3.84992922165807,1.88244128227234,0.266159032347622,35.4253847119721,-12.9400828563914,3.8139856143047,-0.588480565655093,36.3868067568351,9.91987501747063,-1.65486085555918,2238.94901219131,2279.22799404958,0
2.8,2.83219399377775,0.462605327367783,0.123192918157841,31.9745217978722,-5.95256531798542,-2.16290361870813,-1.83257939791275,-19.4324068432395,-26.0803497358894,2.31717761113837,2271.23097095963,2279.22799404958,0
2.81,0.338097276257687,0.135618984699249,-0.0319019599022722,27.6838051678616,1.52958084304762,-0.0780251223304318,0.330514120036942,-2.28627050328598,27.6316060574362,0.137748798152703,2276.5643479426,2279.22799404958,0
2.82,-1.77299326677678,0.766987383365631,-0.0232641579874417,28.0601985675798,0.987208656314482,-1.52989918034874,0.896356426345524,23.9069901222904,-14.7243046652742,-2.08765741497201,2260.05055253602,2279.22799404958,0
2.83,0.0291317693574462,0.749699711799622,-0.00854730144922571,27.443295860866,0.33515285669903,-0.0283345282936973,0.0109027911258102,-21.5984135910353,16.9338520571949,0.918079909244604,2261.97053270342,2279.22799404958,0
2.84,-0.563943846091196,0.918281972408295,-0.0495371876857182,25.9798460506566,2.44370397074993,-0.562346379937551,-0.0652161289795049,25.9388485841822,2.8460892535807,-1.36772487538921,2257.50958343945,2279.22799404958,0
2.85,0.933004147071952,0.501800179481506,0.027288822109113,26.0122777104791,-1.3407008861635,-0.458911376187786,-0.812798724821216,-10.9351032404368,-23.6402112442811,2.65684450984731,2268.5215012899,2279.22799404958,0
2.86,0.982855558312351,-0.0585813820362091,0.125271503546398,33.8545593177978,-6.246127875876,-0.349986284589315,0.926934516945843,-21.3846537848771,26.9785448559596,0.487798472909659,2281.75383667162,2279.22799404958,0
2.87,-0.488439756898026,0.0155781470239162,-0.0139731614687363,28.8809706070279,0.644112594473801,-0.485940715718861,0.0512861206046555,28.7471315137571,-2.85092510759658,-1.64734699099523,2278.66171247752,2279.22799404958,0
2.88,0.222936823515627,-0.133421137928963,-0.0210097823218651,27.865995003561,0.982083421224522,-0.115535980615484,-0.191816775636722,-17.3439487416052,-21.8326729337775,2.5055021221689,2282.72061802061,2279.22799404958,0
2.89,-2.17339119381724,0.700235784053802,-0.048192916737366,23.0685093000314,2.22450161080514,0.608452567526316,-2.0870403234381,-4.82466956914288,22.6677544607024,0.305846401467736,2261.17760777044,2279.22799404958,0
2.9,1.28358515621585,0.190139949321747,0.154414332715175,28.6187649949161,-7.65395559527657,1.15823773798154,-0.574386613459045,29.531450615195,-2.34737526846462,-1.91144608839731,2276.1480958538,2279.22799404958,0
2.91,-1.27905096534726,0.544499814510345,-0.0604332756838831,32.2720489806891,2.80045291291185,1.09242373343566,0.668007439623341,-28.2793200044587,-15.798979144706,2.16683579702334,2265.66227168171,2279.22799404958,0
2.92,-0.0609354950526937,0.513786494731903,0.00270876577398528,30.9842901330351,-0.142068637972535,-0.0521474215647523,-0.0316404550138454,27.1090043126293,15.0049426431373,-1.06985202754621,2267.43439717011,2279.22799404958,0
2.93,-1.08271430841358,0.880519092082977,-0.0132406811386336,27.8134130559741,0.469235411912701,0.221162313769756,1.0599683109643,-5.80804208897167,-27.2042786117691,2.94812240206435,2257.90261502173,2279.22799404958,0
2.94,-1.52024140286181,1.47005772590637,-0.0670308466068746,27.4701497211796,3.2304106452391,0.797055792424867,-1.2962750946979,-12.7306882271905,24.5555341196841,0.595353800122136,2243.87281506018,2279.22799404958,0
2.95,2.60031803272566,0.388222098350525,0.0948171002444307,30.5043860761845,-4.55820381048423,2.56832652903256,-0.417544002572895,30.8344685678953,0.728244463284329,-1.69551315512958,2272.73909382756,2279.22799404958,0
2.96,0.0459515888691344,0.165583461523056,0.0144876482192701,30.4444632420358,-0.801875495403248,-0.0414827417270923,-0.024507603092237,-19.7457899425599,-23.1864642830704,2.40983264466862,2275.64769894909,2279.22799404958,0
2.97,0.661443186153639,-0.207605138421059,0.0768871331369733,30.6142572023344,-3.79158107555149,-0.107190639958167,0.657212968874214,-12.0304538666059,28.4055806289298,0.277397360742442,2284.87147208142,2279.22799404958,0
2.98,-1.60692784328069,0.387217909097672,-0.114362617061324,22.4274198081181,5.48084053978271,-1.49273496121694,0.605836807442832,19.6319743316465,-12.1496648560224,-1.88529285799427,2268.82240888405,2279.22799404958,0
2.99,1.74896850687281,-0.33991664648056,0.0956961505079192,30.6798413620796,-4.60131309127369,-1.41442692423906,-1.03317233182203,-20.8356457669009,-22.9847909201394,2.25633077200932,2288.88239075737,2279.22799404958,0
3,0.0601750837321395,-0.503466188907623,-0.0242332825111405,27.3957973490329,1.18661698124254,-0.0354037074436602,0.0543587176327631,-4.12919034753171,27.1088096257158,0.194444048176896,2291.18999614413,2279.22799404958,0
3.01,-2.70814107763034,0.530819058418274,-0.123213183892682,25.9790818591658,5.80701681311419,-0.354987074924154,2.68760000031079,-1.14757380874842,-26.5954359405237,-2.96480354728498,2264.55190411376,2279.22799404958,0
3.02,1.86194645479055,-0.207333341240883,0.0585277639992795,32.621010436714,-2.73613453089742,-1.67518472225632,0.814878055898473,-30.88730406756,10.8439476908304,1.14947816493744,2285.89644759963,2279.22799404958,0
3.03,-2.49549214847648,0.675440788269043,-0.110843854707059,24.6348244613301,5.24172399444167,-2.20575688259723,-1.17234977635049,23.8817556130309,8.00074968449358,-1.03788250322089,2261.37434975268,2279.22799404958,0
3.04,1.6786584332723,-0.0483512431383133,0.128107273335053,37.7415629647813,-6.27974406083012,-0.278651628963879,-1.66031890875017,2.85786373584476,-38.1535499706308,3.05147975141839,2282.16368046541,2279.22799404958,0
3.05,-1.56606053052211,0.468324720859528,0.0466359864113584,24.1147143508547,-2.50198393369273,1.2300629102656,-0.970394629661909,-20.0869778867335,13.5754444201896,0.873091047584701,2267.10946302826,2279.22799404958,0
3.06,1.03961224494375,0.0234232228249311,0.107460893723414,29.6399216400759,-5.37777292201543,1.03197957368127,0.165407445483672,27.2364093483387,12.8694756008289,-1.30886588202784,2279.84817427582,2279.22799404958,0
3.07,-0.0817803897269914,-0.0468312799930573,0.0602447004606459,26.1005290644778,-3.00486844314029,-0.0331643010417699,0.0960082559674032,-4.90226785192905,-25.8115211042312,2.83928044866218,2280.41984139822,2279.22799404958,0
3.08,-0.247271913478767,0.00133728270884603,0.0876798604582238,25.8873250427279,-4.46416131438726,0.226487453564503,-0.132418240825392,-20.1079480616799,16.9042231071854,0.700975314191421,2279.11416669949,2279.22799404958,0
3.09,-0.361182160730682,0.0568105764687061,0.00174549022909448,31.0601846863772,-0.225185340550241,-0.358192305559795,-0.0464098287433028,30.7937820662526,4.06555866340669,-1.44678002937267,2277.81605244173,2279.22799404958,0
3.1,1.55403187273079,-0.626729965209961,0.146533497344363,26.5263441132697,-7.17874226061186,-1.55532124838498,-0.132147423846711,-24.827012495209,-11.7813718650516,1.7495719612171,2295.31052550749,2279.22799404958,0
3.11,-2.15475459967465,0.105448998510838,-0.131581499710421,28.877995255252,6.3051500242173,-0.868071501565919,-1.97654571008469,15.8957974066759,24.9202157213006,-0.352834906703725,2275.01766494425,2279.22799404958,0
3.12,-0.927653667776802,0.46202164888382,0.0127911612112891,31.7551681606187,-0.719377082342326,-0.525479706884199,0.764575711619054,18.2222462134255,-26.0164938305121,-2.55324068787767,2267.91865485082,2279.22799404958,0
3.13,0.308370408195657,0.27632799744606,0.0378421902166428,30.2230895512403,-1.88978061703951,-0.30635539298841,0.0516789434689367,-30.2775105699811,-0.527983415945007,1.52578628442353,2273.27104949397,2279.22799404958,0
3.14,0.451967874157828,-0.0391705110669136,0.0243586734621477,33.4722198450593,-1.27686936190906,0.286113929333292,0.350723714175482,18.7006729587197,27.7903711312817,-0.630447413885504,2280.82716618555,2279.22799404958,0
3.15,-0.0630947907483536,-0.0939389988780022,0.0648486293169633,26.1406765957511,-3.23550307754831,-0.0837561655444429,0.0342228297655136,12.7882296559683,-23.0274756609292,-2.75780028892704,2281.54785617848,2279.22799404958,0
3.16,-1.41660640226649,0.452668011188507,-0.0918408107905161,22.5000240178783,4.40274156744311,1.36043207109197,-0.405503407400592,-20.9511338957468,9.31048884845922,1.34585246731771,2267.51572486404,2279.22799404958,0
3.17,-0.415424694443393,0.594836831092834,-0.0179319847732357,29.6531439436484,0.785166804815998,-0.33434448264495,-0.247210436179735,23.5545431099174,18.0307773414558,-0.890982649085893,2265.2074716903,2279.22799404958,0
3.18,1.67166214939129,-0.141351968050003,0.0461166408296511,27.3932391330225,-2.15680005320326,0.0855380075390803,-1.67010907893322,4.30517508050206,-27.1386588503316,-3.0628400465871,2284.11995241147,2279.22799404958,0
3.19,0.384273067346455,-0.483407199382782,-0.0109819585668799,33.7137548512355,0.496390682359007,-0.0643230611458077,0.379010471499998,-4.19761953770714,33.4550991643337,0.139540600075372,2291.13207070509,2279.22799404958,0
3.2,-1.36580380148788,-0.0500982142984867,-0.0645098776775838,30.7864631572535,3.11707706249762,-1.23907640386188,0.578161927032053,27.2986236867301,-14.5707799364609,-1.96017752986073,2279.47170438307,2279.22799404958,0
3.21,-2.05920076188195,0.799719154834747,-0.0612966978927887,23.3004652065194,2.83361650794206,1.80545821392476,0.992162134270102,-21.5152893583074,-9.38261078712122,2.1030407551785,2258.91242372991,2279.22799404958,0
3.22,-1.41534956228854,1.37014126777649,-0.0485485207185644,29.6326057597457,2.19479746455383,-0.379546286698493,-1.36437383388414,9.09181609249714,28.2886433072203,-0.237035477381055,2246.22148371289,2279.22799404958,0
3.23,1.17076475732127,0.881407082080841,0.0184562403664777,27.8440755490164,-0.818371552675538,0.619064076566429,-0.993876460581978,15.779688243112,-22.9556902341828,-2.56875755819107,2259.87314193294,2279.22799404958,0
3.24,1.84813488377767,-0.0377062633633614,0.0367060759293077,33.2738728590944,-1.75202647485608,-1.8434706498924,0.136256550783056,-33.3199383891932,0.0437898634884835,1.51687596433431,2282.0935771441,2279.22799404958,0
3.25,0.74282749524537,-0.529602348804474,0.03125754676554,32.1983192815813,-1.47304901004457,0.423291592746213,0.611223322062144,15.9573480859391,28.0047260298832,-0.563641813731011,2292.46037725696,2279.22799404958,0
3.26,-2.37935712055128,0.399393767118454,-0.0675545702756825,19.7606550958169,3.11711047419745,-0.947886822945607,2.18344097652519,5.55741399444221,-19.2175705337216,-2.70363399313812,2267.91300954126,2279.22799404958,0
3.27,-0.721674945578854,0.680507063865662,0.0242638928945167,32.0858235979752,-1.38700115221756,0.707415553036344,-0.144798822153092,-31.5237675938958,6.13807175281323,1.33528907408244,2262.98007351897,2279.22799404958,0
3.28,-0.378508548868568,0.816680192947388,-0.0479966118246874,24.4398967975624,2.36991804177154,-0.335782450793592,0.181169925904625,21.9438797795642,-11.0177677966207,-1.93944626981857,2260.02878652464,2279.22799404958,0
3.29,1.79597357405998,0.00122162862680852,0.11071215058237,31.3968364430406,-5.45400499768477,-1.57031093020898,-0.878579445169623,-23.4538819198769,-21.5736629257594,2.14246605340722,2281.11783190726,2279.22799404958,0
3.3,-2.39594563073585,0.808702051639557,-0.108729491972837,28.4700174965287,5.23386970802026,-0.281345547449916,-2.38185269292561,7.27471675144373,28.018097447176,-0.072226158547849,2258.5518340022,2279.22799404958,0
3.31,0.638196173597941,0.541517794132233,0.054891210332215,31.4075056978096,-2.72788129750068,0.424097537476675,-0.480050705314562,24.6169302613282,-19.6946565098278,-2.3322018413146,2267.42471868614,2279.22799404958,0
3.32,0.130307487482421,0.340200543403626,0.089472923786594,33.1898230245351,-4.57044388802269,-0.143461341904312,0.0663648157077006,-31.9541396948949,-10.0690747386572,1.73921186791968,2271.70089343264,2279.22799404958,0
3.33,0.460451625667198,0.0665904730558394,-0.0284330433540518,28.0559131545057,1.47383064767671,0.167177845155745,0.42997174979645,13.0974275878167,24.8548552659856,-0.432495860401869,2278.26883979959,2279.22799404958,0
3.34,-0.0946954486118341,0.0211731754243374,-0.0345403191389617,26.8461319044498,1.64162277145891,-0.0212693636833216,0.0985285532347067,12.925200431964,-23.5870497805141,-2.57922936787743,2278.83047961481,2279.22799404958,0
3.35,-2.19736210014834,0.856054544448853,-0.058770893221043,25.8767810769236,2.75010094066111,2.18211171319762,-0.26503337183095,-25.5037638066081,5.16999862510643,1.47667078522836,2257.56499554663,2279.22799404958,0
3.36,1.21630967351301,0.333183526992798,0.101607150578459,33.753518151851,-5.00296094948504,0.916544866988016,0.806026514283447,19.7978060695123,27.7916620719846,-0.766125558714549,2272.80736547575,2279.22799404958,0
3.37,-0.316234046147194,0.342985033988953,0.02991843593122,26.9244263590308,-1.6313915737784,0.211263285690723,0.237206468862795,-18.6106665738849,-19.5250931599711,2.31965056914499,2271.12099211421,2279.22799404958,0
3.38,0.970569345007124,-0.147221520543098,0.117073685232105,32.3278356379603,-5.75547287811425,-0.0459767698892273,0.976523034992998,-11.0519087464334,30.9203773933339,0.167091118710858,2283.74594268433,2279.22799404958,0
3.39,-1.28896497149592,0.265658348798752,-0.0671437578343368,27.7520730722456,3.16789602025102,-1.1517982389245,0.58249446243722,24.1025572750903,-14.1166517915323,-1.98697015712257,2272.07382642329,2279.22799404958,0
3.4,0.456175875053925,0.0187017377465963,0.0549619674009388,32.3509210278934,-2.74546501759721,-0.415826334813375,-0.195462799830226,-25.9644851704566,-19.4926955383031,2.13011150511897,2279.47613659603,2279.22799404958,0
3.41,-1.12102617012988,0.391645520925522,-0.113224759807865,26.4617403613876,5.5454156776569,-0.168439195484295,-1.11406811182002,6.8452442700182,26.1556488903502,-0.0493967601695572,2269.32706273969,2279.22799404958,0
3.42,-0.327099246209227,0.465220808982849,0.00925582593735921,31.0478415480722,-0.593257208301458,-0.256726725136438,0.202906322684009,24.1850089261452,-19.4783408469941,-2.26792015047063,2268.32529997197,2279.22799404958,0
3.43,-0.908802743522266,0.768275320529938,0.0244920286205199,28.2892771341929,-1.29690738351441,0.887167544671532,0.198635429319725,-27.5131232805573,-6.70769832993719,1.76411878904255,2260.77951095108,2279.22799404958,0
3.44,0.884503819996803,0.330373555421829,0.00622840350373999,32.6827693609885,-0.291760752515903,0.404165491904162,0.786788444089648,14.4681744817028,29.3073448918063,-0.467498092911254,2272.60957390644,2279.22799404958,0
3.45,-0.105797678534703,0.234562128782272,0.0514076906192988,30.8609271103123,-2.64266345286496,-0.0950780578287136,0.0692536089865488,16.8287042059207,-26.0033691467614,-2.65262962986257,2273.94584206049,2279.22799404958,0
3.46,-2.30485365889267,1.11073017120361,-0.0473660124746056,26.3254139517063,2.13400753782138,0.769872672637787,-2.17299102528616,-7.30297282283803,25.3820408133203,0.361040685971878,2251.56145502255,2279.22799404958,0
3.47,-0.281346727790445,1.1937335729599,-0.0406008736777306,33.153868911498,1.90499336738852,-0.241284792128755,0.150286597104231,29.5906003342385,-15.0733007463511,-1.98453552563205,2251.43607978326,2279.22799404958,0
3.48,-0.817514069865227,1.44745349884033,-0.0392529069868865,29.2517833799214,1.89475498803623,0.779597464546318,0.249194378763809,-28.0665585012896,-8.45725849576682,1.92815526650751,2245.04395517792,2279.22799404958,0
3.49,1.02071978433781,0.990115642547607,0.0935665126433821,27.0769818474117,-4.67318269051934,0.499168538680699,0.895239822850976,6.70018333401331,26.6478728178187,-0.417233048816408,2257.28254411543,2279.22799404958,0
3.5,1.4759683043303,0.211971238255501,0.111519288092713,35.8113536883162,-5.42098421212312,0.601360738981926,-1.35251035065003,21.7467636373117,-28.9640880077495,-2.64780364552828,2275.88743925596,2279.22799404958,0
3.51,-0.510383706605376,0.25917175412178,-0.0366178275659918,30.3425420433196,1.74340473416218,0.5030155153563,-0.0938497979472024,-29.9533128007027,5.14862797072922,1.45796568891216,2272.97687508584,2279.22799404958,0
3.52,-0.399419696557897,0.33161062002182,-0.0751382630811783,31.9699729164204,3.61999158420724,-0.32381157744312,-0.245617415691675,24.143639374545,21.2665978731508,-0.735919511555663,2271.4274173995,2279.22799404958,0
3.53,1.11525131078042,-0.20923624932766,0.171529431942602,30.547831096944,-8.47191123934275,0.120956028059007,-1.12186339252878,16.0406897801377,-27.342997936439,-2.8815829112594,2285.31090248195,2279.22799404958,0
3.54,-1.30236807939725,0.21288289129734,-0.0906733707848549,26.438254562886,4.33888032644537,1.21110876377878,-0.487442136771738,-23.8161396800507,12.271865284442,1.25766710239919,2273.25761671362,2279.22799404958,0
3.55,-1.58751472977509,0.810909628868103,0.00694902581903156,30.6502763927989,-0.483122842135845,-1.31682720507186,-0.886689020003817,25.2304546548786,17.4096814601438,-0.982556544086014,2259.22000645395,2279.22799404958,0
3.56,0.171209181980509,0.699671447277069,0.0401090359864722,31.0058437197886,-2.02378322663581,-0.171430284851967,-0.0391532399396602,-26.9672207158254,-15.4346056052083,2.02545588704159,2263.35112466979,2279.22799404958,0
3.57,0.527224821740474,0.393071711063385,-0.027523932698064,28.2288099825089,1.32565117943054,0.0799212738535371,0.521858380708856,7.0203929164074,27.3740232223431,-0.204124651842924,2270.75471269138,2279.22799404958,0
3.58,0.301808946320812,0.164175644516945,0.088119433941153,28.8085471222871,-4.37258905017523,0.142172943006099,-0.280429187129964,22.8958745068864,-18.0230644692755,-2.38829946304332,2275.87988958932,2279.22799404958,0
3.59,-2.18463129307889,1.02111446857452,-0.120120565865748,20.8307723733166,5.72768274262459,2.18765036951571,0.0350527859265766,-21.1844055773483,4.23655374136835,1.64174703996063,2253.52751207352,2279.22799404958,0
3.6,-0.982248745173868,1.46395945549011,0.0322539139769475,24.8574212092944,-1.68828020937139,-0.626574712252018,-0.75713739990095,15.2032873299665,19.7383315810662,-0.72414488786788,2244.44220313993,2279.22799404958,0
3.61,1.51427021638425,0.828941643238068,0.0471300369085752,26.0344399647523,-2.26273555053616,0.0828292701676593,-1.51273753196346,4.48578294244096,-25.7447040737169,-3.05577883594097,2261.42749458347,2279.22799404958,0
3.62,-1.00288208488982,1.11651921272278,-0.0176817644606655,26.1244260334205,0.690603693223568,0.787525623397281,-0.62119925424949,-20.3752894971989,16.3649059557972,0.920551934554321,2252.50694385225,2279.22799404958,0
3.63,-0.698858178986418,1.35079777240753,-0.0148590078442058,29.7407504771208,0.662581406021469,-0.694611833773057,-0.0783450370652561,29.5640692085032,3.3040981972091,-1.43722269462596,2247.40934027017,2279.22799404958,0
3.64,0.0875234034054899,1.23773837089539,0.0192878486446863,31.0224468270108,-1.05767329461256,-0.068786481647157,-0.0574524776804777,-18.1353289785612,-25.1916796338038,2.48355907146248,2250.71566291143,2279.22799404958,0
3.65,2.00160874641763,0.331067532300949,0.148160565375751,29.3885557367607,-7.21286227873715,1.51543404552507,1.315997257038,15.5882072718421,25.9368537913682,-0.781832764695694,2273.44692669309,2279.22799404958,0
3.66,1.44220097847442,-0.44855585694313,0.0848395101859782,32.2816784078181,-4.17575406771078,0.267608595891567,-1.41969258792392,11.8833062266874,-30.303971950597,-2.89652249632301,2291.28186215096,2279.22799404958,0
3.67,-1.59267173869067,0.0771485269069672,-0.112732310925303,25.5639157349965,5.41799048054881,1.49062636402908,-0.572140615593745,-22.8740097000995,12.6351924715483,1.27497468333654,2276.19333522094,2279.22799404958,0
3.68,-1.69361016613128,0.820800721645355,-0.0715110946178027,19.7967474117577,3.40523682780617,-1.4257751256983,-0.916839420191265,18.1456113527431,8.61647460238717,-0.957126022057624,2258.75932625948,2279.22799404958,0
3.69,-1.67700979612119,1.50262641906738,-0.122264202068155,26.9614115169187,5.86291709803793,0.402974334573453,1.63245890517001,-10.3202377557747,-25.5887514456525,2.97235712925945,2242.86514763684,2279.22799404958,0
3.7,0.186218278837287,1.45283651351929,0.0547273774363506,23.8141267438504,-2.71316839710386,-0.0552544203690198,0.186062576150783,-15.2187891431807,18.516543207052,0.574512147856837,2245.67302734438,2279.22799404958,0
3.71,-0.847079409070543,1.73290085792542,-0.0438547640778,26.0357568781877,2.02853652401231,-0.80430761705943,0.26936225189102,24.5386436273322,-8.93479521758267,-1.84223025863856,2238.24578289269,2279.22799404958,0
3.72,-0.709760530276636,1.97165131568909,-0.0157889799613267,29.0608960241795,0.741507400268868,0.658013042108617,0.26651104787936,-26.9797389841365,-10.8249339628791,1.9778680212405,2232.93003656799,2279.22799404958,0
3.73,0.144551045853041,1.85130894184113,0.0681416223010289,28.7818374222659,-3.472400055931,0.128141669169016,0.0954882095842346,10.4784413792637,27.0306121612424,-0.489880734194502,2236.45288904149,2279.22799404958,0
3.74,0.847201343274631,1.40882110595703,0.034792044123517,29.4787068922106,-1.64087529149293,-0.610918543746581,-0.587995863324894,-19.1971308004673,-22.4311569204276,2.37812125721532,2247.35902382901,2279.22799404958,0
3.75,-1.1904143137438,1.77521336078644,-0.0369884003724631,29.0325782829854,1.68536669087433,-0.0813203157906025,-1.18820931925648,2.76601755693883,28.949615014972,-0.0372709518291109,2237.03556120805,2279.22799404958,0
3.76,-1.04248927775092,2.16113328933716,0.0539560564133452,29.135867588815,-2.80062417450808,-0.648566617035826,0.817958735827195,19.1794090922832,-22.1109145625106,-2.52290144274363,2228.21528926408,2279.22799404958,0
3.77,0.284158648926484,2.00403833389282,0.0843351306248902,28.0023585744577,-4.23647592228934,-0.245208350644723,0.166527525626657,-27.9686033049267,4.45387956104365,1.26272534139749,2232.98656435119,2279.22799404958,0
3.78,1.41239820554867,1.273597240448,0.0949597025250859,36.1721730347454,-4.71797653553865,1.32687367158162,0.493246688589232,31.0465681841237,19.151919189314,-1.14775840332724,2251.19085356144,2279.22799404958,0
3.79,-0.61952535979241,1.39722049236298,-0.00791504311607044,26.5530554944934,0.321370152780854,0.232634517348592,0.574243415871207,-9.954142053638,-24.6187548597556,2.76946002570555,2246.34510442268,2279.22799404958,0
3.8,-0.307256351676645,1.46153044700623,-0.0130912374160271,29.0087701453289,0.525591101464232,0.102322825211392,-0.290013595514906,-10.3197708040727,27.1161819196927,0.381766692427385,2245.14167805538,2279.22799404958,0
3.81,1.46407892544277,0.80154550075531,0.0419531892186993,28.1966402923124,-1.95188953778334,1.34746767489077,-0.574123710654526,26.959468272107,-8.48807793478711,-1.94493088292923,2262.0123847748,2279.22799404958,0
3.82,-1.17216925481333,1.17601490020752,-0.00568569164745597,24.3860071296396,0.0895215313525033,1.0546385651597,0.511615662286675,-21.9281987366771,-10.6695575351652,2.02731163062685,2250.9062293757,2279.22799404958,0
3.83,2.05426920293717,0.256700098514557,0.0694031669792338,36.1522355186362,-3.25639420959977,1.95963464972768,0.620218346479304,32.9922740692469,15.1359865216296,-1.23050228413471,2275.35371600606,2279.22799404958,0
3.84,-1.1878775513331,0.610142469406128,-0.135431726877003,24.0851276522229,6.62583319683262,0.483127189925689,1.09361005297158,-13.4994942391557,-21.0180564007028,2.83912282516662,2264.13876721219,2279.22799404958,0
3.85,0.0716616469108543,0.540714979171753,0.0295470007317595,29.2404347921938,-1.57497404615027,-0.0158681065716192,0.0758723934250811,-17.7461867183505,23.2928406820642,0.597245751563261,2266.94721000051,2279.22799404958,0
3.86,-0.467889472631134,0.682666718959808,-0.0480401378822839,24.2691699104932,2.36165658535287,-0.462668429019428,0.0846542275109977,24.0085839845204,-4.26121168563162,-1.64944852574012,2263.09980120586,2279.22799404958,0
3.87,-1.41414672459927,1.18473052978516,-0.110655455389684,29.9886351193072,5.31542101687706,1.10642690698257,0.887623280455915,-25.4958538146636,-16.6593329748494,2.32499327982462,2250.59525982618,2279.22799404958,0
3.88,-0.105407583885259,1.18465101718903,-0.00316562852378158,30.8513554993074,0.167786090407088,-0.00550634000736984,-0.105311253739578,0.853067494160302,30.8400156317597,-0.0222155289163631,2251.82014750223,2279.22799404958,0
3.89,-1.38448867386802,1.68342316150665,-0.0656481304245301,26.7474169885676,3.08883165965239,-0.870663003581258,1.07845468114888,15.4598582751258,-22.044454601895,-2.41502002774166,2238.98196806201,2279.22799404958,0
3.9,0.0298052133979871,1.63852226734161,-0.00660785170138421,29.1913039061807,0.353003995653503,-0.0304121200657116,-0.00266784611920903,-28.8964332755456,4.15367060753355,1.44012307057692,2241.33203535075,2279.22799404958,0
3.91,0.793039784928223,1.22754073143005,0.0202764843300869,28.6842236077788,-0.983096361296919,0.65233559707573,0.45142164888676,22.5824385051217,17.713967189736,-0.939891594327667,2251.56368383622,2279.22799404958,0
3.92,0.825910488527942,0.747203826904297,0.03142597855402,32.1776375956655,-1.59471417686428,-0.750708364340239,-0.345763906297554,-27.9719014221327,-15.9848742683315,2.04044833287761,2262.8724243106,2279.22799404958,0
3.93,-1.07389086484037,1.06973111629486,-0.00322563353221594,28.1475445959239,0.0516025059747284,-0.276090578071031,-1.03779862545664,7.20469455286128,27.2099119072098,-0.257008728096178,2253.62600270361,2279.22799404958,0
3.94,0.313389498481394,0.895618438720703,-0.0531945841588354,29.2816367548761,2.59704107487538,0.215108328023517,-0.234032153255013,13.7489227034844,-25.9831868307703,-2.56643999229554,2258.88897448197,2279.22799404958,0
3.95,-0.530518509242699,1.02631437778473,0.047173937667099,27.4153852802847,-2.3960086882906,0.531267484576581,-0.0378170447786205,-27.4474438687103,1.99550313826149,1.4110463242959,2255.09897247705,2279.22799404958,0
3.96,1.72742981726129,0.264791429042816,0.172342791946777,28.5457279638647,-8.52877003461244,1.39260777904271,1.03651308976256,15.3476619440194,25.5352261815393,-0.831516191850606,2274.85495037504,2279.22799404958,0
3.97,-2.0201918481946,0.938211977481842,-0.00610361980575413,27.3510746605241,0.089955856303998,-0.121004621968491,2.01657388635996,1.63095807948237,-27.3025521313414,-3.07863816624699,2255.83473745186,2279.22799404958,0
3.98,1.28155405796936,0.404013633728027,0.110456273458438,30.6076034571342,-5.42919310905038,-0.97789065806517,0.835650197578467,-28.0500444194307,13.3976317038683,0.949647223953815,2271.19276229178,2279.22799404958,0
3.99,-1.66113237934823,0.956994891166687,-0.0406552408239383,26.8943282518852,1.77591224677904,-1.61594485115101,-0.386957191901267,26.4495281641516,5.18470985901447,-1.31129069204144,2255.62551675696,2279.22799404958,0
4,2.13504541921068,0.0352286249399185,0.0506740277657585,35.4009739677964,-2.31723516304736,-0.857793467623952,-1.95580601443093,-11.3021399570396,-33.6282644372401,2.75199913806944,2280.57054134057,2279.22799404958,0
4.01,0.73568384473856,-0.433924525976181,0.0607282769775162,28.8652058050381,-3.03370432754295,-0.401740832770625,0.619292294735477,-20.048800330266,20.9868786014329,0.657827500443407,2290.24017381659,2279.22799404958,0
4.02,-1.49808925093225,0.0594672672450542,-0.0245311424336124,29.026827455443,0.992544592788355,-0.927845967922891,1.17642468544191,17.57703038986,-23.1211993540705,-2.45740663984658,2276.78244507068,2279.22799404958,0
4.03,-2.16616760983299,0.947773039340973,-0.0586992877991369,24.7492270202288,2.72139655824413,2.16673434256295,-0.0314644090362745,-24.7814813325629,2.41006644926693,1.58336735674142,2255.49336794361,2279.22799404958,0
4.04,-1.00271404364451,1.35014224052429,-0.0757950401172041,29.6485418468439,3.60115100566124,-0.749238178233179,-0.670688074820264,23.1345858431851,18.8890248576768,-0.765215274363798,2247.11760632949,2279.22799404958,0
4.05,2.34414498496808,0.350536853075027,0.0616654945017695,30.0291913581553,-2.84671870614146,0.17159045578297,-2.33866950620376,5.81679496434036,-29.5976525650165,-3.04205280475697,2273.32391506481,2279.22799404958,0
4.06,1.56960759798883,-0.508231818675995,0.0501399342300602,34.2216151436455,-2.42069946121173,-1.39966125043824,0.712130892947717,-32.0089639648301,12.3452401685632,1.13207642263611,2292.80406936914,2279.22799404958,0
4.07,0.572588048712927,-0.926080763339996,-0.0115878968804428,33.2339268731684,0.532348637882564,0.432406438792866,0.375521004170819,25.8690604225882,20.8702899676992,-0.875926240074483,2301.66621601846,2279.22799404958,0
4.08,-0.104335434509624,-0.990169703960419,-0.0103180242318471,28.6293602468422,0.515746215146425,-0.0200828528909813,0.102902981191607,7.72861505166294,-27.571267139635,-2.85028006283548,2302.46615960487,2279.22799404958,0
4.09,0.437915502174566,-1.25593221187592,-0.00289738986112303,29.7324525109707,0.125629514233951,-0.436635677153653,0.0335807586183017,-29.6187141609248,2.60120867010169,1.4874232396447,2309.14882459839,2279.22799404958,0
4.1,-0.898710483766993,-1.02025616168976,-0.0460682642790152,32.5010895349846,2.11391377476291,-0.440839346456659,-0.784514811346509,16.3437651276953,28.1721634571956,-0.460737813064923,2302.51936544611,2279.22799404958,0
4.11,0.244335787625792,-1.20623552799225,0.0594318278901211,33.2534797646959,-2.93863674538805,-0.122864346181615,-0.219400254599765,-6.09943310434792,-32.8211276190805,2.8697083048714,2307.88448743678,2279.22799404958,0
4.12,-1.24791643948803,-0.797604143619537,-0.00781088851690545,29.3011291574883,0.212639788184417,0.969042902604591,-0.786328368326859,-22.7348855309994,18.4858422982477,0.895372559964599,2296.95614664091,2279.22799404958,0
4.13,-1.95324743575143,-0.0203853789716959,-0.109941033290751,26.1818507645689,5.21300827114862,-1.85378542614228,-0.625093728886375,26.2406703972241,4.90835836074246,-1.18934418212554,2278.14470764618,2279.22799404958,0
4.14,-0.995619921530312,0.36475744843483,0.0498183884768498,31.0111123888187,-2.58880037410764,0.177276447403848,0.980976024770395,-4.51166786611882,-30.7901905163764,2.91281200863168,2270.19426718046,2279.22799404958,0
4.15,-0.0312122899358028,0.330811709165573,0.0562793900436791,28.2470736220517,-2.90678722787519,0.063019284398927,0.0130440247075945,-20.6259089508566,19.5171324776136,0.710466952196751,2271.72660881123,2279.22799404958,0
4.16,0.926150576914817,-0.182205066084862,0.104955762219955,35.3818929819261,-5.1456083536468,0.931863922412027,0.0200058303924425,34.3742251238431,9.83708714249022,-1.43648769826018,2284.62800256403,2279.22799404958,0
4.17,-1.45119294271918,0.354931831359863,-0.0405811588133306,20.8093536639777,1.85960591579397,0.673710093515888,1.28597142166667,-10.8085676463824,-17.8790995161427,2.68697138412097,2269.83794387797,2279.22799404958,0
4.18,1.54599522644005,-0.313341945409775,0.0337687968413608,32.0901779118603,-1.64380619998902,-0.77491278749939,1.33818972630396,-18.0877897848426,26.5577385697147,0.546730961043578,2288.24224473846,2279.22799404958,0
4.19,-1.49566936047289,0.193727627396584,-0.0374676452219278,22.9802681712593,1.74662246982883,-1.49495745439404,0.059437949557135,22.9521264948584,-2.08405965344625,-1.58548883807535,2273.64427609936,2279.22799404958,0
4.2,-0.940582852162741,0.576676249504089,0.00708747355724448,25.776900819141,-0.513117037313375,0.937302144768718,-0.0788100467959681,-25.7161037947782,1.84225691748138,1.47937679057337,2265.15750174358,2279.22799404958,0
4.21,0.252028295405377,0.407830953598022,0.0281926455000344,31.3577691955696,-1.40900235710046,0.191787829938605,0.165923220896507,20.2522205294923,23.9821296008036,-0.746178523589451,2270.22711306605,2279.22799404958,0
4.22,0.917286011163287,-0.096905030310154,-0.0148846647279078,32.9618626081422,0.817226095808149,0.228524852835485,-0.888488362983127,6.89707372189676,-32.2425591286491,-2.90606855201631,2282.58752791736,2279.22799404958,0
4.23,-0.513228553447941,0.00352056161500514,-0.0423581029200663,27.112421457377,1.97459947620736,0.472800650689356,-0.204101204467229,-25.0607696962692,10.5328183599847,1.24562262120053,2278.88067646688,2279.22799404958,0
4.24,1.3400755352328,-0.615813493728638,0.0913729710724413,31.0843953637075,-4.42423418193652,1.05616200608446,0.829863408565368,20.1151579496605,24.1079634951629,-0.836734742031628,2295.01795709622,2279.22799404958,0
4.25,0.250008061205735,-0.859436631202698,0.00900007225546464,29.4603244288044,-0.461385758829639,0.0646186494979346,-0.241680495914579,9.06969069001082,-28.0332713584482,-2.84434808129155,2299.73293770688,2279.22799404958,0
4.26,-0.0157443051905927,-0.935746908187866,-0.0664795021583398,27.7361618477066,3.22534178999426,0.00783618580282482,-0.0678675293879101,-27.166221771253,6.4570812585533,1.45320526977275,2301.23938515045,2279.22799404958,0
4.27,0.544405118767825,-1.28634321689606,0.0933581387418107,34.70261358612,-4.60077464157154,0.339996034092863,0.435310661724555,12.3786720797248,32.7445719860976,-0.49323942593251,2310.02995114648,2279.22799404958,0
4.28,-2.86881136753024,-0.203182101249695,-0.156125534138775,25.7746714329589,7.50386536907376,-1.54559322387672,2.42189913728611,8.92915574016097,-25.3162370964195,-2.51920784350007,2281.66070289068,2279.22799404958,0
4.29,0.830457899909901,-0.504863440990448,0.0983000922748705,29.3809208779064,-4.94384229407628,-0.443425688341452,0.709011206246361,-22.2538065554023,19.8103049460938,0.676717443940515,2292.01657465013,2279.22799404958,0
4.3,-1.96146683323529,0.160979419946671,-0.00417695903422821,30.4226154638578,0.0360486744310752,-1.94542184296799,-0.250406544986107,30.1700262328661,3.91233284331198,-1.44065487434366,2274.11895810957,2279.22799404958,0
4.31,-1.94060856302178,0.959632515907288,-0.152782145622959,26.1156453714484,7.39645220136199,1.14729017184414,1.57258679903033,-19.9876074167439,-18.3638228070414,2.58987151746756,2255.30714685896,2279.22799404958,0
4.32,-0.291910309210095,1.04719519615173,-0.0553851696207374,32.6625409032222,2.76040051757167,0.0246736106372952,-0.296091807679933,-6.0724653355723,32.2115903677596,0.270643597513508,2254.88910643222,2279.22799404958,0
4.33,-1.43412299380579,1.55636739730835,-0.0861664201342539,28.6351254233106,4.14238018596487,-1.19459167047122,0.79817551588734,22.6300975131328,-18.0279895762091,-2.09981954921931,2241.971607999,2279.22799404958,0
4.34,-0.0380546030076794,1.5356662273407,-0.00912090419145911,29.5502695303262,0.353415210607267,0.0391131744879427,-0.0012260851591973,-29.0096505875608,-5.6376860868307,1.77470128781145,2243.67051559436,2279.22799404958,0
4.35,2.34683461915973,0.448448300361633,0.177786777799691,35.1487810810314,-8.6819180841186,1.3243674320121,1.94558263074912,10.0016408564831,34.796259759916,-0.522046880782032,2271.11098846602,2279.22799404958,0
4.36,0.116217189595788,0.196355655789375,-0.0199322295041342,31.8286014896825,0.916870929127455,0.0669342259992351,-0.0970749108700711,12.546188260181,-29.2659133674279,-2.7077968461535,2275.05640654502,2279.22799404958,0
4.37,0.2749566062036,-0.0432573892176151,0.0832616774072866,33.3146793968065,-4.12162101745893,-0.25996328495134,0.122281366924749,-33.5601436760643,0.756557707966062,1.42516441871953,2280.80309741463,2279.22799404958,0
4.38,0.952301942962301,-0.533689618110657,0.0324826176488403,29.5796673621837,-1.57118387974401,0.945524659903815,-0.117971303853389,29.6011331410238,-1.09464917155379,-1.66082661150968,2292.75145617496,2279.22799404958,0
4.39,-0.741833704405531,-0.359966337680817,-0.138892199346024,29.7761629527748,6.77900125074831,0.524474593634783,0.542710501706791,-22.0566933220185,-21.1205354535881,2.55836606721708,2287.18628055174,2279.22799404958,0
4.4,-0.859405836492133,-0.0442456193268299,-0.0314252704765334,26.8443610696344,1.50613469044481,0.342223466803037,-0.788954395507482,-10.2164105018736,24.8699239926436,0.445824027715909,2279.77555230381,2279.22799404958,0
4.41,-0.876321624292361,0.246362462639809,-0.101829645854031,30.6740936738323,4.95087250847281,-0.851732723467768,0.229913535380883,29.6089892111401,-9.41907209871433,-1.71876632940209,2272.98394499661,2279.22799404958,0
4.42,-1.66067481266186,0.862116098403931,-0.0703975294313336,29.9327694641382,3.32074379828653,1.26559048932797,1.07753299665585,-24.2067260261359,-17.9173782195582,2.31847239410493,2257.95453476583,2279.22799404958,0
4.43,2.14331496285123,-0.0311289522796869,0.090103638669549,30.5248809802221,-4.31932541763333,-0.151477815445039,2.13985330504488,-7.72437148094272,29.8455862087602,0.112685633817275,2282.0650615534,2279.22799404958,0
4.44,0.926711906320486,-0.617208182811737,0.0702324823915584,33.9548920553953,-3.52066225960381,0.831270697771188,-0.415591850167964,32.7632917207333,-9.58626480240722,-1.95875992286092,2294.79797688052,2279.22799404958,0
4.45,-0.0970738521650361,-0.73684173822403,0.0540484820902683,32.7661108829769,-2.69570339924462,0.0359659553222572,0.105123837678134,-22.5442573432626,-23.929924781599,2.3039152996278,2296.61991495784,2279.22799404958,0
4.46,0.58095491350632,-1.08768784999847,0.038473831226083,32.726125983412,-1.89365418834489,-0.148222825181125,0.563044262302419,-12.1998779389747,30.4261109302735,0.323540812995682,2305.3893995548,2279.22799404958,0
4.47,-0.402868123261296,-1.03467047214508,-0.0071368536417148,29.1217495685069,0.222415178854541,-0.188504463129756,0.356117574405061,13.8831549534405,-25.6004643508937,-2.63704239075292,2303.20527850491,2279.22799404958,0
4.48,0.647090858327903,-1.39631795883179,0.172288847544804,33.0452242107162,-8.54392696503708,-0.665244087036515,0.076552796048299,-31.4553876210347,-13.2493064245209,1.71644018317096,2312.63929580336,2279.22799404958,0
4.49,0.565385706818803,-1.71838641166687,-0.0450748065023436,26.5308652683406,2.30001612763212,0.0410328707049298,0.565693414472834,6.28975828320296,25.8769361944781,-0.151964444125243,2319.95761312674,2279.22799404958,0
4.5,-2.28238348468835,-0.860796272754669,-0.0484036008166671,24.9521429621686,2.1156787032697,-1.96614658518976,1.16012278888779,20.7178060816251,-14.066202257331,-2.08266246858778,2297.38152629265,2279.22799404958,0
4.51,-6.96483415105429,-4.59999990463257,-0.269229660204961,19.8667867600393,12.8375652307574,6.45802367732437,2.62208496138931,-23.3902237080561,3.51990512797084,1.99511765846085,2240.68868659859,0,0
4.52,-4.05161670254102,-4.59999990463257,-0.212815346432942,17.7587531588329,10.2191804742064,-2.33625136133573,-3.31704957042305,18.1024004162621,9.59729454013337,-0.561138989648246,2204.9735039858,0,0
4.53,-5.74842121606714,-4.59999990463257,-0.249743577450323,22.4013232358889,11.9989996343164,1.85778098190359,5.44567426083179,-17.8196014427235,-18.1178663027849,2.85624373876148,2155.99270448616,0,0
4.54,-4.99382959754887,-4.59999990463257,-0.2087242499203,20.5742768227342,9.91142609741626,-1.89668928908688,-4.62433450374462,16.324838180669,15.9698745279359,-0.347456944055935,2112.79718745596,0,0
4.55,-6.88922730529133,-4.59999990463257,-0.325481419866378,18.1960944530261,15.6407360484837,5.09984642447444,4.64316244228276,-23.9255799867707,-1.81579177727602,2.3565656576288,2053.26764284218,0,0
4.56,-7.00207116430813,-4.59999990463257,-0.3147952109397,15.7401621126747,15.1382308720936,-2.92016027995788,6.37187260969821,-6.27099680366094,-20.9187317100861,-2.66693967235154,1992.3484599328,0,0
4.57,-3.3859324539548,-4.59999990463257,-0.161816983982972,20.8359253104656,7.79221597928162,-2.39443269363614,-2.39946148014426,19.7690984882149,10.199860703673,-0.736594533898656,1963.21462172116,0,0
4.58,-3.96812988146188,-4.59999990463257,-0.10165028884775,14.7983133932858,4.72728059557875,3.19279368728691,-2.35848595666678,-9.41373559838874,12.3579465607708,0.960183831820865,1928.26782995817,0,0
4.59,-2.17708633572376,-4.59999990463257,-0.0526779641616699,18.4990438882686,2.40364098311885,1.41333738258383,1.65679127354486,-13.5277488241576,-12.8449260996831,2.45951834520742,1909.39074874732,0,0
4.6,-6.37912407968144,-4.59999990463257,-0.238535830356771,15.1526973274553,11.3653939852241,-3.11540534319142,5.57174774320858,-1.82173259532628,-18.853586053798,-2.59438097636243,1854.05416424929,0,0
4.61,-7.47406370637997,-4.59999990463257,-0.249138051511185,9.80104338237403,11.9306119976293,-7.20319044677714,2.0094142039897,6.7019383544357,-13.9098517718377,-1.80952060637664,1788.62744446874,0,0
4.62,-2.13226958058548,-4.59999990463257,-0.0125051755983507,15.4138927565329,0.436579201680253,-2.07736517371913,-0.480919825673484,15.0970502477985,3.13970780880742,-1.33743463947739,1769.3581630033,0,0
4.63,-4.47821348044158,-4.59999990463257,-0.121127257980561,14.0130862876296,5.69501765062029,-3.99968084539796,-2.01782579128904,15.0375717252601,1.63439589851656,-1.07651630408442,1730.3119369146,0,0
4.64,-2.3998983160332,-4.59999990463257,-0.147443131762227,17.3498698440465,7.18738930390588,-2.13931923375006,-1.09752659216528,18.5889771009326,2.66954658177332,-1.03542211231957,1709.56978310538,0,0
4.65,-7.37010679369133,-4.59999990463257,-0.219452049035849,9.61147575220564,10.4974145967139,-7.1686558473153,-1.7254004448224,12.032647491982,-7.60207693227573,-1.30483493333919,1645.28449150622,0,0
4.66,-7.28786750340127,-4.59999990463257,-0.248035881258361,6.60065202175833,11.8705114815346,-6.35820178038365,3.57040679271284,0.405209015615162,-13.576209176322,-2.04843792962723,1580.42510455313,0,0
4.67,-5.99180053682924,-4.59999990463257,-0.246037453841561,8.74865751559034,11.8880071147795,0.730924824382696,5.95213885951438,-12.5580547001217,-7.75622225280407,3.06044333848255,1527.55556367727,0,0
4.68,-4.26043274955418,-4.59999990463257,-0.113832014715118,9.83207183679781,5.39795623418225,2.13464135164928,-3.68884144967995,-0.5518175179213,11.2028150719815,0.551304022998944,1489.77267724628,0,0
4.69,-4.46364848108525,-4.59999990463257,-0.169929509299988,12.8944976653995,8.20005495172953,-4.27221681099304,-1.30429955174952,14.8713811026571,-3.51439829187178,-1.23643476337597,1450.89868475486,0,0
4.7,-4.63678905908391,-4.59999990463257,-0.0965488821388456,14.2530912247791,4.51339912031569,0.887271898957594,4.55212950633027,-6.88202541097426,-13.2724943896709,2.96991197276256,1410.76776754153,0,0
4.71,-5.74358311494536,-4.59999990463257,-0.209436735623827,9.79387021851618,10.1059156926739,2.88580079638512,-4.97038876830548,3.32601898166729,13.6743198579732,0.562479927250275,1360.58905829853,0,0
4.72,-6.56421397212582,-4.59999990463257,-0.137808561805829,7.97624340576824,6.55901564657035,-5.06207023887567,4.18130854736267,2.18486634297291,-10.0929432864433,-2.24020478750035,1303.38043282949,0,0
4.73,-3.24783424139986,-4.59999990463257,-0.0858920366549676,5.95886074498457,4.10221446427111,2.53403011533895,-2.03334602960869,-2.26271116039291,6.87141347130461,0.921023795593378,1273.69459514397,0,0
4.74,-7.33397879593126,-4.59999990463257,-0.13196971608564,1.7164171778321,6.25556270230993,-4.01637638178073,6.13786459161547,-4.20649662004858,-4.93796910039017,-2.54416578827682,1209.18998741852,0,0
4.75,-1.83672924091131,-4.59999990463257,-0.0206565628409123,10.9056255075201,0.916079708951649,-0.0701200154985653,-1.83550651903869,1.20948233699331,10.8769950914729,-0.0269375197242339,1192.45889503494,0,0
4.76,-5.02289678644584,-4.59999990463257,-0.100929562406301,7.11486285209886,4.82660258791047,3.90508547908448,3.16069395938598,-8.55066067411928,-0.896419534520736,2.27132122192375,1148.78863089309,0,0
4.77,-2.81873082006338,-4.59999990463257,-0.0477403792004886,8.50807750154821,2.22742490836996,-2.58187731707649,1.13200357744456,6.98904356741341,-5.33873341791618,-1.96706198106829,1123.57380753711,0,0
4.78,-2.30066226733974,-4.59999990463257,-0.0407133499429149,9.75622475214331,1.90281255149587,-0.242928758419222,-2.28816303255631,2.75362384569208,9.55102993068811,-0.0880768623606432,1103.27944159891,0,0
4.79,-5.52996868253116,-4.59999990463257,-0.103268235239546,-0.0280550761917846,4.91598323703871,5.52345366100559,-0.287537150484611,0.191900269046464,4.91231641498038,1.53745790145428,1054.14119750894,0,0
4.8,-5.9151787455549,-4.59999990463257,-0.114822787661066,3.23275855747285,5.50056069688751,2.14302506134342,5.51452332036821,-6.2770090043299,-1.14282712193001,2.79034863151359,1002.03255235138,0,0
4.81,-2.07566418283178,-4.59999990463257,-0.00698825754007382,9.70835400263042,0.268006022599081,-1.23831582536252,1.66583449126584,5.60350236192073,-7.93251069639924,-2.49898753750994,983.75426356614,0,0
4.82,-3.14353648462602,-4.59999990463257,-0.103960871818457,6.20292214898029,5.07920928315296,-3.11657792403192,0.423758818764922,5.65303910014531,-5.68487106807233,-1.67287758955112,955.962321486333,0,0
4.83,-2.31528069629365,-4.59999990463257,-0.0699801958273373,3.2912669001257,3.40560992304148,-2.01675173961238,-1.13935699023989,4.57933271107011,-1.2084405972595,-1.02633412073513,934.798179889155,0,0
4.84,-5.53300624631447,-4.59999990463257,-0.0740529283278866,2.42776088169344,3.48142057803137,-3.34042315366201,-4.4114867235919,4.24291749323581,-0.109376804737998,-0.634716696608805,885.84012857999,0,0
4.85,-7.10995540245742,-4.59999990463257,-0.0964807375491943,0.424876169940597,4.56064797043356,-4.38609479512841,-5.59669070128044,3.88499933855869,-2.42627488331429,-0.651150106207166,823.350727990078,0,0
4.86,-5.06541630497844,-4.59999990463257,-0.0658638796187276,-0.802009715547586,3.1435188928569,-4.42302118327326,2.46974978605037,-2.20200922370559,-2.3824537754795,-2.06705262049318,778.387170999819,0,0
4.87,-7.02419667309335,-4.59999990463257,-0.11528285252998,0.986518887495537,5.54078115232563,-1.75669457548615,6.80195951229061,-5.07896778173377,-2.42436828173088,-2.87244150753743,715.946475791219,0,0
4.88,-6.19218480347764,-4.59999990463257,-0.0308267351641978,-2.46442466620665,1.37695673531672,5.10996355985816,3.49748128586015,1.24335935278434,2.53445384771267,2.17598348929174,661.436316771893,0,0
4.89,-4.93332654333605,-4.59999990463257,0.00688295265514594,0.892481344758703,-0.454809285743502,2.71320129710282,-4.12023019740656,-0.869997821461291,0.496465736776894,0.580937263013276,618.059678543369,0,0
4.9,-6.75057666321067,-4.59999990463257,-0.100237976726791,-3.94575769189069,4.84722628023272,-6.66276802162462,-1.089887713427,-3.03067627610306,-5.46622426217214,-1.39380582849091,557.440788681022,0,0
4.91,-6.10251331189262,-4.59999990463257,0.00657306297838933,-3.04965725094765,-0.469346778904222,3.66660677783836,4.8781868213193,2.20984522094178,2.15343443053326,2.49597006030062,503.134567246226,0,0
4.92,-6.64127472617979,-4.59999990463257,-0.114059860473365,-5.46262810028827,5.57748497773281,-2.14005662689214,-6.28805989746128,3.63921431295867,-6.90686351560902,-0.310867449767016,444.172348501163,0,0
4.93,-3.42955714450937,-4.59999990463257,0.0558071398771476,-1.14868442322829,-2.84398878063878,0.985932429574634,3.28525705061714,3.05834301390807,0.232993772119079,2.83376566991205,413.759352995077,0,0
4.94,-6.73655295444061,-4.59999990463257,-0.0494802339985447,-6.05023844704083,2.38875767904234,-4.03964313692561,-5.39118515057949,-1.67021689410879,-6.28664648615368,-0.635711391315094,355.059836729293,0,0
4.95,-5.13227928798486,-4.59999990463257,-0.029405535368096,-7.01475855061221,1.4077292304002,5.01452211404693,1.09349135484597,6.53721764309378,2.90746016246716,1.79122960131736,307.976393927368,0,0
4.96,-4.29202530883305,-4.59999990463257,0.0410749672927029,-0.0280922057313073,-2.1028631316185,-3.0286089682924,3.0414957047118,1.48460269582649,1.48955609424013,-2.36788724549705,270.48770934404,0,0
4.97,-5.8380099476633,-4.59999990463257,-0.00655628136456426,-8.1301566109344,0.279711273215885,-3.20353781179819,-4.88054798380471,-4.219677787833,-6.95499851053565,-0.579730443458366,218.749803494853,0,0
4.98,-5.20892819533428,-4.59999990463257,0.0345910898506243,-3.43537942346525,-1.75993466791124,3.97488620592692,-3.36666142306847,1.46028929712441,-3.57305989135198,0.861415707450103,173.566110472605,0,0
4.99,-6.74655179517138,-4.59999990463257,-0.0228281982444569,-12.1559427329557,1.11442223231021,6.39986978482036,2.13498219873344,11.1619046750046,4.9417370088741,1.89616851360619,109.524547333102,0,0
5,-2.90111456230182,-3.5157163143158,0.0840058538161252,-3.16438716824724,-4.21087175378625,1.47071852551456,2.5021010582675,5.24871394381719,0.442480523166455,2.58124861736087,79.5360150239148,0,0
5.01,-4.11908014102906,-1.82557773590088,-0.032164474337407,-3.71051102080222,1.60928608736419,0.580751706135919,4.07806120815389,-1.10050328840663,3.89186154156142,3.00794352176781,39.20330159197,0,0
5.02,-2.63858443962154,-0.657290935516357,-0.024388772244853,-2.8218298091291,1.22532135092613,-0.114669717015621,2.63620437622429,-1.37229898106058,2.75334912266954,-3.08887915459658,13.1910716579383,0,0
5.03,-1.71522796906604,0.0935791432857513,-0.0649273547248123,-0.0966785797162293,3.25655719043792,-0.0800833144785886,1.7145871835518,-3.25309588514341,-0.178545916872612,-3.05708410100369,-3.53193398898097,0,0
5.04,-0.932481894921384,0.529805600643158,-0.0340460117521234,-2.47308467192061,1.7106232445156,0.0140657783522245,0.932997196754496,-1.76320074336919,2.4358782436214,-3.12017245163677,-13.0655815930095,0,0
5.05,2.30144543246214,-0.344511717557907,-0.0650877572320583,7.26520504557624,3.26533855364897,0.0985521432559887,-2.30025541403601,-3.15933106433907,-7.31192638434735,-3.12704855468272,10.0885654043581,0,0
5.06,0.703903810057513,-0.683080971240997,-0.0181674187889689,-2.4363626549221,0.915775804451488,0.0980142492756426,-0.697283181969757,-1.18662158913504,2.31655725474603,-3.02774550838179,16.5374918845669,0,0
5.07,-0.473033172648817,-0.537086248397827,-0.016483855837618,1.20982985470598,0.830771816856901,-0.0864311651442725,0.465361959791821,-0.548811230213995,-1.36113053107063,-2.9231231492664,12.24387180772,0,0
5.08,-1.42965476919053,0.049986407160759,-0.00721469881649439,-3.456021319636,0.366885238454769,-0.349377688414036,1.38632609503923,-1.21677391227326,3.25547990108767,-2.88967015825845,-2.3489722237631,0,0
5.09,0.687880632229859,-0.147480353713036,0.0506200186978635,-1.15626277241865,-2.52861846136405,0.1275595727935,-0.677842685199643,2.14732376955743,1.76631128364341,-2.88212743736675,4.07999092701854,0,0
5.1,-0.356637905343947,-0.0304263345897198,0.0336957891772581,-0.777993940797874,-1.68148117692299,-0.129444652370183,0.334021082731553,1.40642061922651,1.20608231977715,-2.86608062587257,0.491058932486342,0,0
5.11,1.05838109390744,-0.41266804933548,0.039796976544913,-1.04101656520902,-1.9863371611201,0.293088003419695,-1.01776901187563,1.56130556390384,1.60983717897469,-2.82362376614596,10.5620850084567,0,0
5.12,-0.892369665212623,-0.100603938102722,-0.0157734912608465,-1.05069148562256,0.795196412661653,-0.300427887112707,0.84042578914693,-1.11504833229496,0.702109072235879,-2.78060355846453,1.66209536469871,0,0
5.13,0.896224654602136,-0.427241504192352,-0.0134565877271979,2.08764593221784,0.679793147454837,0.368419031120594,-0.817109006668107,0.205583223168072,-2.1858910768801,-2.73301984210284,10.8341882010211,0,0
5.14,1.69658929807516,-1.11001133918762,0.0495402123180403,-0.468811331418916,-2.47229569696074,0.847357817370394,-1.47066454649623,1.85942068353583,1.69546005535858,-2.58968537647233,27.3765754273075,0,0
5.15,-2.76705354944556,-0.0751170068979263,0.00205248608719633,-4.39303568888114,-0.0972130636873722,-1.6670499082316,2.20851401663277,-2.56640953359464,3.56675693724838,-2.49575004979128,-0.565148099797515,0,0
5.16,-1.50398875225943,0.629126369953156,-0.0650813905972363,-0.684613665085081,3.26464841808689,-0.772320009881255,1.29218402585002,-3.10354888911319,-1.22254221073254,-2.55963098173202,-15.8692407715219,0,0
5.17,-0.156180848582926,0.752645254135132,0.0217012000805985,-0.599297508361691,-1.08105126919082,-0.0886158500865777,0.130424808462402,0.703914102790939,1.01603852586387,-2.68286410026764,-17.6030610420197,0,0
5.18,-1.35437903585964,1.28793084621429,0.017088691450951,-1.42573727426551,-0.84852948660262,-0.387365611449739,1.29791466561472,0.425612734771534,1.60361556018406,-2.86417306870439,-31.0759209468099,0,0
5.19,-0.379524907292619,1.46949946880341,0.0601300737870098,1.85972162629247,-3.00460013749745,-0.0738749806353669,0.377090530596071,3.0701639171639,-1.74936560938371,-3.10526403946793,-34.4447416192029,0,0
5.2,-0.780728405864729,1.79212832450867,0.0434977369698797,-2.59922600564972,-2.17073434604831,0.148423040053454,0.767723581783751,2.73961647754681,1.99061924674549,2.89496314918764,-42.3648768932281,0,0
5.21,-0.872800474013736,2.13411808013916,-0.00989828066714926,1.95332198430528,0.503543149610868,0.492428578345745,0.720689072088065,-1.50257490526172,-1.34584216458249,2.5535205115773,-50.341688081548,0,0
5.22,0.205358915109827,2.08314418792725,0.0258711331865566,-0.353638563777647,-1.28922252820438,-0.182005049167822,-0.0985685630658193,1.03830866081845,-0.842062994015174,2.19246459800472,-48.2907297400311,0,0
5.23,2.63942441773735,0.98967057466507,-0.0402297261548494,4.26984248442389,2.01783989592867,-2.44215329918576,-1.00203141222755,-4.71192208777164,0.31784103914125,1.94491525982414,-20.6100188043482,0,0
5.24,2.34707410911493,-0.104866184294224,-0.0188344352911991,3.91092355391577,0.948839134706457,-2.22101618928088,-0.759077530020894,-4.01042834869555,-0.334788303413831,1.8920964281874,4.64608861768299,0,0
5.25,-0.131214648941119,-0.14130212366581,-0.0115461652858841,-0.946760108151231,0.583489503666047,0.127205333777323,0.0341965069583131,0.688944069044377,0.873023924645573,1.92118500197638,3.2452278074472,0,0
5.26,0.478354478447221,-0.307082891464233,0.0232056000691068,-2.86437932409855,-1.1563289360904,-0.451075526936363,-0.160911080799808,3.08888926624585,0.022991773189911,1.96192522220169,7.60786943697302,0,0
5.27,-0.401691606702358,-0.164044350385666,0.00611080669424663,0.289495803483819,-0.300494712617981,0.362348219035663,0.173485610398268,-0.13735526429875,-0.394003076022923,2.00211396410681,3.55072246206144,0,0
5.28,-1.15707518044029,0.311392188072205,-0.00644348164582509,1.13002330884772,0.328788602338193,1.06284288732561,0.457416099965886,-1.16712910671805,-0.151209364188126,1.98277563761116,-8.158321463755,0,0
5.29,0.833816794345181,0.0128393322229385,0.0618684533593807,0.707764199804739,-3.09196460528768,-0.795837923317929,-0.256359419296742,0.507430424783561,-3.13108442027375,1.95648921651737,0.509604727556429,0,0
5.3,-1.70260850446313,0.665732204914093,0.0126970397687699,0.273032978823699,-0.62848315534698,1.61092530371134,0.551322591729736,-0.0599114984805667,-0.682604348382027,1.89308381419893,-16.9391594580982,0,0
5.31,0.80279103800107,0.423215061426163,0.0228862702695475,-2.8229644513949,-1.14037363760168,-0.787170010475474,-0.159250138680407,3.00771933988468,-0.472445446226221,1.79890999220624,-9.09374969352802,0,0
5.32,-1.29116229482143,0.958811342716217,0.00225609880584043,-3.89614156966047,-0.105516371468611,1.28367763112165,0.138841279554291,3.8854395387604,0.307266051039888,1.67678915646025,-23.4729270314181,0,0
5.33,-0.334457314480994,1.12790632247925,-0.0199922836442492,3.37312375648715,1.00753710018422,0.331891752647006,-0.045926584241043,-3.28461217329552,1.26665613165709,1.49299560952295,-26.4600777784458,0,0
5.34,1.32078043055561,0.558613359928131,0.0405576392999856,-0.153357763912555,-2.02541517225836,-1.28193320269493,0.320551293356585,-0.280944242281043,-2.01168972669638,1.35646542786061,-11.6768444285963,0,0
5.35,-0.353696714193494,0.68347293138504,0.00485470812124902,-2.73688969243941,-0.237243600162109,0.337544084263801,-0.105777715047779,2.52613250845402,-1.07958522782169,1.25339017988458,-16.2264884017361,0,0
5.36,2.18681385594419,-0.314611911773682,0.0172113034346213,5.08375330443571,-0.855418269952749,-2.058672506771,0.737779492382811,-5.08130332766628,0.869853188289573,1.23454920720222,9.57427140360413,0,0
5.37,-1.10312398345576,0.0992396175861359,0.0277451537652949,-2.47731326011421,-1.38342563299035,1.05729248428125,-0.315887510223429,1.92582428299584,-2.08378221073508,1.25532201474933,-3.31180211654981,0,0
5.38,0.891837009282573,-0.271081745624542,0.0149318234813948,2.20854185374169,-0.741900592990053,-0.84796258239709,0.276686951866226,-2.32907013121316,-0.0592109238105613,1.2721337313643,7.2944329790281,0,0
5.39,-1.91691845360801,0.55736255645752,-0.0381016117612392,-2.48234302650341,1.91453900587228,1.80095564799041,-0.657713345290465,2.96907601576435,1.0060189455718,1.24051674155603,-14.7544853012572,0,0
5.4,-0.46701777232297,0.823105156421661,0.0108456903154677,2.95943871665219,-0.537253329740037,0.423837431086391,-0.196430803780918,-2.89263784509395,0.8243572981826,1.1135882259435,-19.4753369343506,0,0
5.41,-1.43167580152584,1.47466433048248,0.0289138364314168,-0.630457632444731,-1.4408156079931,1.14607741206864,-0.858509275522342,-0.390069197785004,-1.52357227051548,0.907688090106423,-35.6147125013881,0,0
5.42,-0.50871227314668,1.73750793933868,-0.0576952403371542,1.8632720328394,2.89398370053771,0.251288822002099,-0.446061481798667,1.25362014835499,3.20552037132472,0.625966801665972,-40.8299621183217,0,0
5.43,2.27417756807641,0.804861426353455,0.0715636882890979,3.08679858795476,-3.57941735033853,-0.862739613224658,2.10539434130436,-4.5274935611587,1.35733420503961,0.420362826691187,-16.6246347343866,0,0
5.44,0.0952191519520955,0.691400647163391,-0.000242516276307763,-2.43867134721377,0.017323414296275,-0.0284935575391961,0.0908562760153697,0.740364123610032,-2.32363486909529,0.301350082822437,-15.9426227888187,0,0
5.45,-1.47323739730437,1.28144490718842,-0.0226627755612863,-1.81429102617018,1.1416483243797,0.162632346018481,-1.46440866913605,1.36056966553333,-1.65646098940818,0.125985203568834,-31.045679235977,0,0
5.46,2.38407809121254,0.400547832250595,0.00571346179071175,3.07551981878435,-0.281218126771085,0.0299438345912684,2.38389688439228,-0.249945439765112,3.07821913899913,-0.0101637128294117,-7.22083082215467,0,0
5.47,-0.44301545606037,0.466533631086349,-0.0660049085205636,1.87921267572654,3.31042188099711,-0.100258583093145,-0.436540443456663,3.44654306472921,1.61606751522413,-0.077849226649198,-11.1294036539483,0,0
5.48,-0.181043350724029,0.539850175380707,0.0361541565421186,1.59616553956421,-1.80448770592316,0.00587526685074457,-0.184524521720253,-1.51728808644804,1.87129825876128,-0.165276736353879,-12.595846005346,0,0
5.49,-1.19687841691046,1.00409269332886,-0.033257680269426,-0.80056067953837,1.67172961098177,-0.388717190083735,-1.13248530422977,1.35687364579205,-1.26272372402327,-0.302862350169823,-24.3040839904755,0,0
5.5,-0.389466936770805,1.18015003204346,-0.0637058549634393,2.18142937088315,3.19554274390297,-0.240813430209518,-0.312652878804885,3.84789688127792,0.404743275811022,-0.494184619817518,-27.6690719821813,0,0
