t,iq,iq_ref,id,vq,vd,ia,ib,va,vb,theta_e,omega,r,"T_ass:1.19,S_pct:-0.53,kp:0.2299,ki:0.0199"
0,0,0,0,0,0,0,0,0,0,0,0,0,0
0.01,1.87764201316268,-0.147545710206032,0.0347669591409739,0.390798291691274,-1.73814229110706,-0.0121285678510634,1.87792469734103,-1.7473585669612,0.347275060133929,0.0249725772228235,6.79187022232162,0,0
0.02,-1.84901393662904,-0.0218182243406773,-0.0302798818896808,-0.0901530329582322,1.51466515874754,0.0642958363508569,-1.8481437862146,1.51729348352357,-0.0125935432733171,0.0511501560147195,0.248800359008909,0,0
0.03,0.850266004112118,-0.0749043449759483,0.0231915202513623,2.79168876542966,-1.15992187352186,-0.0315142078669392,0.849998222976305,-1.33698130301608,2.7113513072057,0.0643274868350062,3.42439903419199,0,0
0.04,-2.04497059553075,0.0749049633741379,0.0225883796491837,0.993838919052241,-1.12938906697018,0.151184728536252,-2.03949948500557,-1.18967076850964,0.920825132241935,0.0629476436212415,-3.83741491448717,0,0
0.05,-1.45663507279802,0.208013445138931,0.0272271575749458,-0.0175554071517773,-1.3610236230739,0.0490674216381524,-1.45606299367462,-1.36060732982503,-0.0379629939793039,0.0149963053224236,-9.15791027165598,0,0
0.06,-1.15427877041498,0.313879311084747,0.0104350953704007,-1.09213289077814,-0.520724337801298,0.627133385429486,-0.969108914377461,0.145320319461558,-1.20116197569254,0.565310473718317,-13.4443468499641,0,0
0.07,-1.71681799930286,0.461161613464355,-0.0324641638311399,-0.651231017121755,1.62699634050757,0.70721951874589,-1.5647231438719,1.74904912699317,0.109754640224748,0.443404370159007,-19.7415292204333,0,0
0.08,2.0456567094566,0.314775109291076,0.0190461261698804,0.805825798120084,-0.954834783954171,-0.636338295304852,1.94426019395435,-1.16243795739748,0.458042221597801,0.325612619183853,-12.3031357831214,0,0
0.09,-0.572387487379341,0.344673275947571,0.0264963185013674,-2.14718764400964,-1.32461088882539,0.155029186912027,-0.551629805039537,-0.805687120152887,-2.39079004720243,0.227713545926923,-14.4926783099035,0,0
0.1,0.8122352826315,0.2857646048069,0.00649607705880398,-1.7237670184215,-0.325631602620743,-0.100768239988768,0.805986423693472,-0.0952614670856006,-1.75166604331756,0.132376957068817,-11.5182862253125,0,0
0.11,-0.83231349949567,0.346551418304443,0.00306164595245062,0.992893891621906,-0.151878443212356,0.0335007075460861,-0.831644658320234,-0.188091019988978,0.986674774042697,0.0365822502897051,-14.6313366409819,0,0
0.12,1.572630161981,0.220238193869591,0.00489920835042856,-0.6198759167914,-0.246180713751425,0.0805961574043817,1.57057119801253,-0.275734653724916,-0.607306756735293,-0.0481562020756982,-8.46343308976467,0,0
0.13,-2.00358049940432,0.380145311355591,0.0243258781500357,-0.914159821316818,-1.21382600907696,-0.254018007588393,-1.98756167646739,-1.32896632624964,-0.736824445113109,-0.139255342535768,-16.4965370175029,0,0
0.14,-2.0873822757083,0.594635128974915,-0.0207877873518567,-2.49980894487351,1.04392945572482,-0.623640046590628,-1.99215209994935,0.276282100226214,-2.69490290557826,-0.29342595515807,-25.4509293338921,0,0
0.15,-1.84692363501497,0.783652782440186,-0.0180512452591374,-0.522019365759445,0.906923482785704,-0.915601066313218,-1.60409708197428,0.537670861634954,-0.89773295940651,-0.5088905172243,-33.1442079131034,0,0
0.16,1.80444377108356,0.655103445053101,-0.015287917811837,-1.66774735299522,0.759869300185886,1.18818080224483,1.35811539443823,-0.54108882345743,-1.75100127696042,-0.727231199196198,-26.3942421952578,0,0
0.17,1.38206885554482,0.526881098747253,-0.0306377722906884,-0.360099511563706,1.52960223909648,1.06472240915928,0.881713777816796,0.66687779616411,-1.42289447010686,-0.901309399858958,-21.2085586323521,0,0
0.18,2.20968737162345,0.338763564825058,-0.00580022353339094,-0.246781542211232,0.287370840052091,1.88750081663943,1.14895282326589,-0.0623581084947238,-0.373623601494016,-1.02661720127702,-13.0979213070316,0,0
0.19,-1.08141994495068,0.401251912117004,-0.00593118832128459,0.682873492999887,0.298022054805973,-0.983285918545873,-0.450170055336227,0.744870170667339,0.0173718577777616,-1.13597201084811,-16.8380174074261,0,0
0.2,-1.29312220631835,0.514302849769592,0.0559048264274018,-0.829563365235378,-2.79430299923076,-1.22156243292896,-0.427873360409595,-1.60299772886888,2.43448206189569,-1.27708894319625,-21.6013977645701,0,0
0.21,-0.00853160644254423,0.526732861995697,0.0216904046976642,0.0623959739100864,-1.08492594434027,-0.00553191758310718,-0.0226419931166102,-0.0843235859843035,1.08344224355041,-1.43567512171301,-21.6374154854353,0,0
0.22,3.01851503526327,0.282524734735489,0.0123740611652852,2.3999721658918,-0.621597903727255,3.01825740884332,0.0413321843423863,2.38853305327161,0.664198919302428,-1.55300376324935,-10.3723456601888,0,0
0.23,-0.947569689790479,0.328937649726868,0.0405522231292603,0.474805606747185,-2.02728094111045,-0.948084530102982,0.0258558231305215,0.615505868384383,1.98908544421114,-1.64083114616406,-13.7454085343416,0,0
0.24,2.20359375411846,0.153755590319633,0.00889665311274279,1.60771876676178,-0.446023960439357,2.18082506581756,-0.31608007834778,1.65420589688545,0.217485302936644,-1.7106927570787,-5.26920491711632,0,0
0.25,-2.5727001358541,0.347746014595032,-0.00321703445634269,-2.62842342578136,0.164578120705965,-2.51333567840624,0.549490769699199,-2.60342149802813,0.397356472976488,-1.78478912590099,-15.1565351248756,0,0
0.26,-2.26328650839499,0.573654294013977,-0.0303633269107649,-2.65397251000762,1.52411024512367,-2.10798578458525,0.82448995305607,-3.020463170103,-0.493238645301065,-1.93021537089033,-24.4391714178681,0,0
0.27,1.89495046644479,0.42991641163826,-0.0450834957774335,-0.402646814205159,2.25237373663276,1.67480441633365,-0.887637290169895,-1.45298355535569,-1.76752671672269,-2.08193758492775,-16.7649795303535,0,0
0.28,2.53328894929025,0.179655104875565,-0.0117402530688124,-0.332435428398521,0.585644646818745,2.10540787032159,-1.40888198005586,-0.603376592920788,-0.299047911742018,-2.16516639642438,-6.10915698800124,0,0
0.29,-2.3478426461117,0.360972970724106,-0.00842397475079423,-1.71028246461034,0.423878471131796,-1.83038131310161,1.47042181121602,-1.60144471501322,0.734924412302995,-2.24398368177725,-15.59304946208,0,0
0.3,-1.53119645749972,0.522817313671112,-0.0117472744357273,-2.05041331885204,0.589677009356707,-1.04568627051554,1.11858875980927,-1.83934259581696,1.08107935356431,-2.38219443648164,-21.9622433049095,0,0
0.31,2.52125443568309,0.331823825836182,-0.0205303885284018,-0.972492463011217,1.02390697491261,1.50773596079445,-2.0208606332036,-1.40079825303876,0.17858146088512,-2.50874391789733,-12.4810213261717,0,0
0.32,2.79994800083398,0.0748534575104713,-0.0396249545525938,1.79456966220433,1.98159504689223,1.57113283910293,-2.31793454314178,-0.670102751676013,-2.58808066036749,-2.56006211875947,-1.69761864993463,0,0
0.33,-0.702044353553765,0.103226371109486,-0.0381227838994052,0.312720619129716,1.90702248339833,-0.340941945106879,0.614880647829888,-1.44894527468251,-1.27870502024151,-2.58106352657252,-4.16044122160247,0,0
0.34,-1.73249359674434,0.252406090497971,-0.00283892329742597,-0.75593091007027,0.143149999979673,-0.836668804099921,1.51707858546999,-0.491380900010573,0.592003610122984,-2.63595992600294,-10.7357283934446,0,0
0.35,-0.511784652839092,0.312689065933228,0.0378745085785408,-1.72723947048955,-1.89455013422386,-0.242905833071706,0.452056153084366,1.02747708219276,2.34882252311095,-2.7223947263219,-12.7869402561663,0,0
0.36,0.552558359352268,0.275293320417404,0.0350804773205195,-1.01412481261173,-1.75574417459479,0.147279997458594,-0.53372275830032,1.32833333706806,1.5318672552842,-2.80894256088457,-10.8403099161259,0,0
0.37,-0.580111469411204,0.315124541521072,0.000624202936784252,0.61080077412971,-0.0308892507269634,-0.141693614396965,0.562541221788108,0.178513829159446,-0.584948326168012,-2.89592014495632,-12.8733218633455,0,0
0.38,0.7644099922463,0.259853363037109,0.0148337653257197,0.27123007488317,-0.742924438778797,0.108300870651838,-0.756844500710537,0.776875361168735,-0.148213185867076,-2.98005916483721,-10.0930871154023,0,0
0.39,0.714243614923121,0.19710399210453,-0.0205681151725957,-0.0578515176753167,1.02826818773452,0.0897686278131337,-0.708878397386144,-1.02902992004251,-0.0421863444905322,-3.04441750153007,-7.50672766902676,0,0
0.4,-1.47505333056841,0.304506152868271,-0.0192701342325912,0.976915183494833,0.96540110306443,-0.0148056634958855,1.47510489743027,-0.942578837386423,-0.998953302638327,-3.11849268415081,-12.7210278468287,0,0
0.41,-0.940288670056227,0.390355676412582,0.00108689336316031,1.28114764382703,-0.0530622943423318,0.0765545363332904,0.937167737035418,-0.0529006391955829,-1.28115432900846,3.05893058598505,-16.0932088409319,0,0
0.42,-0.853122957219074,0.466602265834808,-0.00877298059680376,0.73515872163323,0.440442777568844,0.188300312826797,0.832129038978992,-0.58543151222558,-0.625873893687246,2.92933619755734,-19.2182879262792,0,0
0.43,0.0686887952813014,0.469318032264709,0.0442274072065689,-0.419621854100377,-2.2122572793336,-0.0652148788183186,-0.0492060334321332,2.22116050699048,-0.369608945493635,2.78924654582366,-18.9926838891765,0,0
0.44,2.56543329007751,0.254346579313278,-3.18344371175172e-06,0.0948899942623416,-0.00179187550029317,-1.12803057721335,-2.30412564386575,-0.0401142305758015,-0.0860126172966921,2.68632263962897,-9.08826862222994,0,0
0.45,-0.251845999421865,0.248851478099823,-0.0547927275358563,0.43397328382254,2.74125898149073,0.173550812223539,0.190548592207254,-2.59006742241187,0.997188227987113,2.61707104436147,-9.92302814171202,0,0
0.46,-2.33242891840373,0.457116335630417,0.0362244276232129,-0.523900689684231,-1.80791118559062,1.34877152264697,1.90324781577681,1.76817622398513,-0.645420505228163,2.5095431275152,-19.4017221838775,0,0
0.47,1.65562157913841,0.333794176578522,0.0155445908206273,-0.142467753934812,-0.77960136741277,-1.14001744068401,-1.20070174587564,0.667498834899317,-0.427224365399664,2.39150287963536,-12.6608085467496,0,0
0.48,-1.51559158283575,0.453293532133102,0.0570591837688279,-0.307024662449204,-2.85269330437215,1.11701414403765,1.02594005596564,2.08305557194443,-1.97306936430351,2.27609037919146,-18.8947344948293,0,0
0.49,1.4198266495736,0.342393457889557,0.0291200469125237,1.52717926329507,-1.45889622192965,-1.19756310153738,-0.763281278302942,-0.461556102210518,-2.06097565563286,2.15874256552205,-13.0959580631781,0,0
0.5,2.55800642283737,0.103694558143616,-0.0265066030570724,2.38346550238556,1.32510939400864,-2.19306726095143,-1.31702522687526,-2.72632956426188,-0.0628475471567342,2.10125115661585,-2.74442432059502,0,0
0.51,5.54301847182375,4.59999990463257,0.0410033015298308,4.49868384297245,-2.04313043169999,-4.67429059965232,-2.97955406725866,-2.66460063888483,-4.16082224028071,2.14568452657311,16.6477722094378,813.844556044043,0
0.52,4.28567721015482,4.59999990463257,0.0114611909133686,1.16615731194093,-0.560713553591176,-3.11869176371777,-2.93954455510655,-0.460787071013331,-1.20913102704426,2.32930654773543,33.5620027804059,813.844556044043,0
0.53,2.14358950706246,4.59999990463257,-0.0341182763260572,0.220787955915981,1.71282329494186,-1.06201749995768,-1.86232619628017,-1.58661279042145,0.682034320576377,2.60740984361969,42.1664527647403,813.844556044043,0
0.54,5.4929644410132,4.59999990463257,-0.00748509051528057,3.20275329611299,0.401904554344235,-0.813453420742296,-5.43240351125523,-0.876002848383239,-3.10673058957318,2.99159336893606,62.5421813795108,813.844556044043,0
0.55,7.30272029420344,4.59999990463257,0.0155903619234325,4.71592892778996,-0.724510432693029,2.85086361318268,-6.72328367792009,2.51669989286682,-4.05353212251874,-2.73841033113082,88.3810669426329,813.844556044043,0
0.56,2.52649083586619,4.59999990463257,0.00926656583083832,1.27777652922828,-0.44433001939497,2.2325852713728,-1.18271079263163,1.33787064710264,-0.200609462397429,-2.05429152688251,98.2326867620355,813.844556044043,0
0.57,5.05751847267476,4.59999990463257,0.00225913240133124,4.37724952886352,-0.0645158779514943,4.82119304663558,1.52793841898108,4.15260135247365,1.3857769459324,-1.26344197582417,117.149258361488,813.844556044043,0
0.58,4.1546844023052,4.59999990463257,-0.000989595790205522,5.16962757517422,0.0987607111783642,1.42128950028468,3.90401583224741,1.86244569588902,4.8234944774446,-0.349381830281474,132.579853616708,813.844556044043,0
0.59,1.93272999704491,4.59999990463257,0.018926991434398,2.16778547380223,-0.925004784636705,-0.0140029290334268,1.93277194476235,-0.961802258117161,2.15171190643857,0.0170374375181422,139.908123901566,813.844556044043,0
0.6,6.42696067962533,4.59999990463257,0.0561967812371331,5.75737648639069,-2.72849287040046,-5.78062178783092,2.80951835760617,-6.37118578139827,0.00700633849385035,1.12713594924255,163.949270803522,813.844556044043,0
0.61,2.97462765996948,4.59999990463257,0.0243135457069519,3.72462866460634,-1.16897300512497,-2.09131976100374,-2.11550999080496,-1.75876792811479,-3.48512438098742,2.37011811608759,174.937602650542,813.844556044043,0
0.62,6.84706088255587,4.59999990463257,0.0289592877421567,6.05419324482647,-1.33284089548072,3.87909470698178,-5.64231385373406,4.54605978869656,-4.21462466845679,-2.535075411429,200.571430819311,813.844556044043,0
0.63,1.67978237036251,4.59999990463257,-0.0148040543890078,2.7186594947166,0.765157782067077,1.44055800192214,0.864106830724729,2.73142402814858,0.718260856599534,-1.03930604666128,207.22182176514,813.844556044043,0
0.64,5.00189104454257,4.59999990463257,0.0229459413340947,7.56430285339267,-1.06021832341882,-2.57968869615421,4.28539925428578,-4.8367020287252,5.91177249532516,0.546455374953438,225.985306690809,813.844556044043,0
0.65,7.04001736553459,4.59999990463257,0.103150731575125,7.95937209461588,-5.01951671398411,-5.33199474790865,-4.59807748833441,-2.61744611770348,-9.03859104083346,2.29707108145396,252.28875220752,813.844556044043,0
0.66,3.96181819820837,4.59999990463257,0.0456988636095068,5.5702343479405,-2.20605777412152,3.43221819813748,-1.97938628422148,5.93707494651757,-0.803332230880553,-2.08237864917755,267.24278485218,813.844556044043,0
0.67,2.27345316248311,4.59999990463257,0.0485597658660044,5.98933587626419,-2.38349324911381,0.257361415710528,2.25936106777312,-1.82277674658996,6.18309544155412,-0.0920638434184929,275.857141176752,813.844556044043,0
0.68,2.11286876854296,4.59999990463257,0.0241376378437396,5.06949977977889,-1.1600690900903,-1.96488583178915,-0.777187703633543,-4.25354072507245,-2.99215300596599,1.95887415761232,283.724720290921,813.844556044043,0
0.69,4.9107507126502,4.59999990463257,0.0508071249880967,7.02668195562628,-2.41395891076475,4.00430209804477,-2.8431705248434,7.14823169604133,-2.02589253123028,-2.17787575174887,301.884288179117,813.844556044043,0
0.7,6.55134858808159,4.59999990463257,0.0993631375231376,8.34831079025195,-4.79082337788153,-0.723496719201018,6.51203454021571,-5.80051677393122,7.68116441980225,0.125813373325117,326.538145750727,813.844556044043,0
0.71,2.00516816426832,4.59999990463257,0.0016973033506204,4.95829552646959,-0.0405061731885426,-1.12128442582291,-1.66235480094979,-2.73558333213469,-4.13556756816058,2.54902222943222,334.346932058072,813.844556044043,0
0.72,5.55654753111032,4.59999990463257,0.0841880005299871,5.89074045255519,-4.04284878297646,5.22809303227739,1.88397222133822,4.08295416339952,5.86301412764484,-1.20977606896815,354.567053547341,813.844556044043,0
0.73,3.76897750392018,4.59999990463257,0.0847870525336332,7.27046121832007,-4.14130146398359,-3.72698139305498,0.567441596250817,-7.74152854704574,-3.17469996975535,1.44219658583809,368.953868750177,813.844556044043,0
0.74,3.08409679145468,4.59999990463257,0.0554089767175249,6.3157286666036,-2.67172134438638,2.64287659498865,-1.59057426026674,6.80526945290264,-0.845476910151008,-2.09459951976057,380.334968890788,813.844556044043,0
0.75,2.21997989499367,4.59999990463257,0.0126393037661396,7.77267390907149,-0.576652601281708,-1.46248222492174,1.67021442574412,-5.58529373161349,5.43612746823735,0.724877485873258,388.903204682215,813.844556044043,0
0.76,2.53280961322331,4.59999990463257,0.0275051699674697,6.33243086446291,-1.2866538920636,1.11866863275955,-2.2725451725524,4.00634949461849,-5.06994305866792,-2.67330219223705,398.252917025863,813.844556044043,0
0.77,4.01552675725336,4.59999990463257,0.095484398753436,8.34804794574668,-4.64491400706036,-1.10230201807308,3.86244775622597,-6.91617255728175,6.59027220950498,0.301773673415424,413.388861724054,813.844556044043,0
0.78,5.298929901732,4.59999990463257,0.124453884848663,9.72949375342063,-6.0527221730841,1.25842384040409,-5.14883640357955,8.3755592803033,-7.8197507085917,-2.87840035568609,433.407276794487,813.844556044043,0
0.79,7.03413547113905,4.59999990463257,0.169857061855285,12.3210438961959,-8.23775326501358,-2.54487327311236,6.55984247307792,-12.338222081789,8.21200203407675,0.394215994055673,459.729989535439,813.844556044043,0
0.8,3.66381519160633,4.59999990463257,0.102647873399621,9.58845906342229,-4.98477823904006,2.20793761312012,-2.92559222051334,9.88131125132653,-4.37564272510223,-2.46708247774873,473.667325998395,813.844556044043,0
0.81,4.5845015105295,4.59999990463257,0.123643305352194,10.0557923197246,-5.99171001298536,-3.95931498498129,2.31446897078105,-11.6982294490783,-0.413492217409673,1.06876822299758,490.899740529601,813.844556044043,0
0.82,6.0942433707132,4.59999990463257,0.154321308717549,12.2205295649069,-7.45198411355402,6.09557686319952,0.0869484481332858,11.916083858385,7.92971345985226,-1.53121604527164,513.870732374049,813.844556044043,0
0.83,3.70015963066042,4.59999990463257,0.0520881065054322,10.9763110465667,-2.45444054329533,-2.82279953472721,-2.3928429221226,-6.65881709221771,-9.06442703671579,2.28802081552084,528.025080476375,813.844556044043,0
0.84,6.44280903503013,4.59999990463257,0.159928354152305,9.84576467840296,-7.72980843002569,0.399553072123688,6.43239634062487,-7.35809667172485,10.1265706849325,-0.0372183665465878,552.080710352605,813.844556044043,0
0.85,5.65840875919476,4.59999990463257,0.0879729697409131,11.6176061205642,-4.14419408079966,4.53712867995486,-3.38227619674504,11.8460447814866,-3.43719938131599,-2.19584345458069,573.322256369734,813.844556044043,0
0.86,5.65741174201161,4.59999990463257,0.151730722015161,11.4693829306579,-7.3049086369327,-5.0014674127262,-2.6485191239808,-6.39796950504699,-11.9989341700207,2.08461566959471,594.485192014952,813.844556044043,0
0.87,6.39996122835828,4.59999990463257,0.19341527535514,12.9940022908936,-9.37238161425304,-1.38527353428353,6.25123431239332,-12.2781826686035,10.2923205845592,0.248288052487753,618.771249624701,813.844556044043,0
0.88,4.54410740139182,4.32938480377197,0.126553092020542,10.6578092210257,-6.0865509727451,3.93528102098462,-2.27562981312036,12.2702526565698,0.275499327670545,-2.06723710055314,636.347454442363,813.844556044043,0
0.89,1.85023108794985,4.12970161437988,0.0654508939631704,10.7191403920933,-3.19918639628918,-0.969814087712488,-1.57705406806839,-2.50603013984529,-10.9020446376721,2.62561050974384,643.82328794683,813.844556044043,0
0.9,2.46973182044235,3.90437650680542,0.081922910256613,11.8296692850631,-4.00075726944485,-2.16168534214775,1.19724814039278,-12.3540847567739,1.82310831971832,1.098161137023,653.623875091753,813.844556044043,0
0.91,2.2965230835475,3.68833947181702,0.0494623196087661,9.79007419649327,-2.35151326041094,0.856060737264143,2.13157800899764,1.25159393708476,9.9904294203695,-0.360358019337968,662.56066056786,813.844556044043,0
0.92,1.70490507124349,3.52567005157471,0.0494872868445361,9.18925498642169,-2.40752713647874,1.66453308755378,-0.372128867396304,9.47914990889445,0.619928320907905,-1.76172481188539,669.258551441886,813.844556044043,0
0.93,2.8302467262637,3.27130270004272,0.100585250975941,12.4557444245183,-4.91127511056534,0.0236523980484177,-2.83193476060216,5.45288479278778,-12.2283375737327,-3.09771637814263,680.464139688346,813.844556044043,0
0.94,5.02112731318823,2.82131910324097,0.185708103868576,14.0646544473332,-8.9952900375991,-4.71155777342943,-1.74568907389719,-9.56402212953824,-13.6842693735954,1.96259507939476,700.035145216386,813.844556044043,0
0.95,5.02672226597941,2.34632992744446,0.132754704708577,13.6376262058542,-6.3384709142649,-3.80544142864728,3.28697065457701,-14.5676075266016,3.7344173591719,0.884774197743998,719.778293063735,813.844556044043,0
0.96,2.4982644133706,2.08550572395325,0.122406307210437,12.4212231887943,-5.97588405473809,0.332829951124713,2.4790184764929,-4.90617484902969,12.8812819273651,-0.0845032992632216,729.758183486056,813.844556044043,0
0.97,4.07390984853786,1.71677482128143,0.151512644375278,12.7545800785303,-7.33025544834646,3.42166508184559,2.21628193222296,6.2290950291805,13.3270526762332,-0.958851543743235,745.699336798894,813.844556044043,0
0.98,2.42411083222637,1.47204804420471,0.0847755783156031,12.3601527712468,-4.09258428377783,2.37542451879155,-0.490773451930665,12.8719925945292,1.95816988404255,-1.73957667221101,755.334974049725,813.844556044043,0
0.99,-0.35425319510583,1.47672963142395,0.0179501992683771,10.8141412455092,-0.925762282020941,-0.229158947094432,0.270746584213051,7.29579890071826,-8.03579523637298,-2.48982159794614,754.190112019692,813.844556044043,0
1,2.04068390270928,1.30799889564514,0.0633747944537679,11.6827893782231,-3.04356296578834,-0.213278686946385,-2.03049731766463,2.17614842772243,-11.8749829980157,3.06798443300893,762.133264949214,813.844556044043,0
1.01,-1.42305689753715,1.40250468254089,-0.0112388851172106,10.9466443159911,0.454015454031232,1.01755843370549,0.994882947970038,-8.0864386944922,-7.39220271999754,2.35282485859071,756.959607006488,813.844556044043,0
1.02,3.06018075962509,1.16397798061371,0.120510988048282,13.3104932730197,-5.88014127025624,-2.55632893094352,1.68653834128997,-14.4327016234445,1.85537499656955,1.02695740464996,768.661797399648,813.844556044043,0
1.03,3.37078446060951,0.847541213035583,0.127525063936953,13.0606109181741,-6.20725130124283,-1.28191878463746,3.12011774640194,-11.0648637938096,9.3101189840491,0.427644163577706,781.975294505145,813.844556044043,0
1.04,-0.17149743060066,0.825751602649689,-0.00338785426962605,9.43694924811506,0.11729730629457,-0.0246694418140095,-0.169747650645792,1.28888989712274,9.34925305052004,-0.124567722837217,781.480121644515,813.844556044043,0
1.05,-1.63726722485746,0.965993881225586,-0.0791035758824773,8.9392234750977,3.82279854664196,-1.118296743498,-1.19846307193489,8.69369299953868,4.35237947515124,-0.702532330097225,775.170234661416,813.844556044043,0
1.06,-0.253594436578932,1.00160098075867,0.00882417254769384,10.3878008726522,-0.473053651682419,-0.242527029433053,-0.0746233494244037,9.90536534670629,3.16447848397095,-1.30708108376464,774.230749942199,813.844556044043,0
1.07,-0.497365394911659,1.04471445083618,-0.0188468133865786,10.3838283711798,0.90292875159822,-0.460559688797955,0.188712245190368,9.44024096420598,-4.41826012252656,-1.92180046263704,772.388692234068,813.844556044043,0
1.08,-0.797108708179941,1.11462140083313,-0.0342842745152955,10.5681105504708,1.65728806772523,-0.413163205960767,0.682534885097864,4.47653939616811,-9.71556274134196,-2.55427427430436,769.404407687012,813.844556044043,0
1.09,-1.84701912160882,1.27493023872375,-0.0369358604187979,10.1806755400228,1.69222872335191,0.188067070575875,1.83779070362719,-2.52025629777484,-10.0079019128328,3.05960929035466,762.359473766554,813.844556044043,0
1.1,0.733381582861906,1.23228859901428,0.0177850195044356,11.1805440073945,-0.893669827694677,-0.521664752238345,-0.515781677914129,-7.11408143559131,-8.67139293251046,2.37476977660385,765.182085912763,813.844556044043,0
1.11,-0.243654674219263,1.24611341953278,-0.00838401949955481,9.02533118606988,0.353728365034745,0.242766078951256,0.0224170239437864,-8.99786189832124,-0.787532877545197,1.69727109106387,764.249222192451,813.844556044043,0
1.12,-1.37463800352753,1.36318516731262,-0.0747982713370071,9.62973866047076,3.60810537315978,1.11389309505073,-0.808991096944504,-6.12904314721422,8.25742824082511,0.997013325933951,759.001566166037,813.844556044043,0
1.13,0.779392712292381,1.30860483646393,-0.00606844162943343,12.4011011668448,0.314094974294562,-0.227895089468351,0.745354717000232,-3.23246421117137,11.9765245762989,0.288941221228615,762.156531073865,813.844556044043,0
1.14,3.55665634167116,0.999158501625061,0.113471786056159,14.3677696629179,-5.47323997555769,1.34721674789529,3.29358273209751,-0.116581942585693,15.3745103846389,-0.356384376879981,776.057358362049,813.844556044043,0
1.15,-0.922046283381438,1.04089546203613,0.00640399762255917,9.24146297539853,-0.399248809745266,-0.752946363686477,-0.532242551187318,7.35511007310074,5.60949136288817,-0.962413283330144,772.715341038746,813.844556044043,0
1.16,-0.261669899729895,1.07289969921112,-0.00958695124082101,8.8247047309333,0.452850997951355,-0.202845147932125,0.165580469920646,6.76268143729938,-5.68740955023537,-2.21877038316315,771.654236645029,813.844556044043,0
1.17,-1.39453235886135,1.19256913661957,0.00239635668191296,9.40292406277664,-0.216128471746739,-0.382600902920155,1.34102303914639,2.7721572699885,-8.9875934775163,-2.86538960054898,766.316225644296,813.844556044043,0
1.18,0.618862338340099,1.14913630485535,0.0661688083134451,13.4635213478589,-3.28139753465848,-0.291130022286438,-0.550102004298198,-1.94988677499667,-13.7197637891258,2.76135147555087,768.91803107557,813.844556044043,0
1.19,3.10950608493445,0.879415273666382,0.128572754525887,14.1974026396023,-6.27909764705163,-2.65737245828581,-1.61985513654609,-8.32012385328543,-13.1060614998628,2.15954780740533,781.157502071265,813.844556044043,0
1.2,0.207655084511575,0.824067890644073,0.0142623889839671,12.7243716263581,-0.748147691439037,-0.208037185090593,0.00667678684860685,-12.6886046846344,-1.21188671539302,1.60728851523274,782.322303135353,813.844556044043,0
1.21,-0.996331751266619,0.907345414161682,-0.0617391025197321,8.33931043408501,2.98699977208763,0.830472855838083,-0.55389846639803,-5.71012324495158,6.77205719718568,1.04447271066636,778.4240454631,813.844556044043,0
1.22,-1.72876718177036,1.06382238864899,-0.0753470156311499,8.43656571439488,3.63359043302306,0.672165768095504,-1.59452385423717,-0.328905837226963,9.17989332391711,0.442498453312553,771.71311291867,813.844556044043,0
1.23,-0.376125570367636,1.10945510864258,4.84696206263235e-05,11.0379706695088,-0.0396653088963781,-0.0706194009847654,-0.369436526670329,2.03487070021442,10.8488557493901,-0.189004710561818,770.348877184837,813.844556044043,0
1.24,1.47664701457227,0.984625101089478,0.0372926705836149,13.1098766607524,-1.7749484284132,1.08874072211133,0.99825887871882,8.203961091742,10.3785514590838,-0.803476419175739,776.247356095916,813.844556044043,0
1.25,-0.0543827004176045,0.97517716884613,0.0140137679584326,9.79077381869527,-0.715968570295241,-0.0511389537727915,-0.0232092913318784,9.51934906406475,2.3987197333138,-1.39694855986497,776.095345888001,813.844556044043,0
1.26,2.1236953787576,0.795107841491699,0.0311937439075294,13.2354883080389,-1.47278006990197,1.95275483959937,-0.835346423848562,12.8032646498421,-3.663829443716,-1.96033061376241,784.485565344933,813.844556044043,0
1.27,-0.0641926370679164,0.774447739124298,0.0107090556465179,11.9986848612093,-0.586596942538042,-0.0473271651154257,0.0446712208106145,7.71880700919189,-9.20502866516221,-2.49263757085767,784.495778373031,813.844556044043,0
1.28,1.12535061558883,0.676441669464111,0.000908435435913568,12.6232212097058,-0.00139344202114443,0.148457067885569,-1.11551572479096,1.67674550066566,-12.5113644410529,-3.00847906085589,789.030271668628,813.844556044043,0
1.29,3.05392027936675,0.408658653497696,0.0939127923020653,11.3577494704856,-4.50377876093861,-2.54872129916879,-1.68501288554385,-6.67928636676506,-10.2308176502439,2.18569157615562,800.834729098706,813.844556044043,0
1.3,-0.372491470410689,0.404035866260529,-0.00652872091298638,13.3489288586529,0.293388103715838,0.366439004960589,0.0671935664254431,-13.1437669526088,-2.34975925326129,1.76967601533076,799.835863203942,813.844556044043,0
1.31,-1.63964825343923,0.542971611022949,-0.0470062188011858,9.85523880670458,2.18747315472091,1.57950785017849,-0.442505289049554,-9.03264627923186,4.50800087999986,1.3263055423845,793.537067677261,813.844556044043,0
1.32,0.346748460421786,0.53138667345047,0.00711904660863581,10.0581121828046,-0.373492223490783,-0.259186601278756,0.230450605004764,-7.8946176767682,6.24340683125411,0.864547248000963,794.821615019244,813.844556044043,0
1.33,-1.09187263230199,0.621538758277893,-0.0343404001297012,8.44849587841832,1.62356424573821,0.385363324256985,-1.02218404241543,-1.72692218204503,8.42797622474409,0.391963447147957,790.569809486681,813.844556044043,0
1.34,-1.32832498540239,0.741021573543549,-0.0398773397941475,10.6469523648064,1.89828001295579,-0.191697748497405,-1.31502450254524,3.10478851918218,10.3596018223288,-0.114743660781101,785.557672568972,813.844556044043,0
1.35,1.90320732646965,0.590028285980225,0.0861189812767872,13.8727024157763,-4.20360939581122,1.16412638929505,1.50811947676926,4.53143074975493,13.7691081639085,-0.612155590326154,793.0612639562,813.844556044043,0
1.36,-0.125084665781723,0.580439150333405,-0.0523624230202956,10.159665359641,2.55804922315298,-0.135038240950867,-0.0123559879887157,10.1738782569345,2.50092328171761,-1.08309967882242,792.67953501925,813.844556044043,0
1.37,1.425325004225,0.460708945989609,0.0675444045351719,11.7047352592053,-3.32091306788928,1.42682623122784,-0.0167487352703614,11.5790618034288,3.73558815247846,-1.53518089436771,798.259682622487,813.844556044043,0
1.38,0.853897672188817,0.369275093078613,0.0227697035156909,13.5063351183259,-1.09789055343859,0.783669341319289,-0.339885359266716,12.9398053832549,-4.02341753231507,-1.95336207590182,801.85682579971,813.844556044043,0
1.39,-1.22817854762706,0.465473055839539,-0.0434565822534413,8.42175446884851,2.08407414988241,-0.819512340157221,0.915811412749638,4.3314415379723,-7.51717550672499,-2.37626286705047,797.088117870625,813.844556044043,0
1.4,-0.415230201360304,0.506073296070099,-0.0364878702940846,12.9561945819467,1.74253962016275,-0.0959706986102891,0.405631741618638,2.42114866515938,-12.8466906833744,-2.82162041009362,795.728714756536,813.844556044043,0
1.41,2.2369026617896,0.321259081363678,0.0654359849210377,12.7109032731038,-3.16501862378468,-0.285219360535748,-2.21960926805137,1.89896576592919,-12.9606455829536,3.04303779596078,804.42924448252,813.844556044043,0
1.42,-0.151393919845791,0.31410825252533,-0.0238658532935938,8.11997586823953,1.16309404753085,0.146687276603063,0.0444132953346368,-7.81663170243619,-2.48738109116064,2.02115146169611,803.808391415459,813.844556044043,0
1.43,1.78486481966877,0.160445362329483,0.0665495154710714,14.1260057514835,-3.21373561642037,-1.78400822127571,-0.0865212628280292,-13.7989576018529,-4.41145148510755,1.65652480030935,810.940927925289,813.844556044043,0
1.44,2.14234479389914,-0.0424001887440681,0.0476491925943844,13.761859152976,-2.29085561633391,-2.07982666208525,0.515977438635618,-13.9293687186829,0.780688094066771,1.34985711922227,819.558000749351,813.844556044043,0
1.45,-1.08903270032397,0.0222772806882858,-0.0662229838649898,10.9663014296042,3.20523853091697,0.91778866216852,-0.589950572134492,-8.00149097805208,8.15533342133628,1.06023655862916,815.607300141541,813.844556044043,0
1.46,0.413355621869528,-0.00251706689596176,0.0105293829415893,10.3591997420105,-0.506997680411785,-0.277577304531873,0.306471170006405,-7.51442542164396,7.14866956330784,0.761434205918192,817.174020401609,813.844556044043,0
1.47,-2.17599837058644,0.171676814556122,-0.0678249676288234,11.138246297539,3.18781443166081,0.861803264115043,-1.99921591354945,-1.83900318959826,11.438564538612,0.438160766298196,808.935314168715,813.844556044043,0
1.48,-1.97898006833573,0.357687652111053,-0.0639992323664046,9.88959165844653,3.0231273956519,0.0479478177641053,-1.97943401491063,2.45937168473138,10.0446410258156,0.0565464940790856,801.316163477405,813.844556044043,0
1.49,-0.773710694046328,0.43895947933197,-0.0238709317499531,11.3415737731404,1.11991906312604,-0.297402009109995,-0.71466782804433,5.07920894777636,10.2023110531079,-0.363499698909688,798.441110208726,813.844556044043,0
1.5,-2.44063021473122,0.650412201881409,-0.0364073093965006,9.41181326001116,1.65059777671509,-1.82353806518009,-1.62256286845093,8.05272362608435,5.14396190340884,-0.828735701306538,789.062000083588,813.844556044043,0
1.51,0.168290121318115,0.660224497318268,0.00823245708519309,9.85830359484406,-0.433293553156825,0.165273011766848,0.0327745307280018,9.45980801031028,2.80818900350243,-1.32615144085557,789.619396224351,813.844556044043,0
1.52,0.677769159718728,0.598349928855896,0.0249931235751632,12.1426111166056,-1.25709507160571,0.652407632177353,-0.185364429081238,12.0934447540823,-1.66489841375654,-1.81076590038851,792.421581123817,813.844556044043,0
1.53,3.05861058969334,0.333467781543732,0.0824053025875582,12.3085574425266,-3.95044188789468,2.34455846471317,-1.9659437883166,12.097004359216,-4.55730874077226,-2.24164838375871,804.295058059584,813.844556044043,0
1.54,-1.83095077388518,0.452832847833633,-0.052396588271983,9.8065016805107,2.48290220495545,-0.812994294864361,1.64139160938859,2.40967621143687,-9.82475135182907,-2.65309639461291,797.562732855398,813.844556044043,0
1.55,0.894725308565187,0.396188855171204,0.0475311778773479,9.94242425053744,-2.32408383956896,-0.522606065655477,-0.727788080966966,-3.40552137948833,-9.625777361069,2.57191274325289,800.914336171911,813.844556044043,0
1.56,-1.67867795814385,0.522146821022034,-0.0574037541609595,12.1121286950729,2.70438823336292,1.44746422141185,0.852116310067097,-11.6724831781104,-4.21550871182709,2.13704504421811,794.705014282653,813.844556044043,0
1.57,-1.18043614166053,0.63851934671402,-0.0417985734317584,8.92046957452489,1.96921577563197,1.17932136151522,0.066164428155915,-9.06301623801467,1.14644008587648,1.66223603257709,790.089140700428,813.844556044043,0
1.58,2.76673283853752,0.419672638177872,0.117680110043258,12.5718329567549,-5.72240137973554,-2.54589402822148,1.08953329697072,-13.7834970434094,-0.901149653315992,1.2089320403304,800.651282073478,813.844556044043,0
1.59,2.39321601028182,0.186137616634369,0.0757605331607731,14.7730610608851,-3.63307947447634,-1.71601103034887,1.66988882084258,-13.3582265039256,7.28013627937825,0.830664970379993,810.254563037507,813.844556044043,0
1.6,-1.80793148802447,0.306386262178421,-0.0609408785085452,12.2944827936311,2.8699073181747,0.753326147509508,-1.64463666855091,-2.92612259323082,12.2812247657629,0.46322302719419,803.673948505011,813.844556044043,0
1.61,-0.0289223465239322,0.325390100479126,-0.0180942818496365,10.7461262884554,0.859538895149784,-0.0160067319332795,-0.030127889021978,0.0985452163277696,10.7799965751408,0.0706747702337431,803.579701948243,813.844556044043,0
1.62,0.0900556023144938,0.314551562070847,0.0377631069112257,11.7071771237855,-1.90310517983941,0.064180117441392,0.073600110577526,1.87707594127577,11.7113787166116,-0.320075510717687,804.092612994506,813.844556044043,0
1.63,0.323167094560283,0.279613941907883,0.0350090728537529,13.856664259605,-1.73631299771285,0.235676559156023,0.223873101673675,7.635771377296,11.6926011949056,-0.70316699207161,805.655025099542,813.844556044043,0
1.64,-0.376109316068368,0.303352057933807,0.0196573161493106,12.1092358950728,-1.06447544878707,-0.323461320934354,-0.192918121416865,10.2127531942888,6.59290331615237,-1.0852322768005,804.389912307281,813.844556044043,0
1.65,-1.97460873237609,0.471037656068802,-0.0724448943837593,9.87017129665494,3.44890051786192,-1.97476987155019,-0.0679106995680993,10.0901001115092,-2.73953936769312,-1.49974892250693,796.828564869702,813.844556044043,0
1.66,0.276065797517391,0.463941842317581,0.0411721710951811,12.5336509152944,-2.06174152370752,0.242900528411956,-0.137502020089877,12.4386435648367,-2.57358303615536,-1.93785615668359,797.995414204248,813.844556044043,0
1.67,0.879566173277398,0.384273648262024,0.0351186133022356,11.6772157608808,-1.70430596043474,0.595780631252162,-0.648008803643047,9.44761411964088,-7.07139407608557,-2.3582550030379,801.532462104728,813.844556044043,0
1.68,2.19762164837388,0.188354671001434,0.0837498873754872,12.5305834921084,-4.09493574025639,-0.573061366435247,-2.12324177222856,1.18914709055234,-13.1289737057609,2.91606562038905,810.233831599518,813.844556044043,0
1.69,-0.449792426448866,0.202064484357834,-0.0315947305879692,9.88854336837843,1.50758161073884,0.271130900707596,0.360276960924749,-6.64296940161045,-7.47843899424246,2.5665813403633,808.613984056154,813.844556044043,0
1.7,1.12927073674939,0.107583247125149,0.0782548861977692,12.9633836383279,-3.85330055901394,-0.942180527399954,-0.627432926997526,-7.91486038893585,-10.9659575768018,2.22747987508959,813.131941125083,813.844556044043,0
1.71,0.558079261389857,0.0450823865830898,0.040855701194923,12.9498651612061,-2.02074590340023,-0.539304077929785,-0.149240617265816,-11.5156205111218,-6.25882624326296,1.91384581003141,815.536990516922,813.844556044043,0
1.72,-1.00359543599808,0.119181364774704,-0.0177831224674409,11.890336903785,0.76874193205303,1.003729900155,0.00680633056114146,-11.9056000690754,0.477245051140529,1.59529482012807,811.846199176045,813.844556044043,0
1.73,2.36414196760942,-0.0673998668789864,0.109753431424915,11.7765488923651,-5.35170322318546,-2.245478218526,0.747690195767609,-12.7873601110592,-1.9522429647492,1.2957583760968,820.830526313394,813.844556044043,0
1.74,-0.798519377175877,-0.0277798399329185,-0.045375360736912,12.0423672365443,2.20662913301546,0.656526442486406,-0.456798806263216,-9.10382775157716,8.18585005116035,1.01967066188227,818.04835763431,813.844556044043,0
1.75,-2.45189938496052,0.182566478848457,-0.122309916898864,10.0302858560492,5.89516058427734,1.48245056651896,-1.95681134184397,-1.93194458812993,11.4728872903413,0.698180173587842,808.619050739035,813.844556044043,0
1.76,2.57671383048612,-0.00314471125602722,0.0888912915023532,12.4661256864572,-4.30300556793321,-0.86482034449267,2.42887661227881,-8.58546039986911,10.0104953059522,0.376545507070304,818.259591469856,813.844556044043,0
1.77,-1.28916030923736,0.072875939309597,-0.0256160594066585,12.5125302275142,1.182438373525,0.0713110493652031,-1.28744134610122,0.23902915874426,12.5660032732333,0.0752009344610317,813.700242511852,813.844556044043,0
1.78,1.82315060571365,-0.0726935341954231,0.0416175336015784,13.9705149166719,-2.01235058010366,0.433126304438505,1.7714434099402,1.0423808379216,14.0761601327539,-0.216976704116873,820.931758550673,813.844556044043,0
1.79,-2.32955322505576,0.0994788855314255,-0.046889772111407,9.71593236008077,2.14333610585273,-1.1864074592387,-2.00535638223213,6.64416823364081,7.40596109707545,-0.514108893809488,812.164873707602,813.844556044043,0
1.8,1.18288643348668,0.0233304984867573,0.0655835216717748,11.7385545342102,-3.21424212031019,0.915615054752536,0.751778281378367,6.47197968961593,10.307205919055,-0.827956052050858,816.631610589877,813.844556044043,0
1.81,-1.95951153944714,0.171026289463043,-0.0517804662990509,11.6448864589221,2.43220765632118,-1.9036623023389,0.467371938150336,10.8611223834679,-4.85335299519691,-1.78512750680649,809.32672100698,813.844556044043,0
1.82,2.4700831358746,-0.0120033994317055,0.0701681213318667,11.8657697161768,-3.39039752036284,2.09349542665954,-1.31282564034183,11.9465666696468,-3.0936759867681,-2.10250294542684,818.636336891591,813.844556044043,0
1.83,-0.0462184577559644,-0.0361650735139847,-0.0156214780838343,11.4745996437219,0.754736353956086,-0.0203945931351633,0.0443197132855656,7.33341118895448,-8.85760375504591,-2.38437613012458,818.662969339118,813.844556044043,0
1.84,-1.63476175504415,0.0957000106573105,-0.0284529142826865,12.5467417821791,1.30295657182843,-0.689320641567762,1.48259657938187,4.31514057886131,-11.8531846759179,-2.68897992835096,812.604204280253,813.844556044043,0
1.85,-1.20315223527573,0.211443275213242,-0.0555036741624847,9.40525751792948,2.63873122585281,-0.0751691204069043,1.20208384168151,-1.60426119308625,-9.63577280166034,-3.03304242920814,807.895278939741,813.844556044043,0
1.86,-2.05851537667118,0.39758974313736,-0.0661377745236362,7.9822985902195,3.13147346692535,0.636465775444872,1.95876774475638,-5.22943006852174,-6.79531294466402,2.85954033371012,799.887699980889,813.844556044043,0
1.87,2.09017834817564,0.246384397149086,0.0608954907638555,10.8894188799498,-2.91833863715183,-1.35177932308074,-1.59538285363389,-4.5140367388491,-10.3305186832231,2.46778987113112,807.695462133709,813.844556044043,0
1.88,0.00896519358572836,0.222580075263977,0.0349752099870604,11.9616970861035,-1.7587318897796,-0.025561840964189,0.0254996528641091,-9.38835443946421,-7.61801391169757,2.10648506917187,807.957007394016,813.844556044043,0
1.89,0.828059690085765,0.152615398168564,-0.0251008131299913,10.2107313068232,1.25921663452966,-0.808961400879361,-0.17858990187584,-10.2668409427685,-0.6607854483171,1.75777212642463,811.175443837463,813.844556044043,0
1.9,2.41672429190381,-0.0595209524035454,0.0925365429656848,11.4728078515354,-4.48971588079197,-2.38996772918489,0.370369502411929,-11.9136964819232,-3.1379459563699,1.45532224824433,820.537335008607,813.844556044043,0
1.91,-1.68716560075524,0.0516646727919579,-0.0321641631398193,12.4282321302739,1.48451962023896,1.53741978920299,-0.695631144737853,-10.8326161579784,6.27050074242486,1.16495476057432,814.44507491414,813.844556044043,0
1.92,1.16237041003502,-0.0302474573254585,-0.0198506171571981,11.2078744934844,1.01668963159459,-0.899777272093531,0.736138490876834,-7.89504520283252,8.01987342256235,0.8680193419482,818.902088127373,813.844556044043,0
1.93,0.157588426181909,-0.0586112141609192,-0.0182268221615101,11.9306742680748,0.887778560740695,-0.102904595765337,0.120735136902936,-5.90723327317827,10.4035443152836,0.590688328366018,819.683612960994,813.844556044043,0
1.94,1.70925729316614,-0.206216514110565,0.116060794821189,12.0690575303485,-5.69571051202789,0.604144667577478,1.60313437458433,-1.97244450981532,13.1989670263769,-0.292596266470113,826.369085532022,813.844556044043,0
1.95,0.681111499238758,-0.285687834024429,0.0230878479240039,13.6547389311733,-1.16513102697364,0.350965104495505,0.584182692779827,5.61294185940411,12.5021721821236,-0.507108277492903,829.315460163197,813.844556044043,0
1.96,-0.76064222810877,-0.23372545838356,-0.03504579339,12.1923626598545,1.6680288072917,-0.528476768034972,-0.54819441119362,9.30191737498243,8.05669662332947,-0.721045295405285,826.594587201026,813.844556044043,0
1.97,0.0544474377035793,-0.237402647733688,0.0426960559937626,13.3059958546942,-2.14048560012416,0.0691426603449855,-0.0026017667700312,9.51537683075635,9.54404568609047,-0.943393753066418,827.041485651726,813.844556044043,0
1.98,-1.10649680605419,-0.149257123470306,-0.016193239822064,11.6122880494838,0.676648247671018,-1.0289952547227,-0.407143916302609,10.9922380118253,3.80444346608574,-1.17939347937545,822.895815152548,813.844556044043,0
1.99,-1.64862695028556,-0.00353430211544037,-0.0702166079069079,11.306668454025,3.36801617356305,-1.64550790111084,-0.123308315273639,11.6232595273474,-2.02092118464677,-1.45343456110163,816.681313607703,813.844556044043,0
2,-1.81617896321605,0.159222319722176,-0.0380996908781578,11.8737906533152,1.77258834027342,-1.77054474960022,0.406360557309144,11.26586167961,-4.14841349418355,-1.77542594086639,809.870992983598,813.844556044043,0
2.01,-2.26700825078237,0.365206897258759,-0.0752375273866013,9.01606504241965,3.55456744544184,-1.84986209046812,1.31262993295578,5.56228900934476,-7.93632909788014,-2.15474880043902,801.065070091624,813.844556044043,0
2.02,-1.83068452566744,0.539118468761444,-0.0792503076316255,10.0971382798075,3.79359506957266,-0.888845822488844,1.60238558019662,2.04042697403213,-10.5915165466085,-2.59188397321414,794.042003151609,813.844556044043,0
2.03,2.28234869460687,0.36945441365242,0.0982516775738504,11.2643568542411,-4.78757898341052,0.171063219887566,-2.27804879902109,6.08011407226544,-10.6225637550603,-3.0236193971189,802.635562312738,813.844556044043,0
2.04,1.98355129839794,0.176711171865463,0.0884141650745827,13.4691209001452,-4.29566107910509,-0.580264097155433,-1.8988381699119,0.801122668183706,-14.1148193187085,2.88956042449477,810.563086979076,813.844556044043,0
2.05,1.27147795915897,0.0451232232153416,0.00459241152830714,13.7953802466386,-0.198889066934159,-0.694134824824275,-1.0652953279898,-7.32240579736365,-11.6933505185224,2.56771297880892,815.815465876256,813.844556044043,0
2.06,0.210160356931648,0.0113569870591164,-0.0280915989135132,11.224757250477,1.37801731638702,-0.207923487601639,-0.0415251352643971,-11.2900673323317,0.654588945686477,1.6350366288165,816.777974569667,813.844556044043,0
2.07,-0.427523186998827,0.0407915413379669,-0.0389456424518796,12.0824755110543,1.90439325393029,0.406429898898111,-0.138230155065006,-11.2976483056048,4.68786421557909,1.3338060431882,815.328182137989,813.844556044043,0
2.08,-2.54096159725147,0.254143506288528,-0.0805792528449452,10.5735659992401,3.83144901346705,2.08213418973385,-1.45866242518177,-6.75005650142135,8.99538974757082,0.991395303406907,805.64334207823,813.844556044043,0
2.09,-0.681875235114046,0.333697199821472,-0.0072275008887035,11.4488195962022,0.262910520102235,0.381292104603683,-0.565351575568535,-6.28545301218527,9.57275678786292,0.603959511645992,803.046694669183,813.844556044043,0
2.1,2.77354384566399,0.105883307754993,0.0770983365165407,14.3892963109619,-3.69595886285065,-0.601723047105304,2.70858246909643,-7.09401555714152,13.0532334505892,0.246394764675113,813.804107288056,813.844556044043,0
2.11,-1.07989743049075,0.168343305587769,0.0070227532462348,9.38605099044325,-0.434487092982293,-0.0853504478297749,-1.07654218705025,0.36975304558465,9.38882393670527,-0.0856196141727779,809.797515865621,813.844556044043,0
2.12,2.3229097409746,-0.0166894346475601,0.0679329943072589,12.746191085982,-3.29463213950663,0.967019370575128,2.1131488573602,1.928213167286,13.0231325769395,-0.399936245231857,818.798832906182,813.844556044043,0
2.13,0.608609453996435,-0.0945733338594437,-0.0103494704141672,11.6689019801109,0.519838258800886,0.37053410135206,0.482925520931452,7.66661091060821,8.81229722501986,-0.67146585780967,821.333951833425,813.844556044043,0
2.14,2.42253099478816,-0.308106780052185,0.0724968879763593,13.5482952975563,-3.46753355021138,1.94096612356683,1.45140026410413,8.44397999614839,11.1480624422486,-0.898805451829242,830.847812413137,813.844556044043,0
2.15,-2.014375244699,-0.167588099837303,-0.0572275781869882,10.4712408655947,2.66408887999683,-1.83700022619178,-0.828500326573645,10.5830498232534,2.17791442998987,-1.11870317670999,823.31838970656,813.844556044043,0
2.16,-1.93867776475415,0.0178904235363007,-0.0509170304444533,7.31198978557057,2.3744438760488,-1.91771175873273,-0.288869572574972,7.61453419268438,-1.0592673757057,-1.39503017198815,815.667511329971,813.844556044043,0
2.17,-1.00204046433032,0.115074396133423,-0.00717883723208579,12.7411416044214,0.277476114382973,-0.990955898757101,0.148805358027962,12.5738692046515,-2.07641412109611,-1.71268202899188,812.029681024911,813.844556044043,0
2.18,1.2211899018274,0.0153758227825165,0.0146844937272306,14.5967720293348,-0.700177027069102,1.09082335674084,-0.549203801033715,13.4228779631333,-5.77774599064706,-2.02519701259859,817.008642953486,813.844556044043,0
2.19,-0.310688870593357,0.0272972136735916,0.0117754343777377,10.4386215239535,-0.658013633236062,-0.0686437091473949,0.303239635205967,2.56422736066346,-10.1401449350931,-2.9568595559249,815.888957947734,813.844556044043,0
2.2,0.641529697171302,-0.0252037271857262,0.0319659865679714,10.9546219995335,-1.5738368041456,-0.101139642152142,-0.63431297435517,0.380216987548496,-11.060566914997,3.0332626915555,818.419252461768,813.844556044043,0
2.21,2.01071024966768,-0.20538005232811,0.0765771036212048,13.8389009263996,-3.71041593972627,-0.784515089363029,-1.85293168667369,-1.43732394675123,-14.2554012629801,2.77915161543881,826.443883827226,813.844556044043,0
2.22,1.3862576875479,-0.344193637371063,0.00981957939624459,11.7228826222709,-0.442668238129418,-0.75276407896371,-1.16411040792835,-5.92228352166601,-10.1266228345679,2.57466424124921,831.953999366715,813.844556044043,0
2.23,-1.57438183284299,-0.231543511152267,-0.0259942517033233,11.6389889082698,1.17394887463427,1.11756026916549,1.10923978538928,-8.96486153749618,-7.51501672523785,2.36896725420154,826.180660431555,813.844556044043,0
2.24,-1.97022647427702,-0.0540556088089943,-0.0131930941418502,10.2573478971807,0.478174539932548,1.69372583822236,1.00660776999438,-9.02939622641908,-4.88997347239908,2.11372180547066,818.583844852773,813.844556044043,0
2.25,0.34376112671289,-0.0637923255562782,0.00506396680467899,10.8730793118244,-0.277188770953532,-0.333116065261479,-0.0850355400019565,-10.4219710911008,-3.11178500417787,1.83546162816445,819.880408297356,813.844556044043,0
2.26,-2.20616529865124,0.114216580986977,-0.0684788097816337,10.6214200724156,3.25454933730684,2.2018127174569,-0.154516761573292,-10.4863293861569,3.66654493340795,1.53176390524001,811.57547322421,813.844556044043,0
2.27,-0.97437693069678,0.212389335036278,-0.0282514436405598,11.6924906527468,1.33836918872435,0.891723541136158,-0.393748235964865,-10.3236463153901,5.65047754660006,1.1839706174526,807.92299936473,813.844556044043,0
2.28,-0.0563260914498586,0.220503211021423,-0.0363309999253872,13.2975904931491,1.75832240790693,0.0165990901754234,-0.0649387429732396,-8.55512206615348,10.3309001082602,0.823113731324033,807.93710045052,813.844556044043,0
2.29,0.57448408797438,0.173650488257408,0.0439774782390748,9.1163893941006,-2.1958568554579,-0.221146129769425,0.532034186134714,-6.08884475944682,7.13136118913412,0.470336590450323,810.095139629715,813.844556044043,0
2.3,2.25024642962949,-0.0251264944672585,0.11954974256168,13.7415578003903,-5.83546412436851,-0.236662240209267,2.24095785749442,-7.92865474736633,12.6498808779104,0.158295120275046,818.973920338163,813.844556044043,0
2.31,-0.418116006678627,-0.014936238527298,0.0128649561108591,11.4709865974086,-0.729821722710228,-0.0399513274507536,-0.416401721383976,0.722196860906985,11.4714691717741,-0.126410574584197,817.567507115667,813.844556044043,0
2.32,-1.82303601487282,0.138131260871887,-0.041526047345722,11.3720735163346,1.9081876622253,-1.62356461310485,-0.830194357488188,10.9118293771287,3.7278969754565,-1.07534295030461,810.677948113081,813.844556044043,0
2.33,0.833763240520285,0.0830545574426651,0.0502561627139024,12.4802221002417,-2.47403989229105,0.830552869762812,0.0887059956393568,11.8971370317832,4.50942873399523,-1.40419266275966,813.967187255313,813.844556044043,0
2.34,0.506798560093222,0.0290660709142685,0.0436485685992649,11.73092985887,-2.16269668250431,0.495528221462819,-0.114898911166395,11.9188959953418,0.481550149484779,-1.71272747230958,816.09054519325,813.844556044043,0
2.35,0.205662694556365,0.006197489798069,0.0151065084956153,9.94615512256314,-0.793796847244173,0.179662598731999,-0.101225990476643,9.33772240186341,-3.51611369305971,-2.01056528808173,816.916967772262,813.844556044043,0
2.36,-1.82126349002304,0.155316740274429,-0.0642253279584788,9.9000634901382,3.06183465174503,-1.2757524800933,1.30137665661333,5.06573455625839,-9.04015607989838,-2.33088752412655,809.997468510617,813.844556044043,0
2.37,0.647235892543131,0.117287993431091,0.0385316654561764,11.1256442445325,-1.89123677118577,0.261092723831131,-0.593489325431697,6.76019535432204,-9.03639835066978,-2.66768342304872,812.472932974947,813.844556044043,0
2.38,-0.118550768972666,0.116729512810707,0.00607108851943228,12.4389321686591,-0.368798180213396,-0.0232036139087879,0.116416215543167,2.16926417731958,-12.2538703487195,-2.99602105346075,812.218263139973,813.844556044043,0
2.39,-1.74179316931646,0.26265761256218,-0.0809296262183808,9.8991697020954,3.88964366936376,0.439380661471549,1.68740560725694,-5.85269806358294,-8.88081156438068,2.93329092903585,805.54673202013,813.844556044043,0
2.4,-2.27036047911811,0.469108283519745,-0.0343301739222803,9.45165791436258,1.54698787969391,1.34514975410461,1.82928603695957,-6.74355667232912,-6.80084202412746,2.52265911646374,796.826445116482,813.844556044043,0
2.41,-1.48953652225686,0.613900423049927,-0.0582665264492017,9.65178648337831,2.80777490824303,1.34285654228527,0.647186484781002,-9.84120309706566,-2.04726741252545,2.05899528251625,791.084849758653,813.844556044043,0
2.42,-1.32663113672601,0.735769867897034,-0.0239488156273174,11.6517725859722,1.05594690065322,1.32613704659324,-0.0434079756941021,-11.6350279408449,1.22676528642247,1.55612575649877,786.082530677656,813.844556044043,0
2.43,3.07476464413733,0.494510531425476,0.0944883747843203,13.1211037051908,-4.56909686550303,-2.66335303591248,1.53936879138891,-13.7202547133073,2.18966189414933,1.07744486595762,797.846818326727,813.844556044043,0
2.44,-1.72252252552399,0.601879358291626,-0.0823471619086518,10.8555452156757,3.97228379857131,0.9344672699987,-1.44935703928091,-3.07942983546906,11.1417688180286,0.620442684125891,791.568715473526,813.844556044043,0
2.45,1.65461833383624,0.480651497840881,0.0854117661573666,11.1890950560203,-4.17418484818433,0.827018460921982,1.43565227884728,1.35832688633296,11.8648478873239,-0.471054314126761,797.839693514056,813.844556044043,0
2.46,0.641866949304251,0.405825316905975,0.0486556028895063,13.3372045769669,-2.39904113425993,0.53133246737199,0.363381834188337,8.90817081485871,10.2118028293263,-0.89529452888704,800.628642035111,813.844556044043,0
2.47,0.154519317578074,0.382100224494934,0.0295388773036493,12.120170421941,-1.52189361145145,0.156870890867727,0.0118443393872106,11.3019756867732,4.6346560602765,-1.30654825969524,801.431445039617,813.844556044043,0
2.48,2.52019355178443,0.164895474910736,0.103491290323193,13.6782894084278,-5.04047937537867,2.49440191996124,-0.374225930852325,14.141463260559,3.53850961911725,-1.67867025245033,811.330841216523,813.844556044043,0
2.49,-0.0519118754960632,0.139703035354614,-0.0100749850539541,12.4256877391866,0.488127304857796,-0.0425824109725443,0.0313542089219534,11.0170446615764,-5.76720998250899,-2.01378800418357,811.433527792458,813.844556044043,0
2.5,-1.33847975979584,0.245103240013123,-0.0291570508824783,13.8758829240095,1.32521698501978,-0.915421134861282,0.976924944327135,8.75903830742866,-10.843227144499,-2.36690414483518,806.566979901545,813.844556044043,0
2.51,4.63700879611372,4.59999990463257,0.172590323081901,14.7485583414421,-8.36083586271002,1.87892094394345,-4.24279319331831,13.9829796035078,-9.58643994828043,-2.68749754790834,822.099234672214,1668.48045239614,0
2.52,3.73483340056114,4.59999990463257,0.136226427688273,12.9095082554231,-6.56856910188635,0.787007353149218,-3.65351304851055,9.5432855010877,-10.8962014155311,-2.89296516331848,836.100166872879,1668.48045239614,0
2.53,4.85367568293781,4.59999990463257,0.188469946961369,17.9198164370648,-9.13781469752811,0.599030969282354,-4.82025418975909,11.9158045264041,-16.2059581966937,-2.97914196318397,854.700850457818,1668.48045239614,0
2.54,4.19562832398238,4.59999990463257,0.194085603119608,14.3745031284129,-9.42770066990052,0.654029984734169,-4.14888069645418,12.1270152801879,-12.1837342594167,-2.93901317180051,870.50439788509,1668.48045239614,0
2.55,3.11682183231972,4.59999990463257,0.134248205134142,14.5170572915794,-6.54710093280041,0.925545448782824,-2.97925603754427,11.0624191017791,-11.4556696289596,-2.79733643131737,882.41613823251,1668.48045239614,0
2.56,3.25607252527195,4.59999990463257,0.116240356794222,15.1568376177416,-5.58521456986241,1.67254966371153,-2.79608614545349,12.9275715962842,-9.6851557026687,-2.5668315201895,894.754564703773,1668.48045239614,0
2.57,3.84910893288364,4.59999990463257,0.143894205556307,15.8574376378705,-6.95366769598019,0.891638091640454,-3.74717582095277,10.9444599186387,-13.4175489547973,-2.87062115840175,909.454329444984,1668.48045239614,0
2.58,5.53702159706093,4.59999990463257,0.198991800989954,19.1643576571058,-9.58761897540526,3.54915470514952,-4.25461006228484,19.9337656022773,-7.86384326779785,-2.41042584508,930.541483039883,1668.48045239614,0
2.59,2.59991298970909,4.59999990463257,0.116935042320918,15.5220581881505,-5.65672215396658,2.47896999563626,-0.792419787054695,16.4609943670676,1.40301830739145,-1.83524175142877,940.564050213311,1668.48045239614,0
2.6,2.48263464966229,4.59999990463257,0.150569822212028,14.8883718413594,-7.35310892820332,2.35991239212892,0.785467743794174,11.0756537902652,12.3718115130643,-1.18891692709017,950.0217413178,1668.48045239614,0
2.61,6.78689056371923,4.59999990463257,0.289668643409164,17.2282519581452,-13.9608747948612,3.00859879151092,6.09049462347638,-5.80458555878121,21.4015297832168,-0.416167443086477,975.312195948546,1668.48045239614,0
2.62,5.12094181270772,4.59999990463257,0.222275583127177,15.6282619476758,-10.7215511227176,-2.35719521287299,4.55160215884488,-17.0798492535629,8.21419378014568,0.521229056087414,994.635121931096,1668.48045239614,0
2.63,6.64561864993181,4.59999990463257,0.300399241759767,18.3971974007869,-14.4808325831692,-6.65231638802089,-0.0342581149513718,-17.6455177645198,-15.3878876824376,1.62111793427844,1019.70262881406,1668.48045239614,0
2.64,6.32718200206165,4.59999990463257,0.287864409740296,20.5717859025999,-13.8604878978117,-1.78377277879861,-6.07735573084422,8.57259435664071,-23.2770729685733,2.90156445620668,1043.82092941069,1668.48045239614,0
2.65,1.56695829766544,4.59999990463257,0.0955788301815175,17.4353246562585,-4.72551645914724,1.39351567687408,-0.722916093130871,17.8534518026755,-2.7523281788968,-1.98842711266449,1050.31417578573,1668.48045239614,0
2.66,3.79561307643943,4.59999990463257,0.205725886026336,18.2552608736965,-10.0154725041527,2.06494005528108,3.19139849193345,0.381943465214153,20.8187021266345,-0.520138627993135,1064.71399737664,1668.48045239614,0
2.67,6.11187962040229,4.59999990463257,0.321185466398254,17.4447815405498,-15.5315185929057,-2.37766934976603,5.63958518521508,-21.5865320975647,8.92020766574904,0.451493060474712,1087.56461812951,1668.48045239614,0
2.68,1.99836530049415,4.59999990463257,0.0994441809055034,16.8730009565248,-4.8775930440716,-1.70595055831215,-1.04550739448821,-11.1779864772947,-13.5477560317523,2.17033921120736,1095.49644916998,1668.48045239614,0
2.69,1.48000671056672,4.59999990463257,0.0973339919312838,16.6435232721125,-4.77275332457498,0.990650689098254,-1.1038591311834,15.2405490212579,-8.21655078102897,-2.34452069506955,1101.24796880327,1668.48045239614,0
2.7,4.01405353929318,4.59999990463257,0.207596327216583,20.9439552448771,-10.0969415315375,2.10353926835521,3.42503205793369,1.15925614435518,23.2218348711396,-0.499099488223328,1116.66558036429,1668.48045239614,0
2.71,4.99813524035505,4.59999990463257,0.249422363055179,18.9927825547927,-12.0349636801954,-4.94948192206503,0.739050809635313,-20.0828530979377,-10.1116344575896,1.47243435551514,1135.54507492522,1668.48045239614,0
2.72,5.51002552192163,4.59999990463257,0.246854082466106,21.4012377441619,-11.8947663133835,2.16951802086499,-5.07094761828595,20.0058468970576,-14.1161089739217,-2.69255403866064,1156.66478562555,1668.48045239614,0
2.73,5.67855975966529,4.59999990463257,0.270989697183546,25.3775900465174,-13.0823600707298,2.54697887951786,5.08255594630886,-1.68690695866031,28.501308154226,-0.416859157974425,1178.57102997476,1668.48045239614,0
2.74,3.24494272349981,4.59999990463257,0.224021336454463,17.3112786022696,-10.9093992015648,-3.06084970804568,-1.10047167284663,-11.4590713493972,-16.9524346804205,1.98486473752088,1190.90340433742,1668.48045239614,0
2.75,4.09768078936136,4.59999990463257,0.2643282969425,20.0773306885055,-12.846107426473,3.93726474440497,-1.16567732779331,22.4246016182845,8.07829968801097,-1.79421948483664,1206.56090425745,1668.48045239614,0
2.76,4.57963750705392,4.59999990463257,0.232253744981575,19.0325427740911,-11.1966514294292,-0.671265488039603,4.5361243526429,-14.7149602429221,16.4642835473934,0.197586957097994,1223.93449426947,1668.48045239614,0
2.77,3.38279104358713,4.59999990463257,0.208297751227527,19.7277460169618,-10.1223155194625,-0.90038523661084,-3.26741023188594,5.84325958489605,-21.3892859116152,2.93419892361291,1236.93854657625,1668.48045239614,0
2.78,5.58890102561337,4.59999990463257,0.330941837748228,23.0754265820196,-16.0111121571044,2.9087969264653,4.78374723565746,-3.34592934585513,27.8861216604622,-0.487178564141709,1258.19664494316,1668.48045239614,0
2.79,1.21928322013181,4.59999990463257,0.123265443147005,19.6590551076406,-6.07679161505953,-0.853254356977334,-0.879660697467159,-7.43349850938479,-19.187207821074,2.47218573685883,1263.30223485255,1668.48045239614,0
2.8,4.23973210741567,4.59999990463257,0.292969188713405,23.2397100489022,-14.2323199799851,3.17580750837316,2.82407612467289,6.09234656381928,26.5617463378455,-0.774962977176318,1279.46876265785,1668.48045239614,0
2.81,5.38800389851301,4.59999990463257,0.304267297146195,24.4294159896069,-14.7434807476642,-3.87654195280774,-3.75440901962287,-5.72443290488424,-27.9534874043917,2.39660224615421,1300.18501900116,1668.48045239614,0
2.82,3.84422813298565,4.59999990463257,0.249208903467615,22.3212810780673,-12.1299172433183,2.32898972742237,3.06855045022352,2.20007728854899,25.3087759723825,-0.584491796296633,1315.02766484902,1668.48045239614,0
2.83,2.06728129146418,4.59999990463257,0.12434553623304,21.3215749518348,-6.03393917142392,-0.805685800027581,-1.90787424691797,-1.41089675108945,-22.1139627997543,2.80209229948132,1323.19358841187,1668.48045239614,0
2.84,3.42756434731834,4.59999990463257,0.149237405559925,24.6106012538398,-7.19862245639223,0.203448366340068,3.42477414152519,-6.80834168080206,24.7214146622444,-0.0158222860447705,1336.6087567472,1668.48045239614,0
2.85,4.20613762098485,4.59999990463257,0.248045354616356,20.1352202283675,-11.9954516612433,-1.1519103006232,-4.05292768797187,7.35651257476799,-22.253082414339,2.92358199097211,1352.50571745426,1668.48045239614,0
2.86,4.22270647203157,4.59999990463257,0.273156720592976,23.6600910007957,-13.3007411680594,-1.11545235541056,4.08186606661114,-20.2744211821593,18.0459820324097,0.331354910726841,1368.81165596112,1668.48045239614,0
2.87,2.87905853515948,4.59999990463257,0.199577686011346,20.0455386894892,-9.70829942115657,2.2818869486983,-1.76686197960923,22.0590145969802,-3.07807959819931,-2.16045832103583,1379.86006653663,1668.48045239614,0
2.88,5.09077126602813,4.59999990463257,0.290452253976609,25.4633202510378,-14.0460373186086,-5.06563500386139,-0.58280065417946,-22.6919546414974,-18.1864520209656,1.74233545123576,1399.37814518129,1668.48045239614,0
2.89,1.35987165643042,4.59999990463257,0.116366461146463,23.0113011232182,-5.71606556908046,0.804023234399668,1.10287746997935,7.03192262050084,22.6438832630965,-0.544576524286528,1405.10152777411,1668.48045239614,0
2.9,3.86797297311382,4.59999990463257,0.240779333915464,23.709554413951,-11.64140504886,1.22654775141452,-3.67624403731305,19.6794383814105,-17.6177463658663,-2.75739546362697,1419.85231695203,1668.48045239614,0
2.91,5.81378058872807,4.59999990463257,0.406891232653273,22.9228010783331,-19.7410939289302,-5.7199368376224,1.11710688060345,-25.1716461841479,-16.7795657621926,1.44779695017163,1441.82501787983,1668.48045239614,0
2.92,1.88066134692873,4.59999990463257,0.161773376191201,20.5818761457844,-7.9829869025207,1.78569311093565,0.611847890110812,15.6019414842113,15.6179745002184,-1.15488610538375,1449.30457976874,1668.48045239614,0
2.93,3.3972283743024,4.59999990463257,0.23775832123123,25.3569445652666,-11.6079285158235,0.0764896001219494,-3.40467898450841,13.8964711706964,-24.1786420445085,-3.04925836855614,1462.5136719797,1668.48045239614,0
2.94,4.30524825031868,4.59999990463257,0.327869772329459,27.0095075472003,-16.0027478175123,-4.23375382729305,0.84734267823646,-28.7502089119656,-12.6105877409223,1.44927545698664,1479.22483228096,1668.48045239614,0
2.95,4.31743844190096,4.26167821884155,0.271986177720308,27.8375492987403,-13.2002671751126,1.16191152997775,4.16703884994847,-7.13684005693725,29.9706809808494,-0.209013037285509,1496.7177535774,1668.48045239614,0
2.96,5.47129227708677,3.75078153610229,0.406556166050038,27.2037721017189,-19.7674312942258,5.3459814066811,-1.23321121341097,29.8915856057668,15.4042093762489,-1.72333965043834,1518.51658500341,1668.48045239614,0
2.97,4.97246964518462,3.27351593971252,0.355380807468114,24.2853805402319,-17.2341388701913,-0.0744137745396923,-4.98459752445049,18.5761874775457,-23.2748901045737,-3.08517192433502,1538.2194771081,1668.48045239614,0
2.98,1.21563771849569,3.11281251907349,0.131919055472725,23.8450582762582,-6.50770066634979,-1.18508143440552,-0.301263495388293,-20.0668867174244,-14.4311132498853,1.9278319282496,1543.57234748237,1668.48045239614,0
2.99,0.847852224348825,3.016841173172,0.0377220419575033,26.1391518257762,-1.88582747027502,-0.0113610283285371,0.848614914916072,-3.39395090882682,25.9863945295822,0.0578489030098735,1547.55142460804,1668.48045239614,0
3,0.101079698357317,2.99206805229187,-0.0403038872014637,22.4423637446776,1.88538020104495,0.0766698833621358,0.0772220028799495,21.336979222061,7.2074729710381,-1.16122477451557,1548.38617679669,1668.48045239614,0
3.01,0.898367400118461,2.90902185440063,0.0969552612161644,22.5790641998495,-4.83042525811262,0.561785087941327,-0.707715919871704,19.293855521491,-12.6844111976462,-2.36313575431019,1552.23915236619,1668.48045239614,0
3.02,-0.252541694281624,2.91498994827271,0.012478557552684,21.9261374734913,-0.719257503974017,0.0895688623904411,0.23645388691944,-8.1102938844663,-20.3837182322326,2.73012244879335,1551.66122550478,1668.48045239614,0
3.03,3.33404659966793,2.63022398948669,0.280260049278198,27.7119234901159,-13.7340078552318,-3.33796623165471,0.228897051775675,-27.4971952356595,-14.1590228992551,1.58619257502988,1564.98020554674,1668.48045239614,0
3.04,0.283195549155976,2.56564354896545,0.0300217294579089,22.228719752692,-1.57671579511614,-0.108880673477288,0.263146389381521,-12.0019097715417,18.7764793392707,0.497931979337933,1566.55197228593,1668.48045239614,0
3.05,-0.34886700075342,2.58368802070618,-0.0138733250775817,23.187356475158,0.584027235556111,-0.205131913963297,-0.282527080537688,13.3528055473073,18.9656840671177,-0.588257479336494,1565.67139729973,1668.48045239614,0
3.06,2.84917339953276,2.33896088600159,0.194809945400863,27.4025030336944,-9.52084122048636,2.05635017261451,-1.98170733031405,27.1060871443029,-10.334584161097,-2.26944381112454,1577.15859372974,1668.48045239614,0
3.07,-0.784131488326539,2.369957447052,-0.0520494436687344,20.2707129604694,2.40147060673812,0.162725089115338,0.768825000207345,-5.25189291357446,-19.7252753041653,2.9992978266744,1574.51909127207,1668.48045239614,0
3.08,4.06786129171432,2.03158259391785,0.390553033565878,29.7059308439683,-19.076665684711,-3.8166496876531,-1.46055206082929,-18.1126115825308,-30.3033793926226,2.03199835172465,1590.4977581662,1668.48045239614,0
3.09,0.239541501315351,1.95978784561157,-0.011738976119359,24.4854739525652,0.491908974924805,-0.221758973761951,0.0913284838853088,-21.9477126715579,10.8663847533621,1.13116088001555,1592.11397051772,1668.48045239614,0
3.1,2.25076529946809,1.75667762756348,0.154192138052047,26.5223248249323,-7.47387065510403,-0.45083179263608,2.2105362117539,-14.2677099324734,23.5738183154797,0.269587334219989,1601.35433002992,1668.48045239614,0
3.11,2.35750558294233,1.52546942234039,0.127846742493965,25.9285945712325,-6.20933290379458,1.28631878202597,1.97978820942489,7.54612663073034,25.571542863552,-0.522005589999883,1611.08450514481,1668.48045239614,0
3.12,0.790664827490743,1.42743027210236,0.130541625848084,23.0220688415155,-6.49039269399112,0.706454986650249,-0.378303234650491,23.8855960802626,-1.27245862653081,-1.8988077428283,1614.5787500404,1668.48045239614,0
3.13,0.12154854773771,1.39907824993134,0.0150382115217551,24.3637172775486,-0.858953622485551,0.0468527539768344,-0.113159253743146,12.7610147026297,-20.7722176154875,-2.62594317481537,1615.56414695978,1668.48045239614,0
3.14,0.281422649305165,1.36061811447144,0.0428476250009433,26.0504811157874,-2.22965209765735,-0.0983336646233923,-0.267142503005219,-3.03202538942077,-25.9693229961524,2.93998316491435,1617.28650117903,1668.48045239614,0
3.15,-0.932421315630453,1.42621624469757,-0.0194792234096083,22.9258351110755,0.740570300622537,0.755988931593863,0.546140719315301,-18.7454211735763,-13.2193625011051,2.2172986071986,1614.12861694598,1668.48045239614,0
3.16,1.39480155422715,1.3058500289917,0.117019119062664,27.0998771982386,-5.8279962277612,-1.38401304791723,0.208980221780753,-27.4259004207058,-4.02353952434171,1.50463318436378,1620.07626473423,1668.48045239614,0
3.17,-0.506799935704886,1.3251326084137,0.0125301609521588,23.0474159477479,-0.784623358459167,0.375235091984422,-0.340883859265009,-17.2126441730851,15.3467878154975,0.808610993520045,1618.5739650123,1668.48045239614,0
3.18,1.45279386620491,1.19458615779877,0.0821957760839352,26.9439403418492,-4.07337645256227,-0.106570341505424,1.45120946992502,-7.52718276652718,26.1898804210465,0.12982142615522,1624.80363353974,1668.48045239614,0
3.19,3.11016047977609,0.909267544746399,0.303867132832043,25.7634501056136,-14.840546246566,2.92485387900181,1.10030142727559,16.5660162555422,24.6893555943046,-1.11359025505681,1637.25462592183,1668.48045239614,0
3.2,1.25099790051213,0.766441702842712,0.117467193383275,23.333794754183,-5.82831728102272,1.23591563652503,-0.226510105734893,23.7543710360886,3.76365734870184,-1.65843356205852,1642.54562550871,1668.48045239614,0
3.21,-0.942651621358889,0.820056319236755,-0.0671817071538265,25.4503135442419,3.06052205298485,-0.725421727491728,0.605696936024578,18.8564135331776,-17.3643578459679,-2.19534430605974,1639.53487475389,1668.48045239614,0
3.22,1.11846334788271,0.725437998771667,0.112675835713252,24.5671539942991,-5.55793459668433,0.348242684980368,-1.06882324865636,14.9989786199621,-20.2352744661037,-2.72621747715507,1644.23904272049,1668.48045239614,0
3.23,0.575425087024315,0.655643939971924,0.0312988680303694,24.3828752730397,-1.62059176939389,-0.0816916115363135,-0.570456072385528,-0.526110319901272,-24.4310075968007,3.05369471725057,1646.96549178503,1668.48045239614,0
3.24,1.83036027925091,0.480631321668625,0.0688683161424258,28.3391704273228,-3.36023125665604,-1.01953552472799,-1.52167963469496,-12.0178648091282,-25.8837914540466,2.58888910610284,1654.75099524719,1668.48045239614,0
3.25,-0.317543710850139,0.476983904838562,0.00566171452024934,24.8054201358932,-0.402085576352569,0.317385999782631,-0.0114974107417975,-24.7909296933732,0.938267481645833,1.51675900789526,1654.08896359633,1668.48045239614,0
3.26,-0.83378642791326,0.53959584236145,-0.0395246432351711,23.3015329542305,1.73949003299046,0.71027211383542,-0.438492336424465,-19.5421504144699,12.8098251654813,1.06507943612061,1651.28496684104,1668.48045239614,0
3.27,-2.46366732627205,0.743821501731873,-0.218968020173427,23.0100056954779,10.4423639963889,1.14434593768521,-2.19273255626456,-3.61662035136255,25.0084662699077,0.56964492184396,1642.20670068775,1668.48045239614,0
3.28,1.99318672794258,0.599183917045593,0.207781322106477,24.9389995380253,-10.1880809189546,0.071514768813298,2.00271117440942,-11.8633569544831,24.1870099958492,0.0681768008538791,1649.89826739072,1668.48045239614,0
3.29,-0.862166463301515,0.645131289958954,-0.0130264866816147,21.7073590952572,0.412275587505288,-0.359174343489551,-0.78389698990107,9.12033883499696,19.7027619785995,-0.414536569245536,1646.93491999946,1668.48045239614,0
3.3,-2.25831380424607,0.832754075527191,-0.190151454176919,23.2490438661837,9.03022204079267,-1.93460392414933,-1.18044333647996,24.0939726518314,6.44541950927565,-0.9389276529646,1638.65474730454,1668.48045239614,0
3.31,1.24029106690107,0.742343783378601,0.143078970273059,26.1517898653814,-7.05824710366431,0.99171737675768,-0.758478850730758,26.0737845901348,-7.34116628926869,-2.10885935774751,1643.75053011402,1668.48045239614,0
3.32,0.122507187149062,0.712930202484131,0.00579805588264218,22.0237174192915,-0.400511890408243,0.0557072559416003,-0.109262665126981,11.2677737631032,-18.9272769611132,-2.62280540997737,1644.56080489428,1668.48045239614,0
3.33,1.53307887078802,0.569341540336609,0.102148257215667,27.0693151146998,-5.06670612738184,-0.0534205895692205,-1.53554919527801,5.92361847920612,-26.8947964460223,-3.1098367212181,1651.11144958013,1668.48045239614,0
3.34,-0.105480440310221,0.549275517463684,0.0459553463756712,25.7473814675332,-2.38712217822386,0.00224325496543209,0.115034711959939,-8.57271838111314,-24.3953787485779,2.71121559449626,1651.33579581776,1668.48045239614,0
3.35,1.95758776403653,0.377012103796005,0.156935334151544,24.7343969619196,-7.69286908640964,-1.58909705473581,-1.15392768562019,-13.7857174820183,-21.9299936469765,2.27885652882399,1659.26826351436,1668.48045239614,0
3.36,-1.35302074431904,0.45797210931778,-0.0894661094348171,24.4660290703581,4.11995113690996,1.32268147847669,0.298635272179591,-24.6283267683183,-3.00101590050249,1.85888035642138,1654.66597374241,1668.48045239614,0
3.37,1.13145190747683,0.361879348754883,0.139443493587992,27.8412991772418,-6.8916008984996,-0.720053142264442,0.883827686346199,-24.8636010500555,14.2980224382453,0.806264062415036,1659.61415826662,1668.48045239614,0
3.38,0.919047880964175,0.2641761302948,0.0847534301673306,23.3798830554318,-4.20143851650413,-0.297591253843546,0.873654163308168,-13.3747863193527,19.6312533528883,0.420260152356859,1663.57727815225,1668.48045239614,0
3.39,1.37436635374771,0.127774029970169,0.100943385495356,25.5474950725162,-4.99463134055409,0.00412808726454338,1.37806219028191,-6.77730730135179,25.1334230150079,0.0703200088220182,1669.44024935536,1668.48045239614,0
3.4,-0.64752254690886,0.153338432312012,-0.0474331542562552,26.5235500903743,2.10859811734445,-0.215397615324606,-0.612486097956932,8.98290393257802,25.0450061360571,-0.265045841466952,1667.62305731911,1668.48045239614,0
3.41,1.27649478975344,0.0371937900781631,0.172496119782396,27.7689874211549,-8.52462555728162,0.850587449782696,0.967313211881152,8.28146824533115,27.8424709210531,-0.586958089752369,1673.16311345565,1668.48045239614,0
3.42,-0.798599882777684,0.0817457288503647,-0.0441037840830098,23.3047040167508,2.00656283928977,-0.652112256129325,-0.463094506498288,19.4782318721492,12.9512164243814,-0.898123444368909,1670.51855624344,1668.48045239614,0
3.43,-0.207236352929426,0.0955024808645249,-0.0226968408982979,24.2778953703984,0.976904649798375,-0.202432097364771,-0.0498327053123957,23.1375800908277,7.41774452588824,-1.22033887925563,1670.16339958081,1668.48045239614,0
3.44,1.89081447531889,-0.075097069144249,0.149692692049994,27.8490621034027,-7.38713797487202,1.50253926498806,-1.1575677255771,27.3662724844448,-9.01261326176254,-2.14822731779061,1678.06887107742,1668.48045239614,0
3.45,1.56251070030108,-0.243056446313858,0.181741858952251,29.1700149928393,-9.04454759257501,0.936228421379616,-1.26409894187592,26.5507042473517,-15.0915115149706,-2.38832229164496,1684.90877063997,1668.48045239614,0
3.46,-2.54120295251673,-0.0614514797925949,-0.116365710541926,24.5890399829491,5.38530884254392,-1.12713034608897,2.28053296564532,7.17817363479191,-24.1266711728209,-2.63680412843426,1675.82716775608,1668.48045239614,0
3.47,-0.927779738052399,0.0303001552820206,-0.0263132803352184,23.6089223381811,1.08798517496184,-0.168113923518399,0.9128008215278,3.8687777361718,-23.3151771286281,-2.93110598226057,1672.57613173745,1668.48045239614,0
3.48,-0.647845665655871,0.0810672342777252,-0.0634110117235035,24.8540881800004,2.93950664206381,0.129537510396875,0.637922406188305,-5.47372376319613,-24.421399360442,3.03882405802968,1670.56230389751,1668.48045239614,0
3.49,0.287368516522122,0.0486776530742645,-0.030133569816048,26.5774655450871,1.37486852498292,-0.0888467412589947,-0.274945363455435,-12.022157912577,-23.7427811636788,2.72456247602636,1672.27625804563,1668.48045239614,0
3.5,-1.39673372053486,0.151689887046814,-0.0688553746529475,23.6864948143489,3.17071801325529,1.38375299871144,0.202073717377672,-23.8530392985534,-1.46150796488518,1.76506195754144,1667.36023933473,1668.48045239614,0
3.51,1.64457529218776,0.0207153707742691,0.139672887234895,24.6258831693246,-6.84120303519459,-1.61389166046536,0.34567342302145,-25.2913777270461,-3.6854298943079,1.44452421853895,1673.91708591709,1668.48045239614,0
3.52,1.00155311113557,-0.087955504655838,0.0703704229777525,23.1469925595807,-3.50398028503737,-0.892231193660051,0.460417341023746,-22.6477419645192,5.92797826411074,1.16455377201261,1678.18709778256,1668.48045239614,0
3.53,-2.97458869881135,0.142968580126762,-0.244166745703227,20.3032987566253,11.6297096846539,2.09348741581632,-2.1272295989437,-7.78370100464454,22.0655407008396,0.859304503698397,1667.06631595518,1668.48045239614,0
3.54,-1.68701440607507,0.299633979797363,-0.0477904884243341,25.8111951738573,2.01950003265243,0.753112152185288,-1.51033891008591,-10.3863754418614,23.715382810858,0.490878165162696,1661.11357568785,1668.48045239614,0
3.55,0.587461749941391,0.254984140396118,0.05227362852128,25.708383146842,-2.61475172155108,-0.0128767447823664,0.589642289296479,-5.4359053236635,25.2627952511663,0.110583203976189,1663.8043237301,1668.48045239614,0
3.56,1.6313205638918,0.101974382996559,0.158385863756493,24.6186121315123,-7.81866234909557,1.34705650793266,0.933665694159541,13.7295265664424,21.8793885762916,-0.867918598092946,1670.55602154367,1668.48045239614,0
3.57,-2.12150962760001,0.252752006053925,-0.195639533718703,22.352121073636,9.32062556603733,-2.05761510692689,-0.552537780517723,24.1974636568632,-0.986980246779214,-1.21649516447361,1662.85550180827,1668.48045239614,0
3.58,2.01092479287096,0.093841552734375,0.218715100231844,29.8384469049037,-10.7702060754809,2.01224889771431,-0.206177572252863,29.7707410253305,10.9559678444118,-1.56456369138942,1671.0561141409,1668.48045239614,0
3.59,0.923915884485944,-0.0171401053667068,0.0626175648126254,25.9933597989951,-3.08254907674517,0.865787831177483,-0.328561946082466,25.7665616648024,-4.60881355931132,-1.8658311620514,1675.23088814431,1668.48045239614,0
3.6,-2.44909549131705,0.167826294898987,-0.184951024051362,22.3452921911426,8.78807206565405,-1.89477317579409,1.56272525390048,13.1951408197138,-20.0606717855258,-2.18507605450683,1666.2624379317,1668.48045239614,0
3.61,2.29438980984975,-0.00196754932403564,0.214148603034621,25.6349287732399,-10.5494565618164,1.18959084291647,-1.97356475702555,23.7065264245762,-14.3680622158871,-2.50607824415016,1675.13026580752,1668.48045239614,0
3.62,-0.00301872119136544,-0.0415752381086349,-0.0523563059666575,27.9284165827441,2.4429601238033,0.0511300755375624,-0.011662368011198,-10.1143619490732,-26.1469728524915,2.85974353344457,1675.91287854261,1668.48045239614,0
3.63,2.11015223796053,-0.232576206326485,0.234153242998885,27.473496338362,-11.488482859283,-1.27097356157856,-1.70064588152414,-4.014444462366,-29.5069902755366,2.61030424760442,1684.59790816499,1668.48045239614,0
3.64,-1.19407343396196,-0.166022017598152,-0.0552855014604484,24.4657598220863,2.50505233655172,0.865509960533665,0.824475809579907,-18.7251736728664,-15.9441701509318,2.37818536885158,1680.60116717436,1668.48045239614,0
3.65,-1.02792524895064,-0.0798185169696808,-0.0855183387666233,23.6719385751392,4.00508646724856,0.92231417801598,0.461822758995651,-22.2990563283073,-8.89682417395547,2.11802510556068,1677.04872520401,1668.48045239614,0
3.66,1.70358558126691,-0.224567756056786,0.125510743162015,27.5625557587514,-6.19882861504352,-1.6646702437868,-0.383183714163835,-24.5026377366891,-14.062030440073,1.87058291222362,1684.11569382806,1668.48045239614,0
3.67,-1.97487553093016,-0.0913934409618378,-0.165558994092121,25.1475160792671,7.82462605719885,1.98089780835407,-0.0598917026767438,-25.5293815721374,6.47093613291033,1.62420796618585,1677.18085605854,1668.48045239614,0
3.68,0.908768496359779,-0.158363699913025,0.099436943236722,25.5703471546935,-4.92107527186939,-0.533658684854141,0.742264301806322,-20.7557464725274,15.724459412365,0.732323962755253,1681.02043570638,1668.48045239614,0
3.69,-1.98604733684289,-0.0116102397441864,-0.151166532660855,22.95199680561,7.19059291228781,0.749993093438812,-1.84519530255514,-3.79453007321802,23.7507963091434,0.462028374313096,1673.84148942345,1668.48045239614,0
3.7,1.8970900601902,-0.155463695526123,0.103113779210198,23.8060242503977,-5.01642439006873,-0.260785424673044,1.88190704080025,-9.4669344101675,22.4113466160646,0.191998367517603,1681.25539335442,1668.48045239614,0
3.71,0.975724149073169,-0.26651805639267,0.115580524790951,24.4251395173465,-5.80522026392499,0.14891088088258,0.971196181186008,-4.96576982706047,24.609533778176,-0.0342357106372511,1685.51855033572,1668.48045239614,0
3.72,1.66706943368973,-0.434965968132019,0.135906962901012,29.7892056575011,-6.7386342377796,0.49364519704388,1.59809437103791,-0.128663761378244,30.5416013125045,-0.218253701577379,1692.78746823232,1668.48045239614,0
3.73,-0.88713565879586,-0.389919281005859,-0.0687804160294949,24.3551390761849,3.19120452438644,-0.397949105688298,-0.795849817502171,12.132085072338,21.358115495856,-0.386295832291327,1689.91086748249,1668.48045239614,0
3.74,-2.53871511516925,-0.179914698004723,-0.0851149612148583,23.3875333659225,3.81841147720091,-1.50294327243688,-2.04779894336532,16.3506035781827,17.15268917052,-0.599623192986168,1680.57414124546,1668.48045239614,0
3.75,1.96065367926881,-0.322768568992615,0.155253411193172,24.9799855040986,-7.58676205450497,1.96535855405757,0.0750481559411263,23.9216273464706,10.45535170873,-1.45360975778729,1688.14377809089,1668.48045239614,0
3.76,0.647230108666381,-0.408068388700485,0.0872642025928432,25.0396641535434,-4.40431898260946,0.640451195570263,-0.127844126619417,25.2672978239377,2.81894790644547,-1.63380337394549,1691.19121572792,1668.48045239614,0
3.77,-3.22064504744438,-0.159841865301132,-0.203288268053966,23.7977271145663,9.54914018177492,-3.04383287400287,1.07189648599844,20.3017973112246,-15.6638092418321,-1.84635163704729,1679.38493402687,1668.48045239614,0
3.78,-3.25162648129325,0.130515709519386,-0.273733868807051,24.3678187403983,13.0594775589636,-2.57773931344838,2.00081609266875,13.321231928293,-24.2257161749784,-2.14686392525046,1667.34071891497,1668.48045239614,0
3.79,0.0643515517892208,0.146945357322693,0.0234853937107023,25.7438472856475,-1.24137817333578,0.0203646880200112,-0.0654061573345742,16.6031505783712,-19.7135000369773,-2.48981433500286,1667.90193796209,1668.48045239614,0
3.8,-2.98691619765232,0.388731449842453,-0.216709156009559,20.1495192399232,10.3109117194458,-0.588789070469332,2.93631719345714,-4.55572960081009,-22.1712280645557,-2.87127164977547,1656.6828932359,1668.48045239614,0
3.81,0.216920286436361,0.391269683837891,0.0101720929150485,25.3880302425262,-0.641016681873825,-0.160085985106521,-0.146732271550535,-17.4367824292557,-18.4640624050253,2.35955763969657,1657.81723034394,1668.48045239614,0
3.82,-2.73730181095277,0.602739036083221,-0.176686009206805,25.1255886721894,8.37066840070771,2.6405454409569,0.74267013157692,-26.4794182987372,-0.451333755835727,1.90942773576285,1647.97037672523,1668.48045239614,0
3.83,0.0454121987140348,0.616941928863525,0.0484272981982847,24.203449097471,-2.51177422550845,-0.0378497498813715,0.0545423453542859,-24.3107132685844,1.05127462942425,1.42417261779809,1648.4010987455,1668.48045239614,0
3.84,-2.40946609168021,0.806776702404022,-0.188289545528689,23.4421957299367,8.92773358092594,1.78463482667864,-1.62974180019959,-13.0008787428496,21.4526949226985,0.908719294508741,1639.59258360145,1668.48045239614,0
3.85,-1.16580092173262,0.915852665901184,-0.0777731589424213,24.966059694861,3.65665529618438,0.322397624778851,-1.12303171144072,-5.03126763061934,24.7257277076239,0.346173444873804,1635.60539445585,1668.48045239614,0
3.86,-0.88374360067731,0.994353473186493,-0.0998948507120281,20.9415621295072,4.76399677014933,-0.309121257517583,-0.833921927453418,9.65182847999519,19.1855908598812,-0.242422906900183,1632.43149301455,1668.48045239614,0
3.87,2.68130944979625,0.77020537853241,0.244784672301191,27.4350714560161,-12.0412495831921,2.69002098331214,0.114573167454821,25.5865562302796,15.5885527742692,-1.43718953528253,1643.16350530913,1668.48045239614,0
3.88,-1.38385644031236,0.84592342376709,-0.0828323046572602,24.0823942791197,3.87847913765385,-1.23962951389966,0.620675846443003,20.6135818983822,-13.0416469801511,-1.97521467921596,1638.50626813515,1668.48045239614,0
3.89,1.17972858535482,0.754578113555908,0.0346091676022035,22.7893498349939,-1.69489672940051,0.665109450610284,-0.974980383543328,14.7607503667157,-17.4455550051172,-2.51360053380333,1643.26131508961,1668.48045239614,0
3.9,2.41837103772312,0.523508250713348,0.212673502284053,28.9573684295565,-10.4726458067977,0.138304027421997,-2.42376164064675,14.5391317708926,-27.1444127567413,-2.99687758212376,1653.38593839906,1668.48045239614,0
3.91,0.421289880960812,0.452851951122284,0.0867216953992246,24.1819815460228,-4.35322103819422,-0.204915233830314,-0.378173985352191,-2.83024335291499,-24.4071400918429,2.8480370705382,1655.54077004261,1668.48045239614,0
3.92,-1.02408812133798,0.52662718296051,-0.0461722774498929,22.0429020401389,2.05101568120224,0.722827208506103,0.726917592381508,-16.340897916684,-14.9355699908711,2.40407165567881,1651.93483553793,1668.48045239614,0
3.93,-2.32347627680993,0.722086727619171,-0.204276224334499,22.5384306103554,9.72786453729813,2.16885279752443,-0.858107410175053,-18.8304491859528,15.748853491257,1.28173812556836,1643.33777524426,1668.48045239614,0
3.94,2.11658885669617,0.563315749168396,0.23670801896408,26.8001409556457,-11.6178131619811,-1.33806480321612,1.65697364400478,-27.222033454642,10.5916019800372,0.790690713297991,1651.62970079242,1668.48045239614,0
3.95,0.221085011281392,0.515956819057465,0.0282669929886065,22.9107771845807,-1.4922880510966,-0.0462630032624132,0.21803059334656,-8.96812850023338,21.1353567756083,0.336250609473162,1652.89897624082,1668.48045239614,0
3.96,1.88959479507835,0.345160007476807,0.135765808317918,25.1990422133032,-6.68845826094422,0.296084103822978,1.87118546589021,-4.51967063865405,25.676833521568,-0.0852064084129685,1660.65425129702,1668.48045239614,0
3.97,-1.48496158394234,0.433954864740372,-0.0886958755494155,26.6197639399843,4.11341850193625,-0.784983724067439,-1.26363697994054,16.2908910319332,21.4508487799023,-0.496210633075483,1655.72918569359,1668.48045239614,0
3.98,1.48418358908516,0.318199515342712,0.119503593604959,23.8283086410471,-5.85596278544277,1.24057473993014,0.823441770644099,15.1117006954971,19.3317638855642,-0.904465180085197,1661.60983370763,1668.48045239614,0
3.99,1.23145808150423,0.192736566066742,0.149160961531247,22.9450052399509,-7.42277148796326,1.22069455197062,0.220551149931809,19.7365118853226,13.8578822561174,-1.27150964503525,1666.74018901545,1668.48045239614,0
4,-1.81249319518946,0.317933022975922,-0.159178074642487,25.3055386653301,7.53572733420923,-1.2762524251192,1.29678409514936,14.372321615537,-22.149353150321,-2.27657590178947,1660.41026036889,1668.48045239614,0
4.01,0.478459618769627,0.280497819185257,0.0688802448551162,27.5895742904531,-3.45309867837483,0.159241363532697,-0.456410213585021,15.7728309117736,-22.8981725262001,-2.66291829741955,1662.84785925893,1668.48045239614,0
4.02,2.08863701142581,0.0907071456313133,0.228073075492443,24.9947976488113,-11.2084462142528,0.0504718859819445,-2.10044625781945,14.4190995718438,-23.2907437317934,-3.00880200876416,1671.31055884547,1668.48045239614,0
4.03,-2.40551747839357,0.262258917093277,-0.212773171271079,20.8831349049194,10.1637658841142,0.719517711686926,2.30522906103461,-14.3727182439107,-18.243695642202,2.92727275443638,1662.46836005152,1668.48045239614,0
4.04,1.78249323102888,0.128656268119812,0.164058599756165,27.7559889469387,-8.12979878847024,-1.09850367036187,-1.41332481369968,-8.10390658993911,-27.7635597275482,2.57266001254428,1669.65885115521,1668.48045239614,0
4.05,-2.04724637481495,0.265907526016235,-0.128259008374029,25.40859685249,6.05302920697168,1.70872605952149,1.13486710496613,-23.9028905650576,-10.5303266439222,2.2196291267233,1662.5334147835,1668.48045239614,0
4.06,-1.62386542225509,0.410828202962875,-0.0627308501765037,22.8388617698661,2.81055667093684,1.48079523732503,-0.669417309512596,-20.1007538088459,11.2014522299461,1.18483694238938,1656.64093327543,1668.48045239614,0
4.07,2.62889241429381,0.202980279922485,0.190537492390345,26.3621637761408,-9.31258370487753,-1.75050500067231,1.97056136787443,-25.383758533254,11.7197566931176,0.79868070087662,1666.90726036376,1668.48045239614,0
4.08,1.99076497159899,-0.00908967852592468,0.126076763620816,29.7186564715567,-6.20113039789395,-0.813336777305138,1.82140709594355,-19.2994297555524,23.434687362894,0.48322179933849,1675.4901015971,1668.48045239614,0
4.09,-2.8830467748623,0.198182255029678,-0.173125816788565,22.8758765673104,8.17898558374451,0.29104430656897,-2.87353866619128,4.40805280228925,23.8908058548503,0.160917639447726,1665.03997761575,1668.48045239614,0
4.1,0.938617754366668,0.142829269170761,0.124722487760105,24.27838145106,-6.20617559990632,0.297716874934156,0.898845732116939,-1.56574060310674,25.0100955180869,-0.187743541820213,1668.73522603773,1668.48045239614,0
4.11,0.877451367243698,0.0472021400928497,0.07328576274771,25.6588958284633,-3.68716446508649,0.490050874416804,0.73153389899763,9.23324866204898,24.2223292866994,-0.50690648141707,1672.70234426774,1668.48045239614,0
4.12,1.27860554317113,-0.082125648856163,0.094842096367158,25.8883949022245,-4.73805853975252,1.27879223671691,0.0922907015024591,24.9229382960587,8.45608278285496,-1.42471042696819,1678.21528886016,1668.48045239614,0
4.13,-1.04430200063382,-0.0241195857524872,-0.0456243244514373,27.2373712135762,2.03830281504626,-1.02952898178503,0.180882069797256,26.7418729272376,-5.55889389496263,-1.7010542386635,1674.95113552556,1668.48045239614,0
4.14,0.0461154967185303,-0.0321914702653885,0.0493723174779736,25.7663637093162,-2.5463743651373,0.022221913159714,-0.063800088920508,24.5966908275625,-8.08655189444144,-1.98693619543234,1675.66484980444,1668.48045239614,0
4.15,-1.13165816129591,0.0525297597050667,-0.074853660963664,22.6943675950877,3.46505042007074,-0.806211871740582,0.797668905280787,14.8817041273879,-17.4807258779344,-2.28481920225117,1671.6760368592,1668.48045239614,0
4.16,-0.501335236231398,0.094608262181282,-0.0410420335142151,23.8355541815001,1.82027897739479,-0.222001756427582,0.451372005938829,10.6673503812874,-21.3928655055282,-2.6028129095414,1670.16801219956,1668.48045239614,0
4.17,1.3946633060135,-0.0341767370700836,0.167147146323365,28.9999426009436,-8.3399259119589,0.165828963035611,-1.39482065538301,14.9316841388925,-26.2220488110928,-2.90398025302002,1676.26168491526,1668.48045239614,0
4.18,0.833264424916302,-0.134569436311722,0.117894963329695,27.6037964441488,-5.85582338783894,-0.603945500788692,-0.586070521598469,-12.2948711793542,-25.3987477715467,2.48172757069378,1680.19230949755,1668.48045239614,0
4.19,-2.01891587888789,0.0155733972787857,-0.142519318901968,22.9731201147537,6.74690593624848,1.71093049616818,1.08122611861147,-22.5048312675471,-8.17420070335462,2.20485438662047,1672.86726258869,1668.48045239614,0
4.2,-3.11293798455754,0.28608363866806,-0.218125115546938,21.8527129109251,10.3311364114584,3.04731107491557,0.672202852143952,-23.883632796505,3.72095761346238,1.85786438552404,1661.19083047276,1668.48045239614,0
4.21,1.58112257615614,0.175171718001366,0.117461533188965,29.5575631282661,-5.82809487950957,-1.56666662696193,0.243518977850742,-29.9289518039028,-3.44587752621415,1.49074641570522,1667.63538815787,1668.48045239614,0
4.22,-2.35333197576817,0.342103004455566,-0.141510133390209,23.8798814218006,6.67353809298655,2.05444673859381,-1.1564796169005,-18.5563712820805,16.4452404129395,1.11815090060293,1659.22460917523,1668.48045239614,0
4.23,-0.726518575418169,0.416170805692673,-0.0281808636308147,23.1459940949169,1.20270044666403,0.449296629048941,-0.57162569976155,-14.0818149398293,18.4088570804039,0.70491407666449,1656.72456844056,1668.48045239614,0
4.24,0.0770320686385757,0.407299846410751,-0.0396520878200601,23.3283584907043,1.8355905875375,-0.0597363399309489,0.0627518713576107,-4.80674156785963,22.9014614855839,0.285408063416172,1657.40367179566,1668.48045239614,0
4.25,-1.25818545645227,0.498752623796463,-0.0676139998246438,25.2150794436308,3.0705215990934,-0.933518900910271,-0.846253364804882,19.9272026235313,15.7522991921763,-0.780703129024941,1653.14476211195,1668.48045239614,0
4.26,2.49832596887576,0.295203506946564,0.197777182620321,26.1656027311816,-9.62733110302835,2.39555456686264,0.736251844077673,20.7806506281974,18.5873298222783,-1.19361933263396,1662.97873430583,1668.48045239614,0
4.27,0.802205705854797,0.195392623543739,0.00808674706638107,23.134504501512,-0.423503367390872,0.802239232789551,0.00340637011214692,23.1260633788655,0.754881599568575,-1.55646997588527,1666.49925746849,1668.48045239614,0
4.28,-1.60916721396986,0.310349345207214,-0.126515636404221,24.1541555395701,5.93075650909165,-1.46363084518925,0.680595384777829,20.5614128418276,-13.9937630588705,-1.92759754618643,1660.82809005906,1668.48045239614,0
4.29,0.456858503438539,0.275001168251038,0.0777214078736045,26.3388666828664,-3.90001026754494,0.284715806705022,-0.365646302891559,22.0698415242688,-14.8952365982694,-2.31148906292306,1663.09539823471,1668.48045239614,0
4.3,-2.53617023391375,0.471426963806152,-0.139931224592904,22.8146157407514,6.54837395640456,-0.907885436852858,2.37223191036558,3.33855957500852,-23.4998279320334,-2.72095823660661,1653.81634996333,1668.48045239614,0
4.31,1.61414236829865,0.360660016536712,0.164446060105465,23.2141057109416,-8.15096210746381,-1.08952805313686,-1.20225900422862,-7.20140561477034,-23.5259993285649,2.50687197426871,1659.98410300877,1668.48045239614,0
4.32,-1.57156719370113,0.46015328168869,-0.0947860981359114,26.4274125472534,4.34857437834548,1.41179989107369,0.696870803149196,-25.1065357633616,-9.32631197364621,2.08955460375447,1654.67988276288,1668.48045239614,0
4.33,-1.84873959469157,0.621851444244385,-0.13951968789315,21.4240999806106,6.64063465788439,1.85366590132564,-0.0350222579622057,-21.7645488587375,5.42166963345452,1.6272297431555,1647.85762028009,1668.48045239614,0
4.34,1.49534677443601,0.509637951850891,0.137709979202081,24.2125313630465,-6.81517666983645,-1.31684270872878,0.721769557861708,-24.9239216369297,3.38990240033267,1.16124161612857,1653.79087236886,1668.48045239614,0
4.35,1.88444295852647,0.318874090909958,0.151960614746798,29.4231964784033,-7.51106087769736,-1.17013413804366,1.4849253824213,-25.5164411762318,16.4636495411892,0.747851719782237,1661.90447880981,1668.48045239614,0
4.36,-0.88849686416602,0.360314846038818,-0.032750158262339,25.3454743373755,1.43863150042698,0.277157756132655,-0.844797507521518,-7.43312610315353,24.273676407071,0.353854986694409,1659.12980644006,1668.48045239614,0
4.37,-0.658375542292891,0.41489252448082,-0.0631495046320665,22.571678527024,2.95949606481037,-0.468785127036022,-0.466569093805574,16.6834388542996,15.4887751768754,-0.692142737936537,1656.92589085278,1668.48045239614,0
4.38,-0.898856706568439,0.485946595668793,-0.0479710515769187,23.7017487431734,2.11296489866501,-0.831295950593533,-0.345241427495673,22.286785405076,8.33886745641181,-1.12384755856294,1653.89711011858,1668.48045239614,0
4.39,-1.96388755427486,0.645192563533783,-0.110569588773707,25.1686807489594,5.16226191589449,-1.96105821459179,0.152743702912299,25.0519438554242,-5.70188984425393,-1.59228579116936,1646.93662748805,1668.48045239614,0
4.4,2.12710965009739,0.483192950487137,0.205728805670958,24.1723169575487,-10.0874749283137,1.78468433846034,-1.17550908846959,26.0850912116539,-2.37193465450668,-2.0568211861405,1655.16828630138,1668.48045239614,0
4.41,-1.63410352943409,0.588894248008728,-0.108592073916329,22.7711519659495,5.05268538328516,-0.875570504162226,1.38400248398169,9.34194316128643,-21.3724843995761,-2.511164707383,1649.37430291742,1668.48045239614,0
4.42,-1.48437038507981,0.714880168437958,-0.0919935724542175,25.8870543856907,4.25127967141198,-0.109500822739942,1.48318165687624,-0.712972660575946,-26.22412312352,-3.00600237839358,1644.26479138495,1668.48045239614,0
4.43,1.44248128179363,0.601911067962646,0.108299062341625,24.1494811095813,-5.30528136622433,-1.26572317279908,-0.700304066151614,-17.2874409436926,-17.677325415774,2.15109487929635,1650.03912282911,1668.48045239614,0
4.44,-1.84227176617284,0.734456896781921,-0.12460108272188,21.1174712301279,5.82729786165522,1.84620796065421,0.0317309985676403,-21.5348179291072,4.01952836585766,1.65551338223766,1643.30259386471,1668.48045239614,0
4.45,2.14680716718583,0.566117823123932,0.220021937349473,26.6000519537835,-10.860441537044,-1.8861726786087,1.04859109879187,-28.7272596626224,0.506464806083594,1.16553862230854,1651.8454724839,1668.48045239614,0
4.46,1.26276139700051,0.429494678974152,0.154377854257787,23.9246571229356,-7.63028463978974,-0.724705004042479,1.04556277896437,-21.6117629687946,12.7883604701651,0.72774700867317,1657.18037413645,1668.48045239614,0
4.47,1.21440291574179,0.304610878229141,0.0548623937539198,24.8019563396834,-2.70867849739066,-0.339861064583885,1.1671669892481,-10.5654336189705,22.6018935029992,0.328495526627964,1662.37981159105,1668.48045239614,0
4.48,1.44274404748679,0.15812511742115,0.125473123692057,26.1641890570395,-6.24664604287172,0.167325134675766,1.43849094214504,-5.48406356679772,26.3345860531877,-0.0290493958069686,1668.56455056511,1668.48045239614,0
4.49,2.29042979034637,-0.066795751452446,0.18834180489772,29.887570549496,-9.18800462673759,0.917183563519828,2.10720563087405,0.945236535732707,31.2536850669416,-0.328483954408109,1678.2189441443,1668.48045239614,0
4.5,0.215718062767143,-0.120437934994698,0.0232121595273001,25.4444473599764,-1.21360841956127,0.210598778336086,0.0521655203873002,23.4856225284632,9.86500285358211,-1.22079091887486,1679.65051214013,1668.48045239614,0
4.51,-6.27967839627588,-4.59999990463257,-0.486623864830119,16.0387808716303,23.3415449416927,-6.28938032142102,0.338908127666232,16.5829103721029,-22.9581640316476,-1.54729274703665,1658.17292886649,0,0
4.52,-7.04673037034609,-4.59999990463257,-0.453096220620742,23.6939328110455,21.5227188064469,-6.03514472352217,3.66588778655884,11.0280998672106,-30.0501396035784,-2.05244590042027,1632.52818632191,0,0
4.53,-2.25571582209723,-4.59999990463257,-0.151103402838358,20.7962295937051,7.17278142190099,-0.859182206493764,2.09114610786851,2.7338062686525,-21.827923903247,-2.68486674254646,1623.96209455009,0,0
4.54,-5.09433626918116,-4.59999990463257,-0.380890580889418,17.1298991060128,18.2116254562862,1.74543299410654,4.80112521407109,-22.1680771475689,-11.5617083824868,2.86752949122912,1605.13910248666,0,0
4.55,-4.59377404359141,-4.59999990463257,-0.281698690375982,20.4045429455123,13.4019244742884,4.28406950457988,1.68192229180255,-24.1532407008557,3.54653578528603,2.00615162575343,1588.4365875049,0,0
4.56,-2.9273453272236,-4.59999990463257,-0.202837582301269,22.7360768382519,9.59651008482291,0.984466994973826,-2.76429348756945,-0.294018461092829,24.6766235321516,0.41131157056819,1577.89971255323,0,0
4.57,-3.23175244429553,-4.59999990463257,-0.200954419302789,18.4592992498918,9.52315328567157,-2.070687324973,-2.48934942144401,18.5863543441767,9.27273473642785,-0.631742412531153,1566.0764337154,0,0
4.58,-6.246664458993,-4.59999990463257,-0.355678823476127,19.2573122444329,16.9123538196715,-5.99963325069971,1.77530987318104,14.8775299448615,-20.8693768316423,-1.80161265513432,1543.27242990324,0,0
4.59,-2.91090533642685,-4.59999990463257,-0.212566112017236,23.6221554685267,10.1013973652959,0.0769389774106897,2.91764196284799,-8.99170957228282,-24.0664417120307,-3.09506213531213,1532.6951503,0,0
4.6,-2.91965764820724,-4.59999990463257,-0.230432085562125,20.7626039893056,11.0075190278407,2.88700450758278,0.492650689625256,-22.8281040522795,5.57932477485439,1.81857364777416,1522.19099657576,0,0
4.61,-4.37313259283344,-4.59999990463257,-0.295368212775319,18.4889504883592,14.095833609402,1.23069652997874,-4.20677038911307,6.85592862954592,22.215536408818,0.352048415941875,1506.1947962793,0,0
4.62,-2.46758474967841,-4.59999990463257,-0.132824129052308,19.3144474930887,6.22500430337863,-2.35313063623847,-0.754581310992983,20.265071809837,1.06086053867399,-1.2067089255046,1497.18142502905,0,0
4.63,-7.47231026435759,-4.59999990463257,-0.475665766233136,15.8029070400583,22.7625467157828,3.27768145934886,6.73190038986248,-27.0585730459306,-5.97486641046904,2.75206091266886,1469.76804661451,0,0
4.64,-5.05061018280784,-4.59999990463257,-0.33859028955072,17.3203825887944,16.2027521999069,3.71395302895398,-3.43945627993493,-3.2772175757485,23.4900974207219,0.890691522273054,1451.0520584195,0,0
4.65,-6.83745221381019,-4.59999990463257,-0.446176629444938,17.6646617587185,21.3604587207953,-6.37591045228656,-2.50950040151894,25.0819466670416,-11.7985347905753,-1.13066478651803,1425.91463213767,0,0
4.66,-5.32984409725148,-4.59999990463257,-0.264838947229029,18.4365973421787,12.5546676733632,1.18611213392404,5.20293338173131,-15.5647368700719,-15.9770700728151,2.9671022102746,1406.42590063434,0,0
4.67,-7.09875007743167,-4.59999990463257,-0.367960122326357,16.2339293630039,17.5042285624405,3.79245322150795,-6.0120666892619,4.94114180956113,23.3564465993217,0.614552324339659,1380.30259972527,0,0
4.68,-6.1190261010756,-4.59999990463257,-0.331435049815251,18.2499495319761,15.7481000631564,-5.64549497326507,2.38342529245816,11.8408690693738,-20.9965981340027,-1.91616572664522,1357.80995904604,0,0
4.69,-5.57586531049223,-4.59999990463257,-0.322625485352769,16.6441545752536,15.4391777176424,5.57812809957573,0.280798983747047,-18.2126384166786,13.5534457620637,1.67888977610098,1337.35586974166,0,0
4.7,-5.49760467181341,-4.59999990463257,-0.307807809152357,18.6833302014275,14.7183333930072,-5.29718415939554,1.50274507364648,15.0119297093465,-18.4482555187455,-1.79129014374268,1317.28748622516,0,0
4.71,-4.01182447605866,-4.59999990463257,-0.2458232232799,17.0966419973808,11.7439431322779,3.99743836064588,-0.419107667126019,-16.5727092662804,12.4723965402053,1.52753206712319,1302.54702490032,0,0
4.72,-5.0148034987478,-4.59999990463257,-0.25672372388805,14.8977020820468,12.2216883768915,-5.01764872825442,0.193293665977083,15.0510478691084,-12.0323377674114,-1.55815151946071,1284.08706338977,0,0
4.73,-5.62652834889205,-4.59999990463257,-0.297398742811023,14.8359734608882,14.2235977228143,5.58812198773722,-0.720527531243089,-13.7220068957476,15.3010904011996,1.49537209778082,1263.35899515721,0,0
4.74,-7.73827468969252,-4.59999990463257,-0.40471803153023,13.1249971415661,19.3932567756803,-7.14708567091748,2.993970318949,5.80544551351339,-22.686135870245,-1.91524237610958,1234.74539110323,0,0
4.75,-3.11639202571443,-4.59999990463257,-0.131331733248529,15.2831240506407,6.20272552741229,2.16202484870443,-2.24828731163949,-6.76190596576091,15.044078982307,0.807958708765433,1222.94150720407,0,0
4.76,-3.65694212220996,-4.59999990463257,-0.15282064601354,15.1627656497114,7.21848098906492,-0.929217336140352,3.5402167980588,-2.44093830321161,-16.6149857098185,-2.84314310530511,1209.51922870378,0,0
4.77,-4.7467501882749,-4.59999990463257,-0.205535140597862,13.3551323586019,9.73371093855643,-1.70874663078667,-4.43329076371983,13.484889702733,9.55313763411132,-0.324614719438307,1191.93263697864,0,0
4.78,-6.83408952741454,-4.59999990463257,-0.376500738246631,13.3737969787632,18.0648742623715,6.67641909794224,-1.50730239276977,-10.1847757753049,20.0366781216655,1.4037897132336,1166.65075063515,0,0
4.79,-5.36813365671334,-4.59999990463257,-0.268009847999755,13.5278890402854,12.8526937610905,-2.13474013309153,4.93270441027351,-5.54094236091602,-17.8183466280027,-2.68327221154586,1146.83899756007,0,0
4.8,-4.77969240203924,-4.59999990463257,-0.201491461443436,13.9578120716908,9.56878249368434,-2.95839239565467,-3.75951761539681,15.9241790368584,5.72735874921047,-0.624575742194333,1129.19456389643,0,0
4.81,-4.97261684669854,-4.59999990463257,-0.255918798575759,13.2558980102892,12.2400929820574,4.7264449385903,-1.56624741915469,-9.53273277251708,15.3188026345527,1.30222541527977,1110.77704327524,0,0
4.82,-7.58620426408329,-4.59999990463257,-0.34002519241069,9.13667258622647,16.261379028795,0.967123303285617,7.5319841200119,-16.9621887768198,-7.75856853843299,3.05868075818263,1082.63075223446,0,0
4.83,-5.6577476537892,-4.59999990463257,-0.215454106265625,12.8156072942698,10.2450128724112,-5.62367063172608,0.656397449511753,11.9768626277865,-11.21404657882,-1.64892817060907,1061.67210606028,0,0
4.84,-7.31146867410172,-4.59999990463257,-0.360734108509492,10.2030229936495,17.3200135944629,-2.15448453120542,-6.99613462379115,19.3027018967803,5.61161728963723,-0.249439424148202,1034.42552526329,0,0
4.85,-5.55843666025966,-4.59999990463257,-0.219385942774777,11.4030225404559,10.4217799203184,4.475674096699,-3.30343604117643,-3.58109614325659,15.0272475915735,0.97441188087402,1013.76230234399,0,0
4.86,-7.4992613783935,-4.59999990463257,-0.316932451804184,8.7954741454223,15.1598546688135,6.89009717891623,2.97757086658934,-14.5153442082085,9.82274613026143,2.02094603588818,985.889875888925,0,0
4.87,-3.17378945541544,-4.59999990463257,-0.12869152911237,10.973646802879,6.10618909369705,0.824685049304196,3.06747381185654,-8.37357420651718,-9.35893820955516,2.91948062147925,973.797014707452,0,0
4.88,-2.51522907456668,-4.59999990463257,-0.0795762067655164,13.4475275138356,3.70154910337887,0.164897774226778,2.51107912943495,-4.15582847844538,-13.3141485517412,3.10764591961979,964.605110314298,0,0
4.89,-6.03484544485529,-4.59999990463257,-0.269548698238129,8.87960365916695,12.9287950489103,-3.55094339593157,4.88700491537531,-4.57480402164642,-15.0024088307227,-2.46859467937563,942.306837078892,0,0
4.9,-6.96338283198662,-4.59999990463257,-0.223160920930687,8.05760563979681,10.6066855282422,-6.41630850555907,2.71467980117859,3.69962607262175,-12.7960757056328,-1.93901177306022,916.495135272391,0,0
4.91,-6.00111387182966,-4.59999990463257,-0.210981449779746,8.04547949814706,10.0589913592433,-5.99700886295619,0.306211646483869,7.88479766428676,-10.1854314250156,-1.58667017625159,894.021337804518,0,0
4.92,-6.91297094556568,-4.59999990463257,-0.229391628172472,8.28939218610827,10.9014829711967,-6.86093799379248,-0.877107552496106,9.92335553162147,-9.43839863427277,-1.41047464371883,868.278876014239,0,0
4.93,-1.84476035122945,-4.59999990463257,-0.044908301598144,11.0304975646256,2.08094618961986,-1.81219872587189,-0.347984607373547,11.2207985278983,0.309667504945105,-1.35674328425768,861.094304259858,0,0
4.94,-7.51255483667857,-4.59999990463257,-0.267539840471651,9.32112010046592,12.8118789761684,-7.47371488968807,-0.808482212542155,11.055869593916,-11.3488003925357,-1.42744128335192,833.579652668193,0,0
4.95,-5.20581507725135,-4.59999990463257,-0.161071208459958,9.23537587303933,7.64876873847175,-5.16306358901599,0.685002867519182,8.41733179954287,-8.5407468120384,-1.67176894998689,814.130567179599,0,0
4.96,-2.05850442176151,-4.59999990463257,-0.0314542481108921,7.1713618679262,1.40979425591379,-1.84366318451907,0.916152763563433,5.86215836340497,-4.36475087572184,-2.01669779391294,806.194262998779,0,0
4.97,-2.75838673745142,-4.59999990463257,-0.0761752190669707,11.8668975767135,3.6146369946097,-1.74988587997586,2.13363526977056,5.04522634078546,-11.3328967995502,-2.42708070442037,796.164361546642,0,0
4.98,-3.86032992047721,-4.59999990463257,-0.12096222333577,11.8653393987063,5.73949857803002,-0.707639435567933,3.79684413475653,-3.06840341546593,-12.8184641612659,-2.92600661688028,781.996000000305,0,0
4.99,-6.58611553870696,-4.59999990463257,-0.25269155059492,7.10549511099474,12.1647797356573,2.94029411458899,5.89876609373966,-14.010960861678,-1.47068097218773,2.71752696207371,757.542042582308,0,0
5,-6.19218399575145,-4.59999990463257,-0.201235997069255,8.10989741727895,9.63093674346661,5.8550917388157,-2.02522573897554,-4.89547905157836,11.5999854970168,1.27027338414974,734.554715745064,0,0
5.01,-6.83759184635459,-4.59999990463257,-0.218229548722421,6.63100383640534,10.4565683251763,1.67483765027577,-6.63288815211662,8.22386120126037,9.2562486980367,0.279240260325298,709.159640182236,0,0
5.02,-2.31721504995728,-4.59999990463257,-0.0890598156885799,10.0135190810345,4.30066909172292,-1.78340637229053,-1.48218721819901,10.3234194812938,3.49189479165461,-0.838963054418973,700.358660577696,0,0
5.03,-2.22110608526971,-4.59999990463257,-0.0371326327107709,7.70937276807227,1.72002199425493,-1.98588174032077,0.995472143203776,6.2037670376865,-4.8893945105636,-2.01874659897487,692.090197054044,0,0
5.04,-5.96539834850674,-4.59999990463257,-0.186465451932087,7.12473783766763,8.96808732565619,1.17937963855918,5.85062479477903,-10.03132799519,-5.52819484000027,2.97392423264075,670.048065136959,0,0
5.05,-7.30390917612166,-4.59999990463257,-0.218814296562341,2.85084137399955,10.5068834244895,7.27160133130471,-0.720265942539143,-2.12200388403823,10.6779677538213,1.5020160334177,642.538639065864,0,0
5.06,-7.60220164414567,-4.59999990463257,-0.202566803755508,4.06594822682985,9.73127699497149,-1.51788162570773,-7.45188154217267,10.288948240953,2.3167285190787,-0.174302616228818,614.408689983435,0,0
5.07,-1.83110915414026,-4.59999990463257,-0.0222124706167434,7.71244600735508,0.979207884334775,-1.66956090149876,0.752343355399506,6.67798355024353,-3.9806038737593,-1.98203860952402,607.120754038916,0,0
5.08,-2.26836920873337,-4.59999990463257,-0.084147211314041,7.9764691965117,4.08463663871181,1.5315836837433,1.67535997325736,-8.2748336353345,-3.44026824837013,2.4380762009888,598.839950798152,0,0
5.09,-5.09778608104971,-4.59999990463257,-0.129910448089539,5.04795797558823,6.21123858145,2.21700091812246,-4.59229861634793,3.2132031440641,7.33053135822871,0.475242949857767,579.815759901441,0,0
5.1,-6.70870389533939,-4.59999990463257,-0.174321827577619,2.59426387870827,8.37713875827446,-6.67444597558562,0.699190227263513,1.93022546219509,-8.5545828953169,-1.64919334887638,554.698578634439,0,0
5.11,-3.17286506262996,-4.59999990463257,-0.0580338547436221,4.25315753528807,2.74406553778935,2.24923853853951,2.23860819052886,-4.93016961733268,-1.14571909296766,2.372114437049,542.639810009824,0,0
5.12,-2.34350904529793,-4.59999990463257,-0.020768183990003,7.38627909808458,0.92904152946534,0.0608997401960357,-2.34280967739667,0.67111593667106,7.41416485369854,0.0348502366616155,534.027248535371,0,0
5.13,-1.83191866438615,-4.59999990463257,-0.0468468543844188,6.85769891145496,2.26011009172626,-1.25872578437237,1.33181455933182,3.2339590157813,-6.4558222614273,-2.35883373552759,527.249964025241,0,0
5.14,-5.01830073316317,-4.59999990463257,-0.109136300370984,3.97726259952094,5.22573870358813,4.9596427354454,-0.772785168897757,-3.25014569008144,5.70644510855682,1.4379687866853,508.58851205555,0,0
5.15,-3.05891672265934,-4.59999990463257,-0.047069939071363,7.90881775949173,2.19657174762012,-2.82168162665667,-1.18207440253027,8.12650674082795,1.15508180947182,-1.1586954943104,497.300413325084,0,0
5.16,-6.38827881122072,-4.59999990463257,-0.112591155780853,3.6271928137148,5.35926356768484,4.39403476555733,4.6384524808739,-6.40274299412902,0.939742436474013,2.40087055646094,473.683882386696,0,0
5.17,-5.76287918108338,-4.59999990463257,-0.087496101686606,4.15758975881928,4.15573047776067,-2.78318896518081,-5.04700814420488,5.62130773729123,1.71946146484812,-0.488776713422097,452.340365368153,0,0
5.18,-3.90468913019393,-4.59999990463257,-0.0326441989065411,2.24864537698571,1.48371397366206,3.30944576712127,2.07249404381774,-2.69371327180358,0.0414969443273985,2.13864401046679,437.578967246531,0,0
5.19,-2.43445857634388,-4.59999990463257,-0.0435738306777681,5.6877774685662,2.07525724047664,-2.03349729656128,-1.33916988598615,5.86570979224363,1.50031789273384,-0.970533645254768,428.486118793524,0,0
5.2,-4.40201094161573,-4.59999990463257,-0.0678532051464366,4.41571704080566,3.21596387761409,3.8094678024156,2.20686643227724,-5.44107573557915,0.485464196694159,2.11127728622849,412.140111090849,0,0
5.21,-5.325310217933,-4.59999990463257,-0.0613939764399658,0.480786789629247,2.89314991225376,-5.02776430208808,-1.75621304522359,1.43751548917202,-2.55636882515932,-1.22321439410509,392.400006012244,0,0
5.22,-6.1169496208075,-4.59999990463257,-0.0856729733705417,0.712762551549214,4.07616061620127,6.11670416346056,-0.101699058832274,-0.702080583386256,4.07801406059289,1.5681763284564,369.209317239895,0,0
5.23,-5.07314617792242,-4.59999990463257,-0.0547833046522741,3.22272040772473,2.58921921468857,-4.41057998225546,2.50730883083136,1.56347687210608,-3.82694696049832,-2.07691555485076,350.60973095788,0,0
5.24,-4.39558468059823,-4.59999990463257,-0.0211718496344909,2.0448393813049,0.915528660491906,1.82125621274581,-4.00057980036164,-0.0247890268712967,2.2403004994117,0.432026219519013,333.937086602379,0,0
5.25,-3.37753310806253,-4.59999990463257,-0.0194269872584742,3.89256995995855,0.870118356663035,1.03976884143534,3.21356314085669,-2.00637059997941,-3.44727194507656,2.83441878121978,321.474822966541,0,0
5.26,-3.82472590353,-4.59999990463257,-0.0575200775504844,1.30225602763876,2.77717975206089,-3.50613160451208,-1.52933906256798,2.33417954042807,-1.99002613295038,-1.14444819761552,307.31214943333,0,0
5.27,-7.09961994360697,-4.59999990463257,-0.0939285112410433,-1.55328950867831,4.53023000927295,5.96297702611302,-3.85439111857295,3.72424096822185,3.01093365010012,1.0101944655223,280.695617867653,0,0
5.28,-2.25274319026142,-4.59999990463257,0.0153614656692556,3.75316572847339,-0.835805432040735,0.226094556642341,2.24142122488242,0.428865489355262,-3.82111215455083,3.03424273173624,271.920647915163,0,0
5.29,-3.62257520495141,-4.59999990463257,-0.0453876121189021,-0.355241016742109,2.17618390568961,-3.5073239811734,-0.90762858149609,0.228776586592458,-2.19308774215387,-1.30504203466108,258.238878209277,0,0
5.3,-2.32914174641081,-4.59999990463257,0.00850832983201022,2.67328057950209,-0.489314663920419,1.23772088856567,-1.97307391360748,-1.82776200916642,2.01125431880668,0.556602792634917,249.548153369106,0,0
5.31,-7.26920024673913,-4.59999990463257,-0.0480983673508129,-1.97424107045957,2.25577516127155,5.49662198540443,4.75717693907876,-0.00325326667942494,2.99768890960269,2.29082149598389,222.678507078355,0,0
5.32,-2.69264282811826,-4.59999990463257,-0.00515124044157439,2.84797429931685,0.202997808152064,-1.8186793028907,1.98563781398618,1.77817089393614,-2.23389211727921,-2.39813986108942,212.502262328405,0,0
5.33,-6.4093562401964,-4.45519399642944,-0.0117218484478814,-1.12643046347552,0.48360984024492,-5.14004098920449,-3.82883317014117,-0.612509305622026,-1.06186459454763,-0.928736271359149,188.652655871762,0,0
5.34,-1.40238374809876,-4.27129697799683,-0.011052937918523,1.11992219903172,0.526972299045108,0.575046280121962,-1.27911067546404,0.0116723241076491,1.23765475504878,0.430375372707537,182.755018143907,0,0
5.35,-4.5605124955974,-3.86604166030884,-0.0261195391454447,-3.46116499773737,1.23377224927154,4.52364670271608,0.579290049829173,3.26683426473579,1.68215664888352,1.70388859191919,164.542559993904,0,0
5.36,-3.59795884904945,-3.53432679176331,-0.0178326742892724,0.196714014322206,0.845472707214447,1.01663558608133,3.45138783228409,-0.866841260995205,0.0458991319256227,2.86009180713892,150.949362623695,0,0
5.37,-5.88129540135986,-2.99825930595398,-0.0459963395274383,-0.383563922597391,2.23181957041403,-3.91929707565241,4.38530063896297,-1.91021841987705,-1.21622591074347,-2.40442900404256,127.878143042338,0,0
5.38,-4.97001678785271,-2.53749656677246,-0.0196788697454511,-1.60974471308712,0.937166647202704,-4.96779448134538,-0.149907039750083,-1.57683180569153,-0.991544664904563,-1.53667021061377,108.723857260124,0,0
5.39,-0.327821082157061,-2.45917367935181,-0.0307624498869524,3.14662390105875,1.52988950238669,-0.245179961238548,-0.219772102043771,3.25974019137079,1.27117966825666,-0.746424908367791,107.267632932144,0,0
5.4,-0.938392246680515,-2.38197350502014,0.0157118720203206,-0.665018735500115,-0.795769302469768,0.0409094872252132,-0.937631742960666,-0.777621203400706,-0.686151561494274,0.0268611705095223,103.713334155137,0,0
5.41,-2.47637087055439,-2.14968681335449,-3.32609717257348e-06,-2.55201879621416,-0.0265373677158106,1.68574228469539,-1.81402470714468,1.7178011920641,-1.88750184971004,0.748761348207388,93.3772802000623,0,0
5.42,-2.21122708225581,-1.94847142696381,0.0499082380386665,-0.348664208620683,-2.51633034959193,2.18824576518565,-0.321864121443765,-0.0785438594271944,-2.53915655696863,1.40218921637047,85.1151892460449,0,0
5.43,-1.84460159849496,-1.77734458446503,0.0245095056055003,0.0262424652891087,-1.24035202131521,1.66700875499821,0.790087073552342,0.492426261722954,-1.13871777914053,2.00010528972292,77.9998042321133,0,0
5.44,-1.43193204756219,-1.62635731697083,-0.00238176861965395,-2.85806349874914,0.104003092534803,0.802210310545041,1.18612549054163,1.51098218761229,2.42822495557091,2.54859430074777,71.8232993238179,0,0
5.45,-3.4489689825339,-1.33564627170563,-0.00769050620636769,0.328942750250265,0.362892107169397,0.400716469114919,3.42562001654397,-0.398016933510588,-0.285440948405938,3.02737532409974,59.0322673121546,0,0
5.46,0.10829347070237,-1.30918622016907,-0.0170654397966294,-1.46125099186307,0.851152664193131,0.0500962105665402,-0.0975144846629995,-1.26566905183058,1.12151556842612,-2.82332048707861,59.1266802799472,0,0
5.47,-2.71143828368578,-1.07914996147156,0.0338256675395192,-1.77320297846809,-1.7062535371207,-1.79898586713495,2.02896318149691,0.13095590395464,2.45731570763799,-2.42867535951447,48.4097558071829,0,0
5.48,1.63667110905564,-1.19765162467957,0.0250953717275871,2.44640024321146,-1.25383201204761,1.4405892924387,-0.777190187412673,2.74894798718519,-0.0159319857806395,-2.05020625534029,55.0240318879988,0,0
5.49,-3.26719754770625,-0.947857737541199,-0.0358025487323602,-0.120840192951264,1.77403488249077,-3.23904837068463,0.42944998614361,-0.333844654477457,-1.74652508232873,-1.69165501063975,42.7798020279595,0,0
5.5,-2.12690755708957,-0.751786530017853,0.0252702596716262,1.36797669224413,-1.27482559258479,-2.09432688617265,-0.371711227006877,1.14181914113178,1.48080706743905,-1.40702136220132,35.0393629366443,0,0
