t,iq,iq_ref,id,vq,vd,ia,ib,va,vb,theta_e,omega,r,"T_ass:0.17,S_pct:-0.24,kp:0.3682,ki:0.0007"
0,0,0,0,0,0,0,0,0,0,0,0,0,0
0.01,-0.0496593245060771,0.0402290858328342,-0.0188594332803317,0.894403647470711,0.943887622061053,0.047040597239912,-0.0246760804295888,-0.774811536552352,1.04429345038373,1.45063806895122,-1.10107804804685,0,0
0.02,-1.27634027197526,1.63762557506561,-0.0282117154430389,-1.20208722885236,1.41438354146729,1.20623820401572,-0.41812651904305,1.57780036441266,0.977773244777524,1.25922083846536,-45.3948228108583,0,0
0.03,1.83768858728199,-0.542662143707275,-0.011341340956713,3.38248489407369,0.56897764265364,-1.70742212002195,0.67965996932358,-2.92118603128988,1.79766843079397,1.18579025513654,18.3798755733948,0,0
0.04,-0.412576363902065,-0.145543038845062,-0.0249870347739145,-2.54838382928477,1.25052504077923,0.384767934489109,-0.150987564211184,2.80980822804951,0.403795419193003,1.25733790741585,2.72440759994297,0,0
0.05,1.13942748650089,-1.50955712795258,0.00475443846555461,0.451023198369507,-0.235921969268932,-1.12887789430227,0.154765310824287,-0.478163943970005,-0.174471612986872,1.43872174089848,41.745867532408,0,0
0.06,-1.70877867638648,0.459957629442215,0.0292568083515164,-0.563261055653074,-1.46299915919491,0.123168295657186,-1.7045850218317,-1.42981554257025,-0.642850737609406,0.0550118948053788,-15.8120371614635,0,0
0.07,-0.959301978742244,1.85240828990936,-0.0562851545200786,-1.61480637749989,2.81890318441384,0.892533301068546,-0.356107584195872,2.4217857332714,2.16535647458701,1.24977091865548,-50.2538992233415,0,0
0.08,0.507064843614503,1.3295990228653,0.00395597945523132,-0.873498439661947,-0.198447644583452,-0.410449434115513,0.297761091208213,0.595748693188949,-0.668927863297856,0.950993924512378,-33.3804010358651,0,0
0.09,-0.118990057177007,1.47188806533813,0.0261471224177548,-1.30638310009638,-1.30798068914382,0.0955424414033239,-0.0755906582085965,-0.186124406918223,-1.83924114583703,0.685156273213885,-38.4921716500096,0,0
0.1,0.616453986728538,0.667157053947449,0.0309812981591791,-0.265062306972671,-1.55065903513784,-0.267029439295351,0.556480581097622,-1.23607672467405,-0.973095987326728,0.497616344192025,-15.8403531596665,0,0
0.11,1.28876960382127,-1.16675519943237,-0.036051075900023,2.32386412124224,1.80558657321886,-0.744748706671092,1.0524144315425,0.213648941737465,2.93510501636307,0.587880637041468,33.3732257393482,0,0
0.12,-0.129532563544547,-1.07856285572052,-0.0115951480224458,-1.65145155490228,0.579883108139358,0.0857317065841035,-0.0977916507799191,1.59527487430214,-0.720176875992834,0.809056467115141,27.6158957473385,0,0
0.13,-1.6607559308169,1.05663239955902,-0.0117165637130476,-0.780853635132395,0.588654502875281,1.14505671424834,-1.20295164523081,0.965847129121817,-0.152924315993122,0.767800961819083,-31.260761890935,0,0
0.14,1.55600789332162,-0.80398565530777,-0.0343321381372492,2.75039681527874,1.71940436697011,-1.10355509515609,1.09749961810622,-0.667859512809181,3.17411368570844,0.766088662343382,24.5885767100031,0,0
0.15,0.762428794018264,-1.92564129829407,0.00208746909260107,-0.403308412040631,-0.103184651682614,-0.664310490577442,0.374157180318801,0.301554503779482,-0.287001095496006,1.06059317509512,51.6660590584617,0,0
0.16,-1.3308477565828,-0.346393018960953,-0.00708081169436178,-0.577309154133085,0.3539519504408,1.26131831082719,-0.424596288099376,0.659249946183561,0.154781623985784,1.25140311165452,5.93268240472362,0,0
0.17,0.712205643008119,-1.13553190231323,0.0404114588953935,1.56324596042233,-2.02161775660582,-0.694621448899017,0.162391522783955,-1.88787276814188,-1.72238575757842,1.39781734696019,31.1294874870851,0,0
0.18,-1.6813769390284,0.903072893619537,-0.00739490107017443,-3.02777341447764,0.371869262943867,1.65163734613978,-0.314924074174531,3.04469954476471,-0.188423141491519,1.38678216969083,-27.3517183419799,0,0
0.19,-0.067705715972829,1.20441794395447,-0.025701750380282,-2.19406666937143,1.28637055675222,0.052223611177449,-0.0501730842543125,2.52264621228245,0.323934941898321,1.16822677385228,-31.4854724891146,0,0
0.2,-0.509307124465678,1.84702718257904,0.00969080787396666,0.566370058316022,-0.483639111198245,0.39358888724014,-0.32338127130342,-0.74476965020182,3.12374867796339e-05,0.863984472188393,-49.0692389152959,0,0
0.21,1.70686790380931,-0.273034244775772,-0.0143848913982004,0.404905312454646,0.720493132903732,-1.17652660519954,1.23668513107119,0.249565317918871,0.787893278755113,0.752047049364093,11.0532402580612,0,0
0.22,-0.037426397507414,-0.372068107128143,-0.0231872973865454,-1.13221147300566,1.16030370356367,0.0118849984531185,-0.042392603154848,1.61873581342241,0.0888924656701195,0.828004530513434,9.50533802249999,0,0
0.23,-0.589567369063887,0.378730565309525,-0.014458341446148,0.914718545762559,0.723951181226528,0.41753145539122,-0.416492749109966,-0.164698115414308,1.15485490930256,0.811162309299762,-11.1712598463988,0,0
0.24,0.678002283241015,-0.450457394123077,-0.00342444088937861,0.527000149704992,0.171615937822477,-0.502867197602524,0.454778412472292,-0.273321708990763,0.482158097824916,0.830520919073531,13.2630427014743,0,0
0.25,-0.819113399928924,0.505369007587433,0.0309066457915047,0.723905449637509,-1.54611213284487,0.615090919918963,-0.541816521463167,-1.58977554522586,-0.622186100091304,0.810936177962262,-14.9880500586281,0,0
0.26,0.886635833939285,-0.635165750980377,-0.011047949016045,3.50995199019536,0.553364666657637,-0.667587757116558,0.583585251484953,-2.24424700057939,2.75487401312146,0.839976675220078,18.6334432791584,0,0
0.27,0.961552256202944,-1.95952832698822,0.00657841088937208,0.746249838055142,-0.327453084697534,-0.863205359718578,0.423677381803561,-0.814406002172297,0.029278099340489,1.12136199488279,53.0203363347638,0,0
0.28,-0.858285545357907,-1.00455749034882,-0.0272004733428897,0.53649178234003,1.36028096476107,0.839636030434034,-0.180014664728667,-0.284985134670661,1.43421449184786,1.39127851836608,24.1207170196384,0,0
0.29,0.30564678615713,-1.28320491313934,0.0120945545022812,-0.692384191251264,-0.604899652546833,-0.0347674287994432,0.303903705195357,-0.491956313094838,-0.776710012779596,0.153457292102873,33.9507019326591,0,0
0.3,-0.845668280388572,-0.272421479225159,0.0250501360574269,0.56235416704654,-1.25391600554456,0.260323930131921,-0.804993044176489,-1.36109834548949,0.189628194267631,0.283158859555011,5.15942052921949,0,0
0.31,0.179189251409338,-0.400202393531799,-0.0103827567028522,-0.719499849468799,0.519694145569418,-0.0702176690394207,0.165184952135659,0.731934538992822,-0.502029749072818,0.344064511659169,10.7565525427075,0,0
0.32,-0.751667268361836,0.567124128341675,-0.0406244367647449,-1.51051051416249,2.03343477313631,0.190601855036267,-0.728234138204006,2.39728818044197,-0.818234911201262,0.309982530275614,-16.5093217823068,0,0
0.33,1.35961903812557,-1.08692955970764,-0.0134610073582942,2.52278678216367,0.675504597686666,-0.524009386711872,1.25465504828636,-0.323291692367208,2.59157135564543,0.385730283816181,31.3785439616763,0,0
0.34,-1.82478728942328,1.06273770332336,0.00152944155043791,-2.67399333989907,-0.0743759818680385,0.641887963617204,-1.70816592665806,0.868861898869989,-2.52999034962496,0.358612782586195,-31.8018445984675,0,0
0.35,0.887346851580357,0.174907922744751,-0.028685185969075,-0.972075902304455,1.43541591519646,-0.242217796440878,0.854129857803237,1.62774615679185,-0.596483745369208,0.244013636824908,-2.52201232438337,0,0
0.36,0.860928169519108,-1.02009391784668,0.00516713423385978,1.24895413114983,-0.257437242957574,-0.294643357731952,0.808955687347677,-0.675827670170163,1.08139600332635,0.35529414883785,28.468808392009,0,0
0.37,0.359847006991859,-1.53201925754547,0.0114980572432695,-1.14322854860986,-0.574480354170478,-0.198153596772622,0.300594786793519,0.190072527382059,-1.26525555759263,0.614760812711802,40.5273688706708,0,0
0.38,0.113135721286943,-1.76871025562286,0.0124800001325643,2.25783481070984,-0.623792949200473,-0.0836745186501231,0.077162275517871,-2.18768467963467,0.837240358808094,0.935731617253008,46.2585136592504,0,0
0.39,-1.22142580070589,-0.0657263994216919,0.0450826795733451,-2.96515192782203,-2.25609808286389,1.09662866333729,-0.539739760787181,1.54001366360031,-3.39270724208458,1.07653035131011,-1.36441001021025,0,0
0.4,1.04987804206786,-1.32369923591614,-0.00172920949695832,-0.978773018693246,0.0885768845171421,-0.987876290629291,0.355453692897167,0.950548530146011,-0.249599636277601,1.22375659151132,36.8071989397303,0,0
0.41,0.343604842625693,-1.88207292556763,-0.00625293340042266,-1.53379828604479,0.314301262649951,-0.343657933001804,0.00161621065004741,1.5405927126494,0.279099551609943,1.5478973703267,49.6240105985323,0,0
0.42,-1.79530533223405,0.826041758060455,0.00628101079597965,-2.83294814583387,-0.312699140145115,1.79458429956496,0.0512628403386321,2.83989381397454,-0.24161762059137,1.59585530089246,-26.159657194668,0,0
0.43,0.659720025491257,0.0510423332452774,0.0251682387346689,0.165907095666707,-1.25944907289223,-0.657195601959393,0.0629117877700261,-0.237768555091552,-1.24787949971596,1.51349087942718,0.36994268585623,0,0
0.44,-0.411171367724579,0.601565957069397,-0.0121424029676885,-0.363428541871894,0.607839606022592,0.406385743946488,-0.0637178052304835,0.436934191107496,0.557348907182986,1.44479376030145,-16.6755042064637,0,0
0.45,1.36331340150988,-1.32218647003174,-0.00490075319567618,0.424996149271679,0.247965934217172,-1.36310771538409,0.024182728933512,-0.419609799619119,0.256975577616926,1.54946258720447,37.7919160587565,0,0
0.46,-0.614118017623184,-0.577231526374817,0.0105391721697554,1.64425306297401,-0.527479884577074,0.605153709788347,0.105076168796037,-1.5432932908368,-0.774628286464538,1.72555794379529,13.425276145936,0,0
0.47,-0.487567880519009,0.328871876001358,0.0360696240304279,-2.17813197319196,-1.80490047188386,0.476360407646024,0.110019170687697,2.42795553187133,-1.45153592490957,1.72393008505217,-9.93562356204943,0,0
0.48,1.28791887935805,-1.63720095157623,0.00642365173204229,2.09420290470882,-0.318920636262589,-1.22677134835412,-0.392184091933729,-1.89291743784458,-0.95092573412907,1.88520381656438,45.8964504100789,0,0
0.49,-1.5662567726695,0.600375056266785,0.0314228041524173,-0.768549944932279,-1.57110391798309,1.44347072483673,0.608719916787038,1.29532562737508,-1.1752310658005,1.94981374947594,-19.693834333133,0,0
0.5,0.328684857406095,0.329970508813858,0.000270935753458657,-1.98573611599079,-0.0135831532578746,-0.315636694709397,-0.0916912528389389,1.91024821885436,0.542479646407463,1.85433567510505,-7.81364002875192,0,0
0.51,3.56535854465849,4.59999990463257,-0.0218813732167877,4.28264866624374,1.10484428872397,-3.14909746455696,-1.6719585835732,-4.30692884850852,-1.00604393278345,2.05274558842217,73.1917220867314,505.833026910521,0
0.52,2.5347773811242,4.59999990463257,0.0208635321773265,2.01225586297565,-1.03156918208521,-0.809348394121216,-2.40218376394629,0.353482964609156,-2.23346332614596,2.82484657232316,136.230106185601,505.833026910521,0
0.53,5.1344515048098,4.59999990463257,0.0502395635710511,8.62981908251717,-2.45955619384763,4.59244605105368,-2.29664005389456,8.8343922618209,-1.57375583619275,-2.02473209479189,254.78331629244,505.833026910521,0
0.54,5.63511298345901,4.59999990463257,0.0286732231164599,8.04824667654933,-1.34943174081682,-1.88693304083167,5.30987798254253,-4.00271128190139,7.11150778551571,0.346532616648355,394.054626003514,505.833026910521,0
0.55,1.68479680324558,1.97949409484863,0.0674058587030225,4.08946338876284,-3.34852368408652,0.536056337244742,-1.59866426159896,4.5837771227267,-2.63159817603056,-2.77807255570938,458.913493928299,505.833026910521,0
0.56,1.27995293660651,0.0501331649720669,0.00153497370198419,4.1143817793263,-0.057050845907843,-0.909309076479207,0.900799022814981,-2.9665255097033,2.85151163864899,0.791298776806497,507.884074630208,505.833026910521,0
0.57,0.787231032284711,-1.18235647678375,0.0187028292259034,4.02672909659189,-0.926499934830007,0.784089767435872,-0.0727030303045516,4.08083423687688,0.647874430513485,-1.63950153010597,538.599595151788,505.833026910521,0
0.58,-1.27224131148915,0.380025058984756,0.02184712354852,3.61968043517731,-1.12577931144193,1.07383233650571,0.682612162608946,-2.50008412538754,-2.84939377357032,2.11986729320369,492.691226647922,505.833026910521,0
0.59,0.0817691735962087,0.437162548303604,0.00781148067925772,1.47657621025569,-0.39208241881824,0.0490266644321218,0.0659060175983154,0.429229664962058,1.46620865587268,-0.54433578851333,494.671478431736,505.833026910521,0
0.6,-0.220197971676833,0.682275176048279,-0.018538578403416,4.33103199950674,0.927442769318007,0.0381108929804034,0.217665765466339,-1.31016233535747,-4.23101204514029,3.05225301190108,487.685385838454,505.833026910521,0
0.61,-0.519625232850249,1.38332378864288,-0.0259838533898981,2.95515659810773,1.29599448130097,0.109853630731899,-0.508544710980935,0.484078358568392,3.19033232715151,0.262710131151754,468.705655291857,505.833026910521,0
0.62,-0.390644339347778,1.99967086315155,0.0216930317132685,0.973794389733904,-1.08798495706873,-0.202661589074142,0.33466680116695,1.41791853341191,-0.348559626021283,-2.65256771644186,453.006056542867,505.833026910521,0
0.63,0.158187765181422,1.84132778644562,-0.0151444996038001,1.76561033181988,0.764042016875488,-0.112479776692277,0.112254286139095,-0.536376808725084,1.84754971961302,0.690954940317716,458.412976054211,505.833026910521,0
0.64,1.64847511716955,-0.493177652359009,0.0451449076707506,6.02688286249354,-2.22161949763631,1.50660368074275,-0.670562169965004,6.41862059540109,-0.245397397681972,-1.96217390080722,522.509479855513,505.833026910521,0
0.65,0.870089175163966,-1.88488793373108,0.0418885034401777,4.61149873670719,-2.07264165378608,-0.803832854562529,-0.335652441349418,-3.2753595039513,-3.85146519438213,2.01445824823562,556.778162703127,505.833026910521,0
0.66,-0.351774507025217,-1.50820505619049,0.00957133861029379,3.38927419518566,-0.481577953505713,-0.0746163635505594,-0.34390305698862,0.340792588698545,3.40631139312634,-0.240859592394771,544.148828344779,505.833026910521,0
0.67,-0.177975018344646,-1.19753527641296,-0.0211693531667406,1.83336630605175,1.06128951797961,-0.0786807240300928,0.161035997014257,0.101911778284945,-2.11593512248983,-2.56872449772619,536.406472460395,505.833026910521,0
0.68,-0.101023722308546,-1.01925349235535,0.0389761150928418,2.20045655108475,-1.94679921524479,0.107200189925277,0.0152659522070894,-2.58180799997658,-1.4022495031008,1.34403584779785,532.001735391735,505.833026910521,0
0.69,-0.903529254728457,0.253305733203888,-0.0270999409316911,1.35401007495572,1.34359154474785,-0.848566778789893,-0.311502717296023,1.75712950770378,-0.742345886602866,-1.18899155158142,497.030764440315,505.833026910521,0
0.7,-0.618774884195264,1.24713265895844,-0.00919668243654465,0.357969184514198,0.453139555829713,0.448506694842282,0.426390291822355,-0.572808743908382,0.0732634767221063,2.34578264063679,471.943262969236,505.833026910521,0
0.71,0.606506445030084,0.453416138887405,0.0311499906672862,4.05880548748867,-1.5425999392231,0.252498316510184,0.55232688685336,0.0619625097181049,4.34162149491969,-0.3774724360054,495.548322461874,505.833026910521,0
0.72,-0.361511340186264,0.940840482711792,0.029415470139754,0.631287534519151,-1.47622424075736,-0.0472156440858265,0.35961980190247,1.50557248409085,-0.557685803465915,-3.09223530620543,480.527386111765,505.833026910521,0
0.73,-0.0958977222047092,1.06862223148346,-0.00858887411320624,3.84016776962128,0.429391933702087,0.0311808324576234,-0.0910927964760864,-1.17055895937295,3.68253413483137,0.419120981096556,477.937931040052,505.833026910521,0
0.74,-0.0111478631005035,1.11085438728333,0.0149876125684896,2.06479613648839,-0.750643134674908,-0.0185028108564289,-0.00255917420703041,1.98290930631978,-0.946001524207198,-2.36462734534902,477.015034594394,505.833026910521,0
0.75,1.06541561339285,-0.400508731603622,0.0361848612633602,4.76926641144438,-1.78956985648158,-1.01875888486645,0.313926914984335,-5.0714707945659,-0.478169796645688,1.30583269168289,518.734033052662,505.833026910521,0
0.76,0.431314454867682,-1.11696887016296,0.0239069806367522,3.75197824082005,-1.18751756554363,0.395646576864678,0.173399795029391,2.81166756491309,2.75355482830421,-1.10236872781419,535.805913243813,505.833026910521,0
0.77,0.137191714496655,-1.33753895759583,0.00809455106643305,2.73021154143909,-0.401280088734278,-0.0475999677616851,-0.128923742392879,-0.409157947233303,-2.72904205626033,2.84684098658285,540.833740270769,505.833026910521,0
0.78,-1.10155291064211,0.18993566930294,-0.00539283054276374,1.24139947086974,0.248447104225351,0.372584529001212,-1.03664297919501,-0.192204625332068,1.25134167671127,0.349932790902751,498.379834269893,505.833026910521,0
0.79,-0.23565436791666,0.622133255004883,0.0047031094092894,2.75690911985734,-0.240244122008088,-0.17584792944112,0.156947781340124,2.18330455933835,-1.70042533928555,-2.31941839717231,489.149130627151,505.833026910521,0
0.8,0.725417163736926,-0.351011097431183,-0.0121884975549371,2.79685316070642,0.624348013388002,-0.714642509960651,0.125158714734187,-2.62840608800603,1.14178784408833,1.38061947605601,516.584457670394,505.833026910521,0
0.81,0.0953856336120437,-0.548131287097931,-0.0195919538519355,2.84296667501132,0.981802589071998,0.0761074292075369,0.0607447361894608,2.97891824386449,0.415261285824647,-1.0997675965096,520.261933475369,505.833026910521,0
0.82,-1.09318020529291,0.990907847881317,-0.0187596107758805,0.223336966612959,0.916086319342212,0.637743345341791,0.888075621618433,-0.880297920756134,0.337889206477901,2.53596887922691,477.573456650144,505.833026910521,0
0.83,0.432102573522264,0.454239666461945,-0.00295844900216832,4.52644643081222,0.153848748060583,0.0721194371053736,0.426051843390762,0.937511421931293,4.43096592878357,-0.17453085071507,495.117795373182,505.833026910521,0
0.84,-0.371592715418607,0.922180116176605,0.04075965618321,2.75864940307192,-2.05108370346715,-0.133175743047192,0.349294599426009,2.68062469495847,-2.15205532746637,-2.88658817752244,481.081148091955,505.833026910521,0
0.85,0.47245597568161,0.322045803070068,-0.0265860000607144,2.35016413396274,1.33489285583418,-0.328879890115433,0.340234451862463,-0.525465256209102,2.65124436022768,0.712217626360325,498.556751260681,505.833026910521,0
0.86,1.25901688713859,-1.43945252895355,0.0244008140830762,3.44808013265519,-1.19857705650599,1.24136006178102,-0.21152805686974,3.58807295256657,0.671994083794073,-1.72019703832683,546.137950589402,505.833026910521,0
0.87,-1.70391209256076,0.745467245578766,0.000529794531342609,1.44065927499966,-0.0646486810076937,1.53038455152952,0.749159411805528,-1.26573235425226,-0.691086250765865,2.02571684673239,482.464657503264,505.833026910521,0
0.88,-0.433212296833238,1.49923539161682,0.023551227198708,2.69452305980034,-1.19273371638403,-0.291048080210615,-0.321743017695505,1.0736311728311,2.74415457704561,-0.789660324105375,465.9138046904,505.833026910521,0
0.89,1.00243434066012,0.160657063126564,-0.0262386529710147,4.334043744089,1.32658095599369,-0.32843889722794,-0.94746554820327,-2.76779881348414,-3.58929546520734,2.78173642975028,504.248151045265,505.833026910521,0
0.9,-0.49174248131076,0.739936769008636,-0.0175455222092629,1.40718261866713,0.861349666119154,0.0405768378380654,-0.49037947908362,0.689363344632053,1.49895441847981,0.11822288938137,485.353622179852,505.833026910521,0
0.91,0.624428564598333,-0.0796203315258026,-0.0216192049514869,4.3715147179071,1.0873275924074,0.387265911657355,-0.490309632760021,1.71315144719005,-4.1662374321538,-2.50768648070494,509.535239533927,505.833026910521,0
0.92,-0.677257300304755,0.766388654708862,-0.00896904290076833,1.55647959490899,0.428522676086397,0.606686009399051,-0.301147771942771,-1.21778167078042,1.05984348636935,1.12329003524707,484.14527771365,505.833026910521,0
0.93,1.50011315984235,-1.1279011964798,0.0211852260194972,3.27430399397132,-1.03532100818563,1.47870381032164,0.253423257563242,3.02984198558612,1.61648191369611,-1.38694178815894,538.995179327725,505.833026910521,0
0.94,-0.923013916863076,-0.0537648648023605,-0.00445728154101609,1.63779469112959,0.19669445583038,0.609728854673813,0.69296845661243,-1.22423489919747,-1.1055808748498,2.42483463682311,504.770115032083,505.833026910521,0
0.95,0.329766573093265,-0.383974015712738,0.0153437530519865,2.5389779425756,-0.768577163073604,0.0513981553806935,0.32609761285673,-0.485639748803867,2.60792520653208,-0.1098341714175,516.619921775305,505.833026910521,0
0.96,0.629009826967517,-1.25380575656891,-0.00155631977632931,2.38592490880884,0.0836004425581652,-0.459819615795865,-0.429210560776752,-1.80507352007695,-1.56247761314758,2.31930413800261,539.951382644959,505.833026910521,0
0.97,-1.00652633787019,0.0349478200078011,0.00213478099260295,2.10069166045806,-0.134770606175705,-0.158282493492979,-0.994005270795838,0.20169674017016,2.09532503292728,-0.160032229598941,502.301491886608,505.833026910521,0
0.98,1.25446101469524,-1.542027592659,0.00499174456239448,4.10336297507329,-0.230014071453084,0.673568083014785,-1.05830212720554,2.41054472192008,-3.32862859476572,-2.5708149299423,549.060372044385,505.833026910521,0
0.99,-1.56545680052955,0.37576749920845,-0.0132304396327406,3.03919474629578,0.623619487526911,1.46769486025712,-0.544703438608485,-2.64609892321843,1.61980445106113,1.22387541994067,492.126968668723,505.833026910521,0
1,0.212652828849525,0.266194701194763,-0.0223300291294463,2.65572114845898,1.11442177222424,0.207044280699628,0.0534090034376324,2.79090235079894,-0.711094067676453,-1.42296422536687,499.471172286461,505.833026910521,0
1.01,0.924505290373737,-1.03850317001343,0.020913746826305,4.67901679734887,-1.03453962580843,-0.649103027923499,-0.658644574771468,-2.45504530518157,-4.11536425808781,2.38610822617051,535.219044021464,505.833026910521,0
1.02,-1.2710986214766,0.586661040782928,-0.00274505790697244,0.467657955458525,0.104970791817138,-0.216325749070737,-1.25255834640612,0.182071974679247,0.44336511643877,-0.168860468552365,487.2209433077,505.833026910521,0
1.03,-0.116589691903744,0.896025717258453,0.0185849265412241,2.01095309924233,-0.939295252654543,-0.0457668625594478,0.108829913370439,1.39039695123293,-1.73003013182253,-2.90158400092686,482.240512732905,505.833026910521,0
1.04,-0.532179911461473,1.61868453025818,0.00669191082859941,2.42377930161998,-0.341359226715978,0.283902172813325,-0.450177516215051,-1.55803612777983,1.88779120910083,0.550074438927753,462.464187581794,505.833026910521,0
1.05,0.933203361626941,0.349435776472092,-0.0144726628537077,6.14295653250955,0.748840461462954,0.769107883287674,-0.528725860902087,4.57385345943642,-4.16851790551837,-2.1885593975782,499.222595705121,505.833026910521,0
1.06,-0.0118870175081894,0.268516391515732,-0.0205189045744956,2.35194502409993,1.03226757814775,0.00975296162784684,-0.0216149570821458,-2.23560875819557,1.26462454094592,1.46958396584151,498.816437345762,505.833026910521,0
1.07,-0.680724000538635,1.22676265239716,0.000491719815097491,0.906357260413595,-0.0325468784940227,-0.650133843229955,-0.201770643515722,0.856196645036148,0.299115509181631,-1.27059147038883,472.343904593637,505.833026910521,0
1.08,0.504604217274299,0.573887765407562,0.0347915977698523,4.04687726874825,-1.72638822869231,-0.406746392421947,-0.300654691661577,-1.96192140594187,-3.93808282561271,2.27616940984963,492.203169858852,505.833026910521,0
1.09,-0.913978008068885,1.80957520008087,0.0267543086762305,0.810559625661205,-1.35290163214438,-0.454903197070139,-0.793180101592114,-0.729735094201327,1.39815464999475,-0.549983949279254,456.76604682511,505.833026910521,0
1.1,0.151408144051636,1.63950312137604,-0.0148113156760797,4.18821595020081,0.744805997732523,-0.0327138199202025,-0.148571892171588,-2.00289897721924,-3.75290347688679,2.82734906209324,463.712159061465,505.833026910521,0
1.11,0.760830807757153,0.584294676780701,0.0282824694692883,2.35738456282836,-1.40123014567589,-0.0204611657589525,0.761081307619276,-1.54920773968954,2.2628882600558,0.06403389281613,492.409432000233,505.833026910521,0
1.12,0.163954129392415,0.261016517877579,-0.0558457161362303,3.6378574649882,2.79612750901186,0.134614899540167,-0.108988666279499,-0.42789778712841,-4.56828627233385,-2.57967581837736,499.474147706998,505.833026910521,0
1.13,0.378762414604084,-0.288008451461792,0.0266071809352492,3.3968944937109,-1.32612884489386,-0.333668918959073,0.181201438500693,-3.64102758603765,0.201067233471374,1.14343127231454,514.184939842384,505.833026910521,0
1.14,-0.348902128792713,0.178092777729034,0.00265297039576922,2.13563613393653,-0.14264808906305,-0.344972081366119,-0.0522876353064095,2.0935875380278,0.445175689479337,-1.42797428709012,500.383029143389,505.833026910521,0
1.15,-1.00492494876606,1.61730623245239,-0.0312498336594292,1.59766609583908,1.54097583995759,0.893140950656733,0.461681651158241,-2.1455906616406,0.568844623607645,2.07897411680922,461.507481475656,505.833026910521,0
1.16,0.577660959836449,0.922035396099091,-0.0111476555308731,3.20555026967867,0.563426961406779,0.378095847006743,0.436875251323827,2.56294879168455,2.00606479543403,-0.732693836875095,483.288414690585,505.833026910521,0
1.17,-0.102462559026836,0.968334138393402,-0.031128700692105,3.77709562315618,1.54917754161382,0.063759160239913,0.0860368612549738,-2.72866735143611,-3.03657321451547,2.7987771258217,480.511209571292,505.833026910521,0
1.18,-0.297917680979931,1.35850441455841,-0.00502889799671419,3.10871468617125,0.238922904930965,-0.00671006288347132,-0.297884557356741,0.256462573813132,3.10731686552089,-0.00564335048394557,469.91486337629,505.833026910521,0
1.19,1.48985296534879,-0.616299211978912,0.0191740610703048,4.43085894476866,-0.935781069118424,0.731118598826396,-1.29826618897152,3.03308807722936,-3.36282231370109,-2.61584050819833,525.697827926054,505.833026910521,0
1.2,-1.47169558663414,1.17236578464508,-0.0203114511037227,0.741658529947186,0.98130695957379,1.2423995077656,-0.789141253431936,-0.116815970929503,1.22448958872143,1.01871402855723,471.491133554249,505.833026910521,0
1.21,-0.585456206060448,2.09495449066162,-0.0261846315815141,2.80949078138516,1.30354877897584,-0.545716251496896,0.213631404521737,2.23884172343199,-2.14010878398218,-1.89923209004227,450.035885380652,505.833026910521,0
1.22,1.53962986131177,0.0782468914985657,-0.00827638849802648,5.22066733921607,0.451671932017297,-1.5352831417109,-0.115906355424394,-5.23947115063378,0.0855398305233455,1.64077296916334,507.698897915153,505.833026910521,0
1.23,-0.714782961069306,0.875024259090424,-0.0213295071913575,1.93044076922252,1.05889413089795,-0.624137032002538,-0.349030936444168,2.20019429608745,0.0836863393322581,-1.03106905465534,481.38972937298,505.833026910521,0
1.24,0.589607084441557,0.113320216536522,-0.00863517539259187,4.17644694051768,0.449721193380323,-0.298947118228265,-0.508273254048204,-2.55409998197602,-3.33489602248781,2.59527829076017,504.368309545977,505.833026910521,0
1.25,0.441513399183062,-0.564421534538269,-0.0124711232248325,3.24467894213285,0.639143401440468,-0.0491893162510008,0.438941934359693,0.36676408288165,3.28662894660064,0.0833589783165817,521.57326904645,505.833026910521,0
1.26,-0.128771889734164,-0.401233822107315,0.00691415523552025,1.71882720479457,-0.343072620181211,-0.0920143745832288,0.0903513143146561,1.41324120221392,-1.03673289087636,-2.40071691145976,515.866883528024,505.833026910521,0
1.27,-0.109368570226719,-0.266791373491287,-0.0135763401409593,3.92132394762581,0.682786511529695,0.104336681738219,-0.0354916611180329,-3.70112502208391,1.46446321000391,1.36641221551943,512.536937577019,505.833026910521,0
1.28,1.04204633013816,-1.71558225154877,0.00144427438530911,4.86188549487146,-0.0426680976586874,0.870831635077411,0.57228917815323,4.03585627357085,2.7113862267995,-0.98800737779172,552.922588956854,505.833026910521,0
1.29,-0.0722713159981842,-1.7381534576416,0.0285193231677234,3.29971151258885,-1.42294668594683,-0.0222542352596974,0.0744395319911435,1.1364599335345,-3.40900750319345,3.05623722398634,550.741118658517,505.833026910521,0
1.3,-0.338249033583824,-1.26209247112274,-0.0133565233223358,2.40208771977377,0.66132685892989,0.22197851658035,-0.25557062353181,-1.16370025040201,2.20299349863869,0.754637861254014,537.682491740797,505.833026910521,0
1.31,-0.150990388161638,-1.03828954696655,-0.0229399054514443,3.5298607740782,1.13901292490712,-0.149983654127165,0.0287965288530778,3.48287753530366,-1.27547308931176,-1.6097092132616,532.394146214961,505.833026910521,0
1.32,-0.314160508372414,-0.578386723995209,-0.0302759672627022,1.88393179101264,1.50096822137845,0.265069539634057,0.171323081844493,-2.40874588923558,0.00691634779185724,2.24066340336383,520.007513210832,505.833026910521,0
1.33,-1.25869200581944,1.12690496444702,0.0170346850792578,2.27528749012717,-0.878770404683459,-0.503881816289244,-1.15355921444137,0.138432982538549,2.43516054834629,-0.425360770040144,473.343648179206,505.833026910521,0
1.34,-0.547988670110593,1.99803781509399,0.0202839563907842,1.99710788707943,-1.02013016471674,0.0812519667796933,0.542310924978348,0.63381834230714,-2.15113453195166,2.95587504743862,452.638589862249,505.833026910521,0
1.35,1.87250632876224,-0.475779473781586,0.0479555444083973,5.38243104571717,-2.35438367358638,-0.480807242138583,1.81036020763859,-3.77361583176531,4.50261146431717,0.28519842611762,522.853006522228,505.833026910521,0
1.36,-0.569306244173353,0.132832825183868,-0.00607660338498123,1.0040300019878,0.298000133136602,-0.436714539124671,0.365276520023657,0.588237961687935,-0.866519719723836,-2.25667984243887,500.967609437698,505.833026910521,0
1.37,-0.601193048698073,1.02483904361725,-0.052015561443904,1.79898559551973,2.59633494465012,0.568550261993692,-0.202211028438393,-1.08470252425624,2.96660154917558,1.31539306226926,477.81075637193,505.833026910521,0
1.38,0.310631218332859,0.652593493461609,0.000273489455100445,2.84611405976137,-0.00329694020904713,0.306904789360674,0.0479716464895562,2.81107000633783,0.445265685241888,-1.41486262345669,489.618492882101,505.833026910521,0
1.39,0.76787109342281,-0.498998463153839,-0.00180814289090475,5.40527159098322,0.111043844989383,-0.578995115740551,0.504374802546323,-3.99419908951702,3.64357864483556,0.851812768826973,520.675874589332,505.833026910521,0
1.4,-0.294944582931818,-0.156155869364738,-0.0179395403874179,2.13862080221484,0.89587338986434,-0.292024499669924,0.0451201252510046,2.04667640572817,-1.08968057547553,-1.66334355893554,509.191658740551,505.833026910521,0
1.41,-1.19116139759417,1.51268231868744,-0.032461909388141,2.14158080312016,1.60488422792327,1.1459755448383,0.326587356326289,-2.52456252811432,0.888034775766515,1.8756684084701,463.874836247224,505.833026910521,0
1.42,1.02594302662773,0.191568791866302,0.0132155623736056,4.73146723672589,-0.638685580994339,0.774553794002301,0.672904276380799,3.10649646020339,3.62551806316345,-0.842628616428269,503.261228697248,505.833026910521,0
1.43,-1.122691182547,1.62137305736542,-0.024913494229282,2.70368692842285,1.22576274723711,0.53118328881019,0.989394000008228,-2.31828817758092,-1.85417292751442,2.67106738775866,461.243673914948,505.833026910521,0
1.44,0.14897897599753,1.53788864612579,-0.0308642149131128,1.74649653558336,1.54503272613899,0.000987212983475549,0.152139279812942,1.87623168847067,1.38460497067708,-0.210770521789365,466.264222746719,505.833026910521,0
1.45,0.963095507625158,0.161255434155464,0.0177417576578735,4.40977614887308,-0.872120043554048,0.194479182371978,-0.943422267278273,1.82049097980491,-4.11005251134186,-2.91987861316333,503.951927509557,505.833026910521,0
1.46,-1.15012282081227,1.6500608921051,-0.027410547203178,1.46118409487214,1.34525247640876,0.623438954440151,-0.966880401672165,0.292046786715613,1.96455385743438,0.59653515790889,460.307455262941,505.833026910521,0
1.47,0.146981950585746,1.51208877563477,-0.0266876730935837,4.45791002003901,1.33177628034459,0.128528675494726,-0.0761334700950371,2.49540961993272,-3.92676974578341,-2.28518331664855,467.056334006424,505.833026910521,0
1.48,-0.0122759269087019,1.47429025173187,0.025711512588468,3.88135975701796,-1.29418730493938,0.0218712515885621,0.0182600277930939,-4.06766543778941,0.440422785375962,1.14109892232437,467.639516163207,505.833026910521,0
1.49,1.28369552934816,-0.271145790815353,0.00812461404197906,4.76178712537624,-0.387640086511035,1.2820821168784,0.0648511141181498,4.73205664814002,0.657663548376396,-1.51392775126856,516.261314245457,505.833026910521,0
1.5,-1.33941697075492,1.35015869140625,-0.0175789839780246,1.2328039411751,0.848216300424824,1.18369487945096,0.627067201012425,-1.48858823147954,0.152910191890024,2.07108650443932,467.255877017554,505.833026910521,0
1.51,-0.628295457542286,2.36313390731812,0.00567180555054819,0.97579294840393,-0.290425273372495,-0.484854305880977,-0.399629395083933,0.575870567222208,0.839578350944982,-0.890484204923756,442.928530986315,505.833026910521,0
1.52,1.75935036785004,0.0323949679732323,0.0062025212997292,6.00748096363873,-0.268557485365587,-0.858800546818521,-1.53551744011872,-2.67909149578282,-5.38371799118897,2.63516994621447,509.375463291678,505.833026910521,0
1.53,0.399007915968965,-0.759054720401764,0.0568514019557463,5.30270587763923,-2.83099010159882,-0.00775455619594355,0.402963107205156,-3.64333439959921,4.78114097604297,0.160770749057747,526.605764386116,505.833026910521,0
1.54,-0.439771697502224,-0.178018823266029,0.00430289005271919,1.69388863773357,-0.218940289592484,-0.320112249026918,0.301572228180452,1.37319112762215,-1.01564742626047,-2.3361651511699,509.361255297235,505.833026910521,0
1.55,0.21057086031779,-0.418341010808945,0.0419059390534955,2.76126335558899,-2.08719080048425,-0.20269406467427,0.070790614411461,-3.024761346181,-1.68278327635913,1.43123559624506,517.197528657662,505.833026910521,0
1.56,0.484049181746477,-1.12680971622467,-0.0148353439605411,3.86457603565141,0.758798672876758,0.393386120746353,0.282437706023819,3.63028719572929,1.52700302482172,-0.978753223662127,536.312619475055,505.833026910521,0
1.57,-1.23667769010962,0.478216946125031,0.00332180433676876,2.45248965857017,-0.185557375756555,0.459543721775712,1.14812991920577,-0.745358333955582,-2.34383830907642,2.75818116847979,490.409123750847,505.833026910521,0
1.58,1.37312736335525,-1.27289271354675,-0.00944941162452945,5.35760283421132,0.509061435537998,-0.397645506394865,1.31432343759783,-1.0278997750299,5.2826578279115,0.286910910262982,542.325151767029,505.833026910521,0
1.59,-1.47175438586134,0.572887122631073,0.0151604446763117,0.290834899769881,-0.782513758302652,-1.15372727047107,0.913895068788667,0.718278339928346,0.425427957763565,-2.25101691951892,487.269808063214,505.833026910521,0
1.6,1.29563552812397,-1.00383591651917,0.0219217431619314,3.6859719674429,-1.06310404869917,-1.29288517712435,0.087177424442759,-3.73485678308538,-0.876027609711363,1.52038771888082,535.101542896439,505.833026910521,0
1.61,-1.44707428240735,0.832195520401001,-0.0214682255509454,0.0732173707332225,1.05129905299511,-1.27904960113,-0.677138819860622,0.569808996647545,-0.886514630192318,-1.06906568238572,480.619915392236,505.833026910521,0
1.62,-0.447030611482877,1.59018743038177,0.0246348364326597,2.32101734188832,-1.23695252594919,0.290679976542341,0.340511958683044,-0.706628870731882,-2.53334732949246,2.37992805485121,463.54061762232,505.833026910521,0
1.63,-0.222896044480185,1.97010838985443,0.0198437822680938,1.26073729273807,-0.994709561469509,-0.0987698389058465,-0.200800750153303,-0.195542541240494,1.59394753600756,-0.545923377201247,454.184298106153,505.833026910521,0
1.64,0.722616669422775,1.02071499824524,-0.00224366982510802,1.71612407248181,0.127085528913805,-0.173034305992146,-0.701597472865862,-0.539397472047878,-1.63410003701095,2.89668425947542,480.972077106912,505.833026910521,0
1.65,-0.051694265735394,1.01889932155609,0.0108144708186311,2.79130652744027,-0.543196528647751,0.0175533857024342,-0.0498109279113542,-0.907431581945433,2.69499954043663,0.132585139761605,479.327732684405,505.833026910521,0
1.66,0.935685439817407,-0.301289737224579,-0.0167966976512853,4.46365904492869,0.858373622952377,0.584684111455978,-0.730707780955709,2.04602280824083,-4.0589220261188,-2.48470264059109,515.847423827772,505.833026910521,0
1.67,-0.55157155390674,0.372825920581818,-0.0197515751536634,2.08260190175957,0.975060247211996,0.509091737449695,-0.213182801043135,-1.60434108740407,1.64744130158645,1.21002464876196,494.912600173574,505.833026910521,0
1.68,1.25631035876623,-1.29429185390472,0.0286045867440448,4.08349327402215,-1.4060617892072,1.20125377180861,0.368948933650343,3.4319154509938,2.62180918666532,-1.25004037782546,542.294968971377,505.833026910521,0
1.69,-1.52966723612627,0.657070577144623,-0.0138452610961072,1.8006476467499,0.660590825094825,0.936384650434075,1.20965173953683,-1.61529585385547,-1.03418155585116,2.49189951737204,485.289282615205,505.833026910521,0
1.7,0.793835734289647,-0.255264967679977,-0.0042191436591917,2.50942030053415,0.224763545475894,0.0874675813862222,0.789013559081746,0.51300500848026,2.46668497327526,-0.115720915840622,514.296053521448,505.833026910521,0
1.71,0.576762017891975,-1.10163307189941,-0.0222000950053751,2.34542756141551,1.12105105470009,0.345067878010998,-0.462682860138624,0.405080020979422,-2.56781932574997,-2.53925827406919,535.727784360711,505.833026910521,0
1.72,-0.0259610782236621,-1.16076052188873,-0.0107797735724133,4.57576599089195,0.537514347189795,0.0235865777652476,-0.0152923003544768,-4.40338024835324,1.35528538147905,1.38914849930438,535.975622174898,505.833026910521,0
1.73,-0.573331361298622,-0.321679651737213,-0.0108989634692794,0.89868663208356,0.532610658052475,-0.506130871543462,-0.269553664645634,1.04428843688577,-0.0278107235336744,-1.06242042495917,512.837304284321,505.833026910521,0
1.74,-0.730924111496659,0.793035387992859,-0.00920376161513481,0.864403192749085,0.44447923633979,0.401123710735536,0.611092901841285,-0.839823124698114,-0.489338114593899,2.57332008308568,483.565911152078,505.833026910521,0
1.75,-0.628688575142828,1.71181762218475,0.00231008073616268,3.19203021493455,-0.131035895183502,-0.161526971774287,-0.607588428442771,0.704929678401748,3.11597520006018,-0.263513582595545,460.036139320089,505.833026910521,0
1.76,-0.0385564011283453,1.79498183727264,-0.0200493791631815,3.84420013378699,0.996948471698407,0.0214302469197088,0.0378063247322349,-1.13528064400163,-3.80564301835905,3.10543057953783,459.241706280161,505.833026910521,0
1.77,-0.0318560112947449,1.8501353263855,0.0211059231921767,1.96728597914134,-1.06375840656882,0.0265448383490537,-0.0274888524028848,-1.40363407330779,1.74115118801364,0.182787957765293,457.745754960377,505.833026910521,0
1.78,1.10510891300863,0.359094142913818,-0.00831343707552272,4.16779327956123,0.430716605737579,0.601275177441257,-0.927255619470769,1.87806660685422,-3.7455151095454,-2.57383325599255,499.458246712981,505.833026910521,0
1.79,1.01028234583313,-1.15446782112122,-0.024610883972306,4.43183850649794,1.24531788738593,-0.966556097254272,0.295034616227611,-3.81353600070398,2.57855625489458,1.25018069743327,538.436813580805,505.833026910521,0
1.8,-0.346218049984706,-0.79689359664917,-0.00254442574561548,2.9860338905848,0.111703481181987,-0.315369006209684,-0.14288387648683,2.75761161586689,1.15084935567832,-1.13804419836064,525.622409581818,505.833026910521,0
1.81,0.22512549660067,-1.04010879993439,-0.000288644289758819,1.80871884071794,0.0111117732670963,-0.0863368732111914,-0.207912281646224,-0.706050947373716,-1.66525654960005,2.74672176776236,533.339704977092,505.833026910521,0
1.82,-1.37881539958317,0.825372219085693,-0.00333623283543039,1.03002124551717,0.132572997222962,0.214661668110681,-1.36200712363084,-0.0319142164985378,1.03802738335494,0.158740623908981,480.8943969351,505.833026910521,0
1.83,1.54460025022038,-1.05894815921783,0.0284423070942049,3.59407755511192,-1.39814366564449,-1.00037413367685,-1.177221512921,-1.19461748282688,-3.66675445750946,2.45564081537292,537.27596428387,505.833026910521,0
1.84,-0.341455449756325,-0.791085660457611,-0.0386208088827296,3.74043855846233,1.91746779989032,-0.0167574851214591,-0.343223801242651,1.67492379706007,3.85515157254417,0.0638427327094967,525.528577927416,505.833026910521,0
1.85,-1.51497701755994,1.29217123985291,-0.0327813643554974,1.52949515602013,1.60436644738477,-0.751740019621463,1.31571916626738,-0.588163554875127,-2.13715014973205,-2.60086873598511,468.432332799278,505.833026910521,0
1.86,0.619528019499129,0.596914052963257,-0.0193751341348305,4.69207226251114,0.97435249426357,-0.507709479158547,0.355557938372655,-3.17371001242144,3.59060853571647,0.928593333966174,492.039981919283,505.833026910521,0
1.87,-0.528692941108747,1.26387274265289,-0.00352040848352375,0.901351901665826,0.163610497905152,-0.509802875458921,0.140105843660869,0.828393647688552,-0.39111073896101,-1.83233989695391,471.613389143792,505.833026910521,0
1.88,0.278607316339782,0.953100502490997,0.044894608092297,2.49828252455548,-2.23646051215337,-0.281642859573181,0.0177443569975845,-2.27032166982867,-2.46755156185782,1.66764244438185,481.862148527364,505.833026910521,0
1.89,-0.449352229232942,1.52525985240936,-0.0419786873327314,2.5045816309219,2.09715627659817,-0.427976538386285,-0.143233092187826,3.13854119610346,-0.905843670170489,-1.15468857384937,465.193967980785,505.833026910521,0
1.9,1.03921143848051,0.116885989904404,0.0366031008107656,4.60847335484922,-1.8056106783328,-0.709373851860654,-0.760321602451268,-1.66050480961118,-4.6627224195016,2.42605357108137,505.337572311894,505.833026910521,0
1.91,-1.08137423109587,1.50945436954498,-0.00281693207168077,0.766431044540576,0.124271102750532,-0.350391401352938,-1.02303667023348,0.364122776805322,0.685765598747833,-0.327373967462587,464.113915733691,505.833026910521,0
1.92,1.86526210780417,-0.855750799179077,0.0124537579749759,2.67524067370044,-0.579060017480552,0.390790565418666,-1.82390804616831,1.14331558894582,-2.48697660426053,-2.92384731080911,532.315192480267,505.833026910521,0
1.93,0.318693977985228,-1.43541944026947,0.00474567910752173,1.87081299395227,-0.22570755032631,-0.270398348511158,0.168739758790509,-1.7183291216085,0.773453415822261,1.02777657426744,543.792899943688,505.833026910521,0
1.94,-1.39849430848149,0.468686372041702,-0.0189538918563557,0.785693988037894,0.924911894529582,-1.39603696112989,-0.0850081409679245,0.852244170694096,-0.863977389171223,-1.49642670847061,490.386729664872,505.833026910521,0
1.95,-0.658844366276325,1.5198038816452,-0.00432757854938587,2.2594274487956,0.206838427731517,0.604010748860684,0.263183666231225,-2.14923078650635,-0.727049900550674,1.98828581200243,464.906944828698,505.833026910521,0
1.96,-0.177129281412417,1.83587610721588,0.0192706631355743,2.07773446447689,-0.96726424183196,-0.128960793285611,-0.122944111638216,1.06228416177129,2.03079614389325,-0.917646481594448,457.795001023472,505.833026910521,0
1.97,0.927602997786581,0.577966868877411,-0.010901158112942,2.89642992483952,0.562812426889031,-0.48042094543647,-0.793575372561915,-2.0070194908622,-2.16285387871346,2.58546943738475,492.989595420227,505.833026910521,0
1.98,0.121864953582408,0.277606129646301,0.0181074111066285,4.11576303990551,-0.905968766734418,0.0251594700799879,0.120606576578233,-0.665233432003118,4.16145999474894,-0.0581517473110721,498.997832324228,505.833026910521,0
1.99,0.747530219308834,-0.742378115653992,0.00634522184139774,2.4340489226802,-0.303946076347687,0.400671596794322,-0.631113272037927,1.57719284763705,-1.87868041366549,-2.56744294014753,526.822230562119,505.833026910521,0
2,0.454581121117781,-1.46990215778351,0.0285523376947064,4.30601785959043,-1.42013857431691,-0.439885780877659,0.118151307424771,-4.5021473025279,-0.53782250205371,1.37112190644417,545.05347576811,505.833026910521,0
2.01,-0.582634471230356,-0.714136779308319,-0.00595506611023267,2.50540487010954,0.285340172255677,-0.496214915333614,-0.305399979827616,2.2721801503722,1.0934669365491,-1.00886675454689,523.07378543954,505.833026910521,0
2.02,0.622854517791592,-1.57487773895264,0.0180198852971971,5.44465870053694,-0.8870933739591,-0.148163816111202,-0.605243711404659,-0.273756334372786,-5.50965520598571,2.93043688443926,548.236183597808,505.833026910521,0
2.03,0.181205120059452,-1.88490355014801,0.0257736501363342,2.87641959462287,-1.28305862569928,-0.0963322467054886,0.155626716285422,-2.82824737802522,1.38601799772052,0.695556837017622,555.161426739163,505.833026910521,0
2.04,-1.65185932023108,0.389625549316406,-0.0168096420818336,0.356254287980742,0.810727278806461,-1.61031212874879,0.368533073014801,0.175252285348388,-0.868033682978813,-1.78560413101916,491.887865084719,505.833026910521,0
2.05,0.00585398708459031,0.519374668598175,-0.0217507513006378,3.75865650007288,1.0902076639925,-0.000282593890804026,-0.0225229768818784,-3.91157634370102,0.124987773668615,1.82115973090147,492.43374296267,505.833026910521,0
2.06,0.653980045130901,-0.378666579723358,0.0309784522085066,2.70100281041179,-1.53535860479711,0.467341402201992,0.458521076635007,0.710418526262883,3.02457397739241,-0.74759075218781,517.15530122728,505.833026910521,0
2.07,-1.0048666204114,0.949356317520142,-0.0399184277846027,1.99473699468851,1.9784267872028,0.295780065707167,0.961178733859675,-2.4230720182993,-1.42192483079643,2.88276680810092,478.942295364952,505.833026910521,0
2.08,0.244835333557885,0.748122036457062,0.0235282925638627,0.998487137588445,-1.17387050888147,-0.011729681002425,0.245683405408165,-1.30460567445301,0.820336863572657,0.143511092308828,486.934380949729,505.833026910521,0
2.09,1.19463513220602,-0.90765368938446,0.0391681087524984,3.02053412686234,-1.93578565501765,0.794503366634146,-0.893001478302894,3.48392674391272,-0.85624001118953,-2.3817224921496,532.102794299758,505.833026910521,0
2.1,0.0487286153873558,-1.1096785068512,-0.0133810757551219,3.71513650008688,0.670314389567701,-0.0492281838114614,-0.0114068867162837,-3.68511214745836,0.819456561261257,1.53049444199739,534.773543633162,505.833026910521,0
2.11,0.727938391023012,-2.14217090606689,0.0160620154008272,4.28080184782117,-0.785610906630282,0.488521102363293,0.539906864199428,2.20740814161308,3.75097297421161,-0.713412837337469,563.114702273881,505.833026910521,0
2.12,-0.777733533741729,-1.14038407802582,0.00746191640647192,2.20408246553649,-0.387364909483186,-0.122582208771576,0.768048651971694,0.709573752829728,-2.12238926148797,-2.99291948802966,533.620158064532,505.833026910521,0
2.13,-0.401927340102111,-0.492268711328506,-0.0179447600450597,1.96998440473856,0.89281375660743,0.290180011532668,-0.278681111741598,-0.891214946964146,1.97070821716668,0.850226453706272,517.658541772486,505.833026910521,0
2.14,-0.365028836696502,0.0593669451773167,0.0118689058983082,2.40728415241257,-0.598531042635256,-0.363542855338324,0.0349787775612997,2.46411490392805,0.285296581988699,-1.69922096493731,503.445845279028,505.833026910521,0
2.15,-0.47356196987399,0.733415365219116,-0.0367439311157935,3.03671322879534,1.83147592692204,0.458131254607849,0.125406576128268,-3.4769140405326,0.697853895584768,1.91542153079692,485.782178547606,505.833026910521,0
2.16,1.37713949620872,-1.11355435848236,0.014133052606675,4.00397425660165,-0.675051782011524,0.776235363883676,1.13761662920791,1.66120545997938,3.70511824044258,-0.588509193317694,537.901283378759,505.833026910521,0
2.17,-1.80200030014767,1.19998729228973,-0.0183445611017655,0.838142787572294,0.884763395157823,0.13821083431892,1.7967858442038,-0.938573358192549,-0.777412148774261,3.07500243567695,470.612843933473,505.833026910521,0
2.18,1.04748015233236,-0.0610257126390934,0.0331682462127351,4.0142256504912,-1.63799508357347,-0.38012081429126,0.976638606972713,-3.08054439057293,3.0507837885668,0.402827342619398,509.86963828777,505.833026910521,0
2.19,0.47659577064942,-0.87330162525177,-0.00257332781371795,4.94532391257228,0.139623088488409,0.422176905067908,-0.221171452597829,4.30267600137786,-2.44186454052334,-2.05876689407987,529.660427077976,505.833026910521,0
2.2,-0.0377426488307162,-0.893674254417419,0.0277673935725599,3.69411588262608,-1.38917930640492,0.0296853602959025,0.0362534835660611,-3.23470086277423,-2.26119915708049,1.82118801753923,528.97362947676,505.833026910521,0
2.21,-0.994454113790535,0.492383241653442,-0.0488474039326198,1.68275216240488,2.42562253143341,-0.710460740649608,-0.697546119838312,2.92370434498875,-0.408965045168433,-0.74548980819217,490.833510409405,505.833026910521,0
2.22,-0.0494454353240934,0.661205530166626,0.0144006040027424,2.32397003680915,-0.722017888701111,0.00080672769132927,0.051493472017965,0.00525721333707696,-2.43354040962937,2.84252433405395,488.58647400486,505.833026910521,0
2.23,1.26598561633587,-1.062096118927,0.0458952622534238,2.98815638647916,-2.26958685341699,-0.378919472018264,1.20882008156385,-3.13617105928504,2.06022672591207,0.339998000321624,536.260594703456,505.833026910521,0
2.24,-0.94535716636661,0.123863957822323,0.0134998339452518,1.30349865594365,-0.695113219193581,-0.793048710126914,0.514738924973906,1.46986459178126,-0.147611704726493,-2.16079204718103,500.441177231177,505.833026910521,0
2.25,-0.11539777438697,0.397529065608978,-0.0251595342060316,1.73931471715484,1.25563690485669,-0.0216877203021994,-0.116100350055562,1.20291438585533,1.7761859988334,0.0299920671922108,495.208043759464,505.833026910521,0
2.26,-0.16476183827089,0.671374499797821,-0.0119018991914333,1.55022444066079,0.590084094635362,-0.0668053763063857,0.151079979650939,0.206371307642787,-1.64584505301851,-2.6531445068976,488.048302833789,505.833026910521,0
2.27,1.140659347196,-0.878435492515564,-0.00640078986702058,3.28944560481431,0.342348135924927,-1.02127819997185,0.508070422991535,-2.78265542167635,1.7873117907681,1.10355144507301,531.249639461664,505.833026910521,0
2.28,0.260451865779744,-1.32443022727966,-0.0282400869228038,2.20064404533758,1.41751492930901,0.237698158752078,0.110146548849381,2.53865925758682,-0.638272639992042,-1.24486996834634,540.744483152194,505.833026910521,0
2.29,-1.13466540957697,0.243006512522697,0.00698949435806173,0.928537029768736,-0.373958166840379,0.639809361981735,0.937101075147382,-0.220747374095742,-0.976368948209742,2.53637542360944,496.919287947846,505.833026910521,0
2.3,-0.66232248984447,1.33035230636597,0.0194769014094736,0.12895454428924,-0.990149659387284,-0.124578464363575,-0.650792314382328,-0.938642315600906,0.340552823862862,-0.218536248316295,469.738363400755,505.833026910521,0
2.31,0.507588607961111,0.683659315109253,0.0102202372370996,3.19938593162571,-0.505861944334328,0.0726024113409453,-0.502473420240873,1.02028458876328,-3.07424559919053,-2.97796355104475,489.345554175141,505.833026910521,0
2.32,-0.832317777766329,1.79530072212219,-0.0361040062543385,1.37698276290361,1.78561337300868,0.350869226180623,-0.755610460867837,0.951904215539101,2.04410738750194,0.478075236257714,457.25733122827,505.833026910521,0
2.33,1.95147566126207,-0.745345294475555,-0.00338511286375354,5.1058663964492,0.204082091252959,1.62322468427276,-1.08324066571328,4.12851952270326,-3.01112067327389,-2.16099868721497,530.024568588218,505.833026910521,0
2.34,0.0610760165868462,-1.03910326957703,-0.0199220463892211,3.23847138825841,0.991493275164537,-0.0569176993968158,-0.0297916637639575,-3.35818512909029,0.439714095773257,1.73769836455546,532.940026660979,505.833026910521,0
2.35,-0.563935076470099,-0.283341765403748,-0.0320147565824743,3.32751722291011,1.58415570943649,-0.39814580349043,-0.400658999992926,3.3931150996198,1.43829416366604,-0.725542559969922,511.870372402562,505.833026910521,0
2.36,-0.137338795212563,-0.0328557528555393,0.0201829646672302,2.42250151570768,-1.0192913429347,-0.00111816340786447,0.13880938888919,0.676716906816139,-2.53959104255327,3.00373479867892,506.374929759666,505.833026910521,0
2.37,-0.997571901974594,1.3951723575592,0.000314147978424273,-0.0642622948142563,-0.0413623719032368,0.267959640078335,-0.960909688569769,-0.0226036203383602,-0.0730038676499769,0.271636708006538,467.076883105258,505.833026910521,0
2.38,0.338370682294653,1.01317119598389,0.0250408978882312,3.98916727115505,-1.25414296271327,0.172737514021868,-0.292033416672035,3.30814940121957,-2.55782673912609,-2.53357755539783,480.498987961876,505.833026910521,0
2.39,-0.028594688195051,0.965253293514252,0.0425765211971325,4.39201035541297,-2.13883944712155,0.047259405275028,0.0199239796043038,-4.84563748758697,0.619827783751128,0.990391789854093,480.82132898495,505.833026910521,0
2.4,0.238505435212576,0.591159343719482,0.0188153033860413,4.83291838367024,-0.941702126401064,0.232807149525608,-0.0551333782495711,4.92013647272683,0.190158060121766,-1.72460697208156,491.245265157327,505.833026910521,0
2.41,1.23838836491487,-1.13278329372406,0.0123470229632765,4.74248883608964,-0.597184617639561,-1.09083984988122,-0.586367302331644,-3.86666238630626,-2.81011597951126,2.07399096559185,538.501259029312,505.833026910521,0
2.42,-1.0154135348711,0.0677267834544182,0.00390827659892145,2.50838908809123,-0.222911605878252,-0.405103408536338,-0.931112855575322,0.805510380583463,2.38597117083645,-0.414221685137666,501.422029307902,505.833026910521,0
2.43,0.950827075911704,-1.10068666934967,0.00361864764302799,3.97641522555817,-0.168488565571635,0.246419472025355,-0.918347791800204,1.207706796449,-3.79232260449848,-2.87563303369075,536.917315457311,505.833026910521,0
2.44,0.571192723495058,-1.96107304096222,0.0153061907603434,2.33950954369734,-0.761904731609027,-0.514949262780572,0.247634132564633,-2.44647708974042,0.261827375334185,1.14934345695542,558.146571035802,505.833026910521,0
2.45,-1.01561728446647,-0.693597078323364,0.0193663266366038,3.75403074179116,-0.998826069220359,-0.936921120600831,-0.392469536252844,3.12126280339998,2.3126000170758,-1.19317607861091,521.33413446046,505.833026910521,0
2.46,-0.3663281843697,-0.0597853139042854,-0.00436874801107098,1.38061840376173,0.203224728958305,0.203064929500009,0.304926317378382,-0.921980019285684,-1.04754967008907,2.56601328654769,506.420433726262,505.833026910521,0
2.47,0.504784735984152,-0.678118526935577,0.00893482172936927,2.50904961446045,-0.444588396866318,-0.0266320856662504,0.504160879814163,-0.620161090401164,2.47151553351475,0.0704739386170223,524.679950545947,505.833026910521,0
2.48,0.721506745118398,-1.74050152301788,-0.00475506116951671,4.20452504329035,0.245917234259921,0.564502146052036,-0.449368357765338,3.11776919290443,-2.83161109362459,-2.24971057450608,552.843093911413,505.833026910521,0
2.49,-1.44436162700051,0.113604165613651,-0.00398721885130199,2.953467450551,0.163024841168571,1.44426827769561,0.0168982101974275,-2.95551596293317,0.120301592464468,1.58525651436693,499.403635549317,505.833026910521,0
2.5,-0.281424608132611,0.598576724529266,0.0114611176117767,3.85569634147709,-0.586641531799321,-0.242495881250483,-0.143272170556798,3.11904496792563,2.34138870172585,-1.07785473085804,489.715465958035,505.833026910521,0
2.51,0.764645132778884,1.19940710067749,-0.00187019567593427,5.74447781153502,0.101533323300426,-0.385244481630805,-0.660509171841933,-2.99388930738469,-4.90366813294764,2.61113172136805,516.449416241919,545.473011409107,0
2.52,0.326734355631963,0.655783712863922,0.0201181638841339,3.45945530985862,-1.00801978113716,-0.0345706048151857,0.325522584394716,-1.57001513763215,3.24329884341217,0.167299566021069,529.331248411935,545.473011409107,0
2.53,0.268119613394107,0.219550609588623,-0.0250416721142457,4.3791876170459,1.25108153562904,0.232981901176116,-0.135035721767411,2.84286599754027,-3.55817398592445,-2.18920609902742,540.516429302921,545.473011409107,0
2.54,-0.0337560730487092,0.226061567664146,-0.0146301847375881,3.04900868357961,0.72415431908265,0.035976512824567,-0.00769449791146322,-3.13191423193424,0.10939229496486,1.76906664869756,539.572109103403,545.473011409107,0
2.55,-0.772259834255185,1.29129993915558,0.0113256129589492,2.28642220329123,-0.589396862576645,-0.476861169346471,-0.60754995373406,0.979656361037568,2.14834554194547,-0.68012518602021,510.152927564153,545.473011409107,0
2.56,-0.56046959705828,2.15863466262817,-0.00440342645588476,1.56396783017411,0.202416371001413,0.100891847125439,0.551331474319071,-0.468820824152541,-1.50571404851978,2.96845508501285,488.098660559627,545.473011409107,0
2.57,2.18796723783031,-0.69945240020752,0.0177554667045761,4.73872388882337,-0.845477829263775,-1.2000910766717,1.82956205090444,-3.33432589590029,3.47168657488124,0.588657626121595,568.918214971885,545.473011409107,0
2.58,-0.165455341694356,-0.685204982757568,-0.00833874570560594,2.27266118108241,0.408450054787374,-0.165606289405562,0.00442285930818073,2.28168650667808,-0.354580000138052,-1.54714088971812,562.855029182757,545.473011409107,0
2.59,-0.00605219226941791,-0.689346313476562,-0.00337776285881343,3.89600807710782,0.166451139410881,0.0060790623658466,0.00332916114787628,-2.21284081705075,-3.21090648214717,2.58087386919626,563.386524915917,545.473011409107,0
2.6,0.486510898237135,-1.37650346755981,-0.00317966859374089,4.06074217759151,0.171511139635609,-0.239133220177136,0.42369596104233,-1.82285559235491,3.63266301675646,0.507294650870156,582.305912143163,545.473011409107,0
2.61,-0.572017596736154,-0.591769516468048,-0.0238061446746761,0.674217503290953,1.18186744059275,-0.570908962170357,0.0428231294237428,0.634525343492677,-1.20364341785375,-1.60407095836761,559.410091343155,545.473011409107,0
2.62,0.257207822047613,-0.933757841587067,0.0448146551751919,4.71417800145375,-2.23155409229349,-0.181939531434094,-0.187249095972424,-0.812388799363992,-5.15202215978253,2.54307870276244,570.406614281549,545.473011409107,0
2.63,-0.653357450614412,-0.0223940405994654,-0.0102866404368192,0.760962110209003,0.505875139799314,0.202120206246817,-0.621392947716326,0.231801575442949,0.883878396535904,0.330218657004499,544.424293218156,545.473011409107,0
2.64,-0.0256950522890989,0.0989150926470757,0.0428686146191088,2.54394472941608,-2.1405670347753,-0.0403188409579619,-0.0295354853575793,3.17531506643307,0.985421861729153,-1.96938329595281,542.838951231608,545.473011409107,0
2.65,-0.940448124437633,1.36392247676849,0.000577538943466759,2.33219874487479,-0.0433805976703605,0.900996193424408,0.269534539056168,-2.22236486760844,-0.708609382572305,1.86086056853797,507.697199849683,545.473011409107,0
2.66,-0.0139204977466965,1.49133539199829,-0.0179929909012731,2.42702108433407,0.905194559447133,-0.022724813226763,0.00105396532097308,2.26197127883102,1.26225768684463,-0.704820037926613,506.773079557371,545.473011409107,0
2.67,0.168403583664115,1.27347552776337,0.0163662819319384,2.61844977925054,-0.810411889589915,-0.168557032111745,0.0147020100963294,-2.61031686561352,-0.836237130447759,1.58067438508964,512.846274250233,545.473011409107,0
2.68,-0.0411628274673603,1.31931698322296,-0.011026475038385,2.53934889962539,0.556117239738795,-0.0399017972870499,-0.0149602169149707,2.3893993936911,1.02387975651049,-0.950360859742322,511.154743983954,545.473011409107,0
2.69,-0.331119305406541,1.82052993774414,0.00440528798213896,0.898223005686071,-0.222050092897423,0.126096284776247,0.306201123349904,-0.148869422912751,-0.913207920805059,2.7376445522515,497.341614669102,545.473011409107,0
2.7,1.64433427997992,-0.366975247859955,0.0378837918599555,4.80119772688766,-1.85297572016389,-0.543162364040682,1.5524963936488,-3.42395134843614,3.84207961860897,0.359588431097108,559.151001212611,545.473011409107,0
2.71,-1.16501793415987,1.02681005001068,-0.0281761737123517,1.10833132617813,1.38989557673875,-1.04548239226976,0.514807975009243,0.422197063060268,-1.72683458465743,-2.00417458183443,515.784493077932,545.473011409107,0
2.72,0.0940995190388932,1.05346012115479,-0.0113009513094069,1.88554521809196,0.571103512991787,-0.0894851379181618,-0.0312224450614646,-1.96415927190163,0.153356925581622,1.78697831327423,518.358959331865,545.473011409107,0
2.73,0.463778397900229,0.3928102850914,-0.0302497562088291,3.91978137780403,1.52330928273413,0.244619662537366,0.395179289449362,3.51596370548787,2.30719666312502,-0.619412138413541,536.559421533631,545.473011409107,0
2.74,0.663654463365106,-0.633200109004974,-0.0410186403136101,5.5761787272437,2.05907557224226,0.227057211683587,-0.624951836720302,-0.397779415637102,-5.9308796098779,-2.85483020418192,563.733388368623,545.473011409107,0
2.75,0.499767750225311,-1.41537439823151,0.0101295931709914,4.21255008518815,-0.504222344289053,-0.486627251176619,0.11429930548943,-4.22494725444551,0.386832121019505,1.36036333758597,583.48640405744,545.473011409107,0
2.76,-1.34382963261019,0.38787043094635,0.010523553530128,1.0048946359427,-0.56293715646246,-1.00780739603026,-0.888995545077046,0.389705731528078,1.0839007861823,-0.855785244652203,532.111368179342,545.473011409107,0
2.77,-0.410843771585856,1.11642849445343,-0.0404361690214485,1.63396334393455,2.00830445491524,0.107762069042848,0.398516028399896,-2.25067369941159,-1.27968390305229,2.97560651957552,515.512192247573,545.473011409107,0
2.78,0.284667911739748,0.71535849571228,-0.0151080125888247,4.95552978379846,0.755558686194402,-0.154945508079352,0.239282179747437,-1.81420449881646,4.67298688237743,0.521623396114354,527.700162523635,545.473011409107,0
2.79,-0.761703085659488,1.78979432582855,0.0078950931512175,0.196146217991396,-0.416822721936872,-0.690046196669846,0.322630081766303,0.357259423439077,0.290826795050198,-2.01851207820809,497.183364807318,545.473011409107,0
2.8,1.10293274367594,0.431120246648788,0.0217648813254031,1.63142685152865,-1.07189620118737,-1.08180132171696,-0.215963532715757,-1.36270186881889,-1.39769762635776,1.78757031679339,536.892667956456,545.473011409107,0
2.81,1.30414038344168,-1.50422286987305,0.0296097910541523,5.35478269823822,-1.45571351452428,0.474599776557857,1.21507774711782,0.466857442882836,5.52945238787214,-0.349669356764321,587.62420048646,545.473011409107,0
2.82,-1.02369670166972,-0.209468260407448,-0.0134789557427262,1.28472798990911,0.649885730854715,-0.61351623227378,0.819594077573744,0.268268360502813,-1.41453510312668,-2.48584690458669,548.545198227723,545.473011409107,0
2.83,-0.0750593073929726,-0.00183280056808144,0.0260615834439709,2.68522357063649,-1.3059825558601,0.0762532131998835,0.0223283056816436,-2.7463612025889,-1.17197107704375,1.5214610768881,545.354787349375,545.473011409107,0
2.84,0.296832773991396,-0.421978324651718,0.0189850389975367,3.88403828379552,-0.941457119170981,0.208735436509935,0.211895363248401,1.83205488538716,3.55185441623893,-0.714014249100302,557.128975684123,545.473011409107,0
2.85,0.648124401121773,-1.34634554386139,-0.00283593110584585,3.85190193586299,0.161813751085299,0.215105177441497,-0.611394344488528,1.10960380304538,-3.6921689579179,-2.80766651144059,581.944534958398,545.473011409107,0
2.86,-0.52409378516635,-0.655596554279327,3.71078489324606e-05,1.30065905828335,-0.00806531523003102,0.513570653899084,-0.104496318024379,-1.27613378449355,0.251518586347919,1.36999548051351,561.165887595477,545.473011409107,0
2.87,-0.560323758517969,0.208033666014671,-0.0148112428032496,1.24405310018256,0.734626695145606,-0.446877447033043,-0.33835282562188,1.43041134683703,0.203144963349463,-0.896308305458778,538.674217807327,545.473011409107,0
2.88,0.328414669495222,-0.184363782405853,0.00966567352117483,3.13791213836139,-0.471616571099057,-0.0218031862538356,-0.3278326424465,0.355260253810606,-3.15320550079968,3.10460620410222,551.128991401094,545.473011409107,0
2.89,0.840822160436468,-1.44159388542175,-0.0263898432694117,6.20684842908769,1.33154739403982,-0.723859913942351,0.428608392703882,-4.52495384169306,4.4522779130227,1.00481925118468,585.217502334628,545.473011409107,0
2.9,-1.59791012281347,0.603272259235382,0.0133496365774588,1.68696709902926,-0.710448559151822,-1.50206838918792,-0.545238963747926,1.35365844220331,1.23215419905943,-1.23094870008903,525.71143202307,545.473011409107,0
2.91,1.08066905259488,-0.725783884525299,-0.00744490306102438,6.40604413733784,0.389043534849891,-0.366069995391393,-1.01680567774381,-2.57655465767959,-5.87793522059563,2.78913065068959,567.111378218896,545.473011409107,0
2.92,0.598433340644424,-1.68836975097656,0.0334797004736744,4.48929236584988,-1.66746361951902,-0.388787837145081,0.45616594702663,-4.3050055382539,2.09788183273052,0.761712092727436,590.762694532622,545.473011409107,0
2.93,-0.746407744128071,-0.694335222244263,0.0083457061487151,1.28341539474737,-0.437494505931762,-0.719157685355766,-0.200015986609108,1.12774159605319,0.752831595196719,-1.31070752256988,561.733858379183,545.473011409107,0
2.94,0.552941581168481,-1.43095064163208,0.0202112464993434,5.6359604718531,-0.9978261826642,-0.152322549658957,-0.531931130444113,-0.383925394804583,-5.71071876582318,2.8992342470468,583.976896378455,545.473011409107,0
2.95,0.0457257542217388,-1.56305551528931,-0.0122550447037541,4.0421630845136,0.618547139814603,-0.0435542713815767,0.0185487510161154,-2.80074273255551,2.97951726157357,0.90632544700009,586.164069630767,545.473011409107,0
2.96,-0.516981661356433,-0.862432897090912,-0.00519239151860934,3.20915295748596,0.25378706041803,-0.476767949275315,-0.199973302348966,3.04727014231,1.03788980935478,-1.16360513657532,566.63858545291,545.473011409107,0
2.97,-1.37051218064493,1.11042869091034,-0.0304846633789374,0.0789625744762639,1.50256748945499,0.53593746103543,1.26174640473288,-1.42494749198743,0.483186085906577,2.76216620572481,513.237003748562,545.473011409107,0
2.98,0.454608346957851,0.58880740404129,0.0492411602333957,4.99258691604342,-2.44873084342417,-0.0950104886164145,0.447287880495046,-3.88378947040089,3.97974700293724,0.317198634950558,531.378676282196,545.473011409107,0
2.99,-0.731308321459173,1.55701434612274,0.0114966422984041,1.39904385264304,-0.584847588685363,-0.602015865413825,0.415356391078329,1.4785819651244,-0.336401212866777,-2.19045977267524,503.281131702811,545.473011409107,0
3,-0.432519436118834,2.2404637336731,0.00706261848893169,1.53240363571093,-0.356865549082512,0.428991063135846,-0.0555842689081255,-1.56791042751629,-0.131418469583726,1.42561686735163,486.283372437681,545.473011409107,0
3.01,1.67224835440944,-0.00711370073258877,0.0543924895990054,5.26605621705404,-2.6788656269709,1.45752494169725,0.821580273667945,3.11034907270297,5.02328555573695,-1.02499447897363,549.78855366762,545.473011409107,0
3.02,-0.684672076445601,0.715224802494049,0.00720123956495082,3.37932283528762,-0.36938098018765,0.154918038478453,0.666954354862153,-0.440257338229125,-3.37082165202434,2.902845507963,525.294254222327,545.473011409107,0
3.03,0.28699319872171,0.340653002262115,0.0319956174190559,5.0181367106103,-1.58934876984968,-0.115251043069227,0.264775400515231,-3.8782775628212,3.55902918003141,0.521571487570568,537.461906772848,545.473011409107,0
3.04,-0.376077116122191,0.864979982376099,0.00734729447180535,1.08845855807616,-0.37046386608783,-0.359658112658581,0.110154536927476,1.14970262661342,0.0130145719937794,-1.88753482985519,521.965746705431,545.473011409107,0
3.05,0.280541147908971,0.509383618831635,-0.0181458047917061,3.87841105609017,0.916607915047044,-0.249445044465966,-0.129652519038367,-3.9189512866602,-0.723922097130412,1.98553826077915,532.992690554943,545.473011409107,0
3.06,1.30519457922233,-1.32937264442444,0.00805721872090437,5.10880978107273,-0.381338156745808,0.240757139256854,1.28282259424354,0.536121258720983,5.09489255675938,-0.179346453048951,583.431935432171,545.473011409107,0
3.07,-1.86106283650422,0.940198123455048,-0.0186635746019969,3.60035777682756,0.886884177591448,1.30959035782215,1.32245087059342,-3.14399126675926,-1.96582262174548,2.37110870112579,516.403575327349,545.473011409107,0
3.08,0.453083824762043,0.533275187015533,0.0045011985850274,3.29756070315764,-0.223761586728278,0.0321710412896718,0.451962650173708,-0.021900363391712,3.30507128709624,-0.0611266433581437,532.83774052704,545.473011409107,0
3.09,-1.04440408434609,1.93238687515259,-0.00537364373635413,0.327729417806136,0.240376206338815,-0.531045923838586,0.899332527055607,-0.0382653118411048,-0.404627060117205,-2.60305079041935,492.572402191835,545.473011409107,0
3.1,0.729666032419776,1.08196210861206,0.01066603533299,2.95372599117547,-0.526540660312131,-0.650952192707987,0.329829540801919,-2.88513352094462,0.823253827339514,1.11642944872421,519.299808166673,545.473011409107,0
3.11,-0.184579594490435,1.25761330127716,-0.0231905061043061,2.44898076567553,1.14871110867698,-0.185723417418456,-0.0106882411105519,2.6167684561796,-0.685249479087751,-1.38832579257685,512.372470407107,545.473011409107,0
3.12,-0.414365900609209,1.85797882080078,-0.00798973318815097,1.85697117186116,0.38371727788593,0.314236445149554,0.27021915543475,-1.64012688937678,-0.951611616792704,2.3003025274198,496.16005703054,545.473011409107,0
3.13,0.359530032189292,1.4362827539444,-0.0100680033005705,2.22797637332693,0.503354986600927,0.0939105178719145,0.347194503656845,1.12372701843908,1.98858807968594,-0.292158701937538,509.135646829852,545.473011409107,0
3.14,-0.403505337530158,1.95441138744354,-0.0144615300112158,1.88654701663309,0.708118932784292,-0.079583787577071,0.39584354740286,-0.250930109645614,-1.99938144159838,-2.90736462093853,493.688899004576,545.473011409107,0
3.15,0.0996622589457673,1.85238289833069,0.0249849922636778,3.22731483696646,-1.25204275833398,-0.0476883358949352,0.0910090012919659,-3.08250512005406,1.57522516182319,0.728293672374026,497.726541676151,545.473011409107,0
3.16,0.981334061199556,0.533105075359344,0.0152802613116101,2.9806386432167,-0.748500932024842,0.962170328481479,-0.19359309142118,3.06707777268945,0.193634457039771,-1.75378023377003,534.196014650159,545.473011409107,0
3.17,-0.791606855529321,1.46359932422638,-0.0229592483195708,2.85264877984996,1.12703921793744,0.715279032902518,0.339918292968263,-3.05298709188249,-0.295114006355917,2.04342323413807,505.486010082741,545.473011409107,0
3.18,0.0816500988775118,1.39335799217224,-0.0274901628383699,4.32829205171025,1.37376485214753,0.0164798138255414,0.0845627780755992,3.33430131770409,3.08281959846028,-0.517231980383373,509.61567252226,545.473011409107,0
3.19,-0.534596762799246,2.06621098518372,-0.0210596422100954,3.78365199822046,1.04434235647234,0.0228938382048488,0.534521355511359,-1.05731875729051,-3.78004635509163,3.138161425246,490.577495690252,545.473011409107,0
3.2,0.787236551959551,1.05539488792419,0.00575558288266367,3.5519134109329,-0.268051094295661,-0.423265032287207,0.663793061065263,-2.15646574155691,2.83506539138157,0.574952465918677,520.161367312459,545.473011409107,0
3.21,-0.694250990898237,1.90664577484131,0.0384691025108911,1.93909487723948,-1.93434316984226,-0.646318069478551,0.256392790999858,2.57179007526541,0.942161477889072,-2.00380685843467,494.265431400292,545.473011409107,0
3.22,1.31686019010345,0.174126997590065,-0.00642863748690736,5.80844466391535,0.354823236310445,-1.27176648787271,-0.341719311691839,-5.70716839323631,-1.13673122330525,1.82841115741355,544.45049061036,545.473011409107,0
3.23,-0.432408919087423,0.601589143276215,-0.0178923477736016,2.79536586261991,0.88372854773356,-0.233522101639609,-0.364369369542811,2.17286957235544,1.96816774526764,-0.52859236333251,528.772278049917,545.473011409107,0
3.24,1.33170654924715,-1.10549473762512,0.0165283791527938,2.68626065208735,-0.805134936373662,0.513061237080542,-1.22901736669201,1.80461658069426,-2.14653151698397,-2.73371797393191,577.572780672298,545.473011409107,0
3.25,-1.31913131747199,0.510257840156555,-0.0136179583592633,2.11601020237204,0.644781694643875,1.26841631840404,-0.362509206409468,-1.86967101010014,1.18218988503604,1.30274353118373,528.899012989366,545.473011409107,0
3.26,1.33377490618298,-1.16110301017761,-0.0143841545367332,5.60356773480404,0.742825811191463,1.03716210938574,0.838723531993519,4.85573485348983,2.89371743211276,-0.901574276985058,578.955123607216,545.473011409107,0
3.27,-1.40010414239781,0.624035596847534,0.00275874092986561,0.404661733815892,-0.174425760856896,0.0155088069143683,1.40002096309988,0.16913124799856,-0.40690304227892,3.12854517320617,525.897455620274,545.473011409107,0
3.28,-0.309526049644192,1.22153961658478,-0.0221917133266422,1.6014523351988,1.09803311801385,0.168793730940839,-0.260398778691034,-0.0886325894813444,1.93970888904772,0.646690887628734,513.046662685591,545.473011409107,0
3.29,1.52692800771591,-0.809140861034393,-0.0151059701204996,3.69560420578144,0.785825285548168,1.52408136088029,-0.0944104681582376,3.62975113275933,-1.04877001264753,-1.64255581715866,570.08776911228,545.473011409107,0
3.3,0.0412707033812075,-0.967856645584106,-0.00448678133696586,1.79326771010276,0.223066617909646,-0.0196769913034473,-0.0365543181797913,-1.19950430691209,-1.35157582614597,2.53949013138018,570.680612536472,545.473011409107,0
3.31,0.286433436005836,-1.39186012744904,-0.0112369467590574,4.2856506844749,0.570243254820909,-0.144396858848102,0.247628611814905,-1.50854318916039,4.05170045850464,0.488703784172698,582.298394549982,545.473011409107,0
3.32,-1.33121144060488,0.427520394325256,0.00198180940706405,0.887190422347023,-0.125086610156816,-1.31232104375375,0.223475513841933,0.895559483785286,-0.0269576806688775,-1.74095731901849,531.302066827958,545.473011409107,0
3.33,-0.819106877106879,1.69190490245819,0.0123047100229361,2.10146437132461,-0.629827466760975,0.73325323313956,0.365276851309955,-1.62251477203758,-1.47657744678467,2.01794924390347,499.751854591601,545.473011409107,0
3.34,1.59124098471428,-0.404883533716202,0.0454303839484699,4.54553260950997,-2.23366574355135,0.589554922116809,1.47869428382881,-0.535349236432721,5.03632113283935,-0.350842368365859,559.6971343956,545.473011409107,0
3.35,-0.416173174560796,0.0429285056889057,0.030428852664082,1.40725181952184,-1.52725770907261,-0.240842294259834,0.340765338017415,2.0344125511257,-0.417180255155338,-2.59932429961705,543.319476901858,545.473011409107,0
3.36,-0.20034959681195,0.398529827594757,0.0476005045307238,1.49663109230205,-2.3813314164307,0.205919668269378,0.00169091517235368,-1.99029875718056,-1.98729836675084,1.34574530475935,534.653733554982,545.473011409107,0
3.37,0.270693417379329,0.0436949245631695,0.0334798730856299,3.10337310056448,-1.66401552787564,0.242702290012292,0.124464559361768,1.63138760041037,3.12064845433537,-0.973882014405923,545.046942857733,545.473011409107,0
3.38,-0.293812351646177,0.427478641271591,-0.0161224794956375,2.3182459342637,0.805798492597646,0.0652062056313316,0.286938639907749,-1.18345431949307,-2.15011890277631,2.97295806504563,533.677407214602,545.473011409107,0
3.39,0.665463806219559,-0.520215630531311,-0.0312156561702235,6.07050174032764,1.57867392012562,-0.460568949257527,0.481344718012132,-2.79614290583589,5.61469389865105,0.716471001245906,560.801749544491,545.473011409107,0
3.4,-0.409589105632467,-0.0751439034938812,-0.0295799908573801,4.22719354106288,1.46256312705071,-0.410595188157169,0.00705710805545743,4.30108860659814,-1.2283700307333,-1.51588860890453,546.431852395256,545.473011409107,0
3.41,0.0383728469473845,-0.0869606584310532,-0.0353307157427533,2.93884813280992,1.75998388615161,0.00509320901121511,-0.0519114060656298,-3.17496738468816,-1.28606132567623,2.49524677071069,547.851693419004,545.473011409107,0
3.42,-0.853500731128522,1.06905055046082,0.00639519706939118,1.98332240453699,-0.346360300471484,0.0871675500880215,-0.849061961693097,-0.532566197144796,1.94162469693291,0.0948121754595163,515.563170558601,545.473011409107,0
3.43,1.62922273136318,-1.02946162223816,-0.0101429111629874,5.27247385524081,0.536839087303366,1.35730638199206,-0.901215275303858,4.07444559446723,-3.38911048176084,-2.16315754615044,576.324317605568,545.473011409107,0
3.44,0.590337712191581,-2.0389711856842,0.0265885559776386,4.79199339090862,-1.32251953922565,-0.50556600414232,-0.305955194759191,-3.24898428528091,-3.762493814499,2.16002040824895,599.830944499783,545.473011409107,0
3.45,-1.43380062734252,-0.103128217160702,0.00208303306725965,0.441291966228512,-0.138824672029855,0.0699223394103708,-1.43209617150733,-0.159549333469962,0.434229086095478,0.0473336233826447,544.850189549551,545.473011409107,0
3.46,0.162000268199768,-0.181022420525551,0.0268247301115596,2.90718415812023,-1.33988418467144,0.112921493536051,-0.119215726059705,3.12633922142634,-0.687758991311092,-2.2192065696883,550.570094180989,545.473011409107,0
3.47,-1.00756548779531,1.13390827178955,0.00270209891147603,4.28226187512715,-0.156440950005875,0.210332870909485,-0.985370791605726,-1.03578111921726,4.15805218955695,0.207617683475167,513.889530902957,545.473011409107,0
3.48,-0.705173280347694,2.2013738155365,0.0187283494465691,2.48623117198711,-0.952230038211138,-0.478169751481684,0.518626836132942,2.35313756591223,-1.24532368568364,-2.42331159269568,486.802411834416,545.473011409107,0
3.49,0.352738493617573,1.73695313930511,-0.00579736379853651,4.47024671890863,0.295293358682077,-0.331545455795478,0.120563945887551,-4.06996572031431,1.87234690457231,1.20558627392957,501.327622225413,545.473011409107,0
3.5,0.612888953949905,0.802708506584167,0.0256116331788197,4.9512110245596,-1.27072804239205,0.597209220583094,0.140107003673723,4.42728036389171,2.55507904905913,-1.29859666011176,526.167876357384,545.473011409107,0
3.51,0.241348836371076,0.430147230625153,0.00484684954405314,2.2007354728355,-0.238538942007641,-0.129542643271957,-0.203694517212146,-0.939658654282881,-2.00429016404359,2.59522665569331,534.857535160031,545.473011409107,0
3.52,-0.552544042558634,1.21401751041412,-0.0180194963899562,1.08925169954274,0.88947529620312,0.0590563608718079,-0.549674419504641,0.729221767386018,1.20244383714284,0.139628568645173,512.71577737183,545.473011409107,0
3.53,1.22213761953256,-0.417522937059402,0.035838509511982,4.578983965839,-1.76528266550028,0.973080087530316,-0.740283663937517,4.75115469681598,-1.22875794827533,-2.19183441860234,559.173457507886,545.473011409107,0
3.54,0.478989526114505,-1.16909337043762,-0.00761497920085277,2.45853105865751,0.395586096879599,-0.435851926508068,-0.198801539719472,-2.41119246776361,-0.622104661474308,1.98283275007456,576.90084928544,545.473011409107,0
3.55,-0.817017563183539,-0.0818221494555473,-0.0329549116578408,1.77273349704994,1.6357778294547,-0.197686400068801,-0.793425366358161,1.96081041341531,1.4048400910924,-0.203870039267498,545.682147085572,545.473011409107,0
3.56,0.861128697468316,-1.1754424571991,-0.00543911469462266,3.83520961362152,0.29818173931508,0.616270435597368,-0.601483971341523,2.51804070624405,-2.90812931826869,-2.35036886257517,578.133308513669,545.473011409107,0
3.57,0.0460886829438224,-1.29130566120148,0.00847199179418256,1.79459953221186,-0.422830146707378,-0.046408911630092,-0.0064926313438537,-1.56972728740006,-0.967124116735425,1.89158465655027,579.03441445641,545.473011409107,0
3.58,0.089055866522615,-1.3733344078064,0.0123458490424076,2.14548959903287,-0.625335096364056,0.0244260148386092,0.086525933394421,-0.325611006799072,2.21091543812832,-0.137385071485813,581.305633201883,545.473011409107,0
3.59,0.374943415074429,-1.91230142116547,0.0217219956387111,4.20354888629267,-1.08641563811043,0.31312267520678,-0.207385148633052,4.17948249165048,-1.17560549512595,-2.09790926113395,596.008365600292,545.473011409107,0
3.6,-1.10058787848209,-0.397714912891388,-0.0503191814570198,0.459687669154028,2.4882276758131,0.97796913485288,0.507348075347995,-1.64345816525346,1.92396335176018,2.0950410529879,553.18552069974,545.473011409107,0
3.61,-0.268859926981064,0.119102701544762,-0.00625092406077016,1.51471562707618,0.303369080981621,-0.0546303555859802,-0.263325385476649,0.571535633891131,1.43518056334284,-0.181315855437886,541.706749226938,545.473011409107,0
3.62,0.64035918243689,-0.756855666637421,-0.0174185419034338,4.60665844547384,0.885060368906259,0.44997200333193,-0.45594789653066,2.49887207932471,-3.96992093385187,-2.38998538631999,566.623077548997,545.473011409107,0
3.63,-0.153080291146996,-0.602038383483887,0.0311219684615782,2.97001297762003,-1.55969730251902,0.145706435294126,0.0563186218976563,-2.66686790163524,-2.03505487836179,1.73905800546296,560.75927251927,545.473011409107,0
3.64,-0.579341306362694,0.217914223670959,0.0287272081574017,2.38108545220984,-1.44758537715078,-0.26730775057302,-0.514789440674674,-0.0495059085659326,2.78614797164171,-0.528479248494029,538.491475500927,545.473011409107,0
3.65,0.914917982224407,-1.00819563865662,0.00809545190071095,4.81341588774245,-0.379211539325688,0.371098152184248,-0.836317291453724,2.33638157646291,-4.22541063437554,-2.71511794811572,573.873274401534,545.473011409107,0
3.66,0.74147988264102,-2.15599322319031,0.0284401781795422,4.89623982375007,-1.399236237918,-0.741997935193236,-0.00635013899045452,-4.82526370511773,-1.62722359780472,1.61769145491722,603.30193597658,545.473011409107,0
3.67,-1.75400362415601,0.0844185203313828,-0.00834275787058392,2.94116015173177,0.376607134811756,-0.865947459472592,-1.52536333789503,1.76823752353661,2.3802504138185,-0.511573809733188,538.787042744346,545.473011409107,0
3.68,-0.420105315215767,0.823401868343353,-0.0329633405545991,3.045883159371,1.63387615496735,-0.0633479686944637,0.416607840247088,-0.899111926383376,-3.33744711630701,-2.9123879429807,523.027543861231,545.473011409107,0
3.69,1.30024076040788,-0.914762139320374,-0.0213854896298556,5.52123714594155,1.09093933180532,-1.18302025875268,0.539950406587034,-4.51519028338736,3.35965250468095,1.12617311014144,572.690921681306,545.473011409107,0
3.7,-0.441436283463291,-0.442457109689713,-0.014332898924792,2.2707753797751,0.698471881135057,-0.385246348812039,-0.216001562671349,2.30478909621305,0.576394843927759,-1.02732987456431,555.814213645311,545.473011409107,0
3.71,-0.352336753208244,0.0800708830356598,-0.0546844809731238,3.24266541668901,2.72119926185264,0.106467531597893,0.340288472969742,-3.17311824188071,-2.80198591187431,2.99234342257331,542.579287959227,545.473011409107,0
3.72,-0.0838426820957005,0.28750091791153,0.017446964933221,1.09002936613896,-0.88169468393498,0.0655423028798467,-0.0551198554024609,-1.36687002679379,0.311794587151942,0.666397620440225,537.776587866984,545.473011409107,0
3.73,-1.06421930586679,1.74368751049042,0.0131836219303723,2.56839067853346,-0.68749066107853,-1.02963609631866,0.269417980143235,2.65874971334475,-0.018001345421357,-1.83910917012226,497.720921671184,545.473011409107,0
3.74,-0.19093736275436,2.15797734260559,0.00969394877831027,0.969271840448624,-0.495773566471471,0.185110838311362,0.0478019526606525,-0.850106418586863,-0.680145871836272,1.7727829489161,489.026174428971,545.473011409107,0
3.75,0.854558636305931,1.03662765026093,-0.00819922064216125,2.62775083140175,0.420924606277495,0.604759540493497,0.603824136886135,2.17180233746604,1.53802684081895,-0.795766520272558,520.681111200869,545.473011409107,0
3.76,1.50083608708471,-1.12196505069733,-0.00217563219407901,5.03518163130425,0.137254225058963,0.177085455211399,-1.49035379531968,0.450539026007032,-5.01686230312981,-3.0247756810648,578.203793421344,545.473011409107,0
3.77,0.233279127934763,-1.62826895713806,-0.015142536426894,4.99848256742503,0.760119032979722,-0.226538041037534,0.0576971741276809,-4.51883593441561,2.2677589640401,1.25658688429028,588.346123189949,545.473011409107,0
3.78,-1.44958733701068,0.36054715514183,-0.00793312775905543,0.382811412944054,0.364892840333705,-1.1794960280523,-0.842707245694854,0.524003984964188,-0.0714925628906417,-0.944956286037819,532.739688505044,545.473011409107,0
3.79,1.15120448080157,-1.08371412754059,-0.0252824367724591,5.13098214035982,1.29380003368473,0.0231022146474786,-1.15125029681001,-1.30351488223991,-5.12852271162302,3.13969883009797,576.306986439861,545.473011409107,0
3.8,0.697661160640256,-2.14427614212036,0.0458891839633299,2.98078001722442,-2.2745375396511,-0.631817003832065,0.299406389276184,-3.60863294506317,-1.01800726823104,1.19394211576202,602.712469035713,545.473011409107,0
3.81,-0.594733210423395,-1.43032908439636,0.0235620972670033,4.04827257082481,-1.18777669481743,-0.39372362786434,-0.446368086750701,1.93704448254397,3.74795717119205,-0.762412084055773,581.161866753072,545.473011409107,0
3.82,-0.754949594651456,-0.317885994911194,-0.0256034459819011,1.93163359710283,1.26004852054836,-0.147767441166487,0.740789585673054,-0.784785315092331,-2.16864995718718,-2.91080285967498,551.71623058085,545.473011409107,0
3.83,-1.15061889609023,1.35899114608765,-0.0213883398162621,0.759199392082317,1.03943669754931,0.920963245610649,-0.690078260311315,-0.00819731640002286,1.28714613356612,0.946329432594297,507.12976600475,545.473011409107,0
3.84,0.386441862447577,1.02291190624237,-0.00422382612884503,1.20286433945585,0.212331737132211,0.386426440312619,0.00545527143561324,1.20353486534653,-0.208497514669753,-1.56760964088667,519.899263892345,545.473011409107,0
3.85,0.756876323321342,-0.0938646420836449,0.0304592786370848,5.09305971745556,-1.51652883117963,-0.549888190246363,-0.520972662130273,-2.46695511214026,-4.70672385593765,2.36942061457221,549.946335665831,545.473011409107,0
3.86,0.0605936855339987,-0.300431758165359,-0.0423425286960406,4.57938206879304,2.11114429535257,-0.0500118774879508,0.0544361697136963,1.4845213204471,4.81911473373699,0.133148302080655,553.486554421849,545.473011409107,0
3.87,0.237388406498025,-0.586373150348663,0.0106618233449181,1.39321093009206,-0.536712050457419,-0.0967439358237391,-0.217042716758804,-0.0100146147415662,-1.49298232686317,2.76717244892089,561.208768980625,545.473011409107,0
3.88,0.488832555679142,-1.30994558334351,0.0182344017898304,4.39307591313556,-0.907593476910897,-0.292769384588187,0.391887545538627,-3.46495524087742,2.84902212638287,0.678911124858392,580.672267879357,545.473011409107,0
3.89,-0.395302511834836,-0.791966617107391,-0.0106961669484849,2.19923886226319,0.522859503358061,-0.392033499304665,-0.0518480402065441,2.25420560924026,-0.169087861215073,-1.41225373917728,565.124134624248,545.473011409107,0
3.9,-0.505199667334171,-0.0294624827802181,-0.031411441772022,1.9697267725323,1.55970657378096,0.267807609539966,0.429525862808334,-2.30859275816783,-0.991416981729243,2.64617203219105,545.094095352758,545.473011409107,0
3.91,1.06180120781319,-1.43199801445007,0.015931083560038,4.09375919655491,-0.770346785662133,-0.518980128512589,0.926463831213069,-2.72041009480597,3.15462635594704,0.5256228005514,585.094756366058,545.473011409107,0
3.92,-0.812556269606392,-0.397423297166824,-0.00951347696955687,1.19067046766579,0.461655756224493,-0.81193798179602,0.0330894429948903,1.17677199481306,-0.49601398372462,-1.59981989645369,553.845151606859,545.473011409107,0
3.93,-0.107658622081792,-0.201270267367363,0.0470370021873431,4.00399675628621,-2.35156836474719,0.0329420543052127,0.112772689696906,-0.763087006056188,-4.58034518564033,2.44547568624378,550.506409013077,545.473011409107,0
3.94,-0.212353443596134,0.0731446370482445,-0.00271680678479867,3.85999283697165,0.136370335214642,0.0324120122778076,-0.209882889979973,-0.503369454018602,3.82945959145152,0.166011781855423,543.09843699075,545.473011409107,0
3.95,-0.572788829584943,0.875193059444427,0.00555113717106409,2.63457916525056,-0.285086673862058,-0.456424749880413,0.346113140631476,2.25818248967368,-1.38668440278142,-2.22928812182165,521.334891128235,545.473011409107,0
3.96,0.615832083592243,0.104685865342617,-0.00677766891250305,3.32894247026352,0.357693827232548,-0.610708281070517,-0.079564360170528,-3.34788266153193,-0.038529585753489,1.68934347211084,544.314173351899,545.473011409107,0
3.97,0.610341388663343,-0.819475829601288,-0.0113294339315594,4.14611730584852,0.5756462268482,0.283446090231488,0.540650793693296,2.49774956406903,3.3590034842992,-0.501433575808044,568.376284265257,545.473011409107,0
3.98,-0.566007211804296,-0.128240346908569,0.0129225380095265,3.12569716322943,-0.668617509108592,-0.250950958367434,0.507498544133426,1.92712169819265,-2.55014393516566,-2.70519299658194,547.380079302198,545.473011409107,0
3.99,0.680647454380025,-1.03325152397156,-0.00927070933840732,5.19320317190194,0.47040913136526,-0.674045635554735,0.0950230729626162,-5.06000162304814,1.2597728010536,1.41712541350104,574.099205932384,545.473011409107,0
4,-1.05713157852997,0.344078958034515,-0.0377387849910442,1.59891123253259,1.85784957595147,-0.799738077942325,-0.692365797037222,2.4360838757651,-0.271325499389962,-0.821550585533006,533.971145400925,545.473011409107,0
4.01,0.69931264158703,-0.504612326622009,0.0126207961957836,3.79288456546045,-0.622564023883438,0.0279470319339103,-0.698867955043105,0.841430573078033,-3.75040716208676,-3.08357947574088,560.28257808028,545.473011409107,0
4.02,0.190316537649389,-0.839195668697357,-0.0219433773299897,3.11408653852121,1.09816065264471,-0.176361129887989,0.0748241149371616,-2.16669004574312,2.49177567892733,1.0547546639929,567.700559383726,545.473011409107,0
4.03,-0.873201578475829,0.376997590065002,-0.013324255749186,1.09992766757542,0.645536822696448,-0.821216839186542,-0.297088262104739,1.25733606327196,-0.213692974500108,-1.20842041655419,533.675931257619,545.473011409107,0
4.04,1.40555788483946,-1.46481728553772,0.0362678843118177,5.42212284440467,-1.78123227705766,-0.341080775383208,-1.36402794389661,0.559393801380877,-5.67972562186094,2.9223605473157,586.769909993737,545.473011409107,0
4.05,-1.95003315226669,1.02235579490662,-0.0595732118759369,0.810440169408396,2.94225067762309,1.11933631776892,-1.59789376062237,1.87210555109087,2.41016039377859,0.641606731058364,514.439259194324,545.473011409107,0
4.06,0.360865394301715,0.759116172790527,0.0361672486876104,1.90420183203836,-1.80033110316852,0.340663853092126,-0.12441881641693,2.29077401549216,1.27260799467871,-1.82107926734298,526.586554715267,545.473011409107,0
4.07,1.46693885802437,-1.30814123153687,0.0196015416976738,4.63849419296362,-0.942076674358355,-1.12839809476614,-0.937556170768935,-2.9160995040285,-3.72820339052634,2.27744260380532,582.890401059243,545.473011409107,0
4.08,-1.75359173879874,0.877926528453827,-0.00461659069120357,2.01850329561972,0.198459610557777,-0.00801488560797898,-1.7535794994529,0.202370916334413,2.01811490844114,-0.00193791156598579,518.529950083012,545.473011409107,0
4.09,-0.393207797618641,1.63799250125885,-0.0155209513711318,0.853070256873173,0.772790167720701,-0.204306049843246,0.336321735897365,-0.17282395767047,-1.13800939633316,-2.55624495300017,502.023126484399,545.473011409107,0
4.1,-0.171504944917771,1.86866402626038,-0.0372381276697628,4.35197670156532,1.8637519974755,0.136024040102745,-0.110896730329274,-3.03537151143777,3.63315186946723,1.10061873016984,496.736632267462,545.473011409107,0
4.11,1.00127733504742,0.497148007154465,0.0310689635536739,3.93786123375863,-1.52899560146432,0.988785033108857,0.160703890668121,3.57342538365469,2.25282260133561,-1.37865910999712,535.012661837148,545.473011409107,0
4.12,-0.876509793629567,1.6229749917984,-0.0286279492552244,0.868815442487551,1.4186341976551,0.612988392549101,0.627163621718588,-1.63303171361392,0.317128810095437,2.40027392103606,501.255952954161,545.473011409107,0
4.13,1.64168412444318,-0.49973252415657,0.0123818920785845,3.82462803391579,-0.577316586229715,-0.0664860354435365,1.64038400467427,-0.760355391030523,3.79248384543446,0.0480506492981125,562.37503457567,545.473011409107,0
4.14,-0.338444643203143,-0.196278423070908,0.0267676608009711,2.3541821879709,-1.34211062292787,-0.2953900674076,0.16734990963425,2.70200608149062,-0.206392427000081,-2.16517440317184,549.715534817328,545.473011409107,0
4.15,0.662093644555928,-1.02217626571655,0.00857398159846434,2.03315814783546,-0.413040194091661,-0.614521569079825,-0.246586188699758,-1.71818511201885,-1.16283024422389,1.96534209152044,573.611875466809,545.473011409107,0
4.16,-0.899560991722775,0.127542093396187,0.0319266514608847,2.15205746798953,-1.62646920742224,-0.19479613286109,-0.878796765768475,-1.03448733401938,2.49130274835792,-0.253611810549582,539.825452901764,545.473011409107,0
4.17,-0.270959113048593,0.580474972724915,-0.00701048082265611,3.41913894280483,0.336012505422956,-0.12843165960867,0.238690797048416,1.40574498889662,-3.13485191678924,-2.62209006702559,529.765858609424,545.473011409107,0
4.18,-0.15987886492182,0.843283891677856,-0.0013638139126132,2.20605825385755,0.0558946352022627,0.150442543652975,-0.0541308830179274,-2.06359837107895,0.781907278734346,1.23393815489629,523.189126697552,545.473011409107,0
4.19,-0.726052178554946,1.86733841896057,0.0102684892855817,1.11770186456028,-0.536969232977097,-0.702728129853657,-0.182839775128318,0.957712304074994,0.787642404793514,-1.33039634685236,495.098106034606,545.473011409107,0
4.2,0.787475503125547,0.819174528121948,-0.0258443202744627,5.8838369265854,1.30123438498105,-0.496353328250495,-0.61189784314699,-4.83766605083818,-3.59301197936698,2.42727016735067,526.381751954112,545.473011409107,0
4.21,0.994382977292474,-0.677993535995483,-0.00199036667435981,5.43085413582933,0.11292867445815,-0.16622820195772,0.98039260093212,-0.785762312074761,5.37489601007241,0.165953771328334,565.687135176586,545.473011409107,0
4.22,-0.939556648441978,0.477764546871185,-0.0166225816360606,2.81603013474566,0.803324210264485,-0.796436810581762,0.498729799192028,1.99852461408041,-2.14038661776499,-2.11256896538928,530.807571255677,545.473011409107,0
4.23,0.392673809381619,0.0144204292446375,-0.00279552705617292,4.13798378329293,0.140780158148362,-0.377700569367244,-0.107437495528579,-4.02560653468431,-0.968101684550995,1.8408090315063,546.112255924184,545.473011409107,0
4.24,0.489392077831557,-0.674079477787018,0.0258966827518387,2.32774813870452,-1.29110139297267,0.198523159228379,0.448066735288195,-0.377252725179391,2.63496386797297,-0.364205995540047,564.112835767844,545.473011409107,0
4.25,-0.517366743869536,-0.027818338945508,0.0283131985283254,3.32915141109048,-1.43258657610691,-0.294727951628219,0.426151873634394,2.96224966146923,-2.08821223996338,-2.59119551195252,545.010840069927,545.473011409107,0
4.26,-1.05863608941988,1.50680923461914,0.00527325695189989,1.32420713876483,-0.289129497010692,1.00045751179202,-0.346154509085208,-1.34514469120688,0.166451711061591,1.23271166102994,503.967374444891,545.473011409107,0
4.27,-0.249527434682222,1.9570859670639,0.012432250813819,2.53309728371315,-0.631475386761534,-0.0829856957407508,0.235652022740761,1.32677773983344,-2.24833356998535,-2.85278261346997,494.15109799747,545.473011409107,0
4.28,-0.155319486110839,2.1786949634552,-0.00572682851888579,3.15359750373032,0.278163261097259,0.101273034628164,-0.117901279839629,-1.937409183571,2.50379665124249,0.746530138671507,488.639064664765,545.473011409107,0
4.29,0.127442654739232,2.04907369613647,-0.00038807461123689,1.48494946753838,0.0156115121397945,0.119070790834898,-0.0454304701586818,1.38016702648868,-0.548140145808723,-1.9383348848917,492.583476771397,545.473011409107,0
4.3,-0.0273291094232537,2.02168440818787,0.0335964569269805,4.65455183972738,-1.68908162910299,0.0236916749688863,0.0362533678033266,-4.45393324767393,-2.1634066200665,1.67485247279494,493.061611420306,545.473011409107,0
4.31,1.55303767557626,-0.150218293070793,0.0283357231825951,6.44195214085138,-1.39082571602149,1.07704064645655,1.11924634502331,3.36176466287826,5.66848144645366,-0.747940356606947,553.237735720152,545.473011409107,0
4.32,0.28810765751983,-0.739134788513184,-0.0205612882815371,4.34319326963474,1.02987489139706,0.0821391081463157,-0.276915069669904,-0.0701420242449823,-4.46307631189132,-2.92448368630963,565.375305749694,545.473011409107,0
4.33,-0.134350020519239,-0.598747551441193,0.0120918227971461,3.43590743844181,-0.611259366592269,0.129632568007058,-0.0373033176000845,-3.42446337365025,0.67241991442438,1.20084404701714,560.764119518857,545.473011409107,0
4.34,-0.85616789026124,0.638351917266846,-0.0176671956918305,0.732063257505122,0.864377692607288,-0.776005272770847,-0.362148315956099,1.03847607504263,-0.452363625891997,-1.11352364440494,526.917905935548,545.473011409107,0
4.35,-0.395932255511549,1.28901696205139,-0.0225154826022024,2.0539759938,1.11730725951544,0.195793555547345,0.344868353893774,-1.91242067901997,-1.34530295537079,2.68204179293265,511.142984597966,545.473011409107,0
4.36,0.957807940921504,0.0183277111500502,0.0390908994452821,3.28327134842541,-1.93541311502254,-0.242324862770918,0.927471191463534,-2.80986917898742,2.57494269259901,0.29635202131128,547.22908286231,545.473011409107,0
4.37,0.653762572167483,-0.977507591247559,-0.0025297733889702,3.59451152846658,0.143869683809844,0.625752915367568,-0.189328258401728,3.39423297512875,-1.19180288837852,-1.86847029577818,572.377801376412,545.473011409107,0
4.38,-0.411394741557957,-0.427669018507004,-0.000931049864238032,0.944710389084413,0.0411991076306308,0.319184064445318,0.259553526733033,-0.757674019699732,-0.56577837143676,2.25578441955826,555.547480995188,545.473011409107,0
4.39,-0.71768137917078,0.643881261348724,0.0199044297177593,0.986895878421603,-1.00717898910358,-0.0357725523268186,-0.717065598694351,-0.927670043637399,1.06197988732133,-0.0775733419806926,527.037258824823,545.473011409107,0
4.4,-0.577392772427495,1.56896674633026,-0.0148744673579472,0.327075364206575,0.736639923314323,-0.285057326314599,0.502340506175904,-0.462405274419117,-0.660150007710957,-2.59968883647568,503.343450963772,545.473011409107,0
4.41,1.86574931006129,-0.916240572929382,0.0190338568682663,5.8105070069867,-0.90392084694059,-1.83035706453944,0.362181987393107,-5.87760393891585,0.181208479426984,1.38564619358076,573.861794403745,545.473011409107,0
4.42,0.717800428446483,-2.12567663192749,-0.0173376994026357,4.53685359924177,0.883572879710909,0.371440103197914,0.614467493554259,3.1849664839047,3.34958655823631,-0.567864436175256,602.533557103253,545.473011409107,0
4.43,0.27657769600989,-2.6036319732666,-0.0224785846124076,3.85085888845359,1.12146684905328,0.205876330638317,-0.186052264644155,1.82164628324872,-3.57329076497192,-2.38675253649384,613.748279852237,545.473011409107,0
4.44,-0.710664910232528,-1.61169278621674,-0.050017130318942,1.01030629487211,2.47918561989866,0.668016602347369,0.247588664824191,-1.94301819086048,1.84167327649499,1.99599735699201,585.547943818757,545.473011409107,0
4.45,-1.08634081666058,-0.0550922416150571,-0.0550834183339133,2.82440146655322,2.72847093336286,-0.233646001385904,-1.06234650606782,3.15725641046744,2.33527926317951,-0.165825169216174,544.461269882964,545.473011409107,0
4.46,0.250954193811113,-0.296407073736191,0.0183106703521058,3.19456092044979,-0.913060249932775,0.152071001880697,-0.200468696875922,2.7961288752731,-1.79459237915921,-2.41978951436494,553.783137144898,545.473011409107,0
4.47,-0.881668014680039,0.943280935287476,-0.013473012496549,0.460346179278814,0.65448174499696,0.878031127033989,-0.0811255208611795,-0.408737872018924,0.687894113427576,1.49394318197528,518.93226018523,545.473011409107,0
4.48,-0.337315143341115,1.49658191204071,-0.0126646411785797,2.60819353944435,0.625482880237049,-0.297412764475919,-0.159648196326206,2.56643593670192,0.779300298648626,-1.0406238915087,505.901714366997,545.473011409107,0
4.49,1.17380994361035,-0.078105203807354,-0.0152177993521001,3.36834546886233,0.787313937213383,-0.319965600776775,-1.12946154403557,-1.71468427695512,-3.00424237765509,2.85257166428807,550.222679451914,545.473011409107,0
4.5,0.854347733382537,-1.35148501396179,0.0499941433046508,3.22329650772873,-2.47940318529218,-0.539110994348219,0.664656903728171,-4.0043418558327,0.708750191251878,0.739930410784017,582.49842422339,545.473011409107,0
4.51,-2.62098488212597,-4.59999990463257,0.00902037240562281,0.864161332916192,-0.504080346541373,-2.60056520812587,-0.326655350080882,0.796687423681754,0.60511234826608,-1.449282967939,528.171075147831,0,0
4.52,-7.41979242038699,-4.59999990463257,-0.0700353628160281,-6.19651444055773,3.39924818285557,7.29458591102885,1.35913240719823,5.42654627459714,4.52816463374988,1.76444350463514,350.880842857253,0,0
4.53,-5.49711761704298,-4.59999990463257,-0.0467438463198082,-5.43096348626519,2.28755303727702,-3.49688841764195,4.241728241806,-5.24282677250081,2.69091633482904,-2.44364551704944,212.886703984501,0,0
4.54,-4.76897216585285,-3.46353387832642,0.00316191176934133,-4.91585038241867,-0.175142885511528,-4.6940049228064,-0.842272699922378,-4.86996633293408,-0.69259506839112,-1.39391291785894,78.8208915708058,0,0
4.55,-0.709476914005907,-2.09674763679504,0.0354259464200094,0.248735725409073,-1.77556016341694,-0.546992214105496,-0.453224014031765,-0.864041143277965,1.57096029794864,-0.928763942074825,52.7905363489214,0,0
4.56,-0.664624434204622,-1.17110776901245,-0.00578954000397447,-0.462022772768671,0.287932033314266,-0.402601145957541,-0.528839743768324,-0.0460417461232472,-0.542448205803338,-0.641977747447035,28.84740644919,0,0
4.57,-1.1221038805746,0.375968337059021,-0.0348518410236067,-2.23454059689433,1.74347650225496,-0.664951375784341,-0.904528295558421,0.169115585343635,-2.82918396571838,-0.602870737392476,-12.3483053768567,0,0
4.58,-0.833705865304156,1.55572891235352,-0.0337891612973387,-1.16675141689991,1.69109404002048,-0.632251089257367,-0.544486673295686,0.301983348326853,-2.03221897894003,-0.819336441037492,-42.223314164177,0,0
4.59,0.290237270924753,1.21098351478577,-0.0239274209669822,2.44887002659432,1.1959183869722,0.244820152000366,0.15771267571916,2.72354564095101,0.0973875613569282,-1.08076547764398,-30.6197930928289,0,0
4.6,-0.299009149344725,1.55259311199188,-0.00191097198690077,0.19156283196968,0.0951277762826526,-0.292064377682611,-0.0640977573294111,0.207828787266953,-0.0505253163856875,-1.34836594669231,-40.9050167027564,0,0
4.61,1.47441755523574,-0.245593279600143,-0.00709430550282431,0.111120659130288,0.354434450057648,1.46066741876092,0.201017780627047,0.156786699319972,-0.336733590824506,-1.43884646358271,9.75316706444348,0,0
4.62,0.951358925441966,-1.58758938312531,-0.00564295741121207,0.514410637387145,0.28282345345523,0.893521387048251,0.326703503002043,0.579712669472999,-0.0924155318865919,-1.22619183911246,43.3848708193452,0,0
4.63,0.525781293757197,-2.34875416755676,0.036575589934799,0.835145999766337,-1.83011918503132,0.412489665520134,0.328079286885288,-0.619901254224244,1.91377310759573,-0.829436447035029,62.2027743825667,0,0
4.64,-0.734522771673521,-1.4522008895874,0.00702616246426471,-0.522135629566768,-0.353677666499978,-0.334220965907265,-0.654117279250396,-0.555400509900502,-0.298736976362513,-0.481934197534083,35.9613390862152,0,0
4.65,-0.894505881031494,-0.204885303974152,-0.016615867967162,-0.607436060583147,0.830200652377884,-0.327054000570886,-0.83273797738473,0.566726340526071,-0.858506229365497,-0.355663464970709,3.21044896913944,0,0
4.66,0.868652804742065,-1.24274718761444,0.036233463278081,0.341769514055666,-1.81302849088192,0.211292794100835,0.843342109827585,-1.70633502469704,0.701640572501035,-0.203800827463644,34.3083869073548,0,0
4.67,-0.660410012263234,-0.399805009365082,0.0039239608465291,-1.45815350304679,-0.197807883146899,-0.0344871851325199,-0.659520595453914,-0.282268433578811,-1.44418285839698,-0.0581853444243839,8.73027178426377,0,0
4.68,0.0523408251534914,-0.349211007356644,0.0354628141974765,-1.665936075388,-1.77593253649703,0.0350860506806442,0.0525941272024583,-1.76392398852064,-1.67864574707988,0.00718086565806845,9.1120836130627,0,0
4.69,-1.07572986484814,1.14060485363007,-0.00453982460213626,-1.1719249089517,0.226941734031596,-0.110926797987073,-1.07000495214833,0.109904037081057,-1.18862594852207,-0.0990802086866761,-32.1695696475277,0,0
4.7,-0.157818559693548,1.49480044841766,-0.035176355561501,-1.4577563888718,1.75901264471226,-0.0891964113163399,-0.134863167627865,1.12272963813067,-1.98963748788998,-0.36503053595491,-39.1762814949881,0,0
4.71,0.900189329913476,0.281709283590317,-0.0270706343044437,3.03748127356909,1.35324278000985,0.415971212751659,0.798775061637274,2.66422571602282,1.98983915003559,-0.510181533653872,-5.04938614170853,0,0
4.72,-0.218988653268159,0.46954208612442,-0.00198146740202479,0.0379131079012774,0.0979037402028578,-0.121399901073156,-0.182269088143588,0.102702343282033,-0.0217893272227931,-0.578525925201282,-12.6770494465502,0,0
4.73,1.05930177297828,-0.84550416469574,-0.0203336948575906,-0.178738908590914,1.01759467697694,0.506643656752487,0.930508415036617,0.795735499444281,-0.658977646798608,-0.517788709731861,24.4130175926677,0,0
4.74,-0.48801230567809,-0.332377582788467,-0.0247468089602024,0.643160559544224,1.23704780809688,-0.216449358905242,-0.43808456954847,1.39071919775244,0.0992113797572615,-0.408235387512048,7.53824673457439,0,0
4.75,-0.963111999767972,0.951934337615967,-0.00430050895012729,0.263492375578923,0.2146980611063,-0.46307247027011,-0.844492217697849,0.314367609550762,0.129214919790125,-0.497105937473172,-26.8921485661515,0,0
4.76,-0.0814453271948725,1.12813246250153,0.0234184792709305,0.540027938348569,-1.17340269264672,-0.0349651352031146,-0.0771958924650188,-0.543392940075353,1.17184818384629,-0.705279689665826,-29.3901374906605,0,0
4.77,0.580765042060054,0.398178845643997,-0.00659070074187534,-0.218158929379725,0.328240911563235,0.426302491398443,0.394458688892468,0.0583831195538662,-0.389777918619219,-0.835524425576295,-8.98276945956446,0,0
4.78,1.37425518986501,-1.37578880786896,0.0132417888298504,0.309216872531768,-0.6615962823171,0.897850918260044,1.0404885393035,-0.305283598354474,0.663420409401068,-0.702307714795826,38.8409739800994,0,0
4.79,-0.210182530161805,-1.25476145744324,0.0473219943441384,0.532325527751164,-2.36955869821324,-0.047666335526724,-0.210104706257091,-1.91032390994309,1.49961376723253,-0.444547563861264,32.112072759164,0,0
4.8,-0.0974232901942779,-1.07692301273346,0.0231431833600996,-1.01374662042752,-1.15939255303164,0.000535039576785745,-0.100133002256843,-1.35844256084472,-0.725608097625074,-0.227886620228432,27.6796811601366,0,0
4.81,-0.383448220651813,-0.519994735717773,-0.0461047570242611,-0.966211567347283,2.30592053535865,-0.0798368908132775,-0.377868042319771,2.21143109021978,-1.16636479776859,-0.0885573773928484,12.5303629982598,0,0
4.82,0.188563205646041,-0.693848431110382,0.00439848625269797,-1.60943530679236,-0.221110687651063,-0.000842715861213943,0.188612616319279,-0.176304804662436,-1.61495775758881,0.0277900358156812,18.3918745087418,0,0
4.83,0.89853486554184,-1.97690057754517,0.0295811680156446,0.239568521714072,-1.47906996469024,-0.2453636048148,0.864891121198356,-1.48179739660262,-0.222075465701931,0.309339650678746,53.5762763530976,0,0
4.84,-0.915056036770962,-0.613888442516327,0.000322099217588953,-3.43052605170147,-0.0178067368060278,0.466560160950204,-0.787178042372248,1.73276387292658,-2.96080317345795,0.534682314089832,13.4081473966449,0,0
4.85,0.481372489814002,-1.22509562969208,0.0245767343926648,-0.662184563557898,-1.23053726008176,-0.297005565309971,0.379619788733469,-0.495143878843479,-1.30672984350543,0.714913339566902,33.0261376859123,0,0
4.86,-0.445019244089789,-0.634448289871216,0.0079737898751756,1.93966910915082,-0.400809207008175,0.348714132271049,-0.276593859096095,-1.75249143213214,0.922896556348489,0.882310461493264,15.4171358510337,0,0
4.87,-0.264134390511186,-0.133323132991791,0.0219774376384056,-1.34839700762582,-1.10125717957392,0.226373588202902,-0.137858560053443,0.440715622002788,-1.68425402070474,0.940780677227761,2.71638581881023,0,0
4.88,-1.03556887157424,1.49725317955017,0.0406137053329171,-0.29821858436821,-2.03212997403559,0.752395779499548,-0.712708181393811,-1.24593594930268,-1.63282888438186,0.773281478877808,-41.4941394320975,0,0
4.89,0.213802075623415,1.28684222698212,0.0134556614435805,-0.487304572953797,-0.675465567566663,-0.0917401725237622,0.193587507631756,-0.355088293577359,-0.753413421405642,0.505398691651638,-32.8338728950684,0,0
4.9,0.981296995739033,-0.214369937777519,-0.0375261989505647,0.377529918249098,1.87705654365046,-0.450004679630782,0.872838930023476,1.53997333043836,1.13769602652589,0.43779865385266,8.09580696245555,0,0
4.91,0.949329505315338,-1.7892781496048,-0.0121731250222704,0.83068041315817,0.610049170104195,-0.599436285038558,0.736241016796976,-0.0381947877782243,1.02991800495769,0.670508432093491,48.9247225841154,0,0
4.92,-0.0180040999626385,-1.90498161315918,-0.0303025665433626,1.61213356483099,1.51448099012277,-9.1639862522308e-05,-0.0352474787284877,-0.606851761691898,2.12705388733557,1.03209365330961,49.4523098726976,0,0
4.93,-0.129880807059119,-1.69146871566772,0.0555545926021828,-0.66845423329044,-2.78235048606237,0.13836940176142,0.0284472398961538,0.0982975522513212,-2.85983266652383,1.36937509253821,43.5356203900681,0,0
4.94,-0.779028562594915,-0.576858043670654,-0.0436929687597475,-0.6807329766106,2.18472235008049,0.778517716299154,-0.0520071366842129,0.704017575544196,2.17733056417973,1.56012044631532,13.0642508624789,0,0
4.95,-0.12562477588609,-0.360035598278046,-0.0137142229539641,1.34018726905362,0.684871627327672,0.126267874937359,-0.00510764000931034,-1.38380812200324,0.591799073613441,1.63910507711912,9.11511884608419,0,0
4.96,0.957239905323314,-1.65390074253082,-0.000338963259528202,1.60396411971831,0.0169620605652801,-0.918269737820094,-0.270349847130151,-1.54361016941733,-0.436183738479261,1.85676477686126,45.1865199163993,0,0
4.97,-0.558725629506259,-1.05190241336823,0.0333085656403965,0.952006955102315,-1.66900613356918,0.462762539917764,0.314856509002189,0.0375074226186651,-1.92106530594439,2.10869116310541,26.065723713564,0,0
4.98,-0.889711573482732,0.165994018316269,0.00916523780035,-1.30408446585355,-0.459702722111836,0.732637817815875,0.504888614923181,1.33830680576576,0.347703581285308,2.16389415476174,-6.37868695368428,0,0
4.99,1.2377539070847,-1.29364514350891,0.000384710280455558,0.690923476592857,-0.0189156509945646,-0.928809668795355,-0.81813659107615,-0.505819130246785,-0.471041462969126,2.29323754691657,36.4234557592872,0,0
5,0.365462674228507,-1.82890009880066,-0.022087922871367,-1.80732903504585,1.10476189468726,-0.166180834842296,-0.326243425561559,-0.0363847194809809,2.11792663637366,2.61010695054088,48.208640170367,0,0
5.01,-0.68597624660371,-1.01540493965149,-0.00307998042201563,0.889295601520358,0.152211017806715,0.189364404723472,0.659328460941615,-0.388132132678703,-0.8144742527591,2.86640245712427,24.8128142817554,0,0
5.02,0.314863522477307,-1.3493218421936,-0.0427783576292545,0.00149081611974222,2.14023235666488,0.0275850053958809,-0.316556619178281,-2.13782715166084,0.101448670122969,3.0934775556132,35.7380981667324,0,0
5.03,-0.816778130659358,-0.340675294399261,-0.00636508952324766,-0.0343018421598916,0.317063296321978,-0.0708233190643304,0.813726665757456,-0.318885786368978,0.00419589108049568,-3.04698290571644,6.92944104074825,0,0
5.04,-0.817910513587847,0.843005418777466,-0.0342312340059407,-2.09382748288488,1.71244905702738,0.0211599423601064,0.818353006017832,-1.74568145551922,2.06620220618755,-3.12561599280533,-23.8280562639381,0,0
5.05,1.48769513235363,-0.929603695869446,-0.025613866747046,0.195692696410312,1.28242999841873,0.103672903171015,-1.48429943277848,-1.27038926900174,-0.262742150173538,-3.08907499742153,27.5314771018852,0,0
5.06,-0.492126042189372,-0.47765576839447,-0.021844042871916,1.43402316842214,1.09176984507728,-0.0706606642510259,0.487516434735865,-0.80404485792783,-1.61303927684088,-2.95329695855094,11.3134355727622,0,0
5.07,-0.250798541387476,-0.0641199275851249,0.032815855198869,-1.65565622505168,-1.64359449411938,-0.0886400274807185,0.236896041002665,1.22695280141494,1.98423466851881,-2.91365384025339,1.00470011103279,0,0
5.08,0.790355422662532,-1.08016014099121,-0.0275777355360606,0.884798590928015,1.38010514527262,0.301123322020835,-0.731263954098999,-0.985526919924209,-1.31007459658634,-2.78584717520117,29.9442690067989,0,0
5.09,-1.12589706875577,0.32168236374855,-0.00164643716231849,-0.860772062501135,0.0815271549446858,-0.443039281955764,1.03506671999069,-0.414772320029004,0.758642961552792,-2.73569630450388,-11.0142034936179,0,0
5.1,1.28598326315457,-1.2442969083786,0.0056941921728314,0.246499095365231,-0.283959532639825,0.629473502728213,-1.12140469336509,0.368606216556284,-0.0743254822316472,-2.62566767510098,35.349031945322,0,0
5.11,-0.366983135926222,-0.869794309139252,0.0402046128752003,-0.23022298507399,-2.01335035176311,-0.271900489758626,0.249726163266303,1.36369760961349,1.49897001015213,-2.42282933313651,21.6604369412255,0,0
5.12,-1.32223616167565,1.02786159515381,0.0199597883804385,-0.885099283841982,-0.998935529592153,-0.827692721246367,1.03132517645538,0.24490631600358,1.31198088054693,-2.48039150605782,-29.9140100974405,0,0
5.13,1.33103672905954,-0.700891494750977,-0.0386019220813306,3.01384625527533,1.93200840812417,0.840209029965767,-1.03305259714009,0.29953100792757,-3.56738096014282,-2.48777173722022,21.5368943830518,0,0
5.14,0.52538886257534,-1.5951851606369,0.0245538597175415,0.53158466207474,-1.22864095499498,0.39680395927451,-0.34522886155319,1.17919556319528,0.633749692689992,-2.24010028855989,42.7028619132072,0,0
5.15,0.520423848742715,-2.38789081573486,0.00170660809535009,-1.60538477316205,-0.0848758650115762,0.501164622708765,-0.140277994698215,-1.52476733578619,0.509459276175727,-1.84043677538015,63.2221357402649,0,0
5.16,-0.0753150596039708,-2.29881262779236,0.0240885521534238,-0.514581480226275,-1.20769064164158,-0.0698657302571419,-0.0370323680532879,-0.720114045902145,1.09760946907129,-1.39295348342675,59.394987942376,0,0
5.17,-1.54268938764037,-0.0687125399708748,0.00513233812426128,-0.591201888002421,-0.257894551870439,-1.44462536307438,-0.541271140922047,-0.643985931489637,0.0362131510021728,-1.21563376059617,-2.07361480738023,0,0
5.18,-0.321814224683473,0.540507614612579,0.0163293220550791,0.726051030121623,-0.818017478935779,-0.304210519952491,-0.106240300816772,0.466481548177471,0.989291493643338,-1.28550309282739,-14.7817231954812,0,0
5.19,-0.260921591592119,1.04408633708954,0.00464086762631111,-2.63971526735361,-0.232776631143634,-0.258443568312816,-0.0361737005160982,-2.64848751614625,-0.0882922959479152,-1.44951682937048,-27.8831751709903,0,0
5.2,0.570825162766726,0.216203674674034,-0.0247725388627394,-0.621139305200517,1.238562538832,0.570318163720767,0.0345287888513129,-0.599871777059143,-1.24900162135638,-1.55369766431713,-4.13952219305813,0,0
5.21,0.723945248627583,-0.940898597240448,-0.000590119664095723,-0.382128225351657,0.02883307564119,0.718959457114774,0.0848196337937185,-0.376177933766915,-0.0730991724179667,-1.45417873672746,26.2704295550115,0,0
5.22,0.0983326607888073,-1.15855824947357,0.0085342734908532,0.165519430159437,-0.428546604893275,0.095868521565378,0.0234813239552625,0.0192005093001735,0.458999144627168,-1.24401977977386,30.3048422048418,0,0
5.23,0.518052210420457,-1.92477977275848,0.0111513951145497,1.01858093770714,-0.558793177722069,0.422892134671335,0.299440626448122,0.485772984421908,1.05535849346794,-0.933147123870512,51.2197313658024,0,0
5.24,-1.92083430722166,0.546947836875916,0.00408913970642499,-0.851177438760204,-0.204100097508852,-1.43569695179816,-1.27608597651598,-0.772666273089239,-0.411274497735869,-0.846317484217177,-18.780389117388,0,0
5.25,-0.772098656377509,1.76372873783112,-0.00634343271033783,1.10092661836063,0.318416144658229,-0.692942012269282,-0.340599386304062,1.12680414580745,0.209142719656079,-1.10573479187603,-47.5464725942089,0,0
5.26,0.575121406020702,0.994076311588287,-0.0109227387451875,0.307339293631066,0.545168557156496,0.559769464865137,0.132446532946402,0.415800713130425,-0.467734929294325,-1.35744982781908,-24.3097432297638,0,0
5.27,-0.218515578333383,1.25300931930542,0.019935910102667,0.335710532001626,-0.998147692642411,-0.218545933036582,-0.0196003479347707,0.337242828518391,0.997631020085632,-1.57233186398237,-33.0209688664479,0,0
5.28,0.028930741010081,1.18849194049835,0.0270909454897155,1.23750453965977,-1.35713556176228,0.0218654271721139,-0.0330576798565796,1.51831006795077,1.03342583489946,-1.80465320408015,-30.6640023759826,0,0
5.29,1.39563693582786,-0.993998408317566,0.00392162741732816,0.677827244652793,-0.195697613304996,1.36560525539827,-0.287993267694256,0.703473697353782,0.0535918517898746,-1.77583140855227,29.5426471674681,0,0
5.3,-1.39574915823346,0.994089424610138,-0.0188883757576819,-1.39883380178461,0.94560710246402,-1.35367585730741,0.340637867523911,-1.57936628289318,-0.597085372208826,-1.80378518023752,-29.4911831661635,0,0
5.31,0.461075427804969,0.383254498243332,-0.0255990019061873,1.86828505373462,1.27958914914981,0.44021754233923,-0.139478939058686,1.29348798137241,-1.8586893970417,-1.93309428938098,-8.62524205073403,0,0
5.32,0.954866526694141,-1.2077317237854,-0.0293275291839322,2.27967325277667,1.46792573668034,0.933446519746406,-0.203243161120591,1.85535933543088,-1.97720961060363,-1.81588843232938,33.9215093631249,0,0
5.33,-0.384875842992048,-0.712311387062073,0.0289769241333088,-0.0623150188995562,-1.45185752125383,-0.385947376318958,-0.003701265132343,0.0329307691128596,1.45282104474275,-1.63635378610165,17.4698717862963,0,0
5.34,-1.24067899154132,1.25930750370026,0.0129144262644059,-0.241519242809681,-0.645758281924927,-1.22627644155974,0.188937109465802,-0.133335016292785,0.67642965395686,-1.73407684490261,-35.9282379788092,0,0
5.35,-0.155138050426412,1.61935341358185,-0.00847555717463748,0.483707331142712,0.422582424428483,-0.135640317728325,0.0757717227340618,0.248868760543224,-0.592125854580543,-2.02565722876611,-42.3417258330237,0,0
5.36,1.27462539324062,-0.238410323858261,0.0153336906799658,-0.142408626944292,-0.768081464373403,1.08024728072265,-0.676735419240785,0.278324303039622,0.729907484055108,-2.11841792757553,9.38551691360876,0,0
5.37,0.0791037581007049,-0.515696048736572,-0.0157732162168071,1.11935133660109,0.788269466437977,0.0778830413720975,-0.0209864423404522,0.653014248259318,-1.20328240992685,-2.03082339886526,13.6394839758499,0,0
5.38,0.941875303528002,-1.93342566490173,0.00916881771591826,-1.15553877785248,-0.458123531322404,0.922058146882474,-0.192410832288441,-1.0442032671467,0.674378657693339,-1.76678517677589,52.5836092351435,0,0
5.39,-1.73554807250636,0.643853008747101,0.0377810359877788,-1.72078076488136,-1.89054426601401,-1.7279970157059,0.166074779458998,-1.48712225927948,2.07935361314511,-1.68837580007259,-21.3111523203548,0,0
5.4,-0.00990366008891678,0.862198770046234,0.00535852476243021,-0.285728018105933,-0.269762459475811,-0.0109978316223625,-0.00241743053520555,-0.200189177815281,0.338136921910081,-1.85038502993288,-22.3555841035446,0,0
5.41,0.288850956551157,0.400782406330109,-0.000692023347741266,0.155731326313749,0.0329952407675384,0.26751959832883,-0.108943189354881,0.131571533234357,-0.0896095059193357,-1.95991945170078,-9.61539366234782,0,0
5.42,0.385079553868722,-0.205825865268707,0.0176843057265495,-0.936132494139784,-0.88623860022195,0.349179494613084,-0.163317721079235,-0.52701927218972,1.17644106943287,-1.96239536873171,6.31660834575373,0,0
5.43,0.106090192456514,-0.437469750642776,0.0239871552304275,0.981139185593361,-1.20160548171848,0.0930279351469125,-0.0563588132753928,1.3112520975911,0.828919641319738,-1.89312655349978,11.6825199298734,0,0
5.44,0.78427145827088,-1.74040234088898,0.0401580741327509,2.17559461889929,-2.00991197750513,0.777971223457512,-0.10702881223486,2.33938805991892,1.81665120708707,-1.65635274297984,47.2701861565504,0,0
5.45,-1.54823695738753,0.565819978713989,0.0269029820605434,-2.08825948452328,-1.34631971656376,-1.54846363954962,-0.00466943862705307,-2.06871271307471,1.37616574752928,-1.58515558479322,-18.7999422104952,0,0
5.46,-0.750070092332971,1.87500774860382,0.00948280206600655,1.11259851814689,-0.474861203142322,-0.721884175743747,0.203907586318376,1.20164319821251,0.13936372921976,-1.85873197332038,-50.5178520135233,0,0
5.47,-0.216517096559136,2.298668384552,4.23220777085037e-05,-0.7320977660221,-0.00378090248912809,-0.165605569447874,0.139479210857396,-0.557424911867636,0.474614477094346,-2.27096199429809,-60.2075101508851,0,0
5.48,0.514254275691534,1.62236261367798,-0.00806817592995018,-0.885932106471641,0.401062596632296,0.258510096257778,-0.444629155209884,-0.783063814704139,0.576661049313824,-2.63064515039272,-40.8876942562912,0,0
5.49,-0.219003418745047,1.92346084117889,-0.0224345392783578,-2.11823050298609,1.1213631843313,-0.0151264036736888,0.219629228215534,-1.46517274652783,1.89674054044997,-2.97074565521918,-50.474945554353,0,0
5.5,1.7447302555263,-0.302178174257278,0.000293259535028678,2.56346369133766,-0.0150905929157331,0.102304268514167,-1.7417283333499,0.165806255259189,-2.55814036137933,-3.0827547668224,11.9728629983818,0,0
