t,iq,iq_ref,id,vq,vd,ia,ib,va,vb,theta_e,omega,r,"T_ass:1.42,S_pct:4.18,kp:0.1641,ki:1.9796"
0,0.0221139598144585,0,-0.0958349741825938,0.454383915368212,-0.149731090584647,0,0,0,0,0,0,0,0
0.01,-2.03841481420125,0.0937457680702209,-0.0124052645642838,-1.45029066246052,0.77574118567396,-1.54093282505987,-1.23072974087265,-0.272314395315999,-2.05952567487097,-0.882502818861339,-5.77274458505243,0,0
0.02,1.28676779625729,0.0546534433960915,0.0692605915121605,1.79817067603403,-1.08377803858496,1.04335524588087,0.778311077226669,0.65066520140812,2.0331914462484,-0.911340505337701,-2.01328841980636,0,0
0.03,-1.95410675159106,0.141273349523544,0.0488947364618753,-2.05616802070343,3.0152866470768,-1.5568552785408,-1.04998923646326,-0.0497627413637385,-3.67766939813967,-0.946024202428728,-7.50450690962143,0,0
0.04,-0.739876542569728,0.200463980436325,-0.086063875170263,-1.304881071488,-0.00551649729723114,-0.570907557829736,-0.359088908175684,-1.30752684091831,-0.842261070394105,-1.00887971635553,-9.60633536373061,0,0
0.05,1.23493697758388,0.165570273995399,0.0354864226255058,1.90346986875902,1.94655908701055,1.03136944103072,0.623692092627757,3.03693260901375,-1.03054354925742,-1.06620740799715,-6.02207041521512,0,0
0.06,1.24259656328216,0.112699612975121,0.0665762191190337,1.0395857923974,-0.589343482185892,1.0956256398467,0.554463695138981,0.726467839367814,0.750454872467112,-1.09683594789595,-2.36748006300728,0,0
0.07,2.65708105613649,-0.0162802115082741,0.0880644591732654,1.19041610069663,-0.500033014778257,2.37578164976772,1.23232241795482,0.41581464654914,1.29331014842486,-1.0852031793769,5.50017825025396,0,0
0.08,2.38717983245211,-0.158230826258659,0.0312946200912331,2.64843464641299,0.458650907778908,2.05936075607553,1.27342683017884,2.0959251777646,1.12776288371736,-1.01812702057225,12.7138858318501,0,0
0.09,0.498284890659739,-0.225769698619843,0.163233003951164,1.97018209250456,2.41957345214797,0.428179634182091,0.384264129628205,2.19976542296209,-1.17203121366365,-0.918163570364112,14.5032127215919,0,0
0.1,-1.56279495733025,-0.1815574914217,-0.0275644132746791,-4.39195698657071,0.0502470525221227,0.044662478284229,-1.5698680989942,0.436991926869055,-4.69068581910827,0.0320930807411358,9.74457349184575,0,0
0.11,-0.737993568975427,-0.163909167051315,-0.00474916403662352,0.405753843294062,0.522841223743516,0.0600849507495997,-0.625144945829532,0.032474045154953,-0.0403419123674037,0.0967254970970572,7.90746983321686,0,0
0.12,-2.95282036296616,-0.0381697677075863,-0.143581325913134,-2.69618103990994,1.91563886152214,0.326107029681782,-2.89396829871343,1.9631223859155,-2.73252388587663,0.123267704248651,-0.655885441328365,0,0
0.13,-2.11261736957793,0.0751363486051559,-0.0735680111040116,-3.3444717248264,2.06589613151469,0.154672893525097,-1.98494313795819,2.12525481151858,-2.8716878683564,0.0962126479020478,-6.6533505748241,0,0
0.14,-1.33556771485979,0.162134915590286,-0.126904314980895,-1.27772639681166,3.39625787529523,-0.0119540986814814,-1.31170349272804,2.78806134996058,-0.6226326319945,0.0330017955520726,-10.5390126310499,0,0
0.15,0.74742586350309,0.154115661978722,0.129766517316666,-1.06291293960058,-2.31663371168261,0.660639479287702,0.470026469406403,-2.07235336578102,1.19835559762706,-0.897474461879699,-8.29250572132006,0,0
0.16,-2.42479969831894,0.285943984985352,-0.0158283810080258,-5.44681854979085,-1.81096082641404,-2.01501727662062,-1.38324087115352,-5.48911621540089,-1.3389174938083,-0.984920575601955,-15.6023785259321,0,0
0.17,1.70266848439584,0.249992907047272,-0.0693347756763461,3.69927033398126,0.847008735489167,1.49616430382303,0.80900574468922,3.48103473722184,1.24219186348522,-1.08145788681846,-10.6126864286268,0,0
0.18,1.18640718870569,0.209034457802773,0.0296036017736309,0.974376275354131,-0.827201485602161,1.01187919387407,0.45020385605476,1.0874616323663,0.814347707710988,-1.14686413377996,-7.27469463193416,0,0
0.19,-0.898509359696169,0.259478747844696,0.128058202493958,-2.12576907429244,0.552965624364591,-0.775487238339332,-0.263013981259872,-1.56551985112374,-2.10181513151897,-1.20936891398924,-9.78975725334071,0,0
0.2,2.64911560526635,0.153955355286598,-0.0766439184594688,4.59496839138341,-1.38105528179731,2.54478404405758,0.793251441836058,3.70752927626272,3.56576808889683,-1.25196185238633,-1.767677593181,0,0
0.21,2.39792623866282,0.0273345485329628,-0.025691662586443,2.80700423772553,0.810304512336497,2.23412167126696,0.775781447029012,2.63833466932735,0.68763482228337,-1.23835621230884,5.40689071846167,0,0
0.22,-0.355436205345324,0.0147503912448883,0.0993438354083116,2.15058083696475,-0.497699211491379,-0.2510795066989,-0.114222856912736,1.07416898449501,1.2611865627307,-1.20090179477474,4.74453769333242,0,0
0.23,1.51284194168868,-0.0677375271916389,0.0324577270173491,1.56483794377876,0.339282479345601,1.37693718239097,0.630716764600917,1.47559397852813,-0.0145399899342203,-1.14938610149648,9.28636746267931,0,0
0.24,-1.50749132438291,-0.0236294940114021,-0.117446944712709,-2.90075367471126,1.08882053041538,-1.32459933350916,-0.663959823537713,-1.92011414689093,-1.73403194385456,-1.09714436595749,4.90784455888629,0,0
0.25,-0.157549381951017,-0.0147706642746925,0.100934608823917,1.80494513968103,-0.467203245294824,-0.225134987404071,-0.146806340781392,0.775711241861555,1.52080364554721,-1.06382062482997,4.20039668091259,0,0
0.26,0.214770964643254,-0.0331295095384121,0.0161172286954852,0.200428827827933,-2.35517005036781,0.208828651000593,0.0769190701289183,-0.843034661615969,1.91364507538555,-1.03057500623975,4.86364965893047,0,0
0.27,0.790388206272748,-0.0862951129674911,-0.0868703853212968,3.26271628757032,-0.0644174271699015,0.676214269514865,0.453963135877142,2.9763915927286,1.68792950248412,-0.985394547341924,7.44195709737996,0,0
0.28,-2.94912186257463,0.0299143102020025,-0.0125531570337783,-5.99632584147491,-2.60557439083972,-2.29155870637484,-1.64913402573094,-5.75422955141078,-1.54969036093328,-0.961315226575022,-0.938019968249392,0,0
0.29,0.399800176968096,0.03317841142416,-0.0577947848219514,2.44562271240515,1.84619899240361,0.187526148045126,0.194027436566854,3.05053294828545,-1.10798434678391,-0.965561419659484,-0.127943359213883,0,0
0.3,-2.49342120775984,0.151065543293953,0.023878697917492,-3.83805508757538,2.1031062442853,-2.08968282604307,-1.31647329675001,-2.50589118168276,-3.88889952109656,-0.993339711704403,-7.47325693342975,0,0
0.31,2.65024181185152,0.0477669425308704,0.00518201258463943,2.23788567397734,-2.69956432908241,2.4348766880659,1.44299000704983,0.363707517313533,3.01625233044272,-1.01902824049753,0.638880220542888,0,0
0.32,-0.266760615256079,0.046228364109993,-0.101021019334405,-1.61218579965796,1.91054103671428,-0.265620322277811,-0.131697246721021,-0.616539128194686,-2.00704634902523,-1.01718146477648,-0.217876656239253,0,0
0.33,0.299671387094457,0.0312756970524788,0.217619911863415,0.753678901504443,0.342135413526137,0.284271326806162,0.187426726116479,0.876033036755586,0.00113137765899485,-1.01496171624728,0.830547707645332,0,0
0.34,-1.60172230433808,0.104735322296619,0.146954880000804,-3.57165323567564,-1.14957076438293,-1.33026492437181,-0.85092452718254,-3.93891861537063,-0.119223942349566,-1.02624705613591,-3.91845553115899,0,0
0.35,2.50403216408389,-0.0015573762357235,0.0266752492213458,5.62930199753337,2.64445256056101,2.15118282293064,1.34288568302762,5.80299364920256,1.29997996973716,-1.02759031866757,3.63725999603018,0,0
0.36,-0.698535737329104,0.00771950930356979,-0.133554507599635,0.305590626231105,1.53964252082504,-0.576650348609383,-0.325661226347858,0.965144935736228,-1.32531235435527,-1.00733442487692,1.79861833764515,0,0
0.37,0.97254915578194,-0.0433598011732101,0.069235566083856,1.619282777719,1.15019794926496,0.86663031776014,0.602113583046006,1.6251357079048,-0.13292993369423,-0.982739878402704,4.91208345598155,0,0
0.38,-1.70732513572966,0.0261515118181705,0.0249632541702095,-5.31527414634193,0.813148450107461,-1.43250672793318,-0.978213081112223,-3.74909947526936,-3.21532291710162,-0.965763977707014,-0.324335896597635,0,0
0.39,0.0259510815264658,0.0335144400596619,-0.0260603068415829,-1.03819002223988,-2.16221439607973,0.0799556255817865,0.0109428141346877,-1.42520160355594,1.22755339510066,-0.967679723488389,-0.189605203946084,0,0
0.4,0.795827088795043,-0.00293953903019428,-0.0856449540853718,0.443137987188678,-2.0474400584039,0.644495084513749,0.410559593239724,-0.50435501702181,1.64692991777568,-0.960744855227099,2.06282872554012,0,0
0.41,2.4844553021864,-0.127516835927963,-0.0850837448297005,4.77592977866019,0.239672546310292,1.89212080079378,1.44825608363109,3.92876267180024,2.74191367219176,-0.919189060357791,9.23188822756911,0,0
0.42,-1.95878799071474,-0.0708977431058884,-0.00201877948878858,-4.27338481848521,1.29746248731327,-1.42369914374008,-1.17948783455652,-2.55158439616702,-3.11335111050912,-0.870957223743658,3.8108066785395,0,0
0.43,1.2494084745002,-0.12911419570446,0.0508798435817124,1.82469305729715,-0.517003879936208,-0.0297071993672195,1.25976766208995,-0.564237547644259,1.92401917119732,0.0315631065679795,7.49880812311621,0,0
0.44,2.06988829176588,-0.247570902109146,0.00319531105070598,1.41344201717154,1.66550869865537,-0.236719316754536,1.99880875902849,0.804342061204742,1.38330743564294,0.108477180964774,13.4376763217042,0,0
0.45,-1.75620342511481,-0.199830591678619,-0.0387912467024601,-2.66272750871002,1.66776565614542,0.309263632881242,-1.78674642192259,2.00886939041347,-2.50654963961774,0.187980207771101,8.15049326810666,0,0
0.46,-1.49391765027364,-0.130871146917343,-0.00354175706578617,-2.41950760277152,0.690956091617107,0.339045224754925,-1.52370637041367,1.50279954827814,-2.52344573942137,0.230303721408605,3.427242018687,0,0
0.47,-1.25910697580847,-0.066273495554924,0.0198120319977379,-2.54757658525721,1.26707804759523,0.27259986726896,-1.26597788675638,2.37283688444838,-1.82769853955972,0.240911085752334,-0.499964024941099,0,0
0.48,-1.74868924324775,0.0274368301033974,0.095687406930065,-1.66838939355889,-0.164193923904645,0.390818395555276,-1.72167251969546,-0.00761656481424433,-2.21037667750272,0.217724853432949,-5.79297611706163,0,0
0.49,2.30766895013826,-0.0575610548257828,0.00145401993339585,2.37857185519589,-0.155034701107909,-0.43567940683476,2.19375811651662,-0.802454740093665,2.38055911149808,0.198873181638626,0.738937367125424,0,0
0.5,-0.487212624944266,-0.0481478683650494,-0.0729668041035561,-1.27346742753315,0.0430133656818182,0.0911806290918023,-0.470672937136508,0.357547006207004,-0.781953997369513,0.199504373866263,-0.631728854296723,0,0
0.51,3.02384767627636,4.59999990463257,0.0212963886861302,5.2033624469785,-2.21203637301906,-0.605294136074167,2.91764018206709,-2.95095403700352,4.80079567518239,0.216958198721642,6.71475534967395,1121.93227505684,0
0.52,6.15070624337449,4.59999990463257,0.0528135570204114,8.05318643882139,-2.90270517729845,-1.98005257621466,5.90476090163571,-5.37600143515265,7.05064534928508,0.332498058403329,24.9385887458803,1121.93227505684,0
0.53,7.04021784504567,4.59999990463257,0.071539511504137,11.0197378259989,-2.46000711466003,-3.8713088908414,5.84304857039964,-8.10633338467881,7.62920473722265,0.592239539141463,46.0348639890614,1121.93227505684,0
0.54,1.57012128284926,4.59999990463257,-0.102374220482231,2.03814374474311,1.53140585618402,-1.389054386058,0.952478239750036,-0.675601903212556,2.50812984699087,0.950269458436023,51.5026518233088,1121.93227505684,0
0.55,6.92826283699993,4.59999990463257,0.0536289235594125,12.6738625275391,-2.43984391365863,-6.87074998658487,1.15011086179618,-12.7373984590082,-0.186274901676087,1.4113575498775,74.619672227522,1121.93227505684,0
0.56,2.61281638846684,4.59999990463257,0.114473460194147,5.49334541786007,-0.394873099389112,-2.36378562678246,-1.05030555041196,-4.51325284246801,-2.09698451372341,1.98964107609186,82.8533703843782,1121.93227505684,0
0.57,3.42833797177159,4.59999990463257,0.0680626706921894,6.49751776414236,1.82710282023923,-1.62652627970472,-2.97584788395521,-4.40012826064412,-5.15679332425525,2.63363551970405,92.8415276694936,1121.93227505684,0
0.58,2.99754661156074,4.59999990463257,0.0535139451674224,6.0728121623094,-2.4990325656883,0.549502301193251,-2.90701805194231,3.90484513497941,-5.17229367013465,-2.93594502473886,101.994223479008,1121.93227505684,0
0.59,2.86227710623965,4.59999990463257,0.0254055495171582,7.97053637040102,-0.359477354285233,2.36187334741309,-1.57439839420085,7.0560769142838,-3.71593275568473,-2.15315267471428,111.440548518591,1121.93227505684,0
0.6,5.10599944271031,4.59999990463257,-0.0565483599430165,9.59106896687616,-0.707914813168774,4.90038464026808,1.45427997410793,9.11471588187093,3.13687999803113,-1.28058734893078,126.571472035145,1121.93227505684,0
0.61,4.14858006902554,4.59999990463257,-0.0488567981570011,8.28666884659371,-1.53608795068567,1.29232706429486,3.98477812308452,0.821116036187481,8.25028282037623,-0.305352303537534,139.829488433499,1121.93227505684,0
0.62,6.79139932582265,4.59999990463257,0.0511118586708858,11.9831886727189,-4.39967327601983,-4.83716216465749,4.81298650544726,-11.4271487353496,5.96733652862133,0.79892039864097,160.974827382135,1121.93227505684,0
0.63,2.18355763908861,4.59999990463257,-0.126548979955974,4.44411412155883,0.863162525402339,-1.98576247403713,-0.934793526211973,-4.28649759254792,-1.16485396334696,2.00421908810742,167.874391716181,1121.93227505684,0
0.64,2.79318870639536,4.59999990463257,0.167181068708188,7.49140515668114,-0.067405149084264,0.348776048459068,-2.79375281157807,1.24322559078193,-7.54941447717499,-3.01517457242281,176.68636452318,1121.93227505684,0
0.65,6.30976392418607,4.59999990463257,0.0804079582703162,11.5852593622328,-2.04838911056085,6.22521992187575,-0.541533032838087,11.6188705945689,1.1441714928615,-1.65072581243195,196.25789085097,1121.93227505684,0
0.66,3.63871762895563,4.59999990463257,0.148714500924592,8.82032396588317,-2.66918057402498,0.671997460594285,3.68450078315026,-0.529665446295096,8.68184201965875,-0.169524159048274,207.648580175115,1121.93227505684,0
0.67,6.47823043431615,4.59999990463257,0.150013783775515,12.7997264434073,-2.15242527615991,-6.3141792516498,0.969360577302634,-12.4965167479224,-0.980640831060178,1.4273644820601,227.908069816199,1121.93227505684,0
0.68,6.20999299858657,4.59999990463257,0.155038296127827,15.7460655830769,-3.19849447844372,0.0883595990256131,-6.1121364360223,3.54214831467788,-15.3196718359727,-3.11653172033745,247.19107916899,1121.93227505684,0
0.69,3.89576020826457,4.59999990463257,-0.1692054878316,8.4031612092856,0.315208393393776,3.64834273303992,1.16952303064143,8.10189658586779,2.2954829610868,-1.26167713099307,258.873058545505,1121.93227505684,0
0.7,6.76839009539259,4.59999990463257,0.0868674655066425,13.1901476892819,-3.13293593071696,-4.43939672952895,5.21417096833548,-11.2914324879596,7.99840152767558,0.715246557375753,280.034421938206,1121.93227505684,0
0.71,4.59951982280326,4.59999990463257,-0.057997744796204,11.0107277249752,0.296529321281985,-1.44906297402891,-4.37568892818047,-3.50428468021561,-10.8077382327249,2.82245485426706,294.533214147153,1121.93227505684,0
0.72,1.73749137618395,4.59999990463257,0.00629058809671098,6.44888348880139,-0.245663057044715,1.61697715991422,0.472559536783454,5.8359377430899,2.13340638121127,-1.28159260651654,299.881593505215,1121.93227505684,0
0.73,6.92122069221924,4.59999990463257,-0.0543075297197591,15.2993791872284,-1.83958336335317,-5.79020831041118,3.80575317145838,-14.3920363292725,7.38454789009929,0.994487296111511,321.332868247005,1121.93227505684,0
0.74,5.64710362529009,4.59999990463257,0.145807584716016,12.4969904544395,-4.8932971750565,1.43613818747963,-5.49000748655447,8.08129934160267,-10.8123995619484,-2.86819629287335,339.007592426949,1121.93227505684,0
0.75,6.45257152316861,4.59999990463257,0.171554166052526,14.8590832345632,-3.83784067355257,2.03794942532806,6.13695414511936,0.954873741794191,14.848871507254,-0.309021376763515,359.107668275864,1121.93227505684,0
0.76,2.15863774433144,4.59999990463257,0.137542015237525,8.71040897501646,-2.93938110888621,-1.59460023520613,-1.49460890727161,-3.73885798139134,-7.59876916495439,2.34975018202813,366.063265261977,1121.93227505684,0
0.77,5.35006095726015,4.59999990463257,0.13112664433856,13.9837188128352,-4.61211247335729,5.01896262832845,1.91653802982402,10.9567702534314,9.36973828871745,-1.18839569315322,382.763472661551,1121.93227505684,0
0.78,5.56667317778999,4.59999990463257,0.152196344750629,15.1246072411889,-3.49755153584083,-5.55118277387118,-0.542896883101644,-15.0112789230268,-5.57347943704264,1.6825779072941,400.509067055214,1121.93227505684,0
0.79,2.65362146431869,4.59999990463257,0.0583923906886854,7.91039517343551,0.0962891535572689,2.63977371156061,-0.174783525699858,8.32024850395461,-0.235054901644733,-1.63427060481648,408.815714638766,1121.93227505684,0
0.8,1.79879781270436,4.59999990463257,-0.108233846188402,8.91988854696588,1.20978780003556,-1.79904560887203,0.319013765143647,-8.72931711228598,2.79870165402902,1.38351568467712,414.542844699621,1121.93227505684,0
0.81,2.54895282634875,4.59999990463257,0.0500547987291869,10.3313986824951,-0.859534647778418,2.55982199515388,-0.695868813082675,10.2024077989359,-1.96478696530475,-1.83024035204732,422.86429307152,1121.93227505684,0
0.82,3.36233936337449,4.59999990463257,0.0267037464965703,9.57993509059625,-0.748704968253433,-3.2804854035542,0.892891725178395,-9.5635519919899,2.0191003744244,1.30861092040627,433.554159328841,1121.93227505684,0
0.83,3.74664304905933,4.59999990463257,0.222328816128861,11.3045203747084,-3.49050351089086,3.68452380496255,-0.748443600971345,11.1739474800275,1.0725055592118,-1.75421696782538,445.120491988971,1121.93227505684,0
0.84,3.07037879737929,4.59999990463257,-0.00435741716985542,13.5041186011332,-3.57738983471823,-3.11438411272168,0.154261973802265,-13.6278287799122,-3.31550443977002,1.54532880405622,455.081541561439,1121.93227505684,0
0.85,4.31976584290737,4.59999990463257,0.113269592330276,13.1727944852854,-2.17310993578052,4.21916919822206,0.869115533515252,12.0882839704196,5.96441076279738,-1.35225729947479,468.639008881746,1121.93227505684,0
0.86,3.74626672637964,4.59999990463257,0.054561268661253,12.4936076203975,-0.465174204756791,-3.17494185472194,-1.94206641788643,-10.2608730551729,-7.49624560143967,2.12559098476093,480.227301183754,1121.93227505684,0
0.87,5.3874303245443,4.59999990463257,-0.0467557714251004,14.1868081887191,-3.16477631144079,2.98276281975498,4.48738034871337,5.24832133843468,13.5378599897652,-0.575088201211645,497.179004517675,1121.93227505684,0
0.88,6.29096786020396,4.59999990463257,-0.0156373756431141,15.1497256290073,-4.40009905987497,-0.105631447422309,-6.19710800230217,4.38781933868912,-15.0562955623121,3.13946723289114,516.359323076462,1121.93227505684,0
0.89,3.21527974527225,4.59999990463257,0.017111746018969,13.4356282402122,-1.84224915832389,-2.02199308768563,2.5504084200902,-9.58427142417372,9.53107108773506,0.679934289983672,526.721899401052,1121.93227505684,0
0.9,6.20558262881475,4.59999990463257,0.206351180599552,16.8283091744117,-6.68800219041858,6.25098358653112,-0.756155680300927,17.6551387655739,4.62526698999506,-1.67038381188672,546.518478209569,1121.93227505684,0
0.91,6.8213256128926,4.59999990463257,0.180309675301014,21.1169111045217,-6.50729418409166,-4.63323237583605,-5.00766720217941,-9.4131946473067,-19.8274831676117,2.4137916566419,567.882895452693,1121.93227505684,0
0.92,7.14281005072063,4.59999990463257,0.146984292603618,17.8272341643553,-8.45100584289542,-2.45541438948092,6.66785567096298,-13.8891821452693,14.0177574826273,0.375468821011761,590.0466196473,1121.93227505684,0
0.93,3.94920479894146,4.59999990463257,0.0686604630481511,12.194214919583,-2.63064061338069,4.08233468688193,0.0917160765466306,12.3730262380671,3.06938271983182,-1.53478116277358,602.86520159419,1121.93227505684,0
0.94,6.82916058027916,4.59999990463257,0.0895723149806926,20.0621728026602,-4.57282963922208,-1.32751697903723,-6.83823150631416,1.16975048565355,-20.8018312938669,2.96441535574128,624.749773726697,1121.93227505684,0
0.95,3.37628148754466,4.59999990463257,0.060752855029831,11.7974576486979,-4.70942618246527,-2.86660695520181,-1.81988201695373,-7.6524785350625,-10.1491189795867,2.16164725291509,635.446812268293,1121.93227505684,0
0.96,6.3969984776293,4.59999990463257,0.33820612023911,15.5869306192191,-4.32053992714555,-3.59353533329196,5.32689865390533,-12.6697151627803,10.1066171948502,0.608599166622729,655.311723953145,1121.93227505684,0
0.97,2.73030243387128,4.59999990463257,-0.0464039911395389,11.129941204251,-2.82172828499627,2.10396656274253,1.80858411463075,6.26816181576753,9.62414535027206,-0.838680841895453,664.025795519852,1121.93227505684,0
0.98,2.81857407013121,4.59999990463257,-0.187851357409145,12.194450639602,-0.262903514291822,2.17546797196905,-1.68735895079017,10.1883026636374,-6.56725328803022,-2.22278284704941,672.627396006421,1121.93227505684,0
0.99,5.61211580258213,4.59999990463257,0.194274103834547,16.7206627596634,-5.74837282117435,-2.13466018281938,-5.16922957376763,-0.672162719521746,-17.5681414319774,2.77128997377287,689.977409859446,1121.93227505684,0
1,1.56165312042157,4.59999990463257,0.00011669448014871,11.7244196042848,-1.08807471487451,-1.5444135344618,0.0235874754585004,-11.2685631416648,-0.587019928244836,1.56483660798169,694.979267065091,1121.93227505684,0
1.01,3.01863059837874,4.59999990463257,0.225335407124328,11.7587879966957,-5.0244514465954,-1.16096439625623,2.90455482636432,-9.19193485880735,9.04949464752423,0.411818105172683,704.673935627253,1121.93227505684,0
1.02,4.68824710300476,4.59999990463257,0.232931241908979,14.9354893415727,-5.27778227603916,2.95826220584033,3.69235037449046,4.86962458293564,15.4033266848675,-0.651611052159733,719.516083033522,1121.93227505684,0
1.03,5.10929211189025,4.59999990463257,0.251885075828453,18.900556038078,-7.88672449140096,5.15069803967338,-0.314586343269665,18.9296795433678,7.11455909156513,-1.60121313010415,735.779865209512,1121.93227505684,0
1.04,6.80328144713913,4.59999990463257,0.249982214425891,21.8783388812007,-11.1326269133501,4.31513911910063,-5.164404676111,22.3740367928313,-9.49942103957636,-2.41376995662553,756.835601419645,1121.93227505684,0
1.05,3.12690290823623,4.59999990463257,0.214886992261267,13.94302354065,-2.90803060397607,0.0131535418974554,-3.12802798375148,4.24315848617733,-13.9820854750806,-3.1121438762751,766.790366780895,1121.93227505684,0
1.06,5.39595783859536,4.59999990463257,0.0955572398983423,19.6661290134367,-7.38658653173509,-3.0816689383598,-4.52591475565148,-4.53001640758592,-20.6617934003887,2.57147452122954,784.01654895763,1121.93227505684,0
1.07,3.03876707493851,4.59999990463257,-0.0376280791952364,16.4593595232366,-2.55411002218048,-2.76245017235955,-1.43114780108527,-12.559236116727,-10.7774585962816,2.07176346613462,793.880967696511,1121.93227505684,0
1.08,5.55947892442551,4.59999990463257,0.369288816539753,21.2311045874749,-5.68898520311998,-5.54572431620285,-0.449079980213538,-20.1551801608284,-7.66055622769381,1.67251503590453,811.535066934213,1121.93227505684,0
1.09,4.73144322674167,4.59999990463257,0.0754239459110114,17.1810149727785,-7.35268049922246,-4.7556351447277,0.997174812534922,-18.1726635342779,-3.8046453250782,1.39371407427318,826.672881899202,1121.93227505684,0
1.1,1.76772026421013,4.59999990463257,-0.192108941555452,12.2181667425378,-0.40490450025692,-1.60501405240326,0.666099902207913,-11.9251671788713,3.53910169328363,1.19111667583556,832.241333967279,1121.93227505684,0
1.11,5.74806819922235,4.59999990463257,0.130729267294889,21.3985108499392,-8.90514950052874,-4.99098700731782,2.89821672421139,-22.2985217339343,2.87033043220164,1.07373083045823,850.261462791475,1121.93227505684,0
1.12,3.50540956703457,4.59999990463257,0.115461201132626,16.2068008705578,-4.61325299779415,-3.02631328290099,1.79410321798188,-16.3248148366703,3.52785341575464,1.06415335644275,861.33344914458,1121.93227505684,0
1.13,2.64006917764865,4.59999990463257,0.24686776470926,14.8753324473096,-3.90184229728856,-2.37250414480098,-0.958890942134117,-12.5480838534401,-9.80889034081042,1.98620105789534,869.50120581941,1121.93227505684,0
1.14,1.7607155034758,4.59999990463257,-0.0841588880718965,13.3749778574088,-0.534883289712439,-1.45509478051966,-0.826638580205399,-11.5904484819869,-7.5308993582211,2.09635223023362,874.831851115876,1121.93227505684,0
1.15,5.45534353675534,4.59999990463257,0.0408466267699202,20.3469521908546,-6.83588460611125,-4.2694265285485,-3.51608109171733,-10.0745810114609,-18.9455167927576,2.28846592468901,891.972418184935,1121.93227505684,0
1.16,6.30813885236422,4.58443737030029,0.118230279388494,20.593055177654,-8.12434375418831,-3.34103846391754,-5.45195659814266,-3.21031688320212,-21.531269075949,2.61784988023238,912.088429772595,1121.93227505684,0
1.17,5.5134358499706,4.57270193099976,0.250666084499528,21.5420621960917,-6.79786780530939,-0.456847883052319,-5.55629730658426,5.80728704583122,-21.8219774090853,3.08573798856133,929.850603391573,1121.93227505684,0
1.18,5.36104426120919,4.59545707702637,0.122618647661551,19.2742047418158,-7.32563517562947,2.58711184978156,-4.61406029604826,15.9368988488791,-13.3891611580063,-2.60376742153711,946.494281607047,1121.93227505684,0
1.19,5.31988283610649,4.59705400466919,0.109318304188598,17.5812846965223,-8.35660564517128,4.8892386634892,-1.78845672927994,19.1564130785376,2.13346909233653,-1.88963856771141,962.745348054119,1121.93227505684,0
1.2,5.18277340761069,4.59999990463257,0.432596399335321,20.8830070320052,-8.45115725860995,4.62108643229726,2.40218105119808,13.7024781088386,18.1234371524441,-1.05576633298332,979.165290487344,1121.93227505684,0
1.21,1.57711008282176,4.59999990463257,0.156461084985262,13.5679287704884,-1.64460000710908,0.259350103038016,1.53497112245633,0.0589149888198173,13.6644936135688,-0.142681568711682,984.170852465665,1121.93227505684,0
1.22,5.49892886042638,4.55451965332031,0.264919179719359,21.6842684942327,-7.63112935029192,-3.98714004478673,3.69928666695773,-20.9242876841989,8.87799414011126,0.850131875510917,1001.22664004745,1121.93227505684,0
1.23,3.50013646072369,4.59463024139404,0.0598435186383231,17.978851969309,-4.20895610260059,-3.32174534280179,-1.2147211685668,-14.8688536126424,-10.530366812879,1.94689871185852,1012.33709130193,1121.93227505684,0
1.24,3.25548185528269,4.59468698501587,0.143372959000429,17.4050038949721,-6.49818468262856,-0.205463414946355,-3.20093354159328,6.54441623664346,-17.3036738175443,3.12153717158636,1022.42825866412,1121.93227505684,0
1.25,2.54109538351421,4.5967378616333,0.175181840291746,15.4776185673146,-5.22701459258774,2.31787284360602,-0.941291882269917,15.6433181314592,-1.14889008358318,-1.92110514734186,1030.27166428025,1121.93227505684,0
1.26,3.27649045404685,4.58391904830933,0.0698756822998729,18.77200656055,-4.58043555024391,1.97695896514921,2.64920920743419,7.46324555549359,18.278195692333,-0.613165712295884,1040.82927505664,1121.93227505684,0
1.27,6.35281393312071,4.40130996704102,0.105291020571941,26.1589339760236,-7.93997095018376,-6.38473283334729,-0.462110334233434,-25.4256686073802,-10.8346213306123,1.66998542332178,1061.45555489958,1121.93227505684,0
1.28,1.82751400583661,4.39570283889771,0.116042604534396,13.5960429250647,-3.45741289124284,0.0227180404128243,-1.82332422230225,3.7723067258249,-13.1196163399327,-3.09382897953104,1067.23479078418,1121.93227505684,0
1.29,2.01059485409741,4.39985370635986,0.0511233521393795,13.8167980024772,-4.46534301148933,1.98088458446171,-0.0139034240736478,13.2835995069139,5.02843973526654,-1.53122581229841,1073.370221964,1121.93227505684,0
1.3,3.54011355170234,4.3012228012085,0.182260157754178,18.0362843544355,-2.60924562329674,-0.288034591757361,3.64569227999132,-4.9088430165934,18.3209070966282,0.0968456666306572,1085.08894047892,1121.93227505684,0
1.31,4.0624029347365,4.14986848831177,0.192715626906938,19.6914907543472,-5.92586820980027,-3.886436455592,-0.816444366283779,-16.8202243616487,-11.457443011281,1.81455817085525,1097.79834378328,1121.93227505684,0
1.32,5.56420386300247,3.88608694076538,0.0811988017974707,23.4949674224674,-9.65828998183851,2.53451058099603,-4.98286534755667,19.1583587849005,-16.4056374775241,-2.63800509501038,1115.82757454084,1121.93227505684,0
1.33,5.28029887960976,3.59075689315796,0.327642161472342,21.9758780231333,-9.7431197177533,3.44858112727669,3.97277496589604,6.65916292625306,23.0249014499141,-0.678464962448663,1132.92451827383,1121.93227505684,0
1.34,1.82780857417018,3.4423725605011,0.133063974686255,15.7484090466649,-5.52994464728588,-1.7401835194956,0.48103398706136,-16.5988653059953,-2.37027414045529,1.36551056519309,1138.87761225059,1121.93227505684,0
1.35,0.562213844561275,3.36744785308838,0.191648481965624,14.3365670147064,-2.06427906766761,0.115045078072793,-0.50441589258658,5.9875892959762,-13.1832557150927,-2.84549701724675,1140.72266411016,1121.93227505684,0
1.36,0.3666514233076,3.29761505126953,-0.0180129740474556,18.6332007960326,-1.52793311067994,0.295715862030232,0.267796366730391,11.6622041564329,14.4075731467987,-0.760354627883608,1142.42783786959,1121.93227505684,0
1.37,2.61823452173764,3.11538314819336,-0.0125782626842035,17.1075194757373,-3.39775602236006,-2.52097815242555,0.612840196738213,-17.8820505396322,0.0186805473267926,1.36183700480188,1150.84445100209,1121.93227505684,0
1.38,3.88552106450909,2.83410334587097,0.217479056328516,24.0870975171137,-5.39444067576477,1.48592974301442,-3.56111472562018,13.9397620148896,-19.7566549751285,-2.7210905376924,1163.66268939214,1121.93227505684,0
1.39,-0.46053558743235,2.7396342754364,0.0302619909938594,14.9159004525317,-1.55984454685338,0.195499459950007,-0.397845303116769,-7.18539649925806,13.3112814281689,0.384503085571942,1162.75925546344,1121.93227505684,0
1.4,0.156058023279424,2.64313411712646,-0.158352011856025,14.4540460286623,2.23594554590171,-0.0454224856964147,-0.177160193842341,-9.29799680039722,-11.7756234540866,2.62797479010309,1163.59376157381,1121.93227505684,0
1.41,0.997465590654394,2.49671220779419,-0.0383403274210307,16.8540068329737,-4.07422881391482,1.02860274825938,0.100109445121113,15.9166651527863,6.87743683800514,-1.39539289990885,1167.19017871108,1121.93227505684,0
1.42,2.00560517191621,2.29320287704468,0.0760739409689682,18.5954463540278,-2.00090416936463,-1.43501381345619,1.1931035781145,-15.9028798140263,9.8464510351986,0.901127795522166,1173.56242428919,1121.93227505684,0
1.43,-0.390935404136636,2.18346452713013,-0.0361863883283303,16.779230143836,1.13804135959732,0.00194389086201437,0.317970520119193,0.104257808547624,-17.1162181921775,-3.06406311874414,1173.07231322784,1121.93227505684,0
1.44,0.164576513973829,2.06401228904724,0.186217925530987,13.6217208663688,-3.31932578696142,0.192327088981471,0.0909028422766909,6.47425561417949,12.9363538654346,-0.744763703535529,1173.95062112363,1121.93227505684,0
1.45,-0.424201506950162,1.97233319282532,-0.0269400162133989,12.5165551727967,1.34584303687807,0.397724800992581,-0.035213267736424,-12.1637598629192,1.68460767759776,1.57372862652088,1172.85835574844,1121.93227505684,0
1.46,1.3117513693361,1.79592573642731,0.0603202869060349,15.4901791197918,-3.60221328256208,0.862919924441072,-1.02400016783506,13.937591829885,-8.5842044766844,-2.37855673053762,1177.3408041782,1121.93227505684,0
1.47,0.673981924962003,1.63654911518097,-0.00469018547276449,14.5209510064099,-2.61741539067432,0.0635778453241929,0.630549312454494,-2.13150907655703,14.2042634687949,-0.0227715233719385,1179.59690338471,1121.93227505684,0
1.48,2.79646954236112,1.35767590999603,0.180117586549732,20.6866578748145,-5.13219457590879,-2.06094785765962,-2.00702806215239,-10.8191299850638,-18.0270804241106,2.37644349300876,1189.22159368122,1121.93227505684,0
1.49,0.829271642005134,1.14555132389069,0.0613349597214311,19.0298530805423,-4.26308761369435,0.899537146616857,0.0217884254942286,18.5812408341801,5.97324081430173,-1.45950243381848,1192.64674029132,1121.93227505684,0
1.5,-0.28792182516895,1.0010142326355,-0.0389121256217787,13.2027756308248,-3.23590143125192,0.235334161287823,-0.0863335026611754,-12.6186861239524,4.79401369661754,0.998449774107045,1192.17158274528,1121.93227505684,0
1.51,3.34389980733508,0.682006001472473,0.150788366912134,19.3987088939899,-5.71292064241017,3.04479151164826,-1.24747804395919,19.5424130694877,-1.94191154074806,-1.92809664928063,1202.93069344361,1121.93227505684,0
1.52,2.78998191754386,0.341421723365784,0.0742442331286041,23.3132433550281,-5.07306657350547,-1.58134489482137,2.25763988316556,-17.2729401315319,16.1760989312588,0.642007725341024,1212.43128017576,1121.93227505684,0
1.53,0.215688188713047,0.116183400154114,0.00758420056052325,16.0851442474318,-1.19112138752084,0.00132156907801278,-0.252251089205132,3.05940399647915,-15.6063766933612,-3.03152889230129,1213.7263006375,1121.93227505684,0
1.54,0.0113363271346541,-0.0804357528686523,-0.0841407879556388,15.7088071346498,-0.108284895625465,-0.0346067085069053,-0.0517755093107663,6.66222678750571,13.8710219733729,-0.416350399152383,1213.97956717227,1121.93227505684,0
1.55,-0.229586993696483,-0.269322037696838,0.0933274739831382,16.6163835890845,-1.27226694479471,0.175470872000207,0.137578054261582,-13.2641258030664,-10.2613248641501,2.19919147233788,1213.82162462688,1121.93227505684,0
1.56,1.19344671150269,-0.532827258110046,-0.0100704660394136,17.4553667316936,-2.69100077636245,1.27801357034303,0.10693029071787,17.1782762597121,4.28098104597369,-1.45249578043256,1218.35294168091,1121.93227505684,0
1.57,0.878452683868891,-0.800468444824219,0.111189770504844,18.1211345834294,-1.87017863567638,-0.910381978731428,0.398054235286559,-17.2432605414987,3.88528624495824,1.20926152659798,1222.02067154431,1121.93227505684,0
1.58,-3.92108609526203,-0.817539513111115,-0.0797780854609017,6.00696283359562,5.05373522581613,-2.44187585212176,3.05740915992406,0.484986146542944,-7.55967982769433,-2.44294793213744,1209.96703956831,1121.93227505684,0
1.59,-1.0912357541579,-0.929301500320435,0.0400879878253929,13.6125335616511,2.05383271368826,0.101312179690561,-1.08263306693728,0.118593418082214,13.7942864904581,0.131712909799186,1206.80533095494,1121.93227505684,0
1.6,-2.14687257948392,-0.998068273067474,-0.13107815479961,13.0216890027792,6.54466509317361,1.07928887882376,1.83692635376828,-11.6206334196191,-8.92684815160323,2.67205369313863,1200.50628640375,1121.93227505684,0
1.61,-3.58768250268121,-0.971173584461212,0.0311971726201976,10.7458956355826,5.95683790087238,-3.31558392405309,-1.40868864454941,12.3054312118713,-0.822588243073151,-1.13436711965833,1189.55135410174,1121.93227505684,0
1.62,-2.6671211199704,-0.960053563117981,-0.0879742812162018,13.043193850578,4.83614802633987,2.36156546877391,1.36604227775618,-13.8043519353593,-2.87332968859862,2.13333875979075,1181.31379539619,1121.93227505684,0
1.63,1.30201220373034,-1.14317238330841,-0.0742722855802235,20.4600683778117,-2.38574235262882,1.27872051640578,-0.29919845665839,20.715447006099,-1.01405913698239,-1.75716057520942,1185.89751065962,1121.93227505684,0
1.64,-3.80056188109983,-1.09764361381531,-0.126548119472679,8.63770364844336,5.38555957112472,2.07255817604166,-3.15396692402007,-0.718877153547669,10.3500169287822,0.611372476254778,1174.45600434258,1121.93227505684,0
1.65,-1.24137180197312,-1.12468028068542,0.0977830464624005,12.2039140404484,2.95815090990435,0.341052235707162,1.24232838426948,-5.69973605700543,-11.8047097542558,2.92287400937636,1170.54986116894,1121.93227505684,0
1.66,-3.01518611096087,-1.06867408752441,-0.116919441281775,9.05916225291446,3.37354494584847,-2.69483268955044,-1.31221810940881,9.95924068256804,1.85914621422709,-1.09674265871904,1161.31643299554,1121.93227505684,0
1.67,-3.35978810079328,-0.970365405082703,-0.0234557290597414,10.0034272591299,7.30284357489739,2.80676405955752,-1.6196944784962,-5.24945595683651,11.1809069630098,1.09570875286565,1151.22288638131,1121.93227505684,0
1.68,-0.74502302601911,-0.976158440113068,0.0848431210234573,13.9181502730287,2.7728057667587,-0.0237559482779027,0.807900246767361,-1.34632398569223,-14.0212273259457,-3.04068263065569,1148.85040610535,1121.93227505684,0
1.69,-0.400195646517345,-1.01008796691895,-0.0652896522891251,12.4745966909046,-1.33113020570929,-0.29268363802906,-0.245014713904885,9.20841508262044,8.08673552762325,-0.906344781154895,1147.75501638819,1121.93227505684,0
1.7,-2.72722832503281,-0.928935408592224,-0.211534293772588,11.6429293157496,2.7269530480424,2.46024094592123,-1.04931556363841,-9.55968209273932,7.25162778899503,1.19378830396244,1139.52085117461,1121.93227505684,0
1.71,-1.61106912736529,-0.866063475608826,-0.0889470577983498,9.26948205360112,2.32676442927262,-0.107844377897598,1.6504662269548,-1.93477178693819,-10.1588643425315,-3.03862845641496,1134.34024128686,1121.93227505684,0
1.72,0.4136207014606,-0.904816806316376,0.101154634516606,15.304137925723,-0.379562391293296,0.29511598238913,0.191751390002357,13.129135381051,8.30269759232227,-1.00197349056579,1135.64846349728,1121.93227505684,0
1.73,-0.194140400116636,-0.931234240531921,0.126183162414156,14.3407469995275,-2.08046628980142,0.144332920684469,-0.0529978132234607,-13.1951424429684,6.1188308964665,1.03867394495957,1135.3866865627,1121.93227505684,0
1.74,-1.91450339203092,-0.855628967285156,-0.131421266420618,9.05714758502502,2.95719037619447,-1.36748594108018,1.48546622583279,4.14827495841002,-8.32337709730542,-2.36702966476114,1128.99379587314,1121.93227505684,0
1.75,0.0648879266368464,-0.860911428928375,-0.0130382314013836,14.6627854084232,1.67373045492431,-0.018745428499857,0.0153504816179498,6.34534986017341,13.0972458068403,-0.373935606753231,1129.13148767527,1121.93227505684,0
1.76,-0.937333548607312,-0.833675742149353,-0.0584393632350764,14.3211287304269,0.215425864617463,0.906265845011345,0.0243301101411476,-14.2777264105343,-0.13708699645551,1.61018895111043,1126.49060523638,1121.93227505684,0
1.77,0.314623740602244,-0.854751646518707,-0.0906021871714587,15.7236160459302,-0.345738185199102,0.0956398644905002,-0.218522701065775,7.37155582789098,-14.4035940636599,-2.69490249243978,1127.49857369382,1121.93227505684,0
1.78,1.35277326020043,-0.940994024276733,0.00699760889825354,17.4511468320876,-2.05549854875868,0.889647417483355,0.988176316723106,9.40696060838584,15.0071645483451,-0.696472800235889,1132.01090066113,1121.93227505684,0
1.79,1.58600511181524,-1.05351579189301,0.193001883068975,15.0356000733155,-2.55472927235321,-1.52484947115733,0.410167381795875,-15.3492137161649,1.34031630414483,1.33743186623536,1137.14139434229,1121.93227505684,0
1.8,-3.44247839027423,-0.921931684017181,-0.22976969931651,7.80808457759586,7.12719592514043,-0.568757068686142,3.37999060506287,-5.22637816278546,-9.40317435977065,-2.93175694591666,1126.51732310241,1121.93227505684,0
1.81,-2.98814246123592,-0.758300542831421,-0.169731130152651,8.4053571322617,4.28275204193993,-2.56151335449821,-1.54046832549963,9.67084712336059,-0.0409423563200448,-0.992061724351076,1117.07497583343,1121.93227505684,0
1.82,-2.36241291986263,-0.617216110229492,-0.202684845943813,14.2648692985772,2.56774985274828,1.77708418842217,-1.53984091333476,-9.02240577318365,11.6413063474327,0.88684125251823,1109.92432204298,1121.93227505684,0
1.83,-0.0125034514422926,-0.579496920108795,-0.0828239014614239,12.3673823859262,2.44536542538978,0.0389299996660114,-0.0389689392004979,-6.99643683968343,-10.0518658942181,2.73942071233495,1109.90173468376,1121.93227505684,0
1.84,0.240938527794143,-0.569169163703918,-0.0243248432235454,14.5762055958347,-3.54871006998399,0.229422347009963,-0.111073061067575,15.0851587990038,2.43981981740031,-1.68769293174572,1110.79618618425,1121.93227505684,0
1.85,-2.90207597944388,-0.395982295274734,-0.15367091912821,9.35081659941645,5.93177454994924,0.294029242929006,-2.97604835950235,4.18916636924106,10.0814846887175,0.137304062529774,1101.41451066205,1121.93227505684,0
1.86,1.39236259052217,-0.403827250003815,0.129184067419888,16.9991265233014,-0.772411921803344,-0.444730690721494,-1.22254868407843,-5.00770072124244,-16.2241649729983,2.80374959131739,1105.53474418328,1121.93227505684,0
1.87,-0.764853211221739,-0.34213262796402,0.026583650589227,14.5211350099795,0.0617069606015824,-0.72817470828862,0.0665792250679249,14.119486891157,-1.06107809325357,-1.66648552512037,1103.39157465114,1121.93227505684,0
1.88,-0.208391797840164,-0.28449359536171,-0.0543480975485055,11.6209177831667,3.5361379508976,-0.0340891977001471,-0.291547354330647,2.00318104024913,11.92358566642,0.135060480917519,1102.45815435001,1121.93227505684,0
1.89,-2.57994375968015,-0.114237874746323,-0.131197817399159,12.7419360936326,4.83172094820822,2.46044587791289,0.763195192076883,-13.3872786064674,-0.399030602171684,1.90415126537598,1094.56665318362,1121.93227505684,0
1.9,1.18649027776922,-0.103888124227524,0.19193582551016,14.1762557952712,-2.41332685398885,0.555949403237028,-1.06756982456669,8.90500280877724,-11.3551082636814,-2.62561701837343,1098.25994849535,1121.93227505684,0
1.91,-0.835282685672934,-0.0183471739292145,-0.0586769087668613,11.2158490216678,0.695028652952507,-0.644426735402253,-0.527243257212385,8.77741061971401,6.60843348643004,-0.867849521082932,1095.61968979134,1121.93227505684,0
1.92,-1.03756246004964,0.0906461775302887,-0.123543455931813,11.2116966705561,1.69207990970553,0.705839939739992,-0.632022217344805,-7.20461565991162,7.66198469599204,0.868706936064962,1092.52169481131,1121.93227505684,0
1.93,2.32678156017213,0.0396797358989716,0.095995447457304,16.492653931105,-2.41535082845169,-1.18700379886771,-1.96364845513758,-6.03753917342451,-15.4465774162108,2.62023231065018,1099.74870966562,1121.93227505684,0
1.94,2.42353992005267,-0.0568118095397949,0.113574624178365,18.8109076388566,-4.12338256892612,2.32461877604257,-0.770393472995878,19.3830976652287,-1.25933601624958,-1.85503773464324,1107.74341607292,1121.93227505684,0
1.95,1.58200649196048,-0.12912717461586,0.10406403283837,17.428608843623,-1.69337683700467,0.0371133595531265,1.6532456922612,-2.02920741756848,16.9520479842072,0.00220122060121322,1113.2211133527,1121.93227505684,0
1.96,-2.75138020073133,0.0133020281791687,-0.178039139658243,10.531184171671,6.25481404347747,2.62118636961975,0.618788884879014,-11.8719391176479,2.95356978435419,1.84953385267395,1105.00554135845,1121.93227505684,0
1.97,0.904310716393678,0.0112629681825638,-0.0593971536272445,17.2443865766046,-2.7701046940889,0.435368565583174,-0.843154366950128,11.249472952486,-13.4109608757461,-2.60564884267603,1108.14047563149,1121.93227505684,0
1.98,-2.86836501481392,0.181310653686523,-0.163423688839275,8.60884311900852,6.9132060304242,0.0384142689482548,-2.91192592203361,6.38895587251921,9.34093033251495,0.0626650221131968,1099.10240416486,1121.93227505684,0
1.99,-1.90315874167583,0.337189316749573,-0.0436579010636721,11.3128453095199,2.58760648555449,1.77779309480009,0.379858134343627,-11.2630582379967,0.194079889790841,1.81486069118819,1093.35803300113,1121.93227505684,0
2,0.716000855571917,0.371013730764389,0.0706753845033698,16.2236831965658,1.41049076352635,0.279868124078039,-0.586062342841523,5.55556564262219,-15.334951148628,-2.72920778686763,1095.51077963503,1121.93227505684,0
2.01,1.14332721969898,0.366301655769348,0.028321494038646,15.6107099798221,-3.49655432480945,0.906181441607241,0.53823496648972,10.8654705494649,11.5818333401703,-0.969381354219329,1098.92725871654,1121.93227505684,0
2.02,-1.93709417727548,0.508000314235687,-0.176946806438091,11.0925476272507,3.33156627622946,1.34330097322247,-1.44899017117628,-5.60012746978435,9.96910280123823,0.780398800428759,1092.7695930629,1121.93227505684,0
2.03,-1.02292965201207,0.627414166927338,-0.0179789083119126,11.8799991788849,2.35490779659723,0.591835624935167,0.70843589738812,-8.79364065031798,-7.96726355485826,2.49657181298417,1089.82031320994,1121.93227505684,0
2.04,-0.478312735218561,0.722763538360596,0.104518453673767,13.2587697246257,-1.99343441969037,-0.430785364893004,0.224315200249479,12.0191584816738,-5.7585906604108,-2.08656157146789,1088.35135009444,1121.93227505684,0
2.05,-0.787416400285506,0.832888722419739,-0.125990798529628,13.8118955404892,1.70012889461895,-0.346878969885656,-0.694622817948987,7.43585413743499,11.6529064863902,-0.400580935720073,1085.99075582157,1121.93227505684,0
2.06,-0.767856524814783,0.956755638122559,0.0224006638437444,12.4607190227348,-0.0746605407548697,0.839650717601186,-0.268852677549674,-11.606922137385,3.79865941278784,1.26663408710166,1083.22511113079,1121.93227505684,0
2.07,-0.182104974228657,1.0470255613327,0.0548557622018701,14.5426355606934,-0.615296936899048,0.0221232929185129,0.141810202980586,-2.77608535051156,-14.7056520052557,2.92246715614774,1082.88590511323,1121.93227505684,0
2.08,2.90053024570152,0.982375144958496,0.236371642718304,17.2664872484031,-5.46048652004487,2.83046978783511,-0.41485843425272,17.3968285915308,4.32324071138245,-1.67298716277211,1091.94341351634,1121.93227505684,0
2.09,3.12485827543257,0.862927854061127,0.141896667723124,17.6919807564484,-5.70291167273144,-0.150684312143698,3.17028414827912,-7.34898753522613,17.2536114372029,0.0855200669602806,1102.08579010875,1121.93227505684,0
2.1,3.16717315915724,0.719738364219666,0.0874012975633269,19.9936564754148,-5.84238226807621,-3.02546244806725,-0.973076210460829,-16.6782383557967,-12.2120232505022,1.91936004797241,1112.45900010774,1121.93227505684,0
2.11,-0.481232689404519,0.740382850170135,0.0336687444991073,12.3654103514516,-1.24530298554642,-0.419004244685919,0.00168345339495956,12.0481934569997,0.570040557612101,-1.63488073799185,1111.28217447204,1121.93227505684,0
2.12,0.703576332643036,0.723193645477295,0.14511862654803,14.9410352742529,-3.7124421948101,-0.106307951040125,0.757885502499082,-7.14267203254952,13.7413546968869,0.237375562851075,1113.83135639264,1121.93227505684,0
2.13,-1.84898812126179,0.827919363975525,-0.223464897700614,10.129839462748,4.50888821581263,1.60860853843253,0.832035082803499,-10.8612651115223,-1.30932457761915,2.09810648468424,1108.13902919185,1121.93227505684,0
2.14,-0.787954256790837,0.905178129673004,-0.0407592828805483,12.8070885759976,0.398864292507238,-0.55000054439243,0.545549853884228,9.1090529384668,-8.8567252098263,-2.35407599746983,1105.76810561953,1121.93227505684,0
2.15,-2.11422607029528,1.0518741607666,0.00103588025476305,11.9311467319205,4.47454476391216,-1.22064169877378,-1.79173061232936,9.809985114756,7.69272899583864,-0.556631685540994,1098.98858685157,1121.93227505684,0
2.16,-0.472415866425995,1.13775753974915,0.0224498479368616,12.85231203205,0.595930129917881,0.476569845093424,-0.18518719345365,-11.8352293394468,4.65378932088727,1.21005115087551,1097.38452919012,1121.93227505684,0
2.17,2.656831970609,1.04682505130768,-0.00685810817562596,22.6711894089351,-4.6910541202568,-0.474524289756044,-2.66416132335779,1.88581412974634,-22.7796419426125,3.00355846872214,1106.27715543705,1121.93227505684,0
2.18,0.00301725722502511,1.05403101444244,-0.0219911312391922,15.4327114336305,1.2537851223086,0.127216455251036,0.0412237970451705,14.8018657326597,0.538159388855271,-1.45092558361554,1106.90428539829,1121.93227505684,0
2.19,2.8901811607897,0.934424459934235,0.0369932442924814,18.9953661062514,-3.97226180581196,-1.07159892254637,2.64983202073544,-11.4548069309841,16.1478119077165,0.413562091344723,1116.09827738215,1121.93227505684,0
2.2,2.0787550801725,0.819289565086365,0.0585475163307229,18.8545317973002,-2.49532461052987,-1.51900229271251,-1.40510201114214,-12.3573468024971,-14.702890487983,2.33747816891184,1123.03362619043,1121.93227505684,0
2.21,-2.02555923573691,0.900892913341522,0.0335469854286199,12.1602257128782,2.98144745471514,-1.74789795674911,0.893788171614771,9.75896851869025,-7.28145132302607,-2.0179308738653,1117.14371237042,1121.93227505684,0
2.22,0.637322478386428,0.890141785144806,0.14228428580633,15.7470836317303,-1.13550748712854,0.0944624363740461,0.542384721789291,-0.217903753744259,15.8318786958248,-0.10540817479788,1119.0235130795,1121.93227505684,0
2.23,1.31025728254153,0.819501876831055,-0.0160120247206307,15.5706936860666,-5.07429311773877,-0.683563905782805,-1.20413010560163,-2.59515437523266,-15.880307656047,2.6921304599083,1123.51289431461,1121.93227505684,0
2.24,-1.02935997777382,0.851952493190765,0.00826390621144836,13.9845692905024,5.3432025405136,-0.883563284189276,0.17487665224648,12.9144001968505,-6.18345553401026,-1.6482048209555,1120.8590478183,1121.93227505684,0
2.25,1.52192702235042,0.768411934375763,0.113626208664739,17.6061341707348,-1.67684878686226,-0.473356009093889,1.63179761218215,-7.21054082056835,16.7329198358781,0.305097030640683,1126.42130602139,1121.93227505684,0
2.26,1.62920637739997,0.664611041545868,-0.0674329327794743,17.3502051141682,-1.05157490098992,-1.18580129794205,-1.03674193341268,-12.2853473278511,-11.8687278432563,2.29847386957642,1131.68260154773,1121.93227505684,0
2.27,-0.985815823500858,0.683349788188934,-0.179903901719093,11.0247144050219,1.93167398997103,-0.877909248759737,0.419582307035048,9.67871764637366,-5.90195529855319,-1.98289157815762,1128.7326190633,1121.93227505684,0
2.28,-2.0596820983101,0.771342217922211,-0.0645129218576202,13.5641927905422,2.34397526581874,-0.0702723180585348,-1.98483238925504,2.09389329789947,13.6634183605666,-0.0141664599612456,1122.72549835427,1121.93227505684,0
2.29,-1.68853198723749,0.866681396961212,-0.225064925680855,12.1228902613029,1.41575788967275,1.6252861129233,0.543147818161843,-11.5730463004867,-2.51079906854663,1.91301316107078,1117.41162212478,1121.93227505684,0
2.3,1.13896914049933,0.822927474975586,0.155575373559507,14.4099731650079,-2.19287782186408,0.753103829884575,-0.959481308035308,10.2039126474075,-9.76325618265823,-2.44855793691244,1121.2334008259,1121.93227505684,0
2.31,1.69115048989621,0.727871656417846,0.0964631948827272,15.7044999017997,-0.413308325507225,0.813068141291983,1.49347035819704,6.94757142170657,13.9451010657856,-0.492262257509221,1126.76008133924,1121.93227505684,0
2.32,1.61844701870915,0.622398138046265,0.0935740629843498,17.0784132606622,-4.41095457735882,-1.58861037270756,0.194191626395395,-17.2681994874432,-3.12370161179018,1.50376391452648,1132.06034717066,1121.93227505684,0
2.33,2.00619379057159,0.486565709114075,-0.0523367370311029,16.2941524467754,-1.80704051811672,0.743361032758915,-1.84735013022561,8.0513913071171,-14.3295237352753,-2.73999129691477,1138.58604124245,1121.93227505684,0
2.34,-2.24148160335928,0.546153545379639,-0.11436844454143,14.6248497279528,3.85981683959713,-1.47336604655547,-1.63911148487059,11.613074143239,8.59659647779861,-0.700303891517559,1132.10407403984,1121.93227505684,0
2.35,2.84564264528625,0.385014802217484,0.0456909394570709,16.1486796993407,-2.38213340301942,-2.43600982501645,-1.73562102226865,-11.4109942300215,-12.0342951373024,2.20998967076797,1141.44010495744,1121.93227505684,0
2.36,-1.20440126195393,0.379948645830154,-0.00314009392256113,16.0188288642604,2.18920068513622,-1.05511312904473,0.532873969764205,13.8053074714115,-8.68534600464723,-2.00040875553195,1138.25477890336,1121.93227505684,0
2.37,-1.84985827972437,0.449178397655487,-0.0264375913658324,11.1387933034383,1.68599312144397,0.0349301902520389,-1.92070120127603,1.33047207776915,10.6127247670964,0.0382319139145032,1132.26310029694,1121.93227505684,0
2.38,2.56873791982096,0.306505143642426,0.0603145218191161,18.0127448962467,-4.76122570871375,-2.27355472931038,-1.16012922455145,-13.0914870630248,-13.2874736516154,2.08416503980383,1140.37256068914,1121.93227505684,0
2.39,1.00327969449552,0.197077840566635,0.0670506292495214,15.0819961468378,-2.93685373916162,0.866003535270969,-0.576445974719742,13.9958078962055,-5.46693074078467,-2.10970903309124,1143.87340393829,1121.93227505684,0
2.4,1.02491136368778,0.0910544395446777,0.0719782243250701,15.4597273817337,-1.07539916267519,0.0185597529245447,0.997639268650321,-1.2383446778541,15.4912682210473,0.00472666512256681,1147.25698307254,1121.93227505684,0
2.41,-1.88514962302393,0.128566771745682,-0.00179871907880222,11.68780080176,3.0278583519793,1.69859948406245,0.94040512691839,-11.4285315967204,-3.24654440463649,2.11002305009812,1141.37670689273,1121.93227505684,0
2.42,1.65848506301346,0.00833207368850708,0.0295492920377966,18.5120775341082,-1.98754579875073,1.45245029544023,-0.842137849836195,17.1853158693237,-6.86503342550075,-2.06961163839721,1146.92557176615,1121.93227505684,0
2.43,2.35428207521903,-0.183270275592804,0.0983074532163723,18.0364112244459,-6.81056619467562,-0.0702408175864553,2.42640020119146,-8.03546776622522,17.415151088383,0.0840598393693529,1154.88220027982,1121.93227505684,0
2.44,-0.918880280238419,-0.223145931959152,0.0270884305644296,13.2102554840858,0.756382714184911,0.719059434981394,0.547659933293866,-10.8639487119195,-6.99686692750838,2.25754232027192,1152.31517973631,1121.93227505684,0
2.45,-0.588317849110293,-0.256507515907288,-0.138400850888047,15.2559498442476,2.17408255375005,-0.545481657827065,0.205445746613286,13.8148268551363,-6.0937513623502,-1.8674544228094,1150.78579573774,1121.93227505684,0
2.46,1.93164478943938,-0.421143412590027,0.113826525792246,18.6698191613952,-2.60063599911064,-0.566273265254812,1.89447998834404,-7.53162103061069,17.6768407127303,0.309371350436263,1157.41185863703,1121.93227505684,0
2.47,-2.21158965190125,-0.399724185466766,-0.0748191341368812,12.799048001056,1.14305988590697,-0.417281202359292,2.18554113706677,0.850906824157716,-12.8832134559045,-2.93504507917746,1150.84499760734,1121.93227505684,0
2.48,-3.00213600017366,-0.29408460855484,-0.0396922261738388,8.53773449838461,7.7028239841185,-2.30732987727028,-1.95232129575717,11.4159658087295,0.414455276648012,-0.817065281777976,1141.35731397316,1121.93227505684,0
2.49,-1.33610431590424,-0.249005332589149,-0.00378463865241636,12.3905925910353,3.57265857494732,1.30605610612505,-0.495754336450859,-10.6161783728986,6.51079295633111,1.25043303234886,1137.06449306218,1121.93227505684,0
2.5,-0.279925856230608,-0.254002749919891,0.14233923613734,11.4417197139787,-0.471968537086773,-0.050209651487142,0.373880467050675,1.44785168250719,-11.4638008963508,-2.98515534230135,1135.89250409924,1121.93227505684,0
2.51,0.0388123752905204,-0.292412310838699,-0.0467177876288381,15.5807532561456,-0.917081233774837,0.123295679665636,0.0706427166637296,11.9960922653392,9.79191921622555,-0.939229813659886,1136.59457766174,1121.93227505684,0
2.52,-0.0193681350417425,-0.319100201129913,-0.0939636915861406,12.6367659042389,1.84636191994587,0.0868105930731288,-0.0956894251625728,-10.039822390856,7.56740372748853,1.10817735224236,1136.29242057028,1121.93227505684,0
2.53,-0.0699671222289465,-0.349248290061951,-0.00714353114835592,16.2303362722027,-2.4944577537478,-0.0377082951302322,0.0803007799044024,2.10494035740344,-15.9502815700359,-3.12851303308046,1136.34117249202,1121.93227505684,0
2.54,1.67535296598622,-0.470303535461426,-0.166923502017998,17.5918995739414,-0.166029515706869,1.46722059675595,0.817379851322965,15.6691690669919,8.77747719919953,-1.0613305468214,1141.93531503446,1121.93227505684,0
2.55,1.66668509740403,-0.610148310661316,0.02841350630414,17.0774189276806,-2.03338440462668,-1.40285085701827,0.84909261888298,-15.8066547054901,7.27161153813174,1.04670430599213,1147.44228705417,1121.93227505684,0
2.56,-1.26114381833232,-0.611211776733398,0.0771314288658442,12.8271167065448,1.02827229193022,-0.0022679349517666,1.28062280031293,-0.76152216438065,-12.6845343911688,-3.12204301856015,1143.67678414005,1121.93227505684,0
2.57,1.09074254596815,-0.708648085594177,-0.0132733358633373,18.0041964454426,-0.921459760942026,0.88450747868302,0.525965038175756,14.9306849476165,10.9886884743499,-1.00845495626358,1147.30186317574,1121.93227505684,0
2.58,-2.92421532087814,-0.623973190784454,-0.0416903496735927,7.25916417011153,5.32055893332754,2.47289711138263,-1.41269969070857,-4.59743678451097,7.74499630485671,1.08650095738732,1138.47640920121,1121.93227505684,0
2.59,-0.424648744187502,-0.625668287277222,-0.0783481070127583,15.917735459904,-1.22098273382093,-0.332943415658598,0.252354896415407,12.2915330917773,-8.75526221315278,-2.27749501814028,1137.34919377925,1121.93227505684,0
2.6,-1.14380834656292,-0.593794226646423,-0.184476802686001,10.8355162155265,3.40425634853097,-0.357959684664654,-1.18865991659369,5.81475980872133,9.96221083441649,-0.237358345427672,1133.55689192331,1121.93227505684,0
2.61,-1.01754867090353,-0.563702464103699,-0.201323861882826,13.9126804287842,2.07837357934744,0.997954693588565,0.163045602227422,-14.4231175034541,-0.8491886884908,1.7778849524103,1130.57620573133,1121.93227505684,0
2.62,-1.62315335423924,-0.500141620635986,-0.0533565474021682,11.3492316928531,3.70002794268208,-0.832162749503616,1.27837607415071,4.00381439632271,-11.4060154489325,-2.51808275871043,1125.91358224418,1121.93227505684,0
2.63,-2.84479672550294,-0.358362346887589,0.0722908812652746,12.5909004252074,3.8104883339347,-1.6545985278527,-2.33741039480763,10.9350602432282,7.89683243249201,-0.580440846790262,1117.07316904595,1121.93227505684,0
2.64,-3.07805144506082,-0.171616449952126,-0.280418613027687,7.9601140506934,4.51994781539079,2.97978547123923,-0.977806434237004,-6.86024030492249,7.40646873987284,1.28852057345871,1107.21243272352,1121.93227505684,0
2.65,-3.01402097025822,0.0316359400749207,-0.0789423094849778,10.6258000706901,4.53192339919684,0.256600219419769,3.06806366678584,-4.57986313963631,-10.1953999645492,3.08575322506719,1097.54950163098,1121.93227505684,0
2.66,-0.146692564812399,0.11156502366066,0.0237529452526747,12.8130531858541,-0.606623669751168,-0.220028322538278,-0.0408484456977695,12.8289687465384,2.36136232082239,-1.4385142616156,1096.76330398585,1121.93227505684,0
2.67,0.494554014412486,0.143202424049377,0.100919211940286,13.2680385165035,-3.18609399803096,-0.0976858106798518,0.406278780226422,-6.03153930249521,12.3481289195568,0.322793237925053,1098.09696667263,1121.93227505684,0
2.68,-1.88663582316762,0.287335932254791,-0.139301271697625,10.5738595605368,2.88485607657353,1.70807088306728,0.834975357874665,-10.9055680267117,-1.65015255463912,2.06696016771304,1092.09584640427,1121.93227505684,0
2.69,2.26913177761513,0.243649750947952,0.117898103514063,16.6261867340497,-3.04443217152594,1.37814186195332,-1.84854542877855,13.1255262335216,-10.6229901121357,-2.4683717715981,1099.25951013875,1121.93227505684,0
2.7,-1.25967959002639,0.346399217844009,-0.0304295332171978,9.64495565915597,3.69433874626517,-0.915996205983465,-0.975367538591717,8.85205920984184,5.83030101160441,-0.708694566371053,1095.0847125598,1121.93227505684,0
2.71,1.78211558234307,0.314312279224396,0.183210933945275,18.238375053888,-4.24986597599156,-1.73344382710975,-0.542635783138927,-15.2826968437767,-9.69447031453602,1.91796047168771,1100.95182940925,1121.93227505684,0
2.72,2.49286617891705,0.217317447066307,0.139447108788531,19.3627527090719,-6.88463297385247,1.25161634098101,-2.09934560112616,16.2962566753766,-12.3341058746411,-2.5485879832898,1108.92703327376,1121.93227505684,0
2.73,-0.957471142571767,0.276137679815292,-0.117291175232217,12.6993028247197,0.792478479813623,-0.618435787417792,-0.694378971766399,8.80688458467702,9.35316639984975,-0.712874032274512,1106.15454594284,1121.93227505684,0
2.74,0.899055772429402,0.266168594360352,0.208389303172966,14.8740622962111,-3.98716707725661,-0.781320931212276,0.466430794837358,-15.5084209878902,2.9109140517807,1.12309521348543,1109.08941705471,1121.93227505684,0
2.75,0.761058378722995,0.246955931186676,0.0848594248167214,15.9539904966594,-1.98408265267117,-0.156093859044382,-0.715678309771075,-0.751582382416662,-16.4129538986768,2.97928101388929,1111.61746567583,1121.93227505684,0
2.76,0.531441360395982,0.232468858361244,0.118233506986446,14.6433287634418,-3.33071799243964,0.581494040319295,0.0223716872518962,13.6756067429616,4.89715582418336,-1.4313602808151,1113.55413349719,1121.93227505684,0
2.77,0.20913347912718,0.233325153589249,-0.0697736524654333,12.1367301234774,-0.0603987243252281,-0.111802068395239,0.241606263460859,-5.46919559722212,10.7485154279207,0.451258374907965,1114.38012439661,1121.93227505684,0
2.78,1.73732298659676,0.158304095268249,0.125913645042389,16.834805278913,-4.68778610500812,-1.25746553071117,-1.12950407464518,-8.38525736850339,-14.844645547066,2.35712529193328,1119.88757899214,1121.93227505684,0
2.79,1.20912124381527,0.0826782733201981,0.18512651192229,16.5239801181945,-1.66119488216879,1.16181855993626,-0.558596700902348,16.2798408630216,-4.76291064598693,-1.98407211781216,1124.20528883281,1121.93227505684,0
2.8,-1.98515160842266,0.169221132993698,-0.0379043404079463,9.29862828094388,3.4815609074796,-0.173808317629799,-1.92505808664057,4.24648489602526,9.08402810864902,-0.0485805190638706,1118.11977991407,1121.93227505684,0
2.81,0.338735933211053,0.171274423599243,0.0257985415709508,14.1735920006315,-2.48970201645179,-0.298818698735774,-0.0553423438526807,-13.2861917691663,-5.88420252428563,1.86805720604341,1119.14697415531,1121.93227505684,0
2.82,0.889015856666045,0.119177870452404,0.0209271086088966,17.5188128289935,-3.17751307766167,0.558645379717038,-0.819209139725853,13.3096290946039,-12.185183895203,-2.48176830822411,1122.6136874446,1121.93227505684,0
2.83,-2.41831047284797,0.231979429721832,0.230682604670668,8.57279898951513,1.72894847775305,0.666405925128666,-2.25357904211796,-1.33702088090888,8.12365677023135,0.298677229992779,1115.24013689732,1121.93227505684,0
2.84,-1.34531001029035,0.324296116828918,-0.154785790705583,15.9220574122803,3.6689798743729,1.19205101188062,0.724685110549559,-15.1024184704515,-5.69729952364888,2.17535017940276,1111.12738000069,1121.93227505684,0
2.85,1.80967073745361,0.264572739601135,0.0605480107701146,14.959153302077,-3.01252291917689,1.34584839788053,-1.09645549895656,13.8007329949682,-7.61696955114481,-2.22620832596647,1116.62558257786,1121.93227505684,0
2.86,-2.60774924745411,0.391939759254456,-0.128333421861995,12.3556874699029,5.34964788387704,-0.99184407560269,-2.36958735530413,9.53494015409312,10.0588216427922,-0.352237867615187,1108.878537695,1121.93227505684,0
2.87,1.9280207260291,0.336197197437286,0.0417726161852305,16.3150821116245,-3.22839330158094,-1.89724640184076,0.177514108560562,-16.5864442535637,-2.48416086999859,1.51416273238091,1114.83287832305,1121.93227505684,0
2.88,2.8409625329462,0.192556783556938,0.0606611227061442,21.4357340590584,-4.30217529484493,0.720027237248644,-2.66064723125517,9.93104701915536,-18.7212968276771,-2.84655900202038,1123.90530739975,1121.93227505684,0
2.89,2.54416744199847,0.0417040586471558,0.125537165561632,18.5690867027992,-2.69184751166406,1.8891054853745,1.56672939118019,12.9451207995715,13.8101641308446,-0.860918412894368,1132.04562483554,1121.93227505684,0
2.9,-1.98513842100893,0.102561853826046,-0.0277061402729959,9.74069517407433,2.68782905260407,1.72095765980425,-0.87931954995478,-7.45965589078516,7.01216120945704,1.13302640002945,1126.15902127177,1121.93227505684,0
2.91,-2.69633488787213,0.241963788866997,0.0136284793642122,8.40105955420899,5.18452102235577,0.292023068339217,2.6747360693353,-5.7654155029401,-8.1257655919304,3.0734045175039,1117.60175120722,1121.93227505684,0
2.92,-1.56570450984168,0.341454923152924,-0.0914144902160698,11.2126032508262,0.965558498906037,-1.44394102524649,-0.35688357485491,11.3702914061482,2.24612099038088,-1.31773059537269,1112.98305048497,1121.93227505684,0
2.93,1.46414205937344,0.286919236183167,0.0252377501655533,18.6107483999673,-2.39557125664632,-0.768610455305585,1.29299286344526,-12.4101375029069,13.7378006279398,0.57569358703341,1117.96006485836,1121.93227505684,0
2.94,-2.10864635199284,0.3857501745224,0.00288595318387984,10.1863055513583,2.33741087676525,1.27885549997104,1.50538102194416,-8.19169577856401,-6.05386298295917,2.46544530664252,1111.85360403148,1121.93227505684,0
2.95,0.956410298110153,0.359390884637833,-0.066634095339246,17.4149142420049,-1.39718763549812,0.977616267325255,-0.416154431184909,16.9756064870595,-4.51945571951726,-1.93793822166405,1115.39887008951,1121.93227505684,0
2.96,1.4152802713941,0.291852205991745,0.0917094359878749,15.9988683124559,-2.76168617537913,-1.01145079061046,0.985867488330454,-13.2622413225003,8.75935781838028,0.833415594102726,1119.99024212533,1121.93227505684,0
2.97,2.58652692625782,0.155183404684067,0.0688823869149178,18.398068126411,-4.89098630931173,-0.965133607024227,-2.32820891265132,-1.36127788685718,-18.6153256145319,2.79048210446254,1128.18867978418,1121.93227505684,0
2.98,-1.46221023154614,0.199824526906013,0.0728605161048865,10.0918288594389,0.35119467870534,-1.43711105567101,-0.0487255922740523,10.3599840616162,-0.436886097454968,-1.52159071838591,1123.78522738196,1121.93227505684,0
2.99,0.997954012107514,0.142446398735046,-0.0241681161434198,17.7528854694839,-1.63611837631306,-0.450856149089399,1.01019980343938,-9.1571839256282,15.8260245960537,0.446630363919822,1127.54774081465,1121.93227505684,0
3,-1.65223207045703,0.203908368945122,-0.0716695668304734,10.0587555578555,3.58381329794581,1.09651928728303,1.11989558034732,-9.01822840933604,-5.12603450315944,2.41092954168904,1122.64160709419,1121.93227505684,0
3.01,5.58708488851154,4.59999990463257,0.157645413320869,22.9711509606211,-7.70509921773613,5.27362095756115,-1.81512957153024,24.5982990768392,0.581244370171696,-1.87269072530876,1138.62084716146,2463.13830000669,0
3.02,1.64776640174149,4.59999990463257,0.0507039544072522,16.3743255070231,-2.81029044517245,-0.294561229917022,1.56670142993922,-5.23906865883505,15.4695385138407,0.210331142327303,1143.85800176349,2463.13830000669,0
3.03,2.14713526438991,4.59999990463257,-0.0459287987427699,19.1060952672484,-6.50952706453385,-1.57456090891577,-1.3453025422874,-9.34780745689916,-17.2393723157804,2.33652382260073,1150.53549144608,2463.13830000669,0
3.04,3.68257147110297,4.59999990463257,0.204519712508055,19.8910981428543,-6.85909114916692,3.64902024213496,-0.816986939316205,20.4067571568502,3.25534023348857,-1.75294204537691,1162.30948515899,2463.13830000669,0
3.05,4.41661953450365,4.59999990463257,0.31141106979586,20.3587799252744,-6.99498972672373,-2.11618902326587,3.87954434940404,-17.1080746791776,13.8025655068448,0.53521052041927,1176.30282237752,2463.13830000669,0
3.06,2.69665117251562,4.59999990463257,0.104041428609921,22.880162351088,-5.30211026495166,-0.732636882484446,-2.59136633759605,-0.0881185790895245,-23.4038812037416,2.90713360917581,1185.09867508237,2463.13830000669,0
3.07,4.03822373426748,4.59999990463257,0.202455368955586,20.0119662047349,-8.06241167455163,3.33013100283006,2.31162221733781,11.4106218063548,18.1471472856803,-0.925138848100824,1197.88205089551,2463.13830000669,0
3.08,5.88298026764196,4.59999990463257,0.292872226484928,21.7239574133638,-10.7223219308805,-3.69105965511942,-4.56867264676288,-4.39191105045919,-24.5122123454694,2.50117452739458,1216.34354992049,2463.13830000669,0
3.09,2.49963382832975,4.59999990463257,0.110795412653856,20.4540569860936,-4.6936534888107,2.23758739261732,0.974860650439259,16.3591450404992,13.2270870432132,-1.11956981909977,1224.28715813804,2463.13830000669,0
3.1,4.82393389284374,4.59999990463257,0.151953755179832,23.2624421491003,-8.52998133165152,-4.91911480939268,-0.114671209317851,-22.8978765071546,-9.41797945556319,1.62841923820714,1239.78533909075,2463.13830000669,0
3.11,5.01190958479968,4.59999990463257,0.294243348270931,21.3834201330507,-12.0274475880985,4.73005210156316,-1.30760949328021,23.7063860779414,6.29267052673356,-1.79280655607942,1255.27032005648,2463.13830000669,0
3.12,4.98817975843097,4.59999990463257,0.246153974247872,24.3505668325864,-8.27046663002583,-4.5307638716203,2.03759645376284,-25.2268427336995,1.16572714595769,1.18356227114862,1271.04624340186,2463.13830000669,0
3.13,5.85203304821344,4.59999990463257,0.186924452958509,26.0035048687592,-10.5527489425677,5.23797858359222,-2.62534612373152,27.9194817392618,-0.918965529756578,-1.99742013181459,1289.64278695214,2463.13830000669,0
3.14,2.4464222783656,4.59999990463257,0.000582088494177208,18.2123880726359,-2.07454667240307,-2.31320954974678,0.953609444539504,-17.9274516960142,4.01876898920374,1.20253766231356,1297.63549508038,2463.13830000669,0
3.15,1.51310132170132,4.59999990463257,-0.128594502824165,15.3561325867647,-1.00248090241437,1.49746943087403,-0.439081378953003,15.4415573672627,-2.41764346319978,-1.83365032374258,1302.54069038531,2463.13830000669,0
3.16,2.43979852019471,4.59999990463257,0.116805602520107,21.4602985455607,-2.90679670314879,-2.41794896396899,0.330703306103831,-21.3595481241442,-0.582695877555022,1.46013841920054,1310.42456731943,2463.13830000669,0
3.17,5.54440765564021,4.59999990463257,0.159587888850781,24.3548477644864,-10.6464323237077,5.50111636438303,0.522752997394459,23.156986767716,13.6265552881599,-1.43687017532552,1327.80567056292,2463.13830000669,0
3.18,4.01274111393571,4.59999990463257,0.268830302257309,22.9756050026299,-9.7812782348913,-1.09452377570324,-3.97927366524814,4.76731615020709,-24.5257788577473,2.92301237394788,1340.94740999895,2463.13830000669,0
3.19,1.89692782727235,4.59999990463257,0.185817800533043,23.0068949351221,-5.68691524246002,-0.263171936787337,1.80068643225735,-10.3196924212807,21.2745491339163,0.208947016335452,1347.06805547226,2463.13830000669,0
3.2,5.79967809759196,4.59999990463257,0.462409671111067,28.6554147394198,-10.3897567905232,3.59262485808442,-4.3789681060289,26.4148611429353,-14.7515525189494,-2.41777095756784,1365.05348842559,2463.13830000669,0
3.21,5.68848690630067,4.59999990463257,0.268278370399537,26.3708669051559,-13.5308333881883,-5.35313148898659,1.3751394005211,-28.2412278172547,-8.02925176463502,1.36963661172265,1382.63196783207,2463.13830000669,0
3.22,5.87428084363453,4.59999990463257,0.113890210974855,26.7382126040387,-13.4542658778365,5.04995254979916,2.95217099209334,15.1795330690419,26.1319685659924,-0.993645605977317,1401.16212869229,2463.13830000669,0
3.23,4.32040964033435,4.59999990463257,0.133919668550037,28.0469392976853,-8.76851014930235,-0.591449912471827,-4.27382916229132,5.95022734725708,-28.2802929349598,3.04567727799121,1415.14219009136,2463.13830000669,0
3.24,2.42600916071229,4.59999990463257,0.0417163779796766,24.0166356297779,-4.02930905360807,-1.82069156566201,1.61199912132953,-20.9618630842349,11.6932435407334,0.882396429858414,1423.17866973719,2463.13830000669,0
3.25,2.23929552217794,4.59999990463257,0.0361226478323355,23.1589850241976,-4.06946020032154,2.06176480971002,0.652908933085056,19.7475656928238,11.3531386823915,-1.2256651982147,1430.23090468754,2463.13830000669,0
3.26,4.10206730522473,4.59999990463257,0.231281355384956,24.2067898874878,-10.037525252298,-0.694606259247791,-4.05095757182477,7.35047631084627,-25.3447155147768,3.02314292068156,1443.34265105615,2463.13830000669,0
3.27,3.69023800546777,4.59999990463257,0.065124670775948,23.7309988701917,-9.53523082927549,-3.19429073890814,1.91253235245491,-25.4997106357161,3.52633562888808,1.08063964389239,1455.22869159532,2463.13830000669,0
3.28,3.80519698620615,4.59999990463257,0.137819190735645,24.1821973993562,-6.50220842690586,-0.207970879719815,3.79541368220403,-8.17366905537929,23.9620345624084,0.0877795490961222,1467.46995708955,2463.13830000669,0
3.29,6.71225726380841,4.59999990463257,0.441588882266869,30.5854298147743,-17.1427198957542,6.64779541455119,-0.84891405137498,32.0705041247103,15.0014870021259,-1.6443819679443,1488.63887248116,2463.13830000669,0
3.3,4.39401753987906,4.59999990463257,0.219759102021388,26.6371673923631,-10.9716584628621,-0.684578113797326,-4.27923127566989,8.35415876982457,-27.9035875127014,3.03626910919533,1502.6564341532,2463.13830000669,0
3.31,1.72123945933785,4.59999990463257,-0.0183889194727426,25.4488061999721,-2.55675893001053,-1.70754060079144,0.16458153727521,-25.4886125937413,-1.04468918182248,1.50664676733814,1508.5468781905,2463.13830000669,0
3.32,4.94857141698779,4.59999990463257,0.35931932765971,26.9383228739051,-12.8489896904621,-0.00625280415487151,4.98301070690564,-14.5682961423746,26.2997643069535,0.0554920189863067,1524.24835151893,2463.13830000669,0
3.33,5.60504194079733,4.59999990463257,0.207524461510302,29.5745657565858,-12.4068586676857,5.40082655193441,1.38382015641684,24.19889872049,21.0099550924145,-1.27189700167469,1542.14713835481,2463.13830000669,0
3.34,6.32082675109471,4.59999990463257,0.229502532484233,29.5897224669849,-12.7105458465879,3.72911558210013,-5.03232758326192,28.6349344777005,-14.6761803276237,-2.46072828242678,1562.13347969477,2463.13830000669,0
3.35,4.96320975246571,4.59999990463257,0.123642511328339,31.2131419127477,-10.8149698688695,-2.01386685831269,-4.53898779436661,-2.04578563350474,-32.6206485260851,2.76600226604584,1578.23056076662,2463.13830000669,0
3.36,1.70429179076257,4.59999990463257,0.236312177921532,26.2819094011087,-4.74339300434366,-1.56645573567097,-0.243719691330428,-24.6554140587161,-10.5852362395537,1.78932377517219,1583.79588696278,2463.13830000669,0
3.37,1.39841493562152,4.59999990463257,-0.0387490460673301,23.3832873272706,-3.76068571972245,-1.41460198362026,-0.113001139397163,-22.4684946376197,-7.48014368158949,1.71174194525412,1588.5950492919,2463.13830000669,0
3.38,2.36297371498491,4.59999990463257,0.0797010915654288,23.9292911546839,-6.51019101176202,-1.61604379047791,1.6930492946004,-21.7234910166612,11.5926886874637,0.81827305688102,1596.20090988808,2463.13830000669,0
3.39,5.93930115704533,4.59999990463257,0.256771021384213,29.1890065980656,-17.3759093361145,0.207010940742197,6.07239461107577,-17.2074727473284,28.9360301316055,0.0222839642690933,1615.32448357592,2463.13830000669,0
3.4,1.19220495271772,4.59999990463257,0.00634756081394863,23.5776178481236,-3.65836566994331,0.850689053326621,0.918304465240786,12.1792853350382,20.7966813196956,-0.686110445340912,1619.79753607905,2463.13830000669,0
3.41,4.10589287928186,4.59999990463257,0.143967274614998,29.2569497010932,-10.0541598918394,4.09195594228881,0.785514322414953,26.2605117066783,17.0609198438696,-1.32988879994092,1633.19602204216,2463.13830000669,0
3.42,6.18064417458854,4.59999990463257,0.349857518604081,34.3688542960354,-17.9616597336206,5.87550348430487,-2.06374327328753,37.5986869622035,7.23223332062492,-1.85095005875234,1653.20108808143,2463.13830000669,0
3.43,3.45319343801834,4.59999990463257,0.229486761605124,28.0322642500578,-10.9403860806237,2.57240463821532,-2.38425616818862,28.3945872056212,-9.59694786035386,-2.25637937850964,1664.68210315252,2463.13830000669,0
3.44,1.27503583533521,4.59999990463257,0.0878064497744691,24.6334961553137,-4.09579611020117,0.551589854766098,-1.08854233057787,16.1518198232753,-18.9183198675216,-2.60415833468233,1668.9688991032,2463.13830000669,0
3.45,5.25326243459323,4.59999990463257,0.270524387217211,29.4733515477079,-12.895581478043,4.64052765117664,-2.51467102894465,32.2862480778519,-0.586812985561803,-2.01518184599004,1685.6121247028,2463.13830000669,0
3.46,2.1713890391923,4.59999990463257,0.0695889151879619,26.3469631356798,-8.71794728397507,1.72761871030656,-1.45570172046548,25.9475428820943,-8.74908780595953,-2.19767586140585,1693.12770066822,2463.13830000669,0
3.47,5.73774031660799,4.59999990463257,0.34897062462755,32.6135205913784,-17.3540524021819,4.07488340744565,-4.01856211691576,35.8471170861982,-8.09599904241454,-2.28644496542704,1711.34094909363,2463.13830000669,0
3.48,3.8612261037009,4.59999990463257,0.144686364612473,31.6814303365574,-8.70234292416101,2.8273080013266,-2.57289526176457,30.0111230273974,-13.3484469153111,-2.26152308262606,1723.98302775661,2463.13830000669,0
3.49,4.94301851873403,4.59999990463257,0.184218135360288,30.7377571375424,-11.1126113342959,4.1334620930553,-2.87768335887646,32.3873920786941,-6.65824705685112,-2.13126224986073,1740.17860276779,2463.13830000669,0
3.5,6.35585459440706,4.59999990463257,0.474489805686523,33.491559124981,-20.0838102140085,6.05029974105941,-2.28114031662812,37.8820022111213,9.93337217040597,-1.86583710184544,1760.8215613001,2463.13830000669,0
3.51,1.33437756058807,4.59999990463257,0.0816382158669582,22.300651339633,-4.85690075105611,1.34286313473045,-0.00872890412008599,21.8450047478075,6.1079142285597,-1.50714189195944,1765.44342190517,2463.13830000669,0
3.52,4.1225355568326,4.59999990463257,0.115005110208209,30.8130184507118,-15.2015530704946,3.80067977785412,1.67736970353585,20.3007771945002,27.1222443992868,-1.08361826195161,1778.78067996988,2463.13830000669,0
3.53,1.97298028596055,4.59999990463257,0.205006921103936,25.5896293521585,-5.12882862937539,-0.409254879152387,1.84663920985908,-11.8594199302101,23.0003948851299,0.273739128908696,1785.09939532723,2463.13830000669,0
3.54,6.34498611203882,4.59999990463257,0.553463176907387,31.5542889508255,-19.5262859908238,-4.55333756742371,4.42045749061985,-36.7455846255273,5.35290529743421,0.864594725703041,1804.96623289017,2463.13830000669,0
3.55,7.02101342114523,4.59999990463257,0.322391800814913,31.3312551760963,-18.7613283679343,-6.95743202486545,0.131460298025311,-30.5885059985177,-20.9868691566067,1.61060846854132,1827.1209121108,2463.13830000669,0
3.56,1.81695989420965,4.59999990463257,0.126910490318651,27.3758028942486,-5.32763497374005,-1.14875752431185,-1.23261848942158,-12.6629707545572,-24.7380641581449,2.46001894260498,1833.04337416508,2463.13830000669,0
3.57,5.4567127451624,4.59999990463257,0.221851028890215,32.5386999824913,-15.9872174693201,1.04931607044438,-5.42321526459104,24.0987006870336,-27.7819151937499,-2.88904728085105,1850.57953531147,2463.13830000669,0
3.58,3.39641832055667,4.59999990463257,0.198360049680197,27.9343911082278,-10.6214091163397,3.12503343299161,-1.1080860607542,29.6208392278609,1.80929180340784,-1.85016843808502,1861.37509246178,2463.13830000669,0
3.59,4.600410621056,4.59999990463257,0.343952574142742,33.2820949858486,-13.8750448939364,3.21907681730153,3.27272448544808,11.7759571443171,33.7600347397314,-0.717427587622013,1876.30824725558,2463.13830000669,0
3.6,2.43875591032549,4.59999990463257,0.149462794084367,28.0213366679884,-6.17362523937535,-2.42139298735903,0.634939507858541,-28.6824776252534,0.107652435406319,1.36200590050221,1884.60544819829,2463.13830000669,0
3.61,1.05806531128536,4.59999990463257,0.190430085897636,28.8114837904446,-6.805086030797,-0.667490683558889,-0.883069578729084,-7.83425764887074,-28.3613566180201,2.62543131406659,1888.64544710239,2463.13830000669,0
3.62,1.50743137159366,4.59999990463257,0.13950527082928,26.3794937199063,-7.57853515261351,1.00446469507033,-1.23820844027737,24.2438779208364,-13.2582686099443,-2.35992722644601,1894.01781670676,2463.13830000669,0
3.63,5.9398421495451,4.59999990463257,0.396687204624686,31.9299913727801,-15.6627261946501,5.16382506130233,3.10712096026378,17.2918506987781,31.1231474366816,-0.973869461483893,1912.97273902712,2463.13830000669,0
3.64,5.23469543134904,4.59999990463257,0.225456270377191,33.0477361482693,-15.1585494575871,-2.4429995800551,4.64476683912136,-30.071691737334,19.949872364921,0.544814350487349,1929.90879228986,2463.13830000669,0
3.65,1.96304324211529,4.59999990463257,0.169495288489198,27.0904990918337,-9.59127136055159,-1.72896394153581,-0.915004400845558,-17.8368388565672,-22.2951307776756,2.14979079877814,1936.49206394311,2463.13830000669,0
3.66,5.1071237537612,4.59999990463257,0.329051054372895,32.6628935040148,-17.2389934081475,3.04751503797898,-4.1893156959008,34.1516834315208,-14.1203981371325,-2.44457726145156,1953.00481570274,2463.13830000669,0
3.67,4.98760359405911,4.59999990463257,0.300301680329012,35.0977614950984,-16.9381346867899,-0.786092180081464,4.9582421930302,-24.333546207258,30.3329737682483,0.226597893340526,1969.34097646403,2463.13830000669,0
3.68,1.28292778915369,4.59999990463257,0.345373964797093,28.9319194336056,-7.06844414559091,-1.18701530754014,-0.554568438789292,-21.2269142167488,-20.8393526216326,2.11385223212789,1974.05698957478,2463.13830000669,0
3.69,5.39047804433185,4.59999990463257,0.308380303416422,37.057321200239,-17.3026818126891,4.12213440943517,-3.46421544234989,39.6420290970505,-7.41289756202393,-2.20271506109538,1991.29538611001,2463.13830000669,0
3.7,4.83791470551922,4.59999990463257,0.209390225195885,35.592382391175,-16.8480836212496,0.888582850268871,4.73509025024128,-12.5500442397942,36.9868842784978,-0.1141958968348,2007.05494150898,2463.13830000669,0
3.71,3.69535677362724,4.59999990463257,0.184227199073399,35.5447595705444,-8.90666491029418,-3.31521396079843,-1.62216679268121,-26.7107351590585,-25.3369990761853,2.07723473655086,2019.40955373033,2463.13830000669,0
3.72,1.13701997939435,4.59999990463257,0.14433870616283,27.7956352456199,-2.59604253900372,1.02323753292169,-0.454021367317452,26.503382640053,-8.63481624386164,-1.95439264804124,2023.42808300929,2463.13830000669,0
3.73,2.13199364237695,4.59999990463257,0.255900986617636,28.6920356856414,-10.3004616464911,-0.488069582435245,2.01274835202176,-18.8935782542919,23.4800082818282,0.336827077606076,2030.28599460884,2463.13830000669,0
3.74,2.79433263399384,4.59999990463257,0.147762497445847,34.7834805578066,-11.240934090461,0.887825347175685,-2.639538514034,24.1762189153784,-27.3518216888897,-2.73397134735131,2039.74901302859,2463.13830000669,0
3.75,4.50347259243732,4.59999990463257,0.159038117351338,32.0211992220764,-12.6237630177716,1.54589881365866,4.14220628328481,-3.10495348875461,34.7786443591757,-0.296075701852049,2054.04411313326,2463.13830000669,0
3.76,3.2729220958881,4.59999990463257,0.253143282947713,28.5731040329617,-11.8663746542221,-2.78175624526839,-1.84327359281351,-14.5526426971226,-27.4539900735245,2.23395233751175,2064.7930778271,2463.13830000669,0
3.77,6.00203894667126,4.59999990463257,0.265293278181792,40.422674938998,-20.5343794632221,6.0354250207883,0.566296785055843,36.2730007687531,26.5587437186539,-1.40817337745654,2084.49380719919,2463.13830000669,0
3.78,2.0978708215213,4.59999990463257,0.18404511551965,30.8542710019703,-6.58261157827336,-1.98225267463353,0.612671879300169,-30.977581528857,1.1744167759149,1.33196511272771,2091.59557806497,2463.13830000669,0
3.79,4.49997909538624,4.59999990463257,0.306711288041427,37.8512863376383,-17.1796428320786,3.53778867223439,-2.62906622293255,40.900248565409,-6.07286655590754,-2.13249093240681,2106.10447405237,2463.13830000669,0
3.8,6.09888220097295,4.59999990463257,0.514198329767435,38.3022376757546,-22.2662301512443,-4.08413700371338,4.5185176070992,-43.0907779272194,9.70470392563116,0.811491834920255,2125.74575652369,2463.13830000669,0
3.81,2.39206337349244,4.59999990463257,0.310133340890771,32.3529906928786,-8.45557604130038,2.42540182112446,-0.161374578703172,32.0115428234378,9.05249188465802,-1.5636654723309,2134.01669129451,2463.13830000669,0
3.82,5.98626654062024,4.59999990463257,0.381591357092826,36.94202906396,-21.4405682376669,-5.90267614338578,0.384790703754542,-36.6939719460517,-22.0501975560067,1.58132564740062,2152.84751112148,2463.13830000669,0
3.83,6.075604693038,4.59999990463257,0.363490693101061,37.2942574902068,-22.6967046619075,6.0042230238538,0.48328376028051,33.7094182840927,27.5022278345643,-1.41539635005974,2172.36391787758,2463.13830000669,0
3.84,5.86117181663188,4.59999990463257,0.475006506267627,38.3454254345644,-23.2663052372348,-5.50013598442337,-2.08508887631563,-24.6746965826469,-36.7538277339246,2.01233853246087,2191.45381648671,2463.13830000669,0
3.85,6.35877421137649,4.56865072250366,0.47365745148935,43.2786854264132,-26.4061407233552,4.51008826997127,4.55238369639915,7.39754454515211,49.8831538593977,-0.696194864179173,2212.44376412674,2463.13830000669,0
3.86,2.98438740077056,4.5847020149231,0.207058101330342,31.9928475226157,-11.319925994381,-0.692103550178125,-2.92424085342693,7.29298367237755,-33.3646006401743,2.992334663458,2222.4203056167,2463.13830000669,0
3.87,3.95571916819643,4.59999990463257,0.231619728807246,36.382385403213,-15.1728849762936,-3.80210711982933,1.22019544061002,-38.6572938115515,-7.61630574650137,1.34332921092023,2235.51594020759,2463.13830000669,0
3.88,1.71496426372313,4.59999990463257,0.114200038446287,33.1868711339331,-6.62370670623725,1.61808841312356,0.675845572557365,26.0777621813814,21.0382645984051,-1.09631951688927,2241.66780691665,2463.13830000669,0
3.89,4.79371835617575,4.59999990463257,0.340817751304993,36.5021431690718,-19.8547144537022,-1.88076486826668,-4.42922340809632,7.67375792182014,-41.2778725105357,2.82588570279094,2257.17699335037,2463.13830000669,0
3.9,3.40153400987133,4.59999990463257,0.122981135303572,34.6424104697496,-14.6264256229673,-1.60121581470309,3.09011493441715,-30.8823013350376,21.2866085705489,0.564568407138044,2268.6709430884,2463.13830000669,0
3.91,1.66386878107595,4.59999990463257,0.097598213179711,30.5070148102484,-5.60259180488167,1.64871614634739,-0.222509305295586,30.9122656979457,3.91731781925876,-1.63358640107657,2274.41915433169,2463.13830000669,0
3.92,1.01258260955937,4.59999990463257,0.19268853181526,32.2400449196187,-5.57119652242766,-0.671937137682506,-0.716808879622564,-15.9633680056669,-28.6460555826868,2.48620512981543,2278.16804032998,2463.13830000669,0
3.93,4.48159156712286,4.58211231231689,0.492714379641994,35.1524819903155,-16.8418714889596,-4.20724306399516,1.75794044969394,-38.6792943320382,-4.79279554812133,1.25067536459311,2292.78657786165,2463.13830000669,0
3.94,5.86666842040057,4.56635522842407,0.57289733372586,38.8860863358692,-24.6179196976518,4.27242911453624,4.08166819077801,6.89230616711028,45.3191558939738,-0.721825804585003,2311.87667622322,2463.13830000669,0
3.95,6.43092420436329,4.50330924987793,0.481522595623042,44.6826444549284,-25.2049057299561,3.16724264627509,-5.59928491435815,46.0232240113284,-23.3632420430334,-2.54645846100249,2333.09299508275,2463.13830000669,0
3.96,3.6587580851243,4.53741455078125,0.214068681962463,38.0901673035925,-12.9387957349788,-3.40212231520859,-1.42400820435342,-28.8661331810172,-28.0885103151974,2.03498117149694,2345.44930908979,2463.13830000669,0
3.97,2.43565584457224,4.59999990463257,0.131581709214261,30.8299809816404,-5.71748819781698,-0.849867258271393,2.27238926484874,-18.0487910938936,26.8958035938961,0.407872292240879,2353.49889417986,2463.13830000669,0
3.98,2.76414566011459,4.59999990463257,0.281605927842829,37.2602152288111,-13.6406846553007,2.61590880651681,0.852162476832302,27.7078367114837,26.9824328339728,-1.15556669061236,2362.79213645688,2463.13830000669,0
3.99,2.69901761826763,4.59999990463257,0.268506709586571,37.6044297451585,-9.22213902324929,2.61803216822312,-0.782099181296485,38.398294593208,1.33713231968085,-1.78938481262859,2372.14143818051,2463.13830000669,0
4,4.50168712979306,4.51833152770996,0.328522927345291,39.3969612211961,-18.5160915422143,-0.609757563679491,-4.38481393465216,15.7357072335243,-40.0226340709878,3.08644345195072,2386.79262298842,2463.13830000669,0
4.01,4.8851102720486,4.3855128288269,0.585002982611317,40.117814082791,-23.8840839711144,-4.900971974637,-0.606581661997769,-33.7471699795534,-32.084286790388,1.79312523384192,2403.13862768812,2463.13830000669,0
4.02,5.86523580710762,4.16910552978516,0.298931212905392,40.5435735448102,-23.2272527116979,-3.04155262691601,4.99693573071622,-43.0038414153681,18.3980711298627,0.630676265837725,2422.47524306731,2463.13830000669,0
4.03,4.95348475295178,3.95289492607117,0.437385234710682,37.95292618984,-21.4745958877459,2.34933815655839,4.40038931977438,-5.4476429741986,43.0483290848149,-0.400426835083973,2438.93690649538,2463.13830000669,0
4.04,2.67916099464085,3.82667326927185,0.336215162275695,34.9387469578646,-9.0189259068065,2.6264111388671,0.430323390719035,31.6030911312273,17.0124962600708,-1.33762240763765,2448.11729386253,2463.13830000669,0
4.05,1.17025413127618,3.76822066307068,0.0564117498049298,35.0143799233434,-5.50818276040048,1.1817088149407,0.141140545518949,33.2014455590992,12.3180803951541,-1.36336639688638,2452.66889604349,2463.13830000669,0
4.06,2.2114450813501,3.65956377983093,0.193385794966484,32.1934708966899,-11.4223746342474,1.63209108611719,-1.5021591812847,33.2838030639081,-9.73483247544218,-2.20603121408508,2460.24586906295,2463.13830000669,0
4.07,0.574938571132624,3.61161375045776,0.12530242345975,34.6879162199848,-1.49253318441768,0.0410526833101581,-0.522617618578644,6.04625566756342,-34.406818770914,-3.01163479724386,2462.76855707541,2463.13830000669,0
4.08,4.68059727365188,3.35653805732727,0.440908422918974,38.8736373952496,-19.9647796180192,-3.0565145428688,-3.64942570288294,-5.78301183182359,-43.2540260317383,2.53116430216521,2478.3064564188,2463.13830000669,0
4.09,1.01219843584089,3.23089790344238,-0.0863113555952045,34.852788460656,-2.95765152563797,-0.991975335343918,-0.228340232065329,-32.3173949529524,-13.4228815804563,1.86424098985245,2482.46390728396,2463.13830000669,0
4.1,4.1769802780193,2.95597910881042,0.288203308047418,43.9958856525742,-15.4494502716471,-3.62542845377955,-1.8974960130829,-29.5652206399447,-35.0578727131027,2.12458124431722,2496.5065208808,2463.13830000669,0
4.11,-0.295971001373252,2.86646223068237,-0.00103958510462015,31.3148469385905,-1.3382271995571,0.33836235168279,0.0148799820773568,-31.353114313624,-1.0112223694358,1.57508957865658,2496.28890739994,2463.13830000669,0
4.12,2.33658185695463,2.66692614555359,0.221304961368541,35.173802940015,-7.8190887058022,-1.93968735707655,1.29603325386937,-34.2707387724971,9.98001311983394,1.05392326531142,2504.3897023774,2463.13830000669,0
4.13,0.891333489568536,2.50402402877808,-0.173605627232525,35.6210266049156,-0.563535707502187,-0.481419064596669,0.781907736327066,-20.4058117741259,28.9868261689991,0.577160010626751,2508.29229387202,2463.13830000669,0
4.14,2.76183000812922,2.24825596809387,0.421865640779063,37.6789583387752,-13.6564045462651,-0.132107695962167,2.71693700125059,-19.0092794553822,35.7404014750492,0.149555376705471,2517.86731696764,2463.13830000669,0
4.15,2.68564555954191,1.96747481822968,0.323474922782203,33.1169477653441,-14.1077003365559,-1.38891077472934,2.2970474417402,-31.8565628334114,18.044644916801,0.652891752176785,2527.16995864371,2463.13830000669,0
4.16,1.88061234993557,1.70887565612793,0.246289248963809,31.4574720017858,-9.63146632917621,-0.483042471518778,1.84913028182005,-19.5597893751011,26.174589632636,0.353906975068493,2533.96061549657,2463.13830000669,0
4.17,1.1049601391063,1.48065257072449,0.0772665462321081,32.1383920722651,-3.31473751659342,-0.0373093749246188,1.09104213319125,-6.47085993449219,31.8679326110578,0.0954819797872773,2538.27131832375,2463.13830000669,0
4.18,-1.82688674411703,1.39924013614655,-0.222743394773197,28.9133148507726,7.35171980383591,-0.455373363916267,-1.79609234599141,11.7390778951285,27.2716533341394,-0.165734546180409,2533.23246640839,2463.13830000669,0
4.19,1.46710138052708,1.17139601707458,0.146272630600252,38.7731607311047,-4.18319490321097,0.662230276633763,1.28816485736751,12.760213264045,36.9622270310542,-0.425393181982803,2538.86043074835,2463.13830000669,0
4.2,1.89993535176917,0.887022614479065,0.228566830130741,40.3209784554755,-11.575870296087,1.29928244032793,1.35986774205383,14.6679208314471,39.3453292580531,-0.637220744751128,2546.08415765026,2463.13830000669,0
4.21,0.67017370264735,0.650621771812439,-0.0760343467228166,34.4494879230884,-6.48866587754521,0.104563692006318,0.686498834709227,-8.77260567263449,34.7202921333833,0.0506128099477985,2549.30541121229,2463.13830000669,0
4.22,-2.43492022884272,0.575497984886169,-0.232726509115207,28.2465605576269,7.70898233571792,-0.483856089465901,-2.33533091350523,11.327707497238,26.7632815455645,-0.13593433419858,2542.59854098182,2463.13830000669,0
4.23,2.47577997144443,0.282944321632385,0.280592170969367,37.9147854456912,-10.3720700456838,0.962833148130152,2.2718187566223,2.05884204148989,39.1828517984435,-0.316302662712305,2551.21408621133,2463.13830000669,0
4.24,1.88975215211945,-0.0263113975524902,0.129597456142851,33.8889211131203,-8.59809914449856,0.935297673091509,1.61087911404885,7.20099889603637,34.3112637828226,-0.43874993600984,2558.07792750104,2463.13830000669,0
4.25,-3.07697956021346,-0.0877047777175903,-0.371785207261412,23.3266852792287,13.571822006165,-1.91084355872617,-2.44919016215232,24.1886004555289,12.3390757427542,-0.569226276077092,2548.99671311184,2463.13830000669,0
4.26,-2.43816511198969,-0.143404006958008,-0.196655563073192,31.1577098755599,7.94027378358236,0.063794985546557,-2.37729436971321,5.21882921104235,31.6708655553056,0.103642554306573,2542.42254160684,2463.13830000669,0
4.27,-1.14350894227656,-0.252176284790039,-0.169342769572316,31.7364912954778,2.84222378062759,-0.182196743917226,-1.12032885962623,5.66518563180348,31.0683670678646,-0.118942591640192,2539.69132805126,2463.13830000669,0
4.28,0.554969757830518,-0.455973505973816,0.160615037242654,36.0354959737614,-5.40505209795537,0.308144359727733,0.572650643673188,7.36005720191992,35.7969152927087,-0.340353484150055,2542.73973069929,2463.13830000669,0
4.29,-1.26634387747086,-0.5763099193573,-0.279701298248352,30.8187842763417,4.05445915931155,-0.743087026007357,-1.00885237355231,19.7680044361676,23.4811369911657,-0.561644852052636,2539.66701318777,2463.13830000669,0
4.3,-2.35422808748499,-0.618878185749054,-0.0947857464457518,25.7865020956674,7.09375858902643,-1.83061646897016,-1.49266655735711,23.9082988805672,12.2453016311901,-0.819467095037566,2532.82844301806,2463.13830000669,0
4.31,-3.07532954584308,-0.60844087600708,-0.48298606815726,27.2499473538466,11.4122436846015,-2.83884644845722,-1.04552905424521,29.439809290976,0.654039558253068,-1.13481535227597,2523.99238839689,2463.13830000669,0
4.32,-1.51073108983407,-0.655611932277679,-0.0843821856021595,31.9558215903288,6.65365339888326,-1.00519642246272,-1.14295849984574,23.9375034023469,22.3444892193714,-0.63572807194939,2520.0569220024,2463.13830000669,0
4.33,-3.30503883711472,-0.60782927274704,-0.250946959649961,28.0602247535126,10.0136320620727,-3.01852545108323,-1.49025712235988,29.8048968620557,5.52073541683742,-1.0481795938735,2510.27060826006,2463.13830000669,0
4.34,0.827363503751395,-0.739008367061615,0.065522439587052,34.2278552624139,-5.47691334150126,0.798137319334341,-0.0579991725990519,33.4290513499163,9.177856329077,-1.48593604677185,2513.36353849418,2463.13830000669,0
4.35,-0.919963405803984,-0.813133060932159,0.0150009938846784,29.3178441130095,5.33206786199068,-0.822783256349346,0.404393347340162,25.8974719642406,-14.2964729516967,-1.91944827159777,2511.16184531561,2463.13830000669,0
4.36,-2.73043670514433,-0.77244770526886,-0.254603532709801,25.1487180415277,13.4511693534475,-1.72805115289496,2.26273928613305,7.50333927193891,-27.3361841900705,-2.39197969233829,2502.74763127689,2463.13830000669,0
4.37,-3.21243633366504,-0.691295385360718,-0.108420222915263,28.5705590986503,7.22244670168803,-2.67756895593269,1.63497913772888,21.6667076338625,-20.1632923957629,-2.06778857987168,2493.59697060628,2463.13830000669,0
4.38,-1.18535442546081,-0.691650629043579,-0.0191632364421743,29.7695444872765,1.58347721475505,-0.491992027674404,1.00723619512841,12.6629523509954,-27.3586704700218,-2.64937505063458,2490.66450156357,2463.13830000669,0
4.39,-1.87050630255794,-0.658517956733704,-0.147244008170234,29.5429917986644,6.76866545053783,0.366508316859434,1.83808851443731,-10.1372984298883,-28.0721042328351,3.02242987710592,2485.39911625848,2463.13830000669,0
4.4,-1.11991411885511,-0.658324122428894,-0.0452510049592716,35.0626171672597,-0.415314729478891,0.708582194582642,0.735905238487292,-24.0153168096694,-25.2383709781087,2.38331004772034,2483.1065857262,2463.13830000669,0
4.41,0.169725146540192,-0.715664625167847,0.095853592316516,31.8513300535487,-2.37529728888255,-0.17708337598733,0.00424176324226721,-30.990409456325,-7.17138051169354,1.74025517668239,2484.31877181027,2463.13830000669,0
4.42,-3.44433522193885,-0.593349099159241,-0.210235683952868,22.5400962747764,14.9932251693334,3.2955071595884,0.903475921240772,-26.1794896006406,5.25576453137854,1.92500755388148,2473.93962672746,2463.13830000669,0
4.43,-2.633997223369,-0.478492498397827,-0.1318251642489,32.207468420138,6.13521273068978,2.33531880648114,-1.09458823773131,-26.8989689431676,17.460242098316,1.18321429303115,2466.59846822308,2463.13830000669,0
4.44,-0.630961750522105,-0.451307117938995,-0.0126292579639164,29.580301533543,-0.323200057038984,0.231660843235388,-0.52775545123691,-11.9274778135368,26.4847273883587,0.409460412064396,2465.23437646044,2463.13830000669,0
4.45,-0.475667921419033,-0.438783019781113,-0.0536912857262739,33.6458863673314,3.78431037024709,-0.275027241325694,-0.472588821462893,15.8320003639669,29.9090287409858,-0.372323104848779,2464.32666729931,2463.13830000669,0
4.46,-0.46055323921086,-0.424887120723724,0.107392677326987,30.677046674384,-2.99195773087821,-0.420438607185397,-0.234841798639788,27.0837402317724,14.6160669681819,-1.16079547953924,2463.4228131106,2463.13830000669,0
4.47,0.151284717202177,-0.443407326936722,-0.0299925880996053,31.6040028573208,1.11733157260956,0.158351628687362,-0.0510797190611269,29.5584291583471,-12.0844452956038,-1.94816818364374,2464.61444310461,2463.13830000669,0
4.48,-0.389075256566962,-0.445523142814636,0.0357338355780837,34.0486139156692,-0.678847873753152,-0.315462634816219,0.0853291372608692,32.9831431895788,-9.30746296807269,-1.87049912883613,2464.43292933394,2463.13830000669,0
4.49,-3.53166960926098,-0.275727450847626,-0.0481400400244056,24.7502052410657,12.5838868280112,-1.28605187287053,3.28066605058535,-0.511310143838204,-27.4543567608851,-2.69379486039647,2453.8193120726,2463.13830000669,0
4.5,-0.467770624913959,-0.220046386122704,0.0767379805302848,31.4244044306796,4.55477786860276,0.289059277380699,0.422068684653372,-16.6116120640422,-26.7780723611838,2.72263851313456,2452.7123975688,2463.13830000669,0
4.51,0.214049815760006,-0.212954059243202,0.00417506958641268,30.6936979772572,-2.44336657641609,-0.15129448359589,0.0077420388408431,-28.4536129779148,-11.0756233703055,1.85601801232338,2453.70942983606,2463.13830000669,0
4.52,1.43166487038019,-0.278701990842819,0.137126787861334,33.8072766557806,-5.52129632209671,-1.13421985172596,0.839753349044583,-31.7657940402901,13.3128584537493,1.01197143619078,2458.86170101467,2463.13830000669,0
4.53,-0.7607716636676,-0.250994771718979,0.123323814213643,30.6809294701111,-0.995354750123306,0.644472446331679,-0.36557227332045,-26.8058462399977,14.8184619654556,1.0419406492942,2457.16526218135,2463.13830000669,0
4.54,-2.75507972846836,-0.0994888842105865,-0.292277899730047,24.7811367554545,10.1176808835254,0.284126721595271,-2.7678327214359,4.86534435605595,25.9004694566857,0.173377013097645,2448.76289235826,2463.13830000669,0
4.55,-3.18871619675888,0.102196931838989,-0.389020134796807,27.5081733482822,12.1987350762307,-2.42594782151625,-2.15947628190541,28.0645295345588,11.2959025667552,-0.761647518341511,2439.07381655444,2463.13830000669,0
4.56,-0.398753859898416,0.186115756630898,0.0493442165935693,27.2893468558552,0.924684339478423,-0.410715545365213,0.0988949883780197,26.7811457935743,-5.74935886087661,-1.73636701621551,2437.98821464454,2463.13830000669,0
4.57,-0.811718812995585,0.26407852768898,-0.00446842552959539,33.2373815792349,1.76195946132903,-0.233142089041516,0.67566464586963,11.3175341794175,-32.1213004431582,-2.72013459821206,2436.49964515867,2463.13830000669,0
4.58,-2.17199835699791,0.430733442306519,-0.0266487840901381,25.3800583891551,4.56480832471253,1.33656300843485,1.78964878498082,-18.1289594191214,-18.0291436215325,2.54916963042738,2429.79292923919,2463.13830000669,0
4.59,0.831739116703457,0.450555562973022,0.210431565649292,35.5365595595286,-2.3946527496475,-0.72121065983659,-0.69391446118703,-22.4825344476969,-27.5159655622647,2.38531889571202,2433.55786597642,2463.13830000669,0
4.6,-1.60089537909944,0.579756796360016,-0.175737089074541,27.6716876906244,5.79839663431658,1.53301382875984,-0.456498836500784,-25.4604194523692,11.3437057675955,1.35773406790471,2428.96416813943,2463.13830000669,0
4.61,1.61844138582992,0.563501477241516,0.14012002517271,35.9522816201733,-7.12062053604913,-0.396384509225727,1.59825006055064,-18.9825981427821,31.7168991927184,0.334436956606236,2434.82753302099,2463.13830000669,0
4.62,-2.79792063910453,0.740814208984375,-0.148351643238639,27.0187477115816,8.68400842851247,-1.88101802997105,-1.95377210234801,24.5475127640384,15.3496125948104,-0.695850959544347,2426.89793333777,2463.13830000669,0
4.63,-1.02451345390713,0.868788540363312,-0.0668865279105771,28.9709009169253,3.49097073386367,-0.853289739107145,0.231924935115299,27.8757179643282,-8.29482339063897,-1.76460892259581,2424.48529128636,2463.13830000669,0
4.64,-1.22323898318457,1.00594329833984,-0.010227630983011,29.3801192994765,3.68152305636305,-0.252112259023075,1.16825567915204,4.47768575505152,-29.7549817096888,-2.85399581141895,2421.22030294595,2463.13830000669,0
4.65,0.105615735205356,1.08677792549133,0.00533462858940518,31.6404297859094,-1.3486550133358,-0.0245529271785169,-0.0716259860142789,3.2305496105581,-31.3216358503803,-3.0914021754364,2421.93628154378,2463.13830000669,0
4.66,0.235770888952841,1.14949369430542,0.0596324779211568,31.4915799154893,-5.09037809444369,-0.266675095738596,-0.0521365858772287,-24.5670161308978,-19.7422940945902,2.1006797369071,2423.25309519581,2463.13830000669,0
4.67,0.0300398500816477,1.21339225769043,-0.154774596587393,35.7394485864994,-0.503203809230354,-0.0636952384577926,0.0289734759228449,-30.1375766929707,18.8130921706165,1.01811974508159,2424.27850427408,2463.13830000669,0
4.68,2.34010456566578,1.15566039085388,0.200447037793664,36.2599135629742,-10.5263385160229,0.285308599282305,2.44717994945562,-9.30328873560669,36.5794492836599,-0.0299176978727112,2432.70085992121,2463.13830000669,0
4.69,3.1407549348996,1.02638149261475,0.232401764052269,40.5603359811115,-10.33190887282,2.76665366098027,1.496752645061,28.4190871907029,30.4437116785171,-1.0065210258142,2443.66027911683,2463.13830000669,0
4.7,0.293621641636647,1.03054904937744,0.048004567671159,28.8905716200586,-4.77552243810895,0.21863415674688,0.00931347699934061,23.0695901741732,17.9511407277852,-1.07763425698428,2444.7552685839,2463.13830000669,0
4.71,0.00932656287419124,1.05515193939209,-0.147162529615589,32.7407811001851,1.41369265148374,0.0239576916346862,0.0394428828350344,29.2297197119814,-15.7546487947418,-2.00357685683211,2445.47904641126,2463.13830000669,0
4.72,2.62674774844666,0.949360609054565,0.352217881109834,35.746125105436,-12.4526296920317,0.366495048585578,-2.52858205999665,21.0595173895609,-31.192398885635,-2.89519365873006,2454.16438838455,2463.13830000669,0
4.73,1.15195714174332,0.881633460521698,-0.0115210628298312,32.0253974382952,-2.17614985291773,-0.713848273799776,-0.962616247836953,-15.8016318505269,-27.7275601751368,2.54482014603286,2458.59031865049,2463.13830000669,0
4.74,-1.65455290502948,0.955272018909454,-0.105771808023973,30.8652536573796,3.87657983611211,1.61454045273845,0.133344290806718,-31.0183426440065,-0.568888657455639,1.70153563274694,2454.18695123235,2463.13830000669,0
4.75,1.00046484162867,0.915581345558166,0.189513393590706,33.4664361797957,-4.86797770721646,-0.767266486382134,0.796096592057076,-28.733443269224,18.3475402366288,0.856572361906392,2458.24005158173,2463.13830000669,0
4.76,1.21566607038034,0.848075330257416,-0.0424276687531564,32.9823264587174,-3.75361946416367,-0.858487446207383,0.773864139150677,-28.4278231335439,17.3317400358471,0.904207976304194,2462.59045870037,2463.13830000669,0
4.77,-1.11850108560986,0.891432821750641,-0.202862337489055,30.9504851811188,0.929513077589958,0.0861635854743021,-1.18119039830836,-1.90683942979307,30.4989476113284,0.0952391030197231,2459.53916780998,2463.13830000669,0
4.78,0.238893900963061,0.882292211055756,-0.11168659852323,33.5324757742941,-0.581975745455538,0.128690111718082,0.154284877546019,21.9646079580608,24.9558179303353,-0.720143937362962,2460.88273840564,2463.13830000669,0
4.79,-1.58729073189125,0.956237852573395,-0.206712702334527,28.9810291377254,6.27042844548037,-1.59083422446049,0.0812818662759707,29.584907183726,-4.86775681730512,-1.54665365334917,2456.48423959867,2463.13830000669,0
4.8,-0.687394421131252,1.00519478321075,0.0160045154103352,28.2035971655072,1.05253367323702,-0.43721829270074,0.519534280791002,18.0960966632434,-21.4768967490639,-2.39572262522839,2454.76572542619,2463.13830000669,0
4.81,2.47533274744309,0.879866123199463,0.156250709595829,40.0849158490621,-9.84378763829088,1.67623969030736,-1.95477866382357,34.8654745953356,-21.3519597601783,-2.357155349018,2463.75756208326,2463.13830000669,0
4.82,-2.42080746252321,0.974524259567261,-0.171511742165526,28.5815167299563,7.80398333867322,0.238923322764062,2.40609628678571,-8.70009853157829,-28.1246201159897,3.11196199058564,2456.89296210056,2463.13830000669,0
4.83,0.579431854962598,0.960535705089569,-0.0173324864116158,30.5636010726542,-4.04571304261077,-0.514568744172676,-0.34650170960521,-20.795556942504,-22.8487040272763,2.28074958872732,2459.28448641717,2463.13830000669,0
4.84,0.421343824191233,0.926657915115356,0.243945473845697,34.5268058377638,-5.99764305490766,-0.454817341387952,0.167258374959846,-34.8845828834329,-2.44233266946893,1.46722426706855,2461.5942768119,2463.13830000669,0
4.85,0.758018828920581,0.878427743911743,0.0727127986307428,30.73344507655,-6.17990078752977,-0.371492619347187,0.654565383693256,-23.7544304126744,20.2621163975369,0.672922566299918,2464.52642803243,2463.13830000669,0
4.86,1.68121350315483,0.779578804969788,0.127038750672671,36.0563134805388,-5.42877547216957,0.239837151954542,1.48076095140055,-2.05012603341774,36.3984078889678,-0.0900785154679423,2470.13428711697,2463.13830000669,0
4.87,-0.681467996435342,0.780484080314636,-0.0574499678913805,30.4476311812267,0.156656926629346,0.00466693974250707,-0.686033024121534,-0.375408544496589,29.8292404787564,0.0232069502298399,2468.60202926757,2463.13830000669,0
4.88,1.89627228272336,0.667953312397003,0.219234059889983,35.8117677907792,-8.946583970946,1.28281818270675,1.24502847026121,17.0622032260132,32.6616235202914,-0.707249234767265,2475.00690734038,2463.13830000669,0
4.89,0.69369689382871,0.583068490028381,0.0269963996776294,35.3497329586507,-3.89445974938914,0.666643196135362,0.0457448118048594,34.4412159648724,9.37640438042469,-1.40278408474649,2478.03518349229,2463.13830000669,0
4.9,2.19248341134321,0.423711180686951,0.172825731262389,33.9765563592252,-11.3336958578899,1.81464104733113,-1.20845685114632,35.3144117717305,-6.80888189834514,-2.05947000780082,2485.6342957812,2463.13830000669,0
4.91,2.50802372296537,0.22519052028656,0.0877781842861626,32.4709936939675,-10.7626662624824,0.977345680675174,-2.28884701021226,24.1447975167388,-24.4733534392037,-2.65660978075758,2494.20591767357,2463.13830000669,0
4.92,2.23253562225809,0.0176102519035339,-0.00386830008193281,39.0642046836772,-7.41318178786045,1.43396354126202,-1.56818552123872,33.7522916372095,-22.1462265655641,-2.33201515528219,2502.11990663923,2463.13830000669,0
4.93,-2.24057251773256,0.0232394337654114,-0.0300760875457438,27.8033268590164,6.92088676131609,-0.463367971536358,2.13646532689554,1.2052566563933,-28.5387070899228,-2.86217196301982,2495.98207637728,2463.13830000669,0
4.94,-1.01346235929499,0.0118290185928345,-0.12762654567569,29.0403802445219,2.12808790613696,0.347680568587819,1.02398210687205,-9.89033253820134,-26.7990562920148,2.85737037644125,2493.12504494443,2463.13830000669,0
4.95,1.51362715378602,-0.133314341306686,0.108877587328033,34.3632156258777,-3.95023485610298,-1.13452110917544,-0.926945910635825,-23.4387684574118,-25.7618624077378,2.30314553077673,2498.54438379653,2463.13830000669,0
4.96,-1.51477494143234,-0.154849082231522,-0.0415908500046051,32.0469228122894,2.2933913387918,1.467070871533,0.212557049783269,-32.1804672619141,-3.40960424109917,1.75528321503834,2494.77273798578,2463.13830000669,0
4.97,-2.91722918090945,-0.0726629793643951,-0.241335003665772,27.1931874046143,9.43272020041766,2.63839022488893,-1.36002782488518,-21.2700948652954,19.3137244649652,1.16137226748575,2486.06933894538,2463.13830000669,0
4.98,-1.22050477303305,-0.0469049215316772,-0.211127764677346,27.2505224446151,2.94893862003933,1.24249163919381,-0.297806195214055,-26.1039558410515,7.62113703897129,1.38346162368208,2482.45790342754,2463.13830000669,0
4.99,1.03572418995886,-0.146217837929726,-0.0364971127517442,36.5269321481195,-1.08222005632179,-0.650330805722955,0.737217461522357,-26.0910781151655,26.4101365296965,0.74587245787405,2486.48365674018,2463.13830000669,0
5,-2.09890206803429,-0.106507435441017,-0.0438586834825083,27.7414721124224,6.78308128733331,0.0809907233299638,-2.05795242537826,3.10580353944539,28.2716617178094,0.101860023252976,2480.63376886074,2463.13830000669,0
5.01,-2.17557367310201,-0.0339501947164536,-0.263803179139899,29.20561111352,7.51725120684911,-1.3205300950074,-1.67490661150473,22.8345832614333,19.7136463119134,-0.586180656433135,2474.53199962097,2463.13830000669,0
5.02,1.5147955347131,-0.135725572705269,0.217357632284288,36.8050798651237,-8.80710722655675,1.48034591081505,0.273424292528647,32.7776751271971,18.654327249106,-1.2770289947299,2480.00199608028,2463.13830000669,0
5.03,1.71641982312486,-0.286437213420868,0.123657167602191,32.3277124413808,-8.87209764307804,1.70815212922046,0.726943488961864,23.7111090459516,24.4211577270164,-1.06163099208996,2486.54624498807,2463.13830000669,0
5.04,0.740152867000629,-0.397287786006927,0.0375560516472585,32.910745961048,-4.68507659246021,0.734461457260654,-0.170772361078236,33.2391230774086,1.55110948267266,-1.67201859657591,2489.7031177099,2463.13830000669,0
5.05,-3.16137917175706,-0.303924560546875,-0.286299130634724,28.6330534132522,12.3608100625098,-2.23469165568152,2.37418608167152,12.9996963197124,-28.4540794752023,-2.30559896806282,2480.24192374408,2463.13830000669,0
5.06,-0.911026002137762,-0.284408122301102,0.03324044995066,27.9709483917912,1.37660809775688,-0.0874244668043212,0.894955778857951,2.04772437191849,-28.3704488190487,-2.98317156152179,2477.84916763824,2463.13830000669,0
5.07,1.44883637785904,-0.396401971578598,0.00780284108009401,33.5973174106437,-5.70591282850634,-0.800671439426734,-1.21783376356352,-11.5391161319769,-31.6770740264587,2.63324204318549,2483.11224808441,2463.13830000669,0
5.08,-0.888906288602183,-0.414517492055893,0.015493784695707,34.7967720271046,5.12999776359123,0.902007794444867,0.278147860147174,-33.7056719933843,-9.42898044779083,1.9786974594891,2481.11980061285,2463.13830000669,0
5.09,0.862707565626823,-0.506774425506592,0.198711266538604,35.20421607483,-6.27574721990005,-0.799063379597681,-0.408142930077363,-24.4868636312325,-25.6459838985877,2.19109266071134,2484.71662412113,2463.13830000669,0
5.1,-1.3028794212667,-0.499111205339432,-0.00206368109278969,28.7503566635627,5.35370521932265,1.32789086797698,-0.153801955869881,-28.514050307712,6.17537834603407,1.54232587156495,2481.10715340141,2463.13830000669,0
5.11,-3.53250870007973,-0.365707039833069,-0.329586375401842,30.5423867279852,10.2912757574419,2.42716070851152,-2.49127586186494,-15.0855155421901,28.8258520727704,0.843044377903693,2470.99395958995,2463.13830000669,0
5.12,-2.16513615507566,-0.260712534189224,-0.0356502844952568,27.0762747208806,9.16519478320503,0.000213674764371841,-2.19646481745387,6.30290330834798,27.8829927372066,0.0829286852452433,2464.56907650033,2463.13830000669,0
5.13,-0.487833371497132,-0.242759644985199,-0.138266258127815,31.8628732614524,0.68057252566717,-0.261124459811826,-0.284061752830447,20.6532283991154,23.651648418298,-0.702882947159722,2463.94525485496,2463.13830000669,0
5.14,1.19779282945402,-0.314962983131409,0.187415115890088,34.9187628883741,-8.58148906027475,0.798657974074749,0.836919503342951,13.212171812769,33.5743143036182,-0.613418564893316,2468.34455912149,2463.13830000669,0
5.15,-0.517303493569281,-0.320050358772278,-0.065731673352021,30.8832396631314,-1.01383474860151,-0.458781410157544,-0.100574136170207,30.2998615362058,6.78807309698609,-1.3719398986915,2467.53780722308,2463.13830000669,0
5.16,-2.14810602386808,-0.221733599901199,-0.209844623627,28.8923180250474,8.26080676933908,-1.78442086897329,1.40703478294445,19.4681486853533,-23.2448314476641,-2.15750073830672,2461.01373795308,2463.13830000669,0
5.17,0.0754069642696989,-0.223810374736786,0.0891844609331063,31.8398876871101,-2.14471721604276,-0.010957716532991,-0.163446517915792,7.76142612080076,-31.1544182057434,-2.96324338137883,2462.09821634127,2463.13830000669,0
5.18,-3.30676381116758,-0.0677064210176468,-0.286526959437932,24.5877452703424,11.1814398299425,2.13285120208006,2.35321658769382,-23.8921926454724,-11.8695551213917,2.48320125053271,2452.48473820659,2463.13830000669,0
5.19,1.09595404375477,-0.0892416536808014,0.21054264457306,35.1542849437947,-8.83047889731602,-1.01573912660103,0.107459937767806,-34.6109167466978,-9.90900687483216,1.62408168479834,2456.20948715747,2463.13830000669,0
5.2,-0.269348879217424,-0.0756565183401108,-0.00545382990510575,29.0206258725714,0.909047283580022,0.283722426664585,0.00300004943325124,-29.0853626928779,-1.41995917221156,1.63950238612478,2455.85118794194,2463.13830000669,0
5.21,-0.369626522598253,-0.0506942570209503,-0.152275542007369,31.8086964163702,1.60642900370628,0.249036532114689,-0.311958582764749,-21.3125717102488,23.9221130490184,0.790138038236713,2455.2850924715,2463.13830000669,0
5.22,0.207238017725868,-0.0519879460334778,0.0090499278668147,30.1098730855812,-1.22100126215987,0.0419684565482772,0.202166296418297,0.0652637125172066,29.9760830400665,-0.0570991839654093,2456.42942583791,2463.13830000669,0
5.23,-0.189023334096375,-0.0393809229135513,-0.176942253966559,30.2799569033661,4.33142716169214,-0.205205935543264,-0.044137588056238,26.2878252579176,15.2730885429321,-0.900255210117382,2456.38788992125,2463.13830000669,0
5.24,0.89651012842215,-0.0818046033382416,0.240179565966202,32.9198686403677,-4.47603970918897,0.85961115116075,-0.23571941134194,33.4394362025965,-0.552540311705135,-1.73084002383506,2459.86659902266,2463.13830000669,0
5.25,-2.64017392377953,0.0485817044973373,-0.0464806458912439,24.4929253955587,8.89649857216734,-2.60520639259549,0.564675578130906,22.9357700139925,-11.8389662169432,-1.71662564005996,2451.88111530373,2463.13830000669,0
5.26,-2.17858201381743,0.187063604593277,-0.0431231884324894,29.2724986677832,5.75407030259517,-0.95720086657438,1.92256338445089,9.07283544303849,-28.2348728390854,-2.61605015722558,2445.65386702827,2463.13830000669,0
5.27,-1.23196158992802,0.286820381879807,-0.134595663463317,27.8372416230126,6.09085412504256,0.572273729963892,1.0181702020586,-16.2012971102672,-23.1572538828988,2.73284967263921,2442.36935531608,2463.13830000669,0
5.28,1.55397977751246,0.24322073161602,0.280912973563134,36.0435807328735,-7.847948901776,-1.55735200905459,-0.225761738921138,-33.4628200930946,-15.575364179394,1.80736654279947,2448.05865620221,2463.13830000669,0
5.29,-0.613803220161715,0.280714839696884,0.214902025852995,31.1229718930394,-1.03526803303429,0.409914539313834,-0.301683061543958,-24.8757490411001,18.2585103712158,0.899440128660833,2447.07637148894,2463.13830000669,0
5.3,-1.2122002714,0.366428971290588,-0.0809273580993718,29.8927286320688,2.92167445579492,-0.0958410541583515,-1.15998807066512,3.69215659725212,29.9611172551859,-0.0237017536784789,2443.95474680714,2463.13830000669,0
5.31,-0.114157105274627,0.407533526420593,0.0979899640371206,32.8815233643821,-3.07244952500755,0.044159588367558,-0.134467515746394,0.134874645493826,32.7211501700923,-0.0960915813742513,2444.19929062192,2463.13830000669,0
5.32,-2.15387839213025,0.547548532485962,-0.254463691422856,28.0184124140419,9.13020123177944,-1.94245376180091,-0.909435050931069,28.6424861910227,7.00340738232548,-1.05176073926324,2437.96023482896,2463.13830000669,0
5.33,2.08089130019987,0.490122765302658,0.189617927242198,37.9346095291577,-9.08225726709107,1.88323870676034,-1.08271986320244,38.1323889169616,-7.2432975836333,-2.00383085486699,2445.39704197641,2463.13830000669,0
5.34,1.57131618698483,0.424515008926392,0.182551983620551,34.9592476973846,-6.11104907942719,0.224940737220583,-1.47631293353582,14.2282966957327,-32.9503643652468,-2.90730394598174,2450.91776586694,2463.13830000669,0
5.35,-1.56549208463795,0.505610883235931,0.0367089728372283,33.3041193845395,3.11445040915782,0.994541573185108,1.15731155966257,-22.6738229795581,-23.8908135040087,2.47783554246243,2446.9196539652,2463.13830000669,0
5.36,0.926368789552031,0.493162751197815,-0.0370410927169369,31.6712755859027,-5.13965410653751,-0.648509384816532,-0.613329237070666,-16.3790121135452,-26.9430887231369,2.43803631089566,2450.17923600905,2463.13830000669,0
5.37,-0.00187073193560145,0.500153720378876,0.015991578640413,34.1581171808748,0.6128278151641,-0.020950657761273,-0.00323217916655052,-34.1578819970956,0.549709051956036,1.55243898360202,2451.05732713887,2463.13830000669,0
5.38,0.27418882001842,0.500580787658691,0.081223113995789,29.6896376542898,-5.05389689997047,-0.0930025645345753,0.293000763167703,-23.1529306063187,19.8799795120302,0.675286337289389,2452.47659468676,2463.13830000669,0
5.39,-0.909782728705535,0.551130890846252,-0.163165869042653,29.9764302036742,4.83823835931574,-0.249410294260711,-0.74348400801832,10.3009553751036,28.4968641160312,-0.203678672523702,2450.57848006684,2463.13830000669,0
5.4,0.376694861326959,0.546565592288971,0.0017685990946232,32.6370405754795,-3.08698357310354,0.423530415082787,0.159603140544117,27.8732949057456,18.1779221829301,-1.08203475122816,2452.66465492085,2463.13830000669,0
5.41,-1.80965174158201,0.655858218669891,-0.178044840955821,26.085313479502,6.26886475816942,-1.69838929514653,0.874751326757885,21.596765520401,-16.216072863209,-1.97331004620152,2447.04682926103,2463.13830000669,0
5.42,-2.74451915191283,0.827562570571899,-0.14050960226792,30.120727739924,6.42006870581876,-2.34239093141758,1.38158099147368,23.6344877699187,-19.5268447549091,-2.0530114565945,2439.14301977819,2463.13830000669,0
5.43,1.30592707075137,0.823332726955414,0.120192627522968,32.4529673482896,-4.23425225690207,0.0693293335204866,-1.21255458807323,8.87748357260213,-31.3355584426486,-3.00834054593851,2443.30485744469,2463.13830000669,0
5.44,1.30736503439092,0.779269516468048,0.0800674454978699,36.1259205470854,-8.13257114740976,-0.992881115434672,-0.758154009643174,-19.9217019403448,-31.3155648604218,2.35323960857837,2448.0875353694,2463.13830000669,0
5.45,-2.18268007126597,0.912726044654846,-0.132039730342419,23.0439930326454,11.539541769518,2.19750446110574,-0.537207869112222,-21.9198968956242,13.3538757702532,1.42421849324996,2441.28640206127,2463.13830000669,0
5.46,-2.26291035932818,1.07648897171021,-0.236482921040667,28.0636623492844,10.188643538843,0.755899316628175,-2.09627121133586,-2.45498003360408,29.4972806840684,0.445852483176518,2434.72016520399,2463.13830000669,0
5.47,2.31288797692054,1.01723027229309,0.140131367183513,33.5900586229944,-10.0653878731043,-0.611965054099613,2.37385823763756,-20.1036818933062,28.412694609628,0.333288154059074,2442.72217165176,2463.13830000669,0
5.48,1.38519771006677,0.963225841522217,0.107642088799281,35.984732700823,-4.46525735072246,0.802300425211797,1.05308380632055,16.9126575625378,32.338270906964,-0.591501954135452,2447.7863655423,2463.13830000669,0
5.49,-1.9480736651636,1.07375311851501,-0.127422545438651,28.0711680509854,5.55255906426209,-1.88200262251916,0.0213231232164399,28.4521864829271,-4.13927610431831,-1.51751804097713,2442.42517891404,2463.13830000669,0
5.5,1.32895495785302,1.04994583129883,0.0542159575916785,33.9847632695729,-3.25250726917074,0.773809500969917,-1.04761170847095,24.6218067136251,-23.4616794272571,-2.44641649019781,2447.10439586861,2463.13830000669,0
5.51,-5.1146621617367,-4.59999990463257,-0.357270500110476,21.2593062579665,15.2540648854152,1.62551722520341,4.86361411299729,-20.0275963480791,-16.1460804001455,2.88196724949976,2433.56014908314,0,0
5.52,-6.60489153341884,-4.59999990463257,-0.552642792070872,20.8706998632591,25.9550250599465,6.70903967081831,0.979948701532667,-25.6108863116656,20.7734619219337,1.79621851150949,2413.06011431544,0,0
5.53,-5.07878513927802,-4.59999990463257,-0.232115574758966,23.2959790794346,18.9638425498788,5.0973147534751,-1.07168028321939,-20.1361724056012,21.6181571241769,1.43928920436737,2397.46973551347,0,0
5.54,-4.78860354688062,-4.59999990463257,-0.519938820745768,28.2129544957822,16.6319263615041,0.174152463611659,-4.78098931608223,13.9928383458328,29.6827862274007,0.11255867565447,2383.41782162815,0,0
5.55,-5.09998808808014,-4.59999990463257,-0.222384286490122,20.5444189658696,17.294796035681,-4.93249624746216,-0.887491439441357,24.2253952613352,-11.4171575652718,-1.32095497082591,2368.30277366567,0,0
5.56,-5.6307488237163,-4.59999990463257,-0.437839074754409,19.9072172683586,18.1025634777912,-1.14333204712238,5.58858189690997,-12.3280460695337,-22.990714292149,-2.87332472260731,2351.02691048816,0,0
5.57,-7.96850295681215,-4.59999990463257,-0.368644290059968,21.4965815465469,25.8763902036725,7.93315739481258,0.538045790955504,-24.7431216177845,22.5396063357214,1.70648106484037,2327.10879066164,0,0
5.58,-5.4765395753732,-4.59999990463257,-0.495594848629649,23.5995779242425,20.7025627786451,-1.22762117243296,-5.38939674168698,23.7444285161997,19.8573341245427,-0.145577183987411,2310.51026257041,0,0
5.59,-4.67850615709432,-4.59999990463257,-0.348584732409428,21.8855736725189,17.3409488046544,-4.53175295445484,-1.12113884779459,26.3065724193704,-9.96040578269325,-1.2481871624775,2296.49900977149,0,0
5.6,-4.26758601658706,-4.59999990463257,-0.339649940742817,21.7971714724464,16.8796856938564,1.07561003977949,4.17465317060939,-20.38962728699,-18.1577128077437,2.97235323027272,2283.56842183018,0,0
5.61,-6.11249879120807,-4.59999990463257,-0.395495708734723,17.8891680517329,22.9964486681772,3.95055656613171,-4.5589283030496,3.19216015927323,29.8298694250791,0.795626382184149,2265.33329782106,0,0
5.62,-3.80664770036545,-4.59999990463257,-0.319978335489767,22.0993699160713,13.3711237689272,-3.75578164811748,-0.0145768788395633,23.3522193566444,-11.9219711167342,-1.48962231064916,2254.06926966995,0,0
5.63,-4.32799964649978,-4.59999990463257,-0.383551609156149,20.2703688258387,14.6782872661121,3.14421839659647,3.09912285163354,-23.96661065817,-5.24241075930255,2.41844407574392,2240.7257901367,0,0
5.64,-5.34739376308192,-4.59999990463257,-0.559015179537182,20.0661301827139,21.4458815664634,-0.786524831778768,-5.35653543807977,22.0889504115127,18.8047298892115,-0.0652492508627425,2224.42707550028,0,0
5.65,-2.77512910446992,-4.59999990463257,-0.149596274630796,24.0255182757399,10.3654408605448,-2.66858266956499,0.797277689230655,21.2442450999511,-15.6676913669647,-1.77802352922627,2216.19901762812,0,0
5.66,-5.50050015139331,-4.59999990463257,-0.279363006867698,20.6341882466335,16.8943864853993,5.4675841695958,1.14949289668419,-24.1922537022423,10.3870421275252,1.84003305767265,2199.48593125318,0,0
5.67,-4.29299062661813,-4.59999990463257,-0.18983204773717,20.5592506589345,11.3119905260266,-3.5915566324458,-2.34214935039796,23.6418337339321,2.69103134381113,-0.934113229335682,2186.5470432107,0,0
5.68,-5.03814116290945,-4.59999990463257,-0.375190039576047,19.9717153918173,18.4260017639361,3.41936039665208,3.70802711752754,-26.40965985116,-4.19030298592047,2.47194560543754,2171.32290892391,0,0
5.69,-4.5400252886194,-4.59999990463257,-0.323982409080784,22.355935915323,16.806794072999,-2.49411165591477,-3.75478764982345,25.2512965081322,11.626429108978,-0.510072508778834,2157.90923200089,0,0
5.7,-6.19525660656842,-4.59999990463257,-0.362328341131542,13.9786283371041,18.0560649665365,3.09125191528374,5.26577022068844,-22.6548457435804,-4.46039095867698,2.67344300344918,2139.24901766956,0,0
5.71,-6.61207535881215,-4.59999990463257,-0.508461200052813,17.4635437498309,21.5421589908499,1.48054391814518,-6.49806944949917,15.8370516693251,22.6800282455388,0.292408341064395,2118.97405916284,0,0
5.72,-5.55353417750036,-4.59999990463257,-0.420546892399225,18.0324802099732,14.365813826224,0.00449471783667721,5.55842259157298,-13.8320768550904,-18.6799623098403,-3.08598860975211,2102.15907034328,0,0
5.73,-7.60552532843985,-4.59999990463257,-0.559586601630859,13.9419180839845,21.922571136903,-2.88790107869978,-7.00036022044916,26.3570417071712,6.2728755285883,-0.327557589532461,2078.99841217298,0,0
5.74,-4.3794568094246,-4.59999990463257,-0.190999644170925,19.2219759313193,10.2409448358722,3.31368510524403,2.64685394250964,-22.1050138565197,-5.3329866293528,2.29844744327682,2066.16327891319,0,0
5.75,-7.4637021752719,-4.59999990463257,-0.438417191000767,17.4156328613977,21.1901524372767,-7.51867210278435,-0.161137994981077,18.9151884240726,-20.2975011544728,-1.48849905344519,2043.4345301432,0,0
5.76,-5.98950452470431,-4.59999990463257,-0.151492100780854,16.6881058208565,19.840302887281,4.22879663305512,-4.16995353363157,-0.651893285725738,25.0436892133104,0.85791748884455,2025.34139343175,0,0
5.77,-2.67039660824642,-4.59999990463257,-0.240035183481314,18.0206946263866,6.99135871688021,0.247910075804752,2.71511466212199,-7.84753084092233,-17.7563371624364,3.10702442974831,2016.97308591497,0,0
5.78,-6.78083107292979,-4.59999990463257,-0.560310176169579,14.1237530403672,22.3856094162796,-1.63105180221971,-6.71472487205735,23.886502336724,10.2696324318612,-0.172508380821793,1996.03374756351,0,0
5.79,-3.23281700070049,-4.59999990463257,-0.118848312362846,21.3887986786043,9.54535885294293,3.16799216151315,0.720245462777832,-23.1879470687867,3.19945180981431,1.85641405361596,1986.27560085403,0,0
5.8,-2.50585801773763,-4.59999990463257,-0.248843787527566,22.7784287442676,6.91228991085205,-1.50041540054421,2.09941367258904,8.61513684221617,-22.3108205450274,-2.46067774850339,1978.74119146612,0,0
5.81,-2.88323072627055,-4.59999990463257,-0.215957791389585,23.4135235581242,8.77497302834167,-1.67177174010353,-2.35825713334077,19.5676020056082,15.204644489417,-0.553023347401957,1970.29767237007,0,0
5.82,-5.96965290487718,-4.59999990463257,-0.469843653934837,14.616811443634,19.9693563905531,5.54501736451406,-2.23536329640955,-8.22623892666246,23.6901131844908,1.25756110818716,1952.15486271933,0,0
5.83,-5.95628679370033,-4.59999990463257,-0.600067899216204,18.1057359891727,19.4800455549591,1.63018329212755,5.75346661566882,-23.3614778838241,-13.9575353229709,2.93543200159145,1934.15108061144,0,0
5.84,-5.88817092213189,-4.59999990463257,-0.306086413947885,17.073797881328,17.3653754353325,-5.560827356251,1.68290017695808,12.6198261907602,-21.2484549455109,-1.80032443535254,1916.56961857564,0,0
5.85,-2.59334550242141,-4.59999990463257,-0.155058825026155,24.0086540537559,4.54844413777211,1.15573928677148,-2.24540582453618,-7.70350458382308,23.1617038704613,0.516273160213115,1909.17020747282,0,0
5.86,-7.11759060776383,-4.59999990463257,-0.449255131757765,13.2551049953238,18.5538935606025,6.99526891427814,1.71518562244447,-18.7546274356943,13.8367772265684,1.86569881735203,1887.43969906584,0,0
5.87,-6.92932631293318,-4.59999990463257,-0.390791441598274,11.7965068977796,19.1819057264301,0.976756957993203,6.85846579532144,-19.6801677687333,-10.1821645818868,3.05682948801424,1866.19420288185,0,0
5.88,-2.71246753901409,-4.59999990463257,-0.108392661390117,15.8948093137432,8.81724498921663,-2.31195365985127,1.72246509649286,8.03897782102091,-15.7896564772291,-2.14639150003565,1857.19155755001,0,0
5.89,-3.43680114854474,-4.59999990463257,-0.268197556798604,17.3274324749375,10.6806716037954,-3.20630109052925,-1.22593485103384,20.7257675356273,-2.82217986207502,-1.13664436123241,1846.84883570931,0,0
5.9,-4.01814866859653,-4.59999990463257,-0.151086635120858,18.5373482187908,8.61739125046419,-1.0110662806356,-3.92633826042083,11.9155337662627,16.9218760886524,-0.209290909429261,1834.74024865563,0,0
5.91,-3.16620794506527,-4.59999990463257,-0.244674104902776,16.7734775072613,9.54078469038345,1.75402385832343,-2.69756669787317,-2.60620511055298,19.2614914703727,0.637756233315011,1824.96609434535,0,0
5.92,-3.91162065288836,-4.59999990463257,-0.109772217029958,18.6292282108631,12.9939899395417,3.18490863385461,2.31760188783467,-22.4661673166608,-2.27639524434204,2.2672216861375,1813.16146144462,0,0
5.93,-2.47440494800738,-4.59999990463257,-0.180881975745366,17.1191896445807,5.98105128029777,0.584480764517164,2.50371503884921,-9.0755193189402,-15.4183117138828,2.96323664273661,1805.35494133335,0,0
5.94,-6.39402733407656,-4.59999990463257,-0.455120914912521,10.7627884177825,20.9614942993522,-2.2235985419496,6.03367661411505,-13.6006386778612,-18.2333222453732,-2.72415441450723,1785.65749222827,0,0
5.95,-5.78552846586678,-4.59999990463257,-0.153751037902328,10.4409436144715,13.6988093979028,-4.28263240449478,3.96773373328346,-1.13207845076894,-17.6163954812325,-2.26682033202143,1767.70836220341,0,0
5.96,-2.33857983294423,-4.59999990463257,-0.0747110220668823,16.8837484977631,6.04582994741443,-2.14930952839245,0.866782895233672,14.0754262491829,-10.8014061668795,-1.90207288837311,1760.53413640172,0,0
5.97,-7.35169695859829,-4.59999990463257,-0.458072364405584,7.1187034809611,19.8715156975254,-7.34903250472854,0.966051617348995,5.87672133458445,-20.4626143406071,-1.64521871247864,1737.89961598144,0,0
5.98,-4.7042038234314,-4.59999990463257,-0.352961267933871,14.9891621261876,12.5543246544908,-4.64034704265885,0.03670389663181,14.8308204303932,-11.301887255726,-1.52474556921654,1723.66345495244,0,0
5.99,-4.54459573133135,-4.59999990463257,-0.292142037569807,16.8760619531701,13.423696477134,-4.56199049445073,-0.0215622264020237,18.2055528859936,-11.8379451578697,-1.50642730816941,1709.89652555257,0,0
6,-5.30635837543542,-4.59999990463257,-0.162137673347396,12.5391675964917,12.6994149550584,-3.75485100454686,-3.74836302715438,17.8455828695826,0.978626577955739,-0.736435704796566,1693.71440422093,0,0
6.01,-4.14224353955843,-4.59999990463257,-0.122945139110226,13.7896889620088,10.9739779076098,-3.48031232527625,-2.27855851850824,17.7686902871676,-1.0412360075146,-0.933933508660143,1681.01445239694,0,0
6.02,-3.61214170785404,-4.59999990463257,-0.217563327283148,16.8539904960108,4.5815951186919,-3.27928058930461,-1.11780372086193,17.2587871305605,2.01497932996725,-1.21627114299196,1670.56879569449,0,0
6.03,-4.94657388152965,-4.59999990463257,-0.348800911257739,14.4685909824057,10.961505970481,-4.88467685716978,0.328464271699373,14.5611264048552,-11.1393504704897,-1.59119490030267,1655.71986457446,0,0
6.04,-3.12422870754295,-4.59999990463257,-0.262362124039181,17.9655028656982,8.03886526189597,-2.64171109685647,1.57353067316812,11.9603794533084,-15.058711750707,-2.05461796752065,1646.45774254688,0,0
6.05,-7.60018246049214,-4.59999990463257,-0.246358593576726,7.14716112330213,19.4268097633655,-3.28868311036339,6.81024453306283,-14.192614096585,-16.1663954543569,-2.63580676935776,1623.29447844616,0,0
6.06,-2.32252056537445,-4.59999990463257,0.0103193536262455,19.2623846562569,4.70059679652664,0.537138020515885,2.28704935109738,-8.06840293800351,-17.7344057418909,2.95313600626735,1616.10675283623,0,0
6.07,-7.58904049579328,-4.59999990463257,-0.400819383737346,9.44328377814528,16.1757790325587,6.57520507765662,3.88353571997733,-16.7893282843325,8.59343038263338,2.14950398704598,1592.91770807672,0,0
6.08,-5.47934235363507,-4.59999990463257,-0.264314948725685,13.6283067505943,10.4022276556473,4.89157452473539,2.35567823933405,-16.203821057516,3.16532363396239,2.06025770270747,1576.33810039988,0,0
6.09,-2.71348985081969,-4.59999990463257,-0.294327570536122,17.253272250899,6.05865112991068,2.32598575720078,-1.59016864138464,-10.9008473541442,14.0461378729304,1.01744672044244,1567.82962605235,0,0
6.1,-7.45019441326953,-4.59999990463257,-0.199535430321561,9.1030558096961,16.7570375200154,-1.37385687787426,-7.33498160570065,17.5818264450782,6.8878360077085,-0.138996343816273,1545.14069925169,0,0
6.11,-6.77062525593044,-4.59999990463257,-0.409038406284206,7.67389864414382,17.8181739139739,-6.752317513007,-0.419000505208859,9.74776095415972,-16.2495563103326,-1.45564633970085,1524.23219853092,0,0
6.12,-4.32467826678907,-4.59999990463257,0.0380719641171036,14.0791708841892,7.98449641700889,-0.881141721123005,4.23024847781006,-4.24901074756068,-15.6104194111096,-2.89729189142221,1511.0455079215,0,0
6.13,-7.28459053234048,-4.59999990463257,-0.344721625015235,6.67072975372046,16.8710822082152,7.26624017471101,1.41997531330696,-11.045294362011,15.4498224832486,1.81341240775247,1488.42950762241,0,0
6.14,-2.3985242968965,-4.59999990463257,-0.169245914886045,14.3849277148343,4.52942826548401,0.201616362445542,-2.33059065833996,2.92886346408894,14.6902883432764,0.129981428762749,1481.07017736492,0,0
6.15,-4.61840274346271,-4.59999990463257,-0.288370468714929,12.2243577486481,12.7639054011035,-4.57911735909208,0.54095511319603,11.4565232005158,-13.5880404840114,-1.63060300694061,1467.11661996691,0,0
6.16,-3.86779596894683,-4.59999990463257,-0.0709580400226253,13.7261659522567,7.43576548378396,1.45853233073702,3.5857066800759,-11.7598423487329,-9.92895935512229,2.79735282303936,1455.29517791522,0,0
6.17,-7.07142378694968,-4.59999990463257,-0.357667538850602,6.82689368660041,13.903949768011,7.08477202633069,0.487540041507014,-8.11169817377566,13.223523908944,1.6808766734724,1433.59443251602,0,0
6.18,-4.83766431327253,-4.59999990463257,-0.254961183127991,8.33359849203508,11.888365499726,-2.23749795138529,-4.27234437292664,13.7631488033392,2.15758067465803,-0.432236189843266,1418.50936280546,0,0
6.19,-7.36365625318779,-4.59999990463257,-0.304384731862269,4.91023249079069,15.3013896897756,-2.98819393297939,6.76847479632928,-11.1934944326626,-11.3118441733348,-2.68333047057165,1395.80772751576,0,0
6.2,-4.64632303041832,-4.59999990463257,-0.025716875038567,12.295443978316,7.68555156528699,4.22791396378513,-1.76782512538623,-8.56953112622308,12.2143717244552,1.2133958796214,1381.78192418884,0,0
6.21,-5.32239754616481,-4.59999990463257,-0.0376322191426934,11.5159726507384,12.8510434477467,-5.07924974683242,-1.22330274217134,14.7009944208789,-9.25201473348307,-1.28246525715406,1365.81691776438,0,0
6.22,-6.7386442113607,-4.59999990463257,-0.270013189496599,6.12965536231818,12.6759773347845,4.93692818096601,4.70441103035089,-13.1529127074233,3.97818617394665,2.36975209597429,1344.83240437714,0,0
6.23,-4.74381452741882,-4.59999990463257,-0.228349283148363,7.80528579661096,10.3144488435043,-2.08293887347156,-4.43058639812835,12.7016934598337,2.82044888452954,-0.394115459640709,1329.66530804627,0,0
6.24,-5.37036807623222,-4.59999990463257,-0.177796207174803,6.61019790618024,8.69716070182159,0.905826193377343,5.33411864771614,-9.86285773989299,-5.7948228282037,3.00845233271383,1312.96132377942,0,0
6.25,-6.21904118731204,-4.59999990463257,-0.297749271386943,5.59208006751959,14.2319981951899,-0.3193150142878,-6.25522974233833,14.07727923557,5.2124951299838,-0.0044108657055154,1293.60838875104,0,0
6.26,-5.76040083780539,-4.59999990463257,-0.345494086353909,6.4238979236656,9.61537945761719,0.27789153862598,5.73668114852395,-10.1019897117152,-6.25581389202217,3.12982207982286,1275.86231536676,0,0
6.27,-7.26019668321449,-4.59999990463257,-0.186731121838854,4.315753522916,12.8833467079187,4.40098992082987,-5.66199467485712,6.57027081251207,11.0100396600622,0.69618195138191,1253.69793348615,0,0
6.28,-4.57552188944936,-4.59999990463257,-0.247358896767161,8.36845432138641,9.06546642990462,-1.64217946459188,4.28637941814123,-5.38671471196352,-11.5922477994846,-2.73229103077046,1239.47976385814,0,0
6.29,-3.95175237082194,-4.59999990463257,-0.171425802434506,9.02329412752547,9.66785473934546,-0.103608283589062,-4.03752472127372,9.62905391627777,9.27671606310805,0.0250133215908446,1227.06008476312,0,0
6.3,-3.85800197165087,-4.59999990463257,-0.0436825943290066,11.7128790479793,6.57469877099969,1.76562729929653,3.35956305804538,-10.8542095949387,-7.20119166716719,2.69438527612203,1215.55067782428,0,0
6.31,-6.28854495230069,-4.59999990463257,-0.612388645784572,4.69869238322339,12.330104647263,-5.57192002759372,-3.02850947252085,9.99367951286475,-8.09245886119281,-1.03332556213571,1195.99248791033,0,0
6.32,-4.58336919380416,-4.59999990463257,-0.213668294199184,9.05552717986267,6.95054932219555,4.4395987977111,-0.909702069606483,-7.49781644558659,7.91408043979909,1.39916635443393,1181.98829209008,0,0
6.33,-4.46333576431714,-4.59999990463257,-0.31715659996671,9.3329226008828,8.43687153653699,-2.36719797321938,3.8319341490246,-1.13337533251294,-12.0236744328644,-2.55295254453413,1168.29347715821,0,0
6.34,-3.19033966159818,-4.59999990463257,-0.148080988716365,10.8387663999724,3.8656833497129,-1.06545757312826,-3.05716826281701,7.19585453843777,9.17005950493262,-0.308588062792633,1158.39113000356,0,0
6.35,-4.85000596685229,-4.59999990463257,-0.218242337359457,8.40805805547385,8.54742597963189,4.76414540672649,1.15044638438163,-10.7323934794582,6.0635349173698,1.84506710924912,1143.43110080547,0,0
6.36,-4.07579975586118,-4.59999990463257,-0.153008191008663,9.81802445504928,6.73445194011015,-2.73301953342839,3.11069619333724,2.0882957117027,-12.3474186787287,-2.38567919676128,1130.85981049138,0,0
6.37,-4.41208005361116,-4.59999990463257,-0.103965144494216,4.95402601135886,9.17658531323524,-2.03058885854908,-3.99167918690746,10.0676152123821,1.15559135417886,-0.430288400658247,1116.92684134103,0,0
6.38,-5.46881024511186,-4.59999990463257,-0.103003033246523,4.94657811416829,8.25076379425101,4.32106719456628,3.42594650456119,-9.52955668578367,2.92005875188386,2.2730369880648,1099.90413830972,0,0
6.39,-2.80158880314194,-4.59999990463257,-0.0970567806894038,12.3308132344716,2.13309517224359,-2.16264939198517,1.86728645669786,7.45795983871582,-9.71622017041678,-2.26266681963183,1091.26558041717,0,0
6.4,-2.90128966891351,-4.59999990463257,-0.072930818361435,10.9822671650357,4.01699855821105,-1.65048310502355,-2.37646447358988,9.27913298587772,7.16322173148193,-0.578756044209186,1082.45106221747,0,0
6.41,-3.30337333650268,-4.59999990463257,-0.199895542322175,6.96774423099768,5.73284932518465,2.79244336264862,-1.8103642713618,-2.82560136081291,9.10784169386664,1.03544136710173,1072.21940021679,0,0
6.42,-7.00985805528265,-4.59999990463257,-0.0814891859595598,3.86858060924677,9.739130205861,4.12730082089107,5.60676424266714,-9.73430639209324,1.8497036852719,2.53431108839332,1050.96737960623,0,0
6.43,-2.86673821241664,-4.59999990463257,-0.0418404834987773,8.59480779288742,3.40648771599936,-2.00552972051887,2.13588432748614,3.52052718509276,-8.48367050980327,-2.36250317299092,1041.76451960641,0,0
6.44,-4.94638919127975,-4.59999990463257,-0.408735422110372,6.7595995907879,10.1904888189632,-4.37219555156469,-2.19699822318506,10.9218999400702,-5.12047684514182,-1.06375324086911,1026.77766613154,0,0
6.45,-2.99223710053345,-4.59999990463257,-0.0701474111019505,8.6861659170014,5.64696034528671,0.320549047291534,-2.90765375590159,3.9285698848179,8.94892521760782,0.146740241365785,1017.778727109,0,0
6.46,-3.73863699698745,-4.59999990463257,-0.276612305484659,6.3262367700532,5.58493408873097,3.64886347995775,-1.21665346272286,-4.37787131862851,7.48587432521374,1.28105547957556,1005.95228995629,0,0
6.47,-5.66566373400666,-4.59999990463257,-0.137052592936994,4.58721387968315,8.37341878747853,4.27946609265735,3.65453542430221,-8.92093957251705,3.18497400338962,2.30852513311095,988.673053893633,0,0
6.48,-6.77105320070437,-4.59999990463257,-0.00534729779892545,1.22173789896312,7.69743660127325,-0.21153629588103,6.75105390416556,-7.24136147808468,-2.04100547023166,-3.08732564907355,967.787026069265,0,0
6.49,-1.99455013431439,-4.59999990463257,0.043533799590879,7.10361949944869,2.38803593681366,-1.47958687022834,1.3987501528527,3.77327497846298,-6.93080865683185,-2.30094826432797,961.275475467622,0,0
6.5,-6.00990274151345,-4.59999990463257,-0.0250337485999594,0.836897218217368,8.64596930357908,-5.88219991645188,0.367443772407914,0.552375060312182,-8.21987482556364,-1.60418172319535,943.043045892188,0,0
