{"val_loss":0.0007485417736461386,"_wandb":{"runtime":16766},"best_epoch":4930,"_timestamp":1.7430384227431629e+09,"_runtime":16766.5812559,"_step":5067,"epoch":9999,"loss":0.0018220612837467343}