t,iq,iq_ref,id,vq,vd,ia,ib,va,vb,theta_e,omega,r,"T_ass:0.53,S_pct:2.64,kp:0.0328,ki:0.0254"
0,0,0,0,0,0,0,0,0,0,0,0,0,0
0.01,0.000695012713144924,9.43822124099825e-06,0.000388893387661712,-0.0342768023407498,-0.0194701951387922,-0.00023042964471931,0.000762353538218722,0.0111626477782441,-0.0378071814874944,0.803674312238549,-0.00264092896302956,0,0
0.02,0.000767661296618927,8.37581774248974e-06,0.000430509696125583,-0.0379622652971519,-0.0215537470066128,-0.000253829707452428,0.000842741327098303,0.0123689364085312,-0.0418653437659136,0.803655339182007,-0.00263126742372662,0,0
0.03,0.000794304211454008,7.96043786976952e-06,0.000446394794258995,-0.039315220191029,-0.0223490527964327,-0.000261968621084357,0.00087267401373151,0.0127901377870196,-0.04337717227939,0.803637302338906,-0.00244522354155201,0,0
0.04,0.000775274432059461,6.76345825922908e-06,0.000437269872145142,-0.0384237356281999,-0.0218921931973628,-0.000254589769836936,0.00085290060099951,0.0124648206623925,-0.0424297045531883,0.803621904443205,-0.00211223439630488,0,0
0.05,0.000790412059323553,6.31861712463433e-06,0.000446605557747829,-0.0392029062263553,-0.022359593938958,-0.000258994671534397,0.000870131891067175,0.0127006861493573,-0.0433071803404819,0.803607701708778,-0.00194138269354454,0,0
0.06,0.000789182160720245,5.62471632292727e-06,0.000446905171860483,-0.0391761905740589,-0.0223745920775696,-0.00025789032708789,0.000869497150443418,0.0126704954295884,-0.0432995938098893,0.803595030941006,-0.00172752806304323,0,0
0.07,0.000809403102592062,5.45117109140847e-06,0.000459196843841228,-0.0401959247512474,-0.0229899910476389,-0.000263904731442551,0.000892384119424834,0.0129769049871967,-0.0444505567111564,0.803584016846876,-0.00163039656390611,0,0
0.08,0.000786908646521573,4.46618469140958e-06,0.000447308047893011,-0.0391205794015936,-0.022394762874631,-0.000255955777012045,0.000868214459620681,0.0126155501454754,-0.0432757788081779,0.803573951637397,-0.00137080782179253,0,0
0.09,0.000784855042268241,3.9648734855291e-06,0.000446918932363704,-0.0390430240352568,-0.0223752912095971,-0.000254740060565472,0.000866511091113146,0.0125728622826056,-0.0432080376383208,0.803565242057608,-0.00121877284525461,0,0
0.1,0.000783697620851427,3.53610130332527e-06,0.000446903940542651,-0.0390066411311482,-0.0223745319270683,-0.000253910667248947,0.000865698831036481,0.0125468680761637,-0.0431823324146453,0.803557564045598,-0.00108746629915936,0,0
0.11,0.000782700523380687,3.15830607178214e-06,0.000446901384552501,-0.038975718869032,-0.0223744009200482,-0.000253188841207244,0.000865006570786301,0.0125244078706799,-0.0431608582558053,0.803550790118024,-0.000971721203292199,0,0
0.12,0.000781821490500407,2.82500786852324e-06,0.000446899475226336,-0.0389484691361715,-0.0223743074003118,-0.000252552250305083,0.000864396520603648,0.0125045999000286,-0.0431419501301825,0.803544813624063,-0.000869605411625305,0,0
0.13,0.000819308509065799,3.27187967741338e-06,0.000468285136253066,-0.0408004004053345,-0.0234449942623969,-0.000264685843283841,0.000905813891607043,0.0130941674738999,-0.0451982655349174,0.803538960401173,-0.000929473821290394,0,0
0.14,0.000859779290877144,2.18497370951809e-06,0.000492338748262886,-0.0428781955115419,-0.0246492633429956,-0.000277115401626962,0.00095122285834782,0.013753597413936,-0.0475075193190902,0.803533847323764,-0.00101397500433034,0,0
0.15,0.000782453761081543,2.0142940684309e-06,0.000448371709207474,-0.0390207031884723,-0.0224480234097466,-0.00025197190346151,0.000865899092108467,0.0125047504401868,-0.0432453494465709,0.803529218772125,-0.000615345361493182,0,0
0.16,0.000779126750031827,1.76449339051032e-06,0.000446941440399553,-0.0388668694293532,-0.0223764150877391,-0.00025056695157421,0.000862560923378976,0.0124435785703473,-0.0430870612107717,0.803525757883077,-0.000544462966797633,0,0
0.17,0.000778577557509766,1.59341527705692e-06,0.000446894019403164,-0.0388479794137083,-0.0223740331532578,-0.00025020194396254,0.000862146312915362,0.0124315043263689,-0.0430722714081165,0.803522727307666,-0.000492249924228305,0,0
0.18,0.000778180658685579,1.44429418469372e-06,0.000446891659093076,-0.0388356033195307,-0.0223739203669978,-0.000249915588544129,0.000861869764594352,0.0124225591257172,-0.0430636322498319,0.803520054332898,-0.000446563016378286,0,0
0.19,0.000777833702135224,1.31279932702455e-06,0.000446890859772621,-0.0388248407092878,-0.0223738816532369,-0.000249664370708155,0.000861628928672083,0.0124147374905616,-0.0430561625017264,0.803517696051126,-0.000406268317905573,0,0
0.2,0.000777527781987014,1.19679100407666e-06,0.000446890196124951,-0.0388153535565544,-0.0223738442813333,-0.000249442837008146,0.000861416606654161,0.0124078449858894,-0.0430495756361409,0.803515615386998,-0.000370717614553127,0,0
0.21,0.000777257737201968,1.09444408735726e-06,0.000446889611849214,-0.0388069753057134,-0.0223738253392482,-0.000249247283110431,0.000861229183830375,0.0124017484450749,-0.043043768749896,0.803513779658326,-0.000339351950124426,0,0
0.22,0.000777019628979574,1.00415013548627e-06,0.000446889096313822,-0.0387995896500768,-0.0223737892250091,-0.000249074856149132,0.000861063925767436,0.0123963876154574,-0.0430386358448641,0.80351216003129,-0.000311678644735358,0,0
0.23,0.000776809479876907,9.24490507259179e-07,0.00044688864140287,-0.0387930688362152,-0.022373770094946,-0.000248922676687848,0.000860918072102155,0.0123916457282674,-0.0430341131445502,0.803510731066499,-0.000287263034143932,0,0
0.24,0.000776624010822211,8.54213169532159e-07,0.000446888239992855,-0.0387873116766266,-0.0223737508838872,-0.000248788369919398,0.000860789347182188,0.0123874608244409,-0.04303011840603,0.803509470319221,-0.000265721623308391,0,0
0.25,0.000776460486057587,7.92213654676743e-07,0.000446887885797029,-0.0387822367521024,-0.0223737330554001,-0.000248669953846952,0.00086067585241755,0.0123837724267152,-0.0430265964121467,0.803508357986936,-0.000246716062145258,0,0
0.26,0.000784456149460021,9.04537785118009e-07,0.000451389888103289,-0.0391763800224114,-0.0225991244206631,-0.000251299169405157,0.000869467083312428,0.0125109714560321,-0.0434624524097221,0.803507431944458,-0.000264796255201667,0,0
0.27,0.000757267635088041,2.98412686561278e-07,0.0004360607066928,-0.0378473404568176,-0.0218316581980924,-0.000242369389412674,0.000839559581059609,0.0120870534080757,-0.0419874459718965,0.803506332590777,-0.00013333304056403,0,0
0.28,0.000753882115798538,1.71345550370461e-06,0.000433911859325335,-0.0376073208019022,-0.0217240877001165,-0.000241423558433299,0.000835662857627078,0.0119889299125178,-0.0417434081485003,0.803505548996438,-0.000106310481569019,0,0
0.29,0.000775163238043417,5.93027607465046e-07,0.000446465063005841,-0.038727332799435,-0.0223525604210048,-0.000248026898766185,0.000859471788709317,0.0123588095876883,-0.0429732834294534,0.803505078389645,-0.000187282264480687,0,0
0.3,0.000771223821912481,5.26396831901366e-07,0.000444425956628021,-0.0385336970467891,-0.0222504676640014,-0.000246607065176366,0.000855269296663411,0.0122903138673179,-0.0427653750644527,0.803505323945572,-0.000174902998642168,0,0
0.31,0.000775752092631134,5.8681712289399e-07,0.000446806735324015,-0.0387570736130555,-0.0223696718617606,-0.000248213275526826,0.000860126582431175,0.0123683236692224,-0.0430062500558233,0.803504738651541,-0.000184140719624401,0,0
0.32,0.000775840438277381,5.59385000542534e-07,0.000446883956137764,-0.0387628592511628,-0.0223735295149384,-0.00024822278388135,0.000860243631468417,0.0123697863715827,-0.0430130499430427,0.803504184763311,-0.000175384191619225,0,0
0.33,0.000775774430980617,5.32218280113739e-07,0.000446886315943951,-0.0387609139794238,-0.0223736549853777,-0.000248173212583689,0.000860199630142415,0.0123682779998117,-0.0430117959313999,0.803503694700199,-0.000167036859061504,0,0
0.34,0.000775710984637051,5.08145205913024e-07,0.000446886259962543,-0.0387589416675291,-0.0223736596722188,-0.000248127211276917,0.000860155653387126,0.0123668364917678,-0.0430104354953663,0.8035032622766,-0.000159649317020515,0,0
0.35,0.000775655085836293,4.86906742480642e-07,0.000446886141067565,-0.0387572046292711,-0.0223736414727403,-0.00024808673012668,0.000860116858105349,0.012365582409763,-0.0430092212797823,0.803502880756073,-0.000153130594316703,0,0
0.36,0.000775605492907111,4.68173254830617e-07,0.000446886033906172,-0.0387556573063068,-0.0223736402874837,-0.000248050818404572,0.000860082437570313,0.0123644550047252,-0.043008150453068,0.803502544148147,-0.000147379223189694,0,0
0.37,0.000775561778953893,4.51649782462482e-07,0.000446885939283263,-0.0387542931404458,-0.0223736405349054,-0.000248019163719639,0.000860052097335401,0.012363460145002,-0.0430072073127716,0.803502247165697,-0.000142304900957112,0,0
0.38,0.00077552318727482,4.37076295156658e-07,0.000446885855794948,-0.0387530873322674,-0.0223736407627132,-0.00024799121835993,0.000860025312259376,0.0123625807875124,-0.0430063736559305,0.803501985144101,-0.000137827926681485,0,0
0.39,0.000775489349177301,4.24223088657527e-07,0.000446885782133261,-0.0387520329626465,-0.0223736224838805,-0.00024796671430661,0.000860001826484267,0.0123618246082776,-0.0430056314236104,0.803501753967725,-0.000133877980743337,0,0
0.4,0.000775459314024359,4.12887885659075e-07,0.00044688571714157,-0.0387510926401517,-0.0223736226796144,-0.000247944964975324,0.000859980980159242,0.012361138864981,-0.0430049813228193,0.803501550005515,-0.000130393021494436,0,0
0.41,0.000775432829538722,4.02891743078726e-07,0.000446885659799636,-0.0387502627215761,-0.0223736228616532,-0.000247925786729039,0.000859962598219115,0.0123605336317739,-0.0430044075564871,0.803501370053829,-0.000127318310813451,0,0
0.42,0.000775409430059104,3.94077147802818e-07,0.000446885609207156,-0.0387495278203283,-0.0223736230317991,-0.000247908842580596,0.000859946357461549,0.0123599977106401,-0.0430038994797033,0.80350121128612,-0.000124605554336905,0,0
0.43,0.000775388882754863,3.86305003985399e-07,0.000446885564569973,-0.0387488832678273,-0.0223736231909606,-0.000247893963345395,0.000859932096306313,0.0123595276332427,-0.0430034538831232,0.803501071208635,-0.000122212142903596,0,0
0.44,0.000775370663757051,3.79452586685147e-07,0.000446885525186955,-0.0387483090229872,-0.0223736233411492,-0.000247880770540452,0.00085991945113071,0.012359108878128,-0.0430030568830996,0.803500947621153,-0.000120100483291251,0,0
0.45,0.000775354598442687,3.73411694454262e-07,0.000446885490439692,-0.0387478017789742,-0.0223736234830347,-0.00024786913723258,0.00085990830075033,0.0123587389810889,-0.0430027062085701,0.803500838582484,-0.00011823740774282,0,0
0.46,0.000775340453981127,3.68086773505638e-07,0.000446885459782837,-0.0387473546845536,-0.0223736236175208,-0.000247858894737324,0.000859898483569177,0.0123584129363631,-0.0430023971253163,0.803500742379954,-0.000116593653001368,0,0
0.47,0.000775328152715655,3.63393468205686e-07,0.000446885432734512,-0.0387469680859635,-0.0223736038048803,-0.000247849986192485,0.000859889945707105,0.0123581447701492,-0.0430021155399646,0.803500657502466,-0.000115143400674525,0,0
0.48,0.000775317093260115,3.59257398940827e-07,0.000446885408870257,-0.0387466156423373,-0.0223736039277239,-0.000247841977873704,0.000859882269712605,0.0123578877790366,-0.04300187189054,0.803500582616918,-0.000113863871704928,0,0
0.49,0.000775307430788433,3.55613053670822e-07,0.000446885387815118,-0.0387463083964263,-0.0223736040451438,-0.000247834980722041,0.000859875563328168,0.0123576637036969,-0.0430016595040957,0.803500516546943,-0.000112734968578484,0,0
0.5,0.000775298816054643,3.52402508951855e-07,0.000446885369238572,-0.0387460317897307,-0.022373604158501,-0.000247828742690411,0.000859869584129894,0.0123574620194832,-0.0430014682880613,0.803500458254896,-0.000111738959657636,0,0
0.51,0.374665154852973,0.404763668775558,0.00319864874228166,1.50509967568616,-0.16004105621364,-0.00295527614980656,0.374667153561207,-0.184739198185971,1.50226815252077,0.0164247196504945,5.05213041414536,121.50574560473,0
0.52,0.330990204699597,0.388766556978226,0.0503393218107383,2.88910544321291,-2.52014230223727,0.0258146820168044,0.333799588255913,-2.72616536238484,2.69556485777311,0.0737481943001881,10.557662934092,121.50574560473,0
0.53,0.329510890269532,0.373317301273346,-0.0153556797280297,2.19068368029476,0.769335215680761,-0.0711765937123243,0.322097991632423,0.385524554339943,2.28961622967635,0.170915291191889,15.9017679750414,121.50574560473,0
0.54,0.395970553037273,0.358492493629456,0.0150654271030134,-1.8734212931314,-0.753458288639268,-0.105002217438116,0.38209184798883,-0.153658112492075,-2.01340406246305,0.306216976677018,20.9924858239596,121.50574560473,0
0.55,0.36366140816939,0.343874335289001,0.00193095705790046,-0.988810708665918,-0.0955322107371463,-0.16574205521824,0.323701899158681,0.370518789819465,-0.921731439873589,0.478527531758909,26.0078466344744,121.50574560473,0
0.56,0.333981871278804,0.329583585262299,0.0268256165115684,-0.219277057293575,-1.34167636927914,-0.191120186873356,0.275202794705306,-0.898093126157488,-1.02059132099291,0.687153670637442,30.8611604785827,121.50574560473,0
0.57,0.292469925846097,0.31557884812355,-0.0600529365844427,1.15619787852572,3.00848009949874,-0.270469080446157,0.126457460196887,0.868855610045359,3.10368103584761,0.930929583039705,35.6367021317277,121.50574560473,0
0.58,0.269595324769371,0.302018165588379,-0.00560353504216679,1.62212708306555,0.282009021950585,-0.254138343932203,0.0901484380667188,-1.41741275591366,0.837715012071226,1.20913912393299,40.2315623409625,121.50574560473,0
0.59,0.277853490926661,0.288595199584961,0.0611401598559676,0.538286938875847,-3.06183561143724,-0.274441536473833,0.0749834956855659,-0.691005119336724,-3.03102327029669,1.52067660032625,44.7131761719276,121.50574560473,0
0.6,0.291133972815455,0.2757947742939,0.0479448552271676,-0.765680804313497,-2.40105907214582,-0.292549298002633,-0.0383745685087291,1.42787907750466,-2.07665912033063,1.86444279699857,48.9775899848527,121.50574560473,0
0.61,0.22453953619889,0.264576137065887,0.0639319396413692,2.00326073042631,-3.20111794929819,-0.21598776187553,-0.088626085001649,0.405501107860082,-3.75443451546454,2.23755981712559,52.7359477741502,121.50574560473,0
0.62,0.241369321576689,0.254513412714005,0.0311154613623782,0.658827718316228,-1.55701909476922,-0.143983421520423,-0.196204219275369,1.044082388123,-1.32975726759025,2.63671655904954,56.181486470023,121.50574560473,0
0.63,0.209747055576206,0.24473075568676,0.0388980593298508,1.7510093791989,-1.94567923344945,-0.0556917707331861,-0.205925503556794,1.79808231518019,-1.90226220941152,3.06083397606586,59.494181874115,121.50574560473,0
0.64,0.193018928463342,0.235088735818863,-0.0395371505295153,2.10553945181393,1.9821213595985,0.106237353001909,-0.165931063530245,-1.09342132689707,-2.67703777881601,-2.77414300641179,62.7926182389943,121.50574560473,0
0.65,0.208930124372657,0.225083097815514,0.00640733426320694,0.809932556048183,-0.321995455916016,0.151309810649509,-0.1442157827838,0.818047572730768,-0.300782292907354,-2.30153656974053,66.1577334453773,121.50574560473,0
0.66,0.182688275822963,0.215793043375015,-0.0106923794854928,1.65775730791498,0.534196193295401,0.180181840303574,-0.0319974612593885,1.48852077830466,-0.904339956781809,-1.8050096780217,69.233848419104,121.50574560473,0
0.67,0.205791620288685,0.207318067550659,-0.0268748168933641,0.079004222411336,1.34593115547444,0.190032425344864,0.083427358112569,0.452744073602643,-1.26995871832642,-1.28697127458219,72.0792463844635,121.50574560473,0
0.68,0.197991750892078,0.19952529668808,-0.0533888349070389,0.0795467092996809,2.67527006128531,0.0956990058476202,0.181363726786308,2.01359298709987,-1.76319053481811,-0.74891993089227,74.7305837474471,121.50574560473,0
0.69,0.153039255922713,0.191574901342392,0.0120138408025574,1.9298582582002,-0.598499446932076,0.0409165317004869,0.147956695211166,-0.220325886224873,2.00848474940208,-0.191460027589296,77.3697797280476,121.50574560473,0
0.7,0.195618240670469,0.183097183704376,0.0295032248401625,-0.622844239198626,-1.47875702094616,-0.046341286195142,0.192326341286779,-1.13530688351173,-1.13390279722354,0.386136512318285,80.2091276281312,121.50574560473,0
0.71,0.122630771642422,0.175846487283707,0.016482032575395,2.66423872343711,-0.826239626749286,-0.0928941949786422,0.0817351337596149,-2.67511341872738,0.790321512561384,0.982815892656487,82.560104958882,121.50574560473,0
0.72,0.136545200391816,0.169234529137611,0.0157040267541737,1.63812166790299,-0.784910652758462,-0.136900079465234,0.0122301450829344,-1.61765300486061,-0.82627240516213,1.59620320017368,84.7453485721098,121.50574560473,0
0.73,0.138513337158743,0.162931546568871,0.0175793342564852,1.22480217312155,-0.876988756526196,-0.120588843613605,-0.0703797439586578,-0.437766707676415,-1.44139167196386,2.22533452127842,86.8419984794594,121.50574560473,0
0.74,0.104777396375422,0.156639367341995,-0.0137084459620752,2.59728045672524,0.684116317883662,-0.0149188064363299,-0.10461191851994,-1.35616887438933,-2.31833709615732,2.86984180673707,88.9532007319848,121.50574560473,0
0.75,0.118325842513968,0.150785148143768,-0.0416179987240421,1.62741583098489,2.08253640531861,0.0832688683758669,-0.0938048953084925,-1.31257887814363,-2.29403070055063,-2.75383475089586,90.8935022700479,121.50574560473,0
0.76,0.0836931429361685,0.145503103733063,0.0409508243380476,3.09520117618432,-2.04891047136488,0.0530349493847843,-0.0766081348960601,3.7016109901449,0.276370255924909,-2.08101199567906,92.6558903441475,121.50574560473,0
0.77,0.104928583339502,0.140226095914841,0.0217769693110722,1.76982797325265,-1.0868920999853,0.10711873511534,-0.00313378067194612,1.55302361901719,1.37903703021086,-1.39540742229559,94.4126964939419,121.50574560473,0
0.78,0.103767983293628,0.134866863489151,0.0580076152246348,1.56017697610933,-2.90667317323941,0.111085481493448,0.0423402123547434,-1.22752453992442,3.06203929378685,-0.69690858798113,96.1878776580579,121.50574560473,0
0.79,0.109292341449802,0.12995108962059,-0.00504492594423951,1.03843840521418,0.252262557348466,-0.00659419874815623,0.109209815127729,0.237511998436234,1.04191111418517,0.0141806091637615,97.7612430354116,121.50574560473,0
0.8,0.0870803694515059,0.125212967395782,-0.0316144800293431,1.91231630910175,1.58561135336975,-0.0819155864223463,0.0432701143102212,-0.11001484037849,2.48173603851983,0.736569553280353,99.3291843320395,121.50574560473,0
0.81,0.073438763646143,0.120657421648502,-0.000953485389754045,2.36687665882955,0.0497952677628003,-0.0731635232308612,0.00642339541907163,-2.34992241779006,0.287139891292406,1.47024313195525,100.8351859648,121.50574560473,0
0.82,0.105917001213121,0.116164609789848,-0.0332436632989637,0.518602607194273,1.66267641844139,-0.0647492252620123,-0.0901725574855478,-1.41291929668434,1.01838136161598,2.21472088520956,102.264991197612,121.50574560473,0
0.83,0.0993205263674998,0.112249612808228,-0.0224125497041503,0.652923259192206,1.12366636901917,0.00502004074233642,-0.101694092911553,-1.21911407744486,-0.450217455719662,2.968975349449,103.556258712621,121.50574560473,0
0.84,0.0601116368365351,0.108332350850105,0.014388835043817,2.4177394398217,-0.716796640030836,0.0215529888029229,-0.0579302695552743,1.94257005173344,-1.60800591296711,-2.55046247318673,104.841591262035,121.50574560473,0
0.85,0.087708103293835,0.10438534617424,-0.0274935806624612,0.84085732212307,1.37393170262868,0.0914831447224889,0.00891305742882001,0.541070315869289,-1.51722518860624,-1.77743987917586,106.084040265293,121.50574560473,0
0.86,0.0907282768795765,0.100767739117146,0.0194737084596983,0.50921228148656,-0.974860780191224,0.0867154142396641,0.0330345649275708,-0.103285152467213,1.09498076040249,-0.995386308286151,107.236204044259,121.50574560473,0
0.87,0.0586041106210271,0.0973047912120819,0.0161314055076324,1.94250418046386,-0.804350343678858,0.0277298100376033,0.0540899404752094,-0.39183709989402,2.06561507877013,-0.205116615643436,108.337170220431,121.50574560473,0
0.88,0.0809886212329674,0.0940130800008774,0.0033046919039116,0.658988777133265,-0.168276013626217,-0.042509442537469,0.0690146727366757,-0.507752612218704,0.452515535572657,0.592845214125805,109.399173465692,121.50574560473,0
0.89,0.0263951981760078,0.0909761786460876,-0.000410288927030216,3.23708044206803,0.0193844697997855,-0.0260744667975379,0.00412274240990884,-3.18579193209878,0.574278078515176,1.39843754863451,110.392553079803,121.50574560473,0
0.9,0.091118878967276,0.0879646241664886,0.0295865760965471,-0.149438917873335,-1.47815822234108,-0.0907484962568341,-0.0307038436762115,1.00284719947898,-1.09616659999603,2.21100934427278,111.333454742371,121.50574560473,0
0.91,0.0608681885854142,0.0850304812192917,-0.0562895245015204,1.21666163413126,2.8156845122816,0.0491979213217052,-0.0667308885591981,-2.93316466896171,-0.897156524483961,3.03055242886822,112.267340791048,121.50574560473,0
0.92,0.0583309373238583,0.0820596739649773,0.0368173407628466,1.19523113037129,-1.84484228867858,0.0104662971844017,-0.0681796997146162,2.17653389191045,0.30776735120961,-2.42624000812744,113.168963467471,121.50574560473,0
0.93,0.0180323177631631,0.0796781405806541,-0.0569102080994361,3.09135451513594,2.85188601047971,0.0193411799532635,0.056478801579427,3.02470030389958,-2.92248432444231,-1.59388152819157,113.943822876507,121.50574560473,0
0.94,0.0289223698715113,0.0772506073117256,0.0441814799014243,2.42579037558263,-2.21300218650089,0.051987746506568,-0.0092617956376342,0.0537354428289303,3.28313114662071,-0.755924507936509,114.675569128628,121.50574560473,0
0.95,0.0408444100296397,0.0751820430159569,-0.0244896624904707,1.72660809283557,1.22435238208086,-0.0279503703784685,0.0385588666232934,1.06949031244871,1.82658280221038,0.087112755384317,115.315906079149,121.50574560473,0
0.96,0.037255063218188,0.0730700492858887,0.0240224806813941,1.80075090890399,-1.20027184699122,-0.0157079172702316,0.0414521489010003,-2.16161985816593,0.10371080648116,0.934940157446788,115.988328995947,121.50574560473,0
0.97,0.0226944601516633,0.0707826614379883,0.00900214360674115,2.41466763014149,-0.45111646358702,-0.0241003773632449,0.00390498681700909,-2.26091651775495,-0.960407375812569,1.78779206661025,116.707117689895,121.50574560473,0
0.98,0.0768896893001657,0.0688739344477654,-0.0563044648333837,-0.390209182799963,2.81745970491294,0.0129127273946378,-0.0944218118449414,-2.29198221660661,1.6843871033431,2.64544448303533,117.290893166386,121.50574560473,0
0.99,0.0354361926720368,0.0667558908462524,0.00137282559799299,1.57680894041415,-0.0661874403072253,0.0113995251098404,-0.0335806377021392,0.626091384934128,-1.44869485728903,-2.77561040143647,117.911329061859,121.50574560473,0
1,-0.00215520452402723,0.0651263743638992,0.0128085354958127,3.37520501079899,-0.642642087636733,-0.00628704798371336,-0.0113655847072804,3.39704358546849,-0.514871436527676,-1.90936491429539,118.469252974384,121.50574560473,0
1.01,0.0188460076607314,0.0631742775440216,-0.0323076983947516,2.22783557912238,1.61567308310188,-0.000135723865306935,0.0374024191643665,2.73942007723073,-0.263113130665575,-1.0390966066752,119.000640587767,121.50574560473,0
1.02,0.0251607266531752,0.0613209716975689,-0.0238141045575961,1.81967449356544,1.19507489249956,-0.0193668348530601,0.0287245443718472,1.47723574049569,1.59912283087249,-0.164691132442526,119.551741339025,121.50574560473,0
1.03,0.0482545862848113,0.0596390254795551,-0.0135213220134232,0.581159958464114,0.674112229001692,-0.0418071951652941,0.0276313169957565,0.129250119208669,0.880606950515486,0.713579398076416,120.071877993578,121.50574560473,0
1.04,0.0435923013593906,0.0580526404082775,-0.0220092782746644,0.735229072511512,1.10063872358407,-0.0430348001323779,-0.0230803606025953,-0.762217375199213,1.08212386622943,1.59552364038874,120.552066871018,121.50574560473,0
1.05,0.0243386390370531,0.0564967766404152,0.00683932314603883,1.62039122197647,-0.339357532811059,-0.0203335545472652,-0.0150230573035351,-0.726202578111949,-1.48777050074182,2.48105283781868,120.981634727668,121.50574560473,0
1.06,0.00678708896990795,0.0550434812903404,0.0145648483118519,2.42558828513075,-0.732904019677345,-0.0126547713591717,-0.00990233027523271,1.2619834111662,-2.19727665553614,-2.91368751330607,121.411755552889,121.50574560473,0
1.07,0.0561247388397015,0.0539743602275848,0.0410894991206875,-0.0944427016364214,-2.05801715841557,0.032550355637737,-0.0614720066019527,0.81365404008544,1.89270207673525,-2.02265967029373,121.763661262575,121.50574560473,0
1.08,0.0192794696795531,0.0526338741183281,0.0132787889259053,1.68109387173068,-0.661401871230591,0.0231062572566507,-0.00375833234999651,1.23676178980366,1.31679509268505,-1.12890100509249,122.103183409103,121.50574560473,0
1.09,0.0374588446706247,0.0516340211033821,0.021698294457094,0.722465836995297,-1.08987350279814,0.0297518036214465,0.0314453686204443,-0.893890245708182,0.954327703859927,-0.232703742977779,122.405516656979,121.50574560473,0
1.1,0.0572320343687406,0.050416886806488,-0.0103825937732224,-0.326767398249434,0.519856183256702,-0.0435189738813605,0.0385927833118825,0.610663436028473,0.0641681519667627,0.665859513161278,122.742907009499,121.50574560473,0
1.11,0.0104404512408841,0.0492934808135033,-0.0054732233691466,1.95693076139929,0.277707019095296,-0.0104632882151318,-0.00542943789806412,-1.95575021122349,0.285902613952485,1.56660708523462,123.048628689108,121.50574560473,0
1.12,-0.0232321340585735,0.0481495037674904,0.0194780063920079,3.58362938143751,-0.979038300530654,-0.000788914745866971,0.0303068045073444,-1.46380090177366,-3.41441099713768,2.4698920408228,123.396482869692,121.50574560473,0
1.13,0.0561839437608033,0.0470465794205666,0.00693865160819368,-0.442043513868565,-0.346504960574409,0.00626916656880369,-0.0562625805770549,0.234643446614077,0.51030442758907,-2.90774682435845,123.68535667182,121.50574560473,0
1.14,-0.00156075870471573,0.0462245419621468,0.0249390397496181,2.40441941408157,-1.2448524494667,-0.0118047112768677,-0.022023634192321,2.70441667607871,0.130463718722741,-2.00032756951825,123.886287467751,121.50574560473,0
1.15,0.0278681855093587,0.0453511513769627,-0.0124687309425475,0.889591939328084,0.62122033942164,0.0189714436778111,0.0239204795035825,1.07586965173916,-0.140687672151095,-1.09122705223755,124.154436897542,121.50574560473,0
1.16,0.0257516213197573,0.0444239340722561,0.0563276901286842,0.949339498090702,-2.81863869342116,0.060031109091287,0.0152387866019329,-2.60284136195504,1.43916170432028,-0.180207585789935,124.397246172174,121.50574560473,0
1.17,0.0491936575881897,0.0438055321574211,-0.00385177190939471,-0.253367962327296,0.19682452324641,-0.0357525720188263,0.0340089060068785,0.315760617485111,-0.0568370454060018,0.732248921516997,124.589948533957,121.50574560473,0
1.18,0.057638021832342,0.0428774878382683,0.0350314484158598,-0.721687188374116,-1.75620928254296,-0.0601108867318563,0.0305945294974202,0.851805139627691,-1.6969182202031,1.64612306752388,124.791816083034,121.50574560473,0
1.19,0.0501329999731204,0.0422047711908817,-0.00917641155289266,-0.379769036567683,0.462139088175357,-0.0198083969503505,-0.0469590419999205,-0.178317518043676,0.570964027512977,2.56137889254979,124.966708412476,121.50574560473,0
1.2,-0.017273900645826,0.0414193458855152,-0.0178296711159065,2.95161203043927,0.89063183993487,0.0111274029488884,0.0221915686519977,0.133719927192684,-3.08015545607867,-2.80515030940032,125.138491701387,121.50574560473,0
1.21,-0.00833663794630168,0.0408237725496292,0.0277928009090804,2.4752881628098,-1.39333177979745,-0.0165742691003526,-0.0238166521242721,2.78603866488446,0.553546290122732,-1.88735558424181,125.277895911647,121.50574560473,0
1.22,0.0464748396818387,0.0401450172066689,-0.00524465816314446,-0.298948495504168,0.266076859558051,0.0353205998572962,0.0306573382474999,-0.0955378484647271,-0.38863815776016,-0.968333916973824,125.46405975045,121.50574560473,0
1.23,0.0354921706025111,0.0397516004741192,0.0263048245502897,0.230840242348679,-1.32073453774143,0.0279906746322858,0.0341783572210366,-1.30802385746821,0.294449528722055,-0.0483854857643397,125.578801869064,121.50574560473,0
1.24,-0.000405364765361356,0.0388760156929493,-0.0119212848078593,1.98221709305524,0.59613556105162,-0.00735079904985367,-0.00939399304831362,-1.13555931142478,1.7306262627694,0.872827260507807,125.746173631536,121.50574560473,0
1.25,0.018559761154667,0.0381400473415852,0.0600876203360568,0.99739655717897,-3.00477196799503,-0.0314747055199831,0.0544456588186674,-0.303213903456432,-3.1514307545418,1.79537070027713,125.967186174549,121.50574560473,0
1.26,0.00248870428984442,0.0377680473029613,-0.0420417351270481,1.78268868124079,2.10107985079249,0.037322247040376,-0.0195128423709182,-2.64738605052032,-0.764109006059103,2.71898266350391,126.030123448663,121.50574560473,0
1.27,0.0358519111752887,0.0368311107158661,0.0310325802958852,0.067872827727778,-1.55313314827771,-0.00994972518816375,-0.0463614445786731,1.39412658105763,0.687924685566222,-2.63953004449146,126.297083267112,121.50574560473,0
1.28,0.0154459848005179,0.0361918173730373,-0.0035354108105335,1.05649942984878,0.180733283547057,0.0157915938686545,0.00130504373280707,1.02010419133023,-0.329003045400781,-1.71335465576059,126.399280430616,121.50574560473,0
1.29,0.00816698651528716,0.0359813384711742,-0.0621558220620655,1.4102495748233,3.10868272878162,-0.0381088910589175,0.0497770861663435,3.19374790148565,-1.20527445557867,-0.78674447004073,126.451761865419,121.50574560473,0
1.3,0.0440395881375552,0.0351901240646839,-0.0166307573161526,-0.422734753155101,0.834547674035473,-0.0226466126483271,0.0412698236946911,0.885614534153378,-0.301432228966012,0.140803059633406,126.667294440104,121.50574560473,0
1.31,0.0204837252955003,0.0347017720341682,-6.15936175283828e-05,0.730944070088726,0.00412990907852632,-0.0179937829335015,0.00978828746498942,-0.639052143566078,0.354836085468305,1.06957853592503,126.73661390757,121.50574560473,0
1.32,-0.00902804500936562,0.0339587405323982,0.0608821055945792,2.16964608051529,-3.05082829715974,-0.01708259463801,0.0591296992953123,-0.706004952547196,-3.67647581529171,1.99925371390591,126.861385122029,121.50574560473,0
1.33,0.000243674874896363,0.0335792675614357,0.0615885625013875,1.68734985366915,-3.081052892487,-0.0602613216792487,0.012719414998422,2.6570891105926,-2.29780632633607,2.92961848049816,126.967723732448,121.50574560473,0
1.34,0.0366928851289993,0.0330308452248573,0.00488004825646967,-0.162302181563375,-0.248296054825971,0.0205010681892909,-0.0308202675714125,0.0798808774990452,0.285678095751766,-2.42239784601343,127.125837909053,121.50574560473,0
1.35,0.00197684610103529,0.0326952636241913,-0.0374216942771483,1.55704630212129,1.87235422662671,-0.00103011886054063,0.0374597114005526,1.70216458986298,-1.74147616863772,-1.49052672664337,127.125548703021,121.50574560473,0
1.36,0.0316620143463173,0.0322108119726181,-0.0182975570772764,0.0487994594844426,0.919692994820059,0.0012490022707775,0.0365475545117616,0.805951283989137,-0.445711924681542,-0.558174265961422,127.257634850191,121.50574560473,0
1.37,-0.0315681040844685,0.0315924510359764,0.0193540753989576,3.17963208939386,-0.97341335836818,0.0295735222957116,-0.0222830026940138,-2.07059975843555,2.60196280344655,0.375084288254206,127.372317935533,121.50574560473,0
1.38,0.0127275174059019,0.0315174236893654,0.0422328499021273,0.961429133811055,-2.11433460681223,-0.00134310820761002,0.0440885401268379,-1.47671530685865,-1.79278239376502,1.30854185893685,127.350394630341,121.50574560473,0
1.39,0.0344649290417107,0.0311939343810081,0.00989456864639325,-0.141349678947731,-0.491746234590814,-0.033139621498193,-0.0136930387242879,0.416576508574522,-0.297082654284513,2.24219539644167,127.4173157143,121.50574560473,0
1.4,0.00725500540455488,0.0310896337032318,-0.0598523593037916,1.21424902026512,2.9930500627516,0.0600666691154686,-0.00518992090721091,-2.94946747038615,-1.31658307845956,-3.10715474283353,127.403470613495,121.50574560473,0
1.41,-0.0178202236806897,0.0306823495775461,0.0328131750563786,2.44794611127193,-1.64170273840812,-0.0332767389858346,-0.0169388155364831,2.94727705748767,-0.0344382257801503,-2.17323231182744,127.414010291303,121.50574560473,0
1.42,0.0130032263107808,0.0304375980049372,-0.00216413378774758,0.894796147699141,0.10875329550535,0.0115888256370197,0.00628223605855499,0.881411153478576,0.188684402492797,-1.23896193318459,127.479348625307,121.50574560473,0
1.43,0.0342035466213213,0.0297944024205208,0.0114338615300836,-0.197156641276777,-0.574954868725543,0.0211444951301129,0.0292151692902618,-0.60760608806556,-0.0160836568109871,-0.303878535741468,127.605259231313,121.50574560473,0
1.44,-0.00997432847022728,0.0295159816741943,0.0112134936968419,1.99810230490315,-0.559123289261047,0.014939383570489,-0.00142985588606051,-1.63096139771027,1.28257420550716,0.631560078732778,127.620089797564,121.50574560473,0
1.45,-0.0239836792566718,0.0295792371034622,-0.0102004623395632,2.70207199901544,0.506013139081933,0.0239437988787427,-0.0102937261417855,-2.70008220455109,0.516525385100652,1.56690445982708,127.545356798671,121.50574560473,0
1.46,0.0125474002279913,0.0294067338109016,-0.00510871736971121,0.867158526411811,0.254447960208793,-0.00338949798021174,-0.0131166897152873,-0.721703029017075,-0.543923167635556,2.50205558059003,127.590319012451,121.50574560473,0
1.47,-0.0369527432651166,0.0289317741990089,-0.0190821778975561,3.31866110126896,0.958201822959103,0.00746636114092389,0.0409131787990728,0.0520992692120538,-3.45383090274342,-2.84542242830536,127.657533247273,121.50574560473,0
1.48,0.0099740016465135,0.0289069041609764,0.0253174420287325,0.971397213660796,-1.27202985877736,0.00098377210770184,-0.0271934876792771,1.33922903876476,0.876434874966944,-1.90992202661756,127.620868549268,121.50574560473,0
1.49,0.0235911346760838,0.0286897383630276,-0.0335374056753306,0.279932810528956,1.67932876771197,0.000678733978490879,0.0409980308664119,1.17491545914175,-1.23210435935654,-0.974327474320593,127.67265519077,121.50574560473,0
1.5,-0.0229894414286725,0.0286723151803017,0.0460607744583229,2.60842260442184,-2.30322403477981,0.0451398585411886,-0.0247487884912441,-2.2009099503945,2.69531163836405,-0.038577119737009,127.599281672544,121.50574560473,0
1.51,0.00592859609052362,0.0287496410310268,-0.0559359636068235,1.16669418309199,2.79687400405783,-0.0395543674642776,-0.0399929030045251,0.834846298162789,2.91319604041319,0.896505758581747,127.562297272238,121.50574560473,0
1.52,0.0340070926843978,0.0282561853528023,-0.0116975890775817,-0.261694535583646,0.587289611223034,-0.0298394119208341,-0.0200730027472714,0.10136505326011,0.634915934106569,1.83166766173303,127.672144384687,121.50574560473,0
1.53,0.00875671415811603,0.0280194208025932,-0.0123256895785832,0.989277754183461,0.615998796605569,0.00827220105718572,-0.0126559612872369,-0.934965815807723,-0.695675150923749,2.7674139275599,127.65699141195,121.50574560473,0
1.54,-0.0132022449287432,0.027789318934083,0.0348424915040067,2.07601147452182,-1.74726268852842,-0.0365212403599797,-0.007382241389571,2.5844884249692,-0.826541061454312,-2.57994839557971,127.641066684256,121.50574560473,0
1.55,-0.000478448988097565,0.0277020521461964,0.0541328613439446,1.43572251428747,-2.70794450579732,-0.00444530028251806,-0.0539521537671591,1.63036226494107,2.59541547147389,-1.64416582468108,127.658105998049,121.50574560473,0
1.56,-0.011085283071086,0.0276202913373709,0.00387786189859681,1.96227292464883,-0.19896178494037,-0.00426798288103263,-0.0109410070742097,1.12568134425719,1.6195500405569,-0.70844973162429,127.615661196699,121.50574560473,0
1.57,0.0163411500893043,0.0275062173604965,-0.0576052980507507,0.585511830367505,2.88307527734007,-0.059805277348953,0.00295505515545906,2.67728929988672,1.21945445303296,0.227041615983788,127.629214292058,121.50574560473,0
1.58,-0.0300927797660099,0.0269949268549681,0.0076132063628097,2.8819020575967,-0.378350338758426,0.0306436092475215,-0.00495030478390114,-2.79550198951582,0.796038362788982,1.16284367932365,127.646703863176,121.50574560473,0
1.59,0.0285515795596719,0.0272706393152475,-0.0172227337694555,-0.0362196342133452,0.858119906552274,-0.0160074986869001,-0.0292502177707228,-0.400491462535164,0.759794856760875,2.09807494743608,127.581571287696,121.50574560473,0
1.6,0.000670564946225119,0.0272005628794432,0.0423352285866354,1.3546180015549,-2.11946155477654,-0.0421594820907082,0.00391143281586514,1.96054642982406,-1.5758695722732,3.03324233895252,127.5537221275,121.50574560473,0
1.61,0.0353632373321066,0.0270315054804087,-0.00337277949678828,-0.388223918844575,0.172182687985593,0.02830316216636,-0.0214677713683927,-0.402249787195963,0.136234349214086,-2.31479898433667,127.591492134118,121.50574560473,0
1.62,0.00952626183354453,0.0271257162094116,-0.0366713250366753,0.90865735055167,1.83249929831866,0.00239911368667156,0.0378124317914778,1.23968079630986,-1.62693066303101,-1.38000265624001,127.503922795605,121.50574560473,0
1.63,-0.0132072915232143,0.0267270486801863,-0.0643753598305202,2.02564977822175,3.22460537746409,-0.0637864762733318,0.0158083821854041,3.78264795557427,0.439216698874207,-0.445290700668625,127.53434097989,121.50574560473,0
1.64,-0.00568053769894945,0.0265786796808243,0.0300966738880218,1.64216020490456,-1.50955578346853,0.0292311996274137,0.00914413779497057,-2.10457129683784,0.739072701770122,0.489725931133571,127.531247865571,121.50574560473,0
1.65,0.0224839036661116,0.0265371315181255,0.000469683251689796,0.232116028645228,-0.0258441801535823,-0.0221753703436481,0.00374158743663161,-0.233404196697721,0.0082615595219393,1.42453022736698,127.547635528238,121.50574560473,0
1.66,-0.025208254936596,0.0261870268732309,0.0470094779150393,2.59948398981568,-2.35139116330113,-0.0155857382000215,0.0510140362601645,-0.163770696138315,-3.50136210284584,2.35952415244573,127.543050548004,121.50574560473,0
1.67,0.00517032182775962,0.026338804513216,-0.0233358478491083,1.08844324158366,1.16369997949302,0.0238506387104921,-0.00156238783306676,-0.984692521077857,-1.25271184689638,-2.98896728205524,127.486136679145,121.50574560473,0
1.68,-0.0105029148374476,0.0262072905898094,0.0149825527020881,1.8658169012418,-0.751356401139557,-0.0162669974392132,-0.0083769266360733,2.00116560392689,-0.202843230483289,-2.05464192168022,127.447670168881,121.50574560473,0
1.69,-0.0406433127497479,0.0260342732071877,-0.0125542109812252,3.36443909540897,0.63136492622653,-0.042054612768141,-0.00639504726774118,3.3036739391379,0.896554850885594,-1.12029675893879,127.4613281395,121.50574560473,0
1.7,0.0108990067407029,0.0259922593832016,-0.00973358552150862,0.785481929109137,0.483076969073498,-0.00754866896157121,0.012511939575742,0.62008437352581,0.682525156104413,-0.18611855659477,127.467518599593,121.50574560473,0
1.71,-0.0417920019032501,0.0254396256059408,0.00444456118217451,3.39259146127124,-0.222499489304362,0.0317003338930198,-0.0275937380261249,-2.47204416157075,2.33413378131486,0.748594546023281,127.56422664805,121.50574560473,0
1.72,-0.0622204987161586,0.0256569292396307,0.0106253060936701,4.42521786788704,-0.529520316904236,0.0606366324292373,0.0175352900664133,-4.3379318233322,-1.02239544228391,1.68316605856539,127.440032527579,121.50574560473,0
1.73,-0.0139884687246317,0.0257709957659245,-0.0694704560120532,2.01962958813801,3.47465998422652,0.0671413456892161,-0.0226685071150222,-4.01896591486971,-0.00886873062987426,2.61728429016428,127.356062618874,121.50574560473,0
1.74,0.0279868653630837,0.0256536472588778,0.0214119915146713,-0.084780233229716,-1.07013990619325,-0.00850493833464083,-0.0341965500803763,0.947997960279444,0.50367347962723,-2.73227630932576,127.40142637296,121.50574560473,0
1.75,0.00814842438697119,0.0256880726665258,0.0214281591466133,0.909178676905156,-1.07635081859793,0.00309721815341679,-0.022714974446671,1.12882274112812,0.843146588884422,-1.79866104867827,127.307753099223,121.50574560473,0
1.76,-0.0337215346377516,0.0253457427024841,0.00954506098043206,2.98579061751799,-0.480450759282291,-0.0194788530301188,-0.0291345906454215,1.96121564910528,2.30204511716386,-0.865166878003659,127.348666775266,121.50574560473,0
1.77,-0.0483478549923173,0.0254192389547825,-0.00741189420865675,3.72107808198898,0.373343479195169,-0.00410640264496637,-0.0487400114427138,0.11939375303958,3.73785400697399,0.0680664923066171,127.286253994926,121.50574560473,0
1.78,0.012245792657128,0.0255496352910995,-0.0426088951495137,0.69823233092767,2.12879352509507,-0.033305036881381,-0.0292617822764348,0.561083330067531,2.16898034964812,1.00072228391625,127.185088319432,121.50574560473,0
1.79,0.0102120388753299,0.0257396250963211,-0.0266939039395653,0.809717743362969,1.33572212517494,-9.60623681510817e-05,-0.0285804306746314,-1.23030078758353,0.962370194712011,1.93281792232036,127.118417105579,121.50574560473,0
1.8,-0.0211021863048535,0.0253001600503922,-0.027570479419817,2.353661406931,1.38343127104252,0.0322855322568045,0.0127702000445623,-1.97364363019357,-1.88635492979743,2.86496922071082,127.190292076082,121.50574560473,0
1.81,-0.0318487910270761,0.0253811292350292,0.008287422729103,2.89532732585792,-0.419368024519031,-0.0259784600609002,0.0202026354281176,2.09681451542928,-2.04013694435781,-2.48633771907121,127.131275526691,121.50574560473,0
1.82,-0.0469182643996671,0.0253662057220936,-0.0504343371445213,3.64832720683036,2.52534420614287,-0.0477249514477529,0.0496716710690705,3.68855087835404,-2.4662212361002,-1.55468001965257,127.10102254321,121.50574560473,0
1.83,0.0282476227431208,0.0253779906779528,-0.0265131696430699,-0.109081215665318,1.33071593330078,-0.00504458917106027,0.0384113066069758,1.01693903066295,-0.865181261162002,-0.623151979820868,127.032701792823,121.50574560473,0
1.84,0.0285915378432763,0.0255770515650511,0.0162570753057553,-0.116015261635273,-0.817084056570646,0.00683489390230725,0.0321722358421777,-0.743579648850486,-0.358015645258178,0.307674626122123,126.944431853513,121.50574560473,0
1.85,0.0101030168482232,0.0254645459353924,-0.00429099086761372,0.803045021941028,0.216809273039072,-0.00814561995009675,0.00735747427382607,-0.14142958664189,0.819686061954394,0.434555783926537,126.937426648593,121.50574560473,0
1.86,-0.0139978139255099,0.0251260194927454,0.000116722455104388,1.99140505185818,-0.0093380354921254,0.0137268787150377,-0.00274321336526516,-1.95137676096065,0.397378932828409,1.36521381444177,126.949140670174,121.50574560473,0
1.87,-0.0323371480109116,0.0251528136432171,0.0203205274966539,2.90997314510824,-1.01966644924731,0.0107314074194208,0.0366531291163561,-1.50210764395989,-2.69283048091206,2.29573268147489,126.929200924185,121.50574560473,0
1.88,-0.0403884100523039,0.0252456292510033,-0.00347221481953648,3.31746047114691,0.176403647925274,5.91523946774238e-05,0.040537346278466,0.103555251110105,-3.32053286907254,-3.05729215212129,126.884040910305,121.50574560473,0
1.89,-0.058109512673971,0.025269465520978,-0.0559451832519409,4.20500935757268,2.79626319595272,-0.0197630570121579,0.078204862827281,2.09188777849228,-4.59621551719544,-2.12764196192433,126.805781663552,121.50574560473,0
1.9,0.0244070114810513,0.0252679008990526,0.048263110317508,0.0793530616270821,-2.41696246588373,0.0402993851159745,-0.0360692332359656,-0.805798487405166,2.28006431215786,-1.19826656556585,126.808735914229,121.50574560473,0
1.91,8.73847021328517e-05,0.0249178130179644,0.00714467040651278,1.27806551654918,-0.35437849364562,0.00691203196634765,-0.00181045999681149,-0.00275619356550294,1.32628352351512,-0.268403988397465,126.825395459067,121.50574560473,0
1.92,-0.0153492115609967,0.0247977748513222,0.00211038992318238,2.04415570950555,-0.109876897846936,0.0110946777178397,-0.0108148124121214,-1.34248375366479,1.54543937717747,0.661536107774643,126.800510051219,121.50574560473,0
1.93,-0.0192868404216985,0.0248282514512539,0.0318058725676087,2.24284567872135,-1.59200709366241,0.0186413433284866,0.0321884460971404,-2.21027612900741,-1.63692478702306,1.59096921764996,126.747699356398,121.50574560473,0
1.94,0.0501854183634773,0.0249373614788055,0.0138468113767664,-1.22502438696714,-0.689726042518108,-0.040483956865026,-0.0327316305455702,1.27413165228014,0.594134071611607,2.51991885697761,126.684776503571,121.50574560473,0
1.95,-0.0288192161698276,0.0252375993877649,-0.00759525580830498,2.74054190682967,0.376714681907908,-0.00145075922770793,0.0297679429773046,0.467417047328855,-2.72653721751986,-2.83520674917135,126.566196797794,121.50574560473,0
1.96,-0.0159544340482428,0.0252137407660484,-0.0335395761700101,2.09639410164105,1.68088800887322,-0.00397739698904808,0.0369273265841863,1.42332347820286,-2.27912329727149,-1.90751219109345,126.520743509666,121.50574560473,0
1.97,0.00942735470539471,0.0251017771661282,-0.0656089114326924,0.821950321787608,3.28256277483053,-0.028707641648326,0.0597434145920327,2.51076219526695,-2.26867668498799,-0.980144087729807,126.537479950431,121.50574560473,0
1.98,0.0291750856017731,0.0249516200274229,-0.021436420126525,-0.172706162073196,1.07122776527172,-0.019875316268416,0.0302601640931128,1.0606845254678,-0.228702166452897,-0.0525191707502965,126.556821812648,121.50574560473,0
1.99,-0.0314555752763967,0.0249418988823891,-0.049320453211013,2.85860995501013,2.47179530070497,-0.00747302682841705,-0.0580182229211697,-0.609547029872921,3.72959452244386,0.874960466151734,126.527598008149,121.50574560473,0
2,-0.0330394914279449,0.024929117411375,0.0123599230848235,2.93743975821175,-0.623588311137449,0.029325892739971,0.0196052979442729,-2.71624024820145,-1.28041150766498,1.80211181291069,126.490525768081,121.50574560473,0
2.01,-0.0212172876351707,0.024961344897747,0.00580900798066427,2.34824924038947,-0.292077644176812,0.00318954057811742,0.021765677090629,-0.674385589775807,-2.26821249478974,2.72885062653897,126.399846135899,121.50574560473,0
2.02,-0.00705102729071015,0.0249828491359949,-0.0180982123207932,1.64129613320347,0.909257146279862,0.0122957989866119,0.0150358106646659,0.0148389461219719,-1.87626793412019,-2.6277847706629,126.345920809022,121.50574560473,0
2.03,-0.0527337856381327,0.0251460019499063,0.016780951140604,3.93386578547386,-0.844843294781597,-0.0544741596102897,-0.00974773838716179,4.01052390045625,0.323663798915636,-1.70181551256206,126.312134084911,121.50574560473,0
2.04,-0.0545994759245602,0.0250145979225636,0.00464326226422521,4.02083138839992,-0.232718611525842,-0.0349209002418568,-0.0422278744668648,2.64962455467884,3.03327096141039,-0.775805206126134,126.311614144055,121.50574560473,0
2.05,-0.055284367004621,0.0249323062598705,-0.0127377590265816,4.05122087208233,0.640470543411362,-0.00432814131182962,-0.0565674723927605,0.0275097862920446,4.10144319514867,0.150088281619782,126.291821588368,121.50574560473,0
2.06,-0.0213353272716194,0.0249563287943602,-0.0323944765433568,2.35527115009997,1.61809056340199,0.00337538923087481,-0.0386420114363279,-1.30322118974196,2.54305599475736,1.0755212472827,126.213857286502,121.50574560473,0
2.07,-0.0163345294911659,0.0247783940285444,0.0198069698258385,2.09657237466646,-0.990516400818927,0.00659075436918583,0.0248131993951707,-1.49280755079207,-1.77433482714058,2.0007893172398,126.231322133536,121.50574560473,0
2.08,0.00376195885094881,0.0247935242950916,-0.0110081235773465,1.09276489617145,0.550673812294562,0.00994905504648539,-0.00602888238169958,-0.771609551819993,-0.949734418346404,2.92609192491984,126.213284231544,121.50574560473,0
2.09,0.0297806398356101,0.0249354857951403,0.0115555213239185,-0.200790936875729,-0.581078269762807,0.010631324853486,-0.0301229399950522,0.310092636557387,0.530859221145172,-2.43217151033026,126.165019313177,121.50574560473,0
2.1,0.0231825438775952,0.0246822815388441,0.0270477643109917,0.11668515304185,-1.35178405455787,0.0248508564866924,-0.0255234564026388,0.030740755267188,1.35646251738222,-1.50734895426163,126.190158966555,121.50574560473,0
2.11,0.0488818384989384,0.0248604081571102,0.0280100629580599,-1.15906928516373,-1.40658994916538,0.0502865003675772,0.025402079496223,-1.81228704560329,-0.193784822010206,-0.582697747803915,126.096298356318,121.50574560473,0
2.12,-0.00800292603282328,0.0250471644103527,-0.0439655350252333,1.69483241921046,2.19957625816351,-0.0387544882058709,-0.0222509491717291,1.5057961130043,2.33306037443194,0.341140524003674,125.982652308996,121.50574560473,0
2.13,0.00838534463719007,0.0250423569232225,-0.00659513558857753,0.875439957835162,0.333140148879233,-0.00998300407635378,-0.00376157516576208,-0.734349050006198,0.581471367588037,1.26468289593533,125.963690728329,121.50574560473,0
2.14,0.0113363760089069,0.0248689465224743,0.00882742331377619,0.719458735424135,-0.446459592856647,-0.0143538156200316,0.000636239359090896,-0.328244487835683,-0.780514315203321,2.18810571859362,125.976055403959,121.50574560473,0
2.15,0.0166997576760281,0.0248348638415337,-0.00116210930305954,0.449831708941831,0.0578841607326222,0.000657705139319133,-0.0167272181913201,-0.0714303971818733,-0.44788038670128,3.11141547652867,125.97806423191,121.50574560473,0
2.16,-0.0391208316079799,0.0247436854988337,-0.0354882573217696,3.23656075538644,1.77956133256777,-0.00823380594901523,0.0521733678520949,1.40615143886588,-3.41539195271252,-2.24831885480373,125.956232417671,121.50574560473,0
2.17,-0.0280385108433444,0.0247631594538689,-0.00876230228904744,2.68372458250468,0.434355364279904,-0.0293274114619549,0.00168492393246226,2.70882087359372,0.230936554061083,-1.32529186211788,125.865827402099,121.50574560473,0
2.18,-0.0152771347011035,0.0246584098786116,-0.00253065807058965,2.04065918611291,0.12732493199867,-0.00831550494372647,-0.0130632098841273,0.916898140078181,1.82751179282013,-0.402708948839175,125.875404427965,121.50574560473,0
2.19,0.0128371606136404,0.0246928557753563,-0.0329120354452083,0.636920863231237,1.65025639940757,-0.0349397603009212,-0.00521612115285086,1.11552829996319,1.37281134238689,0.520089256950729,125.858466338764,121.50574560473,0
2.2,0.0290765021549022,0.0243970453739166,-0.057290663023245,-0.189628795912728,2.86530216304505,-0.0361480496253495,-0.053112913264952,0.553634963404523,2.81769478352181,1.44286748989635,125.917322862862,121.50574560473,0
2.21,-0.0045028714083902,0.0245196372270584,0.00653919074585544,1.49577371529022,-0.325762083210921,-0.00151258076470148,0.00779416230017277,-0.8152864840947,-1.29567275616319,2.36551184144447,125.830278726653,121.50574560473,0
2.22,0.00588292367612923,0.0247415155172348,0.0133377662341162,0.987871187483745,-0.672372223368372,-0.0123386413749112,-0.00776290719488656,0.809090758918197,-0.87940095158639,-2.9954168466116,125.747457939563,121.50574560473,0
2.23,0.0320982256203273,0.0250776652246714,0.0154129470074216,-0.305767347547392,-0.773795679759665,0.0206828314225259,-0.0289840560959711,0.10539731170797,0.825314989277199,-2.07413494432788,125.633441126921,121.50574560473,0
2.24,-0.0117872063279358,0.0250029340386391,0.00099199687027336,1.88505326903683,-0.0473039615567129,-0.0103738762075013,-0.00568374728848857,1.70414970082144,0.807178598003923,-1.1535351321514,125.58374443144,121.50574560473,0
2.25,0.00477076675870413,0.0253373980522156,-0.0289257364995088,1.07418536049049,1.44355548620485,-0.0270394217259183,0.0113282002203752,1.65277110261803,0.711389002441706,-0.233276199444341,125.493220581349,121.50574560473,0
2.26,-0.0201813235437067,0.0253396574407816,-0.00443041522882149,2.32220531211256,0.220479343959279,0.00936167131500635,-0.0184193786340726,-1.30102778608137,1.93612379577359,0.686329157199321,125.418578179114,121.50574560473,0
2.27,-0.000453870230441132,0.0253598839044571,0.0287865465878403,1.33709998019983,-1.43841802030456,-0.000552164761190342,0.0287848289332503,-1.28602750971193,-1.48425604342761,1.60574190869714,125.41683133272,121.50574560473,0
2.28,-0.0380208871327595,0.0256577357649803,-0.0106976707026454,3.23068261256063,0.530807694931985,0.0307246683425235,0.0248198060440892,-2.30226584798631,-2.32779700946979,2.52455571552536,125.281471964182,121.50574560473,0
2.29,0.0130942618965542,0.0258669275790453,-0.0398682430569191,0.685687797596452,1.99620625847846,0.0419579240867016,-0.000684912692040596,-1.70314790626353,-1.24671343601943,-2.84057633949681,125.213423036463,121.50574560473,0
2.3,-0.00928387092479267,0.0257874056696892,-0.0527644067138164,1.80086795368813,2.64473128370242,0.00947118929489043,0.0527311051330199,0.778965766576544,-3.10337578841443,-1.92268113790822,125.229194427315,121.50574560473,0
2.31,0.00296907320731898,0.025763088837266,-0.00957104493084065,1.18729656073077,0.475349394828096,-0.00262510742837016,0.00967104481264076,1.25708614386578,0.235296827830747,-1.00494191816055,125.176210511289,121.50574560473,0
2.32,-0.0226380775629702,0.0258962921798229,-0.0019545181561646,2.47461501894992,0.0987592997349974,-0.00392940486271109,-0.022379956979287,0.315079612380844,2.45646040659291,-0.0876813622308404,125.113857571751,121.50574560473,0
2.33,0.0290949230998759,0.0260764732956886,-0.0118069524154591,-0.102722089038033,0.591464414024664,-0.0294297136046423,0.0109458043412687,0.475254415701145,0.366763167439754,0.82921632856737,125.041008966489,121.50574560473,0
2.34,0.00242920905502044,0.0262356661260128,-0.0108296712411338,1.23883907393641,0.539232012326602,-0.000510303913761399,-0.0110870386370588,-1.31369621041352,0.315746228757517,1.74545979414855,124.950302320486,121.50574560473,0
2.35,0.0295259452659028,0.0261387340724468,0.0310400913634896,-0.120601088218771,-1.55192620328535,-0.0411697859754924,-0.0118455661929269,1.43209167890701,-0.610027037211077,2.66134660158684,124.977152242073,121.50574560473,0
2.36,0.0268385347264044,0.0262221433222294,-0.0134618729347048,0.0182446879744702,0.669718004188575,0.023530087705078,-0.0186511110061007,-0.599468331128254,-0.299153461868521,-2.70595591045073,124.907831557737,121.50574560473,0
2.37,0.00224069962632524,0.0262611545622349,0.0187455419246949,1.25037739264897,-0.940522100544684,-0.00189823160795964,-0.018783311572469,1.42528695205274,0.645432064565161,-1.79048179308563,124.862130601922,121.50574560473,0
2.38,-0.0373719336453072,0.0260451156646013,-0.0566663271087413,3.22042514685291,2.83952679807129,-0.0650111139070734,0.0195266259488329,4.29196525718926,-0.114388786722832,-0.87481613145267,124.920036773786,121.50574560473,0
2.39,-0.0433503534452016,0.0262498669326305,0.0336790636869253,3.52990840749988,-1.69118327128053,0.0354065540487533,-0.0419512622580606,-1.83271030124258,3.45854408300903,0.0404975742388935,124.816270039051,121.50574560473,0
2.4,0.00245507413444737,0.0264149717986584,-0.0303794097486392,1.24820284241243,1.52017975035917,-0.0195517167960189,-0.0233808959625079,-0.140839805987999,1.96191767366976,0.954991748986822,124.742195074351,121.50574560473,0
2.41,-0.0372624298730826,0.0261474326252937,-0.0184960654802538,3.22092018873212,0.928850218013118,0.041056871732478,-0.0067027160046567,-3.35162458408504,-0.0608460108962892,1.86971132483408,124.80569732853,121.50574560473,0
2.42,-0.013928070858524,0.0263838768005371,0.0395910042474365,2.06637215637354,-1.98666864098037,-0.0322109233133565,0.0269053004900831,1.13767213453786,-2.63105459692244,2.78398017312682,124.674547733653,121.50574560473,0
2.43,0.0180127991743648,0.0264713242650032,0.0336948071873494,0.473961768582431,-1.68673578073552,-0.0191029961952423,-0.0330889181124619,1.68268245219203,0.488156857143531,-2.58530741318424,124.679905413016,121.50574560473,0
2.44,0.00969848482631713,0.0266357604414225,-0.00111651785777412,0.898227877354598,0.0589664031072016,0.00976161596724263,0.000134438689021362,0.887727690394725,-0.149096961936839,-1.67164335896728,124.578659870918,121.50574560473,0
2.45,-0.000331629764357994,0.0267386678606272,-0.0312156411907768,1.40517400160311,1.5591116451029,-0.0228833788812013,0.0212338692713155,2.09822790784241,-0.0527517149299048,-0.758649782552243,124.533491954603,121.50574560473,0
2.46,0.0311633291914951,0.0264136493206024,0.0233236659791956,-0.185619859145381,-1.16645462521409,0.018252081878017,0.0343803430483866,-1.1240155800873,-0.36284996970305,0.154446602043171,124.619460431757,121.50574560473,0
2.47,0.0255472203571221,0.0263842958956957,-0.0202092495341666,0.0939823041518958,1.0124828768789,-0.0321246020878379,-0.00539297463443396,0.405672966579844,0.932407471898941,1.06785951661309,124.620714520629,121.50574560473,0
2.48,0.0144641450151808,0.0265818201005459,-0.0290942699055887,0.658335536901598,1.45389375119861,-0.00166673331870204,-0.032448575198362,-1.183354647015,1.07092693416026,1.98083909863346,124.521902886564,121.50574560473,0
2.49,0.00154779094294546,0.026574969291687,0.0122493378985306,1.30410585956085,-0.611294242630685,-0.0122543733434145,0.00150740496073697,0.272357500499672,-1.41428219812594,2.89350696111432,124.476298472701,121.50574560473,0
2.5,-0.0256061480292176,0.0266634300351143,0.0156658194522009,2.66651575846034,-0.788923143958482,-0.0281210464322889,0.0105023551433099,2.26511498962493,-1.61305923665782,-2.47727477541259,124.436970516352,121.50574560473,0
2.51,0.0252190440058463,0.0266406834125519,0.0228820814643435,0.124379767913187,-1.14751736552044,0.0253473223713036,-0.0227399006443492,0.11792475024658,1.1481986692713,-1.56517280841747,124.444146552042,121.50574560473,0
2.52,0.0196682138206512,0.0266225840896368,-0.024801249360591,0.401304596929862,1.24462363101475,-0.00774554312585485,0.0306911577889559,1.2323341002538,-0.437591165071968,-0.653109418117856,124.412987130931,121.50574560473,0
2.53,-0.0157735309479222,0.0267009343951941,-0.0341432543931284,2.17762049779207,1.70495274808042,-0.0289738529999887,-0.0239808661531227,1.09134400014054,2.54123261016154,0.258615795273433,124.343942093194,121.50574560473,0
2.54,-0.0188147540872895,0.026649123057723,-0.00605200370368918,2.32737245774031,0.301957968604685,0.014963001363073,-0.0129124091634102,-2.02516653038625,1.18597710604182,1.17003908782163,124.320583193543,121.50574560473,0
2.55,-0.032248566035876,0.026523794978857,-0.0609965058540538,2.99301783913177,3.0568985192771,0.0579524083167994,-0.0374441198061437,-4.10543055883598,1.20342189987352,2.08161151167081,124.386836480255,121.50574560473,0
2.56,0.00696657044708642,0.0266397967934608,-0.0134145893348656,1.03837388337161,0.667537704738478,0.0122366255534564,-0.00887408056543362,-0.813780064036676,-0.928218140467111,2.99313920768311,124.312064417405,121.50574560473,0
2.57,-0.00907088269104299,0.026481356471777,-0.0149652081539657,1.83259241253259,0.749428657895663,0.00455121816046678,0.0168974785439137,0.724426864732527,-1.84261878352554,-2.37881142983639,124.306161976029,121.50574560473,0
2.58,0.0357250113750207,0.0265481043606997,0.0274636299603014,-0.403598224681266,-1.37152373315648,0.0383656346446504,-0.0236348362942274,-0.542823662565677,1.32261534428425,-1.46753387675768,124.299967057258,121.50574560473,0
2.59,0.00844955642139801,0.0265154466032982,-0.0358108945002902,0.958812431605294,1.78939807204597,-0.0259486978901848,0.0260860163005627,2.02587850207205,-0.130702081410289,-0.556325720981619,124.287703146992,121.50574560473,0
2.6,0.0058002304908934,0.0264138206839561,-0.0254177920500377,1.0864677497163,1.27378980965562,-0.0258500822383403,-0.00338822589528686,0.817181710613738,1.46122096282339,0.354683244997756,124.279401064574,121.50574560473,0
2.61,-0.0109590139907689,0.0263413675129414,-0.00859730658555555,1.92108248378802,0.432601834576566,0.00787040291696109,-0.0114921897870074,-1.70241599290845,0.989687851742001,1.2657000244387,124.258651039483,121.50574560473,0
2.62,-0.0171640808118835,0.0265761986374855,-0.022747768701997,2.24338296737553,1.13585186860078,0.02706043142792,-0.00893306789245788,-2.49103012809039,-0.343067787267343,2.17634113215921,124.190536763366,121.50574560473,0
2.63,-0.0161855323149533,0.026449341326952,-0.0653215143426973,2.18837715762146,3.2724263804506,0.0661104348932329,0.0125810210463709,-3.38744946760543,-2.005730566125,3.08675654997365,124.19099017868,121.50574560473,0
2.64,0.0285864193573573,0.0266028121113777,0.0189757280064439,-0.0422600410059857,-0.953260107984657,0.00913138553870979,-0.0330738480251796,0.593362159687445,0.74726975851549,-2.28619571974046,124.153635106018,121.50574560473,0
2.65,0.0123345655740521,0.0266609117388725,-0.00602461255078895,0.773524256238198,0.29956145646923,0.0109384402777099,0.0082938524570123,0.816822023842814,-0.144494368596674,-1.37640036088925,124.120861488284,121.50574560473,0
2.66,-0.00660903827218596,0.0263166874647141,-0.0290880917918282,1.70372525242003,1.4589143262631,-0.0289536720454672,0.00717505024766896,2.06915394558037,0.86585951319979,-0.466332515427654,124.166034734775,121.50574560473,0
2.67,-0.0247838080712025,0.0265290923416615,0.0367691051403451,2.6233766127514,-1.84552839084027,0.043848030309962,-0.0065995812949467,-2.79299906330469,1.57709737369244,0.443700117199534,124.116412167075,121.50574560473,0
2.68,0.0269286173256954,0.0265196077525616,-0.00978619272400928,0.0375572283220173,0.488942256183393,-0.0284052186963762,-0.00375013998621846,0.0687435209590472,0.485540321298954,1.35348695895463,124.098785012481,121.50574560473,0
2.69,0.0285286298632101,0.0263892859220505,-0.0417128426865932,-0.0487111423542457,2.09183845653867,0.00466823270458764,-0.050319494932723,-1.29785090475679,1.64126290784431,2.26316194081576,124.125742319289,121.50574560473,0
2.7,0.0262349658944633,0.0265930574387312,-0.00378055036206369,0.0764640570757683,0.185248198275335,0.0045928051629531,-0.026105021303552,-0.182786299384986,-0.0821755179228365,-3.11055750636616,124.060479022202,121.50574560473,0
2.71,-0.00785005658544204,0.0261524766683578,0.0394586198384378,1.75889421121559,-1.97590288536586,-0.0295947521168147,-0.0272535633467129,2.58542742990568,0.559880400921637,-2.20097432009717,124.138176133839,121.50574560473,0
2.72,-0.00106451767458845,0.0263296104967594,-0.0119411321832275,1.42878341481794,0.601140070278945,-0.00431986013866134,0.0111831410649794,1.5392161349155,-0.183316994764747,-1.29108245996882,124.063212269115,121.50574560473,0
2.73,0.0349527044120549,0.0262989159673452,0.00320839828297286,-0.373354435508137,-0.164257217631165,0.0159950418130166,0.031243303325009,-0.291489167085517,-0.285320930759246,-0.381626624566219,124.065911709206,121.50574560473,0
2.74,0.0128545752689021,0.0261111967265606,0.000594445396997585,0.722404206678683,-0.0288937973675285,-0.00596110728026477,0.0114043268397155,-0.388824317190714,0.609523042808513,0.527857733180644,124.098875531652,121.50574560473,0
2.75,0.00776021422451529,0.0260830223560333,0.00731612885750941,0.975992878666532,-0.363013296473768,-0.00671970637341263,0.00828204156746204,-1.01556188726489,-0.230162563766354,1.43757960080587,124.069750258593,121.50574560473,0
2.76,-0.0243152938410696,0.025852270424366,-0.0312439924174741,2.56846018307469,1.56095042022346,0.0392413590230798,-0.00524750595830922,-2.92613674437868,-0.686496671246684,2.34732694671006,124.11724511596,121.50574560473,0
2.77,-0.0251737372623784,0.0257928501814604,-0.0387533709332568,2.60866598213151,1.94183183142653,0.0355926994159272,0.0294737265158871,-1.62813235441345,-2.8151437093661,-3.02604642238701,124.122195614061,121.50574560473,0
2.78,-0.0587886459112825,0.0258319620043039,0.0368780098034752,4.29166268395894,-1.84763021007183,-0.069390500843691,-0.0010251281915373,4.62745402618989,-0.64712844285715,-2.11627430263271,124.059898360907,121.50574560473,0
2.79,0.0123121149605278,0.0262620821595192,-0.000107415345965346,0.758457780933722,0.0030735138025028,0.0114699172573521,0.00447668526560632,0.710020717528729,0.266717514659215,-1.20740579927964,123.953314355563,121.50574560473,0
2.8,0.0144981741448407,0.026142293587327,-0.0385226526784886,0.643422709493901,1.93140841647892,-0.0325520192911672,0.0251904319730542,2.03522748608148,0.0466940492627094,-0.298634536586838,123.961308325201,121.50574560473,0
2.81,0.00241875712229981,0.0261494182050228,0.00406090124783815,1.24803389725987,-0.207382792671925,0.00194363747588647,0.00430854712446077,-0.884780446241287,0.904300720642822,0.609824758365314,123.925172794288,121.50574560473,0
2.82,0.00114499648463688,0.0263299159705639,-0.0319881900193429,1.32104807162988,1.60011752485216,-0.00282784985953538,-0.031883515848089,-1.23495585828102,1.66746158246402,1.51811371529943,123.865114376209,121.50574560473,0
2.83,-0.0119485751379484,0.0261206943541765,0.0113786687829576,1.96550963683509,-0.56675837353406,-0.000754415467029361,0.0164825182664106,-0.861099974151836,-1.85551880103067,2.42635928631369,123.889601608703,121.50574560473,0
2.84,-0.00392836433820145,0.0263340454548597,-0.0459895419688616,1.57546167830537,2.29847338884511,0.0443853775977412,0.0126652387417398,-1.9541182326347,-1.98657528221876,-2.94884430323131,123.836490366905,121.50574560473,0
2.85,0.011596862036083,0.0263966545462608,-0.0522772205078307,0.802615221782277,2.61703330140178,0.034029300945355,0.0413449110566072,-0.470562844024323,-2.69659509469001,-2.04114143044142,123.802715568835,121.50574560473,0
2.86,-0.0171963300231089,0.0259564369916916,0.0192033792956947,2.22047843150518,-0.958161941694885,-0.00743805500588564,-0.0246811442272722,1.60519872466575,1.80884930981652,-1.13319097473562,123.86868174699,121.50574560473,0
2.87,-0.0188892131842357,0.0261244066059589,-0.01711429419926,2.31382603073283,0.852882351985675,-0.0209026031289117,-0.0145870704081915,1.34837630015314,2.06472287729148,-0.225369158128062,123.79634305772,121.50574560473,0
2.88,-0.00245407397266892,0.0263972748070955,0.0457926374255668,1.50602197501227,-2.29238300599902,0.0370985975927499,0.0269570432003209,-2.72894719795323,-0.275625155231098,0.681917153608266,123.728449486538,121.50574560473,0
2.89,-0.00206779202532583,0.0266848653554916,0.0390167796566295,1.50140281072339,-1.9501008100457,0.00137266494368576,0.0390474154021281,-1.4664379192662,-1.97652811726199,1.58860497029705,123.651917548445,121.50574560473,0
2.9,0.00570261956412866,0.0269340332597494,-0.038981894279311,1.12566170809294,1.94830285859776,0.0276660919245995,-0.0280480892239769,-2.23308749885564,0.276258090092573,2.4945968002796,123.564363056117,121.50574560473,0
2.91,0.0242133249887639,0.0269078835844994,-0.0384752918673159,0.199090064269673,1.92777340989612,0.0433874201280608,-0.0135707393283412,-1.81278726573154,-0.68538274182749,-2.88303224019517,123.560666680869,121.50574560473,0
2.92,0.0295871068124548,0.0268249940127134,-0.0132417597381817,-0.073483443696122,0.66601398439648,0.0324118092684247,0.000464446382913009,-0.330827922368819,-0.582689737073039,-1.97728381294977,123.573888438776,121.50574560473,0
2.93,0.0369942078896446,0.0269058849662542,-0.0544416160078281,-0.439506876636941,2.72313260349629,0.00643390068811331,0.0655062278937014,0.917091031185357,-2.60145373038903,-1.07185159227048,123.542877453106,121.50574560473,0
2.94,-0.0227798351628848,0.026730190962553,0.00410089604572926,2.54068088178994,-0.20355435920807,0.000273672060568216,-0.0231444019587749,0.219802206914321,2.53932682222693,-0.166291296433117,123.539586958097,121.50574560473,0
2.95,0.00326491944678974,0.0268892198801041,-0.0130393781048329,1.2467036196355,0.650518929230082,-0.0118368642611673,-0.0063697507657302,-0.358927834856778,1.35963804075347,0.739027874391087,123.4741427387,121.50574560473,0
2.96,0.0199013503756819,0.0270522888749838,0.00235716611790674,0.423321145763559,-0.120101755404702,-0.02002037932257,0.000896878287994599,-0.413415237677343,-0.150708544409562,1.64392126761063,123.446934839808,121.50574560473,0
2.97,0.0215891834905661,0.0267049018293619,-0.0484327252889623,0.321777930357313,2.42771717865856,0.0281225537359637,-0.0449549073413932,-2.19363519255165,1.08872236039213,2.54912633020448,123.520594901168,121.50574560473,0
2.98,0.0367806098890955,0.026700958609581,-0.00176642622792998,-0.437726166285699,0.0846185753411889,0.0130057816379688,-0.0344497194388869,-0.215288353126745,0.390404181524637,-2.82859542515222,123.524204031446,121.50574560473,0
2.99,0.0394043614090158,0.0265546292066574,-0.0536712033262465,-0.575951706391647,2.68623352801617,0.055507972569449,0.0367718199953295,-1.46774253037015,-2.32234855258127,-1.92320826559116,123.504264867064,121.50574560473,0
3,-0.0159389530728577,0.0266174282878637,-0.00843820996220154,2.19465108840397,0.425452110823389,-0.0179956924628108,-0.00118687202717585,2.09120400966706,0.7901700376433,-1.01804226272344,123.457079473792,121.50574560473,0
3.01,1.44799549417696,1.50725781917572,-0.0226322074144616,3.0306486397615,1.14093233631661,0.0404388590458169,1.4476076356003,1.27181279682771,2.97809502594635,-0.0435564488440052,144.520770540882,568.35370994282,0
3.02,1.39564499721173,1.44729125499725,0.05727458737739,2.65062757673009,-2.85215627438975,-0.342039634700675,1.3542947333927,-3.48825233891205,1.72994727784907,0.288400958604348,164.940218249547,568.35370994282,0
3.03,1.27281411235851,1.3869286775589,-0.0226095082581094,5.77490317614321,1.14001926925032,-1.27277898361284,-0.0245074143096436,-5.77659667280773,1.13140687102285,1.57228745725316,185.657373640748,568.35370994282,0
3.04,1.2673591617486,1.33167934417725,0.0229761068457926,3.2860274117974,-1.13147789992173,-0.197325703352554,-1.25211409749684,0.668068783030759,-3.41055750431436,3.00341131977358,204.393994203898,568.35370994282,0
3.05,1.18935176078406,1.27633285522461,0.00221012945837917,4.42003368150505,-0.100595104807743,1.17715799989175,-0.16988684128915,4.39005958258717,-0.523635352210761,-1.71226792475394,223.238198226798,568.35370994282,0
3.06,1.12275675566513,1.22676122188568,-0.0580876383655451,5.27215608472565,2.93084733910526,-0.0426316596990982,1.12344979759394,3.00312100320602,5.23132489403526,-0.0137616326680957,240.352536313053,568.35370994282,0
3.07,1.0784213078412,1.17706191539764,0.0558302160047315,5.00494403438929,-2.77486819801062,-1.06067701143074,-0.20266674035818,-4.19987212777997,-3.8872139655538,1.81131782815586,257.001485001635,568.35370994282,0
3.08,0.9963552225289,1.12944006919861,-0.0252906336739352,6.7282177025866,1.27914302682927,0.59452112770521,-0.799942481885022,2.82940274227137,-6.23695442171201,-2.52783234808737,273.128312660373,568.35370994282,0
3.09,0.982592228353357,1.08500671386719,0.042557689710822,5.19578661938073,-2.12263514415167,0.483754713549585,0.856317710486299,0.46590986251423,5.59327333046898,-0.470944587434894,288.36613595147,568.35370994282,0
3.1,0.90703607237404,1.04282176494598,0.00837108358903427,6.86539536893221,-0.412631232063473,-0.901082509449853,-0.104090454854107,-6.76134914087872,-1.26018883528168,1.69503248279994,302.78356228882,568.35370994282,0
3.11,0.884823684050412,1.00229251384735,0.0418658065476574,5.95061564110572,-2.07120705226149,0.620573071701297,-0.632103441134159,5.77259669047497,-2.52524307951278,-2.31811865600231,316.496808029088,568.35370994282,0
3.12,0.855797277199072,0.963047921657562,0.00527449579803492,5.44076733049774,-0.238241793865072,-0.0387907729711183,0.85493395996391,-0.518028204827325,5.42128721577808,0.051504907588883,329.707502249685,568.35370994282,0
3.13,0.78922873895965,0.925576508045197,-0.0101655045158652,6.89673262192,0.534224004071549,-0.45398935438661,-0.64566168074738,-4.47223592558089,-5.27725515497644,2.5158840676107,342.315746430286,568.35370994282,0
3.14,0.773980509793893,0.890024662017822,0.038362101353755,5.88269826458921,-1.89504997393146,0.738364455275766,0.235234800882888,4.84590809208828,3.8359520381428,-1.21284967311262,354.326664487209,568.35370994282,0
3.15,0.728151768458492,0.8558149933815,0.0348430849347509,6.46476822699447,-1.71889826142012,-0.715758804887631,0.138233034050584,-6.64371944259099,-0.780276508687038,1.42783208231725,365.862863408565,568.35370994282,0
3.16,0.704619393631564,0.822987675666809,0.00635780116567153,6.00112485609252,-0.29275486026568,0.593130174982327,-0.38042805764403,5.23623507101339,-2.94636169329396,-2.13207255897792,376.936185288847,568.35370994282,0
3.17,0.638419647498903,0.791506171226501,0.0417862933628975,7.7381640182294,-2.08502538459103,-0.363827277638498,0.526265572379376,-6.44076329763642,4.76897068257175,0.670248189450785,387.524719979827,568.35370994282,0
3.18,0.654413510332356,0.761573672294617,-0.0111521851237783,5.443057324677,0.560102715033366,0.268743076430815,-0.596790224961043,1.63549068376261,-5.22166240908328,-2.73551736621148,397.512866222508,568.35370994282,0
3.19,0.581576931166675,0.73297131061554,0.0344889238843972,7.65593255846479,-1.72356202644541,-0.0893851122190089,0.57570088974184,-3.30491787292095,7.1176883362517,0.213266285911887,407.059885581088,568.35370994282,0
3.2,0.541014042986159,0.705939054489136,0.00616474082913424,8.33366819417642,-0.298460568687427,0.0416603484438404,-0.539442873810803,1.03360970259103,-8.27470575092544,-3.05312287578041,416.065927767899,568.35370994282,0
3.21,0.524292520089346,0.680362462997437,-0.00424807208172351,7.8921397418872,0.232383799173629,-0.0191913466658017,0.523958380934213,0.00732328617248693,7.89555687111893,0.0285089427502866,424.632698962973,568.35370994282,0
3.22,0.487561485132516,0.655757188796997,0.00600278330958465,8.49966733109248,-0.276822376338082,0.00879165056998139,-0.487519170979297,0.534558391650922,-8.48735663756377,-3.11124993539419,432.877904508411,568.35370994282,0
3.23,0.471149669880517,0.631905794143677,0.0481217748942472,8.12893429752676,-2.41247359189499,0.00501545290197297,0.47357424114882,-3.14272982127362,7.87545877492702,0.09119372042634,440.84258993443,568.35370994282,0
3.24,0.47083202496403,0.609080791473389,-0.0355408313140976,7.00481043825829,1.78586518610936,0.132291610786849,-0.453260274166672,-0.296259767710581,-7.22280512605219,-2.9329564195986,448.318933978826,568.35370994282,0
3.25,0.490420060612124,0.587906420230865,0.00625116924156965,4.96794472259596,-0.2912656017222,-0.175922297081018,0.457823392103794,-2.11143561389329,4.50634553334503,0.379608329966274,455.400203563776,568.35370994282,0
3.26,0.409581236432143,0.567280769348145,-0.0040626229407689,7.97990370997969,0.20283157350742,0.235178539573783,-0.335357046543507,4.34953607123689,-6.69339523954535,-2.53992808675015,462.23674644915,568.35370994282,0
3.27,0.425381345090079,0.547378301620483,-0.00296921865487709,6.19602840507746,0.15083306197272,-0.327730866815421,0.271202109037666,-4.64889420289762,4.09893904557945,0.872521820688052,468.793546175939,568.35370994282,0
3.28,0.411505213947044,0.528543591499329,0.0333813773242161,5.94932387776189,-1.65111134104919,0.369658550263572,-0.183857046845364,6.1369536274726,-0.677069743305608,-1.95139472282789,474.996607973092,568.35370994282,0
3.29,0.34352652037886,0.510930716991425,-0.0389600340272171,8.46899369461171,1.9436292426078,-0.34420037279021,-0.0324724163882165,-8.43081964202541,2.10305230456393,1.55193004347645,480.842432650451,568.35370994282,0
3.3,0.377182770852267,0.493940204381943,-0.0105583046204261,5.93800940958883,0.534968253466006,0.345699603540597,0.15122864985222,5.70530866084392,1.73078013192931,-1.18640736129296,486.377246142028,568.35370994282,0
3.31,0.29538495726039,0.47762793302536,0.0501945063404236,9.21360690503127,-2.4920401065363,-0.236743614478995,-0.183641559691434,-4.39546809909297,-8.47234774326936,2.39886362641849,491.681696918575,568.35370994282,0
3.32,0.308415034659261,0.461961776018143,-0.0191942425157907,7.78013055102775,0.955669979216508,0.0610453156198193,0.302921973436238,2.93103712525679,7.26999022492998,-0.261013134247866,496.839910857518,568.35370994282,0
3.33,0.324575799405585,0.44739305973053,0.0347899187402529,6.2450382199444,-1.72359073036069,0.0488128305023447,-0.322764768188966,3.25364298297087,-5.60223836637785,-2.8847184793957,501.558732326691,568.35370994282,0
3.34,0.252492474277216,0.433290183544159,-0.0380405591169236,9.1454504807552,1.8941983175551,-0.208980358116867,0.146719949652067,-5.31130677539581,7.68226998352756,0.809143366532136,506.173758431652,568.35370994282,0
3.35,0.247630108464103,0.419788062572479,0.0203230846956977,8.71482037489583,-1.00665476126157,0.240200283997989,-0.0635414979110284,8.7560613303103,-0.541145040552616,-1.74752116134061,510.522884591093,568.35370994282,0
3.36,0.220637240649459,0.407003194093704,-0.0412110663991994,9.42660223633678,2.05207142206017,-0.182151300441757,-0.131148952350155,-9.40415272724726,-2.15261197756435,2.01016518717874,514.712266182922,568.35370994282,0
3.37,0.223846829125614,0.394637525081635,0.0205785040372462,8.64922718680597,-1.02335446375791,0.122648060776397,0.188383467761351,3.13060866895227,8.12746422012166,-0.485443238178378,518.64847808321,568.35370994282,0
3.38,0.254880978784459,0.382721304893494,0.00292405620570213,6.50307124046581,-0.153486413886844,0.0450136427374449,-0.250891680647892,1.37251439221937,-6.358435175495,-2.95259501581774,522.478189659615,568.35370994282,0
3.39,0.221927271630554,0.371398389339447,0.0404644452727274,7.58599703054521,-2.01972484661012,0.0210255883785243,0.224604118078784,-2.67131736163056,7.38178182804844,0.0870110886241856,526.072402809463,568.35370994282,0
3.4,0.20722825458388,0.360508501529694,0.0167306441261253,7.77780743257663,-0.8492916816058,0.139273942997027,-0.154357483630751,6.24088960345427,-4.71877969142293,-2.32695772750494,529.572495949188,568.35370994282,0
3.41,0.172827736333286,0.350057303905487,0.0440691992207596,8.97663226726812,-2.19992402059508,-0.172670325308991,0.0446819820927194,-8.98437943282384,-2.16806797983882,1.56724908704196,532.873273207,568.35370994282,0
3.42,0.197934119352101,0.340405613183975,-0.00304536285698911,7.24015690936553,0.139447938699292,0.139666913086858,0.140286646646823,5.28384432013272,4.95179836023662,-0.798568991635811,535.955951290871,568.35370994282,0
3.43,0.178114435198213,0.330965369939804,-0.00971904216837238,7.76050268255548,0.497394133311337,0.00964802751340524,-0.17811829600507,-0.500488191261315,-7.76030375566648,3.14119395550393,538.922359906321,568.35370994282,0
3.44,0.196397547485165,0.32211047410965,0.00658545967378006,6.40505178171756,-0.342573377346294,-0.138925176398748,0.138978992296963,-4.91147444974356,4.12546525556404,0.818723228281819,541.694754244085,568.35370994282,0
3.45,0.182813556174006,0.313730001449585,0.0134267347327813,6.66664757149301,-0.656234307348299,0.183289273363458,0.00247301364056454,6.58465357661122,1.23173478665483,-1.48399140754409,544.32121511154,568.35370994282,0
3.46,0.117029278101712,0.305524587631226,-0.038691226146887,9.54702130789373,1.92541198703472,-0.0372210035640163,-0.117505148004012,-7.15438701446894,-6.60814449148868,2.51553203083221,546.86999358173,568.35370994282,0
3.47,0.143756341616648,0.29750919342041,0.052966092743482,7.81126637477555,-2.6337072317651,0.0157041656847571,0.152396430127675,-4.48661414159123,6.91538789257874,0.250324497415168,549.32733309894,568.35370994282,0
3.48,0.164393460674459,0.290169954299927,0.0428009644455758,6.41389525106314,-2.14519139788348,0.131919665510634,-0.107024923833464,6.72650155427201,-0.702904876594145,-1.99768048387877,551.595232407909,568.35370994282,0
3.49,0.0729559192099977,0.283212751150131,0.0100564021650281,10.6393451888841,-0.509820923263029,-0.0692849044019878,-0.0249659647177492,-9.18638120750918,-5.3912877619684,2.05362981842692,553.755492054556,568.35370994282,0
3.5,0.0937441280710252,0.276482075452805,0.00683892157399046,9.26483218581224,-0.33578428267487,0.0219389408619316,0.0913970200277265,1.16993711607616,9.19679909860933,-0.162758748205113,555.805712153581,568.35370994282,0
3.51,0.110346885798773,0.269909173250198,-0.0332475882809653,8.1074826962998,1.64902035542669,0.101092598548801,-0.0553364604093806,4.5109037916056,-6.93558150311064,-2.36427841638722,557.781943873668,568.35370994282,0
3.52,0.112361144340031,0.263844013214111,0.0278212812527692,7.70495216066413,-1.37656466783045,-0.11536271058936,0.00951290982941505,-7.38606406903965,-2.58984085435447,1.73124571840911,559.612901436091,568.35370994282,0
3.53,0.119237219286721,0.257863372564316,0.021303927219437,7.06353399533068,-1.0727272223533,0.0703617869116505,0.0985930561490008,2.0588339325456,6.84145152982675,-0.443031279608193,561.424653541478,568.35370994282,0
3.54,0.066765051229171,0.252412676811218,-0.0330622198790539,9.41608098163176,1.6524851584029,0.062556291185463,-0.0404647115655641,3.39552330813015,-8.93664980377625,-2.60475815954673,563.039193869529,568.35370994282,0
3.55,0.0630723451339844,0.247246369719505,0.0399916001786773,9.34387901818022,-1.99564869597125,-0.061311617000842,0.0426419327223062,-9.42040496890569,-1.59582550610563,1.52818743238702,564.569694829837,568.35370994282,0
3.56,0.0263796824435986,0.241937234997749,0.0098086579982889,10.9144866303095,-0.508622763790153,0.0231623803390795,0.0159875437319285,5.84182422368535,9.23351532508689,-0.610667170600213,566.115012113002,568.35370994282,0
3.57,0.0633326688933381,0.236962541937828,0.0439059025110182,8.81950145027836,-2.18215109938363,-0.0155495252261369,-0.0754782583907575,5.46628347736764,-7.25707476860069,-2.73857645887128,567.600906025361,568.35370994282,0
3.58,0.098347700207785,0.232311561703682,0.00903159722020803,6.83765027013091,-0.453276998381764,-0.0960418882494039,0.0230172888498502,-6.83211464445588,0.53021763351935,1.42715041554022,568.958810018829,568.35370994282,0
3.59,0.112900685440004,0.227671667933464,0.0274370453342741,5.8794270395279,-1.39056118696516,0.0923568730526014,0.0704951362112554,2.61810598903524,5.44489152858013,-0.680445456884174,570.289515657254,568.35370994282,0
3.6,0.0142559005951899,0.223235353827477,0.00108333155959151,10.5912673658228,-0.042431126474547,0.0040500759274131,-0.0137113527425317,3.80101033975522,-9.88580119221051,-2.77853262403043,571.533276688385,568.35370994282,0
3.61,0.0261846333778847,0.21946494281292,0.0311639271462383,9.80781529441781,-1.57054510751435,-0.0210298515635851,0.0348506918657845,-9.93272400727407,-0.0290960388119352,1.41494166198333,572.608830970832,568.35370994282,0
3.62,0.00399315432419496,0.215401500463486,0.0207364758298447,10.7156386082672,-1.0500817078292,0.018766232897772,-0.00968376032980735,5.80055564244272,9.0708950283327,-0.666619718383003,573.739292314016,568.35370994282,0
3.63,0.0514076553754515,0.211575269699097,-0.00313433650473062,8.15501626368854,0.166170093225022,0.0229674481318077,-0.0460984535840282,3.03275284290214,-7.57194248226807,-2.74026009861962,574.820105295016,568.35370994282,0
3.64,0.0260189331088313,0.207877337932587,0.034044774156541,9.24097284330457,-1.7190689741787,-0.022722662053488,0.0363278427200777,-9.36120274541834,-0.847738395879648,1.47718424621383,575.854044292349,568.35370994282,0
3.65,0.0621192355600635,0.204415276646614,0.0160140539285857,7.2643027882644,-0.78692253538997,0.0474967536876193,0.0431196908492156,3.33163991961893,6.50303909893613,-0.581361875543902,576.765799454151,568.35370994282,0
3.66,0.0424961461546858,0.201308503746986,0.0214531427518415,8.09157967993393,-1.0684658335947,-0.0329008846642403,-0.0344048188520397,-1.33471471909869,-8.05194495590352,2.84603623549298,577.613865561002,568.35370994282,0
3.67,0.0656632487802085,0.198220133781433,0.000747706706918561,6.78026525496828,-0.0528631507533932,-0.0465771806335724,0.0462902532928768,-4.90010560629235,4.68655059586684,0.799874295009672,578.430546289879,568.35370994282,0
3.68,0.0209239672773792,0.195101335644722,-0.00273407990125427,8.86269806111438,0.151677883307645,0.0189034421637042,0.00937803145093724,8.43201852654121,2.73340203241877,-1.24020338064597,579.26059869191,568.35370994282,0
3.69,0.0669305192894515,0.192491814494133,0.00410568118748185,6.43338925635121,-0.201211158253705,-0.0129565287428974,-0.065792700152094,-0.654812119230269,-6.40314019387755,3.00841682620649,579.925781011442,568.35370994282,0
3.7,0.0415115735576869,0.189790397882462,0.0202941125107448,7.5707322415085,-1.03352120621912,-0.023124399969269,0.0400040481438478,-6.85925147837179,3.36672272585304,0.978835363527292,580.592070191754,568.35370994282,0
3.71,-0.0146216277812191,0.1871018409729,0.0427004195913797,10.2443909579762,-2.12417583823745,0.00874884211837723,-0.0442783874349564,7.80016541679961,6.97259553983875,-1.0458125627614,581.270580268538,568.35370994282,0
3.72,0.0706301773979962,0.184597879648209,-0.0372281872319661,5.85801721463517,1.86753755285897,0.0424630255279868,-0.0676125088046603,-1.41917341425831,-5.98247515820692,-3.0658947849689,581.938908159727,568.35370994282,0
3.73,-0.00731317893981836,0.182086929678917,-0.00716018373706815,9.63108339649542,0.33905149415813,0.00424268002926744,-0.00931399396197105,-8.86226658276148,3.78588884173978,1.20225990045667,582.52032285414,568.35370994282,0
3.74,0.00637584836510252,0.179847106337547,-0.0519210626066832,8.83608671645122,2.61424487989347,-0.0312316358843603,0.0419646649524172,8.19736640835451,4.20878708416998,-0.808806911484282,583.061872352918,568.35370994282,0
3.75,0.0357419259931915,0.177731573581696,0.0375528177850023,7.26345949947738,-1.87774354109502,-0.0241519054119678,-0.0458735747709694,4.10179126062737,-6.28164573666114,-2.81610563000051,583.562830749234,568.35370994282,0
3.76,0.013817640809717,0.175770208239555,-0.0434368231580323,8.26306976489725,2.15630265931063,-0.0183957533862014,-0.0417046887167689,-7.98420284616398,3.02992871358654,1.46335853501318,584.013260316808,568.35370994282,0
3.77,-0.0170822443710972,0.173445001244545,0.0367074405517066,9.69318401131587,-1.82408847314061,0.0228085634949239,-0.0334515873451318,3.38953584400171,9.26262175613912,-0.536808709027391,584.560335805568,568.35370994282,0
3.78,0.0544826188397739,0.171983495354652,-0.0419247897540709,6.04336997790156,2.10329404626637,0.0655288591252747,-0.0207849073441049,1.72439843135712,-6.16219251442168,-2.53381508532642,584.886099051832,568.35370994282,0
3.79,0.00912842287778615,0.170307278633118,0.0315401888948518,8.22876260232487,-1.59710934574194,-0.0147458953624987,0.0293371810117615,-7.79755583804427,-3.07594134863757,1.75482562136318,585.203669194117,568.35370994282,0
3.8,-0.00121681108192418,0.168425321578979,0.0296994052061914,8.65333793233807,-1.47294143697063,0.0285834446300712,-0.00815610151299604,0.600005868022714,8.75727165310773,-0.237008879300027,585.616872672145,568.35370994282,0
3.81,0.0177220538253981,0.166705846786499,0.0114032994475745,7.62185404588554,-0.566446002724077,0.00710373172031828,-0.0198404492319883,6.38864629510822,-4.19508267937402,-2.22601211072419,585.979304207108,568.35370994282,0
3.82,-0.0132061870913682,0.165340796113014,0.00109845922830238,9.10151563837802,-0.0725984448104175,0.0110666033593644,0.00728973801003637,-7.95477910436271,-4.42316027864953,2.07028714092069,586.215943638048,568.35370994282,0
3.83,-0.0493024712083973,0.164039045572281,0.0154409662194987,10.842708611647,-0.761677917681825,0.0195767083427661,-0.0478111869284671,-1.68075681796986,10.7386935800504,0.0851217984842603,586.483897245749,568.35370994282,0
3.84,0.0251688559042422,0.162652462720871,0.0204571369265495,7.05126074613338,-1.01747981798113,0.0172646849516758,-0.0274571741495639,7.00445407905888,-1.30121725484867,-1.89778087583336,586.755794957348,568.35370994282,0
3.85,-0.0126680990726924,0.161405757069588,0.0560081419829085,8.88226231738781,-2.82016649601282,-0.0329378874751566,0.0470370946293147,-3.88509438190373,-8.47077119179952,2.40413268145591,586.946429152367,568.35370994282,0
3.86,-0.0178956751558859,0.160279467701912,-0.00678060554871324,9.08881387868351,0.33717632777078,0.00118588540594037,-0.0191004051448186,-3.43350181045318,8.42207165221085,0.424189573864202,587.118610033402,568.35370994282,0
3.87,0.0289884885296873,0.159115850925446,0.00621291350699644,6.6878611834937,-0.301958316247221,0.0290859750977838,-0.00573923462600483,6.68204593530808,0.411008701690645,-1.5544838773055,587.353380175942,568.35370994282,0
3.88,-0.0129652400663423,0.158170938491821,-0.0139102287518098,8.73980757950435,0.682786466406482,0.0177966606670435,0.00669856574258054,-3.95630879700823,-7.82291854669245,2.75133447829303,587.465001629118,568.35370994282,0
3.89,-0.0436139677434842,0.156948000192642,0.0368529566524807,10.2125431825832,-1.86507795176548,0.0568464496297485,-0.0053665408646322,-8.4789205256951,5.99019705362313,0.775098315763595,587.650635498552,568.35370994282,0
3.9,0.00331042904394376,0.155723184347153,0.0294367011688033,7.80649692357796,-1.46342744785922,0.0137639898862369,-0.0262303430890253,6.74376959459267,4.19578190186612,-1.19954547792805,587.866687947982,568.35370994282,0
3.91,0.0116268378396401,0.15471288561821,0.0319746026971827,7.34161594164677,-1.61092801829977,-0.0300803161116171,0.0158975834143796,-4.3608096246284,-6.12190763835371,2.30663932757935,588.007601009004,568.35370994282,0
3.92,-0.0200660987010673,0.153708547353745,-0.0122567252953513,8.87750301534614,0.591691881218612,-0.00499533248374274,-0.0229765594775098,-2.35347622418395,8.58028605187383,0.334257156478605,588.122666723353,568.35370994282,0
3.93,-0.00949408122967484,0.152609139680862,-0.00761700787211615,8.29533423593159,0.39334978577365,-0.00896973554780533,0.00822801504142894,8.25118074906806,-0.94090933994488,-1.63695645904093,588.311971345951,568.35370994282,0
3.94,0.0522925340315764,0.151712626218796,0.0247707940713058,5.16260902307057,-1.24553992367203,-0.0456145532369412,-0.0356007568369111,-1.20533102860408,-5.17214450088499,2.67589863154223,588.441536317246,568.35370994282,0
3.95,-0.0358460377487074,0.150969356298447,0.0197776973975396,9.53384729944039,-1.01306511836587,0.0383122728721962,-0.014431406168381,-6.95890404475553,6.59501324934086,0.706376764465804,588.497772105488,568.35370994282,0
3.96,0.0128348257485686,0.149757355451584,-0.016714658783835,7.0405901138749,0.851035699247077,0.00715333741875213,0.0198227731165353,6.96657152668497,1.32704637317926,-1.2622716621267,588.674259926481,568.35370994282,0
3.97,0.0490326563258463,0.148990035057068,-0.0261029859261638,5.19376216898666,1.30513229348645,0.0216725399556354,-0.0511455596557653,-1.75853498208315,-5.05826951518877,3.0531989684336,588.759505968735,568.35370994282,0
3.98,-0.0515700229452478,0.148244440555573,0.011317789606718,10.188087643896,-0.589293771496632,0.0509015789296507,-0.0140210160339348,-9.28861007201485,4.22683332045334,1.08596911171199,588.772749592751,568.35370994282,0
3.99,-0.0541608064116186,0.147629708051682,0.00156053303003256,10.2883287693884,-0.0656306773100819,-0.0407883856774417,-0.0356670128875817,7.89498298721171,6.59721607077307,-0.881088336734846,588.825429012354,568.35370994282,0
4,-0.00866094508735354,0.147171184420586,0.0289999329266459,7.99189001255657,-1.45212014693082,-0.0302654756964136,-9.51862695702122e-05,3.70114631995515,-7.23052382695792,-2.84822617220664,588.803300640168,568.35370994282,0
4.01,-0.027230271818933,0.146672606468201,-0.0126540228786496,8.89690829008129,0.613281157623581,0.0257829782761499,-0.0153899327340294,-8.78650998170776,1.52588768976069,1.46767173838363,588.773896848256,568.35370994282,0
4.02,-0.0105056263478731,0.145942702889442,-0.0184537628258007,8.02559636100372,0.937578248481857,-0.0212311398368201,-0.000385030675946642,4.66653899138031,6.59641294672412,-0.499402702562379,588.839310862508,568.35370994282,0
4.03,0.0103777629666569,0.145335823297501,0.0347827747867806,6.95251979062416,-1.73738374759916,-0.0206546759646853,-0.0298483457976128,5.70324457685342,-4.33924360021817,-2.46607521703334,588.860212364926,568.35370994282,0
4.04,-0.0359325215524998,0.144636079668999,-0.0278624195079828,9.23447278992466,1.37675784193674,0.0422323929684528,-0.0168489023416321,-9.25536536893402,-1.22847944660465,1.85075541428788,588.883937293141,568.35370994282,0
4.05,-0.0332386460424798,0.143989697098732,0.00227857536112495,9.06888431138214,-0.10933494645335,-0.00156993039687147,-0.033279645655604,0.937278771557509,9.02098250126541,-0.115583853864853,588.908581776903,568.35370994282,0
4.06,0.00349068444434566,0.143587559461594,-0.0147675136871653,7.21376788973666,0.746621480204214,0.0102685566398693,0.0111723356074014,5.92646647423039,-4.18005812537591,-2.08195185379088,588.876353771316,568.35370994282,0
4.07,0.02202665201487,0.143008172512054,0.0206245038831553,6.25941125799703,-1.04590123519736,-0.0300570823718461,0.00266746297116238,-4.28484012120988,-4.68126946737713,2.23481685065824,588.901242483892,568.35370994282,0
4.08,-0.0495061383574633,0.1424231082201,-0.0111390025653512,9.80822440355774,0.539930597449963,0.00238798927560551,-0.0506875982902997,-2.08037584976447,9.60025141984964,0.268393872185751,588.89436919989,568.35370994282,0
4.09,-0.0305175924810654,0.142032295465469,0.0511055258616031,8.84069636810126,-2.54989594807269,-0.0367637312500562,-0.0468137403868245,9.09303303705017,1.40592738292932,-1.6982010306747,588.860118946448,568.35370994282,0
4.1,-0.0366261947117189,0.141732156276703,0.0524943497059679,9.13259321010158,-2.64028157202463,-0.0271525188810859,0.0579644339964213,-2.27908081185966,-9.22936271764088,2.61806591813216,588.767623464988,568.35370994282,0
4.11,-0.0597292028737889,0.141440242528915,0.0202592342284977,10.274619961737,-1.03799166655364,0.0522983611441625,-0.0352547254860694,-7.0493136481817,7.54668265846119,0.650652402497618,588.675114749871,568.35370994282,0
4.12,-0.037129997358468,0.141218215227127,-0.00651604380204353,9.13499824669014,0.337098528207723,-0.0375784112201021,-0.00299308216440759,8.92817053866913,1.96203955546067,-1.31759144340823,588.627115388802,568.35370994282,0
4.13,-0.0120887579216982,0.14104688167572,0.0222599668150329,7.87585569308113,-1.12210447352595,-0.0202849310593626,0.0151712149352876,-0.024895871869641,-7.95535049782907,2.99694168299924,588.503684962079,568.35370994282,0
4.14,-0.0387312149068075,0.140864163637161,4.84771404827347e-05,9.20032420121045,-0.0255629715984339,0.033178224415355,-0.0199828622282896,-7.88851357716669,4.73476212874022,1.02744419306493,588.38449174763,568.35370994282,0
4.15,-0.0083223283949719,0.140755638480186,-0.0131645431300993,7.67593390904495,0.672318017517087,-0.0144675870886369,0.00576673820896245,6.60737104947145,3.96416708872252,-0.943040438377375,588.266003163452,568.35370994282,0
4.16,-0.0198805790446884,0.14062437415123,-0.040406447360719,8.24873687112201,2.01864457973409,0.0447119299958832,-0.00536299613181783,-6.18937647319483,-5.81448233133095,2.56497817993422,588.18306650641,568.35370994282,0
4.17,-0.0576611430684149,0.140146642923355,0.0217167934617866,10.1153189364728,-1.11049403472868,0.0502416051038953,-0.0356680200572215,-6.57572006176617,7.76613030131607,0.593239932078093,588.121379008988,568.35370994282,0
4.18,-0.0310370795066237,0.139673054218292,-0.00560040605575126,8.76182313233308,0.293376073460142,-0.031535444498134,-0.000424961874628984,8.65680856973054,1.38393623762289,-1.37880000180727,588.132570998098,568.35370994282,0
4.19,-0.0070921784058695,0.139627456665039,-0.0183170183833844,7.56377478993454,0.916380725374049,0.019391770411008,0.00312592343551121,-2.47004991174136,-7.20758601337458,2.93200093292841,588.001845519775,568.35370994282,0
4.2,-0.0339851664682706,0.13924615085125,-0.0181618994651602,8.8907804550416,0.888258104241793,0.0173866540523788,-0.0343882304418467,-6.76745965314988,5.83407828217015,0.95890934237128,587.946838403381,568.35370994282,0
4.21,0.00842053654539444,0.1388920545578,0.0114790873012968,6.75420072814523,-0.560645346598031,0.013211684776984,-0.00530342024892681,5.44022561663434,4.04196683816865,-1.01462165085785,587.912785755527,568.35370994282,0
4.22,-0.00775252151714672,0.138591736555099,0.0172511892519552,7.54926962711121,-0.861437658181975,-0.0182317914646381,0.00503059643288405,2.00280278883921,-7.32955167324549,-2.98847108862503,587.836668090125,568.35370994282,0
4.23,-0.0441050199455311,0.13844221830368,-0.035735931621997,9.36087178415102,1.76963528776735,0.0338628261939543,-0.0455589573568776,-8.62940560056478,4.03619729348892,1.32014065329062,587.722886779826,568.35370994282,0
4.24,-0.0176822029547194,0.137851268053055,-0.00522368431267981,8.0115439368523,0.273769936849034,-0.0149107993483364,-0.0108450561051604,5.09564397956931,6.18823065697427,-0.654713172661059,587.745807956723,568.35370994282,0
4.25,-0.00453810307115338,0.137652337551117,-0.0221379150605291,7.34582484873625,1.11372827730444,0.0170807863356675,0.0147962292786672,2.62561523876168,-6.95037250814378,-2.62993125965766,587.658459405727,568.35370994282,0
4.26,0.0128614750189657,0.137406915426254,0.00917642267061788,6.46499011240061,-0.474813182665936,-0.0137657850338602,0.0077541882292641,-6.37762903260702,-1.16077243003059,1.67752035641605,587.588457404022,568.35370994282,0
4.27,-0.0491250962674162,0.137174606323242,0.032822627834426,9.55416989587623,-1.64934310029919,0.0169117926897044,-0.0566091092427765,1.23544355873907,9.61645331059961,-0.298717814657998,587.434347414571,568.35370994282,0
4.28,0.00168276106759875,0.137329757213593,-0.0103265313828836,7.0229859108804,0.524974286783883,0.00797665677517474,0.00677066332816543,5.00631582089894,-4.9532545874027,-2.27625477393407,587.306804590569,568.35370994282,0
4.29,-0.00967118769284409,0.137283504009247,-0.0441845417404624,7.58983726737196,2.19845107537614,0.028199587692869,-0.0353636657341553,-7.78011611594333,-1.38152455586194,2.02847689011183,587.153702551452,568.35370994282,0
4.3,-0.0312466262948752,0.137130007147789,-0.0197057323211833,8.66235188873501,0.965091305708263,-0.0181485226206753,-0.0321760573689903,0.538813269419278,8.69927708107532,0.0490959008830286,587.076144123544,568.35370994282,0
4.31,-0.0369154132606897,0.136953920125961,-0.0511238253382662,8.93839795449883,2.56820764686126,-0.0165264082560157,0.0608545075042149,7.45951824537134,-5.55393878768551,-1.93101001291676,587.00163223354,568.35370994282,0
4.32,-0.0198880446034864,0.136849761009216,-5.14542608868393e-05,8.08327338738162,-0.00915598860077361,0.0138842654904576,0.0142395272913716,-5.62152139204415,-5.80843263936745,2.3714130810665,586.866679064499,568.35370994282,0
4.33,-0.0325279902140198,0.136540979146957,0.0380040174181835,8.70125417992552,-1.92571303663397,0.0475155313561011,-0.0156412840659691,-5.08852670776979,7.31622108382783,0.389904488129717,586.770782090996,568.35370994282,0
4.34,-0.0363984231095059,0.136268615722656,0.0472612779731047,8.8825363728197,-2.35627355968229,-0.0374049627487363,-0.0464687245604539,8.93108879931137,2.16497814338566,-1.59227292816753,586.744011252196,568.35370994282,0
4.35,-0.0270437060205684,0.136383056640625,0.00476337355232368,8.4219976784732,-0.248119059857956,0.0070365673151058,0.0265431438105189,-3.31238229508095,-7.74724025026376,2.70810637765601,586.564662826623,568.35370994282,0
4.36,-0.0326477619601265,0.136176601052284,-0.0402108942068717,8.69328645309117,1.99009202767863,-0.0084771361404955,-0.0510972654530241,-4.27077159755249,7.82906160377267,0.72442870196194,586.490410326904,568.35370994282,0
4.37,-0.0213843308814802,0.13609504699707,-0.00271537598428772,8.12746831728346,0.14767526696754,-0.0211902436274536,-0.00395429500591911,7.78325804109571,2.34487600922508,-1.2600052714647,586.374365472882,568.35370994282,0
4.38,0.00676406308103506,0.136321231722832,-0.0177327482381107,6.73283843533388,0.881724013456075,0.0169346556044705,-0.00856856749978748,-1.5759792462735,-6.60491029821976,3.0375827102696,586.178300753458,568.35370994282,0
4.39,-0.0496803859724459,0.135953575372696,0.0332215504513318,9.53805749316311,-1.68706400070882,0.0596194529179077,0.00416329179027457,-9.1165766672944,3.27242349868043,1.05110142799455,586.141429915992,568.35370994282,0
4.4,-0.0372311534522416,0.13566130399704,0.0458870060950515,8.90236309445233,-2.28565351374126,-0.00275339449477895,-0.0590270695063526,5.81109593690392,7.12091599883354,-0.935775774180983,586.102850632592,568.35370994282,0
4.41,-0.0405271641520356,0.135464996099472,-0.0310836993973111,9.05876909430549,1.55062904846666,0.0482976822059863,0.0166126847907855,-6.29653628669624,-6.69472768230422,2.55636691635719,585.997198215693,568.35370994282,0
4.42,-0.0327575281181018,0.135326683521271,-0.0434709467862641,8.66478726597303,2.15382799982633,-0.018998734874997,-0.0510081065719167,-2.8496354204694,8.4615064490793,0.568480780713722,585.892745356792,568.35370994282,0
4.43,-0.0513631125584946,0.135131657123566,0.0470795461067229,9.58670343712764,-2.34543545024546,-0.0437181492644579,-0.0542528931781726,9.12629192633489,3.75722582739149,-1.42019286735516,585.832927687977,568.35370994282,0
4.44,-0.0386361954676596,0.135261982679367,0.00443144972978913,8.95833733807946,-0.225579921091294,0.00596317115538569,0.0384295971445763,-2.15590059487718,-8.69797601678898,2.87345124273697,585.653842307754,568.35370994282,0
4.45,-0.0015689758847455,0.135269641876221,-0.00710406835282565,7.10679695308871,0.33465111886765,-0.00329806718356414,-0.00648476871917798,-5.27829218073582,4.77055405153044,0.882936361801742,585.517682303315,568.35370994282,0
4.46,-0.0475300238345303,0.13499604165554,-0.00115032799025025,9.39255952137253,0.0695917945623928,-0.0430485105317914,-0.0201804896172122,8.43656832124083,4.12908371693188,-1.10823378418799,585.449324420012,568.35370994282,0
4.47,-0.0548204112720684,0.135183066129684,0.0110499989297689,9.76787238937435,-0.55580648420749,-0.0132931902135159,0.0543200797342373,0.956690505735522,-9.73678566772548,-3.10049194981005,585.297036376601,568.35370994282,0
4.48,-0.0596826230251979,0.135273560881615,-0.0369389901595185,10.0169846071135,1.82711816333402,0.0416410996230155,-0.0565024185974281,-8.61677684425894,5.42489614814664,1.18933340255392,585.100320547675,568.35370994282,0
4.49,-0.0484704688194367,0.135275945067406,-0.0345956370010823,9.45791144353659,1.74406048509602,-0.0589195985804452,-0.00864438258095027,8.02758945573282,5.29638021479397,-0.805228258266496,584.999774224207,568.35370994282,0
4.5,-0.0301362033916835,0.135295554995537,-0.0326247753316247,8.54360118857644,1.63321371072464,0.0206778394425185,0.0393064075729814,1.31586849998973,-8.59819739160939,-2.80084746669316,584.885331411564,568.35370994282,0
4.51,-0.0421046709896952,0.135286912322044,-0.0460977229105706,9.14304179700886,2.28706333782962,0.0380533055964922,-0.0494949422655508,-8.9167443022596,3.05246507944255,1.48608392099061,584.731035773793,568.35370994282,0
4.52,-0.0623828933546983,0.135222598910332,0.0130490232536637,10.155148423897,-0.642127198044369,-0.0191415575270292,-0.0607906503223789,4.40858274347987,9.17081049001333,-0.511251784505036,584.633947980744,568.35370994282,0
4.53,-0.037290223939431,0.135217815637589,0.0332820891511273,8.90170515509705,-1.66569873886063,-0.0488858611861336,0.0104130128112175,6.60435588389093,-6.19656278236883,-2.50933080744428,584.50546700786,568.35370994282,0
4.54,-0.0480063857019187,0.135293051600456,-0.0418666478027637,9.44273502969441,2.07573472044223,0.0554900569202524,-0.0312775134783632,-9.66744020372494,0.120496381978219,1.77471473890327,584.336097058681,568.35370994282,0
4.55,-0.0438155530092673,0.135110691189766,0.00666276381745745,9.22545211766429,-0.321959478577088,-0.00328790375680502,-0.044197112983555,1.74588912857161,9.06446335046359,-0.225162860922551,584.293292241243,568.35370994282,0
4.56,-0.0361796933942517,0.135237663984299,0.00779025527192741,8.85144903890033,-0.388264813362683,-0.0334354575042015,0.015865953258112,7.25540783638116,-5.08507195439003,-2.2259400139329,584.146407766293,568.35370994282,0
4.57,-0.0612622049835019,0.13527624309063,-0.0316447987024099,10.1089435627438,1.56412565028021,0.0689503711215178,0.000545313269245042,-9.67331625725776,-3.32628645664738,2.0555022289639,584.000847795722,568.35370994282,0
4.58,-0.0515329222344336,0.135285958647728,0.000433583229945213,9.624400507776,-0.0106179340647278,0.00314867782341407,-0.0514384670883748,-0.517792663959629,9.61046765936769,0.0527227156319206,583.870098833415,568.35370994282,0
4.59,-0.00291399783555293,0.135155022144318,-0.0176059541906173,7.1883115151545,0.885227687284746,0.00382507327506723,0.0174307148673854,6.34702327336784,-3.48865963724828,-1.95084171886918,583.785241811312,568.35370994282,0
4.6,0.00237588428305161,0.135063946247101,-0.0666066552248594,6.92065679057536,3.31740180152421,0.0440321306928713,-0.0500326174911492,-7.30801040141066,-2.34384920559461,2.32814503823375,583.710642728954,568.35370994282,0
4.61,-0.00452217946141598,0.134914994239807,0.00988049721724593,7.25952590614428,-0.482207993892,0.0108054687187738,-0.00114724805899114,-2.76457902156267,6.72981008386483,0.323451746093085,583.604571583485,568.35370994282,0
4.62,-0.0377935487082706,0.135144501924515,0.0298424757268737,8.93601299165008,-1.49105339771052,-0.040882015595099,-0.0254477205728835,9.04648122320847,0.486565411737912,-1.68239877457214,583.455912921908,568.35370994282,0
4.63,-0.0351976238459637,0.134967103600502,-0.00485352200512066,8.7987525470822,0.224602563296743,0.0224630774417394,0.0275288857766268,-4.77112125188335,-7.39627573147811,2.59421152721297,583.36150916515,568.35370994282,0
4.64,0.021463201087265,0.134951323270798,0.0324638387212308,5.96632385388631,-1.61411688112665,0.0151473948803051,0.0358486576285719,-4.64783621552326,4.0743112484273,0.586845515845055,583.275237630673,568.35370994282,0
4.65,0.0270663483359674,0.134951338171959,-0.0351151487310287,5.68757718349072,1.76384954712161,0.0215316552377118,0.0387562731099174,5.8869107012978,-0.896650343216849,-1.42122910962952,583.170682332859,568.35370994282,0
4.66,-0.00322385774162025,0.134948819875717,-0.000879428434515775,7.20340356804428,0.0269573524512131,0.00326668068311063,0.000703882393750195,-6.40665642699265,-3.29309931363115,2.04933301413885,583.02132648415,568.35370994282,0
4.67,-0.0608734363565717,0.134904623031616,-0.016255634317442,10.0850781508426,0.820590394023214,-0.0138360092775973,-0.0614685752900637,0.421188430764315,10.1096374914809,0.0395499403905904,582.923868354049,568.35370994282,0
4.68,-0.0160686075472072,0.135118842124939,-0.00942572298381473,7.85699145912362,0.476317053555403,-0.0111228124999427,0.0149441441496292,7.04968756810865,-3.50158505769936,-1.97125181452973,582.775967255677,568.35370994282,0
4.69,-0.0477047367275106,0.135088413953781,-0.0208408954214227,9.43871593479818,1.02499053076448,0.0494553450064189,0.0162558813511866,-7.72002714333616,-5.52640434569556,2.30025321811702,582.632456756131,568.35370994282,0
4.7,-0.00552955844219189,0.134962424635887,0.0214757676053949,7.32504482752505,-1.0671234091643,0.0221620354192144,0.000792967139314206,-3.10219986787803,6.72096645396891,0.287770381069836,582.570546986275,568.35370994282,0
4.71,0.00298092156324985,0.135049894452095,0.0210694810339146,6.90531701937595,-1.04984655903562,-0.000300079301705498,-0.02127719146921,6.98461789784717,-0.0263392610951165,-1.72544644913231,582.456069380315,568.35370994282,0
4.72,0.0152879455426768,0.135011970996857,0.0178491357027833,6.28948647038211,-0.910013772565325,-0.0233580710220103,-0.00259103114279733,-2.78760616609601,-5.71095587359259,2.54380683598626,582.346001954566,568.35370994282,0
4.73,-0.0415117474934901,0.134697541594505,0.0627937272599635,9.11510489597704,-3.13655876453393,0.0751624362180236,-0.0041092024692763,-7.31115144618466,6.28253155017872,0.529509123450931,582.329785625242,568.35370994282,0
4.74,-0.0272109132075155,0.134702265262604,0.0422803726904307,8.40170188529391,-2.11302630764381,-0.0235088537653058,-0.0444454441655174,8.19106971922867,2.82132089647405,-1.48547425242202,582.234922929815,568.35370994282,0
4.75,-0.0263645521407206,0.13484151661396,-0.0628908791774778,8.36779575039707,3.13085254956754,0.06814650703511,0.00253098245955785,-5.87679621404186,-6.72945091862034,2.78175873782867,582.064430194343,568.35370994282,0
4.76,-0.000844585001337328,0.134744256734848,0.022677223480011,7.08833419981974,-1.12509188349437,0.0169423113232623,0.0150972804045134,-5.72099837667289,4.33364639175201,0.765102274137607,581.980320979345,568.35370994282,0
4.77,0.0013446151658934,0.134668588638306,-0.0102288543770876,6.97647990418656,0.516711589830533,-0.00192811729884563,0.0101350784651085,6.78707291198169,1.69525927457379,-1.25209710975641,581.91294293369,568.35370994282,0
4.78,-0.010462603716313,0.134531661868095,-0.0274461117150075,7.56138465626196,1.35652365533253,0.0285584748983874,0.00686794265231289,-2.31206680492757,-7.32591574050525,3.01339826440289,581.837285961921,568.35370994282,0
4.79,-0.037724319968869,0.134448930621147,-0.0152531542398367,8.92172326611996,0.774884090291223,0.0233374905650306,-0.0333338351454639,-7.061457852271,5.50757699821009,0.995037964104797,581.763684590589,568.35370994282,0
4.8,-0.0351233620494846,0.134409546852112,0.0268619279274408,8.79108813962303,-1.3420975158432,-0.0160274001428562,-0.0412108745150958,6.8103847695304,5.71866380473634,-1.02380977382273,581.693383230849,568.35370994282,0
4.81,0.0029860726097719,0.134419873356819,0.017471488332225,6.88755992824579,-0.892366781809171,-0.0170946786909964,-0.00468417491405892,1.56315911513494,-6.76692942324834,-3.04341930252791,581.558540413905,568.35370994282,0
4.82,0.00510305825048343,0.13438606262207,-0.0138043560184741,6.78142028854082,0.703953603702545,-0.00954391927485556,-0.0112033501001999,-6.12442452461751,2.99576969212629,1.21930110191594,581.468054105795,568.35370994282,0
4.83,-0.028875505365532,0.134511277079582,0.029798169190544,8.48802843377575,-1.489522805125,-3.38748664322139e-05,-0.0414936687907514,5.06470452370175,6.97237929025438,-0.801938599431064,581.345253396664,568.35370994282,0
4.84,-0.0480613201315969,0.134497970342636,-0.0108618298255435,9.44805229901815,0.524022386197774,-0.00468731224819851,0.0490499637496176,2.45212868307023,-9.13933020674288,-2.824054483638,581.25684880375,568.35370994282,0
4.85,-0.080577484848292,0.134196132421494,-0.0146572982083774,11.060127130751,0.743976775424862,0.07789407356113,-0.0252998173767972,-10.8613322282795,2.21616240778592,1.4366831417985,581.219723097803,568.35370994282,0
4.86,-0.0599436068384786,0.134517252445221,-0.0214202359292038,10.0459420777963,1.07313211805054,-0.0510226275573412,-0.03806250103729,6.45500602011998,7.77209508777681,-0.58666632516714,581.040130656335,568.35370994282,0
4.87,-0.0105126623443134,0.134562492370605,0.0242810715988861,7.5780784601668,-1.23478765747568,-0.0262628545105322,-0.00321698313865589,4.89916715134333,-5.91186391341147,-2.61111704182949,580.918974248363,568.35370994282,0
4.88,-0.0260750659500657,0.134443908929825,0.0501613370667676,8.3516434708837,-2.49921117466762,0.0221769714569573,0.0520024108827989,-8.13692229877113,-3.12833832315159,1.64707004552171,580.871359468654,568.35370994282,0
4.89,0.0168812705250186,0.134573355317116,0.0299236502270998,6.21171819767475,-1.49586459905141,0.0340443638543486,0.00462422179457227,0.906264073868305,6.32469282214042,-0.378634929723485,580.747553031713,568.35370994282,0
4.9,-0.0408198073389464,0.134722262620926,-0.00163973063226792,9.10566848109326,0.0614008294135433,-0.0261983625861031,0.0313463105571002,6.06958821189053,-6.78800909600947,-2.405268614276,580.577452370113,568.35370994282,0
4.91,-0.0526753470237109,0.134676218032837,-0.0291457057386732,9.69752755940202,1.47087441539031,0.0310165831269494,-0.051595890516617,-7.65945434075107,6.1268484160424,1.04664019094431,580.512899286903,568.35370994282,0
4.92,-0.0176487533548975,0.134692817926407,-0.0131921632984316,7.94844095285738,0.660541244679445,-0.0220036826374147,0.00116173054811669,6.97550734920257,3.86734088725108,-0.981655431232413,580.405851020119,568.35370994282,0
4.93,-0.0475477925290864,0.134898483753204,-0.0284475463461875,9.45511519959329,1.40274305989541,0.0220100811322089,0.0508489114540431,-0.158883830630909,-9.55728243058814,-3.01093168985074,580.255772080339,568.35370994282,0
4.94,-0.0367951784418838,0.135034471750259,0.0233404694251706,8.925730401081,-1.15636301095364,0.0423601269112244,0.0102118714064737,-8.82111611928502,1.78710632475332,1.24207138856888,580.103509390723,568.35370994282,0
4.95,-0.00531286661836256,0.135159447789192,0.0276226718489336,7.35927026464022,-1.38397310867768,0.0156879978590177,-0.0233479180004093,4.24832012623234,6.16652385859407,-0.789146983664606,580.011276360417,568.35370994282,0
4.96,-0.0560459612278803,0.135091170668602,0.0220885274883569,9.89390320140375,-1.12852868299002,-0.0386265213736526,0.0462281804003978,4.18922120509114,-9.0340092562435,-2.82096282501015,579.937183307468,568.35370994282,0
4.97,0.00163812534578226,0.135040611028671,0.0293688810732093,7.00856714389835,-1.45688830985769,0.00250390593586406,0.029307764930222,-7.14373119836682,-0.457866272411548,1.42984853708537,579.860427512579,568.35370994282,0
4.98,0.0146505539021027,0.134863257408142,0.0105044866319028,6.35044742992007,-0.527795719768223,0.01695910061238,0.00611325408088136,3.16550022926504,5.53049357476411,-0.602778105479219,579.825346418826,568.35370994282,0
4.99,-0.0301986074961578,0.134870707988739,0.0231619983657652,8.59469130853876,-1.18187735512986,-0.0348900442615341,0.0152025943322482,5.19660948267326,-6.94699954341663,-2.63600476101945,579.720981823799,568.35370994282,0
5,-0.0386234425516299,0.134915545582771,0.054936740772285,9.01957716747867,-2.73860748780633,0.0362599489963603,0.0565246132229284,-8.89537981484677,-3.11848700526202,1.61319917458993,579.630927427875,568.35370994282,0
5.01,-0.0209083304961491,0.135200411081314,-0.0243219623651405,8.14950537445754,1.21297161944708,-0.0307493879104019,-0.00912092542251836,4.44250024169756,6.93901503099781,-0.421714471574598,579.48118588103,568.35370994282,0
5.02,-0.0573616197538235,0.134933620691299,-0.0119511827137001,9.96021456041325,0.574818769579986,-0.0270014941332253,0.0520010144479113,5.8510581338917,-8.08092874743672,-2.45725489021831,579.421052632541,568.35370994282,0
5.03,-0.0282371022878927,0.13495945930481,-0.0249669838925934,8.50668466560764,1.26192123602344,0.0329870128373251,-0.0182357126096042,-8.57765496845919,-0.616412563206274,1.78980624114915,579.333561346577,568.35370994282,0
5.04,0.00376578322084801,0.135203704237938,-0.00118045370311257,6.92018060784061,0.0531628167864167,-0.000223716049420968,0.00394011996528584,1.74383268429907,6.69707200942264,-0.247048690286533,579.201650530473,568.35370994282,0
5.05,-0.0337829250128361,0.135014533996582,0.0113964905479153,8.78952324547245,-0.593670750290397,-0.032998345029401,0.0135009349510407,7.03294298017255,-5.30526878490548,-2.28451331664066,579.171570010687,568.35370994282,0
5.06,0.0355340929320431,0.134902596473694,-0.0216514516472518,5.31943417164958,1.09742264186286,-0.0246298557612964,-0.0335384454635884,-5.33709049731844,-1.00805822491549,1.9609250698701,579.151675114593,568.35370994282,0
5.07,-0.0701827541419038,0.134781002998352,0.00176834902062407,10.6005818539217,-0.0989541491981996,-0.00364136316298907,-0.0701105306749057,0.71764328143554,10.5767251872188,-0.0770818559266352,579.081456314283,568.35370994282,0
5.08,-0.0676661541151111,0.134828865528107,0.00429090907136647,10.4785685635925,-0.238918314111009,-0.0600861847519962,0.031412906827253,9.08412399133701,-5.22840055970674,-2.11584328989744,578.958762211295,568.35370994282,0
5.09,0.0183425042505069,0.134919852018356,0.0154023437924673,6.18408182292349,-0.759394290127281,-0.0237120949639549,0.00337878808178387,-4.84807746142661,-3.91352687591358,2.12774543387451,578.87709129296,568.35370994282,0
5.1,-0.000302491578042085,0.135005384683609,0.0315965855843774,7.12202376680776,-1.59212958671125,0.0315021107711118,0.0024602314342905,-2.20850713299065,6.95561610494609,0.0875124137799196,578.76846528667,568.35370994282,0
5.11,-0.0559732107776475,0.134898170828819,0.0352399674526243,9.90158962369059,-1.78770354709003,-0.065081087019277,-0.0118028701259595,9.85332221902099,-2.03700817288559,-1.95328043362403,578.69335438163,568.35370994282,0
5.12,-0.00515747378908878,0.134783774614334,0.00431200557418116,7.35643763410558,-0.206283338927043,0.00104835227108998,0.00664032269340939,-5.40528566083686,-4.99425814362407,2.28865758694405,578.67789955336,568.35370994282,0
5.13,0.0164718659531497,0.134804487228394,-0.0516392862280471,6.27740742726281,2.5739016520208,-0.0540991599796972,0.00334949841197814,0.961374259892168,6.71614273631424,0.246941702221146,578.590394678114,568.35370994282,0
5.14,-0.0573445921880582,0.134922385215759,0.0335966801496835,9.97556343557487,-1.70146427043763,-0.0633876062147364,-0.0199787524300283,10.1039316918026,-0.56339230394135,-1.79543586742479,578.442384952582,568.35370994282,0
5.15,-0.000515752610257649,0.135055214166641,-0.0216570621462435,7.14216636938842,1.09240614717657,0.0169353922691658,-0.013508768643023,-5.42292647490598,-4.77449055776382,2.44446712887341,578.355571664869,568.35370994282,0
5.16,-0.0330052739144915,0.135201916098595,-0.00842440237199082,8.7754020297632,0.406371721289243,0.005105382723339,-0.0336786835957709,-3.04592390353935,8.23985232474971,0.400353688754627,578.231247835655,568.35370994282,0
5.17,0.00211149441574917,0.135178357362747,-0.0188037260913948,7.01978041481586,0.938865044577491,0.0158107930087929,0.0103950636371812,3.7648463838756,-5.99872622729031,-2.44816376378487,578.163334672313,568.35370994282,0
5.18,-0.0328778502200899,0.135074302554131,-0.0325743512075822,8.76540956002377,1.63583622241752,0.0391713148559195,-0.0246505473397245,-8.9114176545038,-0.308221168201215,1.7898713794304,578.143412247762,568.35370994282,0
5.19,-0.0314122763860538,0.135125696659088,-0.0117676727566765,8.69612428241308,0.571755166929583,-0.0193305436469146,-0.0274142173365717,2.75279405168314,8.26871250045029,-0.255721928902263,578.022589788116,568.35370994282,0
5.2,-0.0312478141098327,0.135138779878616,-0.00402706292070457,8.68994380275585,0.213171951972705,-0.0205663903035156,0.0238676918090844,6.32508405061261,-5.96270721475143,-2.30218627257814,577.959669450541,568.35370994282,0
5.21,-0.045637798588396,0.134975492954254,-0.00264659656065939,9.40264566373143,0.134610721777349,0.0435972666620673,0.0137510535213304,-8.83624509423035,-3.21692992755436,1.93425737565962,577.932437542088,568.35370994282,0
5.22,-0.0233970041612142,0.135057389736176,-0.00478595862464273,8.29612130221965,0.22058843495621,-0.00739149700318889,-0.0227088303469931,1.15386174257516,8.21844821105545,-0.112904148018817,577.815478835547,568.35370994282,0
5.23,-0.0454320792379606,0.134925693273544,-0.00952077305935933,9.39264853009223,0.488663397482411,-0.0324617485906772,0.0331806241949698,7.5341115544942,-5.63008005363332,-2.16057414734521,577.792368510332,568.35370994282,0
5.24,0.0186322736635266,0.134954318404198,-0.0386371750211989,6.19225191462405,1.936175782894,0.00233262161025161,-0.042831668096336,-6.35766795852377,-1.29337487434643,2.0745392502698,577.722824979098,568.35370994282,0
5.25,-0.0500460619891892,0.134955480694771,0.00970519315789426,9.62763136760088,-0.507374895952382,0.0109998809774728,-0.0497775221695419,-0.756898342006454,9.61123404851442,0.025938063487981,577.629579367494,568.35370994282,0
5.26,-0.0337302175122132,0.134970784187317,0.00981319568876174,8.81399214716014,-0.478734447034027,-0.0346263083313538,0.00591989479544774,8.13642297262953,-3.42261091148906,-2.02324125197464,577.562087342785,568.35370994282,0
5.27,-0.00720228563263969,0.134926334023476,-0.0170993615962228,7.48675770726154,0.853951062474291,0.0159823285873358,-0.00942476833980219,-6.51758499385093,-3.78177990267416,2.2101322801947,577.499253167912,568.35370994282,0
5.28,-0.0181178261223007,0.135169178247452,0.0157417732799658,8.0461176621205,-0.809730557840272,0.0184220608927132,-0.0153846261527843,-2.07866629958002,7.81503803087215,0.159665394865395,577.351620383026,568.35370994282,0
5.29,-0.001984900227804,0.135024234652519,0.0472322259054759,7.23358887861877,-2.35150859702438,-0.0167710889799018,-0.0441990222440323,7.60605438727144,-0.048346712666369,-1.89145853270882,577.327061512919,568.35370994282,0
5.3,-0.0533534784708288,0.135373324155807,0.0208095609047284,9.82092369545865,-1.04878027997536,0.023868078264417,0.05205714485014,-6.32792972430708,-7.58338893318267,2.33981079689724,577.16665994736,568.35370994282,0
5.31,-0.041785082908068,0.13538521528244,-0.0208339442306054,9.24450489730117,1.02022766187168,-0.00814602334420171,-0.0459748701957256,-1.63987446952349,9.15491927886197,0.287160869408554,577.08267482186,568.35370994282,0
5.32,-0.0514056796862509,0.135442897677422,0.0328763397242332,9.72981041790323,-1.6356110947936,-0.0568070612801228,-0.0222790351313738,9.86226743702896,-0.28304667860342,-1.76603435247618,577.018872764011,568.35370994282,0
5.33,0.00321539503361648,0.135526284575462,-0.0302493269169022,7.00434768198916,1.5062816856896,0.0215366554816501,-0.0214833194551619,-5.56768958941551,-4.50894706142632,2.46333304938986,576.907804463043,568.35370994282,0
5.34,-0.0321820228603964,0.135602056980133,-0.0256599688136623,8.77943031601395,1.26227237320731,-0.0107519246410525,-0.0397305010214863,-2.33185357188603,8.55769753714102,0.408825083419884,576.793393241517,568.35370994282,0
5.35,-0.0414249129149105,0.135539472103119,-0.0384050233545689,9.23980020607499,1.93184409789417,-0.0384095823404612,0.0414206858140257,9.06773106692624,-2.62339146233507,-1.64630828080591,576.786553533143,568.35370994282,0
5.36,0.00546338803039619,0.135770231485367,0.0213101952247111,6.90835201567369,-1.07850003960434,-0.0209546916814285,0.00669880032709184,-2.75831018948802,-6.42496807824411,2.58121079673153,576.664797606237,568.35370994282,0
5.37,-0.0380660399019489,0.135626658797264,-0.00122894344503441,9.07902666659605,0.0424140071153035,0.0180149309313178,-0.0335558632633361,-4.51362973324806,7.87766912175809,0.524975291245685,576.622496622947,568.35370994282,0
5.38,-0.0209620945049181,0.135650128126144,0.0361826975739918,8.22639595596426,-1.80448235488625,-0.0195266369218001,-0.0369771207679595,8.14928074335645,2.12578699764599,-1.53155966787932,576.56037545322,568.35370994282,0
5.39,-0.0364484909910568,0.135741263628006,-0.0481409067654174,9.0066759603739,2.39421746890305,0.0591677412195327,0.0120506347841167,-6.05309145261665,-7.08608305129405,2.69447061100327,576.476839092468,568.35370994282,0
5.4,-0.00270713631750272,0.135670036077499,-0.0164781314470583,7.31744663617244,0.82772915597299,-0.0116390726974825,-0.0119745308789443,-3.68546222766551,6.37554146699163,0.636771294381097,576.405102553089,568.35370994282,0
5.41,-0.0262388831465957,0.135700702667236,0.0398121908503842,8.49695028949257,-1.98940781691806,-0.0200216469916544,-0.0432738163423299,8.10625238549022,3.23180753555292,-1.42141688255475,576.355306501438,568.35370994282,0
5.42,-0.0587226614692048,0.135607644915581,0.00442922687300805,10.1178811267902,-0.24143250894368,0.051564930472184,0.0284433993418199,-9.10152427147217,-4.42629236359683,1.99958620139198,576.281497731759,568.35370994282,0
5.43,-0.0807095827510388,0.135830014944077,0.038139613227479,11.2297685257246,-1.8992481947193,0.0332573568593477,-0.0828409020938236,-1.22600834549185,11.323062676824,-0.0596856306222546,576.176960576429,568.35370994282,0
5.44,-0.00737147832664894,0.135988891124725,-0.00552111781419718,7.57222291057015,0.277383223755037,-0.00340850483517932,0.00855590611373568,6.31539667744669,-4.18703547473382,-2.11963288904297,576.081843555687,568.35370994282,0
5.45,-0.0389730457750138,0.136150166392326,-0.0320424400323853,9.16178756540952,1.5830491687443,0.049841028905403,-0.00784143468130084,-8.69838155501718,-3.28368000689644,2.10285992497886,575.976809071426,568.35370994282,0
5.46,-0.0262938669375804,0.136220425367355,-0.0105785728643051,8.53274477401616,0.542182631119806,-0.00947841193172844,-0.0267101731486163,0.187653980502865,8.54789338770609,0.0415063825952513,575.908619843312,568.35370994282,0
5.47,-0.0448301074195999,0.136165171861649,-0.0463828805973332,9.45817390187338,2.31800295051138,-0.0202267000700314,0.061253495802577,7.51182654276377,-6.19698743165483,-2.02023291454244,575.872271767307,568.35370994282,0
5.48,-0.0492224165459684,0.136290267109871,0.0325562519141235,9.68548132016859,-1.65316044088971,0.0206044476041832,0.0553011082008956,-6.85367750690734,-7.04049660734026,2.20058429307271,575.747921858058,568.35370994282,0
5.49,-0.00329203704588675,0.136119037866592,0.0385094286783745,7.38174658497171,-1.91564190530243,0.0385964483182995,0.00203169443055146,-2.91196505739311,7.04842720460486,0.137870060025905,575.76727378448,568.35370994282,0
5.5,-0.0302933669985457,0.136192500591278,-0.0395729021594883,8.73689611764852,1.97334357572507,-0.0146833121722952,0.0476246051226038,7.50969173691062,-4.88179973524248,-1.92508243640458,575.68322011264,568.35370994282,0
5.51,-1.85150829344718,-1.75188589096069,-0.0348426960948165,5.39456853174874,1.66288447557537,1.50626628019463,1.07724596417135,-5.32067800801866,-1.88598514252627,2.21045161111604,550.080985726231,0,0
5.52,-1.71529048828222,-1.67184734344482,-0.0327128959296448,2.58642214393931,1.58708062831746,-0.272193855679086,-1.69387192481667,1.93308328317613,2.33914374242909,-0.140262142750427,523.123699725928,0,0
5.53,-1.68976543929769,-1.59661853313446,0.00108419190354891,5.07236898939504,-0.123069874359363,-0.745941132043591,1.51620587086402,2.34672253713781,-4.49855162160453,-2.68502420008182,497.000164512597,0,0
5.54,-1.60559651194443,-1.52359712123871,0.00513804662846862,4.51564466665585,-0.308654001359135,1.22794747079822,-1.03446197013304,-3.64379826699098,2.68496708313639,0.867512373090897,472.431581255535,0,0
5.55,-1.50946330021044,-1.45537054538727,-0.00564771407902381,3.12101432681207,0.251105450146684,-1.34415921582444,0.686838666551858,2.67108060490356,-1.63374195556323,-2.03944789416338,449.042453764345,0,0
5.56,-1.43061761169363,-1.389235496521,-0.0361368886196881,2.48615963566648,1.76236708295265,1.30168348433084,-0.594636638820229,-1.59515612819652,2.59661402518152,1.16753864264477,426.238438676308,0,0
5.57,-1.38345153149866,-1.32510304450989,-0.0438779325184765,3.33513080666797,2.14907347686508,-1.1931884689364,0.701544503624194,1.89718616740401,-3.48458016879532,-2.07060858378669,404.529386436085,0,0
5.58,-1.31522491385249,-1.26478266716003,0.00398401638904433,2.94033977234006,-0.239488225419741,0.964990761811769,-0.89365836650413,-2.31453485879532,1.82917494361278,0.820728817876243,384.158358669772,0,0
5.59,-1.26517843517792,-1.20738196372986,-0.00459944016344466,3.30858031541072,0.196205757968861,-0.516272363769736,1.15505864530623,1.18223718993826,-3.09637136495452,-2.71762897064103,364.672262385646,0,0
5.6,-1.18438245795921,-1.15275454521179,-0.0535041847544588,2.00061437051337,2.64883469427103,-0.186025448694181,-1.17090522116262,2.85653663848233,1.69085230877405,-0.112412326491674,346.093563609319,0,0
5.61,-1.16717124569727,-1.10039448738098,-0.075469616611045,3.75850575096534,3.74911160895438,0.876163506373968,0.77480442042647,-5.30863743422386,-0.0239150244218682,2.35944810602282,328.29882987778,0,0
5.62,-1.10983116418478,-1.05019414424896,0.018287162922895,3.40199334677979,-0.945280668691683,-1.10994505053577,-0.00903427444028328,3.40975558266664,0.916886656359385,-1.57913305446208,311.211168456887,0,0
5.63,-1.04330307166859,-1.00266718864441,-0.0450822356052929,2.45231109898113,2.22770527556349,0.590397878282903,-0.861361743194659,0.308932784992302,3.29864533639437,0.644060376096021,295.055755572188,0,0
5.64,-0.9789641115302,-0.958259105682373,-0.0389630433344341,1.45610447877915,1.93214656879792,0.408020014714903,0.890734819125224,-2.34051084581644,-0.612731260059329,2.7518262609672,279.882479261289,0,0
5.65,-0.924209188088334,-0.914874136447906,0.0191065078464168,0.887976991540811,-0.96622541610491,-0.922910777082877,-0.0525678564644173,0.852398702476931,0.997753047727052,-1.53456945506914,265.345321292201,0,0
5.66,-0.921394038359049,-0.872386932373047,-0.00868767712928153,2.87193209685412,0.419456553732819,0.313449446872615,-0.866482483327131,-0.609301770144695,2.83772604779053,0.356531893914308,251.088516494692,0,0
5.67,-0.861945466731636,-0.83232569694519,0.00137099999027315,1.90285421050234,-0.0896869800660199,0.72156985268877,0.471475147755316,-1.54567041650447,-1.1134634544352,2.14796877246393,237.502216384229,0,0
5.68,-0.818527624793685,-0.795615613460541,-0.00310027159545423,1.56778434055261,0.148960562190774,-0.526037227917224,0.627121933183268,0.898328501751949,-1.29350024758802,-2.43984232761854,225.071121306946,0,0
5.69,-0.765608684850203,-0.758615553379059,0.0351280987334317,0.772098323542143,-1.77056045225252,-0.54496630881133,-0.538889936721068,-0.612610222956491,1.83186485610332,-0.836854776638852,212.748053220536,0,0
5.7,-0.727988475921194,-0.724215924739838,-0.0250333658163083,0.611284446520065,1.23642075969007,0.43867030431674,-0.581517200595833,0.576213882696895,1.25314904577918,0.680655865530316,201.026982877352,0,0
5.71,-0.663461750594199,-0.692272484302521,-0.0448248605859207,-1.01774618858213,2.23802019004331,0.591004494289089,0.304802313570886,-0.286549909924556,2.44180892465754,2.11441293524336,190.409746607003,0,0
5.72,-0.652214643366195,-0.660150408744812,0.0256889092672026,0.0261555878276092,-1.30050836620151,-0.235195709569407,0.608873418109851,1.2391061453368,0.395755083256436,-2.81233625580595,179.559645997197,0,0
5.73,-0.621277312561101,-0.631399810314178,0.0261841658938877,-0.0830459021532422,-1.31578980356926,-0.619793428800076,-0.0502714159632269,-0.134038990335069,1.31157652392501,-1.53198431472562,169.967384139351,0,0
5.74,-0.615040053878874,-0.602007567882538,0.0248969101767528,1.07479441713004,-1.25919143019407,-0.171006577098934,-0.591312839874616,-0.854374844815401,1.41802317382853,-0.321975669372692,160.097062293268,0,0
5.75,-0.618862659947853,-0.575790822505951,0.00405661837306195,2.57683056846249,-0.208829600056754,0.454861747359927,-0.419652521521116,-2.02503406021144,1.60714113736353,0.819083031833157,151.394402901185,0,0
5.76,-0.563196099228898,-0.549872398376465,-0.0483669077032277,1.08946123840504,2.41271385508531,0.548939683504654,0.134886722182833,-1.80596307040596,1.93561652318777,1.89741402483422,142.64919988393,0,0
5.77,-0.541222169902294,-0.524503648281097,0.0295591767300135,1.2592968454837,-1.48750431190986,0.0947013725083348,0.533691701422967,1.16096101265497,-1.56546068302298,2.91141341517039,134.316660162235,0,0
5.78,-0.501988693800096,-0.502205431461334,-0.0139234615202036,0.412590700479924,0.695024724654395,-0.323274329963076,0.384291841015075,-0.245001506860453,-0.770236791928002,-2.41448794389288,126.771137092609,0,0
5.79,-0.450894255615942,-0.478291511535645,0.0224230396412346,-0.946420540581103,-1.13132529424741,-0.448899734493431,-0.0479317308881495,-1.00899395406594,1.07589031118242,-1.5141125500595,118.890632580114,0,0
5.8,-0.420981353506823,-0.45711824297905,-0.0194717446228326,-1.38336808077967,0.970003476014958,-0.276289174234299,-0.318227498874661,-0.0966385247013685,-1.6867942927176,-0.668752661407166,111.931010514176,0,0
5.81,-0.447553326509547,-0.437587201595306,0.00559232525069581,0.921790614293134,-0.281615404971905,0.0626008719350871,-0.443188881860136,-0.396827762047119,0.878369455403065,0.127828003143516,105.410701451383,0,0
5.82,-0.371126383680422,-0.41666978597641,0.0191930074858601,-1.85366190543399,-0.96793054471317,0.297241655316566,-0.223048341273204,0.803047139862132,-1.93082036715101,0.875373608580226,98.5154964184039,0,0
5.83,-0.376458229351044,-0.39762556552887,0.0348152505860021,-0.634841308247246,-1.74864998931178,0.376331756211625,0.0361567336213301,0.641069497464973,-1.74637629713564,1.57436035299361,92.2941421038195,0,0
5.84,-0.372181994448486,-0.381219327449799,0.0357450338596217,-0.0284598090275708,-1.79233993433358,0.272089069205307,0.256446257247534,1.12148373196969,-1.39841576073217,2.23085845678591,86.8787738014284,0,0
5.85,-0.361568041582789,-0.36474597454071,-0.00836781498166886,0.264460918008999,0.417900179616758,0.112725926588946,0.343648562482435,-0.476582635696456,-0.132095149912855,2.84776458467767,81.3999964728771,0,0
5.86,-0.338576225549022,-0.347052901983261,-0.0241266840949018,-0.00047504113731861,1.20244216474889,-0.0709447624986239,0.33193794309547,-1.15517906118485,-0.333809409439239,-2.85989267072587,75.623099010815,0,0
5.87,-0.274097906345914,-0.330841094255447,-0.0338619993828363,-2.41384849925242,1.69091920343228,-0.176559052025909,0.212375136052055,-2.9169959544697,0.420721917050509,-2.32510627784717,70.4586332186418,0,0
5.88,-0.297267374329071,-0.316805958747864,0.0637910953058378,-0.553673719114709,-3.1969472306281,-0.303746802477981,0.0132316161227961,0.270385663026841,3.23325188871645,-1.82571595488039,65.8476085186994,0,0
5.89,-0.245557254618901,-0.303367644548416,-0.037512686461917,-2.46732153744372,1.8767523382334,-0.247959099841582,-0.0148946885605004,-2.01814896448312,-2.35307238846447,-1.35920575707716,61.4798701049564,0,0
5.9,-0.323232789985013,-0.290007293224335,0.0537967393939039,2.08443603700059,-2.69450444543296,-0.225664851241568,-0.237589773780422,0.0416107209576639,3.40639051588424,-0.924583959385339,57.1063542199223,0,0
5.91,-0.280691039162903,-0.276458591222763,-0.0148543723395716,0.63468962120147,0.741877301638411,-0.152812510983603,-0.235916189208878,0.959526919271176,0.180335623605323,-0.521913899739949,52.71887245155,0,0
5.92,-0.236761660683878,-0.26290762424469,-0.0369474748343621,-0.884293359992477,1.84621318894821,-0.0722602075597094,-0.22847245407237,1.69158959476166,-1.15282371959775,-0.151515761498271,48.4340577371659,0,0
5.93,-0.255646785302907,-0.250853925943375,0.0171017002584266,0.66259857318225,-0.859671611112139,0.0649005220249761,-0.247862198062402,-0.968994563103429,0.489000700215541,0.189295553932112,44.5869545186374,0,0
5.94,-0.282441878242711,-0.239770919084549,-0.015449695666634,2.55647506915773,0.770633770564306,0.122617487222493,-0.25490598170444,-0.557188831067054,2.61131801856712,0.503002948017331,41.0403768661322,0,0
5.95,-0.241888453293048,-0.229333579540253,0.0373193671794598,1.05061700471572,-1.87076806775848,0.198330498537388,-0.143414686671517,-2.06206404612866,-0.592841567036375,0.791651936145614,37.7576724985806,0,0
5.96,-0.219467190123268,-0.219546899199486,-0.0437991888296843,0.418839563812568,2.19125879653842,0.0125933851776563,-0.223440424123541,2.01639108080663,0.954572523627829,0.253284297972765,34.6122170234082,0,0
5.97,-0.15858177387942,-0.209929704666138,-0.00227422587392062,-2.14461422203022,0.112550935173284,0.0734441066472509,-0.140567828143058,1.11928730122957,-1.8328212710597,0.49581077030776,31.5542452497109,0,0
5.98,-0.185164965176319,-0.200313568115234,-0.0215394815959264,-0.33466016816146,1.07725163026066,0.105287976077586,-0.15383255731364,1.03237733149023,0.45460482672121,0.716006702319691,28.5181071404094,0,0
5.99,-0.251539063926436,-0.190542235970497,-0.00370450308725299,3.47263122535162,0.184235784537643,0.196942429738186,-0.15652253317951,-2.63762935150555,2.2662792978068,0.913983199222881,25.4844080282536,0,0
6,-0.198622482454358,-0.181001856923103,0.000443853528557123,1.30383969205475,-0.0234395401592921,0.176302002579694,-0.0914805521882994,-1.16681326353701,0.582317922319428,1.08992006492977,22.5009377912473,0,0
6.01,-0.152462909037187,-0.171467483043671,-0.0614216827645164,-0.527409895380173,3.07369977009721,0.124697079920594,-0.107089682065937,1.4856703775982,2.742002006485,1.24418846985196,19.5957041501207,0,0
6.02,-0.182985913789558,-0.161865919828415,0.0159176004570676,1.47892961971213,-0.799136860644956,0.182625432508797,-0.0196256477774618,-1.60515975463967,-0.499314233913326,1.37697353139703,16.6644413852355,0,0
6.03,-0.146404489566011,-0.153360813856125,-0.002779727341456,0.0751073710857156,0.13710755405891,0.145695710358552,-0.0146547409493924,-0.0637299942311532,0.142751835038018,1.48953326714838,14.1036657462429,0,0
6.04,-0.100908489759196,-0.146068677306175,-0.0138940066959538,-1.83523958711758,0.693733849460015,0.101093714467299,-0.0124750800700188,1.82531296509083,0.71944671483122,1.58484472091998,11.9563626574125,0,0
6.05,-0.0966948428620365,-0.139575198292732,-0.0122576101266111,-1.72141293306331,0.611979114786988,0.0974194329500245,-0.00309769685824945,1.65613559201421,0.77135972406967,1.66510287288862,9.96428493798773,0,0
6.06,-0.105521467255338,-0.133437171578407,0.00215703184821663,-0.973344713439738,-0.109733963504048,0.103819845335607,0.0189966458251,0.978369871821478,0.0472638110970531,1.73133255840173,8.10802143527889,0,0
6.07,-0.0781511517551781,-0.12764485180378,0.0431286196284529,-2.05240681369122,-2.1610286037616,0.0672343066553594,0.0587131021177535,2.46381233216494,-1.67691596302078,1.78436925417835,6.35424125819153,0,0
6.08,-0.123268845420833,-0.121894158422947,-0.025759378322129,0.490862770039393,1.28812898841339,0.125787190626802,0.00602797620637332,-0.798667874636334,1.12354446989228,1.82468633381329,4.68423227521121,0,0
6.09,-0.0890428711766448,-0.11631977558136,-0.0146462337191349,-0.941804242813918,0.731758744654889,0.089600785619004,0.0107165426324619,0.700910993707258,0.964981798305802,1.8528595018703,3.01445971537574,0,0
6.1,-0.140313593814924,-0.111338086426258,-0.0199206544272717,1.87064115587815,0.995876203130491,0.139959407817077,0.0222733303653355,-2.08093267238067,0.400982492193117,1.86964414533762,1.56144043589496,0,0
6.11,-0.0648796466049897,-0.106323316693306,0.00482967832786679,-1.65044604301068,-0.243269906464651,0.0604361955420783,0.0240865233011884,1.64733902551118,0.263489133189188,1.87574394473783,0.11492385430537,0,0
6.12,-0.128720312396145,-0.101586148142815,-0.0186586331817649,1.77832432668133,0.932792818988153,0.128474337420251,0.0202831960006331,-1.97475335089804,0.364539513824532,1.87133349922844,-1.2668253238735,0,0
6.13,-0.0864703327407165,-0.0971198678016663,-0.00731286199529863,-0.110986727177108,0.364786232396594,0.0850125775901135,0.017420047254168,0.00338168077626642,0.381281540584795,1.85727990716836,-2.57513722523492,0,0
6.14,-0.0992637411907067,-0.0926482528448105,-0.0181563044945201,0.752155163393602,0.90774809326912,0.100570211877844,0.00828095350300215,-0.962330887627231,0.680928229237095,1.83386093636797,-3.84437380228941,0,0
6.15,-0.0902938287937677,-0.0883440226316452,-0.0157413816478719,0.518758317800693,0.786896347097003,0.0915021938287939,0.00530237106774137,-0.684805547194616,0.647578115669063,1.80128004516115,-5.04781410015867,0,0
6.16,-0.0558950845565215,-0.084188736975193,0.00355353844518818,-0.993518692244182,-0.179096009755261,0.0542292505598722,0.0140027317612213,1.0094724764746,0.0109586399289204,1.76000069746715,-6.2087849639599,0,0
6.17,-0.0826859755332218,-0.080158494412899,0.0320223058041468,0.547437216999772,-1.60434247275286,0.0774276478260464,0.0432129375421364,-0.318944245316872,-1.66489544561047,1.71035301342581,-7.32458253287448,0,0
6.18,-0.123688354381677,-0.0763086900115013,-0.0354831989746959,2.78993111815338,1.77563066644019,0.126179222353606,-0.0252323258017264,-2.92600209815081,1.54113322891322,1.65280078797345,-8.3613302362601,0,0
6.19,-0.103653402431083,-0.0725180357694626,-0.00812773859076327,1.97762634425927,0.406018580369074,0.103775452002078,-0.00638306602693551,-1.98417606998366,0.372696080496408,1.58761781895079,-9.388949304568,0,0
6.2,-0.0151976059487223,-0.0689969062805176,-0.012412737086471,-2.26921353372475,0.620618266548446,0.0144852169860062,-0.0132371355443241,2.30016243502452,0.49371030667309,1.51526342919584,-10.3506567069431,0,0
6.21,-0.0681334601903184,-0.065353162586689,-0.0173942598088405,0.559682808142336,0.870166693842487,0.0651675917051005,-0.0264180556279309,-0.437302407761979,0.937657466758747,1.43561285543856,-11.3053010873308,0,0
6.22,-0.11424275133156,-0.062228798866272,-0.0158325808063701,3.02124020897806,0.791933180971262,0.107987819682592,-0.040505649568856,-2.77395768430382,1.4353429308569,1.34965272262904,-12.1492915939043,0,0
6.23,-0.032579978123333,-0.0588000938296318,-0.0125170203321183,-0.890520798021434,0.625567167368233,0.0271308409885771,-0.0219555970031348,1.04005103239224,0.320398849276451,1.25724772291664,-13.0493699932675,0,0
6.24,-0.027755601178795,-0.0556124001741409,-0.0121865158910102,-0.97243200176197,0.60868099993877,0.020552170407153,-0.0222821196907636,1.13480923569179,0.168299008689487,1.15875642813298,-13.8653789896598,0,0
6.25,-0.0219561799305429,-0.0527165941894054,-0.00387164502078384,-1.11771616274684,0.192280401060136,0.0171825568713285,-0.0142064496505249,1.06693590510787,-0.384589323160462,1.0544700451342,-14.5788921500118,0,0
6.26,0.0114812215041246,-0.0501699112355709,-0.0519357854932775,-2.6623868835621,2.59868680003711,-0.03971902335228,-0.0353771599477904,3.67990287058504,0.547532524614436,0.945211686914819,-15.1839929490101,0,0
6.27,-0.0786129411565592,-0.047951202839613,0.0329331049141629,1.95309805141954,-1.65050476514489,0.0802892804733262,-0.0286044639461651,-2.55531725678979,0.0954552008906699,0.831833138207215,-15.7015704696615,0,0
6.28,-0.0956992303705776,-0.0457514636218548,-0.0124762772503772,2.91728238410064,0.623100045571831,0.053303860955845,-0.0804530831898262,-1.44155543874961,2.61164853921559,0.714782856436388,-16.2389019983214,0,0
6.29,-0.0468505531264304,-0.043816763907671,-0.0253358601796634,0.571424797735872,1.267008256755,0.00524000828795706,-0.0530039852505269,0.729836934956812,1.18286697076453,0.594277720573482,-16.6673102878284,0,0
6.3,-0.0662825938518177,-0.0416988395154476,-0.0139917248669928,1.64880781301556,0.699069103242872,0.0175618980214291,-0.0654272905626052,-0.12394606427424,1.78658954114281,0.470275081403715,-17.1292848881353,0,0
6.31,-0.0304489146720686,-0.0401733852922916,0.0280769907629624,-0.066800379094219,-1.40716692906904,0.036693190950001,-0.0192110268574367,-1.30241825498039,-0.536924339182502,0.343587570677161,-17.4358029161167,0,0
6.32,-0.015920934390936,-0.0382094755768776,0.0395460079301128,-0.695073744862186,-1.98131504679423,0.0420258478376347,-0.00715478920842602,-1.78838689778962,-1.1001859521301,0.214108920044097,-17.8992061000912,0,0
6.33,0.00177307408427836,-0.0363481193780899,-0.0532805227992768,-1.48680109884402,2.6665681685895,-0.0532478974102961,-0.00257280447278395,2.77881511543312,-1.264654047358,0.0815457517477566,-18.2948587463342,0,0
6.34,0.000633159389846765,-0.0347355604171753,-0.0374652207554784,-1.34931322057751,1.87489626942364,-0.0278487407073724,-0.0250697287197772,2.29163439776925,0.290334247522971,0.749829701966944,-18.6063630808788,0,0
6.35,-0.0579917860363436,-0.033126674592495,0.0171586984923066,1.66226777723557,-0.859944027544013,0.0473753387523268,-0.0375904969338957,-1.65917695574187,0.865892443251145,0.612381031646897,-18.9333918804089,0,0
6.36,-0.0304135232124886,-0.0314052328467369,-0.0105846101563058,0.369351013733845,0.529157282903923,0.00441057316556132,-0.0318992666170993,0.303192377225172,0.56965075598039,0.47230715954423,-19.2864508216182,0,0
6.37,-0.0119723106352144,-0.0297707915306091,-0.0628745600466702,-0.471071767070075,3.14733760308939,-0.0556117752825581,-0.0316840176260945,3.13033094734149,0.573298140296207,0.329705828445814,-19.6078062850104,0,0
6.38,-0.0413145702850834,-0.0283766537904739,0.0384293389589624,1.06562486136461,-1.92475921284034,0.0453753054131878,-0.0335378811096325,-2.08797583783909,0.693261331081069,0.185060915903774,-19.8494877974194,0,0
6.39,-0.0112705783619983,-0.0271238535642624,0.0465697942424981,-0.374059820300411,-2.33236411991063,0.0469708317969068,-0.00946111160008403,-2.31615289586498,-0.46398157289479,0.0386835365546172,-20.0733591838162,0,0
6.4,-0.0160327876585931,-0.0257478579878807,-0.0233943583474862,-0.0672515882902963,1.17075880913924,-0.0250031036421819,-0.0133862276558574,1.15644456316308,-0.19451205010298,-0.109258898822596,-20.3294004825782,0,0
6.41,-0.00312056079462496,-0.0242280066013336,-0.0188723596081276,-0.636962239716811,0.944499804541041,-0.0190413996017492,0.00182454324638866,0.749522588901639,-0.857914135755616,-0.259396313690419,-20.5892360166564,0,0
6.42,-0.000192829676057262,-0.0232297107577324,-0.0126462911713345,-0.733605842713192,0.632565091030831,-0.0116714410300546,0.00487271258706064,0.287032506695811,-0.92516402164897,-0.410739389570181,-20.6992695628041,0,0
6.43,-0.0223895029626851,-0.0222776085138321,0.0625205488692499,0.423689916693457,-3.13175473001864,0.0409266994347766,-0.0522983187798978,-2.42247439715062,2.02953655538687,-0.562893625293769,-20.8390454785815,0,0
6.44,-0.0467886446001914,-0.0211184099316597,0.00519100341066906,1.70148755578269,-0.261484297777182,-0.0268051683947836,-0.0386989241098496,0.919937535158695,1.45504256703147,-0.716276207735006,-20.9979568779267,0,0
6.45,-0.0382067929582999,-0.0201089233160019,0.0264942829149441,1.32275266153912,-1.32823243345338,-0.0121459586483506,-0.0448796361822158,0.155688106400453,1.86805706936693,-0.870615331978637,-21.1474827514634,0,0
6.46,0.0172898144282206,-0.0190485864877701,-0.0262618061096799,-1.3991707882272,1.31318954815458,0.00118276084279585,0.0314200767009483,-0.516415182710869,-1.8480966000392,-1.02618983181837,-21.2756212491222,0,0
6.47,-0.0430760207564804,-0.0182892307639122,0.00277671139625739,1.65693634575131,-0.140491353905688,-0.0388136811905362,-0.0188878755510051,1.48022352057605,0.757703242389401,-1.18227401914137,-21.3224340268609,0,0
6.48,-0.0660425143616546,-0.0172370970249176,-0.0293405167105027,2.85779963846191,1.46770360452696,-0.0710148363309441,0.0133930073149338,3.11844195036354,-0.772329234554325,-1.33912515905949,-21.4838926189711,0,0
6.49,-0.0354576180316742,-0.0162863880395889,-0.0240596468758213,1.37597137012477,1.20344650287828,-0.0371347509141793,0.0213803545062093,1.46094214322311,-1.0987396192218,-1.4970123526431,-21.5511443744282,0,0
6.5,-0.011361419356231,-0.0156563520431519,0.0152285016216275,0.202538353446003,-0.763515360448807,-0.0126050643616059,-0.0142162394418434,0.266198707273751,0.743717512570245,-1.65521929854125,-21.6002194806171,0,0
