t,iq,iq_ref,id,vq,vd,ia,ib,va,vb,theta_e,omega,r,"T_ass:0.25,S_pct:-0.20,kp:0.6191,ki:0.0003"
0,0,0,0,0,0,0,0,0,0,0,0,0,0
0.01,0.000492975046744897,0.000210305151995271,0.000273481440124873,-0.0141301162264629,-0.0136853595109878,-0.000553410834339836,0.000107484618626083,0.0176718283962262,-0.00864035477585651,1.8854507632185,-0.00320267445177333,0,0
0.02,0.000568101364740077,0.000203337258426473,0.000313858765133622,-0.0182326376511409,-0.0157058975336723,-0.000637342057094396,0.000122644149185453,0.0221980391550375,-0.00929254274821679,1.88542678651755,-0.00333004386699501,0,0
0.03,0.000595107711971558,0.000193507119547576,0.000329576213587586,-0.0200725180717958,-0.0164924159386913,-0.000667883678715206,0.000129248060397814,0.0241907809208952,-0.00947163574440122,1.88540351692465,-0.00312896145863205,0,0
0.04,0.00057935710888206,0.000162398020620458,0.000322352285538093,-0.0208389223114839,-0.0161309224301108,-0.000650668182542399,0.000127265752780481,0.0248075273068856,-0.00889122772559783,1.8853833187959,-0.00267720403560485,0,0
0.05,0.000591633360167149,0.000149530853377655,0.000330434719140623,-0.0220946033014235,-0.0165353854547451,-0.000664840467576947,0.000131165121691249,0.0261265728575584,-0.00888778138249168,1.88536504290573,-0.00245607917561468,0,0
0.06,0.000591027454041098,0.000131372988107614,0.000331255797672259,-0.0229709182931533,-0.0165764711361489,-0.000664516183293561,0.000132144228261191,0.026972457870398,-0.00865615382187186,1.88534871945368,-0.00217673386192707,0,0
0.07,0.000601744840951319,0.000122177298180759,0.000338519597202835,-0.023965409274089,-0.0169399607706314,-0.000676953162104046,0.00013574530422534,0.0280304919998685,-0.00869451728564783,1.88533463198776,-0.00201515900400269,0,0
0.08,0.000588850272572775,0.000100704623037018,0.000332074942293796,-0.024393354015048,-0.0166174614405623,-0.000662695659055007,0.000133614648441362,0.0283375611785437,-0.00825580833621553,1.88532175861004,-0.00170702813125628,0,0
0.09,0.000585982585329792,8.69667055667378e-05,0.00033141530659992,-0.0249360047166779,-0.0165844429140249,-0.000659763099653462,0.000133881843780859,0.0288432871931299,-0.00805685185996131,1.88531068071788,-0.00150007480199252,0,0
0.1,0.000584447163949831,7.55068467697129e-05,0.000331346030245447,-0.0254314692185777,-0.016580979584246,-0.0006582802629935,0.000134297336390657,0.0293132995612662,-0.00790056829728829,1.88530098738454,-0.0013258761125798,0,0
0.11,0.000583213918800279,6.55221301713027e-05,0.000331337214116365,-0.0258683780141906,-0.0165805416491713,-0.000657103636793204,0.000134676037415407,0.0297285763778552,-0.00776524880547893,1.88529248656483,-0.00117390991328384,0,0
0.12,0.000582145301805049,5.67707538721152e-05,0.000331334778126726,-0.0262519326457542,-0.0165804244124944,-0.000656085672625432,0.000135009176671856,0.0300932252703644,-0.00764671394539881,1.88528502933961,-0.00104069280987521,0,0
0.13,0.000607501932919243,6.36027325526811e-05,0.000345989126521824,-0.0271774939618968,-0.0173137476884469,-0.000684730707544055,0.00014110610305075,0.0312001738002587,-0.00805798932127541,1.88527790315611,-0.00109996758902322,0,0
0.14,0.00062493720061978,4.14517162425909e-05,0.000356670208086021,-0.0291562359346113,-0.0178482344947595,-0.000704613870904032,0.000145874723596134,0.0332471504815151,-0.00795440464862902,1.88527150113004,-0.00111541423831766,0,0
0.15,0.000584580059707251,3.71361202269327e-05,0.000333914806101834,-0.0273538721085652,-0.0167095237554718,-0.000659196461596258,0.00013672223286771,0.0311809108306146,-0.00742921955791323,1.88526574691329,-0.000732993237646016,0,0
0.16,0.000579378325691987,2.9473660106305e-05,0.000331592831676902,-0.0274765924637726,-0.0165933386493622,-0.000653531020720155,0.000136125880190461,0.0312616444752127,-0.00728090692551859,1.88526147004816,-0.00062413250942523,0,0
0.17,0.000578321554652118,2.48692012974061e-05,0.000331355228523828,-0.0276536920941829,-0.0165814502708336,-0.000652452080212725,0.000136229185828181,0.0314263558917234,-0.00721493831510362,1.88525780759192,-0.000554943384299017,0,0
0.18,0.000577801650519891,2.10756788874278e-05,0.000331330329691149,-0.0278171222166529,-0.0165802006143305,-0.000651949532529005,0.000136368404522339,0.0315813624396611,-0.00716330142339502,1.8852546050031,-0.00049730026650548,0,0
0.19,0.000577392924850374,1.77762631210499e-05,0.000331327208422629,-0.0279614364947365,-0.0165800360232749,-0.00065155950036971,0.000136493685518329,0.0317185292338453,-0.00711859737757202,1.88525179665671,-0.000447086027395181,0,0
0.2,0.000577039687760134,1.48850758705521e-05,0.000331326379716021,-0.0280881406785147,-0.0165799955853174,-0.000651222991433951,0.00013660375753929,0.0318389905227558,-0.00707944792176955,1.88524933310287,-0.000403075472689908,0,0
0.21,0.000576730355756044,1.23490935948212e-05,0.00033132584734667,-0.028199303479094,-0.0165799803747436,-0.000650928367211736,0.000136700333319071,0.0319446826032917,-0.00704512024793596,1.8852471719033,-0.000364470863119789,0,0
0.22,0.000576459191489484,1.01243840617826e-05,0.000331325400056714,-0.0282968317443352,-0.0165799527200971,-0.000650670101429965,0.000136785011169245,0.0320374068503827,-0.00701498975558226,1.8852452759374,-0.000330604532247064,0,0
0.23,0.00057622122207956,8.1727048382163e-06,0.000331325009590396,-0.028382386409669,-0.0165799386778466,-0.000650443451980442,0.00013685932387201,0.0321187505432231,-0.00698856840927503,1.88524361265291,-0.000300894487574098,0,0
0.24,0.000576012689255077,6.46054377284599e-06,0.000331324667176355,-0.0284574529389643,-0.0165799107806216,-0.000650244838347789,0.000136924444364204,0.0321901175790326,-0.00696537145562228,1.88524215349394,-0.000274830594853443,0,0
0.25,0.000575829551463763,4.95850736115244e-06,0.000331324366748854,-0.0285232969731252,-0.0165798979693851,-0.000650070411915786,0.000136981633411667,0.0322527202909793,-0.00694503568919326,1.88524087340935,-0.000251965376038971,0,0
0.26,0.000581152328014552,6.91788864060072e-06,0.000334402663775212,-0.0286913639509797,-0.0167339379299945,-0.000656084144786859,0.000138263389427521,0.0324601822789228,-0.00703957459166316,1.88523985894443,-0.000272520486432234,0,0
0.27,0.000566559809144437,-2.92575737148582e-06,0.000326064644928642,-0.0284538760971178,-0.0163166940666216,-0.00063962809571544,0.000134848319165134,0.0321052816857954,-0.00671628305609459,1.88523854122049,-0.000147098410525259,0,0
0.28,0.000566149892835868,1.99920759769157e-05,0.000325871120776164,-0.0272874221777205,-0.0163070198732985,-0.000639178308378214,0.000134791611804087,0.0309930219806457,-0.00706787767017228,1.88523768589177,-0.000129787055833899,0,0
0.29,0.000574223791725847,-4.61422153819058e-08,0.000330767317049947,-0.0286929501643198,-0.0165520248553091,-0.000648370584210007,0.000136950964011223,0.032405408598112,-0.00686617867028832,1.88523713401205,-0.000177596480097687,0,0
0.3,0.000568295581393693,-3.08570088236593e-06,0.000327726706220764,-0.0285485729149385,-0.0163998645320088,-0.000641792669346138,0.00013589272009738,0.0322210517022424,-0.00676612144062002,1.88523747811022,-0.000141462259999321,0,0
0.31,0.000574444183603482,-1.64339112984635e-07,0.000330956544537492,-0.0287098638025175,-0.0165614964538668,-0.000648638664533885,0.000137062895488769,0.0324244208289526,-0.00686996202737163,1.88523690929813,-0.000175368937071633,0,0
0.32,0.000575078835987039,-4.75799367904983e-07,0.000331285866206937,-0.0287571170559287,-0.0165779701039335,-0.000649343968597135,0.000137180185140607,0.0324744480153887,-0.00687103341798883,1.88523628876783,-0.000169401065016741,0,0
0.33,0.000575082855470158,-1.082744802261e-06,0.000331319341777241,-0.0287876204155695,-0.0165796522192067,-0.00064935806782994,0.00013721113889033,0.0325039722055783,-0.00686321701243301,1.88523573028253,-0.000160019239514766,0,0
0.34,0.00057502236153831,-1.65394715168077e-06,0.000331322654309452,-0.0288131164826443,-0.0165798091164219,-0.000649301496970606,0.000137233317964283,0.0325282633538887,-0.00685549669677394,1.88523523869891,-0.000151307396162995,0,0
0.35,0.00057496170918882,-2.1595471935143e-06,0.000331322902629635,-0.0288353292459471,-0.0165798269429724,-0.00064924383598635,0.00013725259295906,0.0325493895854549,-0.00684865766375892,1.88523480725451,-0.000143608817217243,0,0
0.36,0.000574907692482475,-2.60362003245973e-06,0.000331322849377013,-0.028854801569113,-0.0165798287325036,-0.000649192399279478,0.000137269494471941,0.0325679051478613,-0.00684264924367383,1.88523442873678,-0.000136848552075317,0,0
0.37,0.000574860353162721,-2.99325461128319e-06,0.000331322775003419,-0.0288718894769541,-0.0165798153305143,-0.000649147312401749,0.000137284280512811,0.0325841488254918,-0.00683736233364983,1.8852340966699,-0.000130917182396246,0,0
0.38,0.000574818618270033,-3.33507887262385e-06,0.00033132270693386,-0.0288868702731628,-0.0165798156081177,-0.000649107562704121,0.00013729731272012,0.03259839321489,-0.00683273880556904,1.88523380535551,-0.000125713648466271,0,0
0.39,0.000574782063859143,-3.63495360033994e-06,0.000331322646927991,-0.0289000154090887,-0.0165798158611838,-0.000649072746887746,0.000137308727141223,0.0326108921845757,-0.00682868183197204,1.88523354979248,-0.000121148704460747,0,0
0.4,0.000574749991438124,-3.89802653444349e-06,0.000331322594255236,-0.0289115470043248,-0.0165798160930042,-0.00064904219988131,0.000137318741966901,0.0326218569339659,-0.00682512285903943,1.88523332559335,-0.000117143988852781,0,0
0.41,0.000574721818927612,-4.12881445299718e-06,0.000331322548042555,-0.0289216614932723,-0.0165798148511562,-0.000649015367347653,0.000137327538896847,0.0326314737902878,-0.00682199987568215,1.885233128909,-0.000113630749045367,0,0
0.42,0.000574697238803038,-4.33127797805355e-06,0.00033132250749995,-0.0289305412671043,-0.0165798013463437,-0.000648991956133251,0.000137335214487135,0.032639912841751,-0.00681924632013995,1.88523295636265,-0.000110548669134543,0,0
0.43,0.000574675527345615,-4.50889501735219e-06,0.000331322471931887,-0.028938323803781,-0.0165798015295012,-0.000648971277381826,0.000137341993834437,0.0326473128314203,-0.00681684444721373,1.88523280499203,-0.000107844835332884,0,0
0.44,0.000574656551648243,-4.66471374238608e-06,0.000331322440728498,-0.0289451546636098,-0.0165798016997339,-0.000648953204157872,0.000137347919153408,0.0326538079274635,-0.00681473629270508,1.88523267219834,-0.000105472827652717,0,0
0.45,0.000574639904257298,-4.80140988656785e-06,0.000331322413353726,-0.0289511470826011,-0.0165798018588857,-0.000648937348506583,0.000137353117433199,0.0326595057988339,-0.00681288691042506,1.88523255570176,-0.000103391922965317,0,0
0.46,0.000574625235926814,-4.92132994622807e-06,0.000331322389338417,-0.0289564007670216,-0.0165798020086154,-0.000648923377885885,0.000137357697541993,0.0326645012500012,-0.00681126552954159,1.88523245350221,-0.000101566395858135,0,0
0.47,0.000574612430241471,-5.02653301737155e-06,0.000331322368269972,-0.0289610127138518,-0.0165798021494813,-0.000648911181219945,0.000137361696232128,0.0326688865103609,-0.00680984220823023,1.88523236384512,-9.99649052946072e-05,0,0
0.48,0.000574601137955305,-5.11882490172866e-06,0.000331322349787192,-0.0289650556308029,-0.0165798022831475,-0.000648900426063146,0.000137365222174703,0.0326727307127635,-0.00680859451098462,1.88523228519122,-9.85599565461524e-05,0,0
0.49,0.000574591242652994,-5.19978993906989e-06,0.000331322333572346,-0.0289686028082508,-0.0165798024101622,-0.000648891001424352,0.000137368311949442,0.0326761035451253,-0.00680749981494416,1.88523221619016,-9.73274291555112e-05,0,0
0.5,0.000574582627919218,-5.2708192015416e-06,0.000331322319347502,-0.0289717178869164,-0.0165798025310776,-0.000648882796347449,0.000137371002066222,0.0326790655199713,-0.00680653847634893,1.88523215565727,-9.62461628321486e-05,0,0
0.51,4.51001438428184,4.59999990463257,-0.00107373858459769,4.50014978220162,0.0712446990064712,-0.927928577791601,4.41352234092695,-0.85512653088707,4.41873086819721,0.206990399036953,64.2412212239769,1393.2378895119,0
0.52,4.5164564966513,4.59999990463257,0.0134001222487206,4.17905129253249,-0.630821454458063,-3.66757476480717,2.63580238143334,-3.76741614647905,1.9154584287504,0.950611943307422,139.689967888212,1393.2378895119,0
0.53,4.44906187297699,4.59999990463257,-0.000317217961990579,7.54991702615065,0.0714790790619878,-3.39588985692058,-2.87438406095439,-5.80924149429224,-4.82276576473461,2.27314304062563,219.397555287882,1393.2378895119,0
0.54,4.46542182391205,4.59999990463257,0.00858878845440464,6.7332478792986,-0.357711634063979,3.78168848131744,-2.37463640649008,5.89877865561486,-3.26634275440993,-2.12957658148401,295.824810336803,1393.2378895119,0
0.55,4.43767353417567,4.59999990463257,0.0107612593262976,8.1220645702512,-0.448418695901888,-1.36359526176307,4.22299303370521,-2.94084129921747,7.58422472392406,0.314754352470149,371.902781831676,1393.2378895119,0
0.56,4.42042085361055,4.59999990463257,0.0731585803102464,8.98615970641395,-3.5529797462854,0.71144983566119,-4.36340598984849,5.08938717913279,-8.21418708622896,-2.96341710100892,448.648698100186,1393.2378895119,0
0.57,4.44588471999863,4.59999990463257,0.0925521909689251,7.71453481110724,-4.49262525384841,-2.43599329642434,3.72026793542429,-8.06598111875497,3.82592179940864,0.600549477492963,523.966051192866,1393.2378895119,0
0.58,4.37307751298422,4.59999990463257,0.0574720994029767,11.3565601087392,-2.73407530360143,4.37342380912717,-0.0165578542577198,11.3304848502611,2.84020040264273,-1.561440826757,600.704235647381,1393.2378895119,0
0.59,4.39235455476383,4.59999990463257,0.0828878177316488,10.3945050992724,-3.97216903703496,-0.193371069057437,-4.3888787354784,3.70939098686483,-10.4911525403144,3.11643048823505,675.993780403157,1393.2378895119,0
0.6,4.35197276930743,4.59999990463257,0.132214858671443,12.4155094018641,-6.43019212748788,-3.89167663439683,-1.95243456406012,-7.86639523096617,-11.5590687589622,2.06617008740555,751.669205814143,1393.2378895119,0
0.61,4.3677182025227,4.59999990463257,0.103729068711808,11.6302520222295,-4.9953797588884,-4.36760201661077,0.108511017143492,-11.6357142595302,-4.98264334531892,1.56970147329576,827.422692185092,1393.2378895119,0
0.62,4.33187174085672,4.59999990463257,0.124621735239699,13.42468377739,-5.99969326491212,-4.33220876115434,-0.112296954120582,-13.0767450540384,-6.72437302561603,1.62547256489616,902.073758269102,1393.2378895119,0
0.63,4.32333228227688,4.59999990463257,0.101406720894114,13.8538767686251,-4.84143661735695,-3.47389975842588,-2.57555932069687,-7.95849428198506,-12.3301167392586,2.23222392717484,977.627907934763,1393.2378895119,0
0.64,4.2947422558761,4.59999990463257,0.162376787264403,15.2857075345544,-7.88395614487517,0.892006962474166,-4.20422416675748,11.3801601217665,-12.8957967931107,-2.89473349727271,1052.58109730481,1393.2378895119,0
0.65,4.2862491671841,4.59999990463257,0.153742063939643,15.7127930338396,-7.43129536585349,4.03606611283714,1.45111642476355,11.8227701454408,12.7411978175879,-1.18979709498193,1127.23602098871,1393.2378895119,0
0.66,4.26720673781619,4.59999990463257,0.153068101959678,16.6674220579701,-7.35750350253687,-3.65224573735572,2.21214471973883,-18.1403128866664,1.69259097900108,1.0620557213015,1201.47117392618,1393.2378895119,0
0.67,4.27225114062403,4.59999990463257,0.166057328896975,16.4177996299931,-8.02317372389038,2.68672792657997,-3.3258379235283,16.8458489820866,-7.08045431925509,-2.42324330583093,1276.21476373893,1393.2378895119,0
0.68,3.03599763443569,3.38994383811951,0.150635712726786,17.7302723813719,-7.28540888027013,-2.31706591551375,1.96753101561633,-18.5018244685025,5.01220835631168,0.916373208728951,1346.21523639844,1393.2378895119,0
0.69,0.929492989871487,1.19763696193695,0.0789108458424008,13.442404515345,-3.86864848227758,0.920391120994212,-0.151869431442987,13.7053322815427,2.79795412508836,-1.64963455450383,1376.39745230239,1393.2378895119,0
0.7,0.275251804922921,0.517773330211639,0.0291086445297829,12.1634262454035,-1.4365866561644,-0.0568530766730556,0.270884840794931,-5.10359420904836,11.1340040146125,0.312237607390219,1385.76888662907,1393.2378895119,0
0.71,0.0295030818817069,0.304306358098984,-0.000569826594657112,13.7795954739109,0.0217634418112403,0.0259944931119852,-0.0139657749773378,11.999756495624,-6.77374114635007,-2.08311670970618,1388.71669199331,1393.2378895119,0
0.72,0.0285107840622879,0.235957190394402,0.0319617966623572,10.4138095467153,-1.61300407778009,-0.0354522598511251,0.0240324473406389,-9.70470782072273,-4.10704973729286,1.81747315615664,1389.65117949528,1393.2378895119,0
0.73,-0.00110403526879344,0.215505123138428,-0.00637819732554748,10.8740029429761,0.296942708251732,-0.00598796225668331,0.00245857743642477,6.03672464834519,9.04931326101037,-0.560996224493346,1389.92113304251,1393.2378895119,0
0.74,-0.031988291291015,0.208297967910767,-0.01686699031715,12.0599024652452,0.813437229930044,0.0100594210086366,0.034735488927733,1.6388215090857,-11.9756916985877,-2.93824401313727,1390.02016061563,1393.2378895119,0
0.75,-0.016856569671639,0.20809118449688,-0.0187851312597873,11.2950474178491,0.905547209275562,0.00323500073173006,-0.0250311779149117,-8.79080439971429,7.14981607635122,0.967981577352218,1390.0211464815,1393.2378895119,0
0.76,-0.0329904486965903,0.208923608064651,-0.0334920386041104,12.1454487579551,1.63630179958204,-0.0379529344374995,0.0277427670329483,12.2504408075745,0.34074790027801,-1.40906919969386,1390.00839851474,1393.2378895119,0
0.77,-0.0110445593987095,0.20754536986351,0.00435729779848631,10.9813105010324,-0.258581387792807,0.00315226069656992,0.0114469030273335,-6.39079173302956,-8.93385838701506,2.49709898417072,1390.02349881346,1393.2378895119,0
0.78,-0.0311805430774429,0.205864816904068,0.00701480086409818,11.9061348214164,-0.393900983164588,0.0107041873549368,-0.03011401784614,-1.81916958818845,11.7729276893937,0.120237116853093,1390.0396250998,1393.2378895119,0
0.79,-0.0516813843716291,0.206309869885445,0.0140656274404108,12.9554939478877,-0.747031882599351,-0.0489039121345898,0.021845245336064,10.4992939961983,-7.62677557351517,-2.25662469723134,1390.03909154737,1393.2378895119,0
0.8,-0.0514537660515746,0.208871126174927,0.00767658428460545,13.074260922497,-0.39205244346851,0.0506909073865968,0.0116983714888988,-13.0029613374562,-1.4188023980031,1.64950255233921,1390.03095943404,1393.2378895119,0
0.81,-0.0358351115419023,0.206000208854675,0.0593241992721167,12.1518298695419,-2.96104083595777,-0.0692999181431474,0.00101842223633931,8.68628305690817,-8.99906765536125,-2.61289127654055,1390.06926928484,1393.2378895119,0
0.82,-0.0237483380407663,0.210507586598396,-0.000438822184885425,11.7749839861269,0.031051716980271,0.0227190944515483,-0.00692956505922874,-11.3157730147437,3.2564540779001,1.29322491123045,1389.99723896193,1393.2378895119,0
0.83,0.00804291039560012,0.211519494652748,0.00638886988377308,10.2381159912471,-0.309772923940279,0.0100972844907989,-0.00188438635510519,8.90396563922151,5.06304001665002,-1.0840119130644,1389.99690089357,1393.2378895119,0
0.84,-0.0243130781085113,0.208761990070343,-0.00786084505261985,11.7201104214755,0.397315061474749,0.0151005798477718,0.0206128877237746,-4.0589393084194,-11.0019934212042,2.82204361352912,1390.02694839883,1393.2378895119,0
0.85,-0.0589227100375758,0.208498507738113,0.0328309341102796,13.4394999592833,-1.6466530806414,0.0549985675129555,-0.0390501416674592,-7.2717971484317,11.4215844678233,0.445032556516782,1390.0167244213,1393.2378895119,0
0.86,-0.0364756568238785,0.212032824754715,0.0161780760119235,12.4959651274531,-0.816970268211137,-0.0398396033920118,-0.00223823272876716,11.9778504204567,-3.65344826031931,-1.93213532620902,1389.99360069462,1393.2378895119,0
0.87,-0.0385753535950426,0.208604544401169,-0.0110469997708385,12.4315928440409,0.539145027754125,0.0398165249972027,0.00497377583598228,-11.6463178505013,-4.38160456066676,1.97397995929368,1390.03403260422,1393.2378895119,0
0.88,-0.0253048226333485,0.208747312426567,-0.0133532987276734,11.7772716237035,0.649277978936698,-0.0222072967088623,-0.0180410811289196,5.21590101558905,10.5792280147467,-0.402983925521117,1390.04083726488,1393.2378895119,0
0.89,-0.00748082112709855,0.205177307128906,0.0102765557061396,10.7096152434678,-0.538102680736631,-0.0122593229511385,0.00335846433608035,4.2944928490905,-9.82561674029904,-2.7797448876517,1390.06180003642,1393.2378895119,0
0.9,-0.0176187508245144,0.203799039125443,-0.0029673489902547,11.1496291521148,0.118109743680118,0.0146358525379251,-0.0102477978675618,-10.0178548478133,4.89599472930522,1.12680059235454,1390.08303257757,1393.2378895119,0
0.91,-0.0528663107589884,0.206964895129204,0.024553017279762,13.0723796375149,-1.26702398829157,-0.042422196760515,-0.0399756762646784,12.0052996418509,5.32590271067687,-1.24987482509157,1390.020742075,1393.2378895119,0
0.92,-0.0416247278321899,0.207211583852768,-0.0113134162220178,12.5247132361509,0.52508621841899,0.0208847018280993,-0.0377417617933753,-8.34943312295285,9.35046114958641,0.770802227633506,1390.02246702381,1393.2378895119,0
0.93,-0.040698305573396,0.207524389028549,0.013296138235623,12.4961194266618,-0.708717157153675,-0.0411436039198715,-0.0118466545915309,12.5133785188636,0.265779566334429,-1.60621417390171,1390.00329934605,1393.2378895119,0
0.94,-0.0846084135754526,0.209537699818611,0.0023444130024183,14.7943725890985,-0.164713846930949,0.0615362804890864,0.0581151108030366,-10.9234182339244,-9.97895410567704,2.29990757315188,1390.00088286115,1393.2378895119,0
0.95,-0.0782152680533147,0.208272829651833,-0.0143610803211644,14.4135424672369,0.676314547703542,-0.0203511071549403,-0.07687458111893,1.78602833026482,14.3184395317985,-0.0772075158237473,1390.02807859736,1393.2378895119,0
0.96,-0.0752262473417462,0.207773193717003,0.0390998931928406,14.2411769259347,-1.96246890357406,-0.0779538237322999,0.0333315361531185,10.5533231737086,-9.76164814078716,-2.45418414683136,1390.03801504034,1393.2378895119,0
0.97,-0.0576457633397953,0.210627287626266,0.0271862020692308,13.5069607964543,-1.35451306305015,0.0604607400734573,0.0201648834300269,-13.5723065658586,0.255323475770431,1.45203801328648,1389.98103850271,1393.2378895119,0
0.98,-0.0496065251690861,0.209050670266151,0.0345782481279892,13.0282309270399,-1.72384679945183,-0.0188099468821157,-0.0574686739123494,9.36771153425993,9.21696422295074,-0.92506145476443,1390.0236038502,1393.2378895119,0
0.99,-0.0490210682317072,0.207785800099373,0.0190814489307238,12.937775612414,-0.950201573130964,-0.0110006088157803,0.051440775942395,-1.12998454644574,-12.9233144259338,2.98106445327973,1390.05490757184,1393.2378895119,0
1,-0.0306316420736211,0.206492573022842,0.0391625003098022,11.9557020750325,-1.95721805582541,0.0496309973683415,-0.00296024101474455,-8.4027709869157,8.72713895652145,0.604198178603317,1390.06484565072,1393.2378895119,0
1.01,-0.0101728327373357,0.209866285324097,0.0187027927989901,11.1035408331987,-0.936385772503475,-0.0137171266975616,-0.0162825495407449,11.0657374605835,-1.30953877487407,-1.77272333162137,1390.02077486277,1393.2378895119,0
1.02,-0.00131883042322253,0.209054872393608,0.0117635477327424,10.6223358529782,-0.594050042607323,0.0117274181061968,0.00160873661864657,-3.18300896325627,10.1516190022291,0.247971948252167,1390.039486951,1393.2378895119,0
1.03,0.00265724271093325,0.207742765545845,0.000569469985448743,10.3599826207041,-0.0396965546239348,0.00195254720186434,-0.0018901836719289,8.80925370086788,-5.45232656317324,-2.12885173227313,1390.04243711855,1393.2378895119,0
1.04,-0.0192568925384699,0.206326723098755,0.0262583188702723,11.3869358150401,-1.33353278221152,0.0134558056703623,0.0296524621893785,-10.8706015007912,-3.64288895631914,1.77756873487546,1390.05861628646,1393.2378895119,0
1.05,-0.0323981788434385,0.206261619925499,-0.0215566822412312,12.0427973040192,1.05211800031995,-0.0360712683519949,-0.0146012376564184,7.65949652463233,9.35243455905651,-0.599066325645618,1390.04454196507,1393.2378895119,0
1.06,-0.0367960533726406,0.205195128917694,-0.0178960179285283,12.2114252143486,0.862894274883142,0.011582135761041,0.0392437400449197,1.16296189214315,-12.1865094236487,-2.97590490020902,1390.05304245285,1393.2378895119,0
1.07,-0.0163603288845286,0.205668538808823,-0.0363879482264762,11.2153647332537,1.78517302571044,-0.00861777587964644,-0.0389548081272497,-7.92769365414904,8.13160022121111,0.9305496509029,1390.04936460477,1393.2378895119,0
1.08,-0.0548177254681252,0.206510379910469,-0.0267194920933662,13.1824006023476,1.29449472860027,-0.0577114698078176,0.0197053428249181,13.2411149124057,0.352531019368036,-1.44629376640482,1390.02369913587,1393.2378895119,0
1.09,-0.0579116999371376,0.205056563019753,-0.00449127157559801,13.2664603631615,0.179738729246364,0.0399719332135023,0.0421447631995975,-8.49737267853035,-10.1895011722995,2.46004744760097,1390.04331201304,1393.2378895119,0
1.1,-0.048635667556108,0.207636699080467,0.0100086212469417,12.9337296083701,-0.545380070218157,0.0140157667245472,-0.0476356897820957,-1.61832417585249,12.8436687852526,0.0831988630797267,1390.04101469604,1393.2378895119,0
1.11,-0.0488522062144168,0.204973623156548,0.0453068766062598,12.8134518360712,-2.3036378578255,-0.0666069716726322,-0.00166206029731863,11.1332550175427,-6.74847597978113,-2.29361164724472,1390.06069106777,1393.2378895119,0
1.12,-0.0385134525520166,0.204955771565437,0.017608833077583,12.2976731141947,-0.880179091117304,0.0377389075381497,0.0192128053042132,-12.2497822967967,-1.3965360493428,1.61286022398761,1390.0629318117,1393.2378895119,0
1.13,-0.0858747502211391,0.209189161658287,0.0303198325536831,14.8794957757312,-1.5136988879222,-0.0672946407723008,0.0613611953514059,8.3640294463607,-12.398939078958,-2.64951592374684,1390.02363421266,1393.2378895119,0
1.14,-0.0507108152271449,0.207196861505508,-0.0106879366017802,13.0237407913051,0.541236836242489,0.0449283374010686,-0.025831439529787,-12.2194557517241,4.53824444512049,1.25672377779878,1390.04895606085,1393.2378895119,0
1.15,-0.0586315213849903,0.205610781908035,0.0323174199523447,13.3425173169429,-1.61376549770659,-0.0386980481607521,-0.0546308704016592,11.3070380580215,7.26483983229934,-1.12007179675274,1390.07254250752,1393.2378895119,0
1.16,-0.0327808825524477,0.203580662608147,-0.000666112413331104,11.9504975013833,0.0353849818841113,0.0120174713903822,0.0305059067730482,-4.18653334481953,-11.1932381900961,2.7866393831437,1390.09649966541,1393.2378895119,0
1.17,-0.0351717010250819,0.208503693342209,0.0380562392256302,12.3182784579211,-1.90757992238324,0.0489191412401006,-0.0170951313925114,-6.65793790972551,10.5380599788293,0.409836388724381,1390.04014608339,1393.2378895119,0
1.18,-0.0148866448843326,0.20614293217659,-0.0115566642332058,11.1880335348116,0.571272692695694,-0.00927410846037745,0.0164060841268244,10.1010470453562,-4.84430546652347,-1.9669618025634,1390.06315639272,1393.2378895119,0
1.19,-0.00338309826308488,0.207740560173988,0.020008607596562,10.6948096444605,-1.01376112618813,-0.00405319743223098,0.0198836948876772,-9.61125688461815,-4.79900052616117,1.93938447288956,1390.04141181682,1393.2378895119,0
1.2,-0.00769187273586707,0.20513416826725,0.0246381668502534,10.7819623793178,-1.25219876577355,0.0190614379707754,-0.0174030386545564,3.43219747400892,10.2975111069344,-0.437344112090758,1390.07892093455,1393.2378895119,0
1.21,-0.0480641209997073,0.206146046519279,-0.0154615368684597,12.8532283926631,0.745113812238304,-0.000827589489982324,0.0504830065016468,3.43060511653409,-12.4093361321853,-2.81396944770698,1390.04864817804,1393.2378895119,0
1.22,-0.0207654898230065,0.207932636141777,0.0167372405320141,11.5797264357106,-0.869698510583444,0.0261401184521436,0.00529480835571842,-10.6794124463274,4.56032779813413,1.09225103189894,1389.99793876285,1393.2378895119,0
1.23,-0.0360110654203891,0.208642214536667,-0.00774835465617722,12.379555263343,0.34966470270825,-0.0367341291017433,-0.00272719484560663,11.9752171729653,3.157503378114,-1.28475607239,1390.00827976857,1393.2378895119,0
1.24,-0.0176915503658361,0.206612125039101,-0.0164511900030367,11.3641205066771,0.783257699467374,-0.000315096802170699,-0.0241564343574997,-7.04891810738092,8.94815517464309,0.736042190614889,1390.05023230937,1393.2378895119,0
1.25,-0.0168686704774086,0.204629257321358,-0.00419086509057409,11.2258807738591,0.167869693545829,-0.0165346445287383,0.0053591906283555,11.1867195201496,-0.951780311002778,-1.64072049244172,1390.06662835034,1393.2378895119,0
1.26,-0.0213973520386428,0.205433309078217,0.00179646134589819,11.4945623843359,-0.132088075608502,0.0152843621204165,0.0150818507552917,-8.74408861512778,-7.46212610171533,2.26576487444662,1390.08245627196,1393.2378895119,0
1.27,-0.0486101307538918,0.203771635890007,0.0153800982013638,12.7741490600023,-0.80231880814142,0.00990790050616431,-0.0500132556444189,0.61582316339543,12.7844969204299,-0.110857932195635,1390.10813006758,1393.2378895119,0
1.28,-0.0296494615998926,0.205180287361145,0.0208504706611099,11.8986013022054,-1.03811607105011,-0.034587883106136,0.0108402510205984,8.06427381779232,-8.81032835469178,-2.48740392891701,1390.07927112909,1393.2378895119,0
1.29,-0.0621109952981721,0.203773707151413,0.00805688974731687,13.4533782495008,-0.397521476601394,0.0626153541223191,-0.00141655831738595,-13.3590840247379,1.63898861145922,1.4191797116902,1390.09808668053,1393.2378895119,0
1.3,-0.0265736018968051,0.206930115818977,0.0207148682604676,11.8363969055775,-1.0285031498281,-0.00980867204572491,-0.0322343301080979,9.08748122922234,7.65348256312783,-0.957523206521991,1390.06370584084,1393.2378895119,0
1.31,-0.0280432770500229,0.205287322402,-0.00843309179667562,11.8297676320188,0.427831543616418,0.0136448037230334,0.0259106494769119,-2.6842010834339,-11.5291589719704,2.94899898149393,1390.09422907522,1393.2378895119,0
1.32,-0.03017544384503,0.205581232905388,0.0215981759947007,11.953130239136,-1.07907511069953,0.0344992849793408,-0.0136688680386072,-7.3809618992307,9.46377974439298,0.572343155725529,1390.07143380025,1393.2378895119,0
1.33,-0.00374842102264261,0.207188293337822,0.00742795355527152,10.7142007197026,-0.372740605808,-0.00536659444947445,-0.00635805144656206,10.5092951674528,-2.11843048142881,-1.80448298964711,1390.05528518622,1393.2378895119,0
1.34,0.000669041961104298,0.208379685878754,0.00478996594792537,10.55495940944,-0.246151206302328,0.00453465838390665,0.00168174441258711,-2.50633185193507,10.2560255069528,0.216362337353019,1390.05304802849,1393.2378895119,0
1.35,0.000126782904290071,0.207861140370369,-0.00938628783746994,10.558206377454,0.457004601586385,0.00532524074953088,0.007730477619927,8.52082231421937,-6.25141281665852,-2.1605022626946,1390.05399245351,1393.2378895119,0
1.36,-0.0342553991018382,0.207512632012367,-0.0294882097630199,12.2619468615616,1.45378609729659,0.0388692180052311,-0.0230688268950959,-12.3276925869006,-0.704861926429281,1.74592116293037,1390.04657659052,1393.2378895119,0
1.37,-0.0247877170239381,0.204651176929474,-0.0165530345120045,11.6475393812068,0.801043557411076,-0.027987859715523,-0.0102524911781795,7.51718630811669,8.93301485651384,-0.630876682887527,1390.05772119979,1393.2378895119,0
1.38,-0.0376054352282638,0.206872329115868,-0.00301406962789197,12.4015468630772,0.116819356001184,-0.00203113340615186,0.0376713136420186,1.53914613311109,-12.3062195876705,-3.00774869443067,1390.05659850197,1393.2378895119,0
1.39,-0.0197880889991111,0.206013664603233,-0.0237155002774943,11.4698029215921,1.14970968466022,0.00071778915886552,-0.0308784422918643,-8.25927411368474,8.04130602167218,0.898673420361029,1390.05880650066,1393.2378895119,0
1.4,-0.0441646642103732,0.201942950487137,0.00962064980168792,12.4871103680985,-0.52401334686278,-0.0430804912535788,-0.013680122103697,12.3844993596884,1.68127658124428,-1.4778044236109,1390.08838080004,1393.2378895119,0
1.41,-0.0616734523065456,0.203918442130089,0.0206643165083296,13.4633583952584,-1.07986514040378,0.0246981204947393,0.0601716838736587,-7.98742297278999,-10.8917033679026,2.42879706875713,1390.10003857434,1393.2378895119,0
1.42,-0.0652643392801143,0.203314855694771,0.00357441323889133,13.6147577395902,-0.224712827474763,0.00698294998398203,-0.0649880667599325,-0.936478790819017,13.5843708590759,0.052325467323807,1390.09752532729,1393.2378895119,0
1.43,-0.0791804500773648,0.203750476241112,-0.0270461113151121,14.3343962987989,1.32147960906867,-0.0392449620361498,0.0738976912122744,9.55042935259519,-10.7708182042635,-2.32424769830383,1390.07378629202,1393.2378895119,0
1.44,-0.0500304847619251,0.207776010036469,-0.00382886817975582,13.0802474322924,0.196667713336745,0.0500708430624371,-0.0032588820273155,-13.081638881817,0.0476995303479566,1.58218438736889,1390.03886488997,1393.2378895119,0
1.45,-0.047058161015151,0.204848423600197,0.0204129905268034,12.7872709376773,-1.0148167371773,-0.0392360867643285,0.0330407354003709,6.60404289933565,-10.996852660073,-2.67997215010939,1390.0962383668,1393.2378895119,0
1.46,-0.0537018172086672,0.201892465353012,-0.0092168089612215,12.9736609255189,0.466848852263613,0.0474480973874199,-0.0267864292740684,-12.0562930322019,4.81452219673727,1.22683059099187,1390.12858252011,1393.2378895119,0
1.47,-0.0388494012689053,0.206399828195572,0.00154703987807988,12.4584829113615,-0.073036926008496,-0.0348258938211906,-0.01728659685687,11.3410756911691,5.15743473176552,-1.14985579815669,1390.0805765836,1393.2378895119,0
1.48,-0.00814085134193471,0.206958249211311,0.0133371814449943,10.9530346295165,-0.664484814215985,-0.00930366176283712,0.0125537144810173,-3.49754115177649,-10.4008515783729,2.75660492127403,1390.06834094632,1393.2378895119,0
1.49,-0.0271617661577419,0.206307426095009,-0.010205365443998,11.8735833521499,0.507095080972752,0.000594620428312724,-0.0290096096354231,-3.93212330161015,11.2150583316598,0.379900976021975,1390.07827639715,1393.2378895119,0
1.5,-0.000817337359294577,0.203162536025047,0.0290263525705973,10.4011227278679,-1.45993814871383,-0.0127318789550325,-0.0260978244722797,10.075622708836,-2.96590634164795,-1.99652746737169,1390.11489041428,1393.2378895119,0
1.51,-0.046195127978924,0.208340644836426,0.0189469869478292,12.931003292714,-0.965538053628847,0.0372567821363248,0.0332401917599284,-11.8726427941453,-5.21377626790936,1.91005400169308,1390.02940289534,1393.2378895119,0
1.52,-0.0496505382946743,0.206263303756714,0.0296446849420747,13.0019639447125,-1.50759597758687,0.00412647822025927,-0.0576797666063544,4.50548001614645,12.2892050953406,-0.466840403762702,1390.05009751843,1393.2378895119,0
1.53,-0.0308922901943889,0.205140128731728,0.0161592072120875,12.009940024221,-0.83727482718183,-0.024517508759286,0.0247859907087825,4.32671426071479,-11.2347332957994,-2.84358232878172,1390.06261684647,1393.2378895119,0
1.54,-0.00903921387434557,0.207370698451996,0.00502105941594112,11.0308801485502,-0.28353241952276,0.0103401335301147,-7.98147665539897e-06,-9.77678703713947,5.1161648443948,1.06298731165013,1390.02032135556,1393.2378895119,0
1.55,-0.0340763428206237,0.208259791135788,-0.0355384931401647,12.3292752019102,1.73973739379156,-0.0419838451529757,0.0257203884277273,12.3669168535845,1.44813008404683,-1.31404933972368,1390.01142358968,1393.2378895119,0
1.56,-0.0507030073407013,0.205237731337547,0.0316895524553413,13.0115335407058,-1.62936643547834,0.0570264140396074,-0.0179725009387762,-9.68955072492898,8.83557846499045,0.706887286803098,1390.06693125635,1393.2378895119,0
1.57,-0.0573748339861485,0.202961996197701,-0.0207387230490476,13.2333603069465,0.992290092095193,-0.0550469724169772,0.0263020348332167,13.0707359564223,-2.29397606740477,-1.66968776694714,1390.09800419613,1393.2378895119,0
1.58,-0.0710057536752028,0.205362617969513,0.0043833391824455,14.0369766989622,-0.265733370852633,0.0531119090168393,0.0473302845750892,-10.8708982271155,-8.88430643366653,2.23704229771821,1390.08083383643,1393.2378895119,0
1.59,-0.0183959380790395,0.205580934882164,0.00717360540470478,11.419453859273,-0.383019915284489,0.00454367964743428,-0.019215257676434,1.20992513122623,11.3616333278449,-0.13962077037413,1390.07497529308,1393.2378895119,0
1.6,-0.03520450856004,0.203182384371758,0.0140834449957648,12.1419717313866,-0.69847724541822,-0.0320280180748954,0.0202954897476468,7.67476473853594,-9.43468781657793,-2.51615912748644,1390.11255095399,1393.2378895119,0
1.61,-0.0402190869734487,0.205006718635559,0.0411697001199947,12.4859598046497,-2.05317723678922,0.0469474738750415,0.0332934507328456,-12.6517628651609,0.218232474058048,1.39056854151273,1390.08558708528,1393.2378895119,0
1.62,-0.0455461580648912,0.205584034323692,0.0174537446846746,12.7832081847997,-0.867560517943984,-0.0283396757435908,-0.0396982178030449,10.1794759210715,7.78083174991922,-0.985928324824375,1390.09089996139,1393.2378895119,0
1.63,-0.0205724636611065,0.20498988032341,0.0332901744093865,11.5068473260242,-1.66060557854434,-0.027973420241646,0.0273669459983972,-0.901086660209403,-11.5910823093754,2.92068401684321,1390.10737933824,1393.2378895119,0
1.64,-0.0512079099979837,0.206729203462601,-0.0154839708111145,13.1276457425297,0.773814139992331,0.013259803205861,-0.0518283804240774,-6.13345569418235,11.6324800585306,0.544101977404841,1390.07147964953,1393.2378895119,0
1.65,-0.0172375982376066,0.206654667854309,0.0202534424554656,11.4274585001637,-1.01704034942449,-0.0218933097408333,-0.0151003216154467,11.3011638690268,-1.9760754162543,-1.83266801281272,1390.07467800213,1393.2378895119,0
1.66,-0.029728164616993,0.203198030591011,0.0132890560810597,11.8811733737792,-0.675451161562561,0.0186258546660041,-0.0267103036482456,-2.89052377302462,11.543976235554,0.188558519948217,1390.09883645142,1393.2378895119,0
1.67,-0.0341040674643124,0.203473031520844,0.0291530935332703,12.1157378136158,-1.47611455712348,-0.0446839300396353,-0.00404186545829364,10.7354092023958,-5.80697909511887,-2.18787724681888,1390.11468620696,1393.2378895119,0
1.68,0.00197647038775156,0.204258173704147,-0.0292436778641767,10.3530156582428,1.44298901901469,0.00235903354909689,-0.029215305764815,-10.4526143145818,-0.100022594534098,1.71885163387336,1390.08035383776,1393.2378895119,0
1.69,-0.0487157797995918,0.204750448465347,0.0270232616062611,12.9142802630841,-1.38316626298426,-0.00838623372810069,-0.0550740860403549,6.79834783510421,11.0668084982742,-0.657565278268848,1390.05703876028,1393.2378895119,0
1.7,-0.0109357455596966,0.204430282115936,-0.0430812364695673,11.0112972517796,2.12291376034371,0.0416590391057744,0.0154954163376387,-0.929094473182076,-11.1755184873368,-3.03408113320513,1390.07271764078,1393.2378895119,0
1.71,-0.0388063890111699,0.20360940694809,-0.0421358266121494,12.3658228203654,2.06887757440772,0.00263679265646519,-0.0572224696850999,-8.14188154112085,9.53433759696559,0.872555599794992,1390.07396650441,1393.2378895119,0
1.72,-0.0281020251482902,0.204611837863922,0.0130084956932627,11.8827621561857,-0.693109547678283,-0.0271705625983373,-0.0148561537999108,11.8099483259786,1.48511206421524,-1.50396499400457,1390.0687409398,1393.2378895119,0
1.73,-0.0324923321976433,0.201145738363266,0.000134928391302941,11.9309823082788,-0.0506754826553836,0.0217807211372248,0.0241116163716835,-7.99690950797398,-8.85439693972888,2.40278879479619,1390.09795744382,1393.2378895119,0
1.74,-0.0170493849132246,0.205719232559204,-0.0112770681470984,11.3895690714609,0.522206860646144,-0.0108268244499709,-0.0173387907376236,0.223832169217825,11.3993369455818,0.0261844638983091,1390.07110684923,1393.2378895119,0
1.75,-0.0112893698241869,0.20461493730545,0.00152496918683436,11.0483826407421,-0.0974145114023048,-0.00910083350448095,0.00685202390332765,7.92586196212175,-7.69785429328689,-2.35041869122428,1390.09053171581,1393.2378895119,0
1.76,-0.0613345503683976,0.205522909760475,0.0338578936219931,13.5980932204167,-1.69042528271231,0.0618263913220563,0.0329511967233918,-13.6215074283042,-1.49003766671479,1.5560728193827,1390.0868559857,1393.2378895119,0
1.77,-0.0532629152481593,0.204295799136162,0.02956844912628,13.1351849494722,-1.47400768798738,-0.0492850364734838,0.0358080508304122,6.87983539436138,-11.2859934107539,-2.70590181698886,1390.09380792357,1393.2378895119,0
1.78,-0.0431836846007788,0.203607186675072,0.00597139258565496,12.5988173613798,-0.293223965876231,0.0424204245609987,-0.010049662938436,-11.8521483578067,4.28284467429182,1.20077113201046,1390.10875813816,1393.2378895119,0
1.79,-0.0269148206943584,0.204212829470634,-0.00206060100089349,11.817682357085,0.107404367442903,-0.025634233920736,-0.00845811449386534,10.9484898476036,4.44968785961725,-1.17567934741243,1390.11450027754,1393.2378895119,0
1.8,-0.0256591981518853,0.20347698032856,0.0224740079753624,11.7201342611785,-1.12444949853271,-0.0103667627493237,0.0324962415422707,-3.64622617661133,-11.1951314616575,2.73108110020871,1390.11437140533,1393.2378895119,0
1.81,-0.0169797948529048,0.203279614448547,0.0221389528362884,11.2783126609068,-1.11214841005899,0.0266580631167623,-0.00823373164469503,-4.95998744764036,10.1899820943129,0.354700917725015,1390.12756517128,1393.2378895119,0
1.82,-0.0011136308460344,0.203110590577126,-0.0202813345290196,10.4785679801154,1.0061932338335,0.00783451028339454,0.0187401481466564,8.99318778840454,-5.47132389282557,-2.02162832321112,1390.12783307962,1393.2378895119,0
1.83,0.00748395693403368,0.204594820737839,0.0201234401899377,10.1249398072925,-1.02148795781084,-0.0133399947935795,0.0168228117559385,-9.31279582882217,-4.10239900545058,1.88518405763009,1390.08904381318,1393.2378895119,0
1.84,0.0111682148466589,0.203499972820282,-0.0305024871949536,9.88800334201121,1.50606559494084,-0.0216255742986212,0.0242376831441096,5.99289319578904,8.00787579897159,-0.491309528748355,1390.11345899122,1393.2378895119,0
1.85,-0.0298355865324089,0.202083915472031,-0.0167065491286136,11.869404945769,0.806155152546163,0.00801267147278078,0.0332425646331465,2.43475835525469,-11.6449393149187,-2.86766432682427,1390.12005339798,1393.2378895119,0
1.86,-0.0252239939896687,0.201499223709106,-0.021644153125615,11.6116066842302,1.04825080224215,0.0107720876411579,-0.0314433039798162,-9.47796862680887,6.78942930170772,1.03922126792486,1390.12119967161,1393.2378895119,0
1.87,-0.0431371359036956,0.202775612473488,-0.0252612927022603,12.5731066612074,1.22346802545921,-0.0478145632402973,0.0145846818649835,12.5146409008954,1.72152497659953,-1.33709048784519,1390.10968357303,1393.2378895119,0
1.88,-0.0395637645283992,0.199073314666748,0.0144427467695723,12.2113023022569,-0.766256739519952,0.0362056301324267,-0.0215182886081242,-8.31497902832436,8.97575495802392,0.684533510805491,1390.14155696729,1393.2378895119,0
1.89,-0.0593738609065394,0.200907096266747,0.020942682384367,13.2955234189853,-1.09455192992948,-0.0614668462796165,-0.0136263756310895,13.3304598718808,-0.517519580571695,-1.69173879281537,1390.1186132626,1393.2378895119,0
1.9,-0.0788435702173517,0.201531633734703,0.00848381356215719,14.3022540632731,-0.471958553987269,0.0579391643607449,0.054141822008079,-11.1511078101683,-8.9682780271965,2.21513641866928,1390.11593800242,1393.2378895119,0
1.91,-0.0247587090490489,0.203025311231613,0.0162004377517564,11.6747141262926,-0.831000707455691,0.0120167572135609,-0.027037851305056,1.05351355308886,11.6567414529063,-0.161192859984274,1390.11167818202,1393.2378895119,0
1.92,-0.0362998365419158,0.204963013529778,0.0123156276505994,12.3506899569514,-0.610294559750001,-0.0307516407869572,0.0228842611046974,7.51628903303305,-9.81923627551077,-2.5376403636739,1390.10216100377,1393.2378895119,0
1.93,-0.0546396694253697,0.204085454344749,0.0261989564240127,13.225847846967,-1.3056259023396,0.0587822630867226,0.0147147660200333,-13.2191294388459,1.3719792808273,1.36898024648999,1390.08884591773,1393.2378895119,0
1.94,-0.00937910376143359,0.204199865460396,0.0226534609970734,10.9705627174619,-1.12554247321922,0.00416468952775036,-0.0241619999927802,8.67506929572701,6.80905756409215,-1.00756994782616,1390.11745036291,1393.2378895119,0
1.95,-0.0519217144857971,0.20233978331089,-0.000485678644558537,13.0067023067638,0.0262006779382246,0.0129291349027068,0.0502885453116117,-3.14614997944271,-12.6204885673714,2.89929759932306,1390.12162356005,1393.2378895119,0
1.96,-0.0260440128183198,0.203143820166588,0.015751941532781,11.7550389824781,-0.788470369160873,0.0266540150308752,-0.0146961814246708,-6.55397526998328,9.79020097664356,0.522947003113152,1390.11914828401,1393.2378895119,0
1.97,-0.0368185729438946,0.201529383659363,0.00189367379420819,12.2150450480567,-0.10106255014232,-0.0358865963772794,0.00844662740494657,11.7588666188338,-3.30856388869445,-1.85334616288922,1390.14320496405,1393.2378895119,0
1.98,-0.0280269644945209,0.20278687775135,0.0361650823316688,11.8403594122214,-1.82149488228285,0.0403432692246622,-0.0215834322363228,-3.77618033449549,11.3689232866676,0.168043408742155,1390.13750295284,1393.2378895119,0
1.99,-0.00630091850048224,0.20552758872509,0.0315495387464374,10.8931429348321,-1.59507190354612,-0.0238415365408622,-0.0216022245251133,9.70287869274264,-5.20182299295977,-2.20830964102767,1390.08081498479,1393.2378895119,0
2,0.00716159785292067,0.200446024537086,0.0221811888147326,9.96793080116788,-1.13147124134411,-0.00992720366493169,0.0210889603450892,-9.74277473051161,-2.39127835631166,1.69845241925265,1390.1424254019,1393.2378895119,0
2.01,-0.0634455857888136,0.201297283172607,-0.0150232219844939,13.5428682701264,0.718650180406766,-0.0514836360147681,-0.0400059342795535,9.05118905691075,10.0995898787949,-0.677693082917258,1390.11884656992,1393.2378895119,0
2.02,-0.035138815819875,0.201411664485931,0.00104619363357389,12.1352613818798,-0.0885579667923543,-0.00411618711457321,0.034912575126734,1.1498321267949,-12.0809890903111,-3.05399895212711,1390.12293418985,1393.2378895119,0
2.03,-0.0476145828482846,0.203198209404945,-0.0285409227723796,12.8504188323382,1.38686371246064,0.0170847955126422,-0.0528189599936073,-8.76585366348153,9.49823481884285,0.852827626975952,1390.08308490859,1393.2378895119,0
2.04,-0.0328682061016482,0.202188387513161,-0.0205157068837662,12.0646227345098,0.983543870092237,-0.0337986463952744,0.0189437246371521,12.0975718122068,-0.413807345206357,-1.52364572814495,1390.11273168769,1393.2378895119,0
2.05,-0.0113993791860892,0.201310828328133,0.0014054493423727,10.9493087756216,-0.112974371592032,0.00681900449101888,0.00924241913319688,-7.44782133169629,-8.02683519724124,2.38327637615192,1390.12878599472,1393.2378895119,0
2.06,-0.0476539773855836,0.202162086963654,-0.0456837568085145,12.806618906788,2.24144049966294,-0.0453467366409163,-0.0479747920560849,2.15111836134675,12.8220994042593,0.00704848079235821,1390.11583535147,1393.2378895119,0
2.07,-0.0758130677170758,0.20138843357563,-0.0244409816700719,14.1778980971837,1.20061098945121,-0.035398433717679,0.0713577866249073,9.03380609837215,-10.9929344844373,-2.36922951183798,1390.12421204921,1393.2378895119,0
2.08,-0.0359441113472271,0.203184425830841,0.0268740666044406,12.2762814870889,-1.33889886353129,0.0368180389485618,0.0256637215614563,-12.3140205816199,-0.929857210785204,1.53753086053521,1390.11222358326,1393.2378895119,0
2.09,-0.0548695568675502,0.20231631398201,0.000968437197918884,13.1811425440316,-0.043104332698398,-0.0231255193919571,0.0497676249614129,5.38209914144268,-12.0323474676083,-2.72425437083954,1390.14818579083,1393.2378895119,0
2.1,-0.0322065534308981,0.203299835324287,0.00677448217525885,12.0992032551564,-0.332973771381882,0.0323747861834507,-0.00591852280692086,-11.3252254860051,4.27093182258347,1.18265783864504,1390.10906589742,1393.2378895119,0
2.11,-0.0236678162626216,0.20491635799408,0.0510949374976841,11.7551266884678,-2.55322099704525,-0.00320029860488676,-0.0562193583507765,9.9901924307141,6.70059669872647,-1.19387316671671,1390.10616200455,1393.2378895119,0
2.12,-0.0332268450850417,0.203897088766098,0.00734033812607258,12.1841534684865,-0.368521891194121,0.00714287613718387,0.0332698529993639,-4.73198531053454,-11.2337758188779,2.71268414473734,1390.11460890427,1393.2378895119,0
2.13,-0.00308828618024712,0.20274555683136,0.0239662206659518,10.6216737969439,-1.20339277419722,0.0236432190026408,0.00499153681077932,-4.64030425464946,9.62993690747543,0.336217598676332,1390.12354158411,1393.2378895119,0
2.14,-0.0386022312703821,0.203058332204819,-0.00816003816304749,12.4150338834718,0.395487522178975,-0.0307392992837766,0.0247348733859074,10.894165815765,-5.96712894837785,-2.04005506735782,1390.1033626646,1393.2378895119,0
2.15,-0.0507200738477053,0.202313035726547,-0.0271208772543608,12.9856792007564,1.33708962907357,0.0564246993108766,-0.0111499408895272,-12.811119272454,-2.50816585737272,1.86673617819454,1390.1151237926,1393.2378895119,0
2.16,-0.0317121801840627,0.202909216284752,0.0176603601935454,12.0671257103108,-0.908861028068844,-5.47865112853676e-05,-0.0362980397904681,5.09364194427456,10.9770835389148,-0.509630945754231,1390.09452289314,1393.2378895119,0
2.17,-0.0235595392656797,0.199320316314697,-0.03398102298131,11.482037807425,1.67025111195995,0.0269210028292267,0.0313850508990537,1.28681305467021,-11.531307087684,-2.88600623171391,1390.15219892886,1393.2378895119,0
2.18,-0.0370138621761244,0.199973180890083,0.0018334064582877,12.1893909264174,-0.128494140079094,0.0325196704049351,-0.0177724058356995,-10.4610813984565,6.25807780999319,1.02114209644928,1390.15250262091,1393.2378895119,0
2.19,-0.0585731189898559,0.201221227645874,0.0213495049157171,13.3317831840598,-1.11121346896313,-0.0526455283490755,-0.0333925137297679,12.7849140831285,3.93918901899975,-1.3550722701381,1390.12102390536,1393.2378895119,0
2.2,-0.0556931430597677,0.201600149273872,0.0184278460791523,13.2087567112877,-0.967613072619401,0.048909301035616,-0.0323912328755819,-8.92474580915976,9.78552201766353,0.66630022084797,1390.1099685013,1393.2378895119,0
2.21,-0.0681038361489434,0.201138243079185,0.00490385132188654,13.8082053628567,-0.292909035101028,-0.0681255553784817,0.00459227180845442,13.7153028990507,-1.62566830348608,-1.70998489703721,1390.11941696895,1393.2378895119,0
2.22,-0.0503572411804503,0.205768406391144,0.0194508888679045,13.1544446582188,-1.01850933270955,0.0294159225180521,0.0452646917527289,-10.0640634366509,-8.53178777689788,2.1967085851305,1390.07135613405,1393.2378895119,0
2.23,-0.0530035195593844,0.202812477946281,-0.0362513548772611,13.1409616413922,1.79555457712071,-0.0451467111753933,-0.0456651758582488,4.11691461899288,12.6079301679492,-0.179821441787861,1390.1356656298,1393.2378895119,0
2.24,-0.046655208251772,0.200791776180267,-0.000440825907028812,12.7245003025954,0.0271740906665224,-0.0254226032251525,0.0391228070280366,7.0111743592638,-10.6187136926256,-2.55589889414971,1390.14388129506,1393.2378895119,0
2.25,-0.0675168564316084,0.201331287622452,-0.00612274172511977,13.7965627247306,0.310531431875355,0.0645586365608045,-0.0206929049205012,-13.3971067622394,3.31045362280883,1.35105100865905,1390.1583910054,1393.2378895119,0
2.26,-0.0437834299166176,0.20276828110218,-0.00962735614551252,12.6837656051346,0.486622038429466,-0.0424223708516067,-0.0144919692569593,11.0946639637113,6.16629081917203,-1.02517261613641,1390.12644968378,1393.2378895119,0
2.27,-0.0278960501284992,0.200870394706726,0.0379004053432748,11.796479421465,-1.89359788931009,-0.0294687548216208,0.0366909093266913,-1.19824876627182,-11.8872553435002,2.88196639290962,1390.15921542143,1393.2378895119,0
2.28,0.000878308766947626,0.202893108129501,0.0466149970890269,10.460907660045,-2.33164411832339,0.0403501463857287,0.0233579765080442,-7.1089406683111,8.02060570910538,0.505907334067223,1390.13321920507,1393.2378895119,0
2.29,-0.0257978649228835,0.201836034655571,0.0210796682225441,11.743856697494,-1.06124305613385,-0.0308688185474713,-0.0125298957870831,11.5341863737504,-2.45090833183498,-1.87029393153132,1390.15565818674,1393.2378895119,0
2.3,-0.0527085328789561,0.201440274715424,-0.0157374874363042,13.0716142422882,0.773073101408705,-0.00761331600058262,-0.0544783935935624,-1.20595106831809,13.0388045057872,0.151299563756465,1390.12966710231,1393.2378895119,0
2.31,-0.029477627849411,0.201384618878365,0.0136857538712504,11.9092920397695,-0.703845188373268,-0.031720435885778,0.00707420312608142,9.87949235578078,-6.68747080216297,-2.22488490993998,1390.12892783889,1393.2378895119,0
2.32,-0.000481456773959793,0.204654365777969,-0.00813750882467071,10.6250116538724,0.384349639615555,0.00138034657992132,-0.00803402102412515,-10.6021548525279,-0.795556266656628,1.68185146778639,1390.10506430327,1393.2378895119,0
2.33,-0.025379599757905,0.202369168400764,-0.0116029688282909,11.7576847807537,0.549733212567795,-0.025158523954322,-0.0120748350689169,7.94742732121873,8.6823819878253,-0.694510687796137,1390.09375671916,1393.2378895119,0
2.34,-0.00552050764365269,0.202011197805405,-0.0455882634579177,10.7488395401758,2.24693549020183,0.0450840566500628,0.00872889487427069,-1.48158431895453,-10.8807710417692,-3.07085333195504,1390.11756419329,1393.2378895119,0
2.35,-0.0247848982961109,0.199811011552811,0.00376656510238292,11.6040319259509,-0.228786237481868,0.0209187385854761,-0.0138160982991423,-8.76535350333187,7.60752772210377,0.836283161218665,1390.13223767629,1393.2378895119,0
2.36,-0.0767719357181095,0.198498874902725,-0.0437858413645939,14.1397571413486,2.1439400945175,-0.0780933871528412,0.0413830025603191,14.1994641944526,-1.7042381687007,-1.53976748223451,1390.15745892971,1393.2378895119,0
2.37,-0.0672539372005288,0.202760577201843,-0.0353295176338835,13.878990599105,1.7205085032257,0.072286188485252,0.0233660831011572,-10.9358085156588,-8.71748941316028,2.3671333343484,1390.09661005195,1393.2378895119,0
2.38,-0.00613443583104153,0.20466049015522,-0.00253219452434358,10.9200252239936,0.0851831685167527,-0.00258902441504785,-0.00611066810198099,0.186537638072531,10.9187641596674,-0.00928199270463415,1390.11900234178,1393.2378895119,0
2.39,-0.0340602318635386,0.201307758688927,0.01366037972635,12.1506851135442,-0.699394995614801,-0.0333050515894396,0.0154103506608658,8.84447830331166,-8.36083163510934,-2.38558826234734,1390.13758548647,1393.2378895119,0
2.4,-0.093252901589307,0.2019984126091,0.0207660637295536,15.1468805219899,-1.0380807093777,0.0941668438716087,0.0161226106107211,-15.1797033394902,-0.286718732715051,1.52125508605794,1390.12127992376,1393.2378895119,0
2.41,-0.0561938253187021,0.203794419765472,0.0390786685774303,13.3857713765224,-1.95080088548458,-0.0579108049824874,0.0364859837199678,7.02026106519117,-11.5628903832862,-2.74065979777619,1390.09317405193,1393.2378895119,0
2.42,-0.049798238307526,0.202642887830734,-0.0184486851188295,13.0104235498172,0.927410825719654,0.0385093191763085,-0.0365684407341094,-11.5939270529347,5.97595743597032,1.16603603917303,1390.13901932043,1393.2378895119,0
2.43,0.00563529133220438,0.200763911008835,-0.000517574112797001,10.146781816437,0.0316036829723754,0.00508989378124326,0.00247333229807817,9.50484739163839,3.55190879455253,-1.21005609145084,1390.16430394758,1393.2378895119,0
2.44,-0.00660907852467427,0.201426222920418,-0.0126873865997177,10.7941166953612,0.635288798144985,0.0142964440099816,0.000511259567604641,-5.21504793324684,-9.47205480052044,2.6970976938757,1390.1484999969,1393.2378895119,0
2.45,-0.0255789071446465,0.202286928892136,0.0129830160376298,11.7876455237546,-0.656372796861095,0.0203897316931513,-0.020176670627958,-4.34167181307328,10.9785836112731,0.32096718920854,1390.14705827168,1393.2378895119,0
2.46,0.0167392386922645,0.200823619961739,-0.0186188288233722,9.60056443082057,0.922614017828534,0.0234838366268405,0.00868172310284692,8.06642065691709,-5.28724047135101,-2.05519663304967,1390.17152405664,1393.2378895119,0
2.47,-0.0338468828723079,0.200418412685394,-0.0238037885660771,12.1116164628916,1.17157812202654,0.0391230473847895,-0.0134766091283287,-11.9610653251944,-2.23534447605558,1.85198190774501,1390.13833327536,1393.2378895119,0
2.48,0.000568619716464281,0.199748665094376,0.0196811709152596,10.3593555571574,-1.00810758511899,0.0173227023756562,-0.00935926275846815,4.31270974227583,9.47275372537794,-0.524240389963747,1390.15291728594,1393.2378895119,0
2.49,-0.0336362997672163,0.199466273188591,0.0220447006995789,12.057487913727,-1.1351455618933,-0.0294439460332157,0.0273938594023758,3.98358512842334,-11.4368972960748,-2.90029201877976,1390.12493539858,1393.2378895119,0
2.5,0.00389126752862218,0.201177224516869,0.00777450084015191,10.2686466894786,-0.423101740970999,0.00086729987312058,0.0086505847908056,-8.90452498376682,5.13162301129225,1.00681025706064,1390.1425512953,1393.2378895119,0
2.51,-0.0287142327914211,0.200431913137436,-0.0195045066427128,11.863660330453,0.935220167418007,-0.0320377093977097,0.013361067349709,11.8107130228242,1.4588115335436,-1.36923483487628,1390.12104867843,1393.2378895119,0
2.52,-0.00712016730958741,0.202057838439941,0.000411624004885382,10.8672779023386,-0.0624313043922555,0.0046483007308321,-0.00540920670280411,-6.64484505113093,8.59928258175565,0.652139765633878,1390.10961608192,1393.2378895119,0
2.53,-0.0706055637398108,0.199659273028374,-0.0380578297210154,13.9235894859515,1.85665752379728,-0.0639788964576633,0.0483760771678511,13.4778363030471,-3.95745498044376,-1.72383185403076,1390.14525170289,1393.2378895119,0
2.54,-0.0687123593935678,0.201143488287926,-0.0379164719907701,13.9051483033621,1.85078675933511,0.0780208403107334,0.00847323190197919,-12.4419830719943,-6.47885932886587,2.18320970398933,1390.12820097365,1393.2378895119,0
2.55,-0.0647005626745968,0.199689641594887,-0.00576201979403446,13.6338561051384,0.271301638137659,-0.0180590550338942,-0.0623957868273096,2.8800515574554,13.3289511928312,-0.192906836985848,1390.15186824657,1393.2378895119,0
2.56,-0.0311850092264396,0.201939076185226,0.0198906231492218,12.0725580463412,-0.989272015427693,-0.0336138684682343,0.0154353340202836,7.37216188708287,-9.61127182080645,-2.56904048378985,1390.1385300238,1393.2378895119,0
2.57,-0.0652628303584784,0.204027935862541,0.00288535509227591,13.8829274560853,-0.140450502440612,0.0641655693448115,-0.0122614033072989,-13.5402249555864,3.06882864407231,1.33779996283622,1390.1080460336,1393.2378895119,0
2.58,-0.041183526025069,0.202866956591606,0.0248547770308202,12.6229334414983,-1.2393670346794,-0.0228746896180161,-0.0423153793790006,10.2480587564398,7.4734042470419,-1.03857761273017,1390.10811761254,1393.2378895119,0
2.59,-0.00722183958135969,0.203557640314102,-0.0109922380971964,10.9614015874003,0.554359931391741,0.0125341941935529,0.0039847510891715,-3.49415265663957,-10.4043518253611,2.86812243946714,1390.13179271704,1393.2378895119,0
2.6,-0.0464016760043833,0.204578951001167,0.0352849705464547,12.9734889749717,-1.76925465827482,0.0530157400000141,-0.0242379040911306,-7.68630678025956,10.6001116177744,0.49184549098627,1390.10454299452,1393.2378895119,0
2.61,0.0107764208466498,0.203644707798958,-0.00546719121804607,10.0698857743071,0.269471514243478,0.0119376940456288,0.00187426971158006,9.4951011098965,-3.36426356241951,-1.88455694655642,1390.12384767988,1393.2378895119,0
2.62,0.00741769164859094,0.20200189948082,0.0356362843057882,10.1576915211927,-1.79394996473209,0.0342908665605687,0.0122107894520302,-3.16316082366327,9.81791052715977,0.136874228696169,1390.13689321175,1393.2378895119,0
2.63,-0.0263915744661785,0.199830055236816,-0.00668749861987987,11.7415389411103,0.315054679936483,-0.0165677580509666,0.0216043336800599,9.01958212408259,-7.52397065809594,-2.23920904052154,1390.16971915106,1393.2378895119,0
2.64,-0.018631705355497,0.200501829385757,0.00125011811838978,11.3891352650266,-0.0877757175180189,0.0184221920294601,0.00305386322445554,-11.3267610863845,-1.19356187674642,1.66807745038914,1390.12315585164,1393.2378895119,0
2.65,-0.0226224170173024,0.200805157423019,-0.00778991024067971,11.60583426883,0.3583868599602,-0.0206315173527457,-0.0121159789115835,7.82118982702566,8.58212210974486,-0.708172375962389,1390.15135666934,1393.2378895119,0
2.66,0.000931728031864915,0.201372995972633,0.0123892490160316,10.4585333491273,-0.654807175790081,-0.0123157153715526,-0.0016385247003039,1.25167352578801,-10.4039898902832,-3.08438925807028,1390.13506425896,1393.2378895119,0
2.67,-0.063914535151749,0.199664071202278,-0.0358454409309281,13.6173896677506,1.74970238820734,0.0224654449737358,-0.0697514675209695,-8.79122591339276,10.5455728507441,0.822710148777358,1390.14656142423,1393.2378895119,0
2.68,-0.0556600502709539,0.199400559067726,-0.0180816811031869,13.1934791811093,0.858735364266548,-0.0559683842711409,0.0171034601692281,13.2065023536877,-0.627387368575306,-1.55327039984265,1390.14393395979,1393.2378895119,0
2.69,-0.0685274985152045,0.203057631850243,-0.0384267232705056,14.0217535802875,1.87503045101123,0.0756829716902778,0.0210883595897829,-11.2629491654203,-8.55986499634691,2.35360244388139,1390.09085960738,1393.2378895119,0
2.7,-0.0441958239996033,0.202916964888573,-0.0297099870676567,12.8001444750728,1.44200861490231,-0.0307077622320404,-0.0435084765219918,1.73284149059978,12.7640255325914,-0.0227521824031667,1390.11175187022,1393.2378895119,0
2.71,-0.0575508670494198,0.199157983064651,0.0365632731213233,13.2819017604497,-1.84499334889414,-0.065857847744292,0.0176555693755295,10.3429390429155,-8.53443183734196,-2.39871012687685,1390.17002350182,1393.2378895119,0
2.72,-0.0302660510403177,0.201416879892349,0.0104548652772076,12.0326272414331,-0.517194535017296,0.0308598504286453,0.00854445346767811,-12.0414403186414,0.235209631873055,1.5083092271849,1390.13944558059,1393.2378895119,0
2.73,-0.0440041092213781,0.200407043099403,0.026645657766,12.6710299482917,-1.32813169957043,-0.0413239435264295,0.0306379568113514,6.02718564898822,-11.2246143325523,-2.75324994637531,1390.1506626561,1393.2378895119,0
2.74,-0.0751252944439471,0.199841216206551,0.0181291701229188,14.2007864310946,-0.905935448013575,0.0760315854844872,-0.0138446626304363,-13.3512616026549,4.92207963314317,1.15388692690939,1390.1611940743,1393.2378895119,0
2.75,-0.0170608479377591,0.201070368289948,-0.00708616705052044,11.3610296567644,0.357670082322933,-0.0184551100496851,0.000833791866854691,10.8001521833264,3.54367543190119,-1.22227918684613,1390.15440439988,1393.2378895119,0
2.76,-0.00934799096602599,0.201090276241302,-0.0129949846232312,10.9783713138066,0.649587191764524,0.0157856764004659,0.00265837940081833,-5.42490761737513,-9.56645062530835,2.68483443380249,1390.17000406108,1393.2378895119,0
2.77,-0.0292798376075977,0.198823943734169,0.00347539988001799,11.8636253796651,-0.181775955054034,0.0122134835628131,-0.0268368797350626,-3.78034219725723,11.2466733978766,0.308944342317796,1390.17552116934,1393.2378895119,0
2.78,-0.00474301581932948,0.198352605104446,0.0289026165225763,10.615202473533,-1.45827756397564,-0.0179313763093804,-0.0231586524773118,10.0292214752713,-3.77144715031929,-2.06700538013081,1390.17801875817,1393.2378895119,0
2.79,-0.00404136290434996,0.203615710139275,0.0205217000157405,10.8453222824056,-1.04516394609617,-0.00156236577861654,0.020857415919392,-10.1767042846336,-3.892052541601,1.84000671364973,1390.10001744726,1393.2378895119,0
2.8,-0.0479005143958903,0.201623365283012,0.0099600974601108,12.9406590151428,-0.526517777066164,-0.0159138605454646,-0.0462645854120114,6.1596502941955,11.3928304195657,-0.536308955214599,1390.1388038175,1393.2378895119,0
2.81,-0.0403866275078275,0.198119461536407,0.00417296690027753,12.3917399861453,-0.242190714076078,-0.0132428181006294,0.038381259788606,3.05224314930293,-12.0123972621517,-2.9123093122944,1390.17403521105,1393.2378895119,0
2.82,-0.0320766030753618,0.201974928379059,0.00915924381210005,12.1710504375476,-0.496191136192782,0.0318885481557868,-0.00979391181193023,-10.4767083314019,6.2144393902988,0.994670537163387,1390.12006957212,1393.2378895119,0
2.83,-0.0231367749684503,0.197800278663635,0.00502109159377415,11.5172729798232,-0.292405318037976,-0.0217765304037045,-0.00929001831592977,11.255951055313,2.45695820114647,-1.38126939057624,1390.19154883597,1393.2378895119,0
2.84,-0.0176810198061371,0.195921286940575,0.00312448723699337,11.1524827493942,-0.199600548568131,0.013074335378755,-0.0123062031627542,-6.82688509741079,8.82107429519072,0.640745101067088,1390.22245612407,1393.2378895119,0
2.85,-0.020448928160436,0.200060158967972,-0.0149390496350245,11.4998455725896,0.703328248056587,-0.0177294146133168,0.0180831889991092,11.2298448849362,-2.57520924940007,-1.73513348131541,1390.14350518978,1393.2378895119,0
2.86,-0.0668593231731194,0.201648309826851,-0.0218103645452887,13.9017904743642,1.04461536406849,0.0674743953135877,0.0198259192430439,-12.0556858224069,-7.00081702398995,2.17191028986956,1390.11649667438,1393.2378895119,0
2.87,-0.00602870543738527,0.202896356582642,0.01166736685737,10.9246638480965,-0.594035442224817,0.0102008593764912,-0.00827134853674203,1.63571419407757,10.8178370007973,-0.204390638111347,1390.14053286933,1393.2378895119,0
2.88,-0.0631602955660284,0.200252145528793,-0.00478053475143908,13.6510027104026,0.24237390770616,-0.029566477926322,0.0560169602132256,7.05983586268084,-11.6862028778625,-2.58039815661652,1390.17765754186,1393.2378895119,0
2.89,-0.0618549745686708,0.199412360787392,0.0107196816584464,13.5457346087401,-0.532809631401593,0.062612857667147,-0.00453646431738868,-13.2734269600989,2.75444167276286,1.32687103142332,1390.1656134394,1393.2378895119,0
2.9,-0.0464411861877407,0.199214965105057,-0.0129862588426109,12.767156834994,0.653357048826626,-0.0467350918726279,-0.0118851958717015,11.3944176807116,5.79606890918935,-1.04910166136827,1390.17666212586,1393.2378895119,0
2.91,-0.0431360354144061,0.199008136987686,0.00297554911894584,12.5935286589275,-0.148369963455851,0.00920593805728652,0.042247155505638,-3.37926579108725,-12.1325817715139,2.85816839968609,1390.19723180836,1393.2378895119,0
2.92,-0.0274542979987985,0.201314255595207,0.037701405457643,11.9267554948809,-1.8894366372105,0.0461341667833308,-0.00683908672969136,-7.20510712441245,9.69040240477387,0.482233256223967,1390.15138386438,1393.2378895119,0
2.93,-0.0209765237925523,0.201069638133049,0.0161367859745393,11.5926347635413,-0.815151577295999,-0.0250146389485441,-0.00864165784335309,11.2516065497454,-2.90774876916175,-1.89389369595222,1390.15534319649,1393.2378895119,0
2.94,-0.0316077723308206,0.198576599359512,-0.00918627944364689,12.0015308741881,0.445198444637153,-0.00508366176152197,-0.0325206916412951,-1.08776722620959,11.9604225444079,0.127775844599214,1390.17420916469,1393.2378895119,0
2.95,-0.00141536769302056,0.196196898818016,-0.0050394209591746,10.3748544280698,0.233790672254101,0.0020544389714982,0.0048143857160186,7.93934534465469,-6.68274329750757,-2.247935963793,1390.23476859489,1393.2378895119,0
2.96,-0.056154974812996,0.196519091725349,-0.0315901403747086,13.1299224388341,1.55180130520668,0.0587388803800129,-0.0264775772465032,-13.2158601094097,0.37946292197813,1.65973394120419,1390.18010743747,1393.2378895119,0
2.97,-0.057842173910028,0.199732139706612,-0.026468793410551,13.3769324943198,1.28949179613959,-0.057937365982648,-0.0262597739944778,9.7539067090197,9.24480480927748,-0.716088661794997,1390.137201377,1393.2378895119,0
2.98,-0.0463587108126268,0.20159424841404,-0.0168825536461973,12.8978869037665,0.805563707274091,0.0145833540863496,0.047132541512395,-0.170586367600407,-12.9218930408829,-3.09241722481743,1390.13026033534,1393.2378895119,0
2.99,-0.0433771433480055,0.197731360793114,-0.0348114436176904,12.5576466224943,1.69905101708271,0.00767061535370734,-0.0550869751563518,-7.96962374326532,9.85222616695711,0.814637412448384,1390.16332844129,1393.2378895119,0
3,-0.0469959912259142,0.201086118817329,-0.014132717727331,12.9083583003806,0.661309862754006,-0.0471252633943118,0.0136954901950739,12.9139451209628,-0.541355851859623,-1.56150566467985,1390.11007074914,1393.2378895119,0
3.01,-4.76197595007379,-4.59999990463257,-0.178830800243022,8.60409041032788,8.54983525171411,4.16924095380149,2.30777496158988,-11.7844896933767,2.87330076519131,2.11387735067697,1318.72290140592,110.413929406653,0
3.02,-4.72699776271554,-4.59999990463257,-0.160019698079611,6.85607127120578,7.65966228168271,-4.24544716787888,-2.08477636624181,9.6552694374888,-3.52872663078068,-1.08048555087078,1238.49745216403,110.413929406653,0
3.03,-4.69979528841599,-4.59999990463257,-0.203736012269592,5.49680653864458,9.84321338656124,4.61494637630068,-0.912060337687112,-3.94518514658283,10.561214232078,1.41900173041122,1157.87472630893,110.413929406653,0
3.04,-4.688649867378,-4.59999990463257,-0.14575959428869,4.94021770531822,6.96522319927816,-0.735987922235146,4.63281828010931,-5.91534745889447,-6.15863212347133,-2.95296751203791,1077.59252662429,110.413929406653,0
3.05,-4.67680295163197,-4.59999990463257,-0.145667120223703,4.3484345719986,6.98504874453062,-4.66099081735922,0.410937171354483,3.94487611888385,-7.2206468960254,-1.62759747966323,997.730449731751,110.413929406653,0
3.06,-4.63604964091266,-4.59999990463257,-0.115184115136776,2.31118303616479,5.52005927781649,-1.56438097101613,4.36565411260545,-4.31520692396363,-4.14627672263203,-2.77266871886401,918.679535776074,110.413929406653,0
3.07,-4.65529048295449,-4.59999990463257,-0.127147078944428,3.27357283852694,6.11496730885717,-2.22801159512526,4.08948165326098,-3.64383015427147,-5.901830743452,-2.61543324512706,838.613993678284,110.413929406653,0
3.08,-4.63701840788865,-4.59999990463257,-0.106003823214001,2.36021312798975,5.09526340444125,-0.362722384695645,4.62402519427337,-4.83092264967394,-2.86260397593532,-3.04045360152418,759.773110524589,110.413929406653,0
3.09,-4.61018189240163,-4.59999990463257,-0.0493478507143785,1.01851789237772,2.28468533746293,3.6543511409939,2.81103718042194,-2.21290850263419,1.16627687419453,2.23719527369741,680.742471291871,110.413929406653,0
3.1,-4.59280723814748,-4.59999990463257,-0.0685230564131052,0.149811838727841,3.25875718149358,2.73207433832761,-3.69247119770647,2.4995451997423,2.09623847627225,0.651926856272313,601.380370279574,110.413929406653,0
3.11,-4.58483824272724,-4.59999990463257,-0.0397480875651668,-0.248758172200112,1.83347255844701,-4.57878062008319,-0.238934416922076,-0.136882954738834,-1.84520061443642,-1.50999138928096,522.519852632772,110.413929406653,0
3.12,-4.56791912078736,-4.59999990463257,-0.0364852233873187,-1.09495565642387,1.69935826812479,4.10412009084681,2.00584509508784,0.221515908810538,2.00939720192961,2.03338202857315,444.048027682008,110.413929406653,0
3.13,-4.56159797936605,-4.59999990463257,-0.0132943739493037,-1.41137362405073,0.564710043620888,-4.37418594378527,-1.29416003451137,-1.19041990906324,-0.945395885403719,-1.28022479565869,366.345232818563,110.413929406653,0
3.14,-4.54470680672304,-4.59999990463257,-0.0563448673914023,-2.2564035043617,2.73906819734226,4.05750754939865,-2.04796659878257,3.23060248977694,1.46869292816249,1.11576506858694,287.967559771123,110.413929406653,0
3.15,-4.52346406555967,-4.59999990463257,-0.0480388552086226,-3.31911224679932,2.34177242988816,0.943583567447316,4.42421574239579,-1.63751176977061,3.71738610102586,2.94208345277801,208.60680767953,110.413929406653,0
3.16,-2.47944249643212,-2.53859782218933,-0.0315422711154102,-2.45050090368307,1.55646782879403,-2.16237046396544,1.21358311810546,-2.89647679147628,-0.19485629951739,-2.06949825759412,145.396716232361,110.413929406653,0
3.17,-0.700804008746327,-0.753227531909943,-0.00812832537469457,-2.11394517783135,0.397068022033508,-0.631408429358848,-0.304163974991962,-1.71725829587526,-1.29516453558828,-1.11027886854548,120.651128585126,110.413929406653,0
3.18,-0.239048986024189,-0.228447765111923,0.000154761010648458,1.03729156887785,-0.0127313096397137,-0.0607057291339465,-0.231212577773094,0.251754454223648,1.00635758052929,-0.257406016801565,113.568968959995,110.413929406653,0
3.19,-0.0831906042876054,-0.0774526968598366,-0.0463143889595304,0.794076351374158,2.31634243259059,0.00553353061373084,-0.0950530341723952,1.52901183460627,1.91262184617487,0.566142169743176,111.502507688292,110.413929406653,0
3.2,-0.0188153261734678,-0.0208842772990465,0.0273294863404835,0.403754952473633,-1.37161187971588,0.0236532800856472,0.02326885609218,-0.656356182931807,-1.27024949177393,1.38014616550547,110.696273764488,110.413929406653,0
3.21,-0.0125261037003114,-0.00809460040181875,-0.0242454103881602,0.728755898415233,1.20956678052994,0.0242820163600856,-0.0124549941906769,-1.29591300029284,0.561022683773618,2.19078464422396,110.531125741633,110.413929406653,0
3.22,0.0060128474275715,-0.00441081449389458,-0.0282618657796535,-0.0140282943910501,1.4131022688931,0.0271386105058336,-0.00991883114822791,-1.39715468390795,0.212164098349434,3.00081657549331,110.480482445676,110.413929406653,0
3.23,5.41668648801827e-05,-0.0053732730448246,6.44611423096653e-05,0.235722301794477,-0.00419597145814197,-1.69575530643344e-05,-8.24725985578554e-05,0.149518075231528,-0.182282623743524,-2.47242167254499,110.499664492191,110.413929406653,0
3.24,0.00517391987093498,-0.00675672432407737,0.017159991769631,-0.0895036518880076,-0.862868787170005,0.00358195317477999,-0.0175614457211911,-0.0101696089871378,0.867438773993054,-1.66243150527274,110.524620383442,110.413929406653,0
3.25,0.00861795556044037,-0.00502024637535214,-0.00621514985234084,-0.174932218132667,0.309293069985709,0.00239629317129443,0.0103515711254855,0.0719092182360936,-0.34798354618383,-0.852287568579059,110.50037733503,110.413929406653,0
3.26,0.012151089461166,-0.00356894126161933,0.00745288609417562,-0.27904300695339,-0.373429506578837,0.00796208481853931,0.0118236919601452,-0.384940562017799,-0.262936037520011,-0.0424714762520576,110.467835638548,110.413929406653,0
3.27,0.0156338774459981,-0.00368468998931348,-0.00598800067739261,-0.459011758631573,0.29535591462469,-0.0151635607386011,0.00709511816925538,0.531246129460654,-0.125317440122718,0.767373664369287,110.474431882892,110.413929406653,0
3.28,0.0191679730579567,-0.00448182225227356,0.0250125302738983,-0.675618601789758,-1.25393899293878,-0.0193300531672351,0.0248874849353062,0.683750092210472,-1.24952363102858,1.57729249873446,110.473838569302,110.413929406653,0
3.29,0.00612242560956201,-0.00588947394862771,0.0320591142003861,-0.093790981949968,-1.60488814746496,-0.0275526726970658,0.0174963174955869,1.23361633910765,-1.03085083404694,2.38712415623558,110.527843317682,110.413929406653,0
3.3,-0.0123959193386386,-0.00560608645901084,0.0232893428298701,0.846250166139865,-1.17020403554212,-0.0239414446073284,0.0110842020827611,1.21536898749715,-0.779996828660847,-3.08606191886073,110.511038181885,110.413929406653,0
3.31,-0.01432315536209,-0.00408569863066077,-0.0463065953943189,1.01860236778303,2.31450399066234,0.0191192038161826,0.0445411001432946,-0.725165933860782,-2.42252221348183,-2.27623731709354,110.496231377535,110.413929406653,0
3.32,-0.0001459149583401,-0.00129052717238665,-0.00253158323206243,0.44950735046413,0.12595805170521,-0.00040870629513259,0.00250263141518004,0.460178788118234,-0.0784714717377457,-1.46648888386924,110.425044085463,110.413929406653,0
3.33,-0.0292984057586676,-0.00307782529853284,-0.0455042910186906,1.81773017942933,2.27244735213314,-0.0539256368014606,0.00458942007994047,2.90955287946258,0.0515947190719619,-0.656948830573589,110.47312547922,110.413929406653,0
3.34,-0.00818012545307076,-0.0015556561993435,-0.0535025784460639,0.837926531729792,2.67422202587632,-0.0516365901524992,-0.0162204472881614,2.51571282075999,1.23481711995038,0.152649161426078,110.43383375551,110.413929406653,0
3.35,-0.0103226426196032,-0.00325970491394401,0.0297083390558698,0.859816138634777,-1.4878515428976,0.0254529296401047,0.0184740556685977,-1.5560253290822,-0.729226426574233,0.962256309262322,110.458934100248,110.413929406653,0
3.36,-0.00744449431187626,-0.00407808925956488,0.00578555684925236,0.674939333734542,-0.293773225962992,0.00613733641140313,0.00715725264251264,-0.602569576432134,-0.42279512541316,1.77210355906995,110.47726939205,110.413929406653,0
3.37,-0.0108686248369407,-0.00536352675408125,-0.0284379737573842,0.781817982948429,1.4193503031826,0.0298704623896524,-0.00588224735115743,-1.61788883314177,0.0907213602259284,2.58209865903134,110.485567770804,110.413929406653,0
3.38,-0.00808280147592921,-0.00323557038791478,0.041687435121456,0.748892249957677,-2.08771927079348,-0.042390167141558,-0.00249953123918528,2.20818179092387,-0.208193501150649,-2.89118167902188,110.460514648185,110.413929406653,0
3.39,-0.0111108690503802,-0.00415433337911963,0.020736786470198,0.854310367693096,-1.03923346079643,-0.0198265806508536,-0.0126638234297736,1.2531722832385,0.48929706611591,-2.08130177062618,110.464618541709,110.413929406653,0
3.4,-0.0177319954303808,-0.000369550369214267,-0.00455457587562794,1.3746216831234,0.223688666503935,-0.0182869908672616,-0.000868209865522718,1.37954888128042,0.190961450018736,-1.27193380908561,110.431467363815,110.413929406653,0
3.41,-0.0191368014831631,-0.00260441261343658,0.0408480024080737,1.33309150441252,-2.04621433839717,0.0280236452472321,-0.0353475851904098,-1.23677217800745,2.10583015875111,-0.462337902237544,110.449775539481,110.413929406653,0
3.42,-0.0188838796510968,-0.00431555509567261,0.00864396981519595,1.23483835300341,-0.433254284782379,0.0145574732333581,-0.0148121267177671,-0.827832008766757,1.01352316134938,0.347453145988,110.477677897339,110.413929406653,0
3.43,-0.016916041322205,-0.00584189500659704,-0.010510660628637,1.06005404488626,0.521475867101453,0.0112696265450494,-0.0164201692561327,-0.761319582632711,0.903351620992005,1.15745636234302,110.521072599785,110.413929406653,0
3.44,-0.00587371776939824,-0.00519184488803148,0.015368073592249,0.540395054209853,-0.771463940979465,-0.000522117307225378,0.0164440153213509,-0.200250835295265,-0.92037113699289,1.96760715119343,110.487875033983,110.413929406653,0
3.45,-0.0110427023268252,-0.00415798788890243,0.0250769282829293,0.850502667975865,-1.25565885916167,-0.0194997866830417,0.0192497253513374,0.870419929229738,-1.24193522601823,2.77745031526941,110.480181615932,110.413929406653,0
3.46,-0.0292075369270904,-0.0038143687415868,0.0271645518368187,1.77589160130056,-1.36429966343218,-0.037102248008425,0.0146429601708085,1.99661334247135,-1.01421876923888,-2.69586809877285,110.465560711852,110.413929406653,0
3.47,0.0221698992720551,-0.00344476290047169,0.0118667653051467,-0.774526374306975,-0.596522573954813,0.0173960082436665,-0.0181577380123954,-0.551313896739383,0.807330956297863,-1.88615614472068,110.460350490773,110.413929406653,0
3.48,-0.0254834219492034,-0.00498054455965757,-0.0294930148502552,1.53130050383827,1.47514434388859,-0.0364279558746351,0.0138653074251582,2.04795757213801,-0.571665856147114,-1.07628516978283,110.473670954964,110.413929406653,0
3.49,-0.0149389544032599,-0.00267780665308237,-0.0109463702089226,1.11919253592162,0.543084535911483,-0.0144948847388311,-0.0115279528027082,0.818713634922575,0.93661130123479,-0.266557669995321,110.460691316554,110.413929406653,0
3.5,-0.0095819797528542,-0.00323816807940602,-0.00783159117714687,0.823274850138862,0.388629331127625,-0.00174950510534915,-0.0122510158042682,-0.0929971285280573,0.905630040341754,0.543370168500936,110.469529956599,110.413929406653,0
3.51,-0.0101333796336544,-0.00215175352059305,0.0335238706475544,0.905154404233948,-1.67872994457222,0.0171365605081106,0.0305429792251114,-1.24645101871914,-1.44353683023385,1.35303984303288,110.449877627636,110.413929406653,0
3.52,-0.00603818290212797,-0.000160767260240391,0.0246841520855287,0.799949907675336,-1.23979246370879,-0.00875982192591153,0.0238544028801263,0.0277748880769424,-1.47520634605848,2.16263577037296,110.403471731702,110.413929406653,0
3.53,-0.0240253411626111,0.000822921749204397,-0.054808437501,1.74848624386553,2.73910929227036,0.0580769376707217,0.0144309095372395,-2.99490525946412,-1.26113692627843,2.97201482094935,110.415546482078,110.413929406653,0
3.54,-0.00261386994201959,0.00127048301510513,-0.0345545066329377,0.700305495296836,1.72801760995913,0.0261603579105816,0.0227262385517225,-0.968189749355403,-1.59344948345246,-2.5018269739355,110.396660917079,110.413929406653,0
3.55,0.0091394684889663,-0.00142138230148703,-0.0303036942449424,-0.0219780533679707,1.51510770033528,0.0127464712569029,0.0289719043151932,-0.205528450815987,-1.50126361254454,-1.69234922906103,110.426292754783,110.413929406653,0
3.56,0.0276367595212491,-0.00216476223431528,0.0190155563135984,-0.984036973455776,-0.955475962696296,0.0334249171096728,0.00285600682115525,-1.36689557715047,0.113400006988042,-0.882895135957445,110.46122747286,110.413929406653,0
3.57,0.027895951486148,-0.000518004992045462,0.0317138187689729,-0.914651995404511,-1.58863383641503,0.0336730428301978,0.0254965997102447,-1.65139690521258,-0.795760014297345,-0.0733565023961677,110.430416846014,110.413929406653,0
3.58,-0.00809073178086274,-0.0017626890912652,-0.0368277142877749,0.822419866888814,1.84252233340923,-0.0218523139289284,-0.0307281118255483,0.812806243693594,1.8467834190229,0.736369977280972,110.423083453407,110.413929406653,0
3.59,0.0115205176845096,-0.00172254652716219,-0.0304884081081087,-0.156154968698286,1.52158385998974,-0.0122751880599293,-0.0301924678484395,0.193947808031459,1.51722973375498,1.54592419176348,110.435227440199,110.413929406653,0
3.6,0.0195215108357551,-0.00272336858324707,0.0293605877545344,-0.606270526122629,-1.47137253963422,-0.0345600495894547,0.0069811511211729,1.46869262105752,-0.612734107167093,2.35550376641971,110.44811703553,110.413929406653,0
3.61,0.0244527983464119,-0.0029040549416095,0.00598248960802167,-0.861890005615361,-0.299644369843138,-0.00540679495680755,-0.0245865023371649,0.279328341399883,0.868686829558921,-3.1181148225864,110.461661332923,110.413929406653,0
3.62,0.00936340919152415,-0.00211168546229601,0.0285086742999194,-0.0678218448045297,-1.43112268466358,-0.0122435854804727,-0.0273954842375375,0.912289056360285,1.10473554248818,-2.30842658862456,110.450330005528,110.413929406653,0
3.63,-0.00336724873669099,-0.00467780278995633,0.00100609024263356,0.44034444611136,-0.0529545623783751,-0.00328584383933413,-0.00124651991343077,0.43537344858577,0.0846012834674491,-1.49855170180125,110.48297520184,110.413929406653,0
3.64,-0.0589773460106133,-0.00225579412654042,0.0156461883788856,3.34195056770491,-0.783968653082353,-0.0254087275342021,-0.0554754641110451,1.51900942887199,3.07828699133088,-0.688819236541121,110.426507780642,110.413929406653,0
3.65,-0.0187043190725582,0.00268745119683444,-0.0215466040244294,1.57549424309966,1.07367424527549,-0.0191407894687099,-0.0211598174724676,0.876408467941048,1.69318241555046,0.12055448025833,110.364867503575,110.413929406653,0
3.66,0.0441654805411779,0.000729530001990497,0.0161758863535278,-1.66590962312225,-0.812354397617458,-0.0257217775984798,0.0393781554663211,0.849285596328057,-1.64738839245924,0.929703925343711,110.433535878528,110.413929406653,0
3.67,-0.00622242029331133,-0.0018105935305357,-0.0290716688114307,0.726452721043366,1.45403241564614,0.0110086996809089,-0.0276168240955342,-0.959962387419685,1.31164630766093,1.73925924869004,110.45306140113,110.413929406653,0
3.68,0.009851614650445,-0.00233965227380395,-0.0296558814395535,-0.103723933738576,1.47980140990303,0.0190967888470235,-0.0247353647822285,-1.1695436583191,0.912545066540159,2.54898505066048,110.437576171911,110.413929406653,0
3.69,0.0189387888510531,-0.00360027188435197,-0.0367090126710906,-0.621145766221818,1.83364100562162,0.0399253790319555,-0.0105921406517167,-1.92436598971721,0.211841775889608,-2.92461756268639,110.467817156921,110.413929406653,0
3.7,0.026977186189256,-0.00401124637573957,-0.00372967117124377,-1.04365803761309,0.185562311054415,0.0250134681880995,-0.0107705817363002,-0.989049259314623,0.381362076519739,-2.1147752116776,110.474193656243,110.413929406653,0
3.71,-0.0021349646672273,-0.000790949736256152,-0.0413471512875041,0.572955584024245,2.06741702411206,-0.0129194941584257,0.0393348657607023,1.09583075228362,-1.84435523020985,-1.30503746015285,110.432857475617,110.413929406653,0
3.72,0.0247160773549103,-0.000486866338178515,0.023767870421399,-0.754388424319467,-1.19331993764191,0.0326632782769408,0.0104358227459769,-1.40851070754301,-0.0959789302795321,-0.495706108740258,110.431780053353,110.413929406653,0
3.73,0.0241333282420315,-0.00202913116663694,-0.0178415801030026,-0.802385617586236,0.891394179789877,-0.0244211049280675,0.0174456053693134,1.09558126399978,-0.487963069345578,0.313880937758565,110.439552129193,110.413929406653,0
3.74,0.0324302440520455,-0.00178882596082985,-0.00880711958415372,-1.20524223537829,0.440498586941853,-0.0330486644008623,0.00608866701043806,1.2771902214821,-0.124229582579708,1.12343024037879,110.466596922243,110.413929406653,0
3.75,-0.0176281135240521,-0.00400893855839968,0.00147138809016082,1.1866425891748,-0.0780078304301767,0.0159608457524602,0.00762671437743081,-1.08187038274541,-0.493722929374538,1.93328323874396,110.446922081463,110.413929406653,0
3.76,-0.0139208188984653,-0.00127811834681779,0.0496792760177623,1.1378086750422,-2.4884445194389,-0.0403780826008571,0.032115885632055,1.85152595256841,-2.01465042979977,2.74288260360397,110.435742319427,110.413929406653,0
3.77,-0.0136546794989369,-0.00130410341080278,0.0136230687762642,1.123197439714,-0.682354251982531,-0.0179423680943114,0.00707882068354245,1.07410484104788,-0.757283701274648,-2.73081850569985,110.429745827062,110.413929406653,0
3.78,-0.0248079523279595,0.00177745509427041,0.0296590639462768,1.83496362305686,-1.48900365257918,-0.0334870468854026,-0.0193316389313089,2.23481170567222,0.768010426704293,-1.9214738546328,110.387993435737,110.413929406653,0
3.79,0.0210587472512818,-0.000627450353931636,0.0292424855428079,-0.578647107563726,-1.46598499392574,0.0318313481959837,-0.0168925743609653,-1.16803217209626,1.05813294176839,-1.11201369986093,110.434003865869,110.413929406653,0
3.8,0.0235635072146946,-0.0022470613475889,-0.0062796032816172,-0.784893052175863,0.313798143725341,0.00102437398418029,0.0243643786617265,0.0657554974049111,-0.842735185524162,-0.302463127365996,110.460260998878,110.413929406653,0
3.81,0.0190692267109171,-0.000557796563953161,0.0458135250528668,-0.475722996633183,-2.29723231754692,0.0307844505669488,0.0389208438810504,-1.77699511904682,-1.53162561913524,0.507174058649815,110.433342408476,110.413929406653,0
3.82,-0.000889597293531951,-0.00355906947515905,0.0110946470441191,0.372103804210016,-0.55838383326762,0.0036475671269368,0.010515599385329,-0.500417953918853,-0.447029772786864,1.31692223633969,110.46909157214,110.413929406653,0
3.83,-0.000901652276870374,-0.00275489268824458,0.0128311748875842,0.412888952281109,-0.643013811508476,-0.00600469369707145,0.011375222170512,-0.0114308300587443,-0.764076818671145,2.12664945645141,110.465815853242,110.413929406653,0
3.84,-0.00249377378281879,-0.00152441614773124,0.0252916549188032,0.553996788151095,-1.27020606764446,-0.0242535426409676,0.0075929168028144,1.13074085044231,-0.801099884348714,2.93647680347169,110.432310762637,110.413929406653,0
3.85,-0.00481195842156337,2.78734951280057e-05,0.0363113683538191,0.747521841800979,-1.820803156108,-0.0326144381261142,-0.0166723975868936,1.92306360456591,0.419451320246304,-2.53727608310825,110.421516085296,110.413929406653,0
3.86,0.0055737281890607,0.0012518793810159,-0.0385148866360861,0.28946047684497,1.92640957440212,0.0115340087178358,0.0371675877803898,-0.0156617167415095,-1.9479722602317,-1.72797945349482,110.400679907075,110.413929406653,0
3.87,0.00366553273856872,-0.00279979174956679,-0.0175297798710274,0.18224661648608,0.875386105019893,-0.00772804579773005,0.0161556993266272,0.676208286128937,-0.585027363337041,-0.918486802918807,110.460617300786,110.413929406653,0
3.88,0.0146437573839274,-0.00455580884590745,-0.0224495002311964,-0.454496587374017,1.11966343765652,-0.0207286293495644,0.0169924576279651,1.06375772504112,-0.573265090490236,-0.10868408902119,110.456731909002,110.413929406653,0
3.89,0.01748920857167,-0.00414427928626537,0.0145091176795497,-0.576230871484497,-0.727571095635024,-0.000192520851672616,0.0227233326786383,-0.184344403530136,-0.909625668801431,0.701005511051464,110.476972002194,110.413929406653,0
3.9,-0.0160900824148767,-0.00178603990934789,-0.0329481261110349,1.22064220200906,1.64832946751016,0.0140839681027415,-0.0338542701712375,-1.11953119038919,1.71860621799574,1.5107532239054,110.425032906155,110.413929406653,0
3.91,0.00981407183899385,0.00113551295362413,-0.0130759543353599,0.0715398031497984,0.650220936985393,0.00171863320752034,-0.016258625026101,-0.495203388893912,0.427409421932717,2.31995999706552,110.402222115479,110.413929406653,0
3.92,0.0109504135505184,-8.84849141584709e-05,0.00650922891876821,-0.0464883468116992,-0.327707338501653,-0.00664398876772711,-0.0108691780415366,0.328256550125734,0.0424370521675726,3.12924062261828,110.438057363025,110.413929406653,0
3.93,0.00970235658314741,-0.00460662133991718,-0.00351134887760989,-0.210053092649577,0.175397649652496,0.00939520021766013,-0.00426561919033044,-0.272828472562184,0.0212429234018601,-2.34423176084011,110.499838212611,110.413929406653,0
3.94,0.00573204979231447,-0.000563236302696168,0.0297245019280896,0.190646675724267,-1.49197484373993,0.00680569835980645,-0.0294972012151984,0.136442224295389,1.49790473954348,-1.5345416800123,110.419283726984,110.413929406653,0
3.95,-0.0116113291319028,-0.00398018443956971,-0.0449684865843007,0.886894807135713,2.24787579324351,-0.0413626828724313,0.0211214633841144,2.27081821236535,-0.826385277678793,-0.724814782524205,110.497860158916,110.413929406653,0
3.96,-0.0177378559590066,-0.00212559755891562,0.0398534607915009,1.28594215633841,-1.99516454447348,0.0412140693259581,-0.0142944171156884,-2.09702512668099,1.11212157925333,0.0849013202613462,110.46080501687,110.413929406653,0
3.97,-0.0220229249547156,-0.000922864186577499,-0.0205386232349299,1.56033537105079,1.02321961827062,0.00432161210130361,-0.0298021465131843,-0.576536176777086,1.77460725069896,0.894544358486068,110.412415022198,110.413929406653,0
3.98,-0.0147080419887327,-0.00358284777030349,0.0092266255116442,1.06154960303925,-0.464877478737683,0.0133513047784401,0.011099539548452,-0.990348132650923,-0.601838189304341,1.70409522191029,110.464744889566,110.413929406653,0
3.99,-0.00175809543742065,-0.00310578057542443,-0.0492637391286823,0.437868490239042,2.46463733415492,-0.0388202495320225,-0.0303808347281217,1.73646766828761,1.80301027191924,0.62837021169232,110.476648495727,110.413929406653,0
4,0.013578504904362,-0.00148855545558035,-0.0267554599039142,-0.248106145089968,1.33466146874751,-0.0169989251402418,-0.0247238139085417,0.422502591463729,1.29010443592645,1.43810602334501,110.430916804428,110.413929406653,0
4.01,-0.0212176330550499,-0.00111008156090975,0.0338117041339456,1.51062143497431,-1.69577734366815,-0.00463482117333483,0.0396476698128834,-0.115620252513025,-2.26809829511661,2.24758014568051,110.426145644771,110.413929406653,0
4.02,0.0311453973756252,-0.00233468762598932,-0.00681602009117423,-1.16880195891557,0.340162083205177,0.00416800255954809,-0.0316088858113109,-0.24048925966446,1.19330347271824,3.05724948436757,110.456380319642,110.413929406653,0
4.03,-0.00957584132922409,-0.00223610340617597,-0.0280185087853894,0.872163950185701,1.39989891172523,0.0146091048823881,0.0257547592932802,-0.468683742737012,-1.58136727813214,-2.41610129845799,110.426752073859,110.413929406653,0
4.04,0.00677885325707775,0.000363059632945806,-0.0175301279490865,0.184397030710884,0.873412002985753,0.00740525869641847,0.0172748482202148,0.152849182654695,-0.87948161962395,-1.60678760665194,110.420968804461,110.413929406653,0
4.05,0.0058073056854737,-0.00243981694802642,0.0257060936587223,0.0927917891341575,-1.28801655289708,0.0221163625657231,-0.0143315929811385,-0.833613283735217,0.986248371277628,-0.797155993075356,110.452272387863,110.413929406653,0
4.06,0.0229396446967594,-0.00142366602085531,-0.0116082646444672,-0.713035673784596,0.580599574043459,-0.0118943323151522,0.0227926296342978,0.589474250607079,-0.705716547446722,0.0125103745149212,110.443460323718,110.413929406653,0
4.07,0.0353342724829302,-0.00358767900615931,0.0109326090940344,-1.44101583644456,-0.551190129294014,-0.0184471791282948,0.0320582958952831,0.680630957495514,-1.38458611115882,0.822217386689106,110.486592874452,110.413929406653,0
4.08,-0.0221902948251678,-0.00511815259233117,-0.000104750311703407,1.3586312634565,0.0029834912995925,0.0221548742046446,0.00125765894901715,-1.35625202803852,-0.0804254170218912,1.63222267275985,110.496130104794,110.413929406653,0
4.09,-0.0126627533984587,-0.00136940518859774,-0.00636060054412387,1.06968201212669,0.317707098217721,0.0130202323735655,0.0055925049709807,-0.931863126389196,-0.613831019908149,2.44198495890887,110.45463379595,110.413929406653,0
4.1,0.0205658578074769,0.000311604875605553,-0.0150703740617851,-0.50768168394564,0.749810827609786,0.0172327076743313,-0.0187910741558467,-0.800915542094439,0.422482264534646,-3.03181977699469,110.424872888266,110.413929406653,0
4.11,0.0163069486482428,-0.00631031068041921,-0.00881710744280225,-0.625922655144864,0.438753224721051,0.018314350463369,-0.00287097979429366,-0.76377937777682,0.0304076390002742,-2.22196429533982,110.514248114353,110.413929406653,0
4.12,0.0109299018862748,-0.00350393285043538,0.0380105704207625,-0.216789254466671,-1.90283875993217,0.0168058191149313,-0.0358026627896801,-0.51510298414878,1.84457633153888,-1.41192095767267,110.479333823294,110.413929406653,0
4.13,0.00901608764915879,0.00126394024118781,-0.0113613572587891,0.117323848115551,0.563999457472211,-0.00425333389141726,0.0138664857143861,0.531210029099341,-0.222881534340257,-0.602361430831087,110.396666736171,110.413929406653,0
4.14,0.0112040469840511,-0.000170265499036759,-0.0257203183492944,-0.0638090714885368,1.28412693482148,-0.0274744610001972,0.0056762168350511,1.26980941632927,0.20158776882476,0.207090258278923,110.434269219441,110.413929406653,0
4.15,0.0137612565420725,-0.00290642492473125,-0.00284896512373258,-0.328518765939601,0.141739059061033,-0.0132017912247784,0.00481679274521342,0.353949450721209,-0.052290790509796,1.0168018658311,110.456960638676,110.413929406653,0
4.16,-0.0130734642765992,0.00164062390103936,-0.0319846835979288,1.24060683265177,1.5959837359719,0.0207317142810752,-0.0276429281375724,-1.60364869693164,1.23068284116523,1.8262670031616,110.372365628998,110.413929406653,0
4.17,-0.00266928218518448,-0.0020939689129591,-0.00564859123666607,0.533633267969624,0.279021110835051,0.00623452452682383,-0.000402932087970281,-0.502697260131263,-0.331530857737387,2.63559994656165,110.445840351066,110.413929406653,0
4.18,-0.00786506849885385,-0.0049334610812366,0.00617578041066264,0.651380419244352,-0.310373979673686,-0.00824594778999444,0.0056571999449439,0.491034767906105,-0.528690187672164,-2.83776524741326,110.499172828442,110.413929406653,0
4.19,0.00305261514861769,-0.00784027948975563,-0.0188486977495893,-0.0399176630333483,0.940682488976344,0.0110539109081365,0.0155692941309465,-0.450767782817812,-0.826610773497592,-2.02763037177352,110.511868424565,110.413929406653,0
4.2,0.0210014416263415,-0.00389787019230425,0.00382993637092706,-0.740268113980932,-0.195585951704806,0.0210303014530401,0.00366815809150022,-0.762234948137773,-0.0724474217523778,-1.21772788024349,110.48230269375,110.413929406653,0
4.21,0.0241014756358144,-0.00348693854175508,-0.00461055965558173,-0.87476180900782,0.229189032423418,0.0053277436731224,0.0239531529347378,-0.136594905257562,-0.893911442448017,-0.407874971351598,110.481189839866,110.413929406653,0
4.22,-0.0129112416791431,-0.000181613984750584,-0.0242131560433043,1.14115702721241,1.21096162902732,-0.0172357953500279,-0.0213519190221067,0.668260323636704,1.52384236966484,0.401786791401894,110.406463864106,110.413929406653,0
4.23,0.00942876953005688,0.000708205043338239,0.0105937342984508,0.0686630174615636,-0.534530842639296,-0.00509413663770742,0.0132355080428924,-0.252502483846252,-0.476109574941606,1.21092331623625,110.418460124137,110.413929406653,0
4.24,-0.0519618859178589,-0.00150539283640683,0.0231245797624213,3.02750049424035,-1.15977120584913,0.0367505037346411,0.0434071912542069,-2.22272934675017,-2.36014888166782,2.02033637010938,110.440174379768,110.413929406653,0
4.25,0.00476488363662136,-0.00302935810759664,0.00916495356970446,0.114931774406324,-0.45923351132921,-0.010184377274635,-0.00172596336382853,0.401891265346336,-0.250176220960871,2.83002661146228,110.451730503006,110.413929406653,0
4.26,0.0226982140528637,-0.00484914658591151,0.00198303616753288,-0.872792309712722,-0.103720080821944,0.00910661877312191,-0.0208856613051248,-0.326040044744572,0.816224332081773,-2.64327896500107,110.501050890136,110.413929406653,0
4.27,0.027016610893236,-0.00367063703015447,0.0246231286289275,-1.02982353533664,-1.23477511539842,0.0197016827513433,-0.0307902488524963,-0.674134059518774,1.45970865906083,-1.83329170063842,110.473435623324,110.413929406653,0
4.28,-0.0165046404569347,-0.00275309663265944,-0.0247344714552702,1.19209567481807,1.23700727614198,-0.0269651069615803,0.0125331656549651,1.66168220991031,-0.435994647232886,-1.02350875693396,110.447833700713,110.413929406653,0
4.29,0.0201929458929793,0.00132631906308234,-0.00696918732809315,-0.438792008827674,0.344180964838536,-0.00251971879796875,0.0212126295642479,0.243093529477743,-0.5019008861262,-0.21409962369902,110.406096074939,110.413929406653,0
4.3,0.0168061216034441,-0.00431130779907107,0.000850676500749843,-0.551391040978315,-0.045611996018177,-0.00872343271822717,0.0143899650961787,0.271552008780844,-0.482049832256998,0.595551743522134,110.472324652776,110.413929406653,0
4.31,0.0231888019946649,-0.00399425346404314,-0.0114744759384804,-0.854710958797641,0.573496282986766,-0.0247622106301408,-0.00749780372636428,0.937506958636321,0.424864110271621,1.40531106882431,110.48429075044,110.413929406653,0
4.32,-0.0128454183894212,-0.00217037717811763,-0.0273567288434664,1.03817484187674,1.36437531201933,0.0267028855178904,-0.0141545502094791,-1.64957833978431,0.467138411253109,2.21518076173071,110.438384976934,110.413929406653,0
4.33,0.00222140655364718,-0.00262916623614728,0.0128702532144671,0.261855310961762,-0.64768320228039,-0.0130414339392727,-0.000706445814392141,0.61275520610042,-0.335548493949673,3.02479299785586,110.4769386818,110.413929406653,0
4.34,0.00797207456054327,-0.00374749978072941,-0.0249199212203664,-0.0816379221922188,1.24597243441506,0.0242640961402485,0.00978826261013208,-1.01067958410741,-0.733238594135991,-2.44853499712088,110.482273981283,110.413929406653,0
4.35,-0.00178540308208469,-0.00142587022855878,0.025650276031128,0.522309381221555,-1.28658663799048,-0.00352287582302212,-0.0254698580791913,0.608460226648743,1.24815400466219,-1.63874623340585,110.430040931272,110.413929406653,0
4.36,-0.00981921313309105,0.00196745060384274,-9.13115657609847e-05,1.09368845833914,0.000527481856482772,-0.00730427373784483,-0.0065629924209723,0.80705685751571,0.73811513389052,-0.82950380342603,110.408855807019,110.413929406653,0
4.37,-0.0119166576959546,-0.00140638649463654,-0.00148858156417667,1.02983427707289,0.0728122524176089,-0.00172622549187408,-0.0118845593636014,0.093360505695656,1.02817512045012,-0.0199683932635402,110.447041228254,110.413929406653,0
4.38,0.00448571012719389,-0.000834836566355079,-0.0268121094635295,0.238293312081499,1.34118670964069,-0.0220655178204493,-0.0158784045969655,0.775244608222467,1.12007200220413,0.789527733195654,110.432174831848,110.413929406653,0
4.39,0.0131895603711295,-0.000447500293375924,-0.039541513578708,-0.177529641301648,1.97463199174998,-0.0120741808549371,-0.0398962398674498,0.122019267664893,1.97883793543123,1.59887633103364,110.431942913299,110.413929406653,0
4.4,0.0244623105909761,-0.000172359897987917,0.0178020976724903,-0.727427782232686,-0.892834099477166,-0.0295986395412904,-0.00626417259460692,1.15024358544005,-0.056952626868139,2.40845508747555,110.435170454549,110.413929406653,0
4.41,0.0333064041724151,-0.00120447995141149,-0.0123823185628003,-1.22127606364007,0.619322816024492,0.0148934078700969,-0.0322618160353982,-0.710915055299947,1.17033147365033,-3.06503536050943,110.455537811534,110.413929406653,0
4.42,0.002307353209317,-0.000223152703256346,-0.00769436186740238,0.377756959514478,0.38050908360888,0.00665431060708116,0.00449969262545436,0.0518711068193984,-0.533663631370757,-2.25567124869978,110.429662720574,110.413929406653,0
4.43,0.000556251768528223,-0.00439233938232064,0.0207506591737694,0.256782533875082,-1.0410644960497,0.00313865657268325,-0.0205194567933628,0.125002136548204,1.06495399923983,-1.44581280066793,110.484650956582,110.413929406653,0
4.44,-0.00323763139012394,-0.00266824616119266,0.0267901202478905,0.532653640682375,-1.34142201538487,0.0196290735637146,-0.0185173505379422,-0.762764695242181,1.225284841979,-0.635994394981531,110.468221642747,110.413929406653,0
4.45,-0.0111417649958645,-0.000207854289328679,-0.00601287167803172,1.0508793871132,0.296175033224346,-0.00399753788679246,-0.0120130447382504,0.110165240255215,1.08624617670414,0.173637163483092,110.427140319074,110.413929406653,0
4.46,-0.00446354257384117,-0.00205419678241014,-0.0050243221885385,0.624634703947567,0.248315750611679,0.000929222812820622,-0.00665609275227342,-0.38217973184082,0.552962817870773,0.983142779048244,110.441425708654,110.413929406653,0
4.47,0.00535076624317488,-0.00310107646510005,-0.0210873449754423,0.0815509295368561,1.05445187254897,-0.000576744391984994,-0.0217479696387668,-0.31170481068443,1.01062328126089,1.79278145719554,110.446487260531,110.413929406653,0
4.48,-0.00349180559254713,-0.000429892592364922,0.0279725879496466,0.65723694412063,-1.40457945205565,-0.0222107547618911,0.0173591692141067,0.867823830624694,-1.28517922363141,2.60238066789104,110.412959835868,110.413929406653,0
4.49,-0.0169876728155315,-0.00364017742685974,0.0133474227101566,1.17146169019036,-0.671672315304973,-0.0173999351987482,0.0128053494981792,0.960169510127179,-0.94949497236843,-2.87120765951142,110.480693539412,110.413929406653,0
4.5,-0.0240228976400249,-0.00479570869356394,0.0392784549342541,1.46540917396779,-1.96710354830499,-0.0396950962315054,-0.0233280082350994,2.21935077226137,1.04470214251044,-2.06137245648254,110.477306338484,110.413929406653,0
4.51,0.00750292766509365,-0.00245931348763406,-0.0269195829365905,0.00593341916457579,1.34408711213199,-0.00132084015360524,0.0279143914552373,0.42729061116507,-1.27437361243573,-1.25169608930801,110.436875222276,110.413929406653,0
4.52,0.0211635183202016,-0.00445740763098001,0.0151428822312405,-0.777053229578499,-0.761738454785344,0.0227407248868775,0.0126515145962086,-1.02093027052444,-0.376508403390982,-0.442035506258212,110.491788601598,110.413929406653,0
4.53,0.017459032973426,-0.00568970292806625,0.0277635421419383,-0.653492986287087,-1.39103369304698,0.0196259745611562,0.0262764766884606,-1.06289784833503,-1.11007926848631,0.36791911560964,110.492544884339,110.413929406653,0
4.54,-0.01122662643267,-0.00126842921599746,-0.0333374587246607,1.00186308915298,1.66749115252819,-0.00240305989812234,-0.0350948514515052,-0.286524708979387,1.92409978543505,1.17760096568767,110.42759931593,110.413929406653,0
4.55,0.000965159122520225,-5.26893272763118e-05,-0.0360558993332227,0.453068741456315,1.80002072863624,0.0136908339529407,-0.0333694542138806,-1.14197012715048,1.46330110937594,1.98689562588537,110.426928045925,110.413929406653,0
4.56,0.00582412016794525,-0.00391601677983999,0.0251865913848612,0.0169024789869679,-1.26261134282954,-0.0256721762453907,0.00303712498001478,1.18249548882403,-0.44291931065212,2.79659109604607,110.471823277094,110.413929406653,0
4.57,0.00478652657737984,-0.00596195319667459,0.00304731089790886,-0.0335908186321805,-0.153175059373843,-0.000577386194267552,-0.00564478215409124,0.121848661047759,0.0987109199198795,-2.67659648963272,110.512923866728,110.413929406653,0
4.58,0.00681701261807695,-0.00735781714320183,-0.0419315570818974,-0.204996618696304,2.09386516900145,0.018733019605015,0.0381287439712557,-0.805895590801265,-1.94340609661529,-1.86630277685725,110.530445982819,110.413929406653,0
4.59,0.0186888940488658,-0.00868518464267254,0.00578483965286419,-0.86504326847684,-0.29203794718462,0.0191153738061086,0.00416432645596097,-0.896734552795746,-0.171619231891753,-1.05611552095801,110.554635216652,110.413929406653,0
4.6,0.0110991042883548,-0.00756514817476273,0.035093744290658,-0.429636579271661,-1.75697396073496,0.0367394870680292,0.00222959510225204,-1.80871005515241,0.0106313376167569,-0.245703634143165,110.545003615221,110.413929406653,0
4.61,0.0051337212539114,-0.00157978315837681,0.00396666754031618,0.167903620111372,-0.203306843293503,0.000606704941223753,0.00645921468930661,-0.261582392505951,0.0331654957348094,0.564198336765333,110.453129367896,110.413929406653,0
4.62,0.00199990938125654,-0.00345565774478018,-0.0300836453933284,0.230759825298859,1.50240405079956,-0.00784589670835349,-0.0291112909800753,0.0675812254034794,1.51851928101156,1.37391826720705,110.474488363432,110.413929406653,0
4.63,-0.00857672422381919,-0.00521758385002613,0.0351698021932779,0.671431131509204,-1.7611474022242,-0.0132209228739384,0.0336998869892336,0.464158822003742,-1.82675026335755,2.18385630420983,110.504559272783,110.413929406653,0
4.64,0.00755739726448177,0.000853409292176366,0.0310758776489833,0.168318066494594,-1.55995477974021,-0.0318509879478802,-0.00288773125684674,1.51802392514851,-0.396728180268952,2.99344853319506,110.388501939045,110.413929406653,0
4.65,-0.00146792221599064,-0.000238923108554445,0.0355865970799232,0.564946624733352,-1.78462698748743,-0.028987284138191,-0.0206953629021764,1.75540813857502,0.650077257170764,-2.4803420534763,110.430256342761,110.413929406653,0
4.66,-0.00828388261838381,-0.00274126371368766,0.0140999391410356,0.780590463783673,-0.707025572963713,-0.00964820693567414,-0.0132039046475836,0.847183811120976,0.625688599184303,-1.67064970524464,110.448787851147,110.413929406653,0
4.67,-0.00436961039824057,0.00188963324762881,0.0244900241993574,0.8164634177188,-1.22923404674046,0.0126395432951727,-0.021426542549067,-0.181388698259467,1.46448864600677,-0.861269431918854,110.373956685361,110.413929406653,0
4.68,0.0328993628996382,8.93643154995516e-05,-0.0281884460345755,-1.13700788236148,1.40681404676487,-0.0264347959199493,0.0343243082044911,1.34561917587687,-1.20881004307522,-0.0521617593826665,110.435678800278,110.413929406653,0
4.69,-0.0268904010317255,-0.00298984441906214,0.043736402510166,1.69847684502261,-2.1906931208488,0.0502534593673848,0.0105145800576575,-2.75869503437774,-0.27122251033396,0.757507289039405,110.467623322072,110.413929406653,0
4.7,-0.0130110488555676,-0.00519283534958959,-0.0207437156674238,0.8943010936641,1.03717987954273,0.0129402611408677,-0.0207879477971983,-0.890760311842945,1.04022238752227,1.56738747483728,110.496547704505,110.413929406653,0
4.71,-1.42122926572903e-05,-0.00409875111654401,-0.0235963878046718,0.299131233235892,1.17643935929916,0.0170416650970115,-0.0163208875414,-1.05618155193535,0.598305599302633,2.37719321065848,110.487513020566,110.413929406653,0
4.72,0.0095527926018282,-0.00392341148108244,-0.00408103445633112,-0.170490387645667,0.20215338786916,0.00451126368217369,-0.00935730670210216,-0.209697958623423,0.161120236642447,-3.09609791450593,110.476968818301,110.413929406653,0
4.73,0.0227720285239743,-0.000757432368118316,-0.0145789518675559,-0.673163453420752,0.728996715193809,0.0267506522206408,-0.00393874680876239,-0.986315193620201,-0.108478498416336,-2.28644959964593,110.454845811817,110.413929406653,0
4.74,-0.00493009216292403,0.000732866290491074,0.00420417870697945,0.786484357974421,-0.215162667526181,-0.00451542103357241,-0.00464670853666508,0.762922329240427,0.287753607069974,-1.4771631991246,110.41852510628,110.413929406653,0
4.75,-0.00330327481387868,-0.000437412410974503,0.00228386689486488,0.646618548702678,-0.116968063195818,-0.000251624304336144,-0.0040080366389209,0.308481793923385,0.580203462719716,-0.667624914204182,110.417036138589,110.413929406653,0
4.76,-0.00686946029066039,0.00267130834981799,0.0325764773976851,0.980391925839804,-1.63116806800158,0.0332200567661377,-0.00220095269859092,-1.75325430897873,0.740254633465673,0.141669977314269,110.380421316174,110.413929406653,0
4.77,0.0384389191819413,0.00251249177381396,0.013351721702027,-1.29295308871218,-0.672817831967421,-0.0235247466158811,0.0332024890172828,0.661295969904394,-1.29888381497804,0.95073482882732,110.408287935738,110.413929406653,0
4.78,0.0256041935487176,-0.00309089291840792,-0.00544360824026445,-0.931455698131747,0.269396572458535,-0.0241186554115561,-0.0101733995838305,0.863958394961617,0.440181919903412,1.76047180627308,110.480872423384,110.413929406653,0
4.79,-0.0170771424063607,-0.00352371507324278,-0.0341369675434738,1.18093955383016,1.70723275398188,0.0379502407904564,-0.0040915241387154,-2.07468322296176,-0.0703664012874496,2.57034412201551,110.45981220305,110.413929406653,0
4.8,-0.0259791512722937,0.000487787940073758,0.0272683244768354,1.82662447778273,-1.36968856270549,-0.0326320882731543,0.0188049098784272,1.76230864648467,-1.45150679508112,-2.90318930568516,110.396893707683,110.413929406653,0
4.81,0.00852090206930993,-0.00632778508588672,-0.00355098911300812,-0.239248231801984,0.174097498243128,0.00915581249722775,-0.00117745202495916,-0.294217315105117,-0.0313978790243612,-2.09354835588084,110.522678361758,110.413929406653,0
4.82,0.0111805790685835,-0.00758902262896299,-0.000442819828762532,-0.43536398360507,0.0209202050163358,0.0105963061638556,0.00359440306468677,-0.411570323290726,-0.143489798190564,-1.2833490585781,110.520764980456,110.413929406653,0
4.83,0.00971401148002695,-0.00348423910327256,0.0190559485761317,-0.156813088403162,-0.957477662384856,0.0213889996999193,-4.34396952678703e-05,-0.923653620163552,0.297014828955174,-0.473458151653925,110.471111455629,110.413929406653,0
4.84,0.00644472952191882,-0.00329649029299617,0.0280372007616189,0.0160104357877034,-1.407204432448,0.0243408301009834,0.0153343782121439,-1.3336871214303,-0.449176258150805,0.336237848021172,110.473135850406,110.413929406653,0
4.85,0.000405170387145712,-0.00534714851528406,0.00616960713508139,0.215393756009085,-0.310484507857578,0.00217240986452974,0.00578868297839507,-0.324173416217724,-0.194182120611023,1.14619739057925,110.493753636581,110.413929406653,0
4.86,0.00307860397018247,-0.000961298937909305,0.0201722267379129,0.301030344544636,-1.01058973650439,-0.0104292518003274,0.0175393055978952,0.10055028002497,-1.04966686384375,1.9558044460235,110.430083582398,110.413929406653,0
4.87,-0.00166520624268269,-0.0010297877015546,0.0350760080905923,0.534786766861995,-1.75990414549325,-0.0320072871831385,0.0144441276156804,1.44003888415044,-1.14435462137825,2.76511653342572,110.458523938739,110.413929406653,0
4.88,-0.012649278032131,-0.00500176521018147,-0.00302138065796241,0.885325281345206,0.148950488036571,-0.00256986015629792,0.0127486781507548,0.236601982306797,-0.866029216391569,-2.70821485797139,110.502507718928,110.413929406653,0
4.89,-0.00387572736828976,-0.00310585298575461,0.0021136839502254,0.541427727442954,-0.10659278230433,-0.00434969961098794,-0.000754344595607384,0.546934561203739,-0.0732706697409891,-1.89835701403416,110.460229975902,110.413929406653,0
4.9,-0.0079532573410959,-0.00642479583621025,-0.0200388556441483,0.57927286378942,0.998126272766817,-0.0163416150718755,0.0140627754978653,0.976196948845129,-0.615510052050845,-1.0884110582118,110.529701960379,110.413929406653,0
4.91,0.00999603723954859,-0.00538917910307646,-0.0264622572355974,-0.266444424344023,1.3217274704703,-0.0226972563233986,0.0168821317933285,1.19764846827687,-0.619349888103567,-0.278342018150199,110.486496155698,110.413929406653,0
4.92,-0.0293466651907974,-0.00418940931558609,-0.0267210811730042,1.76066936563226,1.3362276010877,-0.0081591478465497,-0.0388416174134546,0.259423187882335,2.19503084866101,0.531551996771789,110.422986983256,110.413929406653,0
4.93,-0.0215488907120025,0.00337307248264551,-0.0455975617333234,1.74892971687632,2.27692118422396,0.0105915723539782,-0.04930832507815,-1.18407160698296,2.61554959105686,1.34090504593452,110.37806996664,110.413929406653,0
4.94,-0.00454062235045761,0.00077155843609944,-0.0538950524215508,0.76844609632435,2.69404352736374,0.0333045254084543,-0.042615754295434,-2.117915532715,1.83379762421352,2.15010826475764,110.398437326579,110.413929406653,0
4.95,0.000196379604459897,-0.00217243260703981,-0.0165579766982901,0.384354409366204,0.82769114621813,0.0162492347350431,-0.00318865611435844,-0.883567699680879,-0.22827410192084,2.95968019665018,110.445773914707,110.413929406653,0
4.96,0.00747921902755263,-0.00422721449285746,-0.0122825045563307,-0.0825766270227724,0.609871280387997,0.0143334977133033,0.00116167066809754,-0.542075710413775,-0.291403160847569,-2.51376173670529,110.482609424459,110.413929406653,0
4.97,0.017918205633044,-0.003930838778615,0.028025186208531,-0.589760352015039,-1.4060227324941,0.0140462351510526,-0.0301525526815264,-0.398230767869135,1.47177765053742,-1.70370863290367,110.476901902014,110.413929406653,0
4.98,0.0218887876904041,-0.00370707805268466,-0.0144866064256558,-0.777140064834066,0.723883033890895,0.00798861048882762,0.0250032576826547,-0.152369969964983,-1.05106456480002,-0.893896927583433,110.481531127166,110.413929406653,0
4.99,-0.00777971742932461,0.000831698998808861,-0.0334262177346928,0.933250660273822,1.66869611006051,-0.0339626164410765,-0.00493727858273646,1.74135761087642,0.789415716638177,-0.0843093665040962,110.398756102105,110.413929406653,0
5,0.00698563321290384,-0.000160844763740897,-0.0147866921604042,0.145346594195659,0.736039717531662,-0.0157001333971709,-0.00457724237317856,0.454525422231691,0.59689759487995,0.72502580502052,110.427191636269,110.413929406653,0
5.01,0.0141297700587156,-0.00248191365972161,-0.0146952417508077,-0.327937360793509,0.733916562349684,-0.0146517742912129,-0.0141748383463872,0.354254443291642,0.721581750395282,1.53463796797019,110.436196577225,110.413929406653,0
5.02,0.00121814734122999,-0.00397517578676343,0.021966674743074,0.242933751771415,-1.10054550143625,-0.0162194000719039,0.0148643783428866,0.595140112756305,-0.957092187132309,2.34436188100058,110.471244692283,110.413929406653,0
5.03,-0.00116122495937189,-0.00492463307455182,0.0408882289672308,0.314390062626191,-2.05065019464821,-0.0408995276956041,0.000651418267687237,2.05441006509157,-0.288802037283823,-3.12912623783314,110.495661251533,110.413929406653,0
5.04,-0.0546251410242903,-0.00374434725381434,-0.0288808968750101,3.04658255727714,1.44293329058883,-0.0203730397825954,0.0583348222440538,1.2504626442159,-3.13050553981549,-2.31924071641988,110.452212875636,110.413929406653,0
5.05,-0.0122343600337849,-0.00589065439999104,0.0225581832235221,0.819669021418193,-1.12977389101185,-0.010826636161191,-0.0232666100929091,0.7487762512407,1.17795605820533,-1.50937624398206,110.483288532416,110.413929406653,0
5.06,-0.0106979881169265,-0.0034438509028405,0.0051272197000305,0.865157455021708,-0.261297170384436,-0.00296516840975987,-0.0114866491155621,0.357126372347335,0.830201413757279,-0.699551555790106,110.471056437181,110.413929406653,0
5.07,-0.00738228683858997,-0.00302642304450274,-0.0424473219282888,0.72020794053733,2.12172867288682,-0.0413770597195556,-0.012008839528253,2.0295810394389,0.949332841164365,0.11027491509091,110.468003828931,110.413929406653,0
5.08,0.0076883541769915,-0.00423686252906919,-0.0415765935730939,-0.0938917620655216,2.08003919716526,-0.0313035752645439,-0.0284220002594844,1.33476094019236,1.5980588090757,0.920043284587675,110.493550087886,110.413929406653,0
5.09,0.0142055312121625,-0.00143578893039376,-0.0423260966332666,-0.279717734716423,2.11352958415,-0.0073220255252432,-0.0440418382386116,-0.0585826271426867,2.13115400428716,1.72985966878702,110.460182002944,110.413929406653,0
5.1,0.0321367864180349,-0.00190461287274957,-0.0350592340434826,-1.19973124678045,1.75172067063976,0.0106873284402538,-0.0463433268530025,-0.763957078372041,1.98097197225333,2.53938008648443,110.457560970729,110.413929406653,0
5.11,-0.0141465029351391,-0.00423926813527942,-0.0314640091454879,0.99765798213219,1.57358856814895,0.0278737163843965,0.0203264200419915,-1.33423924573303,-1.30050300509722,-2.93404451626938,110.476094633957,110.413929406653,0
5.12,0.00856807138560339,0.00150579493492842,-0.0184202239780598,0.149200601686747,0.917035626119647,0.0169727609552042,0.011164312976094,-0.355214946023988,-0.858508882445322,-2.12439211680522,110.396416535436,110.413929406653,0
5.13,0.012001585489063,0.000156032590894029,-0.0259950603647531,-0.0899698473510363,1.29746039589847,0.00503768735483711,0.028185154314521,0.241064673472006,-1.27803985679681,-1.31513381859869,110.429545404564,110.413929406653,0
5.14,0.0187073825212846,-0.000523582333698869,0.00114829969273279,-0.459250187277359,-0.0586003213916517,0.010065225987025,0.0158106286659358,-0.273698360543368,-0.373408542507221,-0.50560027602523,110.426142054096,110.413929406653,0
5.15,-0.00162526717956982,-0.00134431407786906,0.0385373838911605,0.516332719366259,-1.93303861102765,0.0372576351817046,0.00998198733953641,-1.99896811464109,-0.0858150654611191,0.303918993998145,110.43023479126,110.413929406653,0
5.16,-0.01800692471652,-0.00436388980597258,0.00429834460749629,1.18439847985805,-0.219260369514185,0.0180551181140364,-0.0040911873581402,-1.15955681895503,0.326041181976209,1.11364466189782,110.44929029094,110.413929406653,0
5.17,0.036560205630861,-0.00353137124329805,-0.0143812759674973,-1.50239304159902,0.718336133371739,-0.0293451530550546,-0.0261214801724477,1.16192164163695,1.19295002018035,1.92337259548973,110.50384671448,110.413929406653,0
5.18,-0.00791152547521888,-0.00424288958311081,-0.022911825118702,0.685590530777259,1.14500459281426,0.0241697055024865,-0.0018355657269875,-1.32309258658372,-0.17463075555122,2.73330882908774,110.461630830936,110.413929406653,0
5.19,0.0158952725681268,-0.00125285470858216,0.00698713364932829,-0.355234433319747,-0.354004180042584,-0.00022573781256134,-0.0173617040951803,0.187190727881218,0.465263466757195,-2.74044484513372,110.428059000408,110.413929406653,0
5.2,-0.0455001931164405,-0.00216156849637628,0.0259244348350024,2.66906664957004,-1.29981054147798,-0.0517160496432317,-0.00823371753501778,2.95586254031034,0.276226114577207,-1.93080276655426,110.453572607442,110.413929406653,0
5.21,-0.000180050478281788,-0.00618255045264959,0.0235753543187704,0.201954501262117,-1.1807163774129,0.0100877947936146,-0.0213088278802993,-0.331476015622808,1.15108663250769,-1.12100966972013,110.4887883181,110.413929406653,0
5.22,-0.0207191402298071,-0.00448561925441027,-0.0433902781357011,1.31370855510586,2.16663685869822,-0.0476500739230945,-0.00643967884909931,2.46480211920508,0.587278433445483,-0.311160107198194,110.499518447593,110.413929406653,0
5.23,0.00445226192227961,-0.00275856954976916,-0.0111614174424446,0.141492744427793,0.556015419218224,-0.0119316974481088,-0.0014263490301747,0.42068663176606,0.390123186939016,0.498533850344935,110.447720195089,110.413929406653,0
5.24,0.0123004546565361,0.000490076199639589,-0.00126109200216435,-0.0884828140074935,0.0623232647361024,-0.0122059629462956,0.00197636189729567,0.10163152157082,0.0372079497587659,1.30810470969685,110.416298163697,110.413929406653,0
5.25,-0.0183718585484845,0.00316717848181725,-0.046629036401984,1.57901129582914,2.328574013167,0.039932810208014,-0.0302846973105859,-2.55933005858593,1.16848759444471,2.11741906092633,110.38535897238,110.413929406653,0
5.26,-0.00676034368659185,-0.00166978919878602,-0.0350053722469899,0.756545883603348,1.74873843293834,0.0356419604030786,-0.00085381001197403,-1.86978257211952,-0.366552743586718,2.92686760949553,110.451228917924,110.413929406653,0
5.27,0.0113549449679328,-0.00185874314047396,-0.0384431735878369,-0.158680782470314,1.92300940613631,0.0382027190866558,0.0121393832263178,-1.68159752110633,-0.946242328277036,-2.54671755531397,110.448396737595,110.413929406653,0
5.28,0.0208560292162337,-0.00202526757493615,-0.0107448256145576,-0.642099744275086,0.532950608165889,0.0223458686486326,0.00714754408826586,-0.721400247460018,-0.419416398471908,-1.7369465368435,110.456926214884,110.413929406653,0
5.29,0.0202658262416395,-0.00502477213740349,-0.00753991520196768,-0.762627120912772,0.373896728436823,0.0116855523162555,0.0181934576585443,-0.385632235772181,-0.756760641035732,-0.927121543915873,110.501771140207,110.413929406653,0
5.3,0.0346913475218863,-0.00458550173789263,-0.0216822957394017,-1.46196681073389,1.08407582258233,-0.0174758896610476,0.0369892527901018,0.905639824317577,-1.57872855596047,-0.11723081412139,110.473544507982,110.413929406653,0
5.31,-0.00632372296673895,-0.000881033774930984,-0.0273980746917574,0.774017013454926,1.36642096722222,-0.017050654804015,-0.0223588716112754,0.557561703709221,1.46810542650692,0.692449476400071,110.4093838945,110.413929406653,0
5.32,0.0114906573303351,0.000532510515768081,0.0203935400769753,-0.0460177839321388,-1.02455735039437,-0.0100543328525458,0.0211386393517795,-0.0248728838268996,-1.02528861318913,1.50165705755947,110.42262704025,110.413929406653,0
5.33,0.0134422827729377,-0.00206134142354131,-0.0151873433929845,-0.273304683614047,0.758539592214135,-0.0193829215459548,0.00597098968575642,0.803703888824363,0.0643259055929754,0.425691057129673,110.428047041963,110.413929406653,0
5.34,0.0158967178290322,-0.00391713809221983,-0.0161027974388322,-0.48887430349013,0.804175076490896,-0.0203113214245636,-0.00997276015353791,0.726337524338828,0.598439169005038,1.23537597410592,110.490641379227,110.413929406653,0
5.35,0.0149193729389391,-0.00638347817584872,-0.0335958474797169,-0.563401441627476,1.67704291322629,0.00208436564789996,-0.0367004642561563,-0.26534607140676,1.74913852499436,2.04545253202174,110.523166528145,110.413929406653,0
5.36,0.0335279452026842,-0.0039384514093399,-0.0272266143362317,-1.37160360049353,1.36073558464724,0.0166540190245247,-0.0398504113913377,-0.918175080284738,1.69995655537317,2.85539570216413,110.484028828547,110.413929406653,0
5.37,-0.00915945188304965,-0.0034726073499769,-0.0287751759799911,0.786031148354508,1.43916873237028,0.0203396636674491,0.0223204926776361,-0.853300718557655,-1.40033192141177,-2.61796503469775,110.464262056522,110.413929406653,0
5.38,0.0143689211970111,-0.00149755459278822,-0.0274664329232059,-0.291617901779238,1.36998491684627,0.0204339902827383,0.0233092873124821,-0.606093962867181,-1.26275483812194,-1.80856620134368,110.429426247753,110.413929406653,0
5.39,0.0202460363935023,-0.00301265763118863,0.028773468147333,-0.661258400046798,-1.44237690463035,0.0325959783263831,-0.0132407196110547,-1.33659852041968,0.855112976077092,-0.999007689137411,110.453791338367,110.413929406653,0
5.4,0.0251785899939707,-0.00266371131874621,0.00064872946769492,-0.890466097159969,-0.0331017051392505,0.00537793909280117,0.0246060971127251,-0.200173248846782,-0.868306549278858,-0.189418128506648,110.4742965964,110.413929406653,0
5.41,-0.00806532143827583,-0.0015607652021572,-0.0349760235701549,0.826865701056555,1.74551781918137,-0.0237731279464059,-0.026892564443105,0.939770291892283,1.68741552177883,0.620255445184663,110.44432964036,110.413929406653,0
5.42,0.00508057251321702,-0.00259111518971622,-0.00539226345990914,0.1180139251497,0.266907705931393,-0.00578716213817953,-0.00462574066172639,-0.0793808777072586,0.280830351403161,1.42996559906202,110.465464152759,110.413929406653,0
5.43,0.0117525238195236,-0.00213707587681711,0.00412766928981716,-0.192894653112473,-0.207409415994677,-0.0117795820112717,-0.00404980462915099,0.27994598129963,-0.0430959464082342,2.23969324668293,110.436027353112,110.413929406653,0
5.44,-0.0109646376027078,0.00376860261894763,-0.0191075744194955,1.23828617275737,0.951308025015951,0.0200390137726433,0.00915208200220502,-1.06166215191808,-1.1450821277474,3.04905524157139,110.364030839228,110.413929406653,0
5.45,-0.00619038134695561,0.00059848086675629,-0.00641735002367476,0.841046019531904,0.31766404434301,0.00077147989944273,0.0088830187049139,0.313028208208751,-0.842782411363951,-2.42482556111033,110.416050358223,110.413929406653,0
5.46,-0.0162839694247232,-0.00133584090508521,0.0395929578543786,1.24897490086238,-1.98273443060151,-0.0180278244188886,-0.0388299822122757,1.33587510067597,1.92525630518923,-1.61526208269589,110.450269568031,110.413929406653,0
5.47,0.0175022198045679,-0.000195688058738597,-0.0265353710699816,-0.383316445291468,1.32334519212633,-0.0057516534239613,0.0312629508971827,0.639975876708262,-1.22008396103967,-0.805773303732837,110.414521266962,110.413929406653,0
5.48,0.0199645698822315,-0.00310838408768177,-0.024201254690149,-0.652115157113702,1.20738421218999,-0.0242762811401358,0.0198732723315777,1.2098318905682,-0.647562823629684,0.00376658760195862,110.473793815204,110.413929406653,0
5.49,0.0278640558328122,-0.00166651734616607,0.0189907546452353,-0.975000940831018,-0.951741705286491,-0.00719933668350877,0.0329427369956882,0.0545774321059875,-1.36141852936844,0.813394154282663,110.448101230302,110.413929406653,0
5.5,-0.00704834546663463,-0.00124967098236084,-0.0296340891961419,0.791456578233537,1.48099068468319,0.00858544258352223,-0.0292258206376992,-0.867675767087621,1.43766327300813,1.6230134588826,110.417598782794,110.413929406653,0
5.51,-3.14647871623985,-3.21898555755615,-0.00579482462877479,-3.12445839436358,0.278241254144809,2.54061517221225,1.85624255916833,2.35487205365552,2.07225386102411,2.20362480693677,44.1001046160706,0,0
5.52,-0.966827880850845,-1.00855493545532,-0.0315309455039272,-1.58560427844657,1.57421256036332,0.679690626514798,0.688310252678856,-0.0788489130875993,2.23295072985021,2.39509652475143,13.9005970224829,0,0
5.53,-0.336284459986943,-0.328236520290375,0.0249988954454385,0.903039777200842,-1.25400422276994,0.193515734446302,0.276159090605235,0.39916213651813,-1.4928754196858,2.45616813098934,4.54941820496513,0,0
5.54,-0.086102026065148,-0.112461142241955,0.042770207768016,-0.817417940021861,-2.14326104335974,0.0194770509691768,0.0941461313628275,2.19093729134595,-0.67936277057453,2.4765543745756,1.56829489129685,0,0
5.55,0.00500659957536536,-0.0463904067873955,-0.0227442043849179,-2.06946960230781,1.13546488056434,0.0149421259848365,-0.0178633071816011,0.366079801083793,2.33194564883264,2.48405393161603,0.683720582570739,0,0
5.56,-0.0157572782447132,-0.0219921469688416,-0.0336587555975002,0.188531299523746,1.68174083548259,0.0362994747314981,-0.00797193704634561,-1.44939759610014,0.87352326646114,2.48756599996754,0.324899771414114,0,0
5.57,-0.00894419523917982,-0.0156590938568115,-0.0320435074982409,0.164402605923518,1.60091367011294,0.0308973578288536,-0.0123344347443314,-1.37225931442623,0.840747982429556,2.48957165915296,0.23987041434179,0,0
5.58,-0.00791471357110274,-0.0132115865126252,-0.0318702989750877,0.235183280324675,1.59224708659984,0.0301560617007147,-0.0129988688114297,-1.40957836261728,0.77694967647277,2.49118904284123,0.203959621205838,0,0
5.59,-0.00759197841715766,-0.0114375008270144,-0.0318483732004556,0.307644803889804,1.59115070487615,0.0299616261852318,-0.0132006805937617,-1.45358225713306,0.716592291848193,2.49258316643763,0.177125432973326,0,0
5.6,-0.00737796271228681,-0.00993320718407631,-0.0318428028743007,0.372066467932982,1.59087299077348,0.0298440309499302,-0.0133316257573888,-1.49310296941804,0.663290171831067,2.49379615953972,0.154259105749511,0,0
5.61,-0.00719935981760554,-0.00862704031169415,-0.0318393925874402,0.428364557810974,1.59070279295668,0.0297477562812425,-0.0134405616829169,-1.52759174863867,0.616680646201768,2.49485285807096,0.134390939748164,0,0
5.62,-0.00704463465373384,-0.00748927984386683,-0.0318365905343973,0.477446794891255,1.59056320908365,0.0296647584465038,-0.0135350463822643,-1.55758766816379,0.575992552058181,2.49577352548797,0.117082942297012,0,0
5.63,-0.00690995405259075,-0.00649784505367279,-0.0318341803372369,0.520224199127799,1.59044307069058,0.0295927083636711,-0.0136174195226315,-1.58367148242278,0.540487755852668,2.49657566685268,0.102000809454911,0,0
5.64,-0.00679261180588687,-0.00563392229378223,-0.0318320938842427,0.557500956970638,1.5903389872837,0.0295300676213467,-0.0136892981003194,-1.60635601619956,0.509515221281167,2.49727452505486,0.0888584973675405,0,0
5.65,-0.00669037258833758,-0.00488114962354302,-0.0318302852722706,0.589982365459763,1.59024894120688,0.029475589812056,-0.0137520089847383,-1.62608817059227,0.482501966859188,2.49788338631037,0.0774071051069155,0,0
5.66,-0.00660130884563794,-0.00422525918111205,-0.0318287164846399,0.618284538834881,1.59017080752992,0.0294282097426267,-0.013806699202889,-1.64325536674739,0.458945277498876,2.49841383176792,0.0674295651910662,0,0
5.67,-0.00652371955529296,-0.00365380686707795,-0.0318273550270303,0.642943845489553,1.59010287091292,0.0293869923243228,-0.0138543901700123,-1.65819300448122,0.438406077088281,2.49887595534058,0.0587365389476005,0,0
5.68,-0.00645611792147069,-0.00315593765117228,-0.0318261729733249,0.664428012612106,1.59004399402007,0.0293511244579201,-0.0138959791954225,-1.67119231797015,0.420500562687546,2.49927855380793,0.0511628984506879,0,0
5.69,-0.00639722727929944,-0.0027221878990531,-0.0318251462769585,0.683145792151808,1.58999294592576,0.0293199123133443,-0.0139322357987015,-1.68250644343157,0.404892342777243,2.49962929272287,0.044564659490101,0,0
5.7,-0.00634593268847298,-0.0023443060927093,-0.0318242542047924,0.699453493204249,1.58994834934127,0.0292927523567394,-0.0139638346003029,-1.69235491269174,0.391287352487612,2.49993485145211,0.0388162989736884,0,0
5.71,-0.00630124415794911,-0.00201510032638907,-0.0318234788605086,0.713660758612324,1.58990983219226,0.0292691095680201,-0.0139913798396926,-1.70092851435211,0.379430022466146,2.50020104958977,0.0338084070854808,0,0
5.72,-0.00626230851177916,-0.00172830279916525,-0.0318228047813397,0.726037925034143,1.58987620807264,0.0292485248912336,-0.0140153916725452,-1.70839261044304,0.369096348081292,2.50043295747728,0.0294456328249928,0,0
5.73,-0.00622840269665698,-0.00147845165338367,-0.0318222185953092,0.736821588909738,1.5898468969091,0.0292306116185751,-0.0140363079505756,-1.71489188763635,0.360090298694625,2.5006349924572,0.0256448872532586,0,0
5.74,-0.0061988644696254,-0.00126078759785742,-0.0318217087291738,0.746216303148553,1.58982146657097,0.0292150143706114,-0.0140545367224299,-1.72055122393017,0.352242178744928,2.50081100288367,0.0223337731638327,0,0
5.75,-0.00617311742531512,-0.00107116403523833,-0.0318212651593712,0.754400316427282,1.58979958775049,0.0292014245196661,-0.0140704335793885,-1.72547925421978,0.345403980715895,2.50096434138353,0.0194492135633438,0,0
5.76,-0.00615069855235011,-0.00090596848167479,-0.031820879198655,0.761530875063697,1.58978019986955,0.0291895970831085,-0.0140842773255521,-1.72977100130407,0.339444606114235,2.50109792864371,0.0169362545006164,0,0
5.77,-0.00613116467038133,-0.000762053998187184,-0.0318205433136646,0.767742968958229,1.58976356955688,0.0291792952116311,-0.0140963430699106,-1.73350887802614,0.334252065482868,2.50121430909605,0.0147470206191153,0,0
5.78,-0.00611415042299487,-0.000636678538285196,-0.0318202509680279,0.773155260100588,1.5897490146772,0.0291703252423166,-0.0141068540901491,-1.73676448479637,0.329727327102787,2.50131569934267,0.012839804305675,0,0
5.79,-0.00609932562440822,-0.000527453725226223,-0.0318199964877653,0.777870507753585,1.58973627239022,0.029162511568066,-0.0141160146144856,-1.7396000218258,0.325784755090902,2.50140403039722,0.0111782716211484,0,0
5.8,-0.00608641830987795,-0.000432298780651763,-0.0318197749454411,0.781979021662603,1.58972527841926,0.0291557107382176,-0.0141239901150745,-1.74207022342498,0.322349170654493,2.50148098450667,0.0097307701927621,0,0
5.81,-0.00607516626572995,-0.000349401088897139,-0.0318195820602922,0.785558207870022,1.58971568292989,0.0291497828035666,-0.0141309451259575,-1.7442217362209,0.319355891443629,2.5015480271987,0.00846972609175321,0,0
5.82,-0.00606537084191563,-0.00027718156343326,-0.0318194141120083,0.788676988833855,1.58970709709233,0.0291446237275094,-0.0141369991746244,-1.74609598673909,0.316747300470586,2.50160643516885,0.00737111832202698,0,0
5.83,-0.00605682170784462,-0.000214264568057843,-0.0318192678664671,0.791393543267039,1.58970000149594,0.0291401206889743,-0.0141422863424064,-1.74772858371517,0.314475170317,2.50165732066529,0.00641402097783824,0,0
5.84,-0.0060493915483083,-0.000159451708896086,-0.0318191405114654,0.793761349687834,1.58969351591271,0.0291362088486624,-0.0141468786281725,-1.74915115699832,0.312494455574169,2.50170165262689,0.0055802043813678,0,0
5.85,-0.00604290985376995,-0.000111699046101421,-0.0318190296010873,0.795824013913123,1.58968811951664,0.0291327961742838,-0.0141508865914223,-1.75039046555587,0.310769040517646,2.50174027519518,0.00485378761854247,0,0
5.86,-0.00603725692647521,-7.00971140759066e-05,-0.0318189330075123,0.797620967102456,1.58968323854849,0.0291298197469198,-0.0141543834356989,-1.75146987693701,0.309265704962132,2.50177392378106,0.00422093585054673,0,0
5.87,-0.00603235252980969,-3.38536046911031e-05,-0.0318188488793326,0.799187762941283,1.58967906312425,0.0291272391294805,-0.0141574136671839,-1.75241101143747,0.307954949892669,2.50180323903737,0.00366959664154378,0,0
5.88,-0.00602805955447698,-2.27826240006834e-06,-0.031818775605363,0.800552015345566,1.58967537375429,0.0291249789860422,-0.0141600699885051,-1.75323038321878,0.306813537108773,2.50182877910415,0.00318927027654716,0,0
5.89,-0.00602432591075289,2.52301979344338e-05,-0.0318187117833499,0.80174114621479,1.58967228327378,0.0291230139137554,-0.0141623791366448,-1.7539446274608,0.305818700448626,2.50185103021605,0.00277080968262533,0,0
5.9,-0.00602108156339584,4.91956016048789e-05,-0.0318186561926658,0.802777812083745,1.58966931589123,0.0291213070722407,-0.0141643841907934,-1.75456703619509,0.304951250132921,2.50187041599784,0.00240624613745587,0,0
5.91,-0.00601823870624702,7.00743112247437e-05,-0.0318186077706998,0.803680412051333,1.58966711144936,0.0291198103804402,-0.0141661441824589,-1.75510923309932,0.304196169976318,2.50188730549335,0.00208863744577516,0,0
5.92,-0.00601577667098483,8.82638996699825e-05,-0.0318185655922383,0.804467766333517,1.58966491694167,0.0291185152840457,-0.0141676657553577,-1.75558195745242,0.303537355019659,2.50190202022042,0.00181193567597754,0,0
5.93,-0.00601362343587206,0.000104110760730691,-0.0318185288516667,0.805153571710923,1.58966303330858,0.0291173820895208,-0.0141689980367585,-1.75599372004818,0.302963510439874,2.50191484026244,0.00157087194984146,0,0
5.94,-0.00601174353257707,0.000117916613817215,-0.0318184968476385,0.8057511217533,1.58966160559249,0.0291163925031659,-0.0141701619449549,-1.75635265277399,0.302463633508825,2.50192600965399,0.00136085607896627,0,0
5.95,-0.00601011460976541,0.000129944368381985,-0.0318184689692277,0.806272427822861,1.58966008632428,0.0291155356928837,-0.0141711688468043,-1.75666555529527,0.302027390743035,2.50193574101213,0.00117788912734967,0,0
5.96,-0.00600869585498541,0.000140422955155373,-0.0318184446845258,0.806726881416217,1.58965886058145,0.0291147894848929,-0.0141720457687066,-1.756938402004,0.301647154450854,2.50194421953437,0.00101848724558948,0,0
5.97,-0.00600746209296726,0.000149552055518143,-0.0318184235301345,0.807123195281288,1.58965778667716,0.0291141407593148,-0.0141728079288565,-1.75717633134338,0.301315568251952,2.50195160656843,0.000879615321117633,0,0
5.98,-0.00600637548253742,0.000157505346578546,-0.0318184051025627,0.807468150268042,1.58965703188338,0.0291135685916694,-0.0141734813495549,-1.75738356946316,0.301027046117939,2.50195804269221,0.000758629170802272,0,0
5.99,-0.00600543152590956,0.000164434284670278,-0.0318183890503737,0.807769084776655,1.58965625945125,0.0291130717472273,-0.0141740658603706,-1.75756426492282,0.30077528522094,2.50196365039157,0.000653225186482327,0,0
6,-0.00600461305935602,0.000170470826560631,-0.0318183750673847,0.808031730154574,1.58965544165751,0.029112641244234,-0.014174571940834,-1.75772184977006,0.300555484010629,2.50196853634925,0.00056139646327987,0,0
6.01,-0.00600390978977681,0.000175729976035655,-0.0318183628869447,0.808261314700936,1.58965486511925,0.0291122720401047,-0.0141750049817282,-1.7578597035354,0.300363456042522,2.50197279352906,0.000481394581561837,0,0
6.02,-0.006003291649042,0.000180311762960628,-0.0318183522768545,0.808461330199284,1.5896542446196,0.0291119471471889,-0.0141753866097807,-1.75797970659728,0.300196087677463,2.50197650291122,0.000411696316472972,0,0
6.03,-0.00600274468317137,0.00018430344061926,-0.0318183430346815,0.808635436122364,1.5896539011742,0.0291116590727267,-0.0141757258451671,-1.75808432250375,0.300050510810573,2.50197973503567,0.00035097462956646,0,0
6.04,-0.00600226202154679,0.000187780999112874,-0.0318183349842319,0.80878708365941,1.58965352045324,0.029111404445035,-0.0141760263043525,-1.75817537786779,0.299923661025822,2.5019825513912,0.000298073398635179,0,0
6.05,-0.00600185404845219,0.000190810664207675,-0.0318183279719244,0.808920099148348,1.5896531941618,0.0291111900969077,-0.0141762780055124,-1.75825524648923,0.299812429208811,2.50198500549273,0.000251985404487337,0,0
6.06,-0.00600149138545553,0.000193450119695626,-0.0318183218640621,0.809035894223761,1.58965282003444,0.0291109990468153,-0.0141765030804873,-1.75832470311555,0.299715539803155,2.50198714402453,0.000211833153631916,0,0
6.07,-0.00600118624727926,0.000195749613340013,-0.0318183165441148,0.809137588846179,1.58965247254002,0.0291108390674972,-0.0141766904763526,-1.75838568208368,0.299630462702824,2.50198900761558,0.000176852167329342,0,0
6.08,-0.00600092344789599,0.000197752990061417,-0.0318183119105691,0.809226613205144,1.5896522947898,0.0291107015150467,-0.0141768512853748,-1.75843916260615,0.299556073653881,2.50199063168487,0.000146376428312292,0,0
6.09,-0.00600067543935785,0.000199498404981568,-0.0318183078750534,0.809303495254651,1.58965216721787,0.029110570312946,-0.0141770066592079,-1.75848537321624,0.299491823521784,2.50199204708149,0.000119825696369756,0,0
6.1,-0.00600046779193847,0.000201019036467187,-0.0318183043604631,0.809371170342007,1.58965203846124,0.0291104610422375,-0.014177135253835,-1.75852603286133,0.299435279340554,2.50199328066692,9.66944635675167e-05,0,0
6.11,-0.00600028829092404,0.000202343828277662,-0.0318183012997157,0.809430473092882,1.58965183407894,0.0291103666902294,-0.0141772461477564,-1.75856158704867,0.299385685894924,2.50199435585581,7.65423270313993e-05,0,0
6.12,-0.00600013930914944,0.000203498013434,-0.0318182986344209,0.809482782218439,1.58965153170543,0.0291102889158929,-0.0141773368074416,-1.75859284690939,0.299341887748212,2.50199529307968,5.89856048297525e-05,0,0
6.13,-0.00600000031646664,0.000204503536224365,-0.0318182963135986,0.80952816703271,1.58965151430801,0.0291102156758944,-0.0141774231579817,-1.75862016642789,0.299304026692319,2.50199611008096,4.36900300125582e-05,0,0
6.14,-0.00599987482655944,0.000205379561521113,-0.0318182942928385,0.809567760261499,1.58965155923027,0.0291101492513217,-0.0141775019028683,-1.75864404771233,0.299271033787164,2.50199682234568,3.03643865028424e-05,0,0
6.15,-0.00599978099674097,0.00020614275126718,-0.0318182925335316,0.809603301825608,1.58965130590532,0.0291101006399559,-0.0141775580580678,-1.75866524403096,0.299241274109972,2.50199744336257,1.87549634183356e-05,0,0
6.16,-0.00599968182278624,0.000206807657377794,-0.0318182910019942,0.80963366818086,1.58965129244058,0.0291100478945541,-0.01417762095131,-1.75868352004677,0.299215949651594,2.50199798488027,8.64072781515723e-06,0,0
6.17,-0.00599960950715555,0.00020738692546729,-0.0318182896688503,0.809661100949906,1.58965121550807,0.0291100103572808,-0.0141776644299484,-1.75869997341959,0.299193062840084,2.50199845713053,-1.70887040711813e-07,0,0
6.18,-0.00599954451333985,0.000207891600439325,-0.0318182885086251,0.809685174850094,1.58965106959252,0.0291099764737073,-0.0141777038932917,-1.75871434856972,0.299172935881029,2.50199886905682,-7.84764661358547e-06,0,0
6.19,-0.00599947600584211,0.000208331272006035,-0.0318182874990269,0.809705826975514,1.58965114630376,0.0291099398686613,-0.014177747795695,-1.75872684425046,0.299155779646293,2.50199922842504,-1.45357103817008e-05,0,0
6.2,-0.00599942634525443,0.000208714307518676,-0.0318182866206316,0.809724593220589,1.58965104547515,0.0291099139687251,-0.0141777779880425,-1.75873805814813,0.299140111098184,2.50199954199406,-2.03624131283169e-05,0,0
6.21,-0.00599938652653162,0.000209048026590608,-0.031818285856526,0.809741388841862,1.58965104147723,0.0291098934690991,-0.014177801513635,-1.75874816158784,0.299126151622669,2.5019998156618,-2.54386908463523e-05,0,0
6.22,-0.0059993460182135,0.000209338759304956,-0.0318182851920976,0.809756003370615,1.58965085442081,0.0291098721452868,-0.0141778266633842,-1.75875680592737,0.299113893959681,2.50200005458665,-2.98611910699885e-05,0,0
6.23,-0.00599930268580859,0.000209592049941421,-0.0318182846143551,0.809768606928172,1.58965107304254,0.0291098487760182,-0.0141778550124272,-1.75876456640826,0.299103545178705,2.5020002632239,-3.37141131089493e-05,0,0
6.24,-0.00599927568026437,0.000209812715183944,-0.0318182841121999,0.809780397633127,1.58965094832974,0.0291098348381999,-0.0141778710752075,-1.75877155835427,0.299093690071575,2.50200044546828,-3.7070815840334e-05,0,0
6.25,-0.0059992511947678,0.000210004960536025,-0.0318182836759171,0.809790895134093,1.58965098941409,0.029109822131569,-0.0141778858243206,-1.75877790457706,0.299085011926072,2.50200060473267,-3.99952059533296e-05,0,0
6.26,-0.0059992296805858,0.000210172453080304,-0.0318182832970028,0.809800305119368,1.58965081296558,0.0291098109605375,-0.0141778988066118,-1.75878342116944,0.299077111717154,2.50200074397168,-4.2542962053104e-05,0,0
6.27,-0.00599921068645146,0.000210318379686214,-0.0318182829680441,0.809808764168417,1.58965080231562,0.0291098010863733,-0.0141779103046513,-1.75878849798532,0.299070104124782,2.50200086576427,-4.47625916663513e-05,0,0
6.28,-0.00599919352277119,0.000210445490665734,-0.0318182826826698,0.809816375142632,1.58965077442013,0.0291097921241978,-0.0141779208025696,-1.75879305022796,0.299063793417867,2.50200097235552,-4.66963541688245e-05,0,0
6.29,-0.00599918254004673,0.000210556245292537,-0.0318182824352084,0.809823478377309,1.58965087784539,0.0291097866939492,-0.0141779267492912,-1.75879740082038,0.299057991756171,2.50200106570731,-4.83810650708621e-05,0,0
6.3,-0.00599916903727462,0.000210652739042416,-0.0318182822208226,0.80982974346276,1.58965081546051,0.0291097796226846,-0.0141779350732203,-1.75880111466445,0.299052783879909,2.50200114753272,-4.98488011348083e-05,0,0
6.31,-0.00599915736495658,0.00021073680545669,-0.0318182820352431,0.809835479486535,1.58965073583209,0.0291097735245591,-0.0141779422383031,-1.75880449588672,0.299048007877228,2.50200121930635,-5.11275061434513e-05,0,0
6.32,-0.00599913485714057,0.00021081003069412,-0.0318182818747064,0.809840132342105,1.58965094779977,0.029109760854907,-0.0141779583672176,-1.75880746193845,0.299044290402304,2.50200128231548,-5.22415258798411e-05,0,0
6.33,-0.00599912501527753,0.000210873840842396,-0.031818281736035,0.809844948291378,1.58965085093617,0.0291097556545585,-0.0141779645688134,-1.7588102752666,0.299040271153915,2.50200133769737,-5.32120704081541e-05,0,0
6.34,-0.00599912135436905,0.000210929429158568,-0.0318182816163993,0.809849662770661,1.58965088538549,0.0291097540644505,-0.0141779660160457,-1.75881313139996,0.299036423386312,2.50200138643201,-5.40576181439005e-05,0,0
6.35,-0.00599911334296026,0.000210977857932448,-0.0318182815133783,0.80985380220132,1.58965077126694,0.0291097498089422,-0.0141779711322555,-1.75881552337247,0.299032958507148,2.50200142937887,-5.47942667835174e-05,0,0
6.36,-0.00599910785159753,0.000211020043934695,-0.0318182814247827,0.809857755887485,1.5896508229505,0.0291097469976235,-0.0141779743819815,-1.75881793600106,0.299029750491928,2.5020014672814,-5.54360414778301e-05,0,0
6.37,-0.00599910419068905,0.000211056802072562,-0.0318182813487932,0.809861530045794,1.58965085739345,0.0291097452266905,-0.014177976298431,-1.75882022632898,0.29902668395299,2.50200150079209,-5.59951617776771e-05,0,0
6.38,-0.00599910236023481,0.000211088816286065,-0.0318182812837574,0.809865158828872,1.58965087459535,0.0291097445027646,-0.0141779768643006,-1.75882241490811,0.299023730502211,2.50200153047146,-5.64822734455821e-05,0,0
6.39,-0.00599909434882602,0.000211116712307557,-0.0318182812282727,0.809868272915366,1.58965076047042,0.0291097400499707,-0.0141779824922553,-1.75882418991468,0.299021117498533,2.5020015568132,-5.69066494208794e-05,0,0
6.4,-0.00599909068791753,0.000211141028557904,-0.0318182811811429,0.809871425762609,1.58965079490818,0.0291097381594427,-0.014177984719022,-1.7588261063869,0.299018567167473,2.50200158025539,-5.7276369170575e-05,0,0
6.41,-0.00599908885746329,0.000211162201594561,-0.0318182811412481,0.80987451316989,1.58965081210638,0.029109737331307,-0.0141779855552739,-1.75882796920981,0.299016063511538,2.50200160116188,-5.7598472605352e-05,0,0
6.42,-0.00599908702700905,0.000211180653423071,-0.0318182811076868,0.809877464688073,1.58965082930315,0.0291097364771543,-0.014177986459157,-1.75882975026783,0.29901367274183,2.50200161987493,-5.78790917811228e-05,0,0
6.43,-0.00599908519655481,0.000211196718737483,-0.0318182810796265,0.809880297031308,1.58965084650038,0.0291097355999134,-0.0141779874227893,-1.7588314596145,0.29901138100286,2.50200163664821,-5.81235699622212e-05,0,0
6.44,-0.00599908519655481,0.000211210717679933,-0.0318182810563727,0.809883117707393,1.58965084645634,0.0291097357955603,-0.0141779869689078,-1.75883314766822,0.299009091250237,2.5020016517635,-5.83365614714862e-05,0,0
6.45,-0.00599908336610057,0.000211222926736809,-0.031818281037294,0.809885757480847,1.58965086365246,0.029109734881307,-0.0141779880286895,-1.75883474114268,0.299006959502443,2.50200166541795,-5.85221215628704e-05,0,0
6.46,-0.00599908153564633,0.000211233549634926,-0.0318182810218456,0.809888318046651,1.58965088084882,0.0291097339518551,-0.0141779891278237,-1.75883628695886,0.299004893552992,2.50200167779497,-5.86837829714617e-05,0,0
6.47,-0.00599907901560026,0.000211242804653011,-0.0318182810095731,0.809890775824616,1.58965071499899,0.0291097325975875,-0.0141779908145171,-1.75883762422645,0.299002802776228,2.50200168905977,-5.88246238850651e-05,0,0
6.48,-0.00599907901560026,0.000211250866414048,-0.0318182810000067,0.809893300017354,1.58965071495346,0.0291097327358907,-0.0141779905090888,-1.7588391338766,0.299000759379059,2.50200169935592,-5.89473265899215e-05,0,0
6.49,-0.00599907535469177,0.000211257894989103,-0.0318182809929233,0.809895589569637,1.58965074938643,0.0291097306796768,-0.0141779931659096,-1.75884053089986,0.298998926240674,2.50200170884569,-5.90542248550593e-05,0,0
6.5,-0.00599907535469177,0.000211264021345414,-0.0318182809879289,0.80989801711275,1.58965074933865,0.0291097307992356,-0.0141779929092273,-1.75884198238847,0.298996963168357,2.50200171756103,-5.91473564090997e-05,0,0
