t,iq,iq_ref,id,vq,vd,ia,ib,va,vb,theta_e,omega,r,"T_ass:1.29,S_pct:-1.03,kp:0.0389,ki:0.0034"
0,0,0,0,0,0,0,0,0,0,0,0,0,0
0.01,0.000438561194229494,6.23610003458452e-06,0.000247265921135819,-0.0216138404731209,-0.0123706679625597,0.000261143331731168,-0.000430442234372384,-0.012779642393168,0.0213745705486722,-2.08288607535271,-0.00153838865159814,0,0
0.02,0.000531197086230992,6.86626162860193e-06,0.000297553551354392,-0.0262137005058618,-0.0148865417189493,0.000317248817035755,-0.000519674560117504,-0.0155563493610623,0.0258218359749577,-2.08289831657317,-0.00176998721298602,0,0
0.03,0.000566282518277262,7.03638488630531e-06,0.000316909143398399,-0.0279593688802429,-0.0158549001435814,0.000338341769917793,-0.000553743751571825,-0.0166032159386286,0.0275215803913893,-2.08291122576178,-0.00178519955338696,0,0
0.04,0.00055606106203333,6.42572467768332e-06,0.000311460650225496,-0.0274789817452785,-0.0155823182003827,0.000332094885083569,-0.000543989548291007,-0.0163176996187148,0.0270487662825631,-2.08292339362069,-0.00164116640994796,0,0
0.05,0.000569016425908505,6.24693848294555e-06,0.000319269100342284,-0.0281357068262039,-0.0159729721341188,0.00033955525778345,-0.000557148703936997,-0.0166984143009736,0.0277113117199542,-2.08293501926964,-0.00158667136285163,0,0
0.06,0.000570541902203163,5.88493048780947e-06,0.000320594618350569,-0.0282301585042646,-0.0160392790402077,0.000340229276190255,-0.000559055463355833,-0.016747947158229,0.0278155817356157,-2.08294606748586,-0.0014954231592365,0,0
0.07,0.000579439584990657,5.68317091165227e-06,0.000326256415014774,-0.0286851598294716,-0.0163225456691663,0.000345204935407202,-0.000568354672333171,-0.0170054639111373,0.0282856516405643,-2.08295629438213,-0.00143834313325792,0,0
0.08,0.000570934868091304,5.18552678840933e-06,0.000321778688753152,-0.0282849305801329,-0.0160985281995248,0.000339980329142612,-0.000560287001396796,-0.0167660970013807,0.0278944062394976,-2.08296612208315,-0.0013210995470876,0,0
0.09,0.000568712044148133,4.82540235680062e-06,0.000321015451849203,-0.0281918788438466,-0.0160603368804,0.000338411687690518,-0.000558535441238559,-0.016703448663389,0.0278156656617739,-2.08297522176334,-0.00123321675319545,0,0
0.1,0.000567674140337474,4.50767129223095e-06,0.000320883949599998,-0.0281559420031384,-0.0160537575156987,0.000337566675686029,-0.000557915027746221,-0.0166751115789957,0.0277924603855972,-2.08298371703741,-0.00115496584146518,0,0
0.11,0.000566892318012683,4.21392905991524e-06,0.00032085997842696,-0.0281316040052729,-0.0160525648270082,0.000336892500181778,-0.000557513649428615,-0.0166542606084128,0.0277796253578384,-2.08299166083973,-0.00108248532821755,0,0
0.12,0.000566195421492171,3.93977916246513e-06,0.000320854394992533,-0.0281105281573865,-0.0160522844734096,0.000336283632288583,-0.000557169737835356,-0.0166358204713217,0.0277691754891722,-2.08299909129719,-0.00101481418335376,0,0
0.13,0.000588231678251812,4.07863944928977e-06,0.000333695787212743,-0.0292053293290896,-0.0166947341584197,0.000349194194334754,-0.000579165607011827,-0.0172750511268145,0.0288658625093176,-2.08300629080646,-0.00103233014449026,0,0
0.14,0.000601384431590983,3.46147794516583e-06,0.00034162468467272,-0.029893804078514,-0.0170914213550677,0.000356768912315116,-0.000592525613744447,-0.0176805483509237,0.0295491863886588,-2.08301315420759,-0.00102029449287114,0,0
0.15,0.000570918300644734,3.29981253344158e-06,0.000324381071714718,-0.0283788027223366,-0.0162287143174408,0.00033866042752617,-0.000562565463324626,-0.0167826218820949,0.0280547895218096,-2.08301964706988,-0.000851936943471523,0,0
0.16,0.000564964180094914,2.99279690807452e-06,0.000321447790388957,-0.0280965250039625,-0.0160819671259757,0.000334904947679028,-0.000557092346704178,-0.0166083372005744,0.0277886221207757,-2.0830253525911,-0.000780151363093278,0,0
0.17,0.000563490163798887,2.78089873972931e-06,0.000320947940151884,-0.0280334679400077,-0.0160569598863836,0.000333862172550072,-0.000555935962792461,-0.0165654836528226,0.0277360061451616,-2.08303062292103,-0.000728569021197019,0,0
0.18,0.000562855259217202,2.59635817201342e-06,0.000320861944310597,-0.0280109910742066,-0.0160526655909873,0.00033334817357266,-0.000555551460542597,-0.0165478600701655,0.0277213279017,-2.08303554089186,-0.000683144786406208,0,0
0.19,0.000562396648848153,2.4262149054266e-06,0.000320846385372596,-0.0279966055418901,-0.016051877086388,0.000332953498623356,-0.000555314650803272,-0.0165355799669855,0.0277136658531514,-2.08304013919319,-0.000641166566612065,0,0
0.2,0.000561992135744323,2.26750626097783e-06,0.000320842863780662,-0.0279843504941665,-0.0160517013587843,0.000332600244483622,-0.000555114746018224,-0.0165248648501712,0.0277075771365079,-2.08304444026665,-0.000601991441515719,0,0
0.21,0.000561618181806092,2.119124701494e-06,0.000320841445305305,-0.0279731046898213,-0.016051627443976,0.000332272752030304,-0.000554931557418558,-0.0165149872762039,0.0277020671585123,-2.08304846362692,-0.000565362082323675,0,0
0.22,0.000561269104088581,1.98033649212448e-06,0.000320840437111284,-0.0279626208416359,-0.0160515843449103,0.00033196688717632,-0.000554760830546482,-0.0165057659884393,0.027696953143798,-2.08305222726035,-0.000531100279915142,0,0
0.23,0.000560942785569692,1.85050998879888e-06,0.000320839547976569,-0.0279528248257989,-0.0160515441158505,0.000331680937804854,-0.000554601279952894,-0.01649714960211,0.0276921746934129,-2.0830557479435,-0.000499050684387454,0,0
0.24,0.000560637538222829,1.72906459283695e-06,0.000320838725225992,-0.027943661403541,-0.0160515038486041,0.000331413449455451,-0.000554452037952097,-0.0164890909531314,0.0276877024683678,-2.08305904136116,-0.00046907003678051,0,0
0.25,0.000560351965064129,1.61545892751747e-06,0.00032083795694791,-0.0279350879176924,-0.016051463544684,0.000331163201968516,-0.000554312414646921,-0.0164815524469832,0.0276835158141604,-2.08306212218395,-0.000441024700444189,0,0
0.26,0.000564445096978974,1.5890632312221e-06,0.000323338010096359,-0.0281410624381254,-0.0161765359367096,0.000333503939756384,-0.000558498754200622,-0.016599703995041,0.0278935393475828,-2.08306494100843,-0.000431293621398442,0,0
0.27,0.000553832743569629,1.2994448752579e-06,0.000317297854838349,-0.027625007022983,-0.0158743445323007,0.000327212895846359,-0.000548033171739376,-0.0162979348504376,0.0273772377525735,-2.08306779742157,-0.000367436573571491,0,0
0.28,0.000553294088280223,1.78943116679875e-06,0.000317141268013919,-0.0275735968637846,-0.0158665157461125,0.000326818756735029,-0.000547633483499219,-0.0162568924004675,0.0273452558117083,-2.08307032015032,-0.000343356724550483,0,0
0.29,0.000558237243841005,1.20888773835759e-06,0.000320207097572029,-0.0278497708742297,-0.0160199006593437,0.000329623363628371,-0.000552729449095145,-0.0164223684778872,0.0276143580127953,-2.0830725952572,-0.000341500662546878,0,0
0.3,0.000551084893691792,1.02071260243974e-06,0.000316427285071748,-0.0275016152039448,-0.0158307926377142,0.000325240933902128,-0.000545929594094003,-0.0162115517961752,0.0272789006876025,-2.08307432091184,-0.000300211534849671,0,0
0.31,0.000557558619081856,1.06576203506847e-06,0.000320084931208021,-0.0278230272234082,-0.0160137816700743,0.000329089680180481,-0.000552291552803063,-0.0164019545291866,0.0275959767878185,-2.08307631509683,-0.000306416492052513,0,0
0.32,0.000558587589417176,1.01548914699379e-06,0.000320706485874188,-0.0278769979321061,-0.0160448883667314,0.000329680818262019,-0.000553338326164696,-0.0164336956863295,0.0276495768954361,-2.08307826265086,-0.000293112566450684,0,0
0.33,0.000558637090477659,9.51673030158418e-07,0.000320811800858695,-0.0278826769876705,-0.0160501535244326,0.000329671326241467,-0.000553454991017098,-0.0164360141033305,0.0276569800331082,-2.08308009940147,-0.000277196133967945,0,0
0.34,0.000558517606913614,8.88926763309428e-07,0.000320829357197196,-0.0278798533597664,-0.0160510267182097,0.000329557623160521,-0.000553412293583061,-0.0164330773456922,0.0276563853571152,-2.08308182029654,-0.000261676521232172,0,0
0.35,0.000558375558969558,8.29676935154566e-07,0.000320832013462297,-0.0278757259458298,-0.0160511669100679,0.000329431617332205,-0.000553345511609813,-0.0164293665323186,0.0276545108712593,-2.08308343059757,-0.000247044162636091,0,0
0.36,0.00055823733097153,7.7415126042979e-07,0.00032083215727757,-0.0278716024823405,-0.0160511671950516,0.000329310230278409,-0.000553278377552908,-0.0164257306188944,0.0276525146576695,-2.08308493704081,-0.00023333553220249,0,0
0.37,0.000558106924287125,7.22191657587246e-07,0.000320831893706915,-0.027867690970009,-0.0160511574817226,0.00032919591415174,-0.000553214689847079,-0.0164222870425903,0.0276506120148136,-2.08308634625717,-0.00022050803250855,0,0
0.38,0.000557984783085043,6.73582974286546e-07,0.000320831579424946,-0.0278640244225982,-0.0160511448260254,0.000329088877769246,-0.000553154979223134,-0.0164190609462094,0.0276488253800022,-2.08308766450961,-0.000208507879157598,0,0
0.39,0.000557870499917034,6.28111536116194e-07,0.000320831273887697,-0.0278605931997823,-0.0160511321394252,0.0003289887335672,-0.0005530990997714,-0.0164160423366659,0.0276471526635536,-2.08308889766747,-0.00019728222781728,0,0
0.4,0.000557763704006751,5.85575378408976e-07,0.000320830986087456,-0.0278573889069778,-0.0160511061256175,0.000328895150894591,-0.000553046879440797,-0.0164132302619062,0.027645578252952,-2.08309005122333,-0.000186781185397662,0,0
0.41,0.000557663681712475,5.45785212580085e-07,0.000320830716507067,-0.0278543853697197,-0.0160510919293483,0.000328807504622251,-0.000552997970574612,-0.0164105894395073,0.0276441113204454,-2.08309113031551,-0.00017695799592222,0,0
0.42,0.000557569967378829,5.0856357347584e-07,0.000320830464249799,-0.0278515682188377,-0.0160510924556228,0.000328725386634927,-0.000552952145755208,-0.0164081057874682,0.0276427474346305,-2.08309213975072,-0.000167768906400389,0,0
0.43,0.000557482459734236,4.73744847795388e-07,0.000320830228247033,-0.0278489407091947,-0.0160510796617105,0.000328648706680851,-0.000552909355921368,-0.0164057957639027,0.0276414638231033,-2.08309308402546,-0.000159172985401431,0,0
0.44,0.000557400656437469,4.41173824583529e-07,0.000320830007460178,-0.0278464855196556,-0.0160510653892813,0.000328577025075722,-0.000552869355341936,-0.0164036383500494,0.0276402623867459,-2.08309396734588,-0.000151131943174532,0,0
0.45,0.000557324150040486,4.10705467857042e-07,0.000320829800910353,-0.0278441895626179,-0.0160510525504295,0.000328509984969423,-0.000552831944758907,-0.0164016206018407,0.0276391393138231,-2.08309479364672,-0.000143609961535013,0,0
0.46,0.000557252533086876,3.82204035531686e-07,0.000320829607680656,-0.0278420392833746,-0.016051039691423,0.000328447229616836,-0.000552796924876839,-0.016399731315206,0.0276380867540006,-2.08309556660863,-0.000136573534395802,0,0
0.47,0.000557185419651334,3.55542510988016e-07,0.00032082942691262,-0.0278400217653842,-0.0160510386422326,0.000328388421144351,-0.000552764106923952,-0.0163979533374916,0.0276371087440954,-2.08309628967474,-0.000129991318530927,0,0
0.48,0.000557122766677331,3.30602176745742e-07,0.000320829257803931,-0.0278381408187303,-0.016051025744463,0.000328333520626382,-0.000552733470170127,-0.0163963014972807,0.0276361865839545,-2.08309696606585,-0.000123833993964179,0,0
0.49,0.000557064188239453,3.07271932342701e-07,0.000320829099602341,-0.0278363827275171,-0.0160510128296858,0.000328282190377795,-0.000552704825789758,-0.0163947579563808,0.0276353239127613,-2.08309759879495,-0.000118074133364537,0,0
0.5,0.000557009298415475,2.85447811165795e-07,0.000320828951605523,-0.0278347334176126,-0.01605101317893,0.00032823409280068,-0.000552677984935997,-0.0163933038592456,0.0276345254541884,-2.08309819068046,-0.000112686079874399,0,0
0.51,4.5373769089995,4.59999990463257,0.00812664509570515,3.13177714437792,-0.39886442219986,-0.36989179775851,4.52228209144822,-0.658373442661925,3.087663407715,0.0834025415841193,25.8959980716382,1484.56901141067,0
0.52,4.54712260524529,4.59999990463257,0.00303728317217167,2.64524399370563,-0.134895305414086,-1.68947774729828,4.22161084819595,-1.10968221246723,2.40501931738444,0.381344507684795,55.4713777503983,1484.56901141067,0
0.53,4.54166252423653,4.59999990463257,0.013489324204867,2.91900629192823,-0.647790966200964,-3.54940431539646,2.83348009553041,-2.6892938807504,1.3068776879137,0.900064562553012,86.4684887289653,1484.56901141067,0
0.54,4.53175940664818,4.59999990463257,0.0280726113676035,3.41497618483028,-1.37155011699869,-4.51770653584287,-0.357713638621519,-3.28585753040676,-1.6572122242689,1.6560063931613,119.48268569151,1484.56901141067,0
0.55,4.49224264867317,4.59999990463257,0.015414211957604,5.39166775743372,-0.726521670707227,-2.16499470954384,-3.93615034267438,-1.94444378292884,-5.08104844688446,2.64215887500851,149.288824264332,1484.56901141067,0
0.56,4.47800176792831,4.59999990463257,-0.00199992844207819,6.10465601435554,0.149102272378601,2.9182693022234,-3.39649939098823,3.86313970633735,-4.72918683819486,-2.43222881945076,181.215655817158,1484.56901141067,0
0.57,4.50366190829087,4.59999990463257,0.0447697538614538,4.82266189401029,-2.17541954796313,3.79718871135634,2.42205136308027,2.85191915766841,4.45612781142136,-0.993066740397624,211.173543353819,1484.56901141067,0
0.58,4.4891627509756,4.59999990463257,0.0315956908426596,5.54868830987155,-1.51145219503754,-2.77150168988045,3.53162269720541,-4.63861180252863,3.39936909491027,0.672421492497671,242.681416808193,1484.56901141067,0
0.59,4.45026268270334,4.59999990463257,0.0148510798440356,7.49480439433159,-0.668940171858854,-2.44453671840758,-3.71877651008925,-3.53575591690401,-6.64213850795788,2.56340511776466,273.853989354173,1484.56901141067,0
0.6,4.46937111104734,4.59999990463257,0.0298252041671317,6.54052414503759,-1.41064826197706,4.46625425493564,-0.1695305321687,6.58142655646456,1.20549122464729,-1.60206306877671,304.694755961202,1484.56901141067,0
0.61,4.47008824360556,4.59999990463257,0.0199511484921628,6.5058320409787,-0.908609913748427,-3.00670597649737,3.30784009964838,-5.06702889818139,4.18050722589756,0.742208534489381,335.519990909982,1484.56901141067,0
0.62,4.4749769770837,4.57311916351318,0.0717833243802337,4.91856678309287,-3.49267412583471,0.691262092971559,-4.42184673071205,4.27919775162186,-4.25200403945413,-2.97047929533037,366.284662783242,1484.56901141067,0
0.63,4.33134403083875,4.45396757125854,0.0390837598335041,6.14385950765328,-1.84753391317994,0.79713465676584,4.25753978169881,-0.742847129445518,6.37248533559758,-0.176062855444442,396.243161061343,1484.56901141067,0
0.64,4.16173996098046,4.33909225463867,0.0544051616753736,8.88152276795191,-2.60344593997056,-1.30325753083623,-3.95279132168108,-0.187566684087117,-9.2533343276366,2.83618253420806,425.335110822627,1484.56901141067,0
0.65,4.10346328285527,4.22571611404419,0.074874267981399,6.1278581815439,-3.63717142039109,0.978723143193264,3.98573933903423,-2.19496338839093,6.77951307676648,-0.222547363268992,454.274436842361,1484.56901141067,0
0.66,3.95041661683576,4.11553573608398,0.0911683891050549,8.27251377653814,-4.43877995192525,0.17354750640002,-3.94765555548688,4.9827279840377,-7.95673761548754,-3.07458469696626,481.747561789107,1484.56901141067,0
0.67,3.89664164700404,4.00906181335449,0.068999494340001,5.6388838931768,-3.33745779844309,-2.00034139382079,3.34472889238465,-5.81301538945604,3.02398548261471,0.556695806120397,509.008883469457,1484.56901141067,0
0.68,3.72879627362919,3.90528726577759,0.0539058181056825,8.84377424067546,-2.56364708547059,3.51167909015262,-1.25496512112546,9.1978521628026,-0.429120950437271,-1.89956516237551,534.948544878408,1484.56901141067,0
0.69,3.63582093590914,3.80352187156677,0.0613960683999517,8.40571875883966,-2.94560688250475,-3.13870832096299,-1.8361572457521,-5.65261353892376,-6.88336167425075,2.11700128753655,560.622292174756,1484.56901141067,0
0.7,3.58592686778576,3.70539331436157,0.083468810814094,5.99541049055782,-4.05450923213907,-0.0410054715398628,3.58666378334941,-4.26009576883868,5.85111750899898,0.0347048353440194,585.577977672455,1484.56901141067,0
0.71,3.41984212527607,3.61044216156006,0.0424154991457038,9.55354517287356,-2.00477905156407,3.25741330687638,-1.0422944807324,9.72173764490466,-0.881579026162315,-1.86807548265754,609.70243481272,1484.56901141067,0
0.72,3.35322874036749,3.51776766777039,0.0503728754883586,8.25197380302114,-2.40148575095558,-1.51806847643191,-2.9903425410269,-1.46701286480798,-8.46818036606907,2.68685925495957,633.134375125815,1484.56901141067,0
0.73,3.2651951534777,3.42734026908875,0.0668727313626112,8.13376427927,-3.22692369091121,-2.9221637788199,1.45839987734747,-8.73215785318549,0.56619527085938,1.12836084825873,655.980586163972,1484.56901141067,0
0.74,3.16691914004443,3.33915686607361,0.0729302180154847,8.6398885192261,-3.53002973206779,0.899727879045847,3.03729903037998,-1.14424941845474,9.2628006996968,-0.264966416802342,678.225428803695,1484.56901141067,0
0.75,3.09747310753531,3.25332736968994,0.0378775723699568,7.8222723430247,-1.7708532109234,3.09198266239749,0.188195583971639,7.67223818717517,2.3367984299759,-1.49777772570186,699.775593883589,1484.56901141067,0
0.76,3.00118688864303,3.17031741142273,0.104265342628881,8.48765763570764,-5.08245254264981,1.52398898463414,-2.58755706738038,8.84586621073366,-4.42970732341025,-2.57459681525986,720.656647873674,1484.56901141067,0
0.77,2.91602657258803,3.0901083946228,0.0520670107852358,8.73681365937016,-2.46131012027293,-1.07112131321059,-2.71267784265615,-0.758048746967025,-9.04518228251574,2.78338084122312,741.02226477279,1484.56901141067,0
0.78,2.79579450506259,3.01135659217834,0.0640722520110105,10.8124331716063,-3.09174079469816,-2.56223606465917,-1.12049922667345,-8.50135175046835,-7.36169753839844,2.00596318591347,761.053575108521,1484.56901141067,0
0.79,2.76890038360657,2.93460988998413,0.0584182635184967,8.32140232692798,-2.78770987626438,-2.70293665274198,0.603618653715369,-8.70786303361332,-1.09095574092398,1.37217678699705,780.250214061621,1484.56901141067,0
0.8,2.64096404459699,2.86068034172058,0.0482422365159077,11.0233639930671,-2.30349903984152,-2.00143861615046,1.72373485896756,-9.95368199347915,5.26734053606645,0.878073270030486,799.142810404364,1484.56901141067,0
0.81,2.63390505905233,2.78785800933838,0.0892786907472642,7.73680886291854,-4.33331557762679,-1.42792215842575,-2.2150541424985,-0.24968659582266,-8.86416898984357,2.60287456951515,817.350357796652,1484.56901141067,0
0.82,2.54496774021746,2.71784925460815,0.0362401587186678,8.68488256394615,-1.7031135731702,-1.78807113223457,-1.81134639810306,-4.78371988190774,-7.44605970188885,2.37689976407877,835.249797962293,1484.56901141067,0
0.83,2.45828886400371,2.64928483963013,0.0321530269655774,9.5922390758193,-1.47081399852278,-1.88712048308417,-1.57575195965351,-6.32448630335593,-7.36038160047348,2.27959807645608,852.427117063135,1484.56901141067,0
0.84,2.38023430006891,2.58246946334839,0.0588073624480264,10.1559183560681,-2.82067499330595,-1.8027285070395,-1.5553596236915,-5.62848960319617,-8.9117332691062,2.30736521063856,869.27856032106,1484.56901141067,0
0.85,2.31655360168687,2.51800727844238,0.0374421042374757,10.1185424356575,-1.76823505617054,-1.49452287232803,-1.7703739392418,-5.03189858325408,-8.95497363948757,2.45664572259263,885.702638653894,1484.56901141067,0
0.86,2.2080104615469,2.45528864860535,0.0418007582082627,12.4114791177403,-1.99405694723076,-0.933299399663212,-2.00150186916616,-3.20852616110648,-12.1542764849414,2.72419616126007,901.582467265301,1484.56901141067,0
0.87,2.19289512181886,2.39394640922546,0.0495312415175084,10.1018318956953,-2.34673893601832,-0.125768312490667,-2.18984581437974,1.99398604799701,-10.1773381059638,3.1068064847529,917.006299064631,1484.56901141067,0
0.88,2.15106780016593,2.33432602882385,0.0661523390768963,9.21392586462346,-3.17999054939349,0.895157711129665,-1.95707983615415,6.93809370901375,-6.84628551975105,-2.68186286778261,932.034139312094,1484.56901141067,0
0.89,2.09831278738857,2.27634119987488,0.0967829895682046,8.95418188831871,-4.71627965655751,1.78643922873867,-1.10495175587523,10.1176219212065,-0.233224671666471,-2.07863212384987,946.67769670775,1484.56901141067,0
0.9,2.02420127948799,2.22001934051514,0.0479870699272429,9.84542761274045,-2.27855428650239,1.99292365404817,0.3576994379312,9.1910586211684,4.20103510298314,-1.36950026709064,960.918720334215,1484.56901141067,0
0.91,1.9854761524319,2.16533827781677,0.111788519390778,9.04942994971583,-5.4706793156571,1.14538946678817,1.6256368580695,0.145953030703406,10.5735146617575,-0.557548713741939,974.748394545031,1484.56901141067,0
0.92,1.88095931536662,2.11220121383667,0.0576327053626258,11.6202279404331,-2.76410137501171,-0.598620121986902,1.78409176455256,-6.62445608644315,9.9391415805264,0.354358646887942,988.202074926901,1484.56901141067,0
0.93,1.80289649114665,2.06043839454651,0.0681880276562429,12.9370245456691,-3.29574100171369,-1.75033100850124,0.437523400041191,-13.3382813990033,-0.564590264372588,1.36365293672545,1001.32296484157,1484.56901141067,0
0.94,1.76059029203481,2.01023578643799,0.0751068848991312,12.544053728886,-3.68069118568234,-1.15754198235199,-1.32868949708316,-4.95352299052034,-12.0980734639828,2.46755839774286,1014.08539299445,1484.56901141067,0
0.95,1.77603678028348,1.96112608909607,0.0254014973229895,9.31805690456936,-1.18817163752191,0.863345125248227,-1.5522844699655,5.67511858171876,-7.48538345046096,-2.61971792237108,1026.49570596803,1484.56901141067,0
0.96,1.711777409885,1.91330599784851,0.076664112323601,10.1418685600674,-3.74137962110218,-1.10890646430801,1.30628700541913,-9.643843230232,4.88382095388343,0.748611209371326,1038.498296553,1484.56901141067,0
0.97,1.67008622685619,1.86717188358307,0.0480383855265603,9.92158979289526,-2.29393826632994,-1.4486778733283,-0.832362968270297,-7.25749261946028,-7.14345138337876,2.12106146419779,1050.16413406948,1484.56901141067,0
0.98,1.60592520473609,1.8223203420639,0.0575514406597494,10.8889499544666,-2.8102318392231,0.626883761165835,-1.47963667213111,7.15085586270523,-8.67939482520968,-2.7050239690703,1061.59830463638,1484.56901141067,0
0.99,1.54178339906217,1.77834844589233,0.0365815564100248,11.8993385273506,-1.75278953346371,1.43139589918737,0.574055780985331,10.2452582250036,6.30088981336028,-1.16566611219183,1072.66481805838,1484.56901141067,0
1,1.51665480694195,1.73580396175385,0.0947973899490484,11.0304346487113,-4.64129226505622,-0.579582795211433,1.40474628743278,-9.00658860842059,7.87993934417205,0.453734647667173,1083.38800199446,1484.56901141067,0
1.01,1.4756277939271,1.69446218013763,0.0150599238510726,11.0165790471095,-0.691838632777763,-1.24234884052155,-0.796412924286962,-8.83405183294458,-6.61839729903426,2.15106244129098,1093.94194794255,1484.56901141067,0
1.02,1.42222058753968,1.65388071537018,0.0841647524887549,11.6597400420978,-4.12382006531489,0.943274591588698,-1.06772100758878,11.1462626141752,-5.35875540739022,-2.35888919339723,1104.10569486224,1484.56901141067,0
1.03,1.38481237358523,1.6149240732193,0.0682494013921066,11.584236062076,-3.3597867940023,0.737892579480149,1.17383041022683,2.74587303095351,11.744908417733,-0.511953426036103,1114.05492207681,1484.56901141067,0
1.04,1.3716943167404,1.57653784751892,0.044499802400019,10.3227253160771,-2.14428001533761,-1.34601330158694,0.267906183098806,-10.5343206486317,-0.429747841375623,1.40675720259224,1123.68097777523,1484.56901141067,0
1.05,1.29158162617875,1.5397127866745,0.0740444533096178,12.4890549323715,-3.65638562857094,0.252290383375755,-1.26886375967027,6.67212749549151,-11.1726614399847,-2.88805484551806,1133.08093600475,1484.56901141067,0
1.06,1.31461887841963,1.50344061851501,0.08967373087987,9.52550223477313,-4.40153116678678,1.03214838759654,0.819105536233918,4.07674141331225,9.66896317532796,-0.831867220271745,1142.17274538158,1484.56901141067,0
1.07,1.26192437732167,1.46847236156464,0.0562428771949692,10.4137571822719,-2.76369180179869,-1.19706807172685,0.403291987232584,-10.7718663090352,0.226334369731481,1.29037905778444,1151.09382781934,1484.56901141067,0
1.08,1.16981756213736,1.43432056903839,0.0831827950030865,13.3134606586574,-4.07897580118101,0.83680846508552,0.821671527333608,5.75697283431341,12.6784676550921,-0.723536894790482,1159.6742899911,1484.56901141067,0
1.09,1.17526904641426,1.40108919143677,0.0788706339078604,11.3812859892012,-3.88314235925411,-1.1704496620133,0.132383900250211,-11.5465269569754,-3.36008639502948,1.52517791094803,1168.08075759951,1484.56901141067,0
1.1,1.12624519502485,1.36903488636017,0.0120529977216698,12.2317393366697,-0.565772534922577,0.710150926116839,-0.874219180872872,8.24870508058875,-9.04955304172388,-2.44867942562864,1176.2613199649,1484.56901141067,0
1.11,1.07309514085175,1.33759605884552,0.0472486883111025,13.3192715101912,-2.28738639735738,0.133256688512,1.06583688941299,-1.21057550047007,13.4599270819224,-0.0803781404906936,1184.1574889693,1484.56901141067,0
1.12,1.10527493831406,1.30698883533478,0.0692261529966233,10.1819044426468,-3.39913887770295,-0.838398141194257,-0.723542332117395,-4.90006118589851,-9.55063995570737,2.3453433626095,1191.88849530871,1484.56901141067,0
1.13,1.05480405891141,1.27746653556824,0.0377529019771305,11.2313375629487,-1.84993877382743,1.05220948787046,0.0830185397310243,10.9464014212051,3.12113967096181,-1.45628406893888,1199.41376329264,1484.56901141067,0
1.14,1.0028858948512,1.24859857559204,0.0253480615651319,12.3858240780801,-1.24108824597271,-0.872336718063979,0.495430411494862,-11.5066350741954,4.74829310349899,1.07955765478021,1206.7275483753,1484.56901141067,0
1.15,0.946528687236838,1.22043132781982,0.0422452143272192,13.7973109325162,-2.04589894997897,0.439261482079399,-0.839494231223333,8.70399962617374,-10.8991688669194,-2.61492000802765,1213.80976431751,1484.56901141067,0
1.16,0.972438384301804,1.19307446479797,0.0835462301176743,11.1359962835802,-4.11810551516032,0.059113830471308,0.97422889449933,-4.39629753197709,11.0291329791711,0.0251004546397183,1220.71831829499,1484.56901141067,0
1.17,0.978569824328295,1.16652619838715,0.069671825915556,9.50401062506168,-3.43758121421613,-0.468272579419774,-0.862075319085212,-0.802284193409013,-10.0746971487297,2.71506885482052,1227.46329699704,1484.56901141067,0
1.18,0.905909954122001,1.1406614780426,0.0274114801150428,11.8457479706909,-1.34197063282891,0.686608019672,0.591602621310554,7.82974805531508,8.98986515776469,-0.829339339939398,1234.03745740824,1484.56901141067,0
1.19,0.845909073856805,1.11555027961731,0.0262146326294204,13.5922502476575,-1.29516335191104,0.645274031300293,-0.547604595238793,11.4379142553057,-7.45659656890133,-2.24351964818652,1240.40155038894,1484.56901141067,0
1.2,0.816122358353965,1.09115695953369,0.00577342680072579,13.8639568572969,-0.277279160853503,-0.448283837946357,0.682004865743893,-7.92746223144083,11.3772371884879,0.588566112633147,1246.57713699019,1484.56901141067,0
1.21,0.856637768827973,1.06741178035736,0.0343205358927335,10.6529421128693,-1.68957602074172,0.239939649683156,-0.82306447540667,4.99029486393912,-9.56225914525186,-2.81789101842303,1252.59382208092,1484.56901141067,0
1.22,0.834532210862086,1.04420459270477,0.046556535196704,10.5998872806719,-2.27064780161083,-0.0390621781209815,0.834916563601614,-3.34312592657662,10.3119814216745,0.102481450964581,1258.44390531326,1484.56901141067,0
1.23,0.798751703848612,1.02171969413757,0.0817802488180735,11.2667122029602,-4.03488468872816,-0.142514935699902,-0.790178325822886,3.16305869232561,-11.5418437879122,3.06518257521479,1264.12889449673,1484.56901141067,0
1.24,0.732436754343156,0.999836385250092,0.0883576776518503,13.4903234762275,-4.36959629299936,0.242015145106315,0.696921335483377,-1.40244451963594,14.1108238110463,-0.214179534860784,1269.67388350177,1484.56901141067,0
1.25,0.703147322305006,0.978538751602173,0.0613919975430126,13.8919591508658,-3.02309231552088,-0.274151090486316,-0.65040473077322,-1.38462586589502,-14.1495027265618,2.82977253538913,1275.06055383458,1484.56901141067,0
1.26,0.736078767852416,0.958005845546722,0.0618319743211602,11.2208283135168,-3.04242901859505,0.324308237329724,0.663671087762358,1.22950003218353,11.5607825014343,-0.370727874668904,1280.27700210466,1484.56901141067,0
1.27,0.713783748236195,0.937923908233643,0.0687264109647591,11.3335599219129,-3.38894881949801,-0.33609885452424,-0.633441488061607,-1.19597804079257,-11.7687803586739,2.7497609150485,1285.36041942179,1484.56901141067,0
1.28,0.683209384378671,0.918307542800903,0.0340403039381877,11.883500571189,-1.65556600290924,0.282585327778228,0.62296014135718,2.82461824140101,11.661046968681,-0.376074825267398,1290.33419187952,1484.56901141067,0
1.29,0.661234592768667,0.899220168590546,0.0521981996230909,12.0299081088367,-2.56608959762919,-0.260197769449604,-0.610125363750178,-1.40136774650499,-12.2204612584457,2.81725803316115,1295.17875649203,1484.56901141067,0
1.3,0.610408548253476,0.880826890468597,0.0411261044638445,13.6536692270374,-2.02289350776592,-0.598723870428947,-0.125776306305558,-12.5950760225173,-5.64613509332897,1.84513242509336,1299.83909537777,1484.56901141067,0
1.31,0.606795617153322,0.862877607345581,0.0386274670445434,12.9389288345321,-1.9377828094027,0.575004771232703,0.197642392381759,11.1993186138921,6.76358959325832,-1.1761520163066,1304.40521377783,1484.56901141067,0
1.32,0.547661855248882,0.845387518405914,0.00332143220593908,15.0232101336557,-0.17897853718866,-0.46921966416981,-0.282449015510617,-12.7307260389278,-7.97856444221117,2.11871659482596,1308.83531361952,1484.56901141067,0
1.33,0.595990714768042,0.828228712081909,0.000255490041099649,11.7508625537636,-0.0189107509348932,0.442956443821562,0.398741252244908,8.71752949961924,7.87958170191882,-0.837452206499172,1313.18517351333,1484.56901141067,0
1.34,0.57851914618528,0.811625480651855,0.0396238008727813,11.796342088971,-1.98302068890452,-0.368663603615635,-0.447595347906662,-5.24674795565287,-10.7497764452339,2.52097912762277,1317.39379434457,1484.56901141067,0
1.35,0.554378828518213,0.795503497123718,0.0535223204412769,12.1993540601863,-2.66923294334083,0.252065165310267,0.496652470779873,1.9648874901398,12.3324069484708,-0.373405689832186,1321.46665872778,1484.56901141067,0
1.36,0.551656205279718,0.779831767082214,0.0114937970630631,11.5539947159594,-0.553304439566227,-0.064717273099479,-0.547967472353161,-0.565130060197201,-11.5534223377458,3.04486506746454,1325.42851222312,1484.56901141067,0
1.37,0.511129858993491,0.764621794223785,0.0251949600817727,12.8219039301631,-1.23120619097694,-0.081230849501527,0.505262375264068,-3.86052758264792,12.2887515990293,0.208658413537697,1329.28894650598,1484.56901141067,0
1.38,0.48086087681998,0.749807596206665,0.0336131532769013,13.5967343478671,-1.65191928570777,0.219243250128198,-0.429289441056405,8.42870906071717,-10.7961514357083,-2.59962373646022,1333.05549500489,1484.56901141067,0
1.39,0.442672776108787,0.735368669033051,-0.00199853584932607,14.7862910107663,0.0771300209141974,-0.348690361426948,0.272723692959277,-11.5579061587118,9.22253523287421,0.902527981624176,1336.72458676129,1484.56901141067,0
1.4,0.478732075365633,0.721399784088135,0.021458287419627,12.2870032308268,-1.08798502520782,-0.0886163801530808,0.470947975100683,-3.86968344403323,11.7123742192777,0.230784403637536,1340.26979396659,1484.56901141067,0
1.41,0.484262227987087,0.707687497138977,0.0417858197321779,11.3269487286114,-2.08763965359684,0.257100940375257,-0.412498565626435,8.46575577436613,-7.8095445445076,-2.49815879645504,1343.74808234188,1484.56901141067,0
1.42,0.438502007418078,0.694369375705719,0.0359115867471232,12.9511505108504,-1.7786492010642,-0.370114605869929,0.237884070702784,-12.2664098820779,4.52007534671793,1.0812619252419,1347.11116119089,1484.56901141067,0
1.43,0.415136720792218,0.681570410728455,0.0117421680776483,13.4816068787637,-0.563251676952092,0.414658508721145,-0.0231235076585654,13.4919834320789,0.193286196162002,-1.59822628916275,1350.36141432563,1484.56901141067,0
1.44,0.428941441978256,0.669027984142303,0.012439898840396,12.1663662407023,-0.64739404082662,-0.390194671690522,-0.178587877286983,-10.6249050722165,-5.96246415111977,2.02901940924986,1353.55623229099,1484.56901141067,0
1.45,0.387460518385338,0.656868100166321,-0.00693126213340801,13.6345376212467,0.330718213794961,0.21430780276459,0.322871276790628,8.01438133095328,11.0353832087605,-0.603871981047769,1356.65044184009,1484.56901141067,0
1.46,0.407304339427443,0.644956409931183,0.0122886936196277,12.0488788632238,-0.605397112137005,-0.0418951521523968,-0.405330276605918,-0.272990048864547,-12.0609893440483,3.0687595030217,1359.65797801974,1484.56901141067,0
1.47,0.408844670370035,0.633445203304291,0.0216771274133709,11.3984203168269,-1.06092036719853,-0.169561416440927,0.372656394547879,-6.20440246295956,9.62054716854561,0.479981118152519,1362.58766720538,1484.56901141067,0
1.48,0.353615115899255,0.622159421443939,-0.00528836624324255,13.5977154270139,0.232392139426035,0.310064570444491,-0.170092854538455,11.7077817767798,-6.91951709354207,-2.08749683642852,1365.46106926463,1484.56901141067,0
1.49,0.369170507068217,0.611227810382843,-0.00731806357328144,12.275490477952,0.351992262954588,-0.367478270747576,-0.0360574246423434,-12.2656023424795,-0.60544545884139,1.64878408480026,1368.23260486914,1484.56901141067,0
1.5,0.380809174149008,0.600574493408203,0.00697952765393509,11.1630000532452,-0.335727209220327,-0.353108678183758,0.142753642032843,-10.5442938882722,3.68010181183996,1.20493460794825,1370.93300057471,1484.56901141067,0
1.51,0.316882139696658,0.590246737003326,0.0209814778872273,13.8450944217323,-1.05215737614512,0.311092082412777,0.0638453532619763,13.0697381357241,4.68781609648439,-1.30226150732781,1373.56000664287,1484.56901141067,0
1.52,0.316365599219584,0.580190122127533,-0.0191877707683778,13.3702102657307,0.930180660766883,-0.175896570025377,-0.263658414563112,-8.82093061574129,-10.0905372346468,2.49268733465566,1376.12562045915,1484.56901141067,0
1.53,0.304706156855301,0.570362091064453,-0.00309441824885626,13.4639107730785,0.152580713716029,-0.010087901391183,0.304554841851756,-0.156513337517264,13.4638656319349,0.0229562569407379,1378.60256504632,1484.56901141067,0
1.54,0.322344198319343,0.560891270637512,0.0152465404927986,12.1105998628165,-0.747364128520195,0.199249180349672,-0.25384641679,8.48468410149701,-8.67382948158737,-2.42885086583434,1381.0189850032,1484.56901141067,0
1.55,0.304490104948116,0.551613926887512,0.0149594244769639,12.5415544924626,-0.78318533692939,-0.298793527813722,0.0605015382335605,-12.516996789852,1.1084943492079,1.42010138290924,1383.39346585076,1484.56901141067,0
1.56,0.281519734390128,0.542567610740662,-0.0112601986523867,13.2398917813088,0.555626384085905,0.230329327120528,0.162260759251842,11.4214265438748,6.7197076396472,-0.997051340522371,1385.67310893673,1484.56901141067,0
1.57,0.265326362116994,0.533867359161377,0.0199524031116331,13.6166797050163,-0.987973441214741,-0.0865173449012989,-0.251616624759568,-2.49380319262259,-13.422779270554,2.88546901734802,1387.89905242073,1484.56901141067,0
1.58,0.267850970360478,0.525302410125732,-0.0173632674849307,13.0643409462139,0.830979115439271,-0.143858616594191,0.226606098356617,-5.54492190594196,11.8583882423465,0.500910216178047,1390.07437870553,1484.56901141067,0
1.59,0.267273007788474,0.51705539226532,-0.00148697533238482,12.6830304066143,0.0681390983886203,-0.0584284950657615,0.260812543318543,-2.63712149026092,12.4060264983368,0.214822652250006,1392.17329649011,1484.56901141067,0
1.6,0.262938939837978,0.508956015110016,0.0428034655890816,12.4968870993043,-2.13305278028246,0.198633627771498,-0.177520997822481,11.6822923201049,-4.924037721611,-2.13875270820787,1394.23561795847,1484.56901141067,0
1.61,0.252375670088054,0.501128554344177,-0.0260500276670558,12.6358336941263,1.26855655864736,-0.239386301768806,-0.0840611760523417,-12.584166146532,-1.70654366618086,1.80564278864053,1396.22592285888,1484.56901141067,0
1.62,0.283520933542473,0.493532955646515,0.00585159560675075,10.7009356771898,-0.289804037941126,0.145661812434846,0.243312550695882,5.05425051527973,9.43655458716557,-0.518798499242807,1398.15689925615,1484.56901141067,0
1.63,0.192761639492478,0.486113458871841,-0.0124194488132967,14.8700672811563,0.57349948801969,0.071075265915928,-0.179609573641369,4.02550600565825,-14.3263081080676,-2.82912069022898,1400.05284503046,1484.56901141067,0
1.64,0.21739410765644,0.478775203227997,0.0282163040873377,13.2736389150829,-1.43866492059471,-0.187752118518909,0.113161388519895,-12.7336472624596,4.01415921420764,1.15745320533996,1401.91212050804,1484.56901141067,0
1.65,0.226818475686147,0.471707820892334,0.0171914451028626,12.4511621511615,-0.854507138921694,0.212121655396827,0.0821375067129606,10.8701764611391,6.13195605567116,-1.12570728433571,1403.71914427379,1484.56901141067,0
1.66,0.182300034963878,0.464941263198853,0.026478258712367,14.340940025208,-1.37266761522564,-0.0714949817598612,-0.1697729911247,-2.27982107221164,-14.2249496683539,2.88724893906519,1405.44026071092,1484.56901141067,0
1.67,0.196283181966159,0.458341538906097,0.0181305999014892,13.3139480044771,-0.918221142557597,-0.100900843108136,0.169336428554566,-8.58045847288681,10.2215494876082,0.629478228656969,1407.12383346043,1484.56901141067,0
1.68,0.154843559184554,0.451890289783478,0.00634053766062836,15.0655104084832,-0.354999831753134,0.154397885163173,-0.0133425370865571,15.0661385974477,-0.327256033035074,-1.61607359037169,1408.77763027301,1484.56901141067,0
1.69,0.231970692276116,0.445555627346039,-0.0155407948002677,10.8945691719987,0.750544561198063,0.230555025999298,-0.0299382425093314,10.5397370956288,-2.85812815262627,-1.7668213753179,1410.38175044425,1484.56901141067,0
1.7,0.228375954797436,0.439366102218628,0.014676405343054,10.7669379584146,-0.728350966029842,-0.180860253328707,-0.140216056032504,-7.58636933718384,-7.67492334879653,2.29445286112722,1411.96418214514,1484.56901141067,0
1.71,0.215134387693918,0.433306455612183,0.0176608853655315,11.1281496958336,-0.926715076575863,-0.000457951498258741,0.215857596393448,-1.85744590389993,11.0111039955184,0.0840302127933109,1413.512528868,1484.56901141067,0
1.72,0.179939916491122,0.427498042583466,0.0298723171761925,12.5995848962701,-1.50174329289049,0.138441978439182,-0.118762567697705,11.5552873157306,-5.24214722484732,-2.11531823880949,1414.99336976167,1484.56901141067,0
1.73,0.142055038647856,0.421744346618652,0.0272356703417346,14.2082688267051,-1.41743449053602,-0.141183148060755,-0.0314441480702296,-12.475644377381,-6.94566922304847,1.97936593465846,1416.45125033834,1484.56901141067,0
1.74,0.177127582839855,0.416368216276169,-0.016375682296504,12.1880111505586,0.798613810259101,0.0189283426060639,0.176873009302023,3.18993387661176,11.7902384067042,-0.198800096680095,1417.82781110974,1484.56901141067,0
1.75,0.126933356634374,0.411064982414246,0.0345698475983481,14.4347198457817,-1.74529879009593,0.0640804047324538,-0.114894965593655,11.343958864534,-9.0951526745116,-2.36693629717925,1419.18267752894,1484.56901141067,0
1.76,0.143887971251544,0.405928730964661,0.0379742945431432,13.33234873473,-1.93689776284942,-0.148439843470173,0.0105550076970602,-12.7396258572538,-4.38235424690627,1.75784181376924,1420.4961249058,1484.56901141067,0
1.77,0.148155911378974,0.400919109582901,0.0163894671282306,12.8706236988854,-0.821569714932631,0.0716205555258019,0.130725991047906,4.14596014757779,12.2122457250705,-0.391029556698259,1421.78078075734,1484.56901141067,0
1.78,0.115190388488853,0.395925104618073,-0.00426027631719846,14.2713296150098,0.163724849859311,0.0695802528683501,-0.0918997495387675,8.05414014758718,-11.7825498636646,-2.53051038929342,1423.05442897706,1484.56901141067,0
1.79,0.140721652708117,0.391175001859665,0.017203153956785,12.759416190799,-0.866418738090596,0.060631170328345,-0.128149885804006,7.54855367642317,-10.3234064316919,-2.57802771502195,1424.26825615829,1484.56901141067,0
1.8,0.105417033936974,0.386431276798248,-0.0120496293869544,14.2895857306813,0.546531662866636,-0.105253254376455,-0.0134051130393328,-14.2954352911891,0.36261142898728,1.58366444368799,1425.47914310964,1484.56901141067,0
1.81,0.143760325446414,0.381890565156937,0.0108582617484673,12.147517497326,-0.554608474886351,0.0819355723230954,0.118623332480352,5.65259289586783,10.7665205828922,-0.529083782708576,1426.64557974185,1484.56901141067,0
1.82,0.103821077328258,0.3775614798069,0.0069360999980067,13.9302074257786,-0.406120707576069,0.0444483083340606,-0.0940812067685288,7.13177533775766,-11.9730277493244,-2.63352097641109,1427.75505985266,1484.56901141067,0
1.83,0.12454373828691,0.373275995254517,0.0408626504457343,12.6819416643828,-2.064156117609,-0.123809335161147,0.0430365829833571,-12.7161323625588,-1.84183674481626,1.55328998401956,1428.85549114733,1484.56901141067,0
1.84,0.103858559090809,0.369164884090424,-0.0450205221397681,13.5128336158911,2.19368953457428,0.0142425956762761,0.112296910814851,8.77852235254414,10.5045938241676,-0.535186849109296,1429.90211831706,1484.56901141067,0
1.85,0.0963878445926881,0.365094542503357,0.0234785660456778,13.6849907597045,-1.20273845888852,0.0280545722915642,-0.0951567161177962,7.90697318185117,-11.2341144286131,-2.61595905904299,1430.94797180009,1484.56901141067,0
1.86,0.0935537599353685,0.361067473888397,0.0198857137066089,13.6274526716636,-1.04503155911377,-0.0939906593417604,0.017706031858294,-13.599483802151,-1.36146891004076,1.59403971333583,1431.98985421503,1484.56901141067,0
1.87,0.138742575403382,0.357243537902832,-0.0122458673692715,11.1789830806594,0.584018725509828,0.0521438361527072,0.129152947502055,5.60055792693244,9.69249665960688,-0.471758945654333,1432.96437940215,1484.56901141067,0
1.88,0.0634744971773111,0.353553980588913,0.00853698653843432,14.7600859418628,-0.457578094578533,0.0351678441612725,0.0535267659037825,5.97568182204495,13.5041009136298,-0.447597822585549,1433.9058351234,1484.56901141067,0
1.89,0.0891652656443045,0.349865198135376,0.0206495492260095,13.2932254585825,-1.07001843980201,0.0368733651271866,-0.0837687496913614,8.81927644182866,-10.0037565742489,-2.49935913600734,1434.86357014617,1484.56901141067,0
1.9,0.068495846392782,0.346383392810822,0.015804997437681,14.154789632924,-0.805449337211301,-0.0701743792415558,0.00412739810667626,-13.8207440889361,-3.16130527081554,1.73882247770322,1435.74870339365,1484.56901141067,0
1.91,0.0979505691470735,0.342908531427383,-0.00859258397427479,12.5104464532418,0.391664394125448,0.0207107551233099,0.0961208152161273,4.06795968084961,11.8370763067591,-0.299721089412609,1436.64602839519,1484.56901141067,0
1.92,0.064748220554389,0.339561253786087,0.0112414203115929,14.0053534074515,-0.573788440184466,0.0391343327129478,-0.0527939920700642,10.5375927714683,-9.24328382256018,-2.33180161985613,1437.50563823438,1484.56901141067,0
1.93,0.0837594530326478,0.336286932229996,0.0070303865012319,12.8932429443044,-0.392504399857426,-0.0809867605097393,-0.0224992650729569,-11.9542319141318,-4.84624727680225,1.92551606537364,1438.33608985438,1484.56901141067,0
1.94,0.0648994661121361,0.333102345466614,0.0305124797080872,13.679151342835,-1.53799240643178,0.0364846434468601,0.0617399620353966,-0.243844900654476,13.7631806558968,-0.0942477781933746,1439.16143185577,1484.56901141067,0
1.95,0.0878456065413694,0.330072343349457,0.0309300975497224,12.3825296081683,-1.58790711104366,0.0596316585360167,-0.0715373107077721,11.4501006581807,-4.97430230363999,-2.10817125863067,1439.93469689463,1484.56901141067,0
1.96,0.050193545169008,0.32707342505455,0.0220834207191765,14.1173284581208,-1.11799446817964,-0.0539358529926841,-0.00989915194574631,-11.0558132318069,-8.8497383130096,2.16678967906188,1440.71423582121,1484.56901141067,0
1.97,0.0779039894470071,0.324069380760193,-0.025556602649408,12.5837349597957,1.23849011860141,-0.0447588765227296,-0.0686936276750775,-10.5889833587348,-6.91069278297747,2.24712245449834,1441.48362363674,1484.56901141067,0
1.98,0.0451747496841425,0.321388244628906,0.02385733397865,14.0883366896474,-1.21328788552672,0.0119419899646098,0.0496721176242662,-4.66034499464337,13.3504487829036,0.249944946259192,1442.18569677823,1484.56901141067,0
1.99,0.0670351015498553,0.318686783313751,0.0077494288239563,12.8624355476441,-0.426994857039788,0.0647321517922516,-0.0190658598348429,12.7468908387,-1.77238448749218,-1.74213982767387,1442.87547003916,1484.56901141067,0
2,0.0524761219335109,0.316013783216476,0.0285055703548261,13.4588853594189,-1.46021483422209,-0.052813996886382,-0.0278745878412557,-6.24524892934845,-12.0112733833901,2.5540417819363,1443.57471658116,1484.56901141067,0
2.01,0.0701633757531991,0.3133864402771,-0.00434233383877082,12.4453154054348,0.181335396976267,-0.0416362188297777,0.0566408019170881,-6.58522521835103,10.5618922021834,0.572081669075466,1444.24992104504,1484.56901141067,0
2.02,0.0156832009920145,0.310817897319794,-0.0248653694971091,15.0430479613316,1.18653595038381,0.0113632208041832,0.0271132182991814,15.0325317458056,1.3130684825332,-1.40495593820027,1444.91213067,1484.56901141067,0
2.03,0.0844230230902724,0.308309346437454,-0.0140436900061157,11.4827716602909,0.671962307553384,-0.0060471695856141,-0.0853692204292118,-3.33330815414283,-11.0088434948762,2.90603566310006,1445.56183204808,1484.56901141067,0
2.04,0.0412725005248123,0.305854380130768,-0.021622055537992,13.5197052274007,1.01579170784511,-0.0460719755559945,0.00695022687589989,-10.3056141773312,8.80957312572653,0.938496730984105,1446.18702324603,1484.56901141067,0
2.05,0.0410359277792528,0.303513050079346,0.0380320133429191,13.4166114088307,-1.93322376001946,0.054822142103289,-0.0111764995784374,10.4593844446191,8.6223020616034,-1.02448380455702,1446.80195028384,1484.56901141067,0
2.06,0.0647503950503528,0.301262855529785,0.00824133143684192,12.1205480420395,-0.47709400450357,0.0020787977359338,-0.0652396490104116,2.38360447205063,-11.8934323577906,-2.98314162528181,1447.38459149972,1484.56901141067,0
2.07,0.0813273645633553,0.298983871936798,0.00227553390884534,11.1798872559225,-0.135277433227909,0.0208368175794721,-0.0786456948252796,3.29415576609279,-10.684414669405,-2.85462528023222,1447.97258765715,1484.56901141067,0
2.08,-0.00639860731154103,0.296796053647995,-0.0262015164314508,15.4589665399735,1.24023687008407,0.00395533505915229,-0.0266798981145868,-15.2787456677148,2.66040688602746,1.4784562885168,1448.5219684908,1484.56901141067,0
2.09,0.0273185984855381,0.294719725847244,-0.00423370496053423,13.6714313510826,0.190226889542951,0.00853506511358985,0.0262941579902015,6.33239942381347,12.1179593576706,-0.467621502335862,1449.07667223486,1484.56901141067,0
2.1,0.047125888973998,0.292713403701782,-0.0132935469859873,12.5829324575963,0.602014015317736,0.0413792984830999,-0.0261786451159101,7.9598877770411,-9.76385152918565,-2.409820285105,1449.5945586993,1484.56901141067,0
2.11,0.0157768377872491,0.290732562541962,-0.00168169869202711,14.0534946741694,0.0656952063834329,-0.0141430771067192,-0.00719097288336784,-13.155169197756,-4.9443454365023,1.93498495389606,1450.11446469852,1484.56901141067,0
2.12,0.0227947358340545,0.288843184709549,-0.00992259251446504,13.6103218718282,0.435644203203458,-0.00992794015623574,0.0227924072490522,0.43245104859387,13.6104237045406,0.00023461183941371,1450.59768451934,1484.56901141067,0
2.13,0.0474316544595853,0.286948502063751,0.0458687140627528,12.2858700650022,-2.30791507787913,0.0282279907815597,-0.059639595161103,12.311152055256,-2.16901137230412,-1.93087644105062,1451.10733311093,1484.56901141067,0
2.14,0.0435341087946125,0.285041898488998,0.022207556329717,12.3875670982838,-1.16335572669694,-0.0453410334897487,-0.0182369095177939,-7.25995760113762,-10.1043669168833,2.4249216157982,1451.59170616258,1484.56901141067,0
2.15,0.0414789446223965,0.283323168754578,0.0138297157380783,12.4065526733053,-0.705486060668423,-0.00778844481206004,0.0430244582975008,-6.57672345514382,10.543574745401,0.500908636741701,1452.0519107823,1484.56901141067,0
2.16,0.0238419031681662,0.281510680913925,-0.00140245079147186,13.1999230873106,0.0244816746082541,-0.0157837502198014,0.0179241860038784,-8.10742870024873,10.4167254323846,0.66322861022818,1452.51725837744,1484.56901141067,0
2.17,0.0185541818072568,0.279808878898621,0.00345830987824889,13.3813675608862,-0.219552426037502,0.0187084016909469,0.00249264436310243,12.6473750160653,4.37642619843222,-1.25406459056295,1452.9651574954,1484.56901141067,0
2.18,0.0634368897998966,0.278139352798462,-0.00948958758697973,11.0559068935808,0.442179718650489,0.0078064749535254,-0.0636659265922924,-0.734780953498913,-11.0403214216565,3.11510993178515,1453.39870515571,1484.56901141067,0
2.19,0.030128615778174,0.276471197605133,-0.015022181448539,12.6400509185283,0.683133628032736,-0.0335109661817851,-0.00322716125176874,-11.5556719545158,5.16759174629272,1.20427351185913,1453.83109191477,1484.56901141067,0
2.2,0.00812459242311076,0.274824112653732,0.00252432890109099,13.660023471976,-0.155055264577014,0.00718010850585556,0.00456369151966833,8.71686048301826,10.5183946831064,-0.703363187204123,1454.25843080472,1484.56901141067,0
2.21,0.00312625438974591,0.273258686065674,-0.0379709210339268,13.8338167468372,1.83006360841143,0.0342818546645214,0.0166228382484684,5.46114125275925,-12.8413221598601,-2.60796050800902,1454.66350495315,1484.56901141067,0
2.22,0.021507132278046,0.271860599517822,0.0389243509635408,12.8470387125143,-1.96743031319428,-0.0289020877059526,0.0337983899467962,-12.1880458469833,-4.51317229340397,1.77347361239172,1455.0371886402,1484.56901141067,0
2.23,0.0387449266196796,0.270418971776962,0.0164034316376506,11.915228681591,-0.881469341349979,0.0211253043564767,0.0363863081955516,0.617278662511832,11.9318326248383,-0.125531556293445,1455.41271729396,1484.56901141067,0
2.24,0.0265811419052465,0.269014626741409,0.00248050751390452,12.4553352043394,-0.139159858862011,0.0228422721688839,-0.0138181266702842,11.2706414545556,-5.30352540501388,-2.02178893721249,1455.79264526706,1484.56901141067,0
2.25,0.00413864078494876,0.267636269330978,0.0177371241157792,13.5107123294221,-0.942124570483694,-0.000590537171908988,-0.0182039881700135,13.2945477440401,-2.58494615730138,-1.8324557265619,1456.14166634036,1484.56901141067,0
2.26,0.000848932767539667,0.266357749700546,0.0124047776076123,13.6134270673449,-0.639429820458963,-0.0108296222235459,0.00610888507285924,-6.9482198966838,-11.7241847170939,2.559666524846,1456.4903030695,1484.56901141067,0
2.27,0.0287775841469444,0.265102922916412,-0.00277412599936538,12.1564337328376,0.0980078124111462,-0.0200670494829027,0.0208124638004624,-7.48235184754183,9.58138285748736,0.67106386121022,1456.81331143837,1484.56901141067,0
2.28,-0.0439491136427579,0.263897448778152,-0.0269061281980563,15.7346634925179,1.27101236074014,-0.0505672609833444,0.00992050609780726,15.1926639019453,4.28696526769882,-1.21517054608539,1457.13718574679,1484.56901141067,0
2.29,0.0155364216740837,0.26264625787735,0.0143086870965084,12.6999688908041,-0.746331738042196,-0.0136336168214817,-0.0161320617785121,1.28685287841262,-12.6566279300579,-3.09896553808188,1457.46975403642,1484.56901141067,0
2.3,-0.00284649174026825,0.261482447385788,0.0191346052169163,13.5631070764163,-1.02866700950096,0.00781256682438848,0.0176974413870797,-13.3512170095068,2.60019879005899,1.30275224668662,1457.76692541114,1484.56901141067,0
2.31,-0.00748144419859931,0.260305047035217,0.0285937416598655,13.7381166256756,-1.45375115143858,0.0198949129581523,-0.0218578706143902,6.2693669785732,12.3103321855647,-0.576467972280521,1458.0882425479,1484.56901141067,0
2.32,0.0252419700281936,0.259140253067017,0.0143465227700665,12.045864599327,-0.779678672144313,0.00494979394501053,-0.0286090773426582,8.25266882942809,-8.80932517102771,-2.45344411242267,1458.38699675506,1484.56901141067,0
2.33,-0.0321490733524658,0.258107423782349,0.0435704929254779,14.8659366670336,-2.20083789315183,0.0134749036710331,0.0524440439158511,-12.9573530170207,-7.61227713713138,1.95498622202956,1458.67147371872,1484.56901141067,0
2.34,0.0023250641015331,0.257062941789627,-0.0234183199140147,13.0921805850319,1.11904005327346,0.0111865522970269,-0.020704701842269,-11.4738729025802,-6.40372420762741,2.16511410062539,1458.94315136301,1484.56901141067,0
2.35,-0.020276183109669,0.256047159433365,0.0367054352407356,14.1736115691878,-1.87528486926243,0.041009402406122,-0.008754512664987,-5.90687330202618,13.0198619827135,0.294367261751749,1459.2169380948,1484.56901141067,0
2.36,-0.0166771796747941,0.25511959195137,0.0325999442847995,13.9494713173247,-1.67220082456749,-0.016797922066827,-0.0325378933478214,13.9555747672455,1.62047479041447,-1.57450361147401,1459.46349540709,1484.56901141067,0
2.37,-0.0397833575638391,0.254081130027771,-0.0335013142562815,15.0549912885024,1.60015873196991,0.0437563757298512,0.028114643496557,-5.97505306811303,-13.9108594809097,2.84178611436255,1459.74254085959,1484.56901141067,0
2.38,-0.000880531913529073,0.253116011619568,0.0091037365630233,13.0637441494901,-0.482556101534844,0.00582472907201713,0.00705165846430958,-11.0962686032026,6.91137429749289,0.976818667541567,1460.00114249649,1484.56901141067,0
2.39,-0.00761034678358607,0.252141684293747,-0.00916332157584213,13.3536874505222,0.389519587301695,-0.0116898453306538,0.00228721590894362,10.5918472881652,8.14158860784015,-0.886294697840248,1460.24318584903,1484.56901141067,0
2.4,0.0365992615505036,0.251217544078827,0.00322631936120823,11.0991185890344,-0.176874752289099,0.0110711074325815,-0.0350334934438305,4.42420137356516,-10.1807740539504,-2.74758347314854,1460.5123627704,1484.56901141067,0
2.41,0.0104997854466887,0.250262767076492,-0.00603566114573498,12.3585014206369,0.245604727178886,-0.00980632069048318,-0.00710709324604883,-12.3157254945855,-1.05630705190922,1.67622662901077,1460.75392414533,1484.56901141067,0
2.42,-0.0200939409875907,0.249437242746353,0.00256545909972705,13.8490644680558,-0.149538787159327,-0.00110147160397948,-0.0202270809834434,2.3512137492319,13.64883666818,-0.181387823739218,1460.98566262435,1484.56901141067,0
2.43,0.0112482603859307,0.248553842306137,0.0128314310558179,12.2399232823892,-0.683948217992101,0.0123058116008183,0.0118209976522742,-1.24070795606561,12.19607112522,0.0455609389443735,1461.22275046637,1484.56901141067,0
2.44,-0.0288844521947536,0.247736752033234,0.00254487063138359,14.2078548073828,-0.202406872285946,-0.0286708768156689,0.00433229358910779,13.8555539401523,-3.15083033201576,-1.80864441654919,1461.44672027447,1484.56901141067,0
2.45,-0.0274006862516322,0.24696347117424,0.0310329566196455,14.0971594658966,-1.58422010102833,-0.0133258823759589,0.0391951892777582,-5.62654481869112,-13.0223520048676,2.62184124964355,1461.65616252582,1484.56901141067,0
2.46,-0.00315408027626728,0.246143683791161,-0.00517643728194567,12.8459933088631,0.189396395419622,-0.00151655475864783,-0.00586888294201529,-8.81295024616065,9.34811869012419,0.770681343149373,1461.86683998952,1484.56901141067,0
2.47,-0.0117226485578661,0.245348066091537,0.0481899686858168,13.2367590423917,-2.43177944635157,0.0124300803933341,-0.0480123595813254,10.5183712960566,8.39578504371857,-1.07884083269315,1462.09332707637,1484.56901141067,0
2.48,0.0094059716049963,0.244591549038887,0.0162137226133761,12.1446622553866,-0.868413635568218,-0.013837031407327,-0.012644906668305,3.43636086750021,-11.6806843775596,-2.92685730717564,1462.2872357869,1484.56901141067,0
2.49,-0.0103870215560572,0.243899643421173,0.0373369459690183,13.1018627375473,-1.8884405144103,0.0126438654136465,0.0366342792818555,-13.1926183592042,-1.08620237450603,1.5097957422175,1462.48676819421,1484.56901141067,0
2.5,-0.0282358941934837,0.243233218789101,-0.0158391992833481,13.9631632450307,0.74714916381334,-0.0242494714644163,-0.0214501535784638,5.30090329897358,12.9394197665619,-0.335357821121932,1462.65815904407,1484.56901141067,0
2.51,-0.0507453409174123,0.242472261190414,0.00624285546853455,15.052720154523,-0.389815527228742,-0.0452078951833851,0.0238811449121158,12.5745080156521,-8.28360358539409,-2.17919713470215,1462.8584035847,1484.56901141067,0
2.52,-0.0247916203491719,0.241812139749527,-0.00692645397944869,13.7241591214605,0.31630496852312,0.0235204279216644,0.0104589518905428,-10.7787602573831,-8.50123048376752,2.26165345070083,1463.05300300435,1484.56901141067,0
2.53,-0.0121793074553305,0.241112157702446,0.0190050615798554,13.0606879650448,-1.02057018962785,-0.00801201536484011,0.0211029738553392,-6.95934986506595,-11.099125329855,2.50356145115222,1463.23646002375,1484.56901141067,0
2.54,-0.0061448845622656,0.24050959944725,0.0029263199013524,12.7309899477639,-0.165851976640758,0.00609103300935652,-0.00303681927805237,-7.97485690247164,9.92508283659741,0.663847998329579,1463.40860644088,1484.56901141067,0
2.55,0.00913479136798487,0.239907011389732,0.0222836281005339,11.9390352615147,-1.16977565286382,0.0170267189674734,-0.0170321852932088,10.5627447920378,5.6865948081433,-1.17459841020168,1463.57248755955,1484.56901141067,0
2.56,-0.0441448359387577,0.239205747842789,0.00486144509097628,14.5700755225375,-0.279906539515745,-0.0105365899502003,0.0431437186697409,2.16414880386755,-14.4111730389315,-3.01174358699675,1463.7554705181,1484.56901141067,0
2.57,0.0196294441653027,0.238621547818184,-0.0096825183716651,11.3542974930576,0.44713969215742,-0.0207560828236338,-0.00694631312818705,-11.1902209271931,1.97457870589312,1.43549884638407,1463.92046361693,1484.56901141067,0
2.58,-0.031282134395678,0.238003477454185,0.0165019756991582,13.8711230915215,-0.901398365914265,0.00304667812760482,-0.0352364142147246,4.56055150706512,13.1309536891126,-0.399171656193964,1464.07658274426,1484.56901141067,0
2.59,0.00328595353889919,0.23743948340416,0.0155182051238217,12.1166416880647,-0.800846187867087,-0.00694582303689692,-0.0142607055668688,10.0500768236971,-6.81544688566751,-2.23270472466525,1464.24694276988,1484.56901141067,0
2.6,0.000152893023443744,0.236812502145767,-0.0182980566772917,12.2440792403033,0.850050697337323,0.0109135709302585,-0.0146879618733238,-10.2793597315893,-6.70632732122809,2.21817608088941,1464.40663025112,1484.56901141067,0
2.61,-0.0617706753689014,0.2363341152668,0.0381060813395791,15.3184949786845,-1.93066053457169,0.0585987838358216,-0.0428237352825682,-7.56858014553094,13.45735238048,0.386949259752958,1464.54524305756,1484.56901141067,0
2.62,-0.00107213906734567,0.235707849264145,0.018178454952312,12.2543723372771,-0.960061077323138,0.0152238204607286,0.00999204669787259,-8.08583176616325,9.2580064431884,0.639731611863536,1464.71006727025,1484.56901141067,0
2.63,-0.0233953606566113,0.235218852758408,0.000710085974499652,13.3482263037788,-0.104445052206116,-0.0214478141861489,-0.00937221366489946,12.3490420824433,5.06825550577989,-1.18916672733566,1464.85289794294,1484.56901141067,0
2.64,-0.0400521993791966,0.234755501151085,-0.00931280108219322,14.1600499603326,0.428846174271711,0.00426833763224937,0.0408985113783441,1.33241907222421,-14.1037435929712,-3.01712310817088,1464.98566384778,1484.56901141067,0
2.65,-0.0624585384690844,0.234231114387512,0.00657922098995035,15.2562795761607,-0.406458421593018,0.0627815723895219,-0.00168206564316939,-15.1774792815462,1.60106140191316,1.43906000674927,1465.12834353791,1484.56901141067,0
2.66,-0.0283510108869695,0.233890384435654,0.00549217655439901,13.5360361411814,-0.298264745227154,-0.00561264746280445,-0.0283274074012435,4.83184893162178,12.6477852676111,-0.386952040711018,1465.23958253241,1484.56901141067,0
2.67,-0.0421194139811632,0.233411401510239,-0.0244136835975651,14.2026551255983,1.15774587737442,-0.0191466894989171,0.0447602196392141,10.6884146211905,-9.42409576663904,-2.21207846933847,1465.3657131907,1484.56901141067,0
2.68,-0.0654125372901887,0.232907593250275,0.0031862771177272,15.3442348284057,-0.185055716515841,0.049027058091311,0.0434200411276001,-11.8525163570431,-9.7466734886062,2.24694558479044,1465.50977972375,1484.56901141067,0
2.69,0.00456387763481365,0.232432380318642,0.00805213871850631,11.82378022344,-0.444911758154314,0.0054629557928473,0.00747141425789099,-5.26787238977798,10.5947744539357,0.423805682968542,1465.64341212915,1484.56901141067,0
2.7,-0.0501809051800451,0.232068449258804,-0.0262875918672724,14.5449967638273,1.23752085576357,-0.0539456782439072,0.0172923257450757,14.5417401679939,1.27521826161223,-1.39844861856009,1465.73926837333,1484.56901141067,0
2.71,-0.0333469080987047,0.231682181358337,0.0249232195135075,13.6861265190234,-1.27644873568584,-0.0197868881464493,-0.0366287074320381,11.8827813810756,6.90933333391229,-1.13711940985036,1465.85468082637,1484.56901141067,0
2.72,-0.0238506463720206,0.231400102376938,-0.00187040234163196,13.1993879222986,0.0246049620633507,-0.00251697192692189,0.0237911031606743,2.38645331569672,-12.9818830490603,-2.9579287743521,1465.94468576856,1484.56901141067,0
2.73,-0.0243720471580342,0.230913877487183,0.0283254582136928,13.2032653343885,-1.43790804239172,0.0261741766622223,0.0266690971302719,-13.2690770236126,-0.570429636394236,1.5052813007231,1466.07361586236,1484.56901141067,0
2.74,0.00551937837842717,0.230669111013412,0.0288935539051359,11.6986460011455,-1.49617630862215,0.029185562485293,-0.0036747703833436,2.19031043028236,11.5887618849295,-0.314002061811551,1466.14946732151,1484.56901141067,0
2.75,-0.0256471042644946,0.23028077185154,0.0139879788971358,13.2396727031246,-0.769323030037531,-0.0291568185625052,0.00182138466385504,11.6152105520439,-6.40059958457785,-2.13248995761917,1466.27355401468,1484.56901141067,0
2.76,-0.00461893038676971,0.229879543185234,0.038298943995468,12.1703489539471,-1.94970470551138,-0.0231061349820668,0.0308909396955859,-7.45638496918025,-9.81432958947868,2.33303259724895,1466.37649371216,1484.56901141067,0
2.77,-0.0467387515468526,0.229443460702896,0.0140690196352981,14.2566493638272,-0.779522335000889,0.0353049353147538,-0.0337047437622342,-7.71467314339025,12.0143049921555,0.516195107021595,1466.49998738049,1484.56901141067,0
2.78,-0.047504636471628,0.229043215513229,-0.0146089240127006,14.2770522168047,0.706153221799554,-0.0496816401969367,0.00135859282072078,13.9450007075621,3.14162818298388,-1.29978823340056,1466.61303644266,1484.56901141067,0
2.79,-0.0323584065062865,0.228693038225174,0.018289580347651,13.5043718076576,-0.976497314049339,-0.0191444318319141,0.0318600996663924,1.33561737704206,-13.4735938467042,-3.1149710129547,1466.71200089763,1484.56901141067,0
2.8,-0.0256386734425899,0.228315159678459,0.00498821708740187,13.1515978469088,-0.276908272041733,-0.0122293136026215,0.0230795964959432,4.08993617857735,-12.5025447878864,-2.8464889833522,1466.82934641868,1484.56901141067,0
2.81,-0.0242094858827566,0.22788342833519,0.0216368234914368,13.0606542716407,-1.12477620825963,0.0230451937683324,0.0228729180842103,-12.9839891568013,-1.8060556741309,1.6231006820752,1466.94878607587,1484.56901141067,0
2.82,-0.0365285288583313,0.227555260062218,-0.0185556431954647,13.6623342514804,0.851892952116917,-0.0251094817815193,-0.0323752874831234,3.41232108117679,13.2567403097442,-0.189660930867052,1467.04295770781,1484.56901141067,0
2.83,-0.00963509426686825,0.227180391550064,0.0136630876901032,12.3010317268681,-0.708443144465651,-0.014461006211861,-0.00839013147092477,11.47264662345,-4.49395735269009,-2.00166493594763,1467.14965683562,1484.56901141067,0
2.84,-0.0165060235555174,0.226848527789116,0.00533961781813779,12.6301212573735,-0.332685157565676,0.00608685294019072,0.016245324045508,-7.59613270689317,-10.0960096220878,2.47022942471146,1467.23901835999,1484.56901141067,0
2.85,-0.0317462074080585,0.22662328183651,0.0233724947946511,13.3830183160836,-1.19103306221792,0.0379238774629379,-0.0107645118745593,-9.14228315034506,9.84593305902704,0.659595922237265,1467.31512899012,1484.56901141067,0
2.86,-0.0188710856813548,0.226326495409012,0.0241339608403074,12.726558053388,-1.25559902898939,-0.0073817140366598,-0.0297334195563764,11.1067072901616,6.33899534457352,-1.15051411645744,1467.40073542568,1484.56901141067,0
2.87,-0.0243743076894718,0.226094737648964,0.00567388130806316,12.9922843556301,-0.35918573647063,-0.00998254116702158,0.0229488273401443,2.69966259457303,-12.7137834276937,-2.95999805166751,1467.47125232936,1484.56901141067,0
2.88,-0.0377661444738238,0.225860357284546,-0.0103510433544722,13.652296415445,0.486035377802625,0.0371199454858017,-0.0124713838075413,-13.602922641861,1.25774536500619,1.51418303306112,1467.548489582,1484.56901141067,0
2.89,-0.051411829440719,0.225597828626633,-0.0183873683803856,14.3236055179961,0.84699205489479,0.0541706216200931,-0.00684216893172646,-14.1681649244296,-2.26851785322198,1.78862630974317,1467.61730962831,1484.56901141067,0
2.9,-0.0427255736390316,0.225374832749367,-0.00387816865042523,13.8802777702794,0.171301455972055,-0.00470188627517128,-0.0426427848565359,0.439105683872291,13.8743879637021,-0.0192973620955276,1467.69701063418,1484.56901141067,0
2.91,-0.00135177041914623,0.22507905960083,-0.00588356008136316,11.7989333431015,0.24232127209622,0.000180900725300457,0.00603413932758223,11.3536815736194,-3.21985440023577,-1.82660145720132,1467.77514071498,1484.56901141067,0
2.92,-0.0268970479755738,0.224872142076492,0.00390024017240669,13.0679762113194,-0.264163321685323,0.00926258349805918,0.0255512741393508,-5.93776126204652,-11.644087586199,2.64981458773914,1467.85779539869,1484.56901141067,0
2.93,-0.0216166160540464,0.224633455276489,-0.0145217991811128,12.7941697721552,0.691629832233763,0.006495572441434,-0.0252184115229867,-9.09829179316649,9.02165275489835,0.843633316279054,1467.91874483426,1484.56901141067,0
2.94,-0.0367882243120752,0.224380224943161,-0.0254047805853787,13.5422245269389,1.19657034160462,-0.044707240841707,-0.000197334610254139,11.7935811265244,6.76277087683163,-0.962014566196062,1467.99122283802,1484.56901141067,0
2.95,-0.0115008599818051,0.224153533577919,0.00683371575804005,12.2686428224015,-0.363040050100709,-0.0105662033551077,0.00820516898310338,4.82450237504382,-11.2860786642145,-2.76721084137292,1468.07017080474,1484.56901141067,0
2.96,-0.0387391895931827,0.223874226212502,0.00381470671604561,13.6187174476845,-0.251415202409136,0.0378218075592828,0.00920802207939251,-13.4489735543306,-2.15819018132924,1.71145333685581,1468.14651391786,1484.56901141067,0
2.97,-0.0368377973848888,0.22362793982029,0.0293631316049392,13.513453722652,-1.51140296674834,0.0258322431825442,-0.0393943146402752,-0.255790300946029,13.5953058723993,-0.09256903979015,1468.22293986848,1484.56901141067,0
2.98,-0.0358406880840639,0.22350025177002,0.0284997025613205,13.4593675781541,-1.46681799853709,0.0346569055102341,-0.0299280281488374,-3.93953954406698,12.9532296677482,0.186693887164379,1468.27433389205,1484.56901141067,0
2.99,-0.0652642048460605,0.223177462816238,0.0216740760237987,14.9165188508732,-1.16345516459054,-0.0661833526254497,-0.0186800921017359,14.9540223190979,0.4830931880997,-1.61634249575198,1468.35100064018,1484.56901141067,0
3,-0.0124202725754616,0.222976177930832,0.0114412719155077,12.2663653158556,-0.595693993896094,-0.00760462325483455,0.0150776516422611,-2.7846235442724,-11.9609548579146,2.86433251332057,1468.43167075362,1484.56901141067,0
3.01,-4.75378873682344,-4.59999990463257,-0.265634923410776,8.18735529459557,12.7810071154154,3.76799583332445,-2.91054576788175,0.488017015195378,15.1706548638192,0.968908958736229,1439.58508294722,263.902826838187,0
3.02,-4.67364863922832,-4.52015542984009,-0.208585262620045,8.17391547015382,9.98691006020574,-4.37376118453196,-1.66033506119234,11.4620153552296,-5.93072260861525,-1.16338736456618,1407.33950619436,263.902826838187,0
3.03,-4.58185487077024,-4.3957052230835,-0.196609773995939,9.808084746978,9.35853048725494,1.91830583689581,4.16559145574349,-12.3774057618146,-5.52995894127439,2.75291542993567,1375.62997125174,263.902826838187,0
3.04,-4.40979954563199,-4.27396631240845,-0.239800040851868,7.29359181452585,11.5592008400336,0.456005808675625,-4.39270927728011,10.2697435729411,9.01908934223335,0.157764579786357,1344.93325763426,263.902826838187,0
3.05,-4.27157931274228,-4.15538167953491,-0.189230234529525,6.31306938962387,9.06622281379679,-1.81375678335744,3.87201294387465,-5.10350746960743,-9.79823722591347,-2.65924976430126,1315.16061052068,263.902826838187,0
3.06,-4.15569958908408,-4.0404167175293,-0.177141540554524,6.26854401217598,8.48688652058957,2.16931428806605,-3.54898488580835,3.55210634754345,9.93501018327076,0.59125033816022,1286.18346388368,263.902826838187,0
3.07,-4.05872197745318,-3.92856693267822,-0.148913179406195,7.01337850721692,7.08935683671517,-1.78018075519429,3.65052814043368,-2.95075861300719,-9.52572737650706,-2.65120038868794,1257.94144200688,263.902826838187,0
3.08,-3.92886583905775,-3.81997537612915,-0.138832078248783,5.95134475421076,6.59407267334553,3.10033759484652,2.41726455425283,-8.79686536273035,1.23103963982858,2.26834402749457,1230.44282612457,263.902826838187,0
3.09,-3.83633988026499,-3.71453547477722,-0.172679753324797,6.59826619343978,8.28833056137825,-3.79765157054225,-0.570231990402049,8.07250641699558,-6.86062536520776,-1.3767746943452,1203.64844625002,263.902826838187,0
3.1,-3.7514979964267,-3.611496925354,-0.131149155091531,7.50928626597934,6.24363434638881,3.2241918721302,-1.92237459662895,-3.57212172514828,9.08913067661345,1.06809505005258,1177.73038834148,263.902826838187,0
3.11,-3.61246763933836,-3.51086091995239,-0.140319756394934,5.59073540112033,6.73045435670537,-0.520607964228359,3.57751022736255,-5.5984365544809,-6.72404984503286,-2.95826093323843,1152.49724194014,263.902826838187,0
3.12,-3.53813766258548,-3.41417098045349,-0.107061231670752,6.70984320509995,5.04772117788878,-2.80394518493976,-2.16050263285788,8.38918403653003,0.350822074508756,-0.884039748565885,1127.80865251992,263.902826838187,0
3.13,-3.4317777556978,-3.31899881362915,-0.0940080530429612,6.15154563786125,4.44298731244151,2.86096012088455,-1.8975888029938,-2.86410077971156,7.02698916441897,1.01253555100231,1104.05621911252,263.902826838187,0
3.14,-3.39696954819182,-3.22741270065308,-0.115877701454954,8.99155229467379,5.51121647898038,1.44556515754876,3.07622676802573,-8.60938475078194,-6.09097807901505,2.73640023370186,1080.67224034193,263.902826838187,0
3.15,-3.28165632409564,-3.1372492313385,-0.113283050802263,7.73514844101414,5.41219888071929,-2.94969927700623,1.44269728436179,4.85289598667787,-8.09776627666348,-1.99117941947885,1058.09082142471,263.902826838187,0
3.16,-3.18668699185217,-3.05033183097839,-0.0930571879444833,7.33356787360601,4.43117465713108,-1.87334501008728,-2.5795759530297,7.79419385027785,3.5590825816603,-0.598915197988573,1036.21194469483,263.902826838187,0
3.17,-3.0754410780478,-2.96593403816223,-0.0921632503735479,5.99217502844346,4.40204571243832,1.74873084754615,-2.5315553148418,-0.00648467582130552,7.43532958078373,0.634465201301032,1014.80751383978,263.902826838187,0
3.18,-2.99202772760373,-2.88376641273499,-0.128838214551575,5.93087571653983,6.21096028362895,2.97997625699191,0.297608326568423,-6.75321860291925,5.3052194027244,1.71336954947445,993.947804300102,263.902826838187,0
3.19,-2.90199746174881,-2.80359244346619,-0.0911183092343042,5.43907566661497,4.33442818230488,1.47059805664324,2.50344426142692,-6.410742253665,-2.6968862660105,2.64185530352331,973.682013586292,263.902826838187,0
3.2,-2.87249673119753,-2.72566032409668,-0.112978444731256,7.86162248218463,5.43510101503494,-0.692477232570059,2.79006754077505,-3.02737192143869,-9.06534336610089,-2.85900390914054,954.006557124699,263.902826838187,0
3.21,-2.79022190871207,-2.6499171257019,-0.0760717277832395,7.53598651648273,3.59770079097129,-0.453712041771324,-2.75413699564427,4.58632273346813,6.97855196601977,-0.136014981372041,934.894500731585,263.902826838187,0
3.22,-2.68240279324355,-2.57627177238464,-0.0933513876388212,5.82820629852278,4.48362263176003,0.872702604915502,-2.53818624024097,2.10116065299852,7.04670025419431,0.365954292734962,916.358264554881,263.902826838187,0
3.23,-2.61114084834228,-2.50439596176147,-0.0558108497176308,5.85982504109512,2.63660732650911,1.70645281233199,-1.97716721096423,-1.96387857546016,6.11820469151659,0.733409513822266,898.333533330609,263.902826838187,0
3.24,-2.52169875341373,-2.43439793586731,-0.0952762973496033,4.88852961898147,4.61187233950749,2.02629204045734,-1.50405543201845,-1.42555669921854,6.56771470215376,0.970025538277256,880.716565482986,263.902826838187,0
3.25,-2.453332182427,-2.36664962768555,-0.0587343571671599,4.85849544826905,2.7739794160936,2.13550303762383,-1.20909689369515,-2.97537996419877,4.73783219314557,1.07954554046615,863.520641034939,263.902826838187,0
3.26,-2.43952277358263,-2.30103826522827,-0.0497026174681641,7.44952513817845,2.32095667051974,2.11025895060336,-1.22496892793649,-5.39350332927166,5.63847377292103,1.06522246571399,846.866077339838,263.902826838187,0
3.27,-2.34639294965921,-2.23639512062073,-0.0535690214967435,6.0260944447599,2.54537529767634,1.84929517893115,-1.44517710176177,-3.310507337952,5.64209985985299,0.930280318675957,830.721319370428,263.902826838187,0
3.28,-2.27923934304955,-2.17422723770142,-0.035307181410585,5.77763678109212,1.61550116021601,1.40265609024753,-1.79686796188691,-2.36737845548784,5.51239059042261,0.678296009723659,814.876970341472,263.902826838187,0
3.29,-2.20809215106215,-2.11344051361084,-0.0414427447294312,5.26048592456218,1.95521134202871,0.639329978147892,-2.11391712886632,0.243471234491024,5.6068070514768,0.312458841428577,799.672355745937,263.902826838187,0
3.3,-2.14534989915063,-2.05443549156189,-0.0609531692410769,5.07446788971945,2.91155865643068,-0.410805904043295,-2.10653269327331,3.70185697544803,4.53030386474869,-0.16419380490535,784.63926456872,263.902826838187,0
3.31,-2.07167171228089,-1.99703359603882,-0.0699210349746913,4.261407818205,3.38819477635518,-1.46097470133577,-1.47046440169546,5.38256323819285,0.816990466550297,-0.748422745218643,770.307970156864,263.902826838187,0
3.32,-2.07460465858199,-1.94156241416931,-0.0637148607661843,7.1824456164465,3.0574791168024,-2.06461996012539,-0.213045753640879,7.5255552244206,-2.07405934030108,-1.43726924892287,756.123795521487,263.902826838187,0
3.33,-1.9674013442601,-1.8866970539093,-0.0304896305090806,4.56636400701132,1.41046350689517,-1.53873555924801,1.22633215144624,2.75279233732945,-3.90681736152994,-2.22819321674109,742.396772029641,263.902826838187,0
3.34,-1.90248111100775,-1.83414745330811,-0.0235111305034916,3.94857046010782,1.08168225049267,-0.0211522780116413,1.90250879948918,-0.988699439399561,-3.9728728381359,-3.11811750204193,729.18833504019,263.902826838187,0
3.35,-1.86203592809506,-1.78315305709839,-0.0426634870713899,4.47678913173093,2.04676552852421,1.55254927477211,1.02887740768787,-4.84353964406311,-0.878073900721489,2.17895736179501,716.203782444046,263.902826838187,0
3.36,-1.79958800343752,-1.73315525054932,-0.0630071583394112,3.85500514055699,3.04414781461363,1.57461767250228,-0.873536530181633,-2.05168444544125,4.46301372250548,1.09930285538908,703.540515681532,263.902826838187,0
3.37,-1.76312266682301,-1.68438684940338,-0.0151506732963709,4.47085278321356,0.658911249661765,1.6010339381268,0.738594212089839,-4.32458940176228,-1.31172220773478,2.01161956560201,691.332406404371,263.902826838187,0
3.38,-1.68615352838823,-1.6370667219162,-0.0364952849441625,2.98917030932642,1.73904866241094,1.12570426677057,-1.25588038080614,-0.773297535091265,3.37067356927568,0.752433774250289,679.427483257244,263.902826838187,0
3.39,-1.68492323075329,-1.59128868579865,-0.0295694801557156,5.21724856335439,1.39925510399073,-0.966039099877211,-1.38080016845205,4.07575786584464,3.54482654538598,-0.592925026379923,667.88611254114,263.902826838187,0
3.4,-1.60517978012709,-1.54675722122192,-0.0380333726945591,3.45733683037995,1.83053555216969,-1.42795308209605,0.734165280641744,2.31313095765515,-3.15491101922008,-2.02200072766272,656.642365587242,263.902826838187,0
3.41,-1.58654755590621,-1.50342869758606,-0.00869039337495592,4.69284006048425,0.36570597993063,0.612466638221352,1.46358917977513,-2.12597158249849,-4.1996111162168,2.75074433246028,645.693038948503,263.902826838187,0
3.42,-1.5306290872703,-1.4612410068512,-0.00869872099587099,4.00697617259825,0.369745528829022,1.40048463103732,-0.617692373899111,-3.52806186045797,1.93529049825629,1.16108798469448,635.040632972706,263.902826838187,0
3.43,-1.4718132943138,-1.42003011703491,-0.0323024362949201,3.12744156505813,1.55333009374563,-0.741244857866365,-1.27194098974602,2.87391884291309,1.98351092947284,-0.505707723118091,624.644435444829,263.902826838187,0
3.44,-1.46226092337138,-1.38009405136108,-0.00360316696450286,4.64726211088607,0.116474243862315,-1.13780366147417,0.918489422240165,3.55032701669757,-3.00096475341978,-2.24747691656362,614.56967176968,263.902826838187,0
3.45,-1.41433333626754,-1.34111332893372,-0.0468403075148882,4.2005708962063,2.27887053967628,1.15399512831235,0.819040929573808,-4.72289884771633,-0.729570603094441,2.22113808161219,604.740562482701,263.902826838187,0
3.46,-1.36203403376466,-1.30324923992157,-0.0497797551158599,3.47949155068694,2.42370040232112,0.401640746222173,-1.30242060952932,1.1423269671308,4.0836594118118,0.33565906080652,595.145114096419,263.902826838187,0
3.47,-1.3394068527313,-1.2666015625,-0.0246077703456916,4.18114988961459,1.16094923301818,-1.33667603648437,0.0889574785692461,4.12051678195744,-1.36057303026216,-1.61887952331664,585.849108690397,263.902826838187,0
3.48,-1.32483445148962,-1.23123097419739,-0.056222788316147,5.22165749329611,2.74295506270997,0.682968010250391,1.13661867957308,-4.90615641479665,-3.27400957342696,2.64294070450067,576.87297043335,263.902826838187,0
3.49,-1.2619648828105,-1.19644272327423,-0.0184307748918447,3.818227944369,0.876452995661049,0.650761644093728,-1.08139000434,-1.27203194346013,3.70526236906114,0.556332960347271,568.167057035186,263.902826838187,0
3.5,-1.22975696076619,-1.16238510608673,-0.036611877353835,3.91132050735692,1.78268287586575,-1.22859385937804,0.0648054072962571,3.86940783950588,-1.87191594863291,-1.59373226722244,559.627223621135,263.902826838187,0
3.51,-1.16895172570603,-1.12945628166199,-0.00318026645342651,2.5180733532104,0.102593734971387,0.722726568914051,0.918762514315614,-1.63225835799787,-1.92014362466711,2.47777781516977,551.289044968045,263.902826838187,0
3.52,-1.18134757963266,-1.09804546833038,-0.0142992437104059,4.70894686480854,0.654658337477184,0.228249973845593,-1.15917579413742,-0.324862884158804,4.74312367758997,0.206523470069716,543.265866362703,263.902826838187,0
3.53,-1.11929306428056,-1.06703650951385,0.00692981666942089,3.15720050324882,-0.385916345685329,-0.956618054529667,0.581159946876514,2.89049930850567,-1.32735081689429,-2.12291451090221,535.537547130217,263.902826838187,0
3.54,-1.08959996930825,-1.03652441501617,0.0049674589203134,3.19871723624939,-0.297606926155606,1.06610571549155,0.225103025659158,-3.07253867692275,-0.93801274980063,1.77432608366493,527.848196884984,263.902826838187,0
3.55,-1.06652896818838,-1.00757837295532,0.0211595455768693,3.49301304542574,-1.11284221571376,-0.642791556753245,-0.85132295923506,1.28504739612844,3.43339644117783,-0.666562431896522,520.444424498527,263.902826838187,0
3.56,-1.00997763989739,-0.978968560695648,-0.0375806579980161,2.09644021583027,1.84450525332946,0.057210616765571,1.00905603624257,-1.88491780591305,-2.06018107773622,3.1221483614809,513.332247201824,263.902826838187,0
3.57,-0.958274043990202,-0.951016545295715,-0.0101644569600672,0.909404571357683,0.461286777763165,0.51320826253233,-0.809326719464504,-0.108203363310371,1.01394980048999,0.57573554184171,506.240517437249,263.902826838187,0
3.58,-1.01710532076639,-0.924517393112183,-0.0110035114307279,5.17640700369019,0.518596530231259,-0.910898264991926,0.452646287546706,4.43451669015382,-2.720145869943,-2.02116126143988,499.550486984291,263.902826838187,0
3.59,-0.934976667301324,-0.89789617061615,-0.0464496496864117,2.40156090382284,2.28254532963349,0.936120248727391,-0.00422117003298897,-2.50209199956608,2.17187559089131,1.61592633770644,492.856990417196,263.902826838187,0
3.6,-0.927014159080306,-0.872772932052612,0.0147280895729136,3.26010424380273,-0.765240360156687,0.790428900537857,-0.48455579756345,-3.16225426089396,1.10182597479427,1.00496543043719,486.471596616806,263.902826838187,0
3.61,-0.910574433088465,-0.847633540630341,-0.0612078835463022,3.69556769539091,3.02430070511913,-0.888224243101878,0.209642307678323,3.14983275528553,-3.58917385479323,-1.7354605364291,480.188034040159,263.902826838187,0
3.62,-0.859326983375223,-0.823834538459778,0.0184350455140506,2.323661795163,-0.947923835026462,0.840127210797923,0.181573635026584,-2.10089823363929,-1.37265813194791,1.76219923273978,474.125409679653,263.902826838187,0
3.63,-0.84710063639386,-0.800024509429932,0.00490676120456257,2.90332766872382,-0.282012562743713,-0.73970558529496,-0.412842841245724,2.40734518123653,1.64728012672399,-1.0675343773622,468.167364484962,263.902826838187,0
3.64,-0.830915132759771,-0.777592182159424,0.0253260946287141,3.21613803457181,-1.29102188037825,0.577393792329826,0.598061683689327,-1.40222710675517,-3.16923342373449,2.34330523003354,462.479010995888,263.902826838187,0
3.65,-0.799450477174526,-0.755045056343079,0.0319779157392329,2.77075991442609,-1.63728595140294,-0.404941669068232,-0.690047749943319,0.118877588550201,3.21615980775092,-0.570658969999438,456.793639875607,263.902826838187,0
3.66,-0.741887273259127,-0.733758628368378,-0.026298231768436,0.957368541246935,1.29328772502719,0.301992216729108,0.678151180971506,-1.55756940024313,-0.403887641432055,2.75807288160323,451.443955735145,263.902826838187,0
3.67,-0.722540727550163,-0.712717711925507,-0.00550076910966445,1.04256150032874,0.238726724622958,-0.174055631093294,-0.701284534774746,0.475557005213671,0.958003374633477,-0.235666598832535,446.073240981767,263.902826838187,0
3.68,-0.726309762355592,-0.692174792289734,-0.0408379471059731,2.25862486758896,2.01568916928747,0.131858602805692,0.715406819706799,-2.2837422302694,-1.98718659047363,3.01549295565262,440.957499532381,263.902826838187,0
3.69,-0.7133575722811,-0.672536015510559,0.0126393291239399,2.59343533729314,-0.651503468912801,-0.0257501915233595,-0.713004702795148,-0.511060417264715,2.62472491294449,-0.0538155780298118,435.964388308481,263.902826838187,0
3.7,-0.714872258567819,-0.652999460697174,0.0200922432684665,3.64644067341786,-1.03936799576138,-0.00736667144720586,0.715116617385726,0.97430866049489,-3.664360523946,3.12379498239966,431.031938843845,263.902826838187,0
3.71,-0.682655299804282,-0.634283483028412,-0.00970535414642348,2.97183827880415,0.462189224665886,-0.0212609238976317,-0.682393160403151,0.512434495665933,2.96358777875981,-0.016930232251328,426.350798349827,263.902826838187,0
3.72,-0.701545503033342,-0.61620569229126,0.0229834742453653,4.82069478813839,-1.16818571319309,0.0122725775657095,0.701814588587745,0.924648074632418,-4.87327221063749,3.09135802371427,421.751019204377,263.902826838187,0
3.73,-0.633919082967403,-0.598169922828674,-0.026730250129437,2.34161472245895,1.30636790973237,-0.10054200037815,-0.626465654431411,1.57076383721302,2.17312162377509,-0.116992120637547,417.202415759787,263.902826838187,0
3.74,-0.639939341271201,-0.580891072750092,-0.021629722964868,3.50701494480471,1.05877595156245,0.158383291629017,0.620407074713783,-1.7863351979464,-3.19830688009583,2.92542883215817,412.880788360494,263.902826838187,0
3.75,-0.642438587876856,-0.564388334751129,0.00106000945463214,4.45752167957204,-0.0695877706105759,-0.217301625368786,-0.604572962036293,1.44920428998086,4.21593986052628,-0.346700811564577,408.695453913002,263.902826838187,0
3.76,-0.566369914490242,-0.548024654388428,-0.0175865026731047,1.47268936517405,0.851131512631261,0.290783306251996,0.486342712416988,-1.45986393120474,-0.872946802765318,2.63376151034682,404.529750538918,263.902826838187,0
3.77,-0.554086662557461,-0.53190940618515,-0.00678186892089863,1.66471803321131,0.313647947223494,-0.361594311458215,-0.419889958550077,1.31093928815638,1.07289298052718,-0.698700894002072,400.510794029675,263.902826838187,0
3.78,-0.540561470235778,-0.516632556915283,-0.0350130716546317,1.7526976466021,1.73368763209225,0.450832777839025,0.300303887281045,-2.44522600951681,0.313833727404555,2.22309425454383,396.673293782049,263.902826838187,0
3.79,-0.55059774757083,-0.501676857471466,-0.0115519249627747,3.00275036700826,0.564586067585031,-0.510744919688486,-0.205987751123263,2.98273502730125,0.662237835818512,-1.16646345976798,392.879790230107,263.902826838187,0
3.8,-0.543420646376614,-0.487089365720749,-0.0088632976020451,3.37367369936883,0.41841551618422,0.540049031691308,0.0610868260923746,-3.39946904918498,-0.0188668394292425,1.69973981249052,389.162240206326,263.902826838187,0
3.81,-0.520828180538491,-0.472619533538818,-0.0185656119826685,2.96798175587444,0.903459036882378,-0.509836724333733,0.1080425384373,2.76788450521,-1.40141689027439,-1.74399160517181,385.53633651447,263.902826838187,0
3.82,-0.496221769995983,-0.458781898021698,0.00400078975635419,2.42993615428764,-0.220260485750282,0.437100321771011,-0.23493692780042,-2.23685174686687,0.974473528648047,1.06954631999884,382.084666934972,263.902826838187,0
3.83,-0.464169793888506,-0.445561021566391,0.0105042605038596,1.48876950108244,-0.539494141181105,-0.312726068246876,0.343171011721681,1.38449954164767,-0.768537295711403,-2.42520480345119,378.738971299222,263.902826838187,0
3.84,-0.457087942683569,-0.432699024677277,0.0388926138576536,1.77813219262291,-1.95645446413383,0.188661657472884,-0.418149257752495,-2.43636793484172,1.02644018371567,0.338953560429558,375.484323287775,263.902826838187,0
3.85,-0.459161128733108,-0.420003354549408,-0.00975747201828273,2.51696786519908,0.474248384861389,0.0382956085955989,0.457665376407198,-0.629870354752189,-2.48259986731507,3.07935857778931,372.258504997303,263.902826838187,0
3.86,-0.445886064670737,-0.407493025064468,-0.0348220091397869,2.47913371598379,1.71889360999357,-0.239303133241272,-0.377837220782969,2.67873839854341,1.38746524870837,-0.486643143031596,369.105816826658,263.902826838187,0
3.87,-0.408554217475231,-0.39542543888092,0.0085092232719579,1.21628283842056,-0.446455150885141,0.323309304631681,0.249920085299419,-0.711946275901082,-1.08249648730091,2.20803489425713,366.09631721735,263.902826838187,0
3.88,-0.40619718895569,-0.383857578039169,0.0166325038911255,1.67717230148082,-0.84951614240246,-0.397644139442289,-0.0845691129691814,1.51080764543177,1.11894810583947,-1.40216715988531,363.191856382804,263.902826838187,0
3.89,-0.398611749890723,-0.372749507427216,-0.0272852458431039,1.85361847848818,1.35166049581325,0.369637915051353,-0.151669454895018,-1.33241737393204,1.86749872861509,1.24977011667304,360.392550419503,263.902826838187,0
3.9,-0.372799251173041,-0.361762523651123,0.0241626866660057,1.11275197803039,-1.2189999185145,-0.26913629970721,0.259092202279441,1.65050830974655,-0.000292243865881558,-2.40190577152284,357.600434130462,263.902826838187,0
3.91,-0.361962166472163,-0.350926846265793,0.000786575952670426,1.11309561679401,-0.0472381540441824,0.0759430215945406,-0.353906606508048,-0.277379851215752,1.07901515905156,0.209206302116059,354.868006799613,263.902826838187,0
3.92,-0.406485899307401,-0.34067291021347,0.0207132002369595,3.85229701061781,-1.04486992157749,0.116345448296617,0.390030203523345,-0.302850557310767,-3.97997826011259,2.80078482903979,352.261588123968,263.902826838187,0
3.93,-0.341776933926923,-0.330481320619583,-0.00946263822459037,1.12677846346837,0.459931974559683,0.311439181462123,-0.141090929321699,-0.860715342874567,0.860427931612424,1.17310599657545,349.695231842977,263.902826838187,0
3.94,-0.383058184329025,-0.320636063814163,-0.0451679663204925,3.6834437417535,2.23922867843905,-0.174133361147424,0.344167532313086,0.170451118644359,-4.30730185721407,-2.55582007682323,347.203596470903,263.902826838187,0
3.95,-0.331292957292107,-0.311096221208572,-0.00682950177566506,1.57248652572862,0.322385359829363,-0.0132303390385362,-0.331099114729682,0.352712872671676,1.56596290610029,-0.019325829255801,344.808329030251,263.902826838187,0
3.96,-0.380357236110534,-0.301727622747421,0.036096911436642,4.49449444206852,-1.82569277897893,0.198793511448154,0.326275579660847,-1.22832547545611,-4.69306413117764,2.49975755119574,342.44870040413,263.902826838187,0
3.97,-0.306566385057247,-0.292540043592453,0.00811573585572127,1.26469562786951,-0.422761899573668,-0.291506083796254,-0.0952523843550356,1.09149095748275,0.766048395740626,-1.28144066861197,340.157379370076,263.902826838187,0
3.98,-0.339878726147007,-0.283754944801331,-0.0134712572619401,3.36992890278449,0.65795895409045,0.312447698004467,-0.134445004634752,-2.90991833906585,1.82255481537821,1.20406320478665,337.930506133852,263.902826838187,0
3.99,-0.308307618812086,-0.27514386177063,0.000200401282169277,2.22228791522881,-0.0240964701605411,-0.156492682055884,0.265638228501111,1.14752703565287,-1.90324089922741,-2.60986188014284,335.766634343524,263.902826838187,0
4,-0.296755887018904,-0.26670628786087,-0.0246403836363958,2.06696250835737,1.22028457562391,-0.0705508040364588,-0.28929878851446,1.52726713962222,1.8517244775319,-0.156356911139967,333.644702755968,263.902826838187,0
4.01,-0.286805584908519,-0.258667171001434,-0.0192178466539828,1.97172544369044,0.95023018397828,0.229841491536753,0.172625774242708,-2.11405767587445,-0.566920427322887,2.28188485219317,331.61937945737,263.902826838187,0
4.02,-0.269233652862474,-0.25077211856842,-0.0184697180854236,1.4882208705815,0.914092626635915,-0.269099294075932,0.0203337219333144,1.48185508182456,-0.924376658173085,-1.57772139578506,329.635690070639,263.902826838187,0
4.03,-0.276791908942127,-0.243232905864716,-0.0187173855334928,2.24339319027654,0.927033076735539,0.191936065153941,-0.200311378284555,-1.03328579845823,2.19647986338264,0.831569086688146,327.73456293545,263.902826838187,0
4.04,-0.276218681081598,-0.23586830496788,0.00616665081892905,2.58326734495639,-0.317475373913899,-0.0297176577368153,0.274684634043147,0.536782507025299,-2.54674799081327,-3.05614507998602,325.877935505677,263.902826838187,0
4.05,-0.263022018645418,-0.228589937090874,0.0240266133488562,2.28770735325829,-1.2104389306515,-0.14543103873211,-0.220471479821371,0.482588771006631,2.54280856870648,-0.67421524677505,324.037551856348,263.902826838187,0
4.06,-0.279915129242459,-0.221418678760529,-0.0125140721276402,3.49128679189471,0.617789177324325,0.279322841587933,0.0220869134847038,-3.54081447527174,0.182701348061805,1.69438212211487,322.24040338068,263.902826838187,0
4.07,-0.2263141132069,-0.214689701795578,0.0280400145319471,1.14798033964818,-1.41009421938484,-0.195719360679545,0.117039532239187,1.77235239994051,0.406191504325729,-2.23301196004651,320.53810572918,263.902826838187,0
4.08,-0.256355760381493,-0.207968771457672,-0.0362428363041817,2.98645198056752,1.80576788694581,-0.0078037362132606,-0.258787404572284,1.46605489875339,3.16707690585524,0.110300449349705,318.847941667898,263.902826838187,0
4.09,-0.209367474479264,-0.201409995555878,0.0165480486349631,0.965323858012278,-0.834764887960775,0.122253764825671,0.170770589591416,0.0163442464014251,-1.27609381889791,2.44140422432326,317.201505087463,263.902826838187,0
4.1,-0.195329634096091,-0.195191666483879,-0.0036305350270397,0.574646848492226,0.174995105348896,-0.195277049851567,-0.00580693912174708,0.582427534883072,-0.147038953982088,-1.52248359287693,315.630212366461,263.902826838187,0
4.11,-0.184876719984568,-0.189022749662399,0.0272655874578378,0.360774916041527,-1.37102538483606,0.150008933488967,-0.111445653684546,-1.2245570362165,-0.714373299446661,0.785413142026027,314.080431801669,263.902826838187,0
4.12,-0.205061305668629,-0.183041870594025,0.00891909395663475,1.66937925156951,-0.453894868802038,0.00328401722748326,0.205228907686953,0.353876826019605,-1.69340450852768,3.0821249192567,312.569445914358,263.902826838187,0
4.13,-0.20235281855987,-0.177301958203316,-0.0156075265164332,1.82124647000302,0.772865292207109,-0.169915830905792,-0.110990398101274,1.91483302128871,0.497668529223205,-0.91519129476603,311.123278078034,263.902826838187,0
4.14,-0.203279884213206,-0.171566113829613,-0.0167480595627967,2.15475004565426,0.829274063804553,0.195283301100474,-0.0588866804647268,-1.93369695830584,1.26153054088463,1.36012631078142,309.674017588475,263.902826838187,0
4.15,-0.17790280603981,-0.16605007648468,0.0104021350348515,1.16200491108682,-0.52940631646836,-0.09190710827148,0.152678407966863,1.00888387084713,-0.782738651435462,-2.65813370044861,308.298193802956,263.902826838187,0
4.16,-0.184267746965679,-0.160675019025803,-0.0341209927191353,1.74934637082901,1.69737873988923,-0.103684500964931,-0.156103712241573,2.24764435050708,0.943081218874723,-0.403197973846708,306.936591741673,263.902826838187,0
4.17,-0.188639643491104,-0.155445769429207,0.00328834994035782,2.22972034955338,-0.175383026241755,0.180864933075633,0.0536992022783207,-2.10125499051479,-0.766250290664127,1.84197856650619,305.625901781364,263.902826838187,0
4.18,-0.188113243239831,-0.150418043136597,-0.0248530589629764,2.45509147655906,1.23179463737474,-0.136755880604937,0.131537431714296,1.24684728922743,-2.44748115912755,-2.20538961996726,304.357346727858,263.902826838187,0
4.19,-0.150658889579987,-0.145558923482895,0.00847124652299559,0.825633002382266,-0.43573469752307,0.0116642620051043,-0.150445365561736,-0.453145346742005,0.816207005590091,0.0212079088778805,303.128274127816,263.902826838187,0
4.2,-0.198127462274545,-0.140750795602798,-0.0431641270470052,3.43979753007457,2.14615704394182,0.182270564959487,0.0888542307401868,-4.02977883335101,-0.446183436990219,2.23889075007094,301.913753289505,263.902826838187,0
4.21,-0.138937631003573,-0.136149346828461,0.0147464333373204,0.710685141930892,-0.750827594144737,-0.137961912777768,0.0220824189743065,0.882232877133156,0.538962519657777,-1.83525294990294,300.747917902498,263.902826838187,0
4.22,-0.188463293088849,-0.131670668721199,0.0186804969023163,3.4112071302589,-0.948960012991441,0.0847788232256296,-0.16935148342689,-2.10503384245948,2.84704965075886,0.365337067499068,299.616453148249,263.902826838187,0
4.23,-0.172215006044128,-0.12726803123951,0.0110230587440854,2.81925020342554,-0.565424061664173,0.0857462195863562,0.149756809386094,-1.08252783748284,-2.66383362094904,2.55766634457599,298.504726932638,263.902826838187,0
4.24,-0.145908674157573,-0.123029626905918,0.0329729244283,1.71615427322898,-1.65880337660204,-0.144872843031379,-0.0372614316925774,1.66648974973411,1.70869132548263,-1.54130204245655,297.443259544926,263.902826838187,0
4.25,-0.143234828165011,-0.118855036795139,-0.0120056190214442,1.79149346238319,0.598285549766026,0.0753214267937336,-0.122421540397532,-0.581350421334508,1.79706040867711,0.635188938826399,296.41073644087,263.902826838187,0
4.26,-0.154664609818114,-0.114812053740025,0.000900085652425234,2.5654518112879,-0.0474931568994155,0.0503626646324129,0.146238003595147,-0.804648897054601,-2.43646029076229,2.80410626759419,295.391309258373,263.902826838187,0
4.27,-0.121766248642587,-0.110916323959827,-0.0174921183923975,1.11562753691314,0.872976460004581,-0.122264199966261,-0.0135815654823736,1.29880073291457,-0.565534576327215,-1.31748897506847,294.405157272961,263.902826838187,0
4.28,-0.128687926986607,-0.107135303318501,0.0163250289739452,1.65103305041602,-0.820239493076261,0.106505554693602,-0.0740517112733964,-1.77545708479252,0.496442443419257,0.837058327744859,293.467546831736,263.902826838187,0
4.29,-0.137165077096443,-0.103512711822987,-0.0459936834005184,2.25628313212091,2.29625270505361,0.0668467580402492,0.128301162220491,-2.62038848899045,-1.87006797323673,2.98480931743204,292.557844105798,263.902826838187,0
4.3,-0.101939513325369,-0.0999583527445793,0.00451041283711492,0.673003440055141,-0.231841975403894,-0.0915306700727371,-0.0451014926250794,0.523070923172458,0.482784777324996,-1.15718480752343,291.659159712272,263.902826838187,0
4.31,-0.121927549328325,-0.0963752195239067,0.0192484448923318,1.85188549645469,-0.971516211115145,0.111852960292025,-0.0522086696813383,-2.07857778714219,0.229865228422693,0.977515509166533,290.754111686396,263.902826838187,0
4.32,-0.115909315625873,-0.0929773896932602,-0.0302805357863462,1.72114837157894,1.50501587987808,0.0344153904322605,0.114749558595062,-1.56573665090242,-1.66610121412082,3.1057439412303,289.903165784758,263.902826838187,0
4.33,-0.122082218797052,-0.0896300673484802,-0.0304460739212831,2.19748105174293,1.51168614426999,-0.121226946923933,-0.0336906352438396,2.6571209489593,-0.232004814925776,-1.05531886894918,289.047978513219,263.902826838187,0
4.34,-0.138549405654911,-0.0865955501794815,0.0139314764935595,3.17278387653468,-0.709875640588216,0.127718869030459,-0.0554789540114096,-3.11556824408952,0.929362937027217,1.06078923157637,288.293296938427,263.902826838187,0
4.35,-0.106560431368018,-0.0834811329841614,0.00831746136743967,1.72936362139992,-0.428264902737944,-0.0114734068379034,0.106266959269892,0.479353624933918,-1.7159048528987,-3.11193750279313,287.499414451862,263.902826838187,0
4.36,-0.129015000466203,-0.0805377811193466,0.0293516273938222,2.99952816272175,-1.47097352861309,0.127470092924601,-0.0354649656104954,-3.33824246523486,0.130650542073389,1.07573928963585,286.757351336545,263.902826838187,0
4.37,-0.126795430576159,-0.0775276720523834,0.00832331057322763,3.03935965711062,-0.418355053395382,-0.0125366936387294,0.126448369014791,0.519231155799197,-3.02376042087009,-3.10832041264416,286.005511206887,263.902826838187,0
4.38,-0.108965150484436,-0.0745728835463524,-0.0306827998060737,2.29587340664914,1.53286802343538,-0.108741508582765,-0.0314662125966853,2.75910347508548,-0.0898169828073068,-1.01464625193738,285.282611093899,263.902826838187,0
4.39,-0.0675102097560634,-0.071807362139225,-0.0153639471667953,0.361669569273467,0.765434244742101,0.052023045926893,-0.0456867813086033,0.0469305950509276,0.845276274132033,1.07392365536712,284.589597352865,263.902826838187,0
4.4,-0.0909712600820231,-0.0692075043916702,-0.0190815614251053,1.66496475488487,0.948851766437525,0.017620963850373,0.091265424889796,-0.922042737804031,-1.67995967193957,-3.12556332007714,283.9270078117,263.902826838187,0
4.41,-0.109855626662114,-0.0666221752762794,0.035682889956725,2.7387052060067,-1.79398494623256,-0.0772499047794721,-0.0858718787296055,1.47321533571682,2.92378603309579,-1.04665692052072,283.277967787726,263.902826838187,0
4.42,-0.0932788739801398,-0.0638971775770187,-0.0223550760964198,2.04647608396263,1.10826203624363,0.0682838757116265,-0.067364753959906,-1.17866587363278,2.00675256609861,1.02739587946982,282.576678658606,263.902826838187,0
4.43,-0.0512675815574863,-0.061367679387331,0.00538696278698667,0.0726626554694295,-0.280324042735001,-0.00307185890399916,0.0514582157647912,0.276765936561728,-0.0852176436794222,3.09652681594653,281.95424278896,263.902826838187,0
4.44,-0.0627107678754525,-0.0590773224830627,-0.00274820011509781,0.759578314825095,0.126533853107762,-0.057689823017761,-0.0247401966762781,0.739231021551189,0.215656043530465,-1.12187505333898,281.377667200464,263.902826838187,0
4.45,-0.054291284461948,-0.0568256676197052,-0.00207442018795114,0.451440010830334,0.103158935506096,0.0425751361690307,-0.0337521046430118,-0.303257887753847,0.349963573630625,0.938672683933192,280.811118524624,263.902826838187,0
4.46,-0.102106699844331,-0.0547192245721817,0.0103585016538612,2.94775122804704,-0.519786279167026,0.00464847871692724,0.102525452231296,0.0841832132996793,-2.99204416161621,2.99518200336668,280.280848259602,263.902826838187,0
4.47,-0.0670030297345022,-0.0524835214018822,0.00345952728223821,1.30461339925171,-0.175305343028103,-0.0621352846670558,-0.0253096962044801,1.17432183867612,0.594740535031566,-1.23557178658419,279.731795404512,263.902826838187,0
4.48,-0.0461644178037994,-0.0504764765501022,0.0278732790752896,0.363264087140382,-1.3987410352396,0.0526906078911134,-0.0114792420323673,-1.22517441980796,-0.766410413366966,0.813090650324362,279.21746304596,263.902826838187,0
4.49,-0.0656976446232987,-0.0483548492193222,0.00472349926360486,1.44626956471674,-0.243360409028948,0.0138520694251867,0.0643941932706849,-0.171132425637694,-1.45658286252587,2.85793383457815,278.690414672472,263.902826838187,0
4.5,-0.085680329140877,-0.0464059822261333,0.0199453554493963,2.54308144645424,-1.00772290630614,-0.0804906078508153,-0.035499268351588,2.31189594392851,1.46215794073035,-1.38413641800453,278.200986998792,263.902826838187,0
4.51,-0.0984076931604251,-0.0443696565926075,-0.0314029982641673,3.28155853328789,1.55984362760577,0.0348808327884035,-0.0972293673594717,-0.756073967791084,3.55388389022567,0.653343212998002,277.686506486979,263.902826838187,0
4.52,-0.0830320229358834,-0.0424064546823502,-0.0273472731809702,2.6112474938917,1.35726197101809,0.0610211623050696,0.0625987854051341,-2.36579013804753,-1.75037440424746,2.68712430871888,277.174122762433,263.902826838187,0
4.53,-0.0913049781424564,-0.0404941514134407,0.0425734399061629,3.12077508697835,-2.13141176411104,-0.0911006435899676,-0.0430089474008816,3.11056174503307,2.14628956155326,-1.56602118156588,276.711599227026,263.902826838187,0
4.54,-0.0888937256755088,-0.0385958030819893,-0.00775406614185725,3.09542331817273,0.386368832174893,0.03255667947688,-0.0830799772968469,-1.02943704579673,2.94468771891095,0.460487779418764,276.237118629273,263.902826838187,0
4.55,-0.0814045082740557,-0.0369124338030815,0.0316119856353684,2.80535060697442,-1.58508532104859,0.024750594527604,0.0837461621430002,-0.460693434789869,-3.18908279324902,2.48382224735595,275.82444992405,263.902826838187,0
4.56,-0.0383791306961004,-0.0351068861782551,-0.0107527763040342,0.74465056743011,0.532753171576495,-0.035325127239933,0.0184584738457843,0.618354787191807,-0.675253853417938,-1.77913719697272,275.371040971679,263.902826838187,0
4.57,-0.0904031022963536,-0.0334158688783646,0.0135437098841964,3.43066263674083,-0.686625296142124,0.0344687498624348,-0.0846643860495849,-1.47583536573856,3.1721933102614,0.237922393966873,274.948435862854,263.902826838187,0
4.58,-0.089416541244202,-0.0317972525954247,-0.0226619527820537,3.46253926974384,1.12301657176236,0.0837329079731652,0.0386998976010216,-3.39701300611113,-1.30791706590398,2.251951078175,274.533994005506,263.902826838187,0
4.59,-0.0709612420792161,-0.0301837008446455,0.0142414742434081,2.6207349323556,-0.723571087554059,-0.0701015650276457,0.0180024455762415,2.67483682944121,-0.486882573397309,-2.02023203641822,274.124998899615,263.902826838187,0
4.6,-0.0883482008548543,-0.0285850241780281,-0.0282537327529427,3.57030658055277,1.41238476879867,-0.0293309945124505,-0.0879964247550716,1.45589862017883,3.55278468557191,-0.0122175354726464,273.727789900585,263.902826838187,0
4.61,-0.0203229890500062,-0.0269832946360111,-0.00509294518888947,0.24942635960679,0.25455434952764,0.0206263745233408,0.00367622750201662,-0.331796145777887,0.130087445117024,1.99271723863119,273.33425494287,263.902826838187,0
4.62,-0.0574370189228572,-0.0255085378885269,-0.0117210237762251,2.1791304416508,0.583648744045055,-0.0355702516468888,0.0465956085793983,1.25815247883534,-1.87251373243432,-2.28827843835217,272.966986744027,263.902826838187,0
4.63,-0.0300656391987966,-0.0241039916872978,0.0254280830670067,0.881034667979838,-1.27745231316005,0.0158189807638273,-0.0360595329488398,-0.973853138822746,1.20818730442982,-0.288613483496809,272.622995911316,263.902826838187,0
4.64,-0.0352875098718813,-0.022797666490078,-0.00502503547540011,1.20769019447076,0.243381685937999,0.0356432625053573,-0.000131043738264473,-1.22967209423563,0.0752116449028493,1.70857144612851,272.289669237355,263.902826838187,0
4.65,-0.0765840183772403,-0.0213879942893982,-0.0195393175913096,3.34329435864743,0.966920629990634,-0.0242580335142613,0.0752226336467989,0.96257203755777,-3.34454895999103,-2.57983242336123,271.93001738231,263.902826838187,0
4.66,-0.0202519380836493,-0.0201856829226017,-0.00978964837964826,0.587023042639544,0.48000606387175,-0.0193742383624027,-0.0114287838118463,0.72491376719325,0.22249023366685,-0.587565344897777,271.641083806266,263.902826838187,0
4.67,-0.0236824270195843,-0.0190109796822071,0.0113860508710476,0.81753132879877,-0.569669179773328,0.0252548296158474,0.00725900027900104,-0.901390516842288,-0.424706468161119,1.40252747150717,271.338222676641,263.902826838187,0
4.68,-0.0656761169156536,-0.0177831575274467,-0.0217948559454605,2.97886738052989,1.08908619263318,0.00494839800851647,0.0690208768123913,-0.321885626522268,-3.15533663009315,-2.89274620938193,271.034113647604,263.902826838187,0
4.69,-0.0693798384904317,-0.0166472420096397,0.018160799874507,3.22108310699991,-0.912509337189971,-0.043459415083757,-0.0570495914237604,1.97494733915663,2.70326333904361,-0.907014754528182,270.753190640677,263.902826838187,0
4.7,-0.0343808337699422,-0.0154118770733476,0.0139665433912329,1.53318175703699,-0.705084716184125,0.0368915820557539,-0.00401462805738799,-1.68416869906684,0.106614024363462,1.07653460112758,270.44225628091,263.902826838187,0
4.71,-0.0404285185599753,-0.0141767142340541,0.0342904612599384,1.89759606412969,-1.72478519453111,-0.0307912499544995,0.0431532127727837,1.56013903565352,-2.0351218585884,3.0579100355369,270.147494695898,263.902826838187,0
4.72,-0.0561302850256598,-0.0130139086395502,-0.0152576034930616,2.74113984113579,0.752766056026097,-0.0580644315219086,-0.00345328154816358,2.83803785616505,0.161386154118222,-1.24598116695281,269.831965027582,263.902826838187,0
4.73,-0.0274018697184986,-0.0118784857913852,-0.00452414427595539,1.36175997192916,0.22370507223807,0.0149256512960048,-0.0234212569878156,-0.742581844387729,1.16318802645113,0.731001033848515,269.565537335844,263.902826838187,0
4.74,-0.0073962952836121,-0.0109607214108109,0.00407541947878261,0.407597877109063,-0.203832123939721,-0.000575429271521992,0.0084251474173393,0.0128901900444174,-0.455540785412471,2.70616882109058,269.3321701823,263.902826838187,0
4.75,-0.0369240240498991,-0.00997198279947042,-0.014426330275167,1.93367533339471,0.719607916963681,-0.0364303901243095,0.0156310342791619,1.90900256897685,-0.782716449792474,-1.60363949582278,269.084738436357,263.902826838187,0
4.76,0.00132775692156506,-0.00892531778663397,-0.0333878163697465,0.0736835527236068,1.66607472913099,-0.0316312886336066,-0.0107689739418453,1.52809372063802,0.667954975980811,0.367891467530812,268.835578278393,263.902826838187,0
4.77,-0.0385733871676563,-0.00797040201723576,0.00101587298087056,2.11674661842096,-0.0589946849701101,0.0270708820525027,0.0274973733363509,-1.48328346891962,-1.511279845125,2.33768004677351,268.594866452786,263.902826838187,0
4.78,-0.00608189779244272,-0.00708370842039585,0.00414088254828601,0.536765752623789,-0.216651867998671,-0.00722377977344988,-0.00139763901674066,0.578686470806634,-0.0133219218756006,-1.9774403587852,268.365051726789,263.902826838187,0
4.79,-0.0395725759889784,-0.00625385902822018,-0.00495329649604278,2.25302356523347,0.239995583479577,-0.00538715518289492,-0.0395158509413196,0.264699406455245,2.25025493884788,-0.010971373478553,268.160194055579,263.902826838187,0
4.8,0.000922753094159894,-0.00537052657455206,-0.00455245615321661,0.272676386430734,0.22826542156134,0.000846021709118443,-0.00456733812711975,-0.338239730876052,0.10977886342277,1.95393744558359,267.94787806662,263.902826838187,0
4.81,-0.0481839151483973,-0.0044985692948103,0.0353610293249668,2.77186696792278,-1.7711205969334,-0.058983544422581,0.00964539067630361,3.20529149567613,-0.739067713061127,-2.36599023299775,267.732502418114,263.902826838187,0
4.82,-0.0248212377348568,-0.00358023960143328,-0.0248213787794818,1.6499439036821,1.23762220580336,-0.0325847856945419,-0.0130547473528048,1.7869288167016,1.0300043755425,-0.404337903037953,267.498099900746,263.902826838187,0
4.83,-0.0645927942459141,-0.00266008451581001,0.00882186199963141,3.68482960867048,-0.449543878371457,0.0647185821831211,0.0078459822738865,-3.69119470376422,-0.393878918474778,1.55570312731325,267.266908179831,263.902826838187,0
4.84,-0.0462816608020792,-0.00175147689878941,-0.0143694924849316,2.81499998818395,0.708955835090574,-0.00346264142073738,0.048337196394336,0.364330165213405,-2.87994910376905,-2.76903689366158,267.04328523236,263.902826838187,0
4.85,0.000457136757638765,-0.00103265885263681,0.00387524435195395,0.514239476212729,-0.203201104666946,0.000708726265544607,0.00383721251471203,-0.551324323502668,-0.0421238429839274,1.27073568965761,266.871447877636,263.902826838187,0
4.86,-0.0564110490650619,-0.000380427576601505,-0.033129803653154,3.3904995484116,1.65705192185616,0.0282343938269087,0.0590136369998018,-1.36402084977448,-3.51862975899525,-3.05681914657158,266.703609268857,263.902826838187,0
4.87,-0.0635627070725103,0.000324237160384655,-0.0117399265515077,3.78357640192759,0.585470854749885,-0.0620171585731688,-0.0182185523116132,3.64040805610935,1.18560351551395,-1.10242819883367,266.525146312157,263.902826838187,0
4.88,-0.0178593695022398,0.00101171713322401,-0.0163495966093287,1.53302197947908,0.81405639734424,0.00264276313325155,-0.0240682818524055,-0.615533195949694,1.62294888776788,0.850657563016772,266.363858556523,263.902826838187,0
4.89,-0.0182713504988066,0.001749019138515,0.00593458312382308,1.59076628223773,-0.304158385077653,0.00048037640912692,0.0192049671806374,-0.242250215528734,-1.60136333197491,2.80253133910645,266.17624493003,263.902826838187,0
4.9,-0.041038199339974,0.00235876627266407,-0.0249069651773596,2.75983583210667,1.23635507780535,-0.0420189669603205,0.0232141580722011,2.80791988838405,-1.12287737487774,-1.53003951206813,266.024440590887,263.902826838187,0
4.91,-0.0634373645733448,0.00309078767895699,-0.0419678185573527,3.9166954275458,2.08976998143053,-0.0124972200531952,-0.075029437618953,0.313676100716469,4.4282331636089,0.419412024900085,265.836202884272,263.902826838187,0
4.92,-0.0271723098012279,0.00368867162615061,-0.0191526961695772,2.13358897312729,0.958282771252333,0.0326902032529085,0.00604241688247151,-2.17670296881216,-0.855845758004175,2.36755299730242,265.688209085228,263.902826838187,0
4.93,-0.0463335911034022,0.00437116716057062,0.0478927878685325,3.12604079840003,-2.3980518453902,-0.0612694565956195,-0.0262025663406283,3.81095077341616,0.999718925018233,-1.96861782354859,265.534522446502,263.902826838187,0
4.94,0.023167773594344,0.00486561097204685,0.0267306751721917,-0.32408091748881,-1.34094342660217,0.0272476026968984,0.0225575458716588,-1.34792728615087,-0.293683070124768,-0.0226091588013143,265.411136441858,263.902826838187,0
4.95,0.000984797964466086,0.00544332666322589,0.0155487217802874,0.814202422495826,-0.785050770653719,-0.00627992634942018,0.0142581591054897,-0.493992253905768,-1.01744874582613,1.922423682843,265.271732146743,263.902826838187,0
4.96,-0.0189777156995417,0.00609653908759356,-0.01910048891626,1.84528842940367,0.946131146135745,0.00171628861399876,0.0268707410282311,0.515170159418594,-2.00869441185657,-2.41675564050854,265.100976318605,263.902826838187,0
4.97,-0.0050614328985976,0.00657579768449068,-0.00118731723495832,1.17366532744116,0.0525445458494998,-0.00336622053958071,-0.00396186628779166,0.582346112480009,1.02035495559904,-0.473878807493691,264.988809815599,263.902826838187,0
4.98,0.0048478360022131,0.00696267280727625,-0.00776372353988955,0.697770439037961,0.388879254563441,-0.00561710960834154,-0.00722668642989757,-0.654296968170027,0.458264266192071,1.46825084916674,264.880595437834,263.902826838187,0
4.99,0.00113043206890823,0.00761236809194088,0.0355042036308454,0.916406311814978,-1.77780261395566,-0.0339408363374362,-0.0104807433342449,1.95687331560245,-0.413557117221978,-2.87391580761242,264.73430733492,263.902826838187,0
5,0.0073577409124333,0.00806071422994137,0.00799824796899515,0.627692390643466,-0.404534698450116,0.0106721441669866,-0.00205272033825468,0.263936974745206,0.698558038307615,-0.933734825910296,264.624368572552,263.902826838187,0
5.01,-0.012527312147535,0.00854865461587906,0.0178695388716372,1.64660485186832,-0.901962144628171,0.0201493118241808,0.00838207624271328,-1.87361055342491,0.120111375953097,1.00564686159932,264.495281242366,263.902826838187,0
5.02,-0.0220030537874477,0.00900962483137846,0.00409312253639839,2.14368423628529,-0.214616723011143,0.000302711087347978,0.0223784806023305,-0.210076463909036,-2.14413393285158,2.94414373536701,264.385965448083,263.902826838187,0
5.03,-0.0488239071299459,0.00936485175043344,-0.0396416815626387,3.50271879446316,1.97964779854619,-0.0548111831161431,0.0308378181776186,3.7864602169429,-1.36042764779424,-1.40130206393805,264.290505947315,263.902826838187,0
5.04,-0.00185195116677587,0.00989175494760275,0.00508669895554929,1.18074349615539,-0.254417831744519,0.00531959690443608,0.0010030544166808,-0.821329074648288,0.885608371663363,0.535530469639526,264.164955099434,263.902826838187,0
5.05,0.0184049959784263,0.0102216843515635,-0.0156215187260346,0.184591130614674,0.779946070389012,0.000817944051690552,-0.0241268873210375,-0.726005192261137,0.339567694321376,2.4717047198154,264.097831954594,263.902826838187,0
5.06,-0.0276021383893084,0.0106739280745387,-0.0108038418099561,2.50782463676465,0.534843254006371,-0.0230810043082286,0.0185975342892714,2.23127466914615,-1.26358817102194,-1.87595180956765,263.984143577787,263.902826838187,0
5.07,-0.00321525192903626,0.0109143238514662,0.0137694113947314,1.3007065233718,-0.697279790265084,0.0139349239957312,-0.00239842205579547,-0.772701557266499,1.25736584542925,0.0589505791124405,263.913457540144,263.902826838187,0
5.08,-0.0415014063215403,0.0113746207207441,0.0276205277014916,3.23831456438693,-1.39225728852527,0.026531082853018,0.0422061834311128,-2.38295849574185,-2.59741609738294,1.9931871921649,263.790699758282,263.902826838187,0
5.09,-0.0389835290043606,0.0118208350613713,0.024404388265387,3.13499146262157,-1.22158499908095,-0.0448165395418678,0.0103328352224248,3.07984507766075,-1.35462012324437,-2.35672609043114,263.691349366254,263.902826838187,0
5.1,-0.0153741155246991,0.0123218223452568,-0.000134831045607829,1.9798497332044,0.00620911218761488,-0.00645226508324858,-0.0139552815404471,0.820745522048568,1.80172703459234,-0.424309215392181,263.580634593349,263.902826838187,0
5.11,-0.0353551867344048,0.0125696314498782,-0.00811563706455883,2.99151686949447,0.402550974359393,0.0347717012629614,-0.0103335175650718,-2.96010108291335,0.590780878467559,1.50756404795347,263.512649369297,263.902826838187,0
5.12,-0.015614753152076,0.0128829646855593,-0.028488663890735,2.02038899001408,1.41893121232198,0.0226638076363593,0.0232760887973396,-0.764740725019861,-2.34744735399279,-2.84425385645429,263.442635319617,263.902826838187,0
5.13,0.017053780098768,0.0130878565832973,0.00356138680697879,0.397416780865409,-0.186736797321955,0.0156749609292848,0.00760332108433249,0.200442210710663,0.390683566781235,-0.913296797675717,263.386138591481,263.902826838187,0
5.14,-0.0150345889309769,0.0135345188900828,0.0237968204715866,2.02447744042217,-1.20018767075959,0.0253017913417935,0.0123347834912786,-2.35309274035191,0.0437482242467846,1.01706980227,263.263821989703,263.902826838187,0
5.15,-0.0409832246061675,0.0139335561543703,-0.0261096486902399,3.34211775533838,1.30606127193706,0.0335564812134493,0.0351468493953405,-1.92894145266915,-3.02567876827275,2.94657860435624,263.182234446381,263.902826838187,0
5.16,-0.0119992232871318,0.0142633086070418,-0.0551702946979226,1.90965331592381,2.75928347767378,-0.0207981245781318,0.0524898160654291,2.33234298507799,-2.41259140700198,-1.40770177916929,263.108082872737,263.902826838187,0
5.17,-0.0154163284473104,0.014583014883101,0.0268828460235196,2.09674584069869,-1.34936818043126,0.030989523900993,-1.22857580578568e-06,-2.2135728753912,1.14770759872886,0.520639077090833,263.029046652355,263.902826838187,0
5.18,0.0215666871014296,0.0148518718779087,0.0223960829764084,0.261283363147379,-1.12754413765506,-0.0310081292995112,-0.00228088635445408,0.700435969511459,-0.921419682247153,2.44848357348587,262.96118038118,263.902826838187,0
5.19,-0.00861008328623114,0.0150828631594777,-0.00494794034874918,1.78191231057374,0.238060629566734,-0.00649326984705655,0.00751352743948694,1.60335114998348,-0.813110961536378,-1.90732142804766,262.899065292305,263.902826838187,0
5.2,-0.0504829078569172,0.0153040383011103,0.0296291973096899,3.88685179417288,-1.48735790793756,0.0306142073689248,-0.0498917190130686,-1.56335009447736,3.8569141678636,0.0196260443985263,262.838803116154,263.902826838187,0
5.21,-0.0264871660824256,0.0157387275248766,0.0258433840500029,2.70909078358785,-1.2934400857454,0.0151768548404087,0.0337507561898561,-2.0468221208744,-2.19605995697588,1.94591287378635,262.744847923918,263.902826838187,0
5.22,0.00877122884766669,0.0160262808203697,-0.00296182030425667,0.96080338375654,0.14628140133373,0.0080566373066761,-0.00456041997205545,0.531778681469395,-0.813481914088352,-2.41152721352671,262.677485038673,263.902826838187,0
5.23,-0.0233037042050078,0.016370601952076,-0.0201363656985609,2.58203613738875,1.00169454000755,-0.0286932638816551,-0.0111907310323492,2.09232931956114,1.81451387009501,-0.486315290328294,262.599373436188,263.902826838187,0
5.24,-0.0151625016143085,0.0165611859411001,0.0430773653967337,2.18473757214938,-2.16406504372256,0.0207127891047242,0.0407006293837188,-2.45112887611379,-1.85693914959652,1.43848977900807,262.550477526842,263.902826838187,0
5.25,0.0154093242819896,0.0167220085859299,0.00352427252493487,0.664403965156754,-0.185602954069183,-5.49282458835489e-05,-0.0158071108854632,0.326953559774067,-0.607439260524285,-2.9202243232045,262.51435830739,263.902826838187,0
5.26,0.00179930062527739,0.0169270355254412,-0.014704129065506,1.35539748053639,0.735972522096012,-0.00648259821769365,0.0133200906401998,1.53772294251268,0.119021156081139,-0.996101114624998,262.465396653589,263.902826838187,0
5.27,-0.00245238606942051,0.0171645656228065,-0.00352035980904313,1.580108703626,0.175590775435173,-0.000148968325821211,-0.00428776620823897,-1.15907230063141,1.08817601407198,0.927607434499817,262.408537292136,263.902826838187,0
5.28,0.0211658167228796,0.0174801833927631,-0.0133728221918308,0.415261537765785,0.666173783815007,0.0067420166591991,-0.0241116026486821,-0.757273690045127,-0.206799935578919,2.85076325050502,262.328749305477,263.902826838187,0
5.29,-0.00739555203006199,0.0176268871873617,0.0350869700377854,1.85088167912577,-1.76246734662183,-0.00523601232002799,-0.0354735652457759,1.73963610440352,1.87235690034977,-1.50960444941828,262.298126629625,263.902826838187,0
5.3,-0.0423448638411319,0.0177975464612246,-0.0364080831202453,3.60713282393292,1.81181266008055,-0.0163538243183476,-0.0533965208639974,0.211902528371721,4.03102587974726,0.412955262843991,262.246199876402,263.902826838187,0
5.31,-0.0286472411993435,0.0180032961070538,-0.0311094061579946,2.93280263985796,1.54887517681289,0.0422082977822738,-0.00263043307448391,-3.18892939472731,-0.911633124205749,2.33513460417885,262.18742848061,263.902826838187,0
5.32,0.0168193734513724,0.018258323892951,0.0339248614546877,0.672459691897048,-1.69687985190284,0.000181953958470555,-0.0378649500299879,1.35032796826738,1.22809512951358,-2.02625943690024,262.149539448423,263.902826838187,0
5.33,0.00799182158374838,0.0183870270848274,0.0355874520013092,1.12050330678701,-1.78206690929999,0.0362280179574973,0.00422689804031345,-1.65513548655549,1.30069852421204,-0.104754033610354,262.115246604125,263.902826838187,0
5.34,0.00503942422816455,0.0185033455491066,-0.0187251667018891,1.27415683469598,0.932155469425474,-0.000332058495446965,-0.0193885894721754,-1.46266640188588,0.594135048096406,1.81656830295418,262.090859994776,263.902826838187,0
5.35,-0.0206563454122855,0.0186291001737118,-0.0102762866614739,2.56546944384315,0.505816529444353,-0.00309358361074159,0.0228629922316346,1.02179479954219,-2.40695226715873,-2.54546372971871,262.053431228973,263.902826838187,0
5.36,-0.0137656531448388,0.0188604574650526,-0.00197375012836098,2.23275965824384,0.0890489284090245,0.013456878849486,-0.00350732201308532,-2.2086314093296,0.339253151576672,1.45824598385507,262.002177930855,263.902826838187,0
5.37,0.027818631848836,0.0189439784735441,0.000122071906268759,0.157940978638784,-0.00547705606643688,0.00641711645062043,-0.0270686496883488,0.0424307558137968,-0.152233313823229,-2.90443351651479,261.980380020388,263.902826838187,0
5.38,0.0149103389139282,0.019116498529911,-0.0117917196362209,0.812223987014923,0.589951066282439,0.00588986724362338,0.0180740787416657,1.00300140955093,-0.0416921830689222,-0.984153633169011,261.944174167051,263.902826838187,0
5.39,-0.0362942915701499,0.0193320326507092,0.0256204029888513,3.38350437556244,-1.28556572138653,0.0444169340047279,-0.000903672235846056,-3.4865109293455,0.972122740711594,0.935774356000839,261.887319158811,263.902826838187,0
5.4,0.0032429360178732,0.0195028092712164,0.0102576107004779,1.4154282021373,-0.519672115288678,-0.0107558847323407,-0.000214836968835785,0.0988935254930032,-1.5045651110636,2.85535790107154,261.850657323884,263.902826838187,0
5.41,-0.0105867494869719,0.0196129567921162,-0.0268019150914778,2.1126485610986,1.3318530470746,-0.0122355513973463,0.026090481008858,2.19150111064628,-1.19768082716139,-1.50847099182605,261.827932257794,263.902826838187,0
5.42,-0.020208684317991,0.0197601541876793,0.00127066462219885,2.60134125245792,-0.0724942166304879,0.00923410110230031,-0.0180204574658586,-1.10515388589808,2.35602771878189,0.410742239793309,261.79956212681,263.902826838187,0
5.43,-0.0126450319757822,0.0199123956263065,-0.0409137226901885,2.2310324007886,2.04722059209075,0.0373278764967898,-0.0209871192467811,-3.02756569548575,-0.0496355272649691,2.32964974071428,261.756410980252,263.902826838187,0
5.44,-0.0264792877855763,0.02006746083498,0.0420745395228348,2.93073711911601,-2.10706766679203,-0.0425125188151652,-0.0257702406213094,3.56391631971528,0.572236559363297,-2.03492560732812,261.727576299962,263.902826838187,0
5.45,0.0221744593330342,0.0201845094561577,-0.0279672052388505,0.504139481959099,1.39507876791023,-0.0252005995157085,0.0252745128466059,1.44421570093568,0.338588828986998,-0.116482054880765,261.701811521823,263.902826838187,0
5.46,-0.0230701444425773,0.0202134475111961,0.0290234022115418,2.76802469497932,-1.46045915707702,0.0158090804061056,0.0335359868983693,-2.35992217368441,-2.05564320728528,1.8018957477472,261.694592851114,263.902826838187,0
5.47,-0.0176854124507211,0.0203274451196194,-0.00373969490032972,2.50474105467315,0.177343128579057,-0.00654044262337135,0.0168517578249291,1.22126162124678,-2.19401421797787,-2.562985860214,261.655572750966,263.902826838187,0
5.48,-0.0172265366749401,0.0204747524112463,-0.0266247148298622,2.48939647515167,1.33195774890711,-0.0316322211538787,0.00224312069596122,2.56106749080865,1.18833478569566,-0.64506655086183,261.634784528813,263.902826838187,0
5.49,-0.01126822977432,0.0206544063985348,0.0278991339234788,2.20074049544902,-1.39643397855063,0.0189675759475252,0.0233573487066049,-2.51388386573383,-0.688240142946542,1.27260149201158,261.584143890612,263.902826838187,0
5.5,-0.0221665469951063,0.0208637267351151,-0.0396613004870377,2.7563914234737,1.98110061874139,0.038544830576184,0.024055573114408,-1.84570967396269,-2.84882592315106,-3.09329314443457,261.538585243985,263.902826838187,0
5.51,-1.0496742373312,-1.03180265426636,-0.0120753002290233,1.49849041908267,0.58019220620816,-0.981985489634599,-0.371034116409195,1.60688130094694,0.00538673317561822,-1.19803413295337,254.948252584732,0,0
5.52,-1.03946411680333,-1.00403165817261,0.0199977300911137,2.37660540746213,-1.02638324416244,0.641350130220746,-0.818263753197196,-2.24969199747778,1.28085976717207,0.645544628493686,247.85585979301,0,0
5.53,-0.999638472231118,-0.977575182914734,-0.0369966788356299,1.70816221021021,1.83535653958227,0.674895809327272,0.738350510233396,-2.50460950304862,-0.115251902440739,2.43805748690111,241.174323464179,0,0
5.54,-0.935893277818313,-0.951158463954926,0.0225546232400188,-0.158253696385283,-1.14423578006425,-0.818224216170413,0.454878083190781,0.443488129250482,1.06660115882778,-2.1022783371432,234.578689836577,0,0
5.55,-0.906973714863349,-0.92499166727066,-0.0038154006065193,-0.295826171065737,0.171623430017267,-0.36267256489064,-0.831314914704684,0.0404430826847485,-0.339605774805526,-0.407165621176335,227.95866865786,0,0
5.56,-0.899687155525843,-0.900417983531952,0.00401260386091892,0.568480355751965,-0.222196019104528,0.852640801402424,-0.287152820971273,-0.609789471736422,-0.0264156381939854,1.24148654100701,221.685870530568,0,0
5.57,-0.890247270985483,-0.876796007156372,-0.0439685507772237,1.27754657871179,2.18694598855713,0.302558359273,0.838410326861842,-2.46506352030334,-0.581652695785069,2.84461485485986,215.777568982388,0,0
5.58,-0.841367634054332,-0.852618873119354,-0.0349999277529926,0.0424460180528259,1.73493109563694,-0.790912745219399,0.289104686967219,-0.486951325601704,-1.66573286500305,-1.87966653457156,209.703242993745,0,0
5.59,-0.81698100796429,-0.829870462417603,-0.0435783770190281,-0.0395052870934454,2.16163618751845,-0.331062613591828,-0.748167486729882,2.00649982856565,-0.805102548041946,-0.363307527346733,203.895873836457,0,0
5.6,-0.818149710412146,-0.808158576488495,-0.00461952790335371,1.10450174719544,0.219423820257027,0.731145527252199,-0.367173673708548,-0.89244944313715,0.686734966270213,1.11104483039757,198.44928656733,0,0
5.61,-0.803982460637358,-0.785847544670105,0.00930636641266896,1.51166508295024,-0.481887923659679,0.444077615285715,0.670275672444152,-0.450825609963711,-1.52121778959518,2.54488467896593,192.825694256107,0,0
5.62,-0.784250790416256,-0.76549220085144,0.00177948358084473,1.54281048509321,-0.0993600766027576,-0.562763768644056,0.546213703171091,1.17401181958737,-1.00589903330564,-2.34354090113979,187.632037643037,0,0
5.63,-0.758186224351685,-0.744742691516876,0.00379008753895415,1.27701374359659,-0.202414244838421,-0.630852150390273,-0.420578506236571,0.954621471734713,0.872028367400469,-0.987781149370922,182.443206677346,0,0
5.64,-0.706214849163063,-0.724707365036011,-0.0187072528284312,-0.319801398812103,0.920537815632804,0.212053235683051,-0.673886340359518,0.974502005669248,-0.00294034671515592,0.331345774151238,177.325379393565,0,0
5.65,-0.713271532498349,-0.705611526966095,0.0448709599134423,0.987775378190146,-2.25561081208581,0.710714990671874,0.0751923144368835,-0.890864855711536,-2.29561323881336,1.61337646736173,172.57068183706,0,0
5.66,-0.662202339209309,-0.686333179473877,-0.0510813850792304,-0.601813206388908,2.54150576420457,0.232676965654349,0.622079316172607,-2.27501534594503,1.28286237008644,2.86065794282043,167.662055773555,0,0
5.67,-0.634386476603469,-0.668632805347443,0.0195133225092931,-1.1076565088795,-0.985134132380453,-0.520806820490089,0.362749537813241,-0.301388056851939,1.45139844275482,-2.20992890844079,163.22551107046,0,0
5.68,-0.653448924910738,-0.650228679180145,0.0333507424189266,0.765612104911076,-1.68235900481985,-0.543182659126123,-0.364774407424049,-0.208990911567455,1.83652294163917,-1.03041422973946,158.559103614926,0,0
5.69,-0.667806564959351,-0.633528351783752,0.0135658252428521,2.31845288146201,-0.687697619534861,0.0909447451913655,-0.661724030952032,-0.95201224422193,2.22302147230407,0.116269200255281,154.360353916477,0,0
5.7,-0.626760541558781,-0.616102576255798,0.0194754427706387,1.13739395105743,-0.987412969880272,0.597558438932906,-0.190084142911074,-1.40104436651278,-0.552923191820176,1.2317534385036,149.929837548743,0,0
5.71,-0.59713604621906,-0.600170254707336,0.0377223613571483,0.452718246709136,-1.89600605412909,0.413340602386064,0.43260141083868,0.952777474389421,-1.70059044231516,2.31587072503907,145.940335012566,0,0
5.72,-0.591837180227283,-0.583983480930328,0.0126818677899003,0.997061011313556,-0.646615098620494,-0.1468470829956,0.573470149079885,0.856282369640477,-0.824028063532117,-2.91233626826976,141.802094716532,0,0
5.73,-0.575756161897735,-0.568437695503235,0.00677621840493298,0.97023526028722,-0.348230800012937,-0.54924076083516,0.172845774424187,1.03043291077414,0.0287952561335388,-1.88745242996531,137.934998847165,0,0
5.74,-0.552748772772484,-0.553718149662018,-0.0352183242504012,0.555798130027774,1.75579784206501,-0.451663669628055,-0.320579889735168,1.53710588325591,-1.01441762957993,-0.88991071238749,134.164282831505,0,0
5.75,-0.561649094461567,-0.538417994976044,-0.031942142794815,1.76572020769422,1.5880113080858,0.0125530188813115,-0.562416596050284,1.44347227232642,1.88571884582323,0.0791269478359617,130.353156182114,0,0
5.76,-0.525423403868199,-0.524851500988007,0.0410985792376129,0.632692125750417,-2.06276173498908,0.46972082400747,-0.239000405944297,-1.6157567955962,-1.42990044366958,1.02206163560343,126.913294196506,0,0
5.77,-0.469862318243273,-0.510387241840363,-0.00408974076946253,-1.42225215714688,0.194584375045525,0.439836693710874,0.165320921089833,1.25686509494501,0.693508767521859,1.93903243459109,123.250958507702,0,0
5.78,-0.542210129661098,-0.497186094522476,-0.0263618895653552,2.85512048022701,1.3109271253755,0.191251743307147,0.508044825394904,-2.12279633821102,-2.31602646598326,2.83013540957121,119.931439923945,0,0
5.79,-0.433591155370158,-0.484401762485504,-0.00617822573002964,-1.93668448396168,0.304050900168138,-0.223544378016043,0.371574180407924,-1.28020386870255,1.48467902082235,-2.58573893708714,116.680608192191,0,0
5.8,-0.455328421042657,-0.470806628465652,-0.00835186469036926,-0.170130590755533,0.408770735099843,-0.447145127028686,0.0863421103952515,-0.237735156544489,-0.37352366341058,-1.74320462446033,113.269845139255,0,0
5.81,-0.427344775119366,-0.458834081888199,-0.0141531965539783,-0.970734480555398,0.701929014281754,-0.349572513747319,-0.246217236250627,-0.351725001755262,-1.14512850631271,-0.924058006168356,110.251397947067,0,0
5.82,-0.430584334874004,-0.446704924106598,-0.0415200125191223,-0.202316437695969,2.07251841349403,-0.0957413193112215,-0.421853506154712,2.03018170057367,-0.463278294213729,-0.127043537089705,107.157654794225,0,0
5.83,-0.392913535656779,-0.434237539768219,-0.000763789384545369,-1.46256541264691,0.0300672743407398,0.236157779106831,-0.314024096597481,0.905328196539091,-1.14907897196346,0.646747504784955,104.03974974264,0,0
5.84,-0.388573428162459,-0.423283636569977,-0.0225607328620822,-1.13195474230098,1.12300627603672,0.379014944452788,-0.0885774667884008,1.3070825386657,0.913235934329552,1.39920780029796,101.282724177268,0,0
5.85,-0.436229490404444,-0.41235762834549,0.031395748071752,1.79706992774491,-1.57570035597797,0.3527220054885,0.258590502802552,-0.683826205117605,-2.29012524946315,2.13156501709394,98.4963561436013,0,0
5.86,-0.382684542979451,-0.400694280862808,0.0421258881215449,-0.297052221964623,-2.1156881617994,0.0724612725911722,0.378115609119603,2.10932594481587,-0.339294089366278,2.84261187170958,95.5611094690573,0,0
5.87,-0.352620609949069,-0.390339881181717,-0.0300885348155565,-1.28257598390437,1.49947701423922,-0.106853636699542,0.337385409898358,-1.87563019947468,0.612734710571054,-2.74975397289753,92.969928595352,0,0
5.88,-0.375713305814638,-0.380489647388458,0.00483698892145941,0.364502321487266,-0.246552591943422,-0.330872284241542,0.178065763550363,0.438349214779638,0.0387309806963361,-2.07738562685488,90.4685585558587,0,0
5.89,-0.380112819136192,-0.370005369186401,-0.037372669435158,1.10861939010942,1.8623492757908,-0.381489228872917,-0.0186665461808114,1.36926974592422,-1.68002444626907,-1.42389964057837,87.7947907346792,0,0
5.9,-0.365773260779998,-0.359997719526291,-0.00282837253216887,0.891954480886675,0.134704160142116,-0.261729174334106,-0.255530658229497,0.728226610639552,0.532366424833349,-0.789648530043978,85.3014040774548,0,0
5.91,-0.389129872211658,-0.350928902626038,0.0072400912523097,2.51317049536202,-0.367580007465845,-0.0597622539915485,-0.384581524993925,0.0699264249039712,2.53894688714572,-0.172766239153423,83.0214261158975,0,0
5.92,-0.368503846994289,-0.34188973903656,-0.0138085877295822,1.93377586758888,0.68673165371704,0.140195217061388,-0.341073398930181,-0.176691539568353,2.04447293211014,0.427442769247768,80.7200104823168,0,0
5.93,-0.278795144786866,-0.332288414239883,-0.000344414550381852,-2.07166465742305,0.0106215976220585,0.235948842293526,-0.148509242804807,1.76029074422368,-1.09237528668138,1.01026535606149,78.2922323115533,0,0
5.94,-0.35648194026051,-0.323468685150146,-0.0155533593073715,2.25357484497835,0.77189364728377,0.35655709754233,-0.0137228608471787,-2.25750829260438,0.760312891814067,1.57593067243916,76.0921705812227,0,0
5.95,-0.282560735483893,-0.315377920866013,0.0135463693101639,-1.03799983595309,-0.682471691641762,0.232953054515038,0.160489712289604,1.24183212652531,-0.0326226740264446,2.12615326722355,74.0468236786105,0,0
5.96,-0.27684920472852,-0.307351052761078,0.0206207736109967,-0.922292076999588,-1.03549875043801,0.109574440197947,0.255076734569103,1.34440640504794,0.339781923475884,2.66150733108068,72.0080749626826,0,0
5.97,-0.314098655934304,-0.298810124397278,0.0393415747876891,1.36717605793147,-1.97429012364644,-0.0518367154017681,0.312279810591187,2.02724326631464,-1.28735255656361,-3.10170148787221,69.8412234079005,0,0
5.98,-0.269413226058469,-0.290502905845642,-0.0186399388138674,-0.451778303463138,0.926724693871763,-0.123512150223058,0.240157619994647,-1.02676225910531,-0.0931748731617353,-2.59749651868959,67.7656360511463,0,0
5.99,-0.277214603745559,-0.283144176006317,-0.0336872697186653,0.306149106901692,1.68048319637956,-0.220996342972969,0.170714337603727,-0.596296698293097,-1.60068151003737,-2.10759987296764,65.9189608749124,0,0
6,-0.26315953750786,-0.276109427213669,-0.0370780901309166,-0.0449192710348689,1.85121214761945,-0.260454272247419,0.0528327456902884,-0.156136950060829,-1.84516270535415,-1.63095480077955,64.1334219275418,0,0
6.01,-0.215172627978928,-0.268970549106598,-0.00734097166858553,-2.0873955862349,0.363987656410644,-0.200783886720728,-0.0777108778081603,-1.7769780399896,-1.1541474744793,-1.16741085426639,62.3302714005307,0,0
6.02,-0.242293851740639,-0.261498332023621,-0.00286747650881045,-0.357795060268061,0.137905557466481,-0.16145752865715,-0.180682039651895,-0.131322366879941,-0.360263353519917,-0.717433941737989,60.4316688754633,0,0
6.03,-0.228782387182994,-0.254297912120819,0.0445561524013682,-0.67340395685606,-2.23485353523831,-0.0206706166436208,-0.232162350542753,-2.33394949901465,-0.0268877132872455,-0.281146743628924,58.6334521610296,0,0
6.04,-0.214430681576258,-0.24785552918911,0.00703255927098174,-1.06894502483614,-0.356665769055424,0.0374501304228524,-0.211252128563169,-0.201053110193633,-1.10879735922273,0.142669415919724,57.0121892994313,0,0
6.05,-0.227793602928112,-0.241787806153297,-0.0401570422910936,-0.0975088766444026,2.00516054651557,0.0858902782622541,-0.21476818591349,1.75563443043536,0.973614166390877,0.554932266952285,55.4849449563489,0,0
6.06,-0.200485607974016,-0.235847771167755,0.0278895810786421,-1.16602200366711,-1.39894529986864,0.179877006854252,-0.0928254821835488,0.145917915207717,-1.81531353409869,0.956168442675099,53.9768446021103,0,0
6.07,-0.208348672548709,-0.229594871401787,2.5327668780939e-05,-0.460295226328068,-0.00461422657236881,0.203114006500502,-0.0464098088513016,0.447689677574698,-0.107083794573836,1.34603962684445,52.3891523446395,0,0
6.08,-0.192502040750501,-0.223142877221107,0.0201934355925098,-0.930109137929444,-1.0155612252029,0.187158358013419,0.049361519018942,1.07432285676211,-0.861567182542353,1.72414863387001,50.7661021305926,0,0
6.09,-0.222050569315818,-0.21711477637291,-0.0182721280980494,0.848658350422388,0.909169334337662,0.201790134863437,0.0944514026921047,-1.18818609618441,0.367455677702335,2.09067633945862,49.2592034410113,0,0
6.1,-0.21193109403627,-0.211721122264862,-0.023236491981503,0.612265491447129,1.15803976950054,0.153544157589675,0.147915228590885,-1.2815598723112,0.271163112247127,2.44672992373428,47.899429673504,0,0
6.11,-0.184827667051781,-0.206566482782364,0.0137197123457321,-0.485263937839237,-0.690485206954124,0.0502298605226221,0.17839971447996,0.814699652631992,0.22026208568665,2.79304596868463,46.5998587479736,0,0
6.12,-0.153687293615621,-0.201445430517197,0.0343929262951757,-1.78629475315828,-1.72432607702443,-0.0325925680081996,0.15407914235441,1.74510612810457,1.76599942432583,3.12989327678247,45.3064864711971,0,0
6.13,-0.15988051160288,-0.196335479617119,-0.0194805612319059,-1.22121634352754,0.971497757160652,-0.03111501348122,0.158028877716613,-1.30261221578041,0.859289628220078,-2.82593810247022,44.0090448538544,0,0
6.14,-0.133715222623046,-0.191114604473114,-0.00484244400108409,-2.26854075172717,0.239128372703076,-0.0752472212550533,0.110639349774063,-1.53555420598493,1.68687071269866,-2.50814018343802,42.6864345538261,0,0
6.15,-0.14770121798025,-0.18575581908226,-0.0288341715918551,-1.30138365198125,1.43800559043656,-0.102423594585819,0.110256367237261,-1.89851595005716,-0.396354229382542,-2.20021195233832,41.3449910266181,0,0
6.16,-0.157540158815327,-0.180883660912514,0.0428091237371206,-0.565936405364985,-2.14662733683698,-0.162902464421955,0.0106915761210517,0.162116596584156,2.21404858738132,-1.90166203328445,40.1252265261641,0,0
6.17,-0.175546717705141,-0.176315099000931,-0.00324807955364449,0.562751425892789,0.158082730123748,-0.175265744288026,0.0104460038770645,0.555793495867536,-0.181032888887873,-1.61182630885274,38.9694974079364,0,0
6.18,-0.169475205511802,-0.172054946422577,0.017135654433318,0.472082641322906,-0.861466881450787,-0.160505508061684,-0.0570390902626111,0.25312922738494,0.949164265192521,-1.33011184206224,37.897018072338,0,0
6.19,-0.157867551040976,-0.167921081185341,0.0426983156036595,0.0982968661408776,-2.14012475290376,-0.116396941962012,-0.114878465035693,-0.96793403146202,1.91125611643813,-1.05611286830832,36.8568435568817,0,0
6.2,-0.192749135863435,-0.163874670863152,0.0236909221917928,2.0446004361517,-1.18888890832181,-0.120199350720199,-0.152530669889177,0.614907658536696,2.28379866698343,-0.789699145565715,35.8293440972345,0,0
6.21,-0.151506298830505,-0.159730792045593,-0.0288690497331007,0.189579167460375,1.44120093377114,-0.101599830536613,-0.1160390238357,1.33883008927485,-0.566157561364377,-0.530860807109108,34.7808962297088,0,0
6.22,-0.155619416602229,-0.15562130510807,0.0359650189031258,0.600589578158409,-1.80278584159608,-0.0083905602497243,-0.159500733249148,-1.56694707451768,1.07490534360579,-0.279677945149667,33.7474727130046,0,0
6.23,-0.123225261380604,-0.151371836662292,0.0228920201785149,-0.806730483398912,-1.1493827659806,0.0184082633932367,-0.123974374243297,-1.17788238891194,-0.76451807922989,-0.0362724254085886,32.6709532754506,0,0
6.24,-0.133494847100362,-0.147190034389496,0.0217947174079883,-0.0842370361517605,-1.09483718327725,0.0477959446321504,-0.126536285649467,-1.05648093747437,-0.299353244344171,0.199322942252973,31.623382318416,0,0
6.25,-0.129622162921506,-0.143354773521423,-0.0177460175713767,-0.0861974805119815,0.883669254308284,0.0376046140829855,-0.125310491419365,0.839851763611023,0.288011061967813,0.427600621053501,30.6641831609046,0,0
6.26,-0.0983287848039178,-0.139858305454254,-0.0143638046015227,-1.47616099009651,0.714634776803932,0.0479979920380244,-0.0870118472621037,1.46162552001381,-0.743911938434034,0.649144055859926,29.7856385346546,0,0
6.27,-0.108143057110072,-0.136519208550453,0.00948930813109388,-0.818603643717382,-0.478713528583126,0.0884236578669802,-0.0629779683646782,0.311972700036449,-0.895517505349755,0.864385923469387,28.9477983217089,0,0
6.28,-0.163242403406326,-0.133278906345367,-0.0227993991019595,2.09829462104106,1.13695680138189,0.132596310229858,-0.0979086992187674,-1.30181526737347,2.0001970139293,1.07353093960394,28.1252983336161,0,0
6.29,-0.102690288527002,-0.130155831575394,-0.0134125834256368,-0.773265372262213,0.667622903687095,0.0943980559759423,-0.0425934241388439,0.933545315268643,0.414913029208986,1.27681271986101,27.3413482320439,0,0
6.3,-0.0875673685698471,-0.127044469118118,-0.0121103893172897,-1.3739292862218,0.60262853657671,0.0859935869996385,-0.0204892304052491,1.4255898620332,0.467478750215127,1.47431908669712,26.555511984738,0,0
6.31,-0.118857229800589,-0.123940601944923,-0.0191066525170358,0.345683350968475,0.952753447723148,0.120135988215222,-0.00771035549301808,-0.434772076889971,0.915537739496259,1.66609334960436,25.7670362571211,0,0
6.32,-0.0967485533291258,-0.120858937501907,-0.0181491675333978,-0.605766719611768,0.904946916478005,0.0979838116899663,0.0094258951903393,0.330698865259914,1.03755505914051,1.85213566774256,24.995820920502,0,0
6.33,-0.080581175779732,-0.117790669202805,0.0124292198361917,-1.26081143021076,-0.625002954261298,0.0666069387937736,0.0470247498696477,1.40722057574906,0.00209918411353249,2.03250166902039,24.2131846425963,0,0
6.34,-0.11424388383133,-0.114692464470863,0.0199782074427999,0.577128503348914,-1.00284850510278,0.0800100767002879,0.0839594032369689,0.131796813594628,-1.14952687375761,2.2071528262308,23.4367373447793,0,0
6.35,-0.0777605408827173,-0.111593082547188,0.0213508400062587,-1.09215282307768,-1.07211182580734,0.0384865500853125,0.0708614532018384,1.52978203850633,0.0445922712577073,2.37607597413248,22.653082299729,0,0
6.36,-0.0867898109779512,-0.108597621321678,0.0245657281234948,-0.49100038693562,-1.23294165365808,0.0289200183654289,0.085437572680696,1.29418116137021,-0.293805416645962,2.53937227189359,21.905182386892,0,0
6.37,-0.0759434713883771,-0.10581573843956,0.0360745920524611,-0.894312523923404,-1.80875192527572,6.43775901173343e-05,0.0840760542235102,2.01753999955395,0.0301789303115616,2.69736310620159,21.2085500520775,0,0
6.38,-0.0660975565153787,-0.103187292814255,-0.00341624037628269,-1.25527293966114,0.167193022005094,0.0222498405067773,0.0623337971973086,0.200250876526875,1.25042522611428,2.85038160220362,20.550728154026,0,0
6.39,-0.0886792375203633,-0.100700199604034,0.0367753665172731,-0.00193471421989144,-1.84373362517951,-0.023774001503055,0.0930119970875022,1.82522372027911,-0.260606589838367,2.99872123844998,19.9311187797064,0,0
6.4,-0.0667938723473163,-0.0983859896659851,-0.0117613141915649,-0.98060831458167,0.58495655540071,0.0116896838576539,0.0668064456917923,-0.586007732773131,0.979980497491181,-3.14052034585732,19.3490607004966,0,0
6.41,-0.1265052188063,-0.0960822701454163,0.0261337717030079,2.12007261803873,-1.31113032661043,-0.0436185207985618,0.121589345964193,1.59552241023513,-1.91522293155461,-3.00087303067654,18.7608378537417,0,0
6.42,-0.134511325554867,-0.0938808470964432,-0.0226125471209284,2.6303567977117,1.12799360659521,-0.0149303683292764,0.135579158027242,-0.367846187458179,-2.8382804023141,-2.86536013581153,18.2041672758438,0,0
6.43,-0.0833131714284258,-0.0917219072580338,0.0456605361536451,0.178294698159525,-2.28789988543592,-0.0749528139632887,0.0583784615614803,2.17105030448706,0.743515608818105,-2.73387117336328,17.6686359988595,0,0
6.44,-0.0798748502639701,-0.0896218493580818,0.0247561242373141,0.111285390526086,-1.24187262314688,-0.0620365429746535,0.0560742786640983,1.12492712038489,0.537746245071799,-2.6063047023799,17.1412585142159,0,0
6.45,-0.117043394931122,-0.0875518172979355,-0.0213491107388314,2.07313802927773,1.06504271524179,-0.0547871048985422,0.105609251314351,0.427345178322567,-2.29119911231906,-2.48262069120784,16.6103409716942,0,0
6.46,-0.0580122438634874,-0.0855144113302231,0.0241713179507806,-0.776649674729552,-1.21247910679567,-0.0579547783833798,0.0243087784984725,0.317372122082315,1.40448041559806,-2.36273601988679,16.1035423637974,0,0
6.47,-0.0341391623934076,-0.0835337117314339,-0.0163173108541646,-1.87138482216163,0.813466131416748,-0.0164314608368722,0.0340843679301997,-1.96895006944562,0.535764802510537,-2.24651750947137,15.613482175542,0,0
6.48,-0.0640664438326946,-0.0815848708152771,-0.0373804524152151,-0.277679387642793,1.86734886532532,-0.034220270993481,0.0658086658523534,-1.23162815592872,-1.43080037485215,-2.13390437043235,15.1164794078759,0,0
6.49,-0.0918447668680499,-0.0796372666954994,-0.0338866618076872,1.20851763473132,1.69261490343186,-0.0676713945713586,0.0707414263800391,0.343542121017811,-2.05120425503234,-2.02490994261661,14.6261221161669,0,0
6.5,-0.0563120802970759,-0.0776976048946381,-0.0354330183176236,-0.47123285458858,1.77010127047505,-0.040816391713482,0.0525411395191707,-1.04767678520242,-1.50256190046501,-1.91949772582184,14.1390900827779,0,0
