t,iq,iq_ref,id,vq,vd,ia,ib,va,vb,theta_e,omega,r,"T_ass:0.19,S_pct:-0.00,kp:0.3582,ki:0.2359"
0,0,0,0,0,0,0,0,0,0,0,0,0,0
0.01,0.257183199372411,-0.247456774115562,0.0164391475761326,-0.881920159507224,-0.822514876585309,0.00895497845042945,0.257552425679534,-0.796526659781439,-0.905460750229858,0.0290776135445762,7.06481752924817,0,0
0.02,1.21434989310883,-1.5157208442688,-0.0113418804083025,-0.253157963501266,0.571048887396996,-0.284358013750368,1.18064169889115,0.613374858641266,-0.118140040072208,0.227009293880995,42.7120847986738,0,0
0.03,-0.793655608152945,-0.807113349437714,0.0258037851244077,0.577328614914139,-1.29202457312692,0.366212536289173,-0.704587423918437,-1.41464447400231,-0.0376409263596493,0.446824961235054,19.5075460964002,0,0
0.04,0.745417894435462,-1.53626465797424,0.0121987117654434,-0.283612958048458,-0.60784937381638,-0.459875318238983,0.586780485009452,-0.293648614897008,-0.603065222170066,0.681102375474613,41.9585828299424,0,0
0.05,-0.152938374002024,-1.39627349376678,-0.0175557336048375,-1.51627402337129,0.878954327957375,0.115686864889949,-0.101562292789803,1.74688802138747,-0.141526906694592,0.964611691829976,35.9933915380692,0,0
0.06,0.591548191362825,-2.13172197341919,0.004556686212492,0.237192705756393,-0.226457087270907,-0.571294094847216,0.15353528352326,-0.2866205114013,-0.159348280452974,1.31595276392886,57.1305306954008,0,0
0.07,-1.24343403472771,-0.674581229686737,0.0415453482298919,0.193135145037583,-2.08032906387503,1.24393865342778,0.0216988752482209,-0.226305875680831,-2.07698239012376,1.55483888548959,13.7664426786613,0,0
0.08,0.719414274497485,-1.41662752628326,0.0191019422567255,0.748664562794702,-0.954943884849019,-0.710802782853748,-0.112610774067537,-0.561664604456772,-1.07561578776789,1.75446389442182,37.8473170342695,0,0
0.09,-1.42810803482622,0.122282385826111,0.0369827093218507,-1.17996677487722,-1.8498120336487,1.3652501406971,0.420657025675978,1.63501237921317,-1.46316802502835,1.84379283003047,-8.06963936135566,0,0
0.1,1.49389364519717,-1.37398910522461,0.0263558514645406,0.456727163999334,-1.31610255002352,-1.38587628215182,-0.558354533102355,0.0927237221061897,-1.39001004883851,1.97143143428112,38.0547502397351,0,0
0.11,0.336799241678024,-1.89337801933289,-0.0340906529864149,0.892016310786357,1.70662920817644,-0.22914945384746,-0.249171486364999,-1.80032895500422,0.683441297174272,2.29715312181491,49.2070486138582,0,0
0.12,-0.658440612498389,-1.24015593528748,0.0368911291806826,-0.384951288107228,-1.84737145223928,0.32122430567556,0.575951335654961,1.76655926677211,-0.663503680280425,2.57686593534924,29.4032921660628,0,0
0.13,-1.50687129322643,0.40829610824585,0.0462374736473241,-2.19110700211328,-2.31246639850107,0.731223421038551,1.31837449415705,3.10791569168419,0.699507535548804,2.60451913599406,-16.4018837417936,0,0
0.14,0.958592622875871,-0.460299611091614,0.0114553267503579,1.75619908978691,-0.572572508659551,-0.505129553674695,-0.814785355260761,-0.417248374219496,-1.79943833316183,2.59857963602964,11.9978918749096,0,0
0.15,-1.49099551120866,1.00956499576569,0.0613598733016357,-2.27150540034578,-3.06776112622712,0.834153329879884,1.23734428141333,3.81716628505239,0.011690322905616,2.5072980285479,-32.3307862580021,0,0
0.16,1.6695908291415,-0.548071801662445,-0.0184864624966491,0.717694438096815,0.92666857797404,-1.03305441038716,-1.31174459069923,-1.17187654814638,0.0224792300591208,2.46342213870341,15.8410872252376,0,0
0.17,0.892999865247877,-1.62195110321045,-0.0176618694663739,0.40348180125281,0.886362636470241,-0.373314174495393,-0.811416802935825,-0.973601149324719,0.0231751872975321,2.69061484294068,42.7016305251743,0,0
0.18,-1.7740054340145,0.154227435588837,0.0107001142702782,-2.4376551833041,-0.534418273500372,0.601499643508382,1.6689541489261,1.34198092471087,2.1040087645855,2.7896469269216,-10.3904490018007,0,0
0.19,0.826228561162916,-0.584464013576508,-0.0304083015177786,1.9162285928077,1.52267284741022,-0.236380252931408,-0.792276893583691,-2.05713412385739,-1.32614622745593,2.8148580222744,14.8265672259604,0,0
0.2,0.478532964161972,-1.13864099979401,-2.34206870144416e-05,-1.15772960067762,0.00241191642498724,-0.0765496218846846,-0.472370568227408,0.18287396244666,1.1431976029913,2.980886194048,28.6554532357623,0,0
0.21,-1.85366826651281,0.804584264755249,-0.025469092157016,-1.48674211442586,1.2774039847392,0.3591804914983,1.81871495607721,-0.988491381563493,1.69264522083329,2.96034937477549,-28.0628107926253,0,0
0.22,1.00383378503791,-0.0872356072068214,0.0290922539002931,0.547311207437813,-1.45567475793073,-0.292507376665819,-0.960712267964043,1.26007734241095,-0.911451397391165,2.87501369528521,1.88052121432643,0,0
0.23,-0.736372819383852,0.601619362831116,0.0105974342497199,-0.299793229162674,-0.529564543413789,0.236940979900579,0.697292052718051,0.599432346831556,0.104859179211224,2.79964156281781,-20.1384240806649,0,0
0.24,0.874830691274516,-0.235274970531464,0.00486811513006669,0.0955389039271033,-0.243260729286844,-0.33309756300621,-0.808948978897984,0.189565338856217,-0.179912331097919,2.75654921203175,5.62408255085376,0,0
0.25,0.336231449916712,-0.693939208984375,-0.0275508428953687,1.29230282255495,1.37922409747036,-0.0722748216949655,-0.329525396602904,-1.69759207544648,-0.830955378830745,2.84392399880047,16.7055310144882,0,0
0.26,-1.3510156888148,0.695883750915527,0.0358207887155436,-0.804493507851902,-1.79084320454808,0.418067661342215,1.28520268863234,1.95677499003355,0.159250826783074,2.80058785278268,-23.8989087252835,0,0
0.27,-0.073973258219036,0.876408934593201,-0.0206738943194771,0.669636314969312,1.03460981267067,0.0549621779696265,0.0536526963973684,-1.23089875827337,-0.0609795513364589,2.61666342182626,-25.8464691205774,0,0
0.28,-0.0526146615285437,0.89652156829834,-0.0131286210262181,2.35734720258302,0.657135777731562,0.0444251561186272,0.0310977298471911,-2.04244213239593,-1.34808879518926,2.42605472953648,-26.1289244032476,0,0
0.29,-0.314364323939978,1.26428818702698,-0.0252850766028616,-1.66698940501588,1.26638034645086,0.270328425450762,0.162440160238666,0.618235484593099,2.00008943397592,2.19213643070585,-36.4320107107185,0,0
0.3,2.04327537867051,-0.877212643623352,0.019207784691614,2.77641812281292,-0.958384192867765,-1.68976653095903,-1.1489265785613,-1.73489189498697,-2.37005231303686,2.17732679292825,25.7851405449649,0,0
0.31,-1.82119908630632,0.853583574295044,0.0365857373533828,-3.2104601612433,-1.82752453883164,1.5050588769038,1.02611032798318,3.68734353905919,0.224495015358102,2.14909908625707,-28.6143780994831,0,0
0.32,-0.327560886648671,1.39942228794098,0.0468727850631983,-1.40048021205403,-2.3443916733011,0.295944686224996,0.148020049779862,2.06978597047315,-1.78143290040095,1.89244136557455,-39.8091701102786,0,0
0.33,0.259471821621386,1.19098424911499,-0.0333095224319775,-2.07397623043845,1.66691919389411,-0.257074525048129,-0.0484545051718143,1.97275034972774,1.78556799395748,1.62941892787053,-32.7297191332638,0,0
0.34,1.35566417718813,-0.444308936595917,0.0046644496664292,0.202032221766043,-0.232729974188234,-1.35564457639375,-0.00865453037847229,-0.199736010164788,-0.234703612585814,1.58062100861565,13.5062793524435,0,0
0.35,-0.352624515122141,-0.142240256071091,-0.0146113265239309,-0.4801870431661,0.731001716608121,0.352864880107477,0.00662690837792684,0.43534479863234,0.758563123551619,1.63098666473398,1.5273906845875,0,0
0.36,0.358787357190118,-0.578975737094879,-0.0447090365227256,1.51247965084998,2.23725084771781,-0.350266836367961,-0.0896683275579509,-1.78294695902338,2.02829637655808,1.69744160563106,14.760996962472,0,0
0.37,0.650074314990204,-1.37663447856903,0.00538257358189681,0.665339225493924,-0.268698498342893,-0.617667464725904,-0.202762151614697,-0.544493193870868,-0.467335350493499,1.89626338885371,36.4438785145997,0,0
0.38,0.326395939454227,-1.80156826972961,0.0250229623672048,0.0526250004769547,-1.25199055569764,-0.277435349131871,-0.173752942392108,0.701361837792414,-1.03843214256866,2.20683222910619,46.754966354312,0,0
0.39,-1.00409131657492,-0.815967082977295,-0.0307129284116898,0.906871653241111,1.5356581977236,0.678638591713026,0.740670181545428,-1.7553552486795,0.315262187109864,2.43045043687624,17.5516714380251,0,0
0.4,-1.39766784257701,0.679461598396301,-0.030592339426658,0.906765454998043,1.53279700315094,0.974823966413666,1.00206263472449,-1.73971766547207,0.380884086948636,2.39185682567363,-23.0834372201668,0,0
0.41,0.738671897889329,0.016269326210022,0.036117168431461,0.830259711498468,-1.80770656501453,-0.569321229538329,-0.472031736415991,0.607874744441104,-1.89410203231104,2.31189467636839,-0.928494203837224,0,0
0.42,1.20283428461104,-1.32233536243439,0.0237019372572776,1.54222893814907,-1.18388113514367,-0.780166171610524,-0.915812667929467,-0.0606249839400054,-1.9432882573452,2.45570836158858,35.5838291012376,0,0
0.43,-0.500546487453031,-0.947486221790314,-0.0387420819299913,1.75368442951105,1.93798713149451,0.265545099566885,0.426067524120122,-2.52886034463749,-0.660354872373762,2.66150082734364,21.9256946404247,0,0
0.44,-1.69907966264724,0.852540612220764,-0.00717867832456254,-1.11872666170217,0.361908418095136,0.85957467012535,1.4656243106345,0.248933534192153,1.14915583897312,2.61539088264769,-28.6175656831814,0,0
0.45,0.178854569650303,0.820194005966187,0.0455332879306266,-0.0327093307941071,-2.27905493990424,-0.15185763488377,-0.10488801705665,1.73932422256621,-1.47306230968597,2.42454030924397,-23.694636702455,0,0
0.46,-0.0277553285584425,0.784138560295105,-0.0138794922616408,2.74499856646446,0.694594439738323,0.0302868728543413,0.00676046607365248,-2.56724719487956,-1.19445402004028,2.2541108544551,-22.8965070991205,0,0
0.47,1.03112360964326,-0.306632667779922,-0.00585560413851388,0.562725618498873,0.29326976482309,-0.821556507696151,-0.623133285201223,-0.626170592708221,-0.102847778302522,2.21402309371901,8.31706414534751,0,0
0.48,-0.684863526593361,0.352003931999207,-0.0312110579192346,-1.40623372724132,1.56237346715639,0.576143234584755,0.37157926938481,0.240149500759057,2.0882606072496,2.18914913813144,-12.8550660087543,0,0
0.49,0.571957679807554,-0.18570439517498,-0.0248147490711572,-0.482630401715401,1.24169090249637,-0.460179117419777,-0.340567965541476,-0.294680306670616,1.29918894655963,2.1645579401371,4.17300887298808,0,0
0.5,-0.704174867963597,0.495564967393875,0.0285707903482489,1.18740068181227,-1.42911307333004,0.589487196129751,0.386242644372367,-0.284633777640915,-1.83610135018657,2.11027983362253,-16.5604061754892,0,0
0.51,1.99492132664485,4.59999990463257,-0.00554909892423527,1.254585018668,0.279127232905555,-1.74108587033683,-0.973838736195459,-1.23222543188985,-0.365398503307782,2.07799161325561,16.0079600422356,2126.56537308681,0
0.52,4.80581436889964,4.59999990463257,0.0358557862018691,6.86100357057703,-1.76089779547562,-2.66604167542427,-3.99866967510788,-2.291004905183,-6.70264332677856,2.56100548828307,115.976150676247,2126.56537308681,0
0.53,5.5075758118452,4.59999990463257,0.0199590831388519,9.32428869192358,-0.92242839180853,3.53276229318339,-4.22532605464758,6.71230662445716,-6.537443959807,-2.44160446570831,236.63611261926,2126.56537308681,0
0.54,6.44953147776427,4.59999990463257,0.0942525606573201,10.8781595238458,-4.56318000526847,1.28198143842214,6.32153963994562,-2.47890058592817,11.5330836410651,-0.185469518597649,377.345504162056,2126.56537308681,0
0.55,3.83239063495195,4.59999990463257,0.0180006878153331,8.38650181303194,-0.803985293516715,-0.939595689557424,-3.71546793066423,-1.23753811400912,-8.33356492916171,2.89859507320065,463.320321119124,2126.56537308681,0
0.56,3.95010979751552,4.59999990463257,0.0438055711945415,8.65205393828897,-2.0590291547266,-1.22406693532529,3.75592152185574,-4.72249570920321,7.53629037973146,0.326137873011021,549.123679361155,2126.56537308681,0
0.57,1.92403320992714,4.59999990463257,0.0240057639859789,6.95708213379902,-1.14463328386112,1.8797017807241,-0.411340838174063,7.04500550688946,-0.281202024966625,-1.77375711887127,592.081526642411,2126.56537308681,0
0.58,6.216589621351,4.59999990463257,0.137532703456256,14.9813736837107,-6.62620763649108,-0.70205370841124,-6.17835110327302,5.2369624316615,-15.5216754759993,3.05056661737694,727.448006784517,2126.56537308681,0
0.59,2.62498427235117,4.59999990463257,0.0845121542136325,9.71317048372198,-4.11711790855791,-1.98362513552268,-1.72131230635915,-4.33047979998337,-9.61994206951124,2.31769574121911,786.276112721745,2126.56537308681,0
0.6,1.79142284875466,4.59999990463257,0.0798248068390969,9.34276007801697,-3.89885261963432,-1.69732042596497,-0.57850773065642,-7.2794284160084,-7.03549142286639,1.9438139111298,825.808499176123,2126.56537308681,0
0.61,4.63499224793267,4.59999990463257,0.0991979953093791,13.6664911128222,-4.72536972695767,-4.08195923470361,-2.19786309557426,-9.5629870392561,-10.8467219601277,2.0861145736185,928.082136202171,2126.56537308681,0
0.62,4.55238809608111,4.59999990463257,0.141438721181318,16.399008989984,-6.82020543360927,-0.894338006841801,-4.46591556332054,4.00657916329348,-17.3028905509592,2.97500758572725,1029.25376745196,2126.56537308681,0
0.63,6.50979786715515,4.59999990463257,0.244656113225514,18.2812351466908,-11.8087403384087,6.51409347058883,0.0625391188645104,17.7041479111369,12.6575295223495,-1.52363096371443,1173.03774971683,2126.56537308681,0
0.64,1.72016294409705,4.59999990463257,0.0614476283382414,12.1650196408167,-2.94055145396649,-1.35527574596738,1.06111451675376,-11.569007906303,4.77415979820296,0.942244705311629,1212.4975197739,2126.56537308681,0
0.65,5.06028110068547,4.59999990463257,0.2249224361572,16.4117897346267,-10.8729999622542,3.50526764569166,-3.65651933569462,19.3792807869212,-3.46589766935603,-2.33289125026999,1323.47494366454,2126.56537308681,0
0.66,4.5469760439051,4.59999990463257,0.21385939227345,18.1298051618563,-10.337153676167,-4.49180315706243,0.737855935609672,-19.2028709998989,-8.17290197499079,1.45498185584668,1424.53246526058,2126.56537308681,0
0.67,6.11783922783236,4.59999990463257,0.344555014685673,20.8397654596854,-16.6592723499087,1.4074962451045,5.96369258897256,-12.7645216544067,23.4284904886617,-0.175509416177281,1559.42594792807,2126.56537308681,0
0.68,6.84835862007645,4.59999990463257,0.363865890131015,24.9672744238484,-17.5264311667404,4.9313210276634,4.76597178939417,4.17559986359364,30.2176264352017,-0.749365656283626,1712.41542409196,2126.56537308681,0
0.69,6.88483047582548,4.59999990463257,0.389255116980646,26.3974092683698,-18.707494879038,-1.89397833441001,6.63063015826825,-26.3407516232385,18.7871867147242,0.334709650499143,1865.66523667654,2126.56537308681,0
0.7,1.25952830946075,4.59999990463257,0.078967468960204,20.5653680515155,-3.86330404471059,-1.25927678096105,0.082881918531127,-20.5772765276417,-3.79936467598693,1.56768814948143,1897.50138125607,2126.56537308681,0
0.71,1.26756950287586,4.59999990463257,0.077249515514778,19.4163460774822,-3.72588277285527,-0.232262370874884,-1.24850075023758,1.31430412156015,-19.7268675190378,3.01852997353833,1926.91272798903,2126.56537308681,0
0.72,5.03844513168563,2.5545084476471,0.267703822430076,25.8016191615125,-12.8077422777635,4.75025910136833,1.700774279973,18.8449201046677,21.7860230390502,-1.17389622454349,2068.44066594285,2126.56537308681,0
0.73,1.89086335776877,-0.166745781898499,0.13121568500315,21.8213048413976,-6.35072528212696,-1.89250265128611,-0.104954793213494,-20.8621138872453,-9.01516837035545,1.69548129397959,2133.97408965727,2126.56537308681,0
0.74,-0.958717789107007,0.643624007701874,-0.0402497887339244,18.6716057379727,1.88540553565357,-0.955154160844655,0.0918715062709678,18.5428240369453,-2.8891679776453,-1.6247280483567,2106.00197005913,2126.56537308681,0
0.75,-0.613578224062795,1.34451496601105,-0.0205884470220997,18.8120904286982,0.955896468894825,0.557562355673479,-0.256955912036824,-16.9687421609266,8.17742464549541,1.17249351609156,2088.31899108719,2126.56537308681,0
0.76,-0.632531738246856,2.01599454879761,-0.0325735920457202,20.0866729515525,1.55643698301242,-0.586436621300831,0.23926873591344,18.4507879800119,-8.09106601514091,-1.90673225154318,2070.69848224012,2126.56537308681,0
0.77,1.12154167555399,0.719378530979157,0.118729825290444,20.8053729845822,-5.78721285769874,-0.774764336782548,0.819568620597359,-19.5684011549801,9.13416958051857,0.862773567031881,2109.27804562024,2126.56537308681,0
0.78,0.658663928171243,-0.293359041213989,0.0993069125072431,22.9156239016426,-4.87009770284098,0.362865147703744,-0.558595486669588,18.8517119552054,-13.9088686382004,-2.41585362204858,2135.41513105688,2126.56537308681,0
0.79,0.389614629985458,-0.944676458835602,0.0182668355611918,21.7554244612703,-0.932139144078514,-0.249441290614484,0.299853763886175,-15.3690083111614,15.4259832881219,0.740727931776253,2152.09694881622,2126.56537308681,0
0.8,-1.61746895834948,0.774494588375092,-0.0829845689497938,16.5207696644778,3.89100784554245,-0.84704375104627,1.38043802965631,6.14263574049989,-15.8222564294836,-2.53996919588848,2101.56369043199,2126.56537308681,0
0.81,-0.54884997538253,1.46803033351898,-0.062212806164373,18.5695895849433,2.99653194557219,0.0661401385357045,-0.548390564108034,-1.37018758974403,18.7598360073584,0.232897430695515,2085.72730946089,2126.56537308681,0
0.82,0.426548568569485,0.922973692417145,0.0617443528444263,21.0499698773619,-3.07328193240879,-0.110756057855295,-0.416520278144064,0.61334747882616,-21.2642916304336,3.02545361576614,2102.75311110917,2126.56537308681,0
0.83,-1.16700423346229,2.14097714424133,-0.0596837263433269,17.5805293370387,2.80907310365492,-0.0855245622893413,-1.16539545964207,3.19788785226713,17.5139777536823,-0.0221572475886484,2066.83962156914,2126.56537308681,0
0.84,1.80116636860259,0.145761013031006,0.115987328005393,23.2143942407613,-5.59181604145915,-0.707460601421064,-1.66046765854677,-2.43346268040046,-23.7540473601892,2.80313051281552,2127.04720483224,2126.56537308681,0
0.85,0.282137959626782,-0.440919101238251,0.0721720488299085,19.8848827072507,-3.56924900276751,0.177068254065647,0.231208707225342,4.51762482823214,19.691093535815,-0.40312632837891,2139.1755268186,2126.56537308681,0
0.86,-0.072767883802456,-0.47965607047081,0.0226049509081529,19.3963831081008,-1.12617627024617,0.00973370722636504,0.0755738292154046,-7.04920113383519,-18.1051571117906,2.71230685881831,2139.39873629991,2126.56537308681,0
0.87,-0.61704669480014,0.0954478979110718,-0.019076958124517,20.6684373208194,0.807754934957775,-0.324850993414358,-0.524959413643347,11.0273051453686,17.4995802964104,-0.523230163440139,2122.85190730801,2126.56537308681,0
0.88,0.963860694007024,-1.05232012271881,0.0291669721921579,21.4879043509678,-1.39157881051486,-0.513540159381863,-0.816182978516834,-9.68836164475866,-19.2302411223205,2.61023205494541,2156.88977247619,2126.56537308681,0
0.89,-0.116426444080801,-1.15308129787445,0.0245114119669811,21.2172333794185,-1.26177193381321,0.0369542857349707,-0.113094239303924,-3.54811126664368,20.9564779275809,0.108318825287585,2156.9541978412,2126.56537308681,0
0.9,-1.73375237929909,0.750846266746521,-0.086816989807357,17.0825198135308,4.12761057495198,0.108604983842952,1.73252401424308,-4.34202733044698,-17.0292821604371,3.1290214073185,2102.62065197895,2126.56537308681,0
0.91,-0.613266582723828,1.50120174884796,-0.0362326793201306,19.6289663105513,1.74595339968494,-0.261353326233595,-0.555970455512802,8.90953146863303,17.5773980072156,-0.380417588335197,2085.29670479294,2126.56537308681,0
0.92,1.56514657761345,-0.352939665317535,0.134488880726595,24.5044548225914,-6.51245459846242,-0.973681165111204,-1.23276764118866,-8.04881792067574,-24.0436457536969,2.55879840944329,2139.61981610506,2126.56537308681,0
0.93,-1.41122959901701,0.945240259170532,-0.052536513239156,20.8349345630537,2.40092502658152,-1.02402441142255,-0.972472658317824,16.2806396959539,13.2211841497094,-0.774003237795146,2098.55381877077,2126.56537308681,0
0.94,0.713850828754809,0.132019281387329,0.0603191457738744,22.7229738013189,-2.99455553886336,-0.630859703111574,-0.33946640489273,-17.3963075134327,-14.9221106465824,2.14875636248594,2125.05152357397,2126.56537308681,0
0.95,1.16956027180656,-1.36908876895905,0.085867309743335,20.9353536073417,-4.1922242465551,1.00435335950376,0.605407923242091,14.6690568127945,15.5139468550349,-0.955045470479483,2165.89333454815,2126.56537308681,0
0.96,-1.17888501046962,-0.245715215802193,-0.0600679574092509,18.3290422381462,2.84111510611017,0.509134117259774,1.06496970757828,-9.67620328292112,-15.8239316998494,2.74654852768204,2130.50068289723,2126.56537308681,0
0.97,0.419267544842742,-0.742824912071228,0.046294239401206,21.3190925550555,-2.25086799238897,0.212310950249639,0.364489356722926,6.5863003684813,20.4007539455366,-0.417472598733512,2147.25175444182,2126.56537308681,0
0.98,0.592526230576364,-1.64894390106201,0.0553889540417873,23.9534749866234,-2.76168371524954,-0.219021387182638,-0.553339770943198,-4.05320704391104,-23.7690423352953,2.85790581033652,2171.7128479316,2126.56537308681,0
0.99,-2.04899056439615,0.470068603754044,-0.128412816467353,18.4825249517618,6.1020382784861,-0.781260680409395,-1.89854784866323,11.7276964551688,15.5338255301142,-0.327795003321547,2109.01798308605,2126.56537308681,0
1,-0.561097473153666,1.1962639093399,-0.0686915807754808,19.5006186221776,3.31353102692673,0.391090056514772,0.408163539949535,-14.3337750067584,-13.6307192975887,2.49937047329892,2093.18574617091,2126.56537308681,0
1.01,1.77132251910666,-0.789084851741791,0.117536225595959,20.2653802791079,-5.68223411990027,1.31892480069709,1.18820688481756,10.0508891467423,18.4919725775839,-0.771231490929295,2151.37650635731,2126.56537308681,0
1.02,0.525828076072006,-1.68090391159058,0.0610755597280855,21.0523075580452,-2.97992565985113,-0.355912577394776,-0.391856640665809,-9.83952580899983,-18.8484307652068,2.51985895841944,2172.16076423641,2126.56537308681,0
1.03,-1.52880147629805,-0.158753007650375,-0.0676661451388816,21.2940305090525,3.19912097863353,-0.15428998889364,-1.5225003318411,4.40203343778023,21.0782402483949,-0.0567630402630597,2127.05946863881,2126.56537308681,0
1.04,-0.489462531509441,0.391197860240936,-0.0287681796025712,20.9776293117433,1.30914495620593,0.137220823230954,0.470713950909781,-5.95534304862685,-20.1571000203512,2.91664456134912,2114.58886858254,2126.56537308681,0
1.05,-1.09388381977125,1.59992873668671,-0.0828349177501038,18.3380653298554,3.94210784231058,-0.660758647275941,-0.875694835434168,13.2256863026046,13.3006043512145,-0.570827749796036,2081.07247528202,2126.56537308681,0
1.06,1.21535369296112,0.252944082021713,0.0818396496543746,21.4800836966505,-3.99938453417021,-0.97300082142633,-0.732838132709719,-13.6355818867308,-17.0721990053282,2.28356181595907,2122.45925445227,2126.56537308681,0
1.07,1.03627093252935,-1.14858412742615,0.0895313572888452,21.1611228655507,-4.37652968565241,0.840611918788055,0.612572372487277,13.0933595497133,17.1904353848954,-0.854869192303192,2159.30779628107,2126.56537308681,0
1.08,-0.141473297519632,-1.17200195789337,0.0127900560444292,18.9304501138629,-0.652868866589049,0.0863022135798043,0.112828220653894,-12.3275189506768,-14.3812536237672,2.39846301613805,2157.0438991266,2126.56537308681,0
1.09,-1.46461394670862,0.406814008951187,-0.0892541851911449,18.7309967541213,4.29350247224445,-1.13689494227948,-0.927647677023381,16.6773650484832,9.54724556726718,-0.825540938661929,2112.06655865305,2126.56537308681,0
1.1,-0.560808780953978,1.03286910057068,-0.0056278936632817,21.3464838261069,0.186893739829427,0.310442077187703,0.467080163027244,-11.7936812198176,-17.7937175512469,2.56502657178425,2097.51230977719,2126.56537308681,0
1.11,-0.176187087452623,1.12672352790833,-0.0473494044565122,22.2111819480826,2.28073462339805,-0.168539841573866,-0.0698439524202383,18.9991107285399,11.7291152896491,-0.915391075963242,2096.03997550848,2126.56537308681,0
1.12,0.237692909135833,0.714699029922485,0.0278058487317131,22.5190478381158,-1.4283267696733,-0.232136568423695,-0.058169561435664,-20.5539429801384,-9.31037383060056,1.93277691018666,2108.13972876211,2126.56537308681,0
1.13,0.333579203579526,0.213304132223129,0.00519186576505332,20.0081383347736,-0.274623620505451,0.329969799023407,0.0492135373990295,19.6961879176097,3.53004238934627,-1.40717924085476,2121.68115490039,2126.56537308681,0
1.14,0.215485518556963,-0.140841037034988,0.0129813385210858,19.0587242919392,-0.656739480585697,-0.215855282448379,0.00300348076291401,-19.0079712234453,-1.53730554874079,1.61705245927605,2130.8020338025,2126.56537308681,0
1.15,-1.51288959520409,1.45236814022064,-0.108253905697301,18.5905766129654,5.2082025074758,-1.44737492284697,0.453497153341955,16.8931206074417,-9.34651744254729,-1.8029989643917,2084.65686187617,2126.56537308681,0
1.16,1.61723234722743,-0.271860808134079,0.136479763661516,21.076226719152,-6.6213021333572,-1.39905841322309,0.822619442511245,-21.8665032515594,3.14722261809403,1.12345283052159,2137.60913409721,2126.56537308681,0
1.17,-1.03061964489202,0.650045871734619,-0.0366587560442712,19.1669214515049,1.71562035081245,-1.02511055768552,0.11255692494796,18.9882294239209,-3.12431983971319,-1.64460339659205,2107.37614138587,2126.56537308681,0
1.18,-1.21394641250204,2.05227112770081,-0.074703094216461,18.2972809864638,3.60041739417324,1.03549143745564,-0.637968594578249,-14.4414053860507,11.7982756106823,1.08008089052971,2069.82576048078,2126.56537308681,0
1.19,1.45807203745579,0.398899495601654,0.131722504372384,23.8809096003561,-6.39160443690965,0.892258926271599,-1.16068897343658,20.8952907920964,-13.2112555547169,-2.39611474362672,2119.97600240459,2126.56537308681,0
1.2,-0.717740485562991,0.957062184810638,-0.069885818045904,20.6825468935209,3.34045362383352,0.281446395930055,-0.663945297745323,-6.94473424337702,19.7660578443082,0.498001777437923,2100.42553594137,2126.56537308681,0
1.21,0.541495716035289,0.290131539106369,0.0237483503812608,21.3773452421157,-1.18680455399585,0.122062158801162,-0.528093196338678,6.86564152699519,-20.2796045590832,-2.87061528970251,2121.0998564892,2126.56537308681,0
1.22,-0.999884133280365,1.27688014507294,-0.0736981267015448,18.8865544364369,3.50119135487061,-0.084291907895811,-0.999046829797496,3.7011760903616,18.8483838811727,-0.0105993475601326,2091.36910963931,2126.56537308681,0
1.23,-0.380053242356814,1.74356269836426,-0.0682093830027006,18.0321504286148,3.30998777890641,0.221532145537664,0.316253846536316,-10.5777815588015,-14.9741445655831,2.70812164385287,2080.53684560264,2126.56537308681,0
1.24,0.280269016733063,1.3832288980484,0.029678153332934,19.3524269851412,-1.49995195249119,0.113245145964042,0.258083419539795,4.43732044511933,18.8964672185657,-0.307996510364088,2091.93079231068,2126.56537308681,0
1.25,-0.429723991046481,1.76314330101013,-0.00552540031540866,19.1006822583465,0.178246177596647,0.290273028621016,0.316914511161518,-12.8520183867951,-14.1312935649792,2.41290053848273,2080.48271186889,2126.56537308681,0
1.26,0.446720047177959,1.2055379152298,-0.000242609506993285,20.0513119071719,0.0327091114365511,0.401176914737822,0.196509395428037,18.0262371679666,8.7812842254927,-1.11585903523825,2097.59893503291,2126.56537308681,0
1.27,1.07767692489932,-0.172703087329865,0.122246249410968,21.1946175457811,-5.99283485921215,-1.0693559694354,-0.181133957579415,-18.7043830282337,-11.6306465037351,1.85154184524292,2135.80340316435,2126.56537308681,0
1.28,0.844715099024999,-1.36263453960419,0.0618438685233137,21.0993495111464,-2.97170624051525,0.812746014582347,0.238353054050612,18.7167627167798,10.183142009085,-1.21244401723157,2166.83152718112,2126.56537308681,0
1.29,-0.953308986062952,-0.516280770301819,-0.0420091967698093,21.9711529353728,1.91078982746327,0.885900245274608,0.354603371309421,-20.8060296468738,-7.31380950036877,1.9955776360883,2140.24769745915,2126.56537308681,0
1.3,-0.103214156884816,-0.455264508724213,-0.04393510602544,21.4703658024581,2.12227347425212,-0.112175479806143,-0.000342714417206055,20.5664711184367,6.51927282182508,-1.16530369242245,2140.33771252296,2126.56537308681,0
1.31,-0.564815943142079,0.066740021109581,-0.0455246911482793,20.4036125324649,2.16624688574311,0.402701302143594,0.398649229754024,-14.9429509411032,-14.0608764704315,2.43156504622265,2125.30059787488,2126.56537308681,0
1.32,-1.08804524529416,1.26872539520264,-0.0779201307741364,18.4171376241435,3.73958755544807,-0.945037146444253,-0.544810787730564,17.3521602673243,7.21650936454727,-0.976345236773617,2092.15551123572,2126.56537308681,0
1.33,0.293067657396677,0.930261850357056,0.0241713668224802,20.8414516655495,-1.18186584574939,-0.288752535568794,-0.0556316455682852,-19.7535215799694,-6.749911080486,1.84341711052054,2104.49312108341,2126.56537308681,0
1.34,0.864644642885608,-0.187440872192383,0.0609593832144822,20.7306831718912,-2.93065720810507,0.865733599554172,0.0427988256339748,20.2319404232636,5.38688807701275,-1.45101428300326,2135.55259235454,2126.56537308681,0
1.35,-1.76648970829684,1.61122822761536,-0.111668525591221,19.623421175699,5.37919809093969,1.72880753630679,-0.379710747194762,-18.5737661507844,8.30840789299711,1.41772286108077,2082.11334299262,2126.56537308681,0
1.36,1.31260464326377,0.167645931243896,0.102965447374471,24.0426709134708,-4.97348881931106,1.15753209939368,-0.627417143329603,23.9893718977262,-5.2245240588833,-1.98921665958642,2127.47129590383,2126.56537308681,0
1.37,0.636640631897494,-0.830278754234314,0.0296408799426045,22.197839741458,-1.46991489535259,-0.636092105120162,-0.0397078046536496,-21.9067102971377,-3.87308442256485,1.67966470707471,2152.50198248057,2126.56537308681,0
1.38,-0.340188395992404,-0.605215489864349,-0.0353907602454321,19.4454236622324,1.6804807169058,-0.341727653468508,-0.0142429467997925,19.4838159984743,1.15300953213639,-1.42548126749698,2144.07882581013,2126.56537308681,0
1.39,-1.58489528765814,1.13767623901367,-0.064667270387506,17.5779787342433,3.01083311483583,1.57985108128954,-0.141934807741478,-17.4101030074905,3.86506994703485,1.52197586482039,2094.84729342034,2126.56537308681,0
1.4,-0.58609295984126,1.89152204990387,-0.0138562036237168,17.6830683133812,0.602114229572928,-0.514974603635962,0.280175140875014,15.4532332724764,-8.61690361716954,-2.04542748651787,2077.22984937098,2126.56537308681,0
1.41,0.648680470928375,1.1438068151474,0.0422200334704381,19.211770146199,-2.03981617458774,-0.39021565396869,0.519904441208084,-14.0545518224601,13.2560376902857,0.708849060839018,2100.12527893769,2126.56537308681,0
1.42,0.0492854621466154,0.907230913639069,0.0132043413907759,21.1057456380238,-0.651825679620464,0.0079157581115527,-0.0504058744997942,9.15440913577255,-19.0282466094083,-2.72405646018229,2105.4265671515,2126.56537308681,0
1.43,-0.566048880610566,1.42109644412994,-0.0163230429969987,20.4685294788705,0.755120744339879,0.0298031072368574,-0.565499382645274,-0.913364331805045,20.4620788768714,0.0814823868420619,2090.5856409692,2126.56537308681,0
1.44,-0.837920206688747,2.35776710510254,-0.0577432509021001,18.4984307227295,2.79592515395195,-0.0501570975317605,0.838408505067336,-0.4012995251593,-18.7042266710289,-3.01303588261409,2065.2705731615,2126.56537308681,0
1.45,0.255558265277011,2.00377225875854,0.0618330079848619,22.0778091673755,-3.05099094024707,0.154470877410654,0.212772403896356,5.58407399455966,21.5767541806408,-0.390567044644593,2077.50001437819,2126.56537308681,0
1.46,1.33482894755236,0.323604375123978,0.0929729211730212,22.9090489673008,-4.46708835468503,-0.907010317587146,-0.983740091226156,-10.8345087717825,-20.6734811444255,2.46629314006159,2124.80184730279,2126.56537308681,0
1.47,0.499140731188578,-0.519726812839508,-0.0145128111952783,22.4800847414215,0.721492501225767,0.318690351557438,0.38443276531073,15.3857356622838,16.4059105063127,-0.721236043265509,2145.4868132003,2126.56537308681,0
1.48,0.553236561330593,-1.34327578544617,0.0494644441348633,22.00104094994,-2.45801624278372,-0.357966948219669,-0.424708238687181,-10.6114890602332,-19.4289461025367,2.53043409171499,2167.38684465517,2126.56537308681,0
1.49,-1.67754879218153,0.428279995918274,-0.0978363364533056,16.2706681781544,4.65750134723986,-1.08837744693771,-1.28030325777827,13.5168913429996,10.184331602255,-0.646293310083017,2114.88430588779,2126.56537308681,0
1.5,-0.0816640798423542,0.555367946624756,-0.0116383182212242,20.9338963619596,0.567739119363668,0.0690910398853696,0.0450655144769828,-16.1189261505981,-13.3690150853564,2.29032189800563,2115.27509643502,2126.56537308681,0
1.51,-1.15128856808219,1.77614164352417,-0.056978500444829,19.1065322190735,2.71096887242745,-0.752469657985033,-0.873213221568234,13.8804842392049,13.4067551238526,-0.661811046274981,2080.5681987655,2126.56537308681,0
1.52,0.454408768557225,1.26800119876862,0.0827633070266782,20.3676856592588,-4.07449140801127,-0.435130175444903,-0.154915539404459,-15.6210172163671,-13.690431712488,2.09298432260761,2097.8089048252,2126.56537308681,0
1.53,-0.527692532958962,1.75520253181458,-0.0183342988321476,18.7856685418252,0.863597437432286,-0.525607443461189,-0.0503226711582876,18.7388182130246,1.58235112300567,-1.44061502547216,2082.93092495006,2126.56537308681,0
1.54,1.1624029144889,0.328850090503693,0.126834986363547,24.2164426144384,-6.1851538483249,-1.133766045295,0.28608076467016,-24.8384135863647,-2.78306154055714,1.43231244233291,2124.9088096561,2126.56537308681,0
1.55,-0.464263065592601,0.641304433345795,-0.0442696447579499,20.0253839227997,2.08800326856599,-0.426942963216424,0.187669128202839,18.359639665489,-8.26434451474938,-1.88987137268755,2112.97903919617,2126.56537308681,0
1.56,-0.400776285648365,1.03190660476685,-0.0421439998376149,19.8841206774444,1.99048259644885,0.312012437645216,-0.255041146905952,-15.5352805620087,12.5696194827692,0.990301999913085,2102.78524484962,2126.56537308681,0
1.57,1.57541482063202,-0.76700234413147,0.103016482818286,20.6823037083522,-5.00239940220395,1.17877999412678,-1.05024853165607,19.3840118755796,-8.77734413539066,-2.23329861745645,2155.17712558162,2126.56537308681,0
1.58,-1.58698315288874,0.831682205200195,-0.0666131668925143,15.289067976824,3.10518141411246,1.52591881681755,-0.44104943718165,-14.1165955368615,6.64224974411212,1.33137604252753,2105.29672938643,2126.56537308681,0
1.59,0.118032236215125,0.782365024089813,-0.00252028554921347,18.575479088588,0.132099156062977,0.105108564660675,-0.0537601177469453,16.2908382687657,-8.92605523501396,-2.06492886046346,2110.62949424051,2126.56537308681,0
1.6,-0.608061651735763,1.37438726425171,-0.0168590145867417,19.3341168320542,0.768998346272976,0.410872453872,-0.448561060875397,-12.8968802983604,14.4246286157342,0.769292123850594,2093.49011884307,2126.56537308681,0
1.61,0.525656694823925,0.700626611709595,0.0580743236740089,21.7132998503286,-2.82781591647525,0.197106689775329,-0.490750996666557,12.7487491368162,-17.8026213995096,-2.64963738755465,2114.08553239647,2126.56537308681,0
1.62,-0.21863261726313,0.792124271392822,0.0446497325122482,20.2555931709075,-2.24943887640207,0.100318743199589,-0.199323781088951,-7.47278253886903,18.9606579814825,0.264827972960862,2110.13688629707,2126.56537308681,0
1.63,1.39957468980308,-0.898834466934204,0.069243317363412,23.0005031278955,-3.35308969876113,0.241832912934031,-1.38026113165543,8.35420478231837,-21.6904038025887,-2.9187108554027,2158.82162365796,2126.56537308681,0
1.64,-1.10653578902518,0.0901034399867058,-0.034251826844316,19.5556265384111,1.51514472544323,0.196365593143277,-1.08951144733097,-2.58036756951611,19.4437623945325,0.209262555209908,2126.64453796954,2126.56537308681,0
1.65,0.0852471959290619,0.0007191002368927,0.0443203566109358,19.3503103916391,-2.23828387364622,0.0159241300993629,-0.0947512559519237,13.4353959738763,-14.1044163997292,-2.49564249749682,2131.6800936704,2126.56537308681,0
1.66,0.33981018494566,-0.529055774211884,0.07757402088369,21.1865307608076,-3.83891928887711,-0.13583903928221,0.32099290633245,-15.5059920643013,14.9388954440075,0.624771624792824,2146.3241321278,2126.56537308681,0
1.67,-0.72426225085717,0.174937561154366,-0.00972940516131032,18.6926570328666,0.406878393002928,-0.377805351155354,0.617991574359932,9.61906986905768,-16.0329183815441,-2.57944107956402,2125.15628602106,2126.56537308681,0
1.68,0.621694727086802,-0.616586744785309,0.0350946339392385,22.6717271076126,-1.74449797569374,-0.284458333847176,0.553912830076855,-12.981674518089,18.6688673983093,0.53081371184229,2149.23130483543,2126.56537308681,0
1.69,-0.879161051445901,0.209376096725464,-0.0553369431006193,19.6655377201552,2.59226064632458,-0.350858236944796,0.808012889265495,6.64214087055495,-18.690509723842,-2.66907560407617,2123.65970983089,2126.56537308681,0
1.7,-1.25890761286956,1.65783250331879,-0.0958984922154534,16.8783654952426,4.58742169138969,0.116515683385878,-1.25716705098219,1.69282184590613,17.4085615075931,0.168446258875571,2084.22796336218,2126.56537308681,0
1.71,0.728935523245545,0.871033251285553,0.0662875052854077,20.699338521372,-3.26645154459105,-0.179908940610134,-0.709488409697268,-0.0238713569580828,-20.9554706717323,2.98393954244667,2110.0054945766,2126.56537308681,0
1.72,-0.0245680945931479,0.761327385902405,-0.0194045896346454,18.5421945595835,0.943958262055859,-0.0157093934041821,-0.0270803310485579,-1.70535389705343,18.4877203670911,0.142846973321224,2111.26162109133,2126.56537308681,0
1.73,-0.0815202270866799,0.788335919380188,-0.00769236024106069,18.6432634058763,0.368285637459544,0.015135701928104,0.0804713014526651,-2.07640115005328,-18.5309325991894,3.04975933381195,2110.53383791763,2126.56537308681,0
1.74,1.47375880643552,-1.00853955745697,0.101876279097569,22.8387864614459,-4.89277311878883,0.27531306512707,1.45139467821794,-2.15968773847533,23.2569375605592,-0.118444366406841,2161.87297216207,2126.56537308681,0
1.75,0.333909110903101,-1.72122251987457,0.00483425534487973,23.8502520340339,-0.269929896951375,0.0250513672776471,-0.333003143177897,2.40211560071244,-23.7305125287471,-3.05202872075884,2178.25969254404,2126.56537308681,0
1.76,-0.875064248432908,-0.857707321643829,-0.0330898632898758,18.3775442963432,1.49556396276962,0.176835668958848,-0.857648834967943,-2.93632280471614,18.2029902575729,0.241133245016255,2152.07604710863,2126.56537308681,0
1.77,0.399211954483556,-1.32790923118591,0.0673935996105711,19.6567631735268,-3.32547496150752,0.0817592850559786,-0.396519231788556,10.2185927650417,-17.1180455684044,-2.77101017574138,2167.25377690834,2126.56537308681,0
1.78,-1.34552048457383,0.07575673609972,-0.0559778217341818,18.1793725511933,2.64101589484643,1.03208871865137,-0.865073273062157,-12.794993824451,13.181528149049,0.914785274878745,2125.93890246232,2126.56537308681,0
1.79,0.0183014393812875,0.0465938076376915,0.0266107107716056,21.0832103186327,-1.38210147066627,-0.00524534984678561,-0.0318678351348474,16.158191537658,-13.6134054537164,-2.33638571903538,2129.67860275231,2126.56537308681,0
1.8,-0.255653687002915,0.220295995473862,-0.0185741357996919,19.9690330532916,0.828588091003102,0.147709618684792,-0.209489080256902,-12.0187671850005,15.9686591378474,0.686663051205379,2124.39234102957,2126.56537308681,0
1.81,0.683243420314664,-0.629443764686584,0.0619149913783729,20.24035270978,-3.0574603618888,0.365640666277833,-0.580484229522704,14.7185031736684,-14.2262295077626,-2.48911293879066,2149.07184282892,2126.56537308681,0
1.82,-0.220185182942742,-0.560885548591614,-0.0243637141046334,20.0926369636354,1.17810475411091,0.119890275645676,-0.186283190755648,-11.7517272661939,16.3401008939695,0.682059627671263,2145.09588814869,2126.56537308681,0
1.83,-0.347287800281451,-0.284855008125305,0.00498212228515013,21.1022641306926,-0.283718903887721,-0.218661138814631,0.269853560545497,13.2715765374512,-16.4088788181434,-2.47495020877736,2137.47962324404,2126.56537308681,0
1.84,-1.23505367864001,1.027472615242,-0.0769913424901201,20.059649449867,3.70769812251888,0.495141694580138,-1.13407228968393,-5.85565909448022,19.5409267433382,0.473916923415944,2100.61653146137,2126.56537308681,0
1.85,-0.108170427368595,1.12767112255096,0.0109214911086764,21.2784259629183,-0.604601553003487,-0.0779282125082332,0.0758110415468163,14.1472174754774,-15.9057597177511,-2.44304877183082,2100.5163978588,2126.56537308681,0
1.86,-0.807343510449764,1.91622734069824,-0.0470111168936164,21.2676840914924,2.18398726757432,0.19028092386788,-0.786006844110737,-4.10798241834866,20.9811502890329,0.295679747362277,2078.21949495955,2126.56537308681,0
1.87,1.95811750047488,-0.307535767555237,0.0898636172117538,24.2596821900554,-4.31150565189308,0.0752038256014776,-1.9587353062574,6.33733863499303,-23.8109092639114,-3.0573567459277,2143.83926548039,2126.56537308681,0
1.88,-0.853209079649716,0.351978182792664,-0.0559470745679165,19.3544318585135,2.64033262167914,-0.0605782211286307,-0.852892776305623,2.74536663032745,19.3398125891652,-0.00542890820972282,2119.73192373302,2126.56537308681,0
1.89,-0.811484812094383,1.28968286514282,-0.0721283255823476,17.4062266780961,3.47275705669575,0.29199785614043,0.760557261237155,-8.11503490728434,-15.7855306276872,2.86367074378925,2094.89470454203,2126.56537308681,0
1.9,-0.628476269302605,2.03073620796204,-0.00863159714397482,17.3112720529627,0.325510671781363,-0.41569533772834,-0.471438555632331,11.5168695230075,12.9285658013236,-0.708912182420063,2075.84296226914,2126.56537308681,0
1.91,1.0941971421086,0.798658013343811,0.0550639453534775,19.3267509518386,-2.63197396179109,-0.976548334409195,-0.496641494882515,-15.455312136218,-11.8989039857464,2.09155622021264,2112.74679877051,2126.56537308681,0
1.92,-0.633965090085457,1.36400365829468,0.00969889591555051,17.9549865433705,-0.568975634957079,-0.453427162463943,-0.443181240993952,12.6393836122001,12.7652362668866,-0.812122678835133,2094.0241741728,2126.56537308681,0
1.93,0.627052657832905,0.625508069992065,0.110476454447603,19.732381742098,-5.44038287074544,-0.604612427905971,-0.199609355252379,-14.8039772533665,-14.1353073004441,2.06406798025263,2116.63099147137,2126.56537308681,0
1.94,1.32563711510777,-1.12950277328491,0.151255382795349,24.9058009894856,-7.40181856183496,1.23551752297593,0.503674897324877,18.295295661333,18.4490649523112,-1.07009251558886,2165.03894719978,2126.56537308681,0
1.95,-0.0749851335757248,-1.27085280418396,0.0120460594363137,19.6724374339507,-0.678276511301481,0.0515578175436878,0.0557644085008017,-15.0583719014615,-12.6771561990757,2.23608529007408,2165.34159723304,2126.56537308681,0
1.96,0.394655829610567,-1.84257984161377,0.0659905888293429,21.0072209444105,-3.27235898972109,0.298002560346105,0.267025196726479,10.563195740315,18.4507604427753,-0.674490090201343,2181.36443217953,2126.56537308681,0
1.97,-2.21384287093165,0.550264298915863,-0.11868245870853,16.0268232237114,5.66273443307538,1.4809088934793,1.64987715675862,-14.4622193418617,-8.93139606173157,2.46367008108474,2111.7593312969,2126.56537308681,0
1.98,1.17559067608445,-0.692728996276855,0.0939653854988571,23.1585444418983,-4.53765713112315,0.866097819359702,0.800448311053881,12.3654558440766,20.0998511107721,-0.745009572357484,2152.28030493092,2126.56537308681,0
1.99,-1.66558547388065,0.917457342147827,-0.131604602758377,20.8292158555705,6.30458367162147,0.680998381172839,1.52569195682136,-12.9069069721701,-17.5218652215503,2.80062525444698,2103.09918360142,2126.56537308681,0
2,0.0395601105963929,0.936139345169067,-0.0384419445425613,19.4590583733058,1.86111283288837,-0.008277989100174,0.0545367797643902,12.8274108802088,14.7504652083507,-0.620426628380624,2106.39071166528,2126.56537308681,0
2.01,0.374396832370153,0.425045490264893,0.0176274398790665,19.2655889103591,-0.890893146421168,-0.28771926044038,-0.240211036168481,-13.5894425874274,-13.6851619217424,2.31349414707925,2120.85607291089,2126.56537308681,0
2.02,-0.437179602512458,0.782511115074158,-0.0446664266359834,19.77055585759,2.14100600134161,-0.398851996872817,-0.184494387751889,18.0989955368261,8.23924427200785,-1.03572760463422,2109.61217527793,2126.56537308681,0
2.03,1.00863892754964,-0.444484293460846,0.106478978260138,21.8829426798013,-5.20940991366799,-0.958441061119742,-0.33178455560721,-17.6016477521249,-14.0065387725236,2.00923343175108,2145.57631655368,2126.56537308681,0
2.04,0.752546481822124,-1.55401062965393,0.0559533225362818,22.4144502989963,-2.68871627249785,0.660671447480961,0.364650819400036,17.2964724225912,14.5075435251704,-0.992249677323587,2174.38224918583,2126.56537308681,0
2.05,-0.382718938829345,-1.32881784439087,-0.0581301866151158,20.7402611025014,2.78704514147211,0.314378167966408,0.225874461240428,-16.7829741914829,-12.50031313642,2.34455298582393,2165.59301484179,2126.56537308681,0
2.06,-1.31195089110001,0.116845153272152,-0.107460329711813,17.0877220987043,5.1582401305871,-0.445764921440412,-1.23857034436204,9.43457530503051,15.1521112912048,-0.263743158080339,2124.64333754343,2126.56537308681,0
2.07,-0.237146558489218,0.387539982795715,0.0013178439661838,20.585266569337,-0.123730905149344,0.0948512093365486,0.217355641756531,-8.22492647460312,-18.8711179731071,2.72455962729706,2119.99629520624,2126.56537308681,0
2.08,-0.779066880369328,1.20169317722321,-0.0263166473134328,19.0917191643648,1.20745935669453,-0.50984225445645,-0.589659771041726,12.9318494156553,14.0967715963571,-0.679164178510414,2097.20071045432,2126.56537308681,0
2.09,-0.0493275601442626,1.24688899517059,0.0215646725435926,19.1675526059665,-1.08571082409938,0.030387205478573,0.0444394085795616,-15.675327462461,-11.0841305405827,2.12969334235565,2097.77502290529,2126.56537308681,0
2.1,-0.429429469205546,1.67626428604126,-0.00425737131769607,18.3942730717371,0.164719576592028,-0.423383452199796,-0.0719322364178751,18.1321694883274,3.09852287761612,-1.3925910748108,2085.73382992385,2126.56537308681,0
2.11,1.67698338173711,-0.284767925739288,0.129581772393115,22.3251882746373,-6.25458073842236,-1.67575704344844,0.144578800976848,-22.3802480966406,-6.05461037922845,1.56185025482911,2142.71575902973,2126.56537308681,0
2.12,-0.947361564528463,0.478686511516571,-0.0699991278078328,21.7178892570275,3.31349341578258,-0.93293731883497,0.178946279549735,21.1898621962544,-5.79962865196514,-1.68654970872802,2116.73843246305,2126.56537308681,0
2.13,-0.484415262470968,0.985137701034546,-0.0464481381711631,20.6460742673273,2.19353807824996,0.485051052794185,0.0392562382002757,-20.7106961130265,-1.46255203893538,1.74714521131107,2104.26152012796,2126.56537308681,0
2.14,1.09502976668456,-0.33760878443718,0.0995471381808292,22.3896196990328,-4.8971552420824,1.09870794136944,-0.0429031725747207,22.1070567572336,6.04609305790302,-1.51916628730712,2143.12773046298,2126.56537308681,0
2.15,-1.60063064406705,1.29960489273071,-0.113818239924844,16.1858583799903,5.45540068785196,1.56573162186296,-0.351365249796375,-15.1907105931734,7.80933542861155,1.421032764529,2093.25795290165,2126.56537308681,0
2.16,0.17496281207926,1.14538061618805,0.0101816042632576,20.7980007580319,-0.512494232727513,0.150481929383884,-0.0898378517383392,18.6836118267672,-9.15107288662694,-2.05088030380126,2101.69401863863,2126.56537308681,0
2.17,0.471619894055904,0.493821233510971,0.0309284273737813,19.9402406200574,-1.49463955017216,-0.338536588567154,0.329810355038211,-16.1333835063306,11.8135972509809,0.86393923629855,2119.78748550224,2126.56537308681,0
2.18,-0.415586599741503,0.871861815452576,-0.0441243724245709,17.705434771629,2.16179623243024,-0.214656356985123,0.358583087348583,8.91983698029124,-15.446432974897,-2.49640827728127,2107.8261905432,2126.56537308681,0
2.19,0.760199351241703,-0.117486402392387,0.0873460612162219,23.1517933816461,-4.26103971453306,-0.613034468491399,0.457953194638668,-22.1520323530387,7.96551686114524,1.04359799983572,2136.9357977174,2126.56537308681,0
2.2,-1.19705855553293,1.05415821075439,-0.0675911542218441,19.299563984544,3.16238567612139,-0.858070360279344,0.837396564546161,12.4725502373605,-15.0635103390466,-2.28759704879842,2101.35820468328,2126.56537308681,0
2.21,-0.00188643951517331,1.01810491085052,0.010629789854939,22.1913235956412,-0.602173120793395,0.00998984236017695,0.00409318165042627,-12.3811171008542,18.4262148779613,0.564508386265878,2105.19067718746,2126.56537308681,0
2.22,-0.890952142011584,1.97796761989594,-0.0694511349904627,17.0404803509367,3.29658155457196,-0.086171611859932,0.889490659206691,-0.290271653128025,-17.3539955890277,-2.96722228089424,2077.63757480643,2126.56537308681,0
2.23,0.641786440865495,1.26983380317688,0.0462027352561249,19.6998923112223,-2.29423737036182,0.180279136676962,0.617676259300094,1.90449293994656,19.7413826472974,-0.212111616062157,2100.28445511004,2126.56537308681,0
2.24,1.54710322247781,-0.635806858539581,0.0949023161353859,21.4552020143016,-4.5910266699821,-0.558856623048919,-1.44575727751357,-2.12033353172512,-21.8382097497304,2.83400029222879,2153.18684780111,2126.56537308681,0
2.25,-1.0385616852153,0.297401279211044,-0.0547455174710436,18.2514958348593,2.59357163432501,-0.414423782372727,-0.953866014849202,8.81151360265352,16.1926199875904,-0.357198217599571,2122.41367456345,2126.56537308681,0
2.26,1.23382986437188,-1.09537363052368,0.128749956750813,20.8463421974876,-6.27077740476553,0.117648575396438,-1.23493785199356,10.2672293562426,-19.1957451957766,-2.94263895174501,2164.38243730854,2126.56537308681,0
2.27,-0.907996082063163,-0.322551965713501,-0.0157788728532197,21.1815039435126,0.602337374688475,0.212087612408093,-0.883020216378769,-4.72073740005485,20.657530298216,0.253095196480227,2139.07013289433,2126.56537308681,0
2.28,-1.24793406863717,1.06289041042328,-0.0812366616678892,19.4532579970317,3.83822500644241,-0.00474664905169003,1.25056639335425,-2.49180069300561,-19.6710992881815,-3.0727918731393,2101.28591563951,2126.56537308681,0
2.29,0.422076205786707,0.574668109416962,-0.00109656833502694,21.5446626500629,0.0498852556707398,0.0693624158160018,0.41633926217159,3.64494307314781,21.2341556751678,-0.167682528817117,2118.19535598529,2126.56537308681,0
2.3,0.389891655397868,0.013286679983139,0.022415538290304,18.8378809510286,-1.1077692261535,-0.131865946348831,-0.36759941716393,-4.27000779870788,-18.3809669164196,2.85459752596192,2133.00974831961,2126.56537308681,0
2.31,-0.198979621030542,0.116678766906261,0.00393471806274331,19.0039855920346,-0.231455783196256,-0.069417060508634,-0.186519820131888,6.76408041914688,17.7609756557782,-0.376059070994535,2128.915505852,2126.56537308681,0
2.32,-0.189432643694045,0.267754703760147,0.011745380957764,18.9334075558381,-0.603359020644522,0.0796506389799822,0.172274363098049,-8.4630017925979,-16.9474353352284,2.64659436499243,2124.94764889071,2126.56537308681,0
2.33,-0.244941395189757,0.425835251808167,0.0171024348968385,21.2158211476287,-0.877063646362252,-0.00949503638020635,-0.245354080139386,1.42315431212133,21.1861969076998,-0.108389442645661,2120.72621002014,2126.56537308681,0
2.34,1.05258399135036,-0.867429733276367,0.0848850964872164,21.7794199440938,-4.18274266956356,-0.208643910144079,-1.0351841658432,1.58040876145129,-22.1210482908859,3.02317513683439,2157.96600064716,2126.56537308681,0
2.35,-0.546388740953153,-0.412579238414764,-0.0431256109694788,17.6234532425316,2.036536250398,-0.0829617168863464,-0.541772856548879,3.31969884590789,17.4273688106771,-0.0731845790123608,2141.96908807495,2126.56537308681,0
2.36,-0.390884614546536,0.0129438638687134,-0.0110510529144529,17.9773320741206,0.482103294801788,0.059881853330299,0.386428610873265,-2.72810592941468,-17.7756667984061,3.01611757863582,2130.91659630252,2126.56537308681,0
2.37,1.14906211042081,-1.37517035007477,0.118450959189953,21.777467207333,-5.76780375856779,0.17314826583153,1.14210071420049,-4.72203120107146,22.0278927612226,-0.0477372611240942,2171.22283106084,2126.56537308681,0
2.38,-1.85590501303624,0.470079720020294,-0.116082128321628,20.1909052135288,5.54691981107468,0.241564996873057,1.8437746148091,-6.90223754596576,-19.7686643350343,3.07378419622662,2115.47095038716,2126.56537308681,0
2.39,-0.758670612907929,1.3426206111908,-0.0249205129067484,21.8091428349717,1.08105663139135,-0.287260700832772,-0.702626088763214,8.59965227115904,20.0712076231507,-0.355266804425301,2094.6973390666,2126.56537308681,0
2.4,1.03161372082286,0.159328982234001,0.0711729446329642,20.7334623693461,-3.49668330639133,-0.100319154444266,-1.02918828417802,2.90892950936172,-20.8240578436541,3.11330826079775,2130.29862988249,2126.56537308681,0
2.41,-0.150875408284834,0.148423880338669,-0.0272763080783903,19.0155712813195,1.296800433853,-0.0466139305633686,-0.146063435824768,3.75209945211614,18.6867705134304,-0.130062839711596,2127.82652891314,2126.56537308681,0
2.42,0.154178939697186,-0.0930188000202179,0.00117359487387171,18.8437604064904,-0.0594947200429553,-0.0334389191618725,-0.150513658703661,-3.88847614050545,-18.4382916557811,2.93058966174725,2134.92978476713,2126.56537308681,0
2.43,0.154191313766335,-0.357277750968933,0.0464448403298036,18.633257408817,-2.29894131197699,0.0817994778803439,0.138711678862136,2.20071668575501,18.6451135391605,-0.240246251779419,2141.8692606799,2126.56537308681,0
2.44,-0.604876251302235,0.193495765328407,-0.0317565108351138,20.6281534761465,1.52178345653186,0.217593508536351,0.565275879914141,-7.83781091687439,-19.1417151988883,2.82659458659437,2125.61048227151,2126.56537308681,0
2.45,-0.225171301291592,0.337145626544952,-0.010586408490618,22.328391095482,0.429801117453957,-0.108280090243134,-0.197710922882419,10.1801041879413,19.8773050647221,-0.454071291964687,2122.66081837282,2126.56537308681,0
2.46,1.33578442073597,-1.24613118171692,0.13192443631806,21.3199229719493,-6.48723718897218,-0.662004395898112,-1.16767900357519,-2.71058570034393,-22.1195860503068,2.72427900907884,2168.19066936766,2126.56537308681,0
2.47,-0.719130617833939,-0.62731945514679,-0.00731620021903479,17.6590932625029,0.250639212015082,0.147448272427155,-0.703890175560161,-3.55144293269464,17.3001054321697,0.216663833218225,2146.75872621074,2126.56537308681,0
2.48,-1.77065321418869,1.35679948329926,-0.0887981218663768,18.1936902621525,4.21707245665961,0.0578660299432371,1.77193381195301,-3.89873737067886,-18.2645534403207,-3.12413010113703,2091.76329734069,2126.56537308681,0
2.49,-0.669193634022964,2.18001818656921,-0.0125426488095694,19.3344785369642,0.544735696778153,-0.295220434640201,-0.600684886464502,8.69470134606327,17.2777592811811,-0.438062076565297,2072.47959816701,2126.56537308681,0
2.5,1.12128891112372,0.878252506256104,0.0764942367879686,20.8751644822584,-3.67741789381269,-0.854488208939798,-0.730061703730343,-12.3379484098754,-17.2357455180311,2.34594484985402,2111.26005002574,2126.56537308681,0
2.51,1.10948323890197,-0.677891790866852,0.133842760256521,24.3614001605853,-6.54523863376204,0.924722251708977,0.627499561013208,14.0775674792999,20.9317954419303,-0.854535093021917,2152.89326563223,2126.56537308681,0
2.52,-1.64784435103363,0.959791421890259,-0.117781582658193,18.8144650159542,5.61328706611589,1.43803577784125,0.813213753016648,-18.7796518445607,-5.72867891579517,2.15681898853327,2102.97455460113,2126.56537308681,0
2.53,-0.63206976955589,1.74721145629883,-0.0506534044300266,18.3495583454833,2.38629416550484,-0.62822170680035,-0.0861129959509165,18.4342923849433,1.60547674696329,-1.35460302929663,2084.39336835483,2126.56537308681,0
2.54,1.86502246847752,-0.372264891862869,0.127487195482613,22.7242526227944,-6.19636803818303,-1.63528906707263,-0.905754635677182,-15.7165693944406,-17.5435481188649,2.14486463321611,2146.73572738555,2126.56537308681,0
2.55,-0.501698376643747,-0.10705940425396,-0.0433763117238624,20.2233560961938,2.07756545315478,-0.449908976691107,-0.226196105710284,18.3083278433854,8.83773396209239,-1.01869891578064,2134.19973941775,2126.56537308681,0
2.56,-0.50662750612048,0.418802380561829,0.0196143892795665,19.2657916335966,-1.05053948161328,0.452292269557295,0.229102285286242,-17.0725099975596,-8.98909132531294,2.00096272152455,2120.17028492098,2126.56537308681,0
2.57,0.0139602616578926,0.316052198410034,0.0473496961316992,21.1519270474273,-2.35805607624412,0.0265054065635073,-0.0416454805738181,19.6758374052791,8.11331428452131,-1.29071312205416,2124.09361914725,2126.56537308681,0
2.58,0.910801096991768,-0.907429337501526,0.081708173982627,24.2889301952627,-4.02955448120188,-0.897047511329334,-0.177596808515331,-22.1770443165118,-10.6943043126138,1.85571884393658,2158.72933835504,2126.56537308681,0
2.59,-0.88927856548403,-0.0961384177207947,-0.0763727641156302,19.4102794255555,3.64054716674389,-0.873075154323472,-0.185442554531158,19.6303295633603,2.15932681298937,-1.27583359520605,2132.7782532121,2126.56537308681,0
2.6,-0.974399668310654,1.05508506298065,-0.0422078343992711,15.9801943174559,1.93796334035602,0.813021209861349,0.538732519163431,-14.0659918675088,-7.82752739473905,2.1992890367881,2101.81724377246,2126.56537308681,0
2.61,1.56114908882372,-0.676592707633972,0.149116374926453,21.5219858462359,-7.28276559722975,1.4178356351108,0.670197196813217,14.7707512512346,17.2643985410417,-1.03400599980895,2153.81668046042,2126.56537308681,0
2.62,-1.29552185388184,0.581292808055878,-0.0899230867617835,16.8523885261261,4.33548341269603,1.20354656800782,0.487789600191311,-17.0453660210228,-3.50070173917035,2.02515727666937,2113.89961635645,2126.56537308681,0
2.63,-0.503313858512615,1.12929332256317,0.0149807634025826,21.2449052386998,-0.80413849672665,-0.491546230485202,-0.109231711232452,20.7159307093035,4.77941964788521,-1.38188437456832,2101.24981912939,2126.56537308681,0
2.64,0.0654610510765652,0.971806883811951,0.0405758822399089,21.2848679356696,-2.01159309802829,-0.0613936028442987,0.0465013651132109,-21.3797044008385,-0.0186966227090166,1.47744257553311,2106.81195971033,2126.56537308681,0
2.65,0.795933302437151,-0.11699540913105,0.0204218247941044,23.9242510225442,-0.99045604520829,0.770120134137813,-0.202093670984492,23.5156301830698,-4.51286242425954,-1.80177620815939,2137.57199676568,2126.56537308681,0
2.66,-0.974841755837106,0.789957165718079,-0.040896633846517,19.8133281999441,1.85409858931055,0.888022412822729,-0.404234063270335,-17.6643641503592,9.16383626551063,1.18554815019199,2109.33183927474,2126.56537308681,0
2.67,0.15679431333992,0.580453157424927,0.0466619539938084,21.0593559539872,-2.37032477732921,0.153592942869565,-0.0563116555157451,21.1659266692387,1.05757315546961,-1.63295477040777,2117.57532902215,2126.56537308681,0
2.68,0.101053173959795,0.359600007534027,0.0015741229302664,19.6067937676094,-0.0992723963105086,-0.0981881816184412,0.0239437428321523,-19.1406562728584,4.25105802107227,1.34718480420501,2123.32257741001,2126.56537308681,0
2.69,0.248254630913272,-0.0704071521759033,0.0451987478940837,21.7494588675963,-2.23688823651538,0.221733144045159,-0.120447919919469,21.3606302688755,-4.66541579415216,-1.88831898851145,2135.14180894874,2126.56537308681,0
2.7,-1.28419458071682,1.28340184688568,-0.0373341481330943,18.2149845885553,1.71172172497908,1.08435134532013,-0.689007779100993,-14.775672718163,10.7886584221953,1.03380995500998,2095.7829957295,2126.56537308681,0
2.71,-0.050315730821427,1.3802844285965,0.0321314072722958,18.9681547209222,-1.60401898616512,-0.0567816215107399,0.018437666880696,13.290721292351,-13.6279308023584,-2.45308389260845,2096.02174983212,2126.56537308681,0
2.72,-0.342795954176373,1.68518161773682,0.0232672419889473,19.489874753605,-1.19707406976964,0.126586889173068,-0.319415388231293,-7.07735523377749,18.1988803813489,0.309548657595263,2087.52027811188,2126.56537308681,0
2.73,0.743649616895511,0.758943676948547,0.0973630142149602,21.2087462029407,-4.80156142468927,-0.0858128875971183,-0.745070773529675,5.13005657462621,-21.1316924820742,-3.12607611340636,2114.77648175168,2126.56537308681,0
2.74,1.34650229919161,-0.94497948884964,0.114797611515007,21.2730742334853,-5.64010907679746,-0.591054794198956,1.21527822476677,-15.7398146400869,15.3822219733449,0.537721402900474,2161.50863136645,2126.56537308681,0
2.75,0.0338963392803318,-1.25180613994598,0.0355297860990516,21.4150156625575,-1.81101460368639,-0.00552752506007967,-0.0487931755839063,15.1219000122889,-15.2712412639146,-2.44547487405443,2166.52041556774,2126.56537308681,0
2.76,0.404516507294847,-1.84876978397369,0.0593202426139377,20.7889367952259,-2.90961509974768,-0.290942481604898,0.287236780819208,-18.4786408577364,9.95919600948648,0.937414309934281,2182.91568515651,2126.56537308681,0
2.77,-1.0745809106018,-0.781735181808472,-0.0789849827694719,19.448254134881,3.74284890006002,-0.921389731754523,0.558572934494883,15.6247181515876,-12.1701146036939,-2.04241208518967,2150.97764261396,2126.56537308681,0
2.78,-0.419428972468146,-0.300301313400269,-0.0751042495299336,18.715303268974,3.63783247792294,0.34234301174015,-0.253697799666893,-15.1482695834546,11.5769741389572,1.11022465009927,2139.33593575599,2126.56537308681,0
2.79,-0.481540036293947,0.240892589092255,-0.0040216905099569,16.9334295280224,0.0963917384895093,-0.409112916553452,0.254014964239633,14.4099519762411,-8.89402108105065,-2.118084635317,2124.66535043014,2126.56537308681,0
2.8,-0.384894513960204,0.664580762386322,-0.0327535550902931,17.9384652973909,1.56937461469087,0.266013864422973,-0.280094994925776,-12.3694309183236,13.0862008491294,0.844512359149948,2113.69429487875,2126.56537308681,0
2.81,0.181754575213333,0.380642056465149,0.0137510082079144,20.4120831091952,-0.665851807310372,0.164676145658856,-0.0781382293672995,19.2882044241006,-6.71279863991877,-1.93832049314736,2122.65416487411,2126.56537308681,0
2.82,0.10903587502858,0.094570204615593,0.052216784482227,21.397401979138,-2.5887488278355,-0.0721730692420844,0.0969869202577783,-20.1410484849946,7.67389066090577,1.08637013201155,2130.15287031505,2126.56537308681,0
2.83,-0.867085831366186,0.929496645927429,-0.0222204574261722,21.402602706442,0.977531100482629,-0.661217542404495,0.561358129272907,16.0518667596229,-14.1902975019385,-2.2490748864983,2105.86741550832,2126.56537308681,0
2.84,0.413455849339836,0.365500509738922,0.0438306950054178,23.2787109366057,-2.2128606760213,-0.230858883818206,0.345790463923161,-16.5951346414208,16.4741203551099,0.694282936241295,2123.84831142359,2126.56537308681,0
2.85,0.729911668465026,-0.64877051115036,0.0687777799062166,22.195510218278,-3.40611823355505,0.398672478950015,-0.615273663744903,16.4359113499931,-15.3004291889414,-2.47270300636205,2151.48188747475,2126.56537308681,0
2.86,-0.308457911549802,-0.498948216438293,-0.0136278480979314,20.6579799038805,0.617308894555507,0.189641877004949,-0.243655412267993,-12.9255139732502,16.1265089994004,0.705532780943808,2144.96908419361,2126.56537308681,0
2.87,-0.55956240698562,0.0533164441585541,-0.0250134552099451,19.9793105341709,1.18157989534094,-0.322037714058764,0.458287541808509,11.2700531287515,-16.5394946399527,-2.48438620616231,2129.66143489698,2126.56537308681,0
2.88,0.179204308640364,-0.208369642496109,0.0382351450145823,20.009699367342,-1.88036941029109,-0.145869198020822,0.110897644782562,-18.9059411672631,6.81830231586643,1.13097357713422,2138.15626368532,2126.56537308681,0
2.89,-0.359530877078607,0.0758548974990845,-0.0397937772296707,19.6605388920618,1.87234300149791,-0.294182282311494,0.210482258285865,16.2355153735463,-11.2450210491966,-2.08160397368791,2129.32357466046,2126.56537308681,0
2.9,-0.42467986242447,0.46128123998642,-0.0576233609695326,20.7421928505173,2.76264013325626,0.302279902629417,-0.303809640638085,-14.7954130309313,14.7975166159081,0.917737185645017,2118.94984984639,2126.56537308681,0
2.91,-1.36908403581086,1.95951426029205,-0.0491256357333805,18.2266409913689,2.22861934218375,-0.696168767637237,1.17989553442871,7.94152595225599,-16.5562481121252,-2.57267269933749,2076.9304767245,2126.56537308681,0
2.92,0.0503219184262747,1.94327640533447,0.0195174742077547,19.6973828269958,-1.02520025674696,0.0143429029588217,0.0520337237593547,-3.0064914560889,19.4935613709791,0.101023637072618,2080.91376308728,2126.56537308681,0
2.93,2.08072867068991,-0.446509420871735,0.146789586902707,20.8909349083466,-7.11083664821886,-0.303644773850518,-2.06368089470425,5.51142044077886,-21.3686547051375,3.06593393586278,2149.30737334369,2126.56537308681,0
2.94,0.265815176878743,-1.09006488323212,0.0203037951953625,21.8617898164136,-0.980515539676382,-0.124476773431546,0.235744533837975,-12.4801814559255,17.9762158289159,0.562043122910901,2162.27100506225,2126.56537308681,0
2.95,-1.90304268015741,0.942437767982483,-0.074468844774065,17.9822443976439,3.49430039668967,-0.780852193618105,1.73706272283544,4.87983216203799,-17.6566839159917,-2.68002274395481,2103.32456015341,2126.56537308681,0
2.96,1.26022389736274,-0.424660205841064,0.121081218576313,23.9670461938786,-5.96743200677055,-0.310262442274644,1.22742093427228,-13.687982642368,20.5589075390005,0.343374689195479,2146.75523890125,2126.56537308681,0
2.97,-0.252756212219549,-0.386280655860901,-0.0316867889793686,20.6879111542699,1.48704305970565,-0.0578205757386323,0.248085744114107,5.77057684754765,-19.9223845920846,-2.78789902202098,2142.15812510721,2126.56537308681,0
2.98,-1.4595398563451,1.18609273433685,-0.079128278227714,18.6983846888496,3.72718756480473,0.160914406960249,-1.45279882650964,0.615345588274516,19.0563077987954,0.164473531456108,2097.49806499543,2126.56537308681,0
2.99,0.94702753700058,0.200496837496758,0.0770316781185756,19.5932567948581,-3.76052233505394,-0.115409644167753,-0.943120166948105,2.96209944793185,-19.729754355345,3.10098980190977,2129.28428647388,2126.56537308681,0
3,0.721354364449934,-0.820761919021606,0.105412324090776,20.4170668412255,-5.17910008606579,0.126526419152575,0.717951908164895,-4.57797861830189,20.5601996067871,-0.0293371620588579,2155.87123534185,2126.56537308681,0
3.01,-2.26512209102365,-4.59999990463257,-0.118696513129654,19.6315240792632,5.65800400443543,-0.963783400858053,2.05328724383682,4.271067296067,-19.9791824442685,-2.65038121466912,2117.91160896118,473.899762767635,0
3.02,-6.43272283324221,-4.59999990463257,-0.383218470674175,13.6131079027776,18.4158446966133,-1.59692991929701,-6.24312375966035,20.6644628146588,9.87117111816154,-0.190917835449748,1980.88899686405,473.899762767635,0
3.03,-6.97744449219041,-4.59999990463257,-0.401499555063397,7.35052990436275,19.2794278366403,6.36616880617262,-2.88406453908873,0.0751359326595029,20.6330071045104,1.20290473770212,1828.18883083204,473.899762767635,0
3.04,-2.51723325038682,-4.59999990463257,-0.0923891568897015,11.5420676887203,4.34299982063757,2.46064379545269,0.538731013645909,-12.2607060011718,1.32516501836158,1.82302062870634,1771.54609733051,473.899762767635,0
3.05,-3.33840945555451,-4.59999990463257,-0.154451701697254,12.2526829788328,7.37944425759326,3.12502726580876,1.18449888520199,-14.1759343718063,1.90455307538173,1.97933308761109,1699.78609643917,473.899762767635,0
3.06,-6.23320807381001,-4.59999990463257,-0.284314331269424,8.09371463745434,13.6008620595573,6.06574337311649,-1.46303617927544,-5.36311965037777,14.890554489722,1.3797015496089,1564.59622061375,473.899762767635,0
3.07,-2.57222142439596,-4.59999990463257,-0.10379255989744,10.3961393327659,4.96799532453497,0.0753459912166874,-2.57321179330797,4.23295858856559,10.7164710683309,0.0696020019646942,1507.82557042779,473.899762767635,0
3.08,-5.62976604009622,-4.59999990463257,-0.20880290507856,7.67431054808601,9.95955572906453,-5.28327911171776,1.95571627468728,4.18193755256262,-11.8574529733528,-1.88825447529655,1386.20384634483,473.899762767635,0
3.09,-5.4818294879227,-4.59999990463257,-0.222517976236917,7.37834617413722,10.7237957229046,5.47750773207363,-0.311252035304194,-7.20373631393209,10.8418619291766,1.55460335483917,1267.9158430443,473.899762767635,0
3.1,-6.4855690186005,-4.59999990463257,-0.245959286271806,4.41577840680481,11.8379219987847,-6.39850708333065,1.08729415067931,2.83880263457347,-12.3116487843527,-1.70121189593236,1126.20914652362,473.899762767635,0
3.11,-2.84840247845162,-4.59999990463257,-0.0555293522956402,7.20852684225133,2.58147317588196,0.0526333770242043,-2.84845746252928,2.30598371982946,7.30132194038433,0.0379681917150261,1063.55098788267,473.899762767635,0
3.12,-1.76879258417783,-4.59999990463257,-0.0575768225091196,6.87924707882827,2.76020362673283,1.73633053210306,-0.342196697265504,-6.34379618454376,3.83392936835884,1.40874964817383,1024.92130018118,473.899762767635,0
3.13,-2.18929994673047,-4.59999990463257,-0.0403495529974347,6.80565083384614,1.87143412608405,1.40219421708745,1.68181857545564,-5.72028287429021,-4.13491388043388,2.46504450857278,977.425690220993,473.899762767635,0
3.14,-4.86391229453644,-4.59999990463257,-0.146272533242712,3.08662567805732,7.03610940425987,1.00371579921932,4.76146963209065,-7.47091116294616,-1.79431881797059,2.96389873401757,871.860576506318,473.899762767635,0
3.15,-2.99362724600749,-4.59999990463257,-0.0457811753561448,4.32306936198036,2.13646633016142,0.959393446991821,2.83610017769552,-3.35654755101489,-3.46222553080856,2.83068920878956,806.483126634334,473.899762767635,0
3.16,-6.89237510678955,-4.59999990463257,-0.154933286975816,-0.0897784126570695,7.47730074681844,6.53868801871565,2.18503957172629,-2.44416423248051,7.06711736328284,1.91577569956276,657.826073871754,473.899762767635,0
3.17,-1.78083760942491,-4.59999990463257,-0.0667523914504276,2.08392843277515,3.26542080191804,0.449797505239288,-1.72438994348352,2.52546374328363,2.93730550128644,0.292625017653213,615.987575386086,473.899762767635,0
3.18,-1.18802319610062,-3.91434764862061,-0.012402104681452,5.07638600648642,0.560892274840646,-1.18638421792841,0.0636035700574227,5.04748834925395,-0.779202409501378,-1.61391742811491,580.871494472056,473.899762767635,0
3.19,-2.00620965765433,-1.58086371421814,-0.0160133290108196,1.96020809816904,0.740798005748408,1.39753101623488,1.43945846617157,-1.889782347505,-0.905494424337771,2.3789539797792,516.467493595822,473.899762767635,0
3.2,-1.89116317407613,0.772969007492065,0.00097520385307337,2.44970270381716,-0.116052650765083,-0.700860473079757,-1.75650041254726,0.801260133276742,2.31786404986574,-0.380167929516413,453.568383195122,473.899762767635,0
3.21,-0.635961147627764,1.6475602388382,-0.0188818181724505,4.66965776972678,0.920320605970194,0.193910992078361,0.605971642488909,-2.17505668270934,-4.23341731124448,2.8615710971698,433.505619769393,473.899762767635,0
3.22,-0.364725707134782,2.16351938247681,-0.0214976693287238,1.35623696825183,1.06580340594314,-0.127714928474919,-0.3423096380124,1.41725622358991,0.983209240634243,-0.298227929948579,420.514812578555,473.899762767635,0
3.23,-0.359666716574653,2.60070967674255,-0.0110166484391272,4.31324424222767,0.543937981780361,0.15172687461952,0.326282805358504,-2.19812354906413,-3.75075956096671,2.73694203284537,409.298052647994,473.899762767635,0
3.24,1.12614121268205,1.34614300727844,0.000385252522114798,5.19532445203113,-0.00410294640661165,0.431327905915586,1.04026458985154,1.98444963450414,4.80139278169971,-0.392714841482532,446.52600170108,473.899762767635,0
3.25,-0.311642302785972,1.63788080215454,0.00623766640861553,1.72181185479304,-0.329584814365872,0.0877729863187245,0.299091518169041,-0.203482366868958,-1.7412228862325,2.83612891811312,435.540701018954,473.899762767635,0
3.26,1.08942394258241,0.437256097793579,0.00595038924071944,5.58811943988807,-0.265885506525065,0.125429062240252,1.08219567738438,0.348760538637582,5.58355980210871,-0.109925639062003,470.795806424958,473.899762767635,0
3.27,0.516874975491641,-0.248704418540001,0.0237963118078963,3.96827598106609,-1.19188618794882,0.115499442548317,-0.50436681444775,2.21110814522208,-3.50411297150388,-2.8704689521677,487.860608882093,473.899762767635,0
3.28,-0.388408695726645,0.132952660322189,-0.0161573246139694,4.16583155102169,0.79148337340584,0.224071736197716,-0.317670003450272,-1.91333569947717,3.78414388507782,0.655889077626046,475.686347130168,473.899762767635,0
3.29,0.21877920674726,-0.0924323499202728,0.00389798547919436,4.28789150075155,-0.186116070581625,0.185682264862433,-0.115765418460408,3.7741133902186,-2.04370272586763,-2.11047218155758,482.940214719469,473.899762767635,0
3.3,0.440185707582939,-0.625593185424805,-0.0327184271803432,4.41033977943358,1.63782746745259,-0.441391896193351,0.00267331484976261,-4.26485384189021,1.98610107761683,1.49054758480632,497.518004153155,473.899762767635,0
3.31,0.0444363388885274,-0.759105622768402,0.0377657943676688,5.67283997795953,-1.88660067851921,0.0562303253932366,-0.0154594289741835,4.34487461512788,4.10639015615204,-1.13467036908914,500.096993342259,473.899762767635,0
3.32,0.93336944865886,-1.91421639919281,0.0273148078312296,7.2715915004436,-1.35181183640977,-0.451491497940719,-0.817361641933267,-2.12632434463004,-7.08393838001255,2.66618296227153,532.616427635456,473.899762767635,0
3.33,-0.247617579452097,-1.76033282279968,0.0283361500356338,4.96575366392188,-1.4231113401484,0.196472772867072,-0.153348793847495,-4.53927147355581,2.46555669709196,0.794114069556608,525.52828439744,473.899762767635,0
3.34,0.408498054407232,-2.25706648826599,-0.0269856290395306,5.524115435788,1.35120180542826,0.408659081208959,0.0244262149053631,5.51554295048523,-1.38577906906422,-1.57706049718113,539.809654113823,473.899762767635,0
3.35,-1.03513305729851,-1.14584004878998,-0.00147458488006197,2.36734769440664,0.0450392068365652,0.810306365551062,0.644132140682452,-1.87914382708682,-1.44054924021583,2.24385913330227,506.605357379426,473.899762767635,0
3.36,-0.86203643993435,-0.0092720240354538,-0.0642872495828678,1.59137561049185,3.17861407689556,-0.433828426477584,-0.747684806996639,3.55443061806979,0.045681121209326,-0.451316921833733,476.508284460493,473.899762767635,0
3.37,-0.971672981824146,1.19365310668945,-0.0365149407197043,1.86978615580867,1.79854952867826,0.259636423115381,0.937054241916999,-2.1813055365778,-1.40455930158097,2.9088580362958,444.453530939115,473.899762767635,0
3.38,-0.167075596882758,1.50235164165497,-0.0156290121132556,2.22539261948145,0.779778259748907,-0.0394066263727049,-0.16311235051733,1.09059049946553,2.09070294582829,-0.143776537168918,438.052801199757,473.899762767635,0
3.39,1.03948639764119,0.309429824352264,-0.00983222903915015,5.45205567568096,0.506779363908649,0.0814335746336834,-1.0363383697091,-0.129906754835882,-5.47401686601865,-3.07263406832894,472.784375280225,473.899762767635,0
3.4,1.21564450631409,-1.18382251262665,0.023492261930423,6.08245385683951,-1.13908488329641,-0.623564216829049,1.04379649338011,-4.18612316543275,4.55742604281885,0.557828216635864,512.679237272899,473.899762767635,0
3.41,0.11202055249977,-1.45539653301239,0.0144840907177175,5.13557585346437,-0.738377740418492,0.0988594029404838,-0.0546370892025172,5.04757241071095,-1.20056394784342,-1.94710560565849,517.350811678923,473.899762767635,0
3.42,-1.49977734028765,0.250091284513474,-0.00914578681071954,0.550049241103542,0.410745973326621,1.49637410401054,0.101391600753342,-0.578820138509265,0.369098455020787,1.64454912576082,468.297671561598,473.899762767635,0
3.43,0.944575773373074,-0.675293028354645,0.0044316747820099,4.61398432603037,-0.1934208914279,0.836921626351172,0.437955731473425,3.98751540708255,2.32937413920005,-1.08399628638179,498.271679603587,473.899762767635,0
3.44,-0.838867398076003,0.21391698718071,0.0143371826819262,2.04700077580068,-0.752627673589251,0.520831300943417,0.657752858085502,-0.71600713505614,-2.0600957195552,2.45476118688511,470.44604411869,473.899762767635,0
3.45,1.03819001835284,-0.838270664215088,0.00095562596112353,3.78566907265659,-0.0141591364164901,0.257055884710856,1.00586365853627,0.920233421960234,3.67214668251692,-0.249281790821023,502.470046135591,473.899762767635,0
3.46,-0.684127237282888,-0.095599427819252,-0.00987202831425443,1.2855372953205,0.458717026487791,-0.122791172934112,0.673089787164253,-0.201099373672701,-1.35003203293781,-2.94671873173561,478.689688533494,473.899762767635,0
3.47,0.944945929440059,-1.06739473342896,0.0168507859991489,4.09302429940143,-0.816015402412928,-0.582735760127544,0.744060341923086,-3.21412992078183,2.66234819375692,0.682233167565849,508.113034857625,473.899762767635,0
3.48,0.278079518612102,-1.48350489139557,-0.0102333818996802,4.4815350082285,0.503750888739712,0.271028253578283,-0.0630604990382174,4.19251509750144,-1.66154691330281,-1.83618392928822,517.63921997382,473.899762767635,0
3.49,-1.26712931719099,-0.0936854630708694,-0.0410101324436007,2.93323810099258,2.01102293295132,1.24508480876868,0.238877283184102,-3.30391917976161,1.31613716898128,1.79270252705994,477.130117210005,473.899762767635,0
3.5,1.00054546203889,-1.14146220684052,0.0576272821026001,6.26150558242356,-2.85773168209288,0.79534816819832,0.609781449859482,2.87555367583189,6.25334099365839,-0.859169798905219,509.98565736595,473.899762767635,0
3.51,0.302301702221139,-1.59647297859192,0.0150154009274978,4.32388838693025,-0.749368975845333,-0.0805267745755884,-0.29176569367776,-0.210822374200358,-4.38327714970504,2.9219282240855,520.064145050654,473.899762767635,0
3.52,0.109618620728504,-1.74416506290436,0.000499751144715815,3.62417287192935,-0.027784314672326,-0.0486664223044586,0.0982245951974882,-1.64860344295147,3.22761640559391,0.464568510572088,523.28390848513,473.899762767635,0
3.53,-1.32253790562561,-0.234826385974884,-0.0414543472993693,2.09923289125008,2.02729437478007,-1.07547809301808,0.770825431706027,0.614916735809099,-2.85281941625174,-2.16132695378432,479.83333361297,473.899762767635,0
3.54,0.875112043897541,-1.08140635490417,0.0137970482008478,3.93855791073827,-0.66042754055733,-0.868900570190088,0.104991652224962,-3.98595791433133,-0.246053770028091,1.46631127555104,507.019875113762,473.899762767635,0
3.55,0.630345245789374,-1.87990236282349,0.036134128067686,3.60294677797138,-1.79984836166069,0.554436840756216,0.302060579541166,2.10992646456341,3.43058157227051,-1.0146878121636,527.427745005587,473.899762767635,0
3.56,0.399396025387276,-2.42547035217285,0.0489214567005944,5.67281066060094,-2.43184647290764,-0.139698914552885,-0.377352232395155,1.05823153567169,-6.08069108537269,2.90891102560136,541.20928375679,473.899762767635,0
3.57,0.0743058424084739,-2.56136965751648,-0.0162048736351672,3.83307668554086,0.806391226042305,-0.0554959328513515,0.0520015151944919,-1.51024685721459,3.61412480649857,0.603172213542405,543.559268317621,473.899762767635,0
3.58,-1.80876552208634,-0.533769309520721,-0.0167068436879635,0.86690374765446,0.780454745447855,-1.68328208224144,0.662173137569917,0.53063927809103,-1.03877508342107,-1.93634834365023,484.782886497461,473.899762767635,0
3.59,-0.849137902179227,0.61625862121582,-0.0444335886081409,3.43736434165172,2.18822820188819,0.843829008099491,-0.104700170982508,-3.27306667732615,2.42710749794375,1.49962996896869,456.618203962989,473.899762767635,0
3.6,1.47037394466866,-0.945934355258942,0.0454146503397351,5.55303966717592,-2.22680269062222,1.40847388439855,0.424574309860131,4.55651727809273,3.87724774326249,-1.24713974288683,503.20094584499,473.899762767635,0
3.61,-0.963906019607079,0.0389128923416138,0.00611360141502751,2.35980369962189,-0.349418459175525,0.707006375653981,0.655205445293036,-1.50509530830894,-1.85079844209687,2.31184328615531,471.375655383701,473.899762767635,0
3.62,0.228165624271874,-0.122246786952019,-0.027200083443612,3.79891060284628,1.36172964257416,-0.0381785171749079,0.226587284429287,1.17682706238511,3.86019526100962,0.0482736953307699,478.492909717181,473.899762767635,0
3.63,-0.600924723835976,0.485952198505402,0.0170081410380682,5.61382417432493,-0.865638270272142,-0.216290544776423,0.560908371143838,2.68693232448501,-5.00447261545433,-2.80185045946961,460.566177109496,473.899762767635,0
3.64,0.429874969336245,0.0394247472286224,-0.00696988699260129,4.44822121960552,0.346233964935791,-0.259835202088838,0.342529905762957,-2.35133610283354,3.79180280454239,0.632755297572436,474.730381659415,473.899762767635,0
3.65,0.354461577782962,-0.401583671569824,-0.0191421474305328,4.06915648002153,0.966136733329695,0.311820967705642,-0.169638191548237,2.957585261181,-2.95704989292285,-2.12299115590363,486.218123552746,473.899762767635,0
3.66,1.08422896972093,-1.69811069965363,-0.0262236039912774,5.70535301366135,1.32938342986501,-1.08348201945154,-0.048029675343463,-5.73094158031814,1.21434011589624,1.59091463219853,522.41983062729,473.899762767635,0
3.67,-1.73826588781038,0.113530106842518,0.0340605782422447,2.96238628175234,-1.75980029152421,-1.52018007701395,-0.843671116706776,1.79423784104811,2.94165601627964,-1.08372901385271,467.80273952302,473.899762767635,0
3.68,-0.627005422130266,0.973235189914703,0.0354505774102563,2.98509413727892,-1.7891254864926,0.461853201603264,0.425539848884083,-1.16988840903677,-3.27766961807254,2.25881654866677,447.164819889371,473.899762767635,0
3.69,-0.790258608952751,1.92290139198303,0.00787384753092024,4.28141889779709,-0.428998538101111,-0.590067240941685,-0.525729319770493,2.94271524746585,3.13926973935643,-0.852958669556985,421.670037302526,473.899762767635,0
3.7,1.78227035199044,-0.0351185277104378,0.0465494260615601,7.35489705772667,-2.28788088394057,-1.14264870324004,-1.36857897018573,-2.7708323142942,-7.18689070147308,2.47203308852113,479.746180519508,473.899762767635,0
3.71,0.627591510076553,-0.87895005941391,-0.00228349351428708,3.74802624600821,0.13578234909354,0.12941462728614,0.61410762257701,0.918969624785775,3.63615626944344,-0.211335557475968,499.589846016316,473.899762767635,0
3.72,-1.2570580611764,0.488443911075592,0.00138189491200685,3.80048253133728,-0.119205787373904,-0.179673696225693,1.24415201711315,0.657075030880725,-3.74514751305424,-2.99926894867891,458.969464427048,473.899762767635,0
3.73,0.644488379622425,-0.102043613791466,0.0469904366585505,3.64952666442218,-2.33715693148195,-0.235364638137,0.601811315713106,-3.68185388513479,2.28589137213921,0.44558750152731,478.878420789723,473.899762767635,0
3.74,1.04755184908342,-1.36575782299042,0.0266390577071737,5.5115227803388,-1.31185995508634,0.841743165353323,-0.624133767308409,5.26359904360126,-2.09580175783698,-2.18339645724684,513.618978310789,473.899762767635,0
3.75,-1.70430117012601,0.406446486711502,0.00241673720064525,4.11460074191509,-0.178069021099603,1.66881428914405,-0.345987264881519,-4.0641308056233,0.666699809829967,1.36494930311847,460.218410578804,473.899762767635,0
3.76,0.171140258753745,0.351127147674561,0.0117857020825718,4.47724299853263,-0.583938867367656,0.171506945000691,-0.00364125753112459,4.44444297564111,0.796000065958838,-1.52326690772008,465.666326685486,473.899762767635,0
3.77,-0.171126822624639,0.521561563014984,0.0378502486421918,4.31285415794918,-1.91482754903223,0.152492423719542,0.086389185966881,-3.56131270701464,-3.09585647812174,1.86855234999274,460.439172912397,473.899762767635,0
3.78,-0.400732593972259,0.987231731414795,0.016958101454428,4.17712570022921,-0.869206638732941,-0.347802519127855,-0.199768858346321,3.30621326471205,2.69682278701713,-1.09172485533154,447.720801748764,473.899762767635,0
3.79,0.982451684363499,-0.0574332699179649,0.0201439950767318,4.03551828918833,-0.978451584176822,-0.735290456324441,-0.651893424943466,-2.30015443242954,-3.45717586360983,2.3166480290392,478.557404914288,473.899762767635,0
3.8,-1.16352424668369,1.16896331310272,-0.0554618281175073,3.10438734405517,2.72899380386444,-0.714041146897103,-0.920331422660807,4.01737657227529,0.972272307532249,-0.612211209383181,441.079522741339,473.899762767635,0
3.81,1.67922481393597,-0.598136782646179,-0.00680116337694447,6.26286059078631,0.381696553456833,-0.498457956202962,-1.60355289824176,-2.24727865482582,-5.85822956925634,2.83616521001593,494.627099654307,473.899762767635,0
3.82,0.858744421256441,-1.74947154521942,0.0453825773157612,6.27102683807488,-2.24123777495879,-0.209533135922063,0.834024834350601,-3.9886777008961,5.33285801106047,0.298935667563406,523.501671952236,473.899762767635,0
3.83,-0.248171485394611,-1.54445946216583,-0.00738849088184537,3.36799943564437,0.352128887704523,-0.199189722103443,0.148213125494444,2.55898678383866,-2.21788223136304,-2.18073505256238,515.209095126516,473.899762767635,0
3.84,-0.0456940956261594,-1.51165997982025,-0.0306874084283134,5.33482056733544,1.53681607344797,0.0463674942030141,-0.0296601229342055,-5.36778558762932,1.41738915422415,1.59311275346864,514.522109719974,473.899762767635,0
3.85,-0.598235203075988,-0.827370285987854,-0.0387996248229523,3.67684154640329,1.91226553500885,-0.524439548995944,-0.290437477841102,4.12725875218573,0.37637537943696,-1.00027006719099,494.91773777515,473.899762767635,0
3.86,0.689327195864736,-1.55325734615326,0.0231042536909238,4.40519461095556,-1.13200560538317,-0.304785233386834,-0.618717828259933,-0.781521012287612,-4.48066972207992,2.71738083132725,516.791375345537,473.899762767635,0
3.87,-1.30861892055301,-0.132335662841797,0.013603976387625,3.64888694437322,-0.732717313924598,0.0766712589521547,-1.30644175739049,-0.907763199749456,3.60932356101845,0.0482245480162476,474.401746877328,473.899762767635,0
3.88,-0.816310657378979,0.927320003509521,0.0144779577670744,2.46669122115001,-0.749969951858818,-0.233259624537484,0.782408236263038,1.38510953733769,-2.17450961799801,-2.86958601928143,447.360259124161,473.899762767635,0
3.89,1.36414309601202,-0.553271234035492,0.00721117552064901,6.3153076263981,-0.32312178588103,-0.754854066570903,1.13628065442963,-3.79050601630053,5.06157902683959,0.591662472280388,491.853283054705,473.899762767635,0
3.9,-1.0252223686182,0.499820590019226,-0.0323328536981667,2.23849626029343,1.57737488290055,-0.795472366370215,0.647572415166637,0.822891167369779,-2.61186277495929,-2.2225325762378,458.281009942295,473.899762767635,0
3.91,0.704562104153354,-0.179808273911476,0.0338766655341264,4.06866444855328,-1.67495837159729,-0.651541784118848,0.270275212744233,-4.39542060942902,-0.199483351966516,1.22562113049895,480.129260177414,473.899762767635,0
3.92,-1.45858917157029,1.43010199069977,-0.0013649095181909,1.82198704700425,0.0180597004859674,-1.43874378934966,0.239792708412648,1.79452369175071,-0.315670194947648,-1.73501063519684,432.362579562738,473.899762767635,0
3.93,-0.0658446715108153,1.67938208580017,-0.00910533731599492,2.64931010640888,0.440310688512277,0.0644339646846608,0.0163307112221456,-2.62036561531667,-0.588558904787365,1.95643189668595,429.295387043864,473.899762767635,0
3.94,1.95710401786741,-0.487000167369843,0.0283316474610725,5.8837159975246,-1.36262745258421,1.5833535429479,1.150673879531,3.89209023399446,4.61806248598999,-0.927878416214499,491.436255144281,473.899762767635,0
3.95,-0.723546783302671,0.164649620652199,-0.0263654706645109,2.54912552322715,1.29100475267816,0.407380777624593,0.598544891961317,-2.44960304075552,-1.47111493341852,2.58041621507657,468.162172817795,473.899762767635,0
3.96,0.89222198166438,-0.818930268287659,0.0348542943400806,6.4325606259167,-1.72830082014847,0.166657070191661,0.877211666220982,-0.756209464043846,6.61762851613101,-0.148702735860004,498.07696020231,473.899762767635,0
3.97,-0.384573171510994,-0.471443355083466,-0.0162227945138335,3.59717642400651,0.802345807295402,-0.102198606285033,0.371099916708775,0.33651974355254,-3.67017594702381,-2.83070149131413,485.879887890565,473.899762767635,0
3.98,1.02991302031418,-1.69296741485596,-0.00194855963948026,7.3476073503001,0.115059949953186,-0.793553618838326,0.656503831158611,-5.57897933282077,4.78284038728306,0.877739627335139,521.430326678898,473.899762767635,0
3.99,0.102649652628544,-1.93659675121307,0.00392047094610367,5.12995700262767,-0.190713089875404,0.102668869470739,-0.00338001757398634,5.12888190490731,0.217717103078386,-1.56553180298711,525.540772875694,473.899762767635,0
4,-1.83440810522589,0.122799009084702,-0.0137346143176824,3.85292275336691,0.620322003918133,1.64035196761053,0.821271671558903,-3.71408476078359,-1.19807659257354,2.04246523876304,466.10379256691,473.899762767635,0
4.01,0.891037904002495,-0.700182974338531,0.0472629574525209,5.18232675571224,-2.34112428236016,0.61824711464981,0.643391668226675,1.61611039072661,5.45211525129585,-0.71247780058459,493.988073297848,473.899762767635,0
4.02,-1.14686878540513,0.46628201007843,0.00575290203158714,4.95123636862133,-0.328488055078038,0.419256509276006,1.06750413874988,-1.52793007704907,-4.72102485271326,2.76234037862422,458.331465343509,473.899762767635,0
4.03,0.798696182284999,-0.331495761871338,0.0203924225467235,4.68494638241009,-1.00904113634543,0.0658885438982442,0.796234979310081,-0.740337303297186,4.73484818111852,-0.0570354237070544,483.986619890025,473.899762767635,0
4.04,-0.407871142762609,0.0662036389112473,-0.00809639111339611,3.09877829313797,0.39405546308961,-0.11077625306512,0.392623283064556,0.523422861269864,-3.07956736024947,-2.84674928935469,470.747492502895,473.899762767635,0
4.05,1.21179318166213,-1.31605982780457,0.00333459241617079,6.05326528578025,-0.146479441527227,-0.841887664697574,0.871595660073788,-4.32250296284891,4.2402175631664,0.770813897720926,511.223058807364,473.899762767635,0
4.06,-0.190868344697841,-1.25541615486145,0.0155137410583429,5.01908571975809,-0.783896894034072,-0.189804658970278,0.0254085143700974,5.07101991485895,-0.300787010789739,-1.78497334416394,506.156206096039,473.899762767635,0
4.07,0.0743356264559076,-1.33521938323975,0.0112266512506631,4.06944066270707,-0.577001116238812,-0.0734529968416485,-0.0160150027748053,-3.59626746155899,-1.99000953273261,1.93536113053951,508.612926998804,473.899762767635,0
4.08,-1.63178475283061,0.494655668735504,-0.0258579902009423,2.46944808800045,1.24233878559278,-1.22552135425439,-1.07772330655608,2.66341528189434,0.74013414573905,-0.833634677798588,456.206196527082,473.899762767635,0
4.09,-0.912726878082694,1.63624894618988,0.027526411702556,4.39657552892055,-1.40052259742134,0.603059940060253,0.685672491799346,-1.97851520576905,-4.16855100819595,2.39006133209375,427.426685561773,473.899762767635,0
4.1,1.92801083317933,-0.451987028121948,0.0451268232572898,5.29888253132507,-2.21800015009392,0.97340896856042,1.66485350195153,0.626373770265094,5.71010828675976,-0.50567808663891,489.691104973909,473.899762767635,0
4.11,-0.155068298190651,-0.499879568815231,-0.0243103315785392,5.05871037825306,1.20631683053149,0.0352428119247073,0.152954612656313,-1.56192145346486,-4.960458886018,3.07063758606326,486.068401940509,473.899762767635,0
4.12,-1.59649662943921,1.3313512802124,-0.0152056187197058,1.19187854031326,0.720274355851586,0.199738029436287,-1.58402569999615,0.553360118299438,1.27795233949952,0.134957272919678,433.999636161366,473.899762767635,0
4.13,-0.0146034744515705,1.52196145057678,0.00323519083287928,2.87829792282468,-0.177807166373858,-0.00563423615961166,0.0138558041513491,0.657140469215611,-2.80791394538185,-2.97339535834394,432.709537543512,473.899762767635,0
4.14,1.80877317256548,-0.515009343624115,0.0266384989099319,6.36188703214567,-1.28784641633985,-0.738518978139295,1.65135087681112,-3.85026967745764,5.22566535598223,0.435266920763719,491.033735350629,473.899762767635,0
4.15,0.13980542380463,-0.847263693809509,-0.0372172310987427,4.74820348131283,1.86888986054162,0.133517071617108,-0.0557123900280828,2.62501517421955,-4.37578346652387,-2.22627316118315,496.227380266957,473.899762767635,0
4.16,0.865379497591104,-1.85176491737366,0.0225413474185525,3.74529449163877,-1.11273901551861,-0.86362204036092,0.0595546689799919,-3.78948305986737,-0.951439480332458,1.52798818785408,524.300888828713,473.899762767635,0
4.17,-0.716487820411092,-1.13735854625702,0.0118223717835878,3.45946628759978,-0.61114925205612,-0.598359516147521,-0.394284738111598,2.59191146067123,2.37137204659439,-1.00465899753558,501.555865444243,473.899762767635,0
4.18,-0.566022519059303,-0.396599948406219,-0.0163529608782991,2.4246002407888,0.787286052181956,0.310415388477128,0.473593916777147,-1.94065766651831,-1.6529832052919,2.59028123562631,481.984145226717,473.899762767635,0
4.19,-0.124931750942264,-0.18419674038887,0.000556739618870768,2.59076795502824,-0.0329250702886273,-0.0217354073168955,-0.123027738422161,0.429700401269928,2.55509691053063,-0.179322665014877,477.301963200193,473.899762767635,0
4.2,-1.11290649732871,1.07044661045074,-0.0359473113265298,3.67194402788171,1.76210373455275,0.00295369495351677,1.11348298445652,-1.65252228598886,-3.72254652214463,-3.11195614866723,441.601781283018,473.899762767635,0
4.21,1.02821200529669,-0.0243929140269756,0.00598031823545564,6.4748411769478,-0.282763314783673,-0.262840853157741,0.99406759224599,-1.96445263698727,6.1761192666528,0.264310003667235,475.803240751469,473.899762767635,0
4.22,-0.0714338093970449,-0.064899779856205,0.0322371246952702,5.13233694307384,-1.61583425191607,-0.0671609859103701,0.0403908814602853,4.24949811164167,-3.30054065662879,-2.53617088745113,474.497090121147,473.899762767635,0
4.23,0.121994538303514,-0.209484130144119,0.022988757156062,4.28236975053924,-1.16364419812323,-0.119908331458086,0.0321425322338738,-4.35806358353808,-0.836684111238286,1.49515100946459,478.728505988351,473.899762767635,0
4.24,1.20728054345151,-1.58880341053009,0.0495567853979968,4.95303584365514,-2.44813628232845,1.10783803844572,0.482366112147488,3.38775599280102,4.3645211259228,-1.11911443095973,517.600808405531,473.899762767635,0
4.25,-0.0253360791454393,-1.66218769550323,0.0372238827860572,3.86534909033702,-1.88015422208331,-0.0217234436526017,0.039441429385943,-0.0731692930493435,-4.29773774718067,2.67185056120345,516.627381368754,473.899762767635,0
4.26,0.0315663077232897,-1.74738729000092,0.0116574411780687,5.9109568248198,-0.588456922598467,0.00565120666885724,0.0331721506883021,-1.66585350709229,5.70180885575324,0.185024176133066,518.854156927814,473.899762767635,0
4.27,-0.66554351033974,-1.01316833496094,0.00373854241936455,3.82792770309108,-0.21621338867508,-0.460232731663241,0.480778507798088,2.7884740781623,-2.6313857651343,-2.38364196012154,497.327418177881,473.899762767635,0
4.28,0.658840922711588,-1.71572613716125,0.0190022274360808,5.23171539693917,-0.938523638692409,-0.638696394164745,0.162786246863616,-5.3102661475345,0.229665098140496,1.35007082944209,518.835731556503,473.899762767635,0
4.29,-1.37089424564955,-0.291875779628754,-0.00879728399637381,4.26125505475657,0.402382895839491,-1.32482539302041,-0.352513975565636,4.21681525762924,0.733945311026547,-1.30432150820063,476.25205720623,473.899762767635,0
4.3,0.52446634461069,-0.738030076026917,0.0166149470776138,3.08631707674161,-0.829620024978819,-0.418026184876767,-0.317167324693238,-1.8762846739639,-2.58711776042006,2.25152783745043,492.198676397548,473.899762767635,0
4.31,-1.43608049306998,0.79035484790802,-0.0408526932028375,3.83313741541102,2.00391848859396,-0.852442443080798,-1.1564333125401,3.83193548202561,2.00621589464988,-0.606774035704256,447.432869007519,473.899762767635,0
4.32,1.54555224224839,-0.81074446439743,0.0286495746141221,5.19741253753335,-1.40386274575812,-0.437852718304612,-1.48251054927708,-0.0260241979445996,-5.38360942448073,2.87294622215187,496.789921862087,473.899762767635,0
4.33,0.468053556967108,-1.50486576557159,0.0181531938709473,4.31695447781843,-0.900807594016755,-0.119593147266352,0.452880944359781,-2.12451939990161,3.86444919806647,0.296943371169391,512.388784128153,473.899762767635,0
4.34,-1.23574721286037,-0.156905025243759,-0.0274913926399159,2.3553354361474,1.34212003131218,-0.819848427834182,0.925027300212957,0.616705638940335,-2.63980403631032,-2.39415725119008,472.516512804498,473.899762767635,0
4.35,-0.806672472419608,0.889517962932587,-0.0216648772458252,3.77319650179162,1.0481320972354,0.647444637154555,-0.481669270854439,-2.48387544425594,3.02753290846028,0.958026296731099,445.741665530678,473.899762767635,0
4.36,1.22270953348469,-0.413328409194946,-0.0117987602005105,5.56261490011182,0.623190473508352,1.16144079449334,-0.382378209242224,5.06601684870867,-2.38044621485501,-1.89849644397781,484.915634152235,473.899762767635,0
4.37,0.891305662241267,-1.5687530040741,0.0295848270170493,6.21250756655667,-1.47004033669129,-0.877698984970468,-0.157941562974353,-5.76622907700868,-2.73986698353823,1.78202092791603,515.144614461353,473.899762767635,0
4.38,-1.27081259969743,-0.21428057551384,-0.0365615485384164,2.34238110740503,1.78574608934288,-1.01228547670232,-0.769142070126716,2.94435865206072,0.0799404526296501,-0.89228564803814,474.029968410047,473.899762767635,0
4.39,-1.08407421450308,1.10193240642548,0.031479908568659,3.51637983345019,-1.60310417895987,0.677348874200519,0.846998459156364,-1.05255355786243,-3.71846758080865,2.43800127587884,439.388094404749,473.899762767635,0
4.4,0.816195929619565,0.287751078605652,0.0129895823492326,3.74458765087791,-0.643245365611277,0.415080881134264,0.702888602051532,1.2935277839222,3.57246233677964,-0.517518022258316,465.455013973632,473.899762767635,0
4.41,-0.641959069007458,0.977446138858795,0.00497378234073326,1.93750772267955,-0.275241596595682,0.206283232389484,0.607933724041233,-0.376812281358416,-1.92034023458264,2.80671738446508,443.889954749972,473.899762767635,0
4.42,-0.362014709797067,1.45683908462524,0.0243022666853192,3.46043132590301,-1.22640923050646,-0.0738613136369131,-0.355231975789523,-0.251525039284815,3.66270388054714,-0.272033249282431,431.99163556224,473.899762767635,0
4.43,-0.138951385128144,1.65573740005493,0.0291897904553028,3.50267036758909,-1.46337503079348,0.00843230896716266,0.141733649714302,0.489320372152358,-3.76440324063897,2.87510752970228,427.414574232346,473.899762767635,0
4.44,1.32006166217128,0.164387390017509,0.0038570694918621,5.38547938056842,-0.170144160392049,0.132082692034725,1.31344274004782,0.353859482000048,5.37653426110555,-0.097303377972783,470.637338063282,473.899762767635,0
4.45,1.01713632750371,-1.11351609230042,0.0148632987032815,5.08738196318994,-0.713776345714641,0.333560966664175,-0.961001721067213,2.4090498434984,-4.53733520501103,-2.79289437410368,503.832922359287,473.899762767635,0
4.46,-1.16661002482904,0.0888104438781738,-0.00142083673372223,3.89131232821625,0.0219650857573194,0.793194014152103,-0.855467255201455,-2.6331388818991,2.86520046931298,0.748862025434221,466.78993265282,473.899762767635,0
4.47,-0.831559419196006,1.18003821372986,-0.00488328112625835,2.3505571733263,0.211379133816257,-0.655210147053603,0.512068918492573,1.73132575750391,-1.6038426620751,-2.22830319979541,438.769520167777,473.899762767635,0
4.48,-0.337926202217017,1.63388764858246,-0.00701326486428841,3.86182892597954,0.339549893783816,0.269437341211938,-0.20407553304969,-2.92684021072025,2.54216898824841,0.943318167812921,428.073608948729,473.899762767635,0
4.49,1.28079052485287,0.181663677096367,0.0367305864631743,6.9156671049369,-1.79988228028547,1.1340311193648,-0.596445240442956,7.00231075410671,-1.42606866318332,-2.026318655664,470.673933444839,473.899762767635,0
4.5,-0.38207606142558,0.540607511997223,-0.0347904664966226,1.75661144375169,1.71670428463121,0.36738688046371,-0.11054127435795,-1.37756671012355,2.03348649475474,1.36933359786968,457.242918222691,473.899762767635,0
4.51,1.24070442382888,-0.79393196105957,0.040208020289295,4.29147920108768,-1.97593187408882,1.2299270435203,0.168058382181803,3.90014032667736,2.66645943840018,-1.40260031111324,496.271757316368,473.899762767635,0
4.52,-0.505668377520505,-0.360541641712189,-0.041955943869406,4.98010409420166,2.06837432348237,0.440660485150672,0.251553465642926,-5.27649085410347,-1.11276834861875,2.17229198134595,480.905515451765,473.899762767635,0
4.53,0.437466153782306,-0.775677084922791,0.0446462642275871,2.56736012224176,-2.22842343558141,0.0432119770917938,0.437610157160894,-2.23682746381603,2.56004138690061,0.00327808177063887,493.866116561689,473.899762767635,0
4.54,-0.51346903022918,-0.236360222101212,0.0151758043794756,3.73046907914924,-0.77223040550176,-0.220437514898544,0.463991435339504,2.20758584022385,-3.10472287132251,-2.72761803865459,477.406169617545,473.899762767635,0
4.55,-0.792188795321397,0.774907529354095,-0.00451147890496198,1.43022877212021,0.189559062023636,0.48028236931585,-0.630009751193607,-0.723465145224219,1.24823281572048,0.657047674938516,449.824965109603,473.899762767635,0
4.56,1.16666749436083,-0.457661896944046,0.0222363269190906,5.65980686624003,-1.08173223678488,0.945571505266678,-0.683741197428332,5.26577453922556,-2.33990959168966,-2.17779953319805,487.041114071127,473.899762767635,0
4.57,-1.38256289733312,0.994911372661591,-0.00325490639236925,2.2002330096773,0.126988301457093,1.29259845591949,-0.490591470831189,-2.01410774435393,0.894718570118069,1.21040649776619,442.710171748902,473.899762767635,0
4.58,1.46899051794676,-0.525600969791412,0.0361878344269262,4.94784281355045,-1.78153922817311,1.46332236561225,-0.133904277291554,5.05547031881335,1.44818865646699,-1.63741970552581,489.704621909727,473.899762767635,0
4.59,-0.233130614054573,-0.411399751901627,-0.0122464543573138,4.3644788635803,0.605771249106309,0.222889375696922,0.0694275525654216,-4.30342401860288,-0.9466658718866,1.92524193308217,482.926921976838,473.899762767635,0
4.6,0.459333744778402,-0.94176185131073,-0.0293907143052195,4.92392237191038,1.46754517817686,0.292722670784897,0.355196764045054,4.4383532097025,2.58838195800256,-0.753171130051002,498.478137327278,473.899762767635,0
4.61,-1.81318138389048,1.05206859111786,0.0242985119326082,2.09140191521359,-1.27197133029449,0.809623623851493,1.62256794503981,0.171675785207301,-2.44180270718657,2.66536377175565,440.487635110311,473.899762767635,0
4.62,1.07608629655209,0.0311499610543251,0.0103937271937686,4.93294648550083,-0.487629834513857,0.280422873989226,1.03895753471246,0.767395593299388,4.89722859255189,-0.253967492364744,473.963511916499,473.899762767635,0
4.63,1.28843762224001,-1.58887946605682,0.0237733596274926,6.06488429493269,-1.16510563914317,0.309059116867761,-1.25104721785886,2.68867110153896,-5.55979679206298,-2.88095228204443,517.537110467787,473.899762767635,0
4.64,0.243153037967197,-1.97332143783569,0.0306543207287341,3.35766327340879,-1.52470328508595,-0.179056865609876,0.167337163027176,-3.6141871039307,0.732307546684533,0.944627169059402,525.067909634418,473.899762767635,0
4.65,0.176169161121983,-2.18214678764343,0.00957311573558224,2.76628733397968,-0.488379392789613,0.176223399253669,0.00851653866262152,2.70173745635088,0.769073964185919,-1.46821873695885,530.139212074864,473.899762767635,0
4.66,-1.99586324735589,0.0374952852725983,-0.0335859301804609,0.95021683375905,1.62458776462625,1.68212198772454,1.07473891493038,-1.68961198108614,0.829101193765001,2.15616810968251,466.189327751611,473.899762767635,0
4.67,-0.609918084379531,0.86589115858078,0.0394948255255894,5.22326396064473,-2.00838492700996,-0.405517923640691,-0.457291071969086,2.2974271515975,5.10273700093523,-0.790128716867996,447.070720106581,473.899762767635,0
4.68,0.358190582374997,0.495270043611526,-0.011015225511524,5.13747122860952,0.549582412500172,-0.194564715778814,-0.300942519211093,-3.37272496464472,-3.91412541518311,2.53692649908485,459.273512279028,473.899762767635,0
4.69,-0.398597654561269,0.948422610759735,-0.0289366828976831,2.2349544384415,1.435866594721,-0.194491370582079,-0.34912824092011,2.24510190084757,1.41994777177039,-0.435791403375025,445.680220571085,473.899762767635,0
4.7,1.689962448464,-0.966893255710602,0.0107221146740498,7.59208894976149,-0.501978385005947,-0.14743611173457,-1.68355297924304,-0.114007882026715,-7.60781171710627,3.06058562666896,501.768558763233,473.899762767635,0
4.71,-0.440429632397764,-0.607098519802094,0.00994980627492695,1.85188266276924,-0.518714631225069,0.179039591431111,-0.402519669630093,-1.19279718388674,1.50856525991556,0.395931501463038,486.901845349595,473.899762767635,0
4.72,0.422041910543222,-1.09569752216339,-0.0164676079319806,6.44910498593731,0.839194478970361,0.337125415635015,-0.254434688081034,4.46094676193903,-4.73235210865817,-2.25630936232814,501.844725626533,473.899762767635,0
4.73,-1.36377386751969,0.393767982721329,0.00568108693850577,4.16341110151109,-0.335646018551555,1.29286364572991,-0.434068001617694,-4.04949805074349,1.02382409962843,1.24271428895818,458.130953273542,473.899762767635,0
4.74,1.18280607082226,-0.829622745513916,0.0239251006439325,6.41572518384083,-1.16242984690029,1.18274653242459,0.0267067716582461,6.36011138197061,1.43588160809376,-1.52799521345631,496.17381032663,473.899762767635,0
4.75,0.060114688965594,-0.982943594455719,-0.0108038568844911,2.98485448655198,0.525256570534919,-0.045796386163969,-0.0404127475845345,-2.8245044012318,-1.09882922158167,2.11600445624949,497.637824916431,473.899762767635,0
4.76,-0.423111088394071,-0.498291432857513,-0.029357212162494,3.02921375097092,1.45124438519194,-0.255421840599129,-0.338591970331433,2.8687920712212,1.74707706376129,-0.577015539788969,483.665056528215,473.899762767635,0
4.77,-0.181670473398247,-0.231400907039642,0.00590609513641085,2.45228627693205,-0.299235242357478,0.0305680428176654,0.179177670547423,-0.197552504576082,-2.46256425748318,2.94011911729718,476.888655423986,473.899762767635,0
4.78,0.235597068937477,-0.445316016674042,0.0229325079814117,2.49389813225271,-1.15398507650712,-0.0196050747300704,0.235897265476046,-1.58171039271437,2.24708737801495,0.179950127826968,483.46652825558,473.899762767635,0
4.79,-1.08222893089107,0.755382299423218,-0.0320148209348066,2.47037045158289,1.57120151502685,-0.431942233284648,0.992809304308836,-0.369483660789456,-2.90428755347781,-2.7016493783045,448.794349355588,473.899762767635,0
4.8,0.899343089149835,-0.17945072054863,0.00617078059422928,5.20090981949188,-0.295534218351561,-0.580535979001302,0.686901774360578,-3.60874604166363,3.75682784160797,0.708533767241139,478.233947068221,473.899762767635,0
4.81,-1.00633296353092,0.911994218826294,-0.0476308841212306,1.70728287811107,2.34461017158758,-0.78239598722589,0.634689887885352,-0.0140953766092333,-2.90031256987267,-2.20504139496002,444.839008481721,473.899762767635,0
4.82,0.538501850995891,0.431904554367065,-0.00529910348332374,2.96176881434239,0.27869088568682,-0.487380006628141,0.229069974380933,-2.54692065479072,1.53718518649394,1.12159299717536,461.081795063861,473.899762767635,0
4.83,0.977909041853558,-0.721945405006409,0.00700795710607738,4.29974036464204,-0.338208914924299,0.974383670433201,-0.0832566417462726,4.31302088188635,0.00182917430711504,-1.64886858561542,493.062577740071,473.899762767635,0
4.84,-1.015220839424,0.320331811904907,0.00651063534337759,3.57042617465589,-0.363668753548039,0.703194378221717,0.732279596609602,-2.22878651996023,-2.81295372863092,2.37004053479888,460.782696696172,473.899762767635,0
4.85,0.0255810142983831,0.399797052145004,-0.00892630046768246,2.65415556757592,0.448159627514134,0.00537156598324285,0.0265558545609268,1.73937964431791,2.05425102690989,-0.535313718668969,460.894051933218,473.899762767635,0
4.86,-0.981003401812001,1.49553537368774,0.0139951311547998,4.37060572473104,-0.741134004004352,0.39495275404823,0.898095685399099,-1.1422173586373,-4.28331805013017,2.71301591710728,429.57175286257,473.899762767635,0
4.87,0.841994668123703,0.644685566425323,0.0209407527660875,4.27897757469707,-1.03717355536874,0.278406995099516,0.794910737979311,0.326475974157985,4.39076206449567,-0.312020479346798,456.531823464396,473.899762767635,0
4.88,1.51695526317832,-1.16861641407013,0.0602575753157329,7.06678426020611,-2.96826915439839,0.0887224730689077,-1.51555685100886,3.64665223078615,-6.74180903474373,-3.04341638220874,506.335070593764,473.899762767635,0
4.89,-0.156910118371042,-1.1162543296814,-0.0346727147872671,3.07865977225256,1.71371896334061,0.0669946865807882,-0.146064007776986,-0.490229099299726,3.48921969913033,0.647514755624202,501.077934034009,473.899762767635,0
4.9,-1.12163367019803,0.176932990550995,0.0151005821137617,1.97446144232945,-0.791192868986379,-0.968940695909506,0.565193812344474,2.09977948976991,-0.339720822915239,-2.1123163589829,464.587846916673,473.899762767635,0
4.91,0.0804584548944721,0.165905565023422,-0.0188750540174264,4.81916380552605,0.948151804306227,-0.0825904051350144,0.0029420414342337,-4.40035550162358,2.18178896500843,1.30476233350383,467.479988696326,473.899762767635,0
4.92,-0.323501035702463,0.535493314266205,0.00178270476945186,3.49698338729479,-0.112294164594068,-0.323443144790953,0.0063741842301169,3.49870296715009,0.0240902069891268,-1.59601166083103,456.761578251492,473.899762767635,0
4.93,-0.17618689399371,0.773740410804749,-0.00133485858482957,3.34414878630152,0.0580380091374527,0.174227483579984,0.0262371383344047,-3.31207232409048,-0.465699941400477,1.72784071859167,450.875716902687,473.899762767635,0
4.94,0.626814458172516,0.0833171382546425,0.00478101212425047,4.37367288978373,-0.21988769506156,0.578060180369327,0.242416276108717,3.93376661193243,1.92427788744617,-1.16608375360626,471.186937151889,473.899762767635,0
4.95,0.648683489541681,-0.73367965221405,0.0372636988020579,4.63117364580675,-1.85877238819417,-0.475283322477401,-0.443040197078353,-1.85763483158729,-4.63163005444106,2.37848010391329,492.912001985557,473.899762767635,0
4.96,-0.747958901737681,0.0693842694163322,-0.0106935398399883,1.96684864418404,0.513702682870475,-0.295515851650443,-0.687187930559219,1.22587551448719,1.62160823212565,-0.391832824233147,468.408281993389,473.899762767635,0
4.97,-0.873173430153649,1.15393674373627,-0.00653574595886097,2.20552337728581,0.289794580312006,0.198867768715503,0.850250648731094,-0.768877011534495,-2.08737692036349,2.91931482160993,439.096484617968,473.899762767635,0
4.98,0.80284457834482,0.32864773273468,-0.0239335105592835,4.64093591299083,1.20779010225174,0.00763977894864309,0.803164904414392,1.38926300274192,4.58987923466378,-0.0393138685099018,465.139389593477,473.899762767635,0
4.99,0.335492657659639,-0.122407630085945,0.0138152266341211,4.15637734663516,-0.682100125457006,0.0776471429812005,-0.326675840884105,1.7832677920502,-3.81584711572762,-2.86707860176322,476.173347317155,473.899762767635,0
5,0.423091596547654,-0.669378578662872,0.0185062421283237,5.37860547564944,-0.930801844617637,-0.253524706835892,0.339225888001977,-4.1256012955124,3.5742415820837,0.685523615545381,491.004145099424,473.899762767635,0
5.01,-0.780855646147555,0.199774473905563,-0.0204122055258108,1.98399167407577,0.991932890464251,-0.661882613008487,0.414805502436988,1.20347968471362,-1.86327412649571,-2.10448629374742,465.103791803915,473.899762767635,0
5.02,0.141703284091469,0.0621633529663086,-0.042209669756067,6.12618735658185,2.11798937006877,-0.147692630901503,-0.00695440296618959,-5.43851322103436,3.52684341079982,1.32834372879411,470.848889475478,473.899762767635,0
5.03,-0.823363523905254,1.02933168411255,0.0114967639838822,2.33836288241357,-0.613257582728386,-0.822949410008379,0.0285295749466927,2.36540236335828,0.498896273830961,-1.61941218137545,442.844935533946,473.899762767635,0
5.04,1.72136808560373,-0.80923980474472,-0.00302410198444036,6.1241429492493,0.197193611588066,-1.65537585822427,-0.472067791038684,-5.94603856012266,-1.47940448317067,1.84683828479861,497.485496003499,473.899762767635,0
5.05,-1.37875251581616,0.551488697528839,-0.000136633241608175,3.41690139496085,-0.0299066576265642,-1.13318972782419,-0.785391341492749,2.79110264414909,1.97125736038696,-0.96463055052835,454.442500977881,473.899762767635,0
5.06,-0.0636863328420517,0.76653391122818,0.00356101726970959,3.31645246319846,-0.195369412608995,0.0425787209836751,0.0474940244057935,-2.21026570910357,-2.48027249373919,2.3548540186851,451.753871377674,473.899762767635,0
5.07,-0.0428256368462455,0.854690492153168,-0.00736214931514869,2.43174888239341,0.360857020566948,-0.0310490379730897,-0.0304005535273732,1.71669256978407,1.75971220293611,-0.625705097395272,449.626456618667,473.899762767635,0
5.08,0.586184602784551,0.210684508085251,0.0476874734426569,3.68162658503691,-2.36829346531426,-0.268968320542085,-0.523012931207055,0.774280766369321,-4.30855863884099,2.74777020676101,468.291013111923,473.899762767635,0
5.09,1.13733573299452,-1.1883704662323,-0.00894320972995905,6.12224136060324,0.467147202604948,-0.0742413156635558,1.13494527515427,0.114799264224534,6.13896464522448,0.0574578057174764,506.818664934321,473.899762767635,0
5.1,-1.25937772684342,0.119438871741295,0.0219539972927132,1.64860466875217,-1.13559146098611,-0.587138394541709,1.11435306008527,1.75668827877343,-0.959953963123274,-2.67409799909002,466.622769424468,473.899762767635,0
5.11,1.44820373581344,-1.42011868953705,0.0273581097860958,6.34262479672105,-1.34188101690385,-1.1512225593654,0.879050138162343,-5.90693439893155,2.6716399424748,0.937549546453687,513.70665888768,473.899762767635,0
5.12,-2.12310938275921,0.771521985530853,-0.00643930504682871,2.24041564160725,0.257259895046417,-2.04141813144929,0.583306890410001,2.08612867262358,-0.856569939943901,-1.84608321915688,447.33320436215,473.899762767635,0
5.13,0.792496343571795,0.0450061783194542,0.00286260901639646,6.0850516025084,-0.11894183198087,-0.791922506720723,0.0302884871561898,-6.08552267304439,0.0917276427675465,1.53618030408305,473.009578974761,473.899762767635,0
5.14,0.22692877855915,-0.291826248168945,-0.00734213982681799,4.122459245292,0.357991270738615,0.2128371314023,0.0790628424231264,4.0225872324445,0.970371030272979,-1.24746617108548,480.661974055532,473.899762767635,0
5.15,0.645631223318113,-1.04777455329895,-0.0043647056242353,4.59068615101659,0.235814796143189,-0.151469173600798,-0.627627131844315,-1.33597713351567,-4.39831479704885,2.89802432336678,501.568574731672,473.899762767635,0
5.16,-0.484899503789187,-0.585001885890961,-0.0278799487953965,4.85634695391553,1.36406642328242,0.0833412918355177,-0.478496655573495,0.221630404204901,5.03941096834373,0.229876430480792,486.626912522916,473.899762767635,0
5.17,-0.222470342124187,-0.297730416059494,0.00125820032340021,4.49908677725291,-0.0779384563622441,-0.131396999783005,0.179525665688591,2.69981666899943,-3.59983974449209,-2.51542421013532,479.600214616172,473.899762767635,0
5.18,0.153220923138687,-0.487537443637848,0.0278812367231193,5.32483639521234,-1.38882218518847,-0.116426194771744,0.103435756968536,-5.27122130009832,1.58016951724788,1.02441216138628,485.405610243035,473.899762767635,0
5.19,-0.293980996664924,-0.197008207440376,0.0189031342529629,5.31193041376886,-0.969535143491669,-0.293059169101547,0.0299746274405288,5.39912613520814,0.0777180242953037,-1.7369358328024,476.639679734851,473.899762767635,0
5.2,-1.21172591281658,1.21918714046478,0.000970188737936861,1.50916935488497,-0.0852065745224879,1.21137191304066,0.0293038794968764,-1.50676431607686,-0.120472394610571,1.59418159767055,437.008299440597,473.899762767635,0
5.21,1.32852822806076,-0.111500218510628,0.0265351661014417,3.21290521052383,-1.28759075441026,1.29296862646128,0.306469409209373,2.78893697346643,2.04999521967391,-1.31809293403643,478.079897522125,473.899762767635,0
5.22,-0.598018834875297,0.483549267053604,0.00452936859244638,2.34314242009527,-0.257827331982923,0.512545641109325,0.308129855459164,-1.88610724024606,-1.41399816557827,2.10450586734174,457.954775322451,473.899762767635,0
5.23,0.800318582486261,-0.346305876970291,0.0284986846985287,4.48436500719551,-1.40544697823727,0.548524669069657,0.583474674621262,1.89573818480222,4.30011481952269,-0.718939251205404,483.162759717723,473.899762767635,0
5.24,0.0490526342952017,-0.535516560077667,0.0344182480855802,6.38769093670653,-1.73624104007532,-0.0475236085711355,-0.0365004569965479,-0.25548875222531,-6.61451842159435,2.8375879103292,486.638851766833,473.899762767635,0
5.25,0.501765898814217,-1.1477507352829,-0.0191371217925666,5.29104732901382,0.964532226182817,-0.114802780548086,0.488830817585973,-0.0658025380652032,5.37784104257402,0.192550413448218,503.753885964089,473.899762767635,0
5.26,-1.14277463547335,0.101126432418823,-0.00888570200157113,2.16229789814578,0.414169540256969,-0.629567139280695,0.953759949001445,0.861322012073574,-2.02612758727575,-2.55038175758657,466.671847939489,473.899762767635,0
5.27,0.543671525149509,-0.381067454814911,0.0181138096030233,2.88108992716779,-0.905903263131679,-0.427788662033342,0.336011455150641,-2.85927830074762,0.97255719083974,0.938288746688748,483.28088264074,473.899762767635,0
5.28,-1.40674739307028,1.17036581039429,-0.0478601480738012,1.2738746094695,2.35322469922587,-1.26712558359355,0.612879741129012,0.212957895021508,-2.66740921881997,-1.98729189310228,437.853681927766,473.899762767635,0
5.29,0.152249985306409,1.1109322309494,0.0295058738776373,4.90298784456336,-1.4710590468541,-0.134618898620155,0.0769961476528621,-5.11548239684368,0.18746831958959,1.2426782410497,443.025668783692,473.899762767635,0
5.3,1.15536022810953,-0.251478135585785,0.0207937971920316,5.42780191363495,-1.02302336172569,1.15184136238621,-0.0924722368890012,5.4808382410395,0.684121763909621,-1.63291087508134,481.71188621991,473.899762767635,0
5.31,0.91631690934854,-1.37890136241913,-0.0102974015307093,3.70960627572928,0.54160524469416,-0.821302526339015,-0.406454025771055,-3.57777747259358,-1.11983182604004,2.01910986887333,510.870691903767,473.899762767635,0
5.32,-0.920104052927104,-0.446796774864197,-0.00590791033347743,4.28624785280581,0.252131992664233,-0.552873277123611,-0.735498138039785,2.75593059423819,3.29246681944545,-0.638166809193732,481.801228689965,473.899762767635,0
5.33,-0.573309901173124,0.311268985271454,-0.0416120320597666,2.70028946723395,2.05702019293522,0.224045325350739,0.529357625980548,-2.81711244701491,-1.89387769981895,2.8136687154422,462.507909290485,473.899762767635,0
5.34,0.605747082402921,-0.281327188014984,-0.00491872687479739,2.61833818049214,0.265324497425553,-0.00256150699784546,0.605761636615938,0.275511396548923,2.61728588173487,-0.00389137422681647,480.845268488617,473.899762767635,0
5.35,-1.44470744467897,1.32982885837555,-0.0119183230735576,1.99911336105069,0.542773702290736,-0.252194527084446,1.42257497786386,-0.168452067882923,-2.06462621872719,-2.95788584301699,433.293565740018,473.899762767635,0
5.36,-0.331644357173779,1.87455213069916,-0.00821331096782887,2.68261550163115,0.391116409673043,0.0481212409957395,-0.328237390142094,-0.0692627158766934,2.71009236958755,0.170328363498323,421.744889700585,473.899762767635,0
5.37,1.44408479414202,0.3154576420784,0.029354158042538,4.29227408605811,-1.43020562197452,0.407147069089441,-1.38581161179955,2.65709611286659,-3.6618226606381,-2.83551213313466,467.288003440496,473.899762767635,0
5.38,-0.305489344412996,0.562064528465271,-0.00692409563988658,2.55174979379583,0.331292333359393,0.153262553394731,-0.264352553188426,-1.04679790301314,2.35061604064276,0.548070191205096,457.012930443874,473.899762767635,0
5.39,-0.639746128090413,1.36779236793518,-0.0308826840901469,2.10137906319633,1.51474449005136,-0.370746093312796,0.522279793670582,0.106119314037672,-2.58823946507448,-2.47604323756966,434.998956108998,473.899762767635,0
5.4,0.515188474162899,0.840705692768097,0.0404577114499059,4.80099200762121,-2.01562211773085,-0.334023476270782,0.394314985292269,-4.81171543109501,1.9898872804485,0.781176037699982,451.836027034549,473.899762767635,0
5.41,0.564875194257684,0.113211467862129,-0.00682746986382363,6.39269131736495,0.35928929709279,0.488894871230391,-0.283041347362919,5.30954353107474,-3.57831504618318,-2.10767352209815,471.570113146638,473.899762767635,0
5.42,-0.962238351878964,1.17075109481812,-0.059814853855877,3.17567875472595,2.95257884242953,0.882814729340807,-0.38745143725048,-1.96496567788394,3.86543235081386,1.21930887260421,439.961198089701,473.899762767635,0
5.43,-0.276939682535056,1.61664700508118,-0.0372563950520206,2.05604946168877,1.84939014634666,-0.252350780303604,0.12001129286468,1.39341878493577,-2.38871668309637,-1.88098627297912,429.864350874117,473.899762767635,0
5.44,1.50797955447491,-0.0391171723604202,0.0283775702912542,5.52276360506434,-1.37508294633869,-1.49710111507185,0.183018781715441,-5.63474047493015,-0.800918676844754,1.46796719048332,478.061585827624,473.899762767635,0
5.45,0.909786831821298,-1.21363353729248,-0.0283031328397571,3.90743022855916,1.42813075337346,0.832508833150057,0.368024713043989,4.15772790966255,0.144454383810328,-1.18565860667593,508.019944484997,473.899762767635,0
5.46,-1.40652699098298,0.272120177745819,-0.0393088267088816,1.8610757271825,1.92511275545252,0.385175285070567,1.35333046961622,-2.32482809898397,-1.32847141244682,2.89225173540358,463.286434660564,473.899762767635,0
5.47,1.1850624305888,-0.96766859292984,0.0132653904344605,6.64307710036328,-0.644669128388948,-0.179977427369824,1.17139107927872,-1.7183196433768,6.44929835328264,0.163645388164165,502.147646309702,473.899762767635,0
5.48,-0.68865318332409,-0.33902570605278,-0.0407920108833787,4.56138150978298,2.01273144481795,-0.365316905618307,0.585192919919387,0.998715338406528,-4.88465524060609,-2.5243549293476,481.009050650352,473.899762767635,0
5.49,1.06637028979418,-1.53106832504272,-0.00998565480173086,7.50897470088605,0.535400800217733,-0.97615526721903,0.429378856650041,-6.62465013681473,3.57566296513264,1.14703669010449,516.561243253404,473.899762767635,0
5.5,-0.0987911213202988,-1.52593398094177,0.0238019772480454,3.82434707042639,-1.2053286512137,-0.0917188771751959,-0.043747769570114,3.49176389463705,1.97130225399978,-1.36216276466331,513.432063503458,473.899762767635,0
5.51,-3.10690774748894,-4.59999990463257,-0.0270223644420606,-0.0230957607794057,1.26810935415579,2.52475246739694,1.8108646934434,-0.729375440145533,1.03761563961609,2.20169952666256,452.893603026323,0,0
5.52,-3.9652125275695,-4.59999990463257,-0.0637031692868582,-1.85814715097663,3.09263436372145,-3.53615690369145,-1.79514980852479,-0.199099561261402,-3.60242383778739,-1.08497889140706,365.052983941253,0,0
5.53,-6.55782230509315,-4.59999990463257,-0.0535314890642603,-4.12870869995994,2.58746653686564,5.73771327781573,-3.1759322012719,4.86299975813944,0.304059140398994,1.07341836882971,224.630967651023,0,0
5.54,-3.8778823851566,-4.59999990463257,-0.0264675866382966,-2.0761380242131,1.28481181529581,2.67024491495451,2.81219921421116,0.481525162362472,2.39357974889474,2.38890638916087,137.043418033894,0,0
5.55,-1.42023774490045,-3.811199426651,-0.0523659342962836,1.13152122816056,2.6073872281119,-0.0808181430815467,1.41890305196073,-2.49001085362525,-1.3706401409296,-3.04784139357597,97.242955178059,0,0
5.56,-1.57233862737887,-1.88105249404907,0.0375970717554469,-1.05649935048103,-1.89110573143012,-0.907126956037388,1.28482799805367,0.981952241615656,1.93086549510853,-2.55073825001331,44.6290059466855,0,0
5.57,-0.878436532123314,-0.640863656997681,-0.00923160168615467,0.807592460858219,0.455161048339465,-0.614629810322391,0.627667236441084,0.249219600875968,-0.892897952343793,-2.35617997660261,12.9729835684195,0,0
5.58,0.519048727362886,-1.23617780208588,-0.0332730304602732,0.567627531893555,1.65930902704087,0.444030604452694,-0.27084220173824,-0.488222831625305,-1.68438295196272,-2.18252558714254,31.9716167912152,0,0
5.59,-0.535098062658256,-0.645158767700195,0.0363695779637545,0.775702286639722,-1.82699816698028,-0.496874012620958,0.201913096266262,1.49817928861,1.30195820164374,-2.02464292294302,13.6344416825635,0,0
5.6,-1.01687379920225,0.617748618125916,0.00599664950860207,0.509508639440198,-0.304605218402648,-0.89585347390064,0.481159886741923,0.593142855460603,0.0237685876393225,-2.06957605401923,-21.1335367975097,0,0
5.61,0.554957198270253,0.0563008785247802,-0.00950509589560075,-1.05449030385522,0.469438700023216,0.47020911163615,-0.294908850484851,-1.13980204447878,0.18213674370139,-2.14809242350637,-2.53304946063834,0,0
5.62,-1.00942441472357,1.32263123989105,-0.0352322167220591,-1.76933176665537,1.7593708988095,-0.714506886066376,0.713903962658078,-2.49386281435533,-0.0810501280028484,-2.32088328574436,-39.872043090552,0,0
5.63,0.919981686484405,0.271182596683502,0.0235498711547334,-0.0620746636744252,-1.18524369336134,0.548144116654069,-0.739228602852747,0.895447162341977,0.778993103934067,-2.47795583900184,-7.04786278948111,0,0
5.64,-0.599401126948729,0.912456870079041,-0.0186124459145846,0.220395012433436,0.925689501683095,-0.285554212567811,0.527339478718508,-0.689025567160523,-0.656291690356469,-2.61425717486204,-27.5720125937976,0,0
5.65,0.644744632378677,0.238643124699593,0.00340467218026658,-1.12764502303003,-0.176989856077061,0.25468762779521,-0.592318702238768,-0.288676713437542,1.10434345302423,-2.73022740578582,-6.73692277395791,0,0
5.66,1.11062842325557,-1.11735117435455,0.00545653475183328,-0.0214788842402649,-0.276702218737165,0.543342544873581,-0.968661007393686,0.230061849319608,0.15523210302614,-2.6254903126687,30.4564001975884,0,0
5.67,0.389587847484814,-1.75340044498444,0.00611207711332792,1.62799857296754,-0.310880405725897,0.276054590655898,-0.274972564762914,1.38721913366556,-0.907000030562737,-2.33854355479791,45.6665092976974,0,0
5.68,-1.62962239709831,0.267552942037582,0.0217416463667204,-0.564249573169424,-1.09282923787533,-1.28463492489084,1.00292321045128,0.243846863195247,1.20548414808611,-2.24700264019626,-13.1877050041318,0,0
5.69,-0.469322942674898,1.02922809123993,0.0225223710075564,0.404374814773451,-1.13304115559152,-0.327800415002782,0.336627642419382,1.11661188124928,0.44774898965848,-2.41743144200941,-30.5927003796059,0,0
5.7,1.1662508138697,-0.36876380443573,-0.00263920153763597,-0.123817396897421,0.126798911804534,0.726686467365575,-0.912181289209681,-0.176284461607627,0.018234593633435,-2.47116255921956,10.5635868083873,0,0
5.71,0.0446755300467787,-0.552940666675568,0.000126741504774187,0.595905034807476,-0.0123797306325138,0.0306148883364676,-0.0325368661753906,0.418576857980695,-0.424322380039566,-2.38378244766766,12.8212328921627,0,0
5.72,-1.4789422139061,1.30132019519806,0.00513113362620243,0.239309740060776,-0.260189978066058,-0.877520116706,1.19048513026499,0.351297620142353,-0.0394709824591555,-2.50986087880099,-40.0809689051898,0,0
5.73,0.468668430389631,0.84223073720932,-0.0500552052130065,1.95419404538822,2.4976476281511,0.231704847865252,-0.410449125578964,-1.51859537351841,-2.78405929049079,-2.73407321708473,-23.0819239655712,0,0
5.74,-0.208256719963841,1.03939986228943,0.00412557558170033,0.0586328724992267,-0.212805849826458,-0.0475321281761208,0.202801820936172,0.22035866198136,-0.0128919954877548,-2.93117841345069,-29.7672416685772,0,0
5.75,-0.628862217747604,1.73096144199371,0.0143923166932505,0.666598895386587,-0.725118890882057,0.0402624703423128,0.627737015932762,0.664503697340078,-0.727039427724528,3.05465903098053,-48.7624268323152,0,0
5.76,0.789262019367237,0.982037663459778,-0.0195929897776667,-0.585884173717968,0.973016241681519,-0.252325120777796,-0.748097890578864,-0.713015397961147,0.88409836209526,2.791466971112,-25.6630496067441,0,0
5.77,0.417381840086706,0.478058040142059,-0.00877690694743305,0.408978480687166,0.43273823400166,-0.186901547780351,-0.373299405259421,-0.573535873300872,-0.159944924486724,2.65638008873186,-12.8279124328421,0,0
5.78,-0.107226165431625,0.5635085105896,-0.00641924451402356,-0.338349994889382,0.315222232908561,0.0652189112966567,0.0853530952138222,-0.0724653543353223,0.456721520822656,2.54891896054219,-16.1334953656618,0,0
5.79,-0.352764261253444,0.957976818084717,0.0457716065614577,-0.488303692752596,-2.29595823623506,0.208635335182449,0.28811275726391,2.00576230277762,-1.21933682944773,2.38581490356551,-27.0339228588776,0,0
5.8,0.342304188787173,0.663493871688843,0.0226839132061464,-1.51597607792048,-1.14152904361973,-0.285187037706961,-0.190670058224979,1.89760538673329,0.0191264867478619,2.22629320924007,-17.6118711907137,0,0
5.81,1.27743370877748,-0.715335130691528,0.0195538231861155,-0.663785744508537,-0.98334435704266,-1.00098141818317,-0.79388628453589,1.13646693812204,-0.340617876359873,2.25662654461173,21.1072143215656,0,0
5.82,-1.3215802777469,0.599616348743439,0.0052041047878823,-1.71590648088995,-0.264724532794761,1.02748203815947,0.831193223321682,1.50396819100679,0.867464010702054,2.2470398821331,-19.4189520510293,0,0
5.83,0.13182354104343,0.578277409076691,-0.0356686459089764,-0.0531683484976966,1.77900164631363,-0.0938574287757893,-0.0991992002881392,-0.88269469030264,1.54548497714474,2.1196057260026,-15.6009500944014,0,0
5.84,-0.696268780298614,1.35024690628052,0.0371402106933469,-0.250430898924477,-1.86242183660471,0.643294445158798,0.26896443351622,0.861741573890947,-1.66994975745564,1.9135208639381,-37.8456634800088,0,0
5.85,0.41496016669392,0.937537848949432,-0.000402378857222566,-0.34743853124368,0.0139230302472689,-0.411860467461707,-0.0506266450953949,0.343198730693457,0.0558749945363027,1.69213492869908,-24.1688034815728,0,0
5.86,0.81057663178187,-0.0945194438099861,0.00864067026337981,-0.481183717180925,-0.438354732392923,-0.809516110728591,-0.04234151206909,0.507793245959396,-0.407232931440156,1.63371292674535,4.33795586621692,0,0
5.87,-0.310775644415067,0.29071769118309,-0.00243505662777803,-2.9519721578421,0.116094313004443,0.310614348452509,0.0103032615129303,2.94473433488947,0.236975119179258,1.61179001629787,-8.6140904883177,0,0
5.88,0.490877246226072,-0.315992444753647,-0.00785367627933981,0.729763320875613,0.387010259659776,-0.489743460749874,-0.0342562949883514,-0.749530980155068,0.347181156408456,1.6246321092528,9.57717122172431,0,0
5.89,1.12959504474793,-1.72487962245941,-0.000606294112982242,-0.600395529721711,0.026604910432325,-1.0835267772733,-0.319304017580999,0.568493785528423,0.194929292781997,1.85683731979229,48.254781913888,0,0
5.9,-0.0357952071939889,-1.74022698402405,-0.0318190962851775,-2.29840027692803,1.58548308390405,0.0476684992998217,-0.00463313295394079,0.923698926689247,2.63499160058659,2.2005658513051,45.7270321965747,0,0
5.91,0.0348101147916706,-1.83973550796509,-0.0180095003193919,2.69580627346633,0.89498967807442,-0.00458150857745592,-0.0389242337460631,-2.25152572087776,-1.73176497139365,2.5469863725676,48.4153104118746,0,0
5.92,0.41374585671936,-2.31196784973145,-0.0146705257802917,1.03736557146502,0.729999899157853,-0.0621220818325909,-0.409318586467671,-0.909303849733346,-0.884417147330115,2.95552961289638,61.3855631032336,0,0
5.93,-1.38248180072087,-0.868446409702301,-0.0161483999015898,-1.77558515211629,0.800721681944734,-0.108863843487373,1.37828348452884,-0.957918857216932,1.69595085640488,-3.05109100476314,18.7016916615182,0,0
5.94,-1.05675873688489,0.402460306882858,-0.0319900871236594,-0.266825495552135,1.59545359365358,-0.0630696760417711,1.05535994315717,-1.61297249751396,0.122424412771076,-3.05163970052558,-14.4489300643723,0,0
5.95,1.06994491151466,-0.684529423713684,-0.0362433281529859,1.64853612703516,1.80914255091897,0.16468374503868,-1.05781612609742,-1.59770373726172,-1.85418739603785,-3.02101073679187,19.1482644735788,0,0
5.96,0.377816519060897,-1.19810283184052,-0.0443610904721922,-0.273840374685629,2.21514181429602,0.157835208019231,-0.34612320860165,-2.19269177865609,-0.41706662784813,-2.83063233801475,31.1237288220614,0,0
5.97,-0.0340902561204835,-1.23794329166412,-0.0257164092582999,1.77933639053604,1.28138607158525,0.00455425802741116,0.0424586622648464,-0.185475124096428,-2.18485405313031,-2.60216020460974,31.1553108541114,0,0
5.98,0.313000801939497,-1.6107919216156,0.00331308361304819,-1.51776461164157,-0.171000129222347,0.224620078398841,-0.218005272683699,-0.982476490635584,1.16944021048275,-2.33066661331213,41.5277051530832,0,0
5.99,-1.37612447325121,0.130389839410782,0.025581335417995,-1.35286445588223,-1.28539908551175,-1.09879681077957,0.82886581496846,-0.271683240409324,1.84626142837483,-2.23565618720449,-8.97511996031107,0,0
6,-1.02061350645136,1.60154747962952,0.00318548082507619,-1.12096319381847,-0.163473425288079,-0.643612974841221,0.792101265909272,-0.576979931855542,0.974872402372274,-2.46237388916853,-47.1513663198493,0,0
6.01,1.88283859269048,-0.594596564769745,-0.0164005788944489,2.24947189458183,0.817113970797463,1.07917340255682,-1.54296303012311,0.599517050896185,-2.31697612233503,-2.53996892111026,18.3646051747124,0,0
6.02,-1.40095726413992,0.905236840248108,0.0139283244785263,-0.419527616455254,-0.701209770400545,-0.736278786761077,1.19196006742459,0.383292349896327,0.721654721861337,-2.59819861650641,-29.2456560700683,0,0
6.03,1.20077686552808,-0.385499209165573,0.00715554780509586,0.756983392612943,-0.36316792835812,0.563247194347318,-1.0605040691632,0.678765417426096,-0.494158182150318,-2.64740674897055,11.1743125466459,0,0
6.04,1.00882543016469,-1.76941633224487,0.0334157758757832,1.75880081009293,-1.67467609118282,0.646291284519069,-0.775340530463254,2.42042058221831,-0.198707083761229,-2.41361047386268,47.6089047707039,0,0
6.05,0.273154829051117,-2.22086787223816,-0.0377081014184257,-0.380374435982638,1.88072708307099,0.262221046361251,-0.0852970362424039,-1.16311003188266,-1.52610423178751,-2.02246717638164,57.4546298543165,0,0
6.06,-0.447256223158329,-1.71254825592041,0.033638720610931,-1.14405797460613,-1.69134504528564,-0.448429957235561,0.0089591367835179,-0.978380288405261,1.79228589313541,-1.66584252755103,41.9780613237832,0,0
6.07,0.440716065607768,-2.14886713027954,-0.0236868070921568,-0.508661751915957,1.18033227602722,0.418796791153451,0.139287339821623,-0.178728987476648,-1.27278317427965,-1.30341005707876,55.1880982155878,0,0
6.08,-2.10331641642515,-0.0325859487056732,0.0308486154614528,-1.69356655791949,-1.54894893549447,-1.90650585508409,-0.888890887122547,-2.17914075437644,0.720247223867179,-1.14918450415228,-6.66417783046953,0,0
6.09,-0.918623602716595,1.10682559013367,-0.0156482488301712,-0.608009817929256,0.77923721310236,-0.892317701372324,-0.218822555914787,-0.389505049425344,-0.90838999854361,-1.31327982914763,-34.463042909162,0,0
6.1,1.77891146035547,-0.649332702159882,-0.0106358148928537,0.657550428351305,0.527932687988737,1.73485845202224,0.393580050039948,0.755835255744776,-0.373896449629074,-1.35368546260091,18.0413968797499,0,0
6.11,-0.510295758429585,-0.250597059726715,-0.0139777859140241,-0.945545126300533,0.693254286106895,-0.493313956041299,-0.131295393465142,-0.710155586231918,-0.932918074870388,-1.28329189068452,2.53144823352518,0,0
6.12,-0.237955041070791,-0.00602498650550842,0.0236537811990389,2.36584981751159,-1.1897990798705,-0.221988049732894,-0.0889011176071468,1.9415973293683,1.80085174849853,-1.28895770165955,-3.29577199303402,0,0
6.13,-0.903322519724143,0.945810079574585,-0.00536736630491108,0.675612318374719,0.264432793402469,-0.894247855534659,-0.127832531593054,0.70720844025,-0.161965826659384,-1.42286675671954,-30.0346180172888,0,0
6.14,-0.490793226845806,1.56360411643982,0.0383164766955094,0.0386245116225326,-1.92152449444607,-0.491449569814405,0.0286960665128856,0.299240131235814,1.89847401338872,-1.70703323791791,-45.4825656398946,0,0
6.15,1.93477072889897,-0.611776351928711,-0.0521388349708451,3.64163316913939,2.60483295322989,1.90290345484513,-0.353574140817538,3.01646187679346,-3.30871645788216,-1.78145077159789,18.060183993047,0,0
6.16,0.24888706810384,-1.0631890296936,0.00821044325842918,-0.435013461023838,-0.417089682107121,0.248287299003341,-0.0191207008619169,-0.416297827805085,0.435771307863339,-1.61467834287552,26.1319976104182,0,0
6.17,-0.848776456492038,-0.156796291470528,-0.0414882536992879,-0.78254023844919,2.07005224141749,-0.849744824629073,0.00874535912948369,-0.70217848362727,-2.09867360113968,-1.53224651298806,-0.479883776737343,0,0
6.18,0.51129297005037,-0.635181486606598,0.0156561846838784,0.0446434964668744,-0.789421925438413,0.510344505359588,0.0348439835705027,-0.0334271312625158,0.789976357263454,-1.47201549856535,15.1520399105808,0,0
6.19,0.154456357417037,-0.830506980419159,-0.00333663528924956,-0.729959086722906,0.16078690518914,0.149707959033272,0.0381500522107784,-0.674751113693087,-0.321564350853104,-1.34287622986712,19.4634040957074,0,0
6.2,-0.41235212476093,-0.36187869310379,-0.0292217436401928,-2.55839716544633,1.45601307600728,-0.401257894850406,-0.0993996323758152,-1.98450854486606,-2.17418857715277,-1.25721691011114,5.63141554126664,0,0
6.21,-0.343634359890585,0.0502764955163002,-0.00142335573108112,-0.736758891297149,0.0652203029336731,-0.327654847781754,-0.10358040337856,-0.681650248558884,-0.287089342295697,-1.26046891515842,-5.16384834442025,0,0
6.22,-1.38565306924553,1.51554310321808,-0.020424266520982,0.326974803423201,1.02039391393042,-1.38020449422682,-0.124447310491485,0.431786616806524,-0.980651099630581,-1.46613489304641,-46.2033698516922,0,0
6.23,0.00398704121459024,1.60562169551849,0.0373043674487869,1.1986730443325,-1.87216552385963,-0.00467177878430971,-0.037224814457448,1.59596874652885,1.54748330396199,-1.8021197839064,-45.3768149024819,0,0
6.24,0.622936573741043,0.819727838039398,0.0301317838482018,2.2063630551244,-1.51446984354212,0.541592481876174,-0.309249871264826,2.65317794594533,0.349719352003421,-2.04128721278467,-22.7453656716769,0,0
6.25,1.2989835805515,-0.826849043369293,0.0378877882138599,0.325250467918767,-1.90085809771993,1.15416278537992,-0.597245420143348,1.11711350968426,1.57197543906695,-2.01916361709711,22.6285748483438,0,0
6.26,-1.71446589333418,1.09342992305756,-0.02531737358867,-1.98886315761678,1.26524944030024,-1.47687913455034,0.871127023310277,-2.35444400292517,-0.114132567635899,-2.08894822858595,-35.5382201758508,0,0
6.27,-0.615685247188724,2.07051491737366,-0.0349069832165324,-1.07397931190709,1.74187353388319,-0.367114419385648,0.495493515762071,-2.02581853538916,-0.289161256258224,-2.44730124563605,-58.7457795733837,0,0
6.28,0.411114096881615,1.66687726974487,-0.0486091799679939,-0.946004925981147,2.42455135129938,0.1753175055823,-0.375021899718333,-2.59899836672882,0.136316047511572,-2.82198412566572,-45.2713327003784,0,0
6.29,-0.0932005788171563,1.73254370689392,-0.0175042892223406,0.65278140253802,0.869589608457208,0.0196065273854651,0.0927810978428005,-0.88412292840303,-0.632958366804891,3.11898667783427,-47.7437836456498,0,0
6.3,2.20049754228291,-0.585132241249084,0.0173005369436146,2.48431266429369,-0.869109162343738,-0.239457778153513,-2.18749827763439,0.613754644273389,-2.55938769760908,3.04042222047149,18.9704328469982,0,0
6.31,-1.57178830779325,0.853564918041229,0.0319837393002352,-1.9170723958544,-1.60432672342616,0.197665847882352,1.55963766839485,1.86684256892183,1.66250703135584,2.99518063402164,-27.3455469884189,0,0
6.32,1.32098500677588,-0.355571389198303,0.0354095093183321,-0.0124804974705531,-1.77715457797564,-0.287241991668492,-1.28986327170718,1.74677628332909,-0.327424453631517,2.94927522481841,11.0219549654992,0,0
6.33,1.055759511124,-1.62466466426849,0.0360701768041856,1.99422235569506,-1.80776485339831,-0.00895288927544666,-1.05633756382943,1.85836830488397,-1.94715274504566,-3.11591599508223,44.2158422993099,0,0
6.34,0.385670546514688,-2.16572165489197,0.00240724836907694,0.345719415790297,-0.124149166540446,0.148912235959428,-0.355770587985028,0.249692493790677,-0.269422694945442,-2.73894557412416,56.8801051313082,0,0
6.35,0.118879477461012,-2.34825706481934,-0.0253272453209901,-0.791665270195294,1.26168351414771,0.105184564093545,-0.060909826739235,-1.43327067450493,-0.405357081484577,-2.30559957153626,60.7753699686428,0,0
6.36,-2.02076501944309,0.135410830378532,-0.00926929951708977,0.123457897611892,0.459293604939018,-1.68050989176531,1.1222582979855,-0.150334859775923,-0.451211588899023,-2.15500181854674,-10.6262487032882,0,0
6.37,-1.00241834221779,1.64545750617981,-0.0327360940306734,-1.44193994479472,1.6343986098691,-0.65917634410571,0.755910531768456,-2.17876573232528,-0.0585619670240123,-2.39180197801589,-48.3924893085084,0,0
6.38,-0.415196729615713,2.29031133651733,0.00120665242487328,-1.21065306555224,-0.0661265123601981,-0.135499478801251,0.392466140626484,-0.329199091497124,1.16691110155205,-2.81206068371862,-63.7342965287594,0,0
6.39,0.0522728650502204,2.26857113838196,0.021107434969654,0.878664558661366,-1.06322152975139,-0.0276772674950675,-0.0491115576576757,0.940928670185927,-1.00853590198694,3.01217120114427,-61.6234534676911,0,0
6.4,1.23256489521371,1.00614178180695,-0.0222749056320697,-0.00734223649904786,1.10673672675733,-0.496303623282087,-1.12844809621496,-1.00179019749436,0.470464122962149,2.70917430219367,-25.3019279634795,0,0
6.41,0.342729269014539,0.583306789398193,0.00516592092775311,-1.50752620209005,-0.264887505084952,-0.191611277412511,-0.284209705933168,1.04563056688058,1.11779128550154,2.56347156300341,-15.799004547913,0,0
6.42,0.240663353827503,0.301933616399765,-0.038752675361666,0.376963428148894,1.93315835678768,-0.117618651874799,-0.213509888422863,-1.75547735646666,0.893029624095787,2.47841895858357,-8.32744039285245,0,0
6.43,0.877911843798732,-0.626795947551727,0.0120323070459387,-0.121875626365139,-0.607386112872709,-0.51788572754993,-0.708991082521506,0.565868400434115,-0.25212003451263,2.52442320311116,17.6525267363978,0,0
6.44,-1.41616811022827,0.775686740875244,0.0412296016800409,-1.39416161724297,-2.06710227853727,0.834216448241559,1.14512659298675,2.48799257030268,-0.162761835349045,2.48289358108562,-24.4854378588921,0,0
6.45,-0.114425415268969,1.06457829475403,-0.0353545449837095,-2.23693396985272,1.76372280605411,0.109725271523819,0.0479946278192175,0.541152075808188,2.79673848490075,2.28279879040531,-29.3476910854156,0,0
6.46,1.07073451983608,-0.0919949859380722,-0.038426692393194,1.77652060822381,1.91714671730354,-0.839624482998525,-0.665567239432907,-2.5671399541551,0.491191879912699,2.20519514814045,4.24703467390894,0,0
6.47,1.22993493978218,-1.50938904285431,0.0132041281873558,0.446899228998246,-0.664137113807494,-0.846411682948787,-0.892469365337532,0.182734945609287,-0.779361896983003,2.39341048328059,42.1415208504275,0,0
6.48,0.66119229418896,-2.29707360267639,0.0281851591110242,-0.700208613905117,-1.41405056052438,-0.258519128646967,-0.609210565578591,1.56986820822086,0.159200815084788,2.78287380848351,61.5663794362431,0,0
6.49,0.100751121728384,-2.50477957725525,0.00943120336356104,1.38642429384643,-0.476805304893901,0.00166365412974663,-0.101177904610389,0.625828924931967,-1.32584078156506,-3.03181434989698,65.5708043250307,0,0
6.5,0.217539133735741,-2.78460454940796,-0.0249677359629895,0.255738852717078,1.24562509296477,0.146807744415272,-0.162462761041767,-0.864682754430362,-0.93236686299078,-2.52104400835843,72.8707196818951,0,0
