t,iq,iq_ref,id,vq,vd,ia,ib,va,vb,theta_e,omega,r,"T_ass:0.50,S_pct:-0.13,kp:0.6392,ki:0.0054"
0,0,0,0,0,0,0,0,0,0,0,0,0,0
0.01,-1.20489795013878,0.775650560855865,-0.0147737724722084,-2.52290474121829,0.740001996175992,-1.07235283815267,0.549596875089009,-2.58855898843561,0.460449401123899,-2.03214489039136,-12.5602019388392,0,0
0.02,2.22721267897672,-0.522322654724121,-0.0153122291191609,1.47341658946364,0.767167673636292,1.99524848690773,-0.989795058205303,0.969750814505145,-1.34873497891386,-2.03817483484069,9.58280800420416,0,0
0.03,-1.64204097363181,0.363952457904816,-0.0414922093645927,-2.15051723078813,2.07702420033839,-1.45294080628389,0.766148272828949,-2.84905986941202,-0.90642801656497,-2.03078813180899,-6.76989729073029,0,0
0.04,1.11419142925943,-0.229873567819595,-0.0330624447324122,0.746839950805215,1.65484674562347,1.00998755505132,-0.471636305778409,-0.0773290805579429,-1.81392058175637,-2.03733974057195,4.32156201613463,0,0
0.05,0.734864331716866,-0.76777595281601,-0.00425130922024946,1.41822630549666,0.213051619755274,-0.00991103040900318,0.734809792487821,0.202122271781471,1.41982514188648,0.00770197027689676,12.0676391476086,0,0
0.06,-1.96504418854557,0.424644261598587,-0.0329222340396993,-2.7657595261318,1.64822172106296,0.00210908707222712,-1.9653188260897,1.69725837401003,-2.73594126582157,0.0178255257228048,-7.93392983630836,0,0
0.07,-0.579204626926102,0.887343227863312,0.00775683049621453,0.927174318079181,-0.387955273951808,-0.518576880456973,0.258101118415759,1.00193995986628,-0.0792327427000479,-2.04600200735454,-13.7004857706398,0,0
0.08,-0.897735651695767,1.47268557548523,-0.00303353781319689,0.27058990299474,0.152618348108698,-0.733367169778389,0.517794454362466,0.133967160195368,-0.280292803638122,-2.18219259065753,-22.6994922373386,0,0
0.09,-0.712775011126888,1.99336695671082,-0.00735989660562027,-1.69346452973824,0.369297520650025,-0.486960538406461,0.520549535202818,-1.43667269766652,0.969625872189588,-2.37919544118558,-30.3792071404441,0,0
0.1,2.07437666583537,0.727266013622284,0.00784578663831303,1.54435786843373,-0.393542242921225,1.20352185013454,-1.68956659069094,1.22042715813031,-1.02492647270652,-2.51885994107015,-9.17670494192872,0,0
0.11,-1.43050522250002,1.49761319160461,-0.00760421019410096,-0.494521117428515,0.382019179117728,-0.67943740642456,1.25887561989403,-0.572397185640409,0.250701517082505,-2.64136231002941,-23.5285617563496,0,0
0.12,0.0945750827841172,1.53983843326569,-0.0363745980303808,-1.93730303492861,1.82050600728608,0.0650478333169983,-0.0776938674945354,-2.34987774910099,1.24316520864621,-2.81172745799622,-22.9446138987186,0,0
0.13,2.4164531291434,-0.0643654987215996,0.0243826136181828,2.8091446005286,-1.22016625829083,0.607220336823499,-2.33904333002656,1.91112559978713,-2.39326096077898,-2.87750751932987,3.01465603872743,0,0
0.14,0.658977951275733,-0.64791876077652,-0.0259218049297469,0.405333103801154,1.29740898411308,0.228994804289884,-0.618453927020126,-1.10775577697924,-0.78768149379272,-2.82629156055536,10.230363635174,0,0
0.15,0.291327760797483,-0.8658367395401,-0.0253849291444407,-0.858046291271684,1.27037900142508,0.137400508170616,-0.258142129830448,-1.50488538956132,0.292277624035333,-2.73938173563669,13.1748743128323,0,0
0.16,-1.78122721990254,0.270172446966171,-0.0278258783697172,-1.08024942293306,1.39300231033286,-0.709377701902673,1.63411381625396,-1.71456132901974,0.409479793603995,-2.71641448739185,-5.48926748185645,0,0
0.17,0.517991992535508,0.0696193724870682,0.0279110737398105,-2.06874690631507,-1.39708556729829,0.177756584160894,-0.487336977004276,0.472405708104083,2.45120270310149,-2.73800650430424,-0.644221163901329,0,0
0.18,1.04935037924052,-0.625907838344574,0.0180210369018521,-0.812796639046308,-0.901678977973488,0.432652202159531,-0.95617626416354,0.467255459069199,1.12041764165615,-2.69950508369712,10.2020573689675,0,0
0.19,-2.18499915318549,0.719645082950592,-0.0357807027857049,-2.56816852336293,1.79197136216961,-0.874664321068425,2.00261426229892,-2.69651670973112,1.59230919151056,-2.71342828996083,-12.564598001849,0,0
0.2,0.239717510464173,0.708298325538635,0.0386629612324608,-0.571231029484345,-1.93513592383141,0.0444584189262825,-0.238710616397719,1.62906078968647,1.19046918324445,-2.79754989318393,-10.3815042502449,0,0
0.21,-0.807255016190675,1.22050797939301,-0.0248385526045602,0.0376664661303071,1.24386836775492,-0.163188745581424,0.790978538378924,-1.20116445785616,-0.325317113222058,-2.90737538517593,-18.8936936368574,0,0
0.22,-0.335703086983946,1.4924144744873,-0.0103649644825071,0.255404435269591,0.51921179441473,-0.0168133613234084,0.335441956201491,-0.496860117183124,-0.296550732535793,-3.0606459662364,-22.5622423539475,0,0
0.23,2.47978794121687,-0.191550239920616,-0.0196317249505285,3.83320232871855,0.982771950246791,0.0795540567117633,-2.47858927418195,-0.889849425169225,-3.85583308762337,-3.11742369176336,5.0356052666511,0,0
0.24,-1.62866034792775,0.740920007228851,-0.0397777143683856,-1.82128816720036,1.99172646235734,0.04981729506642,1.62838417843725,-1.9804607695192,1.83353211840807,3.13542783218773,-12.4628516165132,0,0
0.25,1.27037720079122,-0.0358636565506458,-0.0382114526921387,1.6379600120645,1.91233539391771,-0.0155020497676398,-1.2708572043546,-1.97983890112216,-1.55569199572285,3.09932539526787,1.6583139554483,0,0
0.26,1.14883596968321,-0.925834476947784,-0.0595089163576292,1.71675536125316,2.97880058436481,0.0855601756712169,-1.14718998108558,-2.93908129971713,-1.78390106380839,-3.11890114919311,14.8367253719625,0,0
0.27,-1.32406411841825,-0.108581952750683,0.0469167533330688,-0.325912349165675,-2.34817930743885,-0.146231306474585,1.31680043151297,2.3170683065869,0.501357538921264,-3.06641441432278,0.503579760912014,0,0
0.28,1.54175146979263,-1.07962477207184,8.73798664070558e-05,2.28149253964995,-0.00355441015091021,0.223454238521216,-1.52547232211203,0.334313634466415,-2.25686845786806,-2.99608837885141,17.4695315963989,0,0
0.29,-1.03357106595412,-0.48402214050293,-0.00353187439216446,-1.22251798455313,0.176315900025914,-0.23238503853296,1.00711410295968,-0.450599807592033,1.15004231772393,-2.91140108675269,6.36743431975916,0,0
0.3,-0.364829112896721,-0.144564881920815,-0.0294676653705744,-2.43676318637673,1.47471061997491,-0.0647890754829514,0.360237422566653,-2.04871277497867,1.97872742053746,-2.88304782304719,1.84417698732234,0,0
0.31,-1.61482068504926,0.945982933044434,0.0297816845895262,-0.860201433510896,-1.48938055021468,-0.355346919187466,1.57551939392187,1.28492765959254,1.14331178564118,-2.93820233756439,-15.4896854723974,0,0
0.32,-1.10498691426047,1.79673111438751,0.0242255663133122,-1.26475913869665,-1.21092810403342,-0.0692665032249942,1.10307982951419,1.15834424581154,1.31308840534442,-3.10080159369585,-27.7772189242443,0,0
0.33,-0.532206584115198,2.22464418411255,0.0190795251257778,0.541818094354084,-0.953800967175649,0.0799187329419832,0.526517684963706,0.836816854141139,-0.709253611185748,2.95512062847096,-33.6809491832937,0,0
0.34,0.825238872961938,1.61959075927734,0.00983483197331558,3.06702951579992,-0.492826406218693,-0.324862094593461,-0.758670245141973,-0.718272236080549,-3.02219008540663,2.74893225805523,-23.397734673444,0,0
0.35,-0.17496833092398,1.67893755435944,0.0297917304793223,0.844626745901709,-1.49070302402853,0.0695487828313332,0.163292470242678,0.79726941509371,-1.5165590412168,2.57029502854594,-25.2008235924488,0,0
0.36,0.495780204782883,1.28554975986481,-0.0106931917250385,1.68787577570934,0.534649266782459,-0.32263651321297,-0.376587355265153,-1.52396185819988,-0.901285042286516,2.41163503029007,-18.6926445694424,0,0
0.37,-0.401245118185317,1.54407501220703,-0.0147074229795124,0.765351428162746,0.736066086837782,0.320059637769628,0.242437170064786,-1.05838380260455,0.0859058738840532,2.25570234494913,-23.4003306984707,0,0
0.38,0.637112472600028,1.06093990802765,0.0504226439853661,2.5908515902541,-2.52433515034023,-0.570640178407233,-0.287792516505132,-0.903044789040583,-3.50275463356371,2.1168819399777,-15.2215469019381,0,0
0.39,2.24047453078184,-0.633737444877625,0.0440029921580614,3.6394425140879,-2.20120948783664,-1.94302258278783,-1.11638955081883,-1.98556026253545,-3.76143795197165,2.11193989304577,11.5307800543448,0,0
0.4,1.02827120836533,-1.54291594028473,0.0406757263788204,0.790841374294641,-2.03459761740814,-0.827602621592501,-0.611612698856693,0.656022937687963,-2.08198257660489,2.2467681863267,24.0232247433265,0,0
0.41,-1.25735061710684,-0.663725197315216,-0.0198552945942291,-1.36887453017792,0.993171279865448,0.897652870429552,0.880649834651642,0.255253489326566,1.6718409992299,2.36242345929867,8.76471164632549,0,0
0.42,1.08745285872036,-1.37541699409485,-0.0158222320574556,-0.243283210540233,0.792688086742685,-0.65804405263177,-0.865899582955386,-0.47407434886588,0.680290111012892,2.47720243289021,21.5505961871561,0,0
0.43,-0.277681602163797,-1.25933003425598,0.00265791148618615,1.51773027891995,-0.133614728387208,0.135184642404301,0.242568029904485,-0.635417587433859,-1.38477528313159,2.6235859610882,18.6012827058706,0,0
0.44,-0.527939231849219,-0.860494077205658,-0.000813054355072118,0.922317873132008,0.0401052646425688,0.209526756214834,0.484581295566613,-0.401577777771389,-0.831272506312457,2.73502169718289,12.4303004704815,0,0
0.45,1.19357468372329,-1.73031759262085,-0.0532624468139002,3.15578629023456,2.66653465487979,-0.252590278731591,-1.16775663772725,-3.38255968159356,-2.37227405157267,2.88397584262195,26.947676199724,0,0
0.46,-0.509216676643233,-1.44579815864563,-0.0464223360908944,-0.0287422014078923,2.3224881919485,0.0884016665034649,0.503628635424084,-2.31214404545441,0.220833486934578,3.0587462077993,21.1746543300879,0,0
0.47,-2.22462362906116,0.115674689412117,0.0162515373810147,-1.58531636799265,-0.813107947507024,0.0421219443577551,2.22428418715954,0.854422288347504,1.56343694279606,3.11535244601655,-3.64079097915553,0,0
0.48,0.243592822349411,0.0801530554890633,-0.03203664729415,0.977902044651168,1.60322696582389,0.021541909272646,-0.244744266561835,-1.64375906321726,-0.908121828263665,3.09861773715653,-0.958583969089221,0,0
0.49,1.08077142703319,-0.701202630996704,-0.034818174265175,1.90144887507097,1.74278016132375,0.0343162315522532,-1.08078748096125,-1.74366305673528,-1.90063927660902,3.14112822701132,11.4338098340113,0,0
0.5,-1.43686389004184,0.199307262897491,-0.0134720539296603,-0.491645280067092,0.674416507831872,-0.0180592285990463,1.43681355749647,-0.685041942940982,0.476728689990472,-3.1196486339172,-4.19600620074462,0,0
0.51,5.11889274040177,4.59999990463257,-0.0123762348211829,5.00621913603593,0.626257079658046,0.628684984237073,-5.08015464818947,-0.0188690476259772,-5.04520286280699,-3.02088329630109,34.9677637415654,234.179402462402,0
0.52,4.76902738488154,4.59999990463257,0.0120655116370342,5.85049124107556,-0.589868932161778,2.37553880844533,-4.1352851345332,3.43778774855092,-4.77051449163974,-2.61763743226531,74.7711934370185,234.179402462402,0
0.53,6.71239008508562,4.59999990463257,0.0103179852339156,7.38391468635201,-0.480732032596348,-0.729218269545366,6.67267021742693,-1.29125820270709,7.28601068050485,0.110389508315857,128.568620194781,234.179402462402,0
0.54,6.05428285243475,3.68078184127808,0.00227419764957304,7.37986586562385,-0.0656354877339382,-5.76118606391149,1.86093556209031,-7.04359798378616,2.2032829266015,1.25873866637857,184.455111155756,234.179402462402,0
0.55,0.167299192481124,3.14208102226257,-0.0209302619753924,0.844110409338843,1.04592587521979,-0.0643069683074395,-0.155857978616113,-1.32618646463766,-0.218432553939069,2.62581168061489,187.401799578081,234.179402462402,0
0.56,0.40807813476716,2.85481452941895,0.0408688363336671,2.09210125773811,-2.04193766102073,0.287300749564135,-0.292670984482914,2.91443680730249,0.229030959402237,-2.26563699563336,191.891747930105,234.179402462402,0
0.57,0.0169811801389619,2.8355565071106,-0.011110192431293,-0.565864360155629,0.557301432355694,0.00560222797152443,0.0195041507512453,-0.0644959745583437,-0.791598149230919,-0.85907046923674,191.836293318462,234.179402462402,0
0.58,1.48803179766646,1.79262924194336,-0.0122764948189165,2.23588300528373,0.625257713062021,-0.869189227478084,1.20784909240665,-0.780457297630388,2.18655126343647,0.615521064618116,208.643430630427,234.179402462402,0
0.59,2.12279311228616,0.346025198698044,-0.019515100057923,3.36837469373296,0.99917816797351,-1.66277972975274,-1.31977081609771,-3.27142513078857,-1.28143774814875,2.23249943606841,230.849991304918,234.179402462402,0
0.6,0.00117861269235948,0.20056514441967,-0.016691614394204,1.62620630976628,0.83212653497291,0.0126389133097222,0.0109661747803287,0.561062600517855,-1.7384447907339,-2.35644564038328,231.221166531675,234.179402462402,0
0.61,0.644098225904918,-0.210291936993599,-0.0435726197615704,1.48776323682302,2.18876363573809,0.34699939458258,0.544382694403553,2.64461678476515,-0.100636791035695,-0.635025520167522,237.88304927134,234.179402462402,0
0.62,1.45141480140529,-1.31951594352722,-0.0250956676260615,4.31137390729004,1.26747741479841,-1.35029766354189,0.53285170367118,-3.49688403619433,2.82245389739047,1.1776494727446,255.196350123506,234.179402462402,0
0.63,-0.0864336928729008,-1.3633987903595,-0.0458203078542584,1.40976805117273,2.29415947733797,0.0538744382300249,0.081656774249937,-2.41843920867295,-1.18396176438277,3.04583499177354,254.514917680733,234.179402462402,0
0.64,-0.394540676402005,-1.06712734699249,-0.0341587389966619,-0.0213065986186169,1.70175235696622,-0.394263777459088,-0.0372187932271357,0.284515390543516,-1.67793505480059,-1.39031137284003,249.813281914625,234.179402462402,0
0.65,0.888992779397707,-1.61566078662872,0.0437538790769045,2.3258472698579,-2.17838087909092,-0.369753069202703,0.809632775751277,-3.00367684522726,1.06434683564146,0.477582982131663,259.080754646001,234.179402462402,0
0.66,-0.706326462217803,-1.18638801574707,-0.0504548802630427,2.20543328573674,2.51402514963752,0.539745332635242,0.458386018623984,-3.33480710033251,0.25163472418844,2.34617434498151,251.358504579552,234.179402462402,0
0.67,-1.10335716628148,-0.406717270612717,-0.00797599151611794,-1.85946148278783,0.389879059019567,-0.92353081979678,0.603780984886779,-1.77465856515413,0.678372805880797,-2.14259175085968,239.326106930859,234.179402462402,0
0.68,-0.0600177517812746,-0.288958340883255,-0.0276918478226307,0.811801157589908,1.38158129412181,-0.048510809041516,-0.0448962177788731,1.58687506713575,0.222745399581017,-0.391787160556564,238.455283333358,234.179402462402,0
0.69,1.35667225347929,-1.14336335659027,-0.0130208442734077,1.75766971509316,0.667316536388032,-1.34156802832439,0.202297728914506,-1.62959644537472,0.937619119000174,1.41153455545504,252.391539669452,234.179402462402,0
0.7,-1.95021702070243,0.139362812042236,-0.011284656666553,0.638257938569612,0.542306068464605,-0.0574795420883057,1.94940244012233,-0.519466390608015,-0.656980773744063,-3.10632917543049,230.413228616949,234.179402462402,0
0.71,-1.17397080108245,1.04676795005798,0.0180140772246953,-1.5537885407503,-0.91173010969802,-1.16609991426935,-0.136904852775323,-1.63819269236197,0.749556752346845,-1.46927064608857,217.580700580585,234.179402462402,0
0.72,0.843444053967026,0.52887886762619,-0.0168574347908718,2.23146493425819,0.847980329420886,-0.15273390667288,0.829671259615819,0.47680101158013,2.33905262601439,0.162067647617329,227.083088294134,234.179402462402,0
0.73,-0.495091697425283,0.773906230926514,-0.0375619264165504,2.95966671316837,1.87452498426801,0.490109069366594,0.0794970898849826,-3.31651467633777,1.12880528494425,1.80732227451574,222.277735452021,234.179402462402,0
0.74,0.742388105821428,0.300829887390137,-0.0164336484436662,2.33228739987448,0.831630561993478,0.253683230195018,-0.697893246266304,-0.0396203000055242,-2.47580373597794,-2.81507589553161,230.385692819227,234.179402462402,0
0.75,-0.526221823192183,0.594015836715698,0.0126618401314172,2.72212042031512,-0.640611008410908,-0.474787312832125,-0.227259184573184,2.22030094938438,1.70017226802362,-1.14842744976103,224.945733326578,234.179402462402,0
0.76,-0.801473757303467,1.15367305278778,0.00423476532560224,-0.832438972277122,-0.217120688426872,0.364105323853974,-0.71400660362821,0.180302407640288,-0.841181952794914,0.466289608843867,216.260579589728,234.179402462402,0
0.77,1.40093074862753,0.214585915207863,0.0165459606059,0.893546807903786,-0.817749117648319,-1.20713239123147,-0.711134390465159,-0.341108596166461,-1.1622325253369,2.11498051946321,232.164654331396,234.179402462402,0
0.78,1.68567158928267,-0.931419670581818,-0.00713885859254182,1.35685477945399,0.376713219836319,1.1471402958617,-1.23515537962926,0.642032710326231,-1.25330033966233,-2.39735818332539,249.502142797592,234.179402462402,0
0.79,0.413478956573767,-1.31737434864044,-0.0350417134870356,0.869054359255662,1.75448436203617,0.185968600530122,0.370956127905048,1.95011588313689,-0.174696589285511,-0.549251389652443,254.21743692043,234.179402462402,0
0.8,0.00767912917829495,-1.35986697673798,0.0196293909745429,2.18461658629418,-0.980251632888749,-0.00247852541044314,0.0209317683619468,-2.36125363233657,-0.397396749697374,1.31575513138728,254.526883855586,234.179402462402,0
0.81,0.476076951972916,-1.68144881725311,0.0221269362835464,0.0360305056103443,-1.10586544446222,0.00680129944762498,-0.476542346318711,1.1060140231929,0.0311377438299239,-3.08087721654364,259.691793283075,234.179402462402,0
0.82,0.597942386747489,-2.08508706092834,-0.019266669160131,1.06121515246512,0.973233808778927,0.538621845936027,0.260370523466611,1.36494771132689,-0.458562309523342,-1.15272607219194,265.841032726359,234.179402462402,0
0.83,-2.91867516656713,-0.0489731281995773,-0.00381828356021074,-1.4025942939915,0.159791333067662,1.79550405592016,-2.30105290951757,0.990138960098803,-1.00619524117118,0.663918977808802,232.487610482969,234.179402462402,0
0.84,1.05664034307095,-0.512135565280914,-0.00736812575568335,0.823971381831539,0.381230824712334,-0.702794097649312,-0.789064991107531,-0.835213833790647,-0.355926441323136,2.40698488532577,242.719253374336,234.179402462402,0
0.85,-1.63635162053715,0.615046977996826,0.030038454119332,-0.767405394073962,-1.52221416865264,-1.36603820201855,0.90138147606125,0.228883485304875,1.68927776409191,-2.17242034287759,223.599242893116,234.179402462402,0
0.86,0.196013117423902,0.580887675285339,0.0313558859016473,2.00668871406036,-1.56660068439614,0.125452140579605,0.1538378828732,-0.348612416262059,2.52180623417335,-0.525486248441238,225.684663194407,234.179402462402,0
0.87,0.383052003105232,0.273660093545914,-0.0399861517144182,3.093718258305,2.00081629599747,-0.365700671277144,0.120792170438757,-1.99961060236122,3.09449768961352,1.14776359729493,230.482843981503,234.179402462402,0
0.88,0.497601094766546,-0.0530734919011593,0.0440113360600052,-0.320043988334372,-2.19781926538999,-0.181961327588138,-0.465224593585737,2.19926499633675,-0.309953470179378,2.85697726984352,235.367235779966,234.179402462402,0
0.89,0.228980436023412,-0.243929788470268,0.00450964413065513,1.86845383189405,-0.227535958824237,0.226812448818229,-0.0317567320852629,1.88225431589085,0.00332035960472327,-1.69021328834001,238.066592844321,234.179402462402,0
0.9,0.568713571861249,-0.664898157119751,0.0158348863979073,3.33377820548824,-0.787347847511568,-0.0305564957110766,0.568112815395212,-1.05636585288899,3.25854030836195,0.0815703379806513,244.613092528579,234.179402462402,0
0.91,-1.27039241975676,0.164268463850021,-0.000521579142805706,-0.302675959870426,0.0124059756677933,1.23110294134261,0.31350074966072,0.290217955603364,0.0868342280506785,1.82055750905133,230.565086513188,234.179402462402,0
0.92,-1.47052936797541,1.29029834270477,-0.0431657007840894,-1.89441969911005,2.14583365491853,-0.393216762686117,1.41763905044444,-2.60973577379362,1.17588573506914,-2.84167491171626,213.706203016426,234.179402462402,0
0.93,1.93088849432497,0.123449921607971,0.0278287547480024,4.64292632418037,-1.37187925184667,1.80782582467907,0.67887451324292,3.8218486067319,2.97191701779101,-1.19715854939405,234.096464881982,234.179402462402,0
0.94,0.36589698510123,-0.285604357719421,0.0287209640344507,2.94003887882279,-1.4364387536501,-0.162942517551938,0.328869629876451,-2.74067080255212,1.78771039433565,0.538344952223713,238.792841718098,234.179402462402,0
0.95,-0.297726144799471,-0.116880506277084,0.0420447898947807,0.557442361487086,-2.10512619034055,0.199311877788511,0.22512973376893,0.941325928243873,-1.96372191525527,2.27665547909641,235.678834207653,234.179402462402,0
0.96,-0.482059074951596,0.247615098953247,0.00552064005852726,0.948930885948396,-0.284120143316189,-0.362647891428329,0.31764435466797,0.896255944460695,-0.421804888738487,-2.30158920372514,230.107583407969,234.179402462402,0
0.97,-0.047110897616818,0.296076208353043,-0.0156058604527214,1.67479415486835,0.782250644397262,-0.039967373206321,-0.0294208877112635,1.60644836868363,0.91442614277745,-0.616354488338301,229.741869083127,234.179402462402,0
0.98,1.71518138985522,-0.94123786687851,0.00896591076807773,2.94514452650241,-0.434899417600231,-1.55961433153026,0.713814208703512,-2.86327538158714,0.815271656942129,1.1467961713101,249.726986003132,234.179402462402,0
0.99,-2.0831031936001,0.249978929758072,0.033061131500798,0.219971524996652,-1.67313332329399,0.474825085429131,2.02853471546589,1.56931585222163,-0.620492018717434,2.89578965259335,228.76891569919,234.179402462402,0
1,-0.705650178144158,0.90227472782135,-0.0292910013802739,-0.987774395245727,1.4557587700255,-0.68988498384018,0.151191420882852,-1.22521108884396,-1.26245381704956,-1.74505463001668,220.069137153431,234.179402462402,0
1.01,1.44795039025858,-0.011759364977479,-0.0124099542394779,4.38107702157838,0.63552555391374,0.0891060139189589,1.44525930472621,0.941028101574923,4.32575943745439,-0.0701465495698115,235.574452108833,234.179402462402,0
1.02,0.166729076257287,-0.224449291825294,0.0275031729536444,2.00785939479066,-1.37889715777575,-0.168580027898763,0.0116526214123115,-1.86883160663109,-1.56215400874171,1.66526892326719,237.712409184364,234.179402462402,0
1.03,0.609621405152335,-0.644702613353729,0.00717602813403778,1.50094987807774,-0.353352234694165,0.169229888500039,-0.585705555580577,0.771864566040324,-1.33489079326975,-2.8485486412373,244.310274993974,234.179402462402,0
1.04,-0.054512996903078,-0.666771054267883,0.0275031994491946,3.30447860687414,-1.3805759363535,-0.0340113565452258,-0.0507081890551289,2.20230833457745,2.82407627000014,-1.05806989356777,244.142407212467,234.179402462402,0
1.05,-0.0402756231799082,-0.636219799518585,-0.00881830629458559,0.920397731532527,0.44014133974627,0.020269258743426,-0.0359032797725659,-0.285307890905618,0.979518142022316,0.72949425633439,243.658048623881,234.179402462402,0
1.06,0.668093771637298,-1.09063947200775,0.00730511088779168,2.18134554972836,-0.360427724716288,-0.381615043719919,-0.548427397886244,-0.928173583016202,-2.00665651068008,2.54460120807323,251.122965452232,234.179402462402,0
1.07,-1.71640146011486,0.0157114844769239,-0.0415201862222181,0.723538188255956,2.06028590843527,-1.56346683485203,0.709457084301872,-0.139814231366742,-2.17915981861565,-1.97259687696344,232.587482832236,234.179402462402,0
1.08,1.70997476503367,-0.998459935188293,-0.0176928977872988,2.89681185190883,0.904557842450175,0.320732085124442,1.67971951981746,1.45942569640546,2.66079319609191,-0.199019244681957,250.670100649053,234.179402462402,0
1.09,-2.19490142185336,0.36875119805336,-0.00312512225964556,0.100973135292267,0.134028935570594,2.19401630058448,-0.0624058555954857,-0.0973163254554658,0.136707214223621,1.54378414179395,226.914079807163,234.179402462402,0
1.1,-1.34111948886851,1.36761975288391,0.0115365959830579,0.205293267026496,-0.587319356664972,-0.023704369423652,1.34095961137539,0.589157848546832,-0.199955949387453,-3.13251932688357,212.581784653124,234.179402462402,0
1.11,2.16464089653528,-0.0594491735100746,0.0129317461726822,1.9145569880974,-0.628929338411468,2.15646124768951,0.188447149687982,1.84776488285655,0.804267064518625,-1.47765652701383,236.856472782274,234.179402462402,0
1.12,0.700833286992447,-0.624292492866516,0.00029643127016496,0.763078702024586,-0.00567679105125072,-0.198450189994798,0.672149467097285,-0.221829080426389,0.730146006301034,0.287513634074626,244.091446841037,234.179402462402,0
1.13,-1.02805459080294,0.0679496824741364,-0.0467565208093172,0.919509359950562,2.32678401198709,0.942333756675726,0.413629671250276,-1.85533857640435,1.67843381411998,2.02986555227924,232.329391349182,234.179402462402,0
1.14,-0.740513350899374,0.634860157966614,0.0300374850234963,-2.01198259508125,-1.50881862552627,-0.417758144029414,0.612160441766582,0.213883866428537,2.5057656114103,-2.58329538720095,224.065133759165,234.179402462402,0
1.15,-0.660662606186093,1.19438862800598,0.00358451012346851,-1.87807453177362,-0.189063168421675,-0.544391145146964,-0.374334354569553,-1.65955154334196,-0.899331698285826,-0.973852931609444,215.730077269577,234.179402462402,0
1.16,1.03943659429068,0.5628622174263,0.032669496505199,2.34115182748393,-1.6250619956768,-0.603770151473233,0.846733330950489,-2.71127120212691,0.877967446800677,0.650855866643415,226.631065704687,234.179402462402,0
1.17,-1.00774593650288,1.22408199310303,0.00971593233864343,-1.63875234644384,-0.498730601072203,0.76688862271979,0.653856339131327,1.57711789218152,0.668536176718923,2.26716229720679,214.94107345733,234.179402462402,0
1.18,-0.145403885171055,1.38818001747131,-0.0187320033606637,0.999232882060419,0.934878381396268,-0.0786528797636519,0.123721066426158,-0.0789650283449246,-1.36609972728618,-2.44719466007929,213.345107179572,234.179402462402,0
1.19,2.53007104434887,-0.263444155454636,0.0439937397326426,5.74511680544985,-2.17453703267711,1.8085659422848,1.7698260284547,2.48798553421175,5.61648523511809,-0.778837218709624,240.440849246938,234.179402462402,0
1.2,0.759879024439926,-0.964033246040344,-0.0321453993476057,1.52560974005659,1.61436393788157,-0.664333449357343,0.370284386043978,-0.45514358692933,2.1740515905022,1.02002870534054,249.221692382666,234.179402462402,0
1.21,-1.79198778808615,0.118495732545853,-0.00651744288828862,1.79526891388272,0.311099946813363,0.64672760212983,1.67122892458068,-0.932353874779992,-1.56540406995883,2.77599990795951,230.892105106493,234.179402462402,0
1.22,-1.31699578232837,1.19951522350311,-0.00974280620161938,-0.753360579160962,0.473071190596956,-1.25198085077272,0.408799171038577,-0.861368623762348,-0.222244477106449,-1.87900650396103,215.167384232177,234.179402462402,0
1.23,1.80505129005949,0.142906546592712,0.0232271654405987,2.41439930947732,-1.14328655690142,0.434434395360197,1.75214623165073,-0.562292226496311,2.6115619136482,-0.230175644733491,233.573187659979,234.179402462402,0
1.24,0.592833146569289,-0.411257266998291,-0.0136165855622464,2.51739527485134,0.683589613653755,-0.592598869856331,0.0215204674349325,-2.47248713349856,0.831493297882349,1.51153224789759,240.852351072836,234.179402462402,0
1.25,1.54314647025251,-1.41230511665344,-0.0165690973779876,0.949997598572131,0.847229315228535,0.319558699608702,-1.50978733639712,-0.643975710051998,-1.09799282089568,-2.94374973983882,256.542393368908,234.179402462402,0
1.26,-1.00340047060809,-0.768795192241669,-0.0155892247050562,-0.797197307361318,0.765943497859346,-0.905269983583537,-0.433060948558181,-0.372485314451986,-1.04088792830677,-1.10906057803003,244.805671103966,234.179402462402,0
1.27,-1.53467399037284,0.297895908355713,0.0170079874934785,-1.54909043007839,-0.864751784831694,0.905827376467611,-1.2389472516646,0.19667928042562,-1.76317726578507,0.620230332211899,228.47232277849,234.179402462402,0
1.28,1.54540116036065,-0.69403862953186,0.0167153089681024,2.05100132045664,-0.825134944496881,-1.09785631026936,-1.08777556049016,-0.854185569478878,-2.03907359014793,2.36239798126354,245.919206078638,234.179402462402,0
1.29,-2.04690066277869,0.503156781196594,0.0458201286116975,-0.22435826872307,-2.31181973258354,-1.6815410330228,1.16804176369275,1.17969134096981,2.00079370469519,-2.20028771085287,225.018114212428,234.179402462402,0
1.3,0.0735047501250659,0.567675709724426,-0.00489487777590113,1.98168975271768,0.241752527891919,0.0341439560506385,0.06527708927795,1.23943411975461,1.56503725947867,-0.548420925602417,225.791512135147,234.179402462402,0
1.31,0.688374315570309,0.11499946564436,-0.0296811398102195,0.654770970300268,1.49162999683946,-0.636828830196127,0.263038418160462,0.0344567252248927,1.62864907365154,1.13600477787115,233.014304807192,234.179402462402,0
1.32,0.362807238916077,-0.185024857521057,0.00938556841431804,2.53218095462478,-0.467559642185425,-0.109489587782334,-0.346019091484302,-0.251955143321504,-2.562629706321,2.86099821509082,237.322567385338,234.179402462402,0
1.33,0.942529245495695,-0.882040798664093,0.0268775770621688,3.745749554513,-1.33663201962607,0.938575563680489,-0.0903310247106102,3.82730713425997,1.08117758997619,-1.63823477780715,248.161503438309,234.179402462402,0
1.34,-1.60467407590778,0.152746304869652,-0.0242922979495456,-2.4048024401333,1.20208637967596,0.15630382687328,-1.59722826150019,1.46487702919159,-2.25437834660031,0.112686123505165,230.395717972373,234.179402462402,0
1.35,0.913448627483973,-0.370618611574173,-0.0234195621680458,2.17130843356512,1.17954867962104,-0.873812322004091,-0.267187007278266,-2.40788433181894,0.554985086148798,1.84190673180878,240.474151734324,234.179402462402,0
1.36,-0.219772233385502,-0.267936885356903,0.0287083602980258,-0.183483043778529,-1.43667791134144,-0.122098237669327,0.184975741318416,1.21104351531984,0.794407359163051,-2.6880582998364,237.989730238036,234.179402462402,0
1.37,0.774843580446164,-0.816164016723633,0.025288263099331,2.5747883309453,-1.25994273160262,0.62574070301469,0.457679629216654,1.25093222747527,2.57917800827203,-0.906667444102928,247.041926068996,234.179402462402,0
1.38,-1.65441031377572,0.188019797205925,0.0376395563145205,0.696571935729571,-1.89727502085692,1.25499236032479,-1.07864933970844,-1.78688096705179,-0.944415891438576,0.838073300896834,229.950589319624,234.179402462402,0
1.39,0.452755238820819,-0.0481966100633144,-0.0144229611315007,2.97790745138598,0.723552621426746,-0.24250443820322,-0.382605443687407,-2.27198476899312,-2.05658610188266,2.54482806915857,235.308500881451,234.179402462402,0
1.4,-0.84520840394634,0.489026069641113,-0.0015732852361382,-1.86283565824437,0.0728787558842573,-0.749485983751225,0.390705108091017,-1.6870294624121,0.793347083967375,-2.04947492883166,226.144098573275,234.179402462402,0
1.41,-0.629400920416401,0.992554187774658,0.0172976603797891,1.07324021502959,-0.874684569652658,-0.241496605127383,-0.581484408550716,-0.359554849452317,1.33702579099303,-0.421110871012458,218.833056217294,234.179402462402,0
1.42,0.00672809178654622,1.02386522293091,0.0221186938250746,0.882520978014423,-1.10591923305465,0.00213163600142997,0.0230208593143912,-1.23507057690825,-0.690290733482089,1.18317539453497,218.907280454859,234.179402462402,0
1.43,0.811616553923995,0.444470375776291,-0.0280360149942419,2.11880968048128,1.40710611311619,-0.226372663521801,-0.779912088603751,-1.99750057121276,-1.57457725871893,2.82457118615645,228.289590473417,234.179402462402,0
1.44,0.893528343947577,-0.184366345405579,0.0056183319671535,0.481783521555686,-0.272365254654813,-0.202857254117731,0.870214572127821,-0.377184403874889,0.405006319777019,0.23530951627503,237.650553458413,234.179402462402,0
1.45,1.19349906184289,-1.07049512863159,-0.00957213575428517,3.42737386216499,0.487493749925046,-1.06528066492304,-0.538245985905964,-3.28771493760339,-1.08419197392679,2.0306247219346,251.304320281155,234.179402462402,0
1.46,-1.08086955215486,-0.404563158750534,-0.0416197395824754,-2.05770287220194,2.07188825356329,-0.650100257516478,0.864511912396457,-2.90586572466085,0.287761074092627,-2.45833537798809,239.34467010036,234.179402462402,0
1.47,-1.7469096561302,0.84100866317749,-0.0474883263162088,0.122804545616878,2.36063365649687,-1.26112564307974,-1.20975642184034,1.76613254656626,-1.57112954417176,-0.779007502115776,220.020243504588,234.179402462402,0
1.48,1.41901544654439,-0.0247473064810038,0.0320052133823,3.83932255880891,-1.58929786463625,-1.08854740780797,0.910875245118541,-3.99143782538366,1.15528762618357,0.896577799975227,235.721594693874,234.179402462402,0
1.49,-0.767857663327175,0.405157327651978,0.0131972952897547,-0.921814460362861,-0.665493898655992,0.389345757648825,0.661958790812613,1.04867165375482,0.439217248174021,2.59272999134977,227.432887024078,234.179402462402,0
1.5,1.85839502958936,-0.857600390911102,0.0242551650320841,3.32835200838665,-1.19710168770967,1.72560165030241,-0.690303805224015,3.53621274188387,-0.0786065301799799,-1.93828331687383,248.5239448388,234.179402462402,0
1.51,-0.761081063263193,-0.490943789482117,-0.0140473335568143,1.08496066990131,0.697901481966325,-0.124401679126552,-0.750976653877058,0.848034187158439,0.97213381340946,-0.145707447407239,240.890963894865,234.179402462402,0
1.52,-1.3255862171579,0.51988673210144,0.0396146180973912,-0.0982892215113634,-1.99770223688434,1.32601339905666,0.0208950378846067,0.0700743491779007,-1.99889083841647,1.55667709920547,225.331754332609,234.179402462402,0
1.53,-0.158684768606425,0.716654479503632,0.0216529569608251,-0.654817711899749,-1.0832367084185,-0.0309347549581898,0.157139260748225,1.04291124351153,0.717303381032178,-3.08283127876198,223.343031688042,234.179402462402,0
1.54,0.263647737508755,0.526538491249084,0.00437889540690826,2.17314213286212,-0.22008898784812,0.261747993531178,0.0318950168658493,2.12227687561365,0.51664954798016,-1.43293284952926,226.567733245182,234.179402462402,0
1.55,-0.145814439317114,0.627858281135559,-0.00136380365982512,-1.28768801174674,0.0680231292957688,0.030542084142945,-0.142586436136093,0.34784798553945,-1.24168004762564,0.220364582331694,224.667772901903,234.179402462402,0
1.56,0.818662830790755,0.0785219669342041,0.00433872830351001,0.422089187790408,-0.212991846831194,-0.775392240606326,-0.262668095301133,-0.329644972375524,-0.338908544379851,1.90271825583409,233.753267341944,234.179402462402,0
1.57,1.6232556841193,-1.02754807472229,0.0220973710635037,2.08961458710067,-1.08849045463573,0.820655934426216,-1.40070380420865,2.01236697050904,-1.22543044211464,-2.59800189387749,250.842335977706,234.179402462402,0
1.58,0.99501892230615,-1.83468329906464,0.0351274734885947,3.44519944744204,-1.75159889508464,0.677734047477695,0.729364899094058,0.930234515094898,3.75128800131939,-0.713432830432353,262.529092898779,234.179402462402,0
1.59,-2.85734419102753,-0.0714686661958694,-0.0283075578560179,-1.02630379880285,1.38961986190583,2.52573178292879,-1.33637423820346,1.54955147705085,0.763696973943129,1.09404430826991,232.957291393189,234.179402462402,0
1.6,0.654147318913091,-0.353480070829391,0.0431459699771622,2.14892002716128,-2.15665326267754,-0.242754115536251,-0.608966935848465,1.38892781953539,-2.70922315261648,2.82812774002446,240.09668661689,234.179402462402,0
1.61,-1.31746112945591,0.463204652070999,0.0264251558033698,0.91345680039668,-1.33510875968748,-1.30089849008615,0.209917209818647,1.13776768368778,1.14995800981642,-1.75083547551763,226.238084135838,234.179402462402,0
1.62,-0.840588396113124,1.12604057788849,0.0290932884733355,-1.13832309868513,-1.46237521013735,-0.080296744924997,-0.837250084424407,-1.59779798844793,-0.938808990336226,-0.130209714338216,216.568631552069,234.179402462402,0
1.63,-0.969484969959208,1.83809387683868,-0.0205164172212766,2.40915752947053,1.0168644666465,0.954356085324913,-0.171832746459202,-2.22055721069947,1.38100652400465,1.41381303452769,205.979046434463,234.179402462402,0
1.64,0.880867465473373,1.33905696868896,0.044454774557441,0.940087891648734,-2.21487452819216,-0.20416948680253,-0.858031782260557,2.00657134364636,-1.32781996615365,2.95841027567373,214.929360601925,234.179402462402,0
1.65,-0.127890788625765,1.37067651748657,-0.0210938159911268,1.70913547813637,1.05152957645756,-0.121889511611434,0.0440902466256847,1.48841066122683,-1.34591687571549,-1.75441196390539,213.627641882161,234.179402462402,0
1.66,1.2962723023573,0.55522084236145,0.0142386524048442,1.7287024777822,-0.699138039737779,0.189263903991199,1.28246005619162,-0.459139177911766,1.80731775584848,-0.135537314790512,226.968490699983,234.179402462402,0
1.67,1.82312155459003,-0.815173208713531,0.0168781866660421,2.26721448590375,-0.82992970492708,-1.82233202105131,-0.0562412752961952,-2.2321113699327,-0.92017589211482,1.61090637466835,247.991213014413,234.179402462402,0
1.68,0.265863392533819,-1.10900831222534,0.0321205833160617,1.63858459854394,-1.60375633958144,0.0477620590482324,-0.263503057055566,2.01586460928861,-1.09237528365975,-2.84204800056077,250.989076581266,234.179402462402,0
1.69,0.757303670832515,-1.65078973770142,-0.017668444080915,1.37800130509543,0.888262927868321,0.614113135728997,0.44349304424956,1.63876537588152,0.0484424264651656,-0.96867321358204,259.527760140527,234.179402462402,0
1.7,0.042549786080538,-1.71700537204742,0.0300086191272717,0.905145987793821,-1.50003774038296,-0.0164353331548976,0.0494052764541676,-1.61876554280036,-0.670075069850173,0.935394375100109,259.895128198619,234.179402462402,0
1.71,-1.57568855064578,-0.591752111911774,-0.0389328168426147,-0.520423592300806,1.92888051764,0.609560729480013,1.45352877162418,-1.60732875146307,1.1865559622178,2.76920702999308,241.634353990682,234.179402462402,0
1.72,0.233187550641839,-0.664277672767639,0.0243830302227475,3.25984223330462,-1.21699608158097,0.226228457599199,-0.0615763827247987,3.41315707027591,0.676764111227431,-1.73235975765718,244.330071220245,234.179402462402,0
1.73,0.109207402095105,-0.748506009578705,0.0152902355018252,0.747690149390356,-0.768168293993427,0.00836831316492144,0.109954623862924,-0.813819694730418,0.697725298280802,0.0631461777324082,245.469161166106,234.179402462402,0
1.74,0.0155216848477756,-0.757590115070343,-0.0283865170117196,0.477966705117996,1.42154272224551,-0.00669623981487151,-0.0316524473131548,-0.866829047738332,1.2238640792047,1.86269646581875,245.519482867036,234.179402462402,0
1.75,-0.149676427905522,-0.656048357486725,0.0288555028902377,1.36515756106573,-1.4497001749074,-0.0987728951522005,0.11610162919123,1.93380303605013,-0.475070080540538,-2.6271155518531,243.851194160726,234.179402462402,0
1.76,0.0560985724345548,-0.686159133911133,0.0554336202013476,1.32109541693818,-2.77356704174208,0.0787844933009576,-0.00359717849621188,-0.876384418300199,2.94447237838184,-0.836986838426264,244.491733062869,234.179402462402,0
1.77,-1.8848115481709,0.610694110393524,-0.0225711298521909,-0.390903141428359,1.1085697698131,1.43041656918809,-1.22757177656273,1.01150005030769,0.598832070575348,0.873540379760578,223.303702370431,234.179402462402,0
1.78,0.462480747176163,0.420808911323547,-0.0460721852278908,2.30059844516307,2.30946309442599,-0.227860603563344,-0.405081020419427,-3.21182908606147,-0.557249416627741,2.52990636318616,228.285901064636,234.179402462402,0
1.79,-1.28648727639814,1.23982322216034,0.0244370732635152,0.0495807646218041,-1.23247378449259,-1.10143470078221,0.665197927534953,0.699022689489735,1.01627612451563,-2.13309906551515,214.505362873959,234.179402462402,0
1.8,-0.056999815570327,1.38334882259369,-0.024885748562922,-0.648340258537371,1.24277777062785,-0.0515437899450414,-0.0348068552829714,0.702261516420589,-1.21312424778408,-0.565200150151104,213.457238985484,234.179402462402,0
1.81,-0.718152019369794,1.85966157913208,0.0373259390530779,-0.325066512135033,-1.8725512521496,0.61322977771012,-0.375612550882826,-0.79162446974674,-1.72784464814892,0.969297013725852,205.805060377665,234.179402462402,0
1.82,-0.174439550245457,2.05963468551636,0.0122660804795359,-1.11187299381493,-0.618721656337977,0.0992847547560167,0.143951904791862,1.17735825644855,0.482602919975628,2.46760610903867,203.251075450261,234.179402462402,0
1.83,0.14348362194876,1.99129891395569,0.0256011196771654,-0.0246210404084248,-1.27991814612177,0.0875659692787165,-0.116512523449362,0.854170652396354,0.953514107387702,-2.32052757848994,204.558090891374,234.179402462402,0
1.84,1.11705902067652,1.22665739059448,0.0625385977824074,1.71504319314828,-3.12118310486668,0.824827212281316,0.755904757074332,-1.03645685204955,3.4071856894377,-0.773045510825426,216.912786378516,234.179402462402,0
1.85,1.7242376341793,-0.0583290196955204,0.0384239909402463,4.15742126460107,-1.90754535110209,-1.32355917989618,1.10574089167063,-4.4391925581049,1.10292804386068,0.897102955594321,236.480354545571,234.179402462402,0
1.86,-1.71089839918525,0.941873967647552,-0.029916643832451,-0.475796264032205,1.48383576615202,0.961559313850442,1.41544057588453,-0.981347932435489,1.21041600339864,2.56235453416298,218.597344778805,234.179402462402,0
1.87,0.657938690156131,0.60394948720932,-0.0335803659273655,0.436524985676619,1.68435822312613,0.587844963917452,-0.297404202016498,-0.457040352854333,-1.67890762187661,-2.09016548251765,225.704267009076,234.179402462402,0
1.88,-0.0575492191003133,0.606285810470581,0.00636963125238877,0.42781195920312,-0.317341880610958,-0.0186361817084379,-0.0548194997485143,-0.105973735104978,0.522013897415396,-0.437931258395759,225.088454205549,234.179402462402,0
1.89,1.43240991384877,-0.415248364210129,-0.00709459799570034,1.75376599370418,0.366004169540681,-1.37353857477285,0.406497574683954,-1.57357838103417,0.856449234652152,1.27810716877064,241.611694890567,234.179402462402,0
1.9,0.302641724174802,-0.714992523193359,0.00377496452936864,2.95518670514121,-0.184036193282666,-0.0273385830978185,-0.301428043557494,-0.046725226180652,-2.96054294613669,3.06361597273606,245.166317425914,234.179402462402,0
1.91,-2.08871001251195,0.754494071006775,-0.0363064029618614,0.746953234163803,1.79433689311942,-2.08764191817827,-0.076019028727239,0.842323079058677,-1.75159237567487,-1.51701811991745,221.165479102459,234.179402462402,0
1.92,2.24993485408098,-0.531960487365723,-0.0103984427738576,3.79270897779064,0.544201627626045,-0.441388961377738,2.20623905322937,-0.192729689488102,3.8267025058808,0.192835445356735,243.996895429404,234.179402462402,0
1.93,-1.62333814447497,0.476689457893372,0.00145736618456085,-0.26125633420178,-0.0922243477359062,1.52967859203301,0.543426407436676,0.277056147812505,0.00030567165575926,1.91124746472089,225.632060017318,234.179402462402,0
1.94,-0.0928842286853385,0.636377155780792,0.0445903019479751,1.15063370107141,-2.23266977421243,-0.0785359338194409,0.0666924438402902,2.50769565548975,-0.142248845903754,-2.72239511627355,224.61965183818,234.179402462402,0
1.95,-0.504167193832281,0.985471606254578,-0.0058300668728834,0.819534026789785,0.284593976987918,-0.451435426474069,-0.224554235632807,0.859185491844771,0.120125115640067,-1.0976494288427,219.028813621201,234.179402462402,0
1.96,-0.460816890412387,1.32130014896393,-0.0071357291731484,1.39348956151368,0.351438508995786,0.209648977996979,-0.410427132564352,-0.342572229052558,1.39569568729531,0.487739358731714,214.112671208378,234.179402462402,0
1.97,0.626855596413039,0.931707561016083,-0.00804914028378578,2.18061150784531,0.410407569792898,-0.542280031437193,-0.314555392448026,-2.10148982883295,-0.712208832297338,2.08358582350368,220.855179293014,234.179402462402,0
1.98,-1.18193436684536,1.77224183082581,-0.0380493400747187,-1.80323506563804,1.89113703017215,-0.537401750888243,1.0533831012279,-2.52678215949548,0.665903812341043,-2.63766290671903,206.71692680166,234.179402462402,0
1.99,0.169581891543411,1.73220419883728,0.0350858599534231,1.46934305063238,-1.75350862371061,0.167742545626614,0.043028756603181,0.548985643891946,2.22089537274265,-1.11567610391855,208.47485534848,234.179402462402,0
2,1.95194250652505,0.334298700094223,0.0268061029989311,1.90673742967016,-1.32705351026257,-0.913381939415504,1.72526274772478,-2.07939559209177,1.03577633512002,0.500634822998895,230.920191010202,234.179402462402,0
2.01,-0.173026417489977,0.34507155418396,-0.0138470297623942,-1.15613281063414,0.69154216731995,0.149308755158288,0.0885255726654112,0.545254690621294,1.23189730390233,2.18583914184136,228.894783656678,234.179402462402,0
2.02,1.91331611187553,-0.96962296962738,0.000744606706101769,2.49263679372358,-0.0219532577147087,1.37923623783292,-1.32607937117284,1.81272754868827,-1.71106369407322,-2.33615880313622,250.451018528772,234.179402462402,0
2.03,-2.29820985880553,0.385497123003006,0.00698706607075733,-0.975355139168882,-0.371707210614428,-1.28072388325104,-1.90828816195919,-0.854003071209138,-0.600135528269462,-0.594131673572564,226.611676931228,234.179402462402,0
2.04,-1.07037840422429,1.24175918102264,-0.00708500749466484,0.846250310158252,0.343959013591703,0.908510477136881,-0.566011341311695,-0.541262886972736,0.735854522076106,1.02024818598821,214.682656927076,234.179402462402,0
2.05,1.27348624729485,0.434034019708633,-0.013603117497441,3.06736035384105,0.691153582089138,-0.58833932174656,-1.12951720187944,-2.05552659748748,-2.37932831306907,2.65070203423285,228.778555174586,234.179402462402,0
2.06,0.361537070375038,0.114922523498535,0.0135010936271266,1.85944165475509,-0.67024379324696,0.332397143682047,-0.142840721282519,1.97604592815432,-0.0446374243111883,-1.93933947573352,232.836257676508,234.179402462402,0
2.07,1.20310882738066,-0.76136839389801,-0.000982696089660895,1.56680954975051,0.0588033797485889,0.210309482828325,1.18458504871763,0.333035652626426,1.53213486897823,-0.176524490625794,246.569899911453,234.179402462402,0
2.08,-0.339793592530493,-0.590883255004883,-0.0100036503776033,-1.16377697577227,0.499288548498304,0.339897508998826,0.00542604110277453,1.13992106133819,0.551584878252495,1.61619060006987,242.712411563307,234.179402462402,0
2.09,0.17276279198461,-0.691401422023773,-0.0455935435285127,1.63284980604841,2.28061748357415,0.0887395746843435,-0.155083981734562,-1.78050024988408,-2.16731018907288,-2.87988810325554,244.707099800412,234.179402462402,0
2.1,-0.606989652515311,-0.292773693799972,-0.0230339729202047,-0.798064949522085,1.14876518692278,-0.554511351498295,-0.247960003284162,-0.207292981306464,-1.38332886120492,-1.11236989653668,238.044203124177,234.179402462402,0
2.11,0.816867357813298,-0.849660694599152,-0.0148664648890636,2.46522465868442,0.749052738877366,-0.51949753262391,0.630567685214558,-0.945956584747691,2.39657646720856,0.670922140635477,247.596067405711,234.179402462402,0
2.12,-0.404744647647847,-0.657961547374725,-0.00193139611065148,1.93081885118477,0.094452325285112,0.253126063372958,0.315830898000536,-1.27429461608617,-1.45366980750652,2.47073350601042,243.725590135178,234.179402462402,0
2.13,-1.44313522455666,0.441774249076843,-0.00811700810406257,-1.7129352168955,0.389122615918112,-1.24494314080017,0.729946394162864,-1.67744291446215,0.521295248607286,-2.09547854023398,226.356425526885,234.179402462402,0
2.14,0.00612173963144194,0.532592356204987,-0.0281296787252215,0.465314131665849,1.40912239724975,-0.022897096120215,0.0174492839555375,1.47365005045671,-0.17463877103258,-0.436899412247447,226.26020919917,234.179402462402,0
2.15,0.131068211559542,0.457480818033218,-0.0110221008401921,-0.0873488696396459,0.548881171992898,-0.127097530027178,0.0338611968090155,0.267475180780134,0.487193384255427,1.22652818502192,227.484334889307,234.179402462402,0
2.16,1.59057248150251,-0.574750483036041,0.0176024584695997,2.52653494370664,-0.86431780006022,-0.303799290030244,-1.56138933544275,0.395117643252549,-2.64089116194935,2.96049009378882,244.090730889848,234.179402462402,0
2.17,1.27476072238369,-1.58385324478149,-0.00876370101944446,3.56257709718564,0.447775825061324,1.26803044536614,0.131112514323744,3.5891102250531,-0.103665593715186,-1.47463858691221,259.030438224872,234.179402462402,0
2.18,-2.69800046887442,0.024871751666069,-0.00105628514844214,0.886555292372197,0.0272868006535291,0.839172766050968,-2.5641756403381,-0.250149613475125,0.850970050472579,0.316673411319218,231.692876988611,234.179402462402,0
2.19,0.632481808928718,-0.26135066151619,0.0245633272011047,2.65168193269763,-1.22725657525215,-0.57491438157007,-0.264783023498177,-1.80738741379191,-2.29584984486382,2.04121473152719,238.724546621917,234.179402462402,0
2.2,0.0104296850049289,-0.30266922712326,-0.0252912107481408,0.1884744128646,1.26551672141531,0.0264475972696649,0.00699630395784244,-0.893626858986411,-0.915688928285412,-2.49184560431998,238.733852469777,234.179402462402,0
2.21,1.10847646997987,-1.05111908912659,-0.00181183259800993,1.7642124489559,0.0979857462649812,0.708099399999549,0.852829764347307,1.20448675220211,1.29277160987226,-0.694576386444174,250.935913567796,234.179402462402,0
2.22,-0.239154172154715,-0.958446204662323,-0.059958793306505,0.679525523375055,2.99777103230922,0.191397826819879,-0.155424087072779,0.651242559827711,3.00404214806309,1.1344010822252,248.345784926291,234.179402462402,0
2.23,-0.0425991121717056,-0.917016983032227,0.0231461925928603,1.27346911564527,-1.16224327566182,-0.0147522481923486,0.046182266755051,0.902978877460601,-1.46872807802651,2.95306062874513,247.871459007507,234.179402462402,0
2.24,0.100495889393217,-0.999228715896606,0.0279456320658798,2.40839865324962,-1.39838876123652,0.102058812299849,-0.0215495004220386,2.31537375845976,1.54755276458127,-1.50766269479773,249.225878822853,234.179402462402,0
2.25,-2.25122450315705,0.501929461956024,0.00109079450920317,-0.447837099067343,-0.0761295298112577,0.50236073313578,-2.1944581671225,0.0255052218273179,-0.453545208628507,0.224560199052718,224.619560108948,234.179402462402,0
2.26,1.03863884789869,-0.0371578596532345,-0.0101622704213737,1.30507824453853,0.517192307502943,-0.974475966827432,-0.359542095143488,-1.40302876363355,0.0471952934614904,1.91447675734598,235.595807825896,234.179402462402,0
2.27,0.134187084082876,-0.189043134450912,0.0171302317818713,1.48359237868176,-0.85392696116116,0.0500643933657122,-0.125670899147291,1.4660624403788,-0.883684628128782,-2.63551367530258,237.151675893873,234.179402462402,0
2.28,0.404043901343569,-0.493627846240997,-0.0174040147859582,2.21187898432198,0.872843356837657,0.299660570599664,0.271584087110208,2.25910754622823,0.742089793377817,-0.877556261688474,241.924605814281,234.179402462402,0
2.29,-0.189719218903928,-0.40803650021553,0.030293426293018,1.72969072735423,-1.51584763328619,0.166393366515932,-0.0960433302087228,-2.29827748098443,-0.0868601176282979,0.888966986149012,240.151858460516,234.179402462402,0
2.3,-0.0312914554021398,-0.354827404022217,0.0254097305969154,-0.0309944462391044,-1.27480359777423,-0.00749530369981757,0.0396059340584138,1.13651014682365,-0.578298845548464,2.64659183501326,239.46746006069,234.179402462402,0
2.31,1.10735497440453,-1.08424758911133,0.0353609810572422,3.91620602155796,-1.7559992831392,1.05987013091102,-0.322739436577628,4.23851723318462,0.674666398799573,-1.83446220142316,251.376546120578,234.179402462402,0
2.32,-2.23722580681139,0.43790739774704,0.00876347051458404,-0.49725719771825,-0.462728622964396,-0.200488852927319,-2.22824153289769,-0.507201842425533,-0.451806142314685,-0.0936517257167615,225.814757865734,234.179402462402,0
2.33,-0.798400169922367,1.08332991600037,0.0170312637042089,0.0326694338189759,-0.858256591448539,0.798393040565466,-0.017362259416838,-0.0695941764418455,-0.856053923112498,1.52772474357038,217.354688853064,234.179402462402,0
2.34,-0.0524127316415583,1.15018773078918,0.033541676504279,2.47645775466959,-1.68306804285557,-0.03237662922033,0.05314030844074,1.62799659597376,-2.5130038064123,3.11951844379216,216.997961763154,234.179402462402,0
2.35,0.96603850205317,0.522420763969421,-0.0305977843675615,2.36600155631314,1.54077296919226,-0.447922001063543,0.856465114771505,0.357677110130112,2.8007162997988,0.450206490868852,227.199527381369,234.179402462402,0
2.36,-0.0711377011797095,0.501463651657104,-0.011462276726063,1.87706418715288,0.568975010277202,0.0668284442411041,0.0269428164302126,-1.901071907155,-0.482729871499477,2.11378215633556,226.673091047611,234.179402462402,0
2.37,-0.702144534177706,0.985895931720734,0.0130615773855127,-0.300967069664971,-0.661009353280285,-0.408466786219268,0.571255141101704,0.374281838180572,0.62243686246471,-2.53944818889379,218.914016283475,234.179402462402,0
2.38,1.94834780525837,-0.265297025442123,0.016232545356282,3.66543965834978,-0.792040884281325,1.47937917303864,1.26797473482848,2.24266932502425,3.00553006139878,-0.853863962390752,239.982949180782,234.179402462402,0
2.39,-1.98916109392395,0.948256313800812,0.0148908798512585,0.268379136306366,-0.765269200928453,1.46408550731556,-1.34663923273905,-0.718430199598222,-0.376194575983604,0.819673050182007,218.44257708748,234.179402462402,0
2.4,2.10279589165104,-0.267733007669449,0.00398838346220587,3.82182525284838,-0.176696541405807,-1.25643916460067,-1.6861574940689,-2.13586718588443,-3.17421506759018,2.50309989690122,240.071711855818,234.179402462402,0
2.41,-0.907093977935811,0.2179044932127,0.0256312241206074,1.94817850091021,-1.29446331128984,-0.813011055930001,0.403099823111993,2.32781838513625,0.228683846184775,-2.05933602083983,230.240464807578,234.179402462402,0
2.42,-1.39662051648106,1.17720139026642,0.0187184146979802,-0.710693030637145,-0.947914704467878,-0.565375219742227,-1.27720401933522,-1.15792437565361,-0.250675110471386,-0.430140382134141,215.441038087649,234.179402462402,0
2.43,-0.254910090328649,1.44131278991699,-0.0218847035526282,1.20952280926698,1.0892269581087,0.222107123125711,-0.126990236860031,-0.639743669734004,1.49669263024947,1.1370489131378,212.465115746795,234.179402462402,0
2.44,2.55136561477455,-0.166054517030716,-0.0109861045055263,3.37809192059987,0.575638471500872,-0.847925564586858,-2.40636851534967,-1.67846998376883,-2.98757480031564,2.79850450039469,238.781166206708,234.179402462402,0
2.45,-0.00172599369183147,-0.346088916063309,-0.0206557343558458,2.88109285401,1.02909045164459,0.00159409582010808,0.0206663319077146,2.67982593997929,-1.47589163643802,-1.73114516629535,239.395630875327,234.179402462402,0
2.46,-1.1650170218431,0.384540915489197,-0.0315615301980616,2.67712199763952,1.56827678736275,-0.0593635049074595,-1.16393159835865,1.63173740172252,2.63892162139122,-0.0238739952756836,227.577309488042,234.179402462402,0
2.47,-0.739091795562341,0.943074643611908,0.00617997035509926,1.90760873064435,-0.320161306887625,0.738187672249517,0.0370652780914311,-1.89256053589337,-0.399610997893631,1.61260400045868,219.48022774496,234.179402462402,0
2.48,2.17889622363464,-0.469207555055618,-0.0118951513599907,3.8948591387858,0.615867238041647,0.389287766104372,-2.14387156405337,0.0683751020235767,-3.94265710039557,-2.96742731386925,243.000645048962,234.179402462402,0
2.49,0.753702493395486,-1.0829085111618,0.00853077500802796,0.31979585998236,-0.420113268402969,0.692761883710563,0.297020529847016,0.122567019978358,0.513558055105464,-1.15443705550475,251.065616274563,234.179402462402,0
2.5,0.691190008203136,-1.59859132766724,-0.0222721454461855,1.31169520337633,1.12056642515958,-0.471021654698857,0.50633810513073,-0.0174048680318672,1.72508274883386,0.717067580009469,258.648077277897,234.179402462402,0
2.51,-1.46137092742619,-0.636521577835083,-0.024086773910019,-1.90688011921423,1.18957650653295,0.834434053586235,1.19996040368819,0.0750090101634481,2.24625414909887,2.55045177717267,242.332282949657,234.179402462402,0
2.52,-1.97750929299572,0.829297602176666,-0.0241357484663562,-0.30917121158542,1.18802503802479,-1.74659650560057,0.927645506032527,-0.819210779099068,-0.914266935011272,-2.04682131697619,220.228218256393,234.179402462402,0
2.53,1.15818080588936,0.194901019334793,0.025187482085157,2.78697172441417,-1.24778698746989,0.459733305809264,1.06332613807524,-0.105688174330601,3.05172308189815,-0.386338997956946,232.352246041383,234.179402462402,0
2.54,-0.0988511083075886,0.184513315558434,0.0289420699969375,1.01926275986278,-1.45250197718349,0.102963127696434,0.00278915118164741,-1.35583374438144,-1.1447154340541,1.31305456583635,231.377421881872,234.179402462402,0
2.55,-1.22822623481022,0.976429581642151,-0.0118753528724531,0.333786275662357,0.584553689620312,0.234899542227851,1.20561308592063,-0.63548197013177,-0.221988647247356,2.9588336071689,218.586170962928,234.179402462402,0
2.56,-0.376796930785076,1.34320604801178,0.0224283756425374,-0.64875595645954,-1.12970813715424,-0.375130961285962,0.0419013241758101,-0.447432722936872,1.22349038600209,-1.74148672493673,213.816766254418,234.179402462402,0
2.57,0.635457524018042,0.93707013130188,-0.0108522801859832,3.38209839423454,0.549414773663337,0.082066273584625,0.630229453101257,1.03744590360169,3.26560134414834,-0.146564140339287,220.763316024229,234.179402462402,0
2.58,0.841649146840285,0.299384206533432,-0.0104392095050454,1.33858776755483,0.52604341622258,-0.840730444368913,0.0406765704468696,-1.30418257205896,0.606338771592442,1.51004896618776,230.499365354876,234.179402462402,0
2.59,1.10932799598877,-0.478411287069321,0.0364742632809474,1.4153111855267,-1.81464468755354,0.0807412380256283,-1.10698682334002,1.95380869977406,-1.21600684974653,-3.03591597290683,242.251796331528,234.179402462402,0
2.6,1.32356589458717,-1.46819233894348,-0.0115560544420714,2.91496042947071,0.587563778544618,1.22995092818276,0.489061278339406,2.9303070819503,0.505495701969478,-1.20106838482991,257.372086686605,234.179402462402,0
2.61,-2.12181618176069,-0.17460934817791,-0.0656881365120359,-0.686921929531084,3.26632790628979,1.13913360358356,-1.79131054640078,3.08703935108899,1.26923117417837,0.597363304740514,235.110321436487,234.179402462402,0
2.62,-1.7172840274105,1.1021226644516,-0.0134430605021812,1.62291424191088,0.654846950348445,1.3478974595426,1.06415111015001,-1.67566458772092,-0.504800311445931,2.24692352264497,216.186222010225,234.179402462402,0
2.63,0.0314255327743971,1.20326280593872,-0.0169651745558947,0.294672703496343,0.847483848564482,0.0330849752634426,-0.0134449124089401,-0.466211998829936,-0.766620667547194,-2.45180603108706,216.254252015369,234.179402462402,0
2.64,1.66528670753483,0.132663354277611,0.00589429198752037,1.8222310791573,-0.277126169242486,1.19724111191331,1.15750951655474,1.11224722366174,1.46977247660396,-0.798730023850179,233.715797598181,234.179402462402,0
2.65,0.975136042723232,-0.673896193504333,1.03697336281683e-05,2.45228556611802,0.006419281153278,-0.799475807346405,0.558326728173808,-2.0068723287852,1.40932933018425,0.961178477422212,245.087602476549,234.179402462402,0
2.66,-0.476114880000499,-0.411478102207184,-0.0124541620389174,-0.614252773930586,0.620369620269439,0.198557173278943,0.432915158026901,-0.329067439110517,0.80862819425983,2.7377194283353,239.933971936242,234.179402462402,0
2.67,-0.426532547409973,-0.0610082522034645,-0.0276017600589974,-0.469859033701963,1.37391416487799,-0.408125563051696,0.126985810003053,-0.779336124676896,-1.22517053865056,-1.80782347351446,234.760701510375,234.179402462402,0
2.68,1.53705923764433,-1.00048172473907,-0.010881314090433,1.8275178035769,0.562306475283052,0.0285458782576267,1.53683266358397,0.608994991186177,1.81249413661009,-0.0256515399121796,250.462901285858,234.179402462402,0
2.69,0.111434352808811,-1.14717733860016,-0.00352265452893485,-0.225755478253203,0.173729275778171,-0.107294616705049,-0.0302966880527456,0.177186492796292,0.223052334653305,1.814399171142,251.430058125684,234.179402462402,0
2.7,-1.47049056846035,-0.215489327907562,0.00116999986941246,0.104775901214603,-0.0714065537670357,-0.648626653969152,1.31970729504361,0.11025091005981,-0.0626228570667337,-2.68556957686313,236.196735277437,234.179402462402,0
2.71,-0.384350951524679,0.158624842762947,0.0180174920159434,0.103618372568294,-0.909292734134272,-0.307597209398003,-0.231158475351936,-0.425974964026631,0.80999714413422,-0.973181044140238,231.516819291384,234.179402462402,0
2.72,0.377771169065398,-0.0487188510596752,-0.0100712691297531,0.230602447678783,0.508753849205132,-0.261792028698239,0.272538841908784,0.220906872156677,0.513038128983059,0.738634823470462,235.235895382033,234.179402462402,0
2.73,-0.218942621722494,0.107933886349201,-0.0113397283665708,-0.400954434049874,0.561134064117494,0.148070093306344,0.161677792273389,-0.177717971328226,0.666372432476202,2.45184470559007,232.378845999248,234.179402462402,0
2.74,0.262269479873897,-0.0486476235091686,-0.0223514659575502,1.65968392644908,1.12158867299147,0.235745748502737,-0.117084628225315,0.835992928766214,-1.82033725176108,-2.11678330879547,235.167800009782,234.179402462402,0
2.75,-0.897115400618427,0.567972600460052,-0.024318170230532,0.559925130089398,1.20448131071945,-0.398380192983808,-0.804176993744727,1.32826279861757,0.00305237394585911,-0.432851332372561,224.917266185718,234.179402462402,0
2.76,0.922433235665768,0.0379897989332676,-0.0188957362554561,0.383787002983596,0.95402574103117,-0.882310009948478,0.269757612411905,-0.0670767067339053,1.02613756076997,1.25359987562567,234.366333412702,234.179402462402,0
2.77,-0.533514668556145,0.349055618047714,-0.00293530568006049,0.284457613099535,0.139565588829773,0.104958427959113,0.523096784528791,-0.191412491059899,-0.252499397032805,2.94907567478861,228.488415318916,234.179402462402,0
2.78,-0.570981092090998,0.809528589248657,0.0355334749244779,-1.71853251968398,-1.78534233467188,-0.571239424079881,0.0311055580648029,-1.49926031632559,1.97307368769499,-1.68734751560578,221.626610922781,234.179402462402,0
2.79,-0.915197002568934,1.47442710399628,0.00246586266075355,-2.06284281581839,-0.129862795634598,-0.0917901717562955,-0.91058563483001,-0.341594828366313,-2.03850381449164,-0.103158427435571,211.346294268989,234.179402462402,0
2.8,0.681386069077499,1.05867040157318,-0.0132181181463136,0.77061170315041,0.6646269294274,-0.679608824177438,0.0509268090535479,-0.704685648372534,0.734159035448214,1.47660421014145,218.941314845392,234.179402462402,0
2.81,0.104284494916393,0.931650817394257,0.0172517017089251,2.72488002495167,-0.861159800165289,-0.0228668850552167,-0.103198753188652,0.712518659727513,-2.76746897206481,3.08747924343505,220.413405678576,234.179402462402,0
2.82,-0.534298549681996,1.32118904590607,0.0239206709685098,0.130991263068495,-1.20583967421989,-0.534806799178106,-0.00536900779821031,0.17274849841681,1.20056902642778,-1.60549786766371,214.01334973135,234.179402462402,0
2.83,1.34530200935657,0.483248949050903,-0.0252801268973117,2.80449292442614,1.27812988709124,-0.0512528609128725,1.34456302397582,1.22373751747193,2.8286503954649,0.0193109517081113,228.094827286303,234.179402462402,0
2.84,-0.162886083444628,0.531898617744446,0.000530181007370708,-0.303554974719503,-0.0323172407893402,0.161786462478923,0.0189023234124036,0.305262958537163,0.00213374654841595,1.68384912846425,226.106362758537,234.179402462402,0
2.85,-0.0949847203903686,0.61331981420517,0.0324383175783253,0.172541926335864,-1.62539099850229,-0.0502365684551934,0.0868943539293289,1.62800519481823,0.145827637986772,-2.94649860577283,224.974862864218,234.179402462402,0
2.86,-0.921039533527359,1.25193500518799,0.0377645097543418,-0.84396590496729,-1.89688427945642,-0.88736954475958,-0.249630269699924,-1.25955630982156,1.65044427981827,-1.33754783618669,214.648794949454,234.179402462402,0
2.87,2.15410005087104,-0.178417637944221,0.0232908198405635,3.33212279227686,-1.14675135563159,-0.680847541312689,2.04380432452325,-2.17123085514385,2.77557877714273,0.332377243180579,238.647854634795,234.179402462402,0
2.88,-1.50950721296751,0.643486320972443,-0.0125182496271188,0.507599670490498,0.61416845611115,1.36299314318916,0.648859325427321,-0.725070559752753,0.330352843704795,2.0233976198304,223.301808584261,234.179402462402,0
2.89,1.22777097816152,-0.134189054369926,-0.0026256810047165,1.96039716280451,0.140203522013094,0.66917310522411,-1.02938613953228,0.947244963976398,-1.72207463303371,-2.56730675846727,237.240076972099,234.179402462402,0
2.9,-0.0835561228205536,-0.138893663883209,-0.0154596361253329,-0.158341800022183,0.774455466960676,-0.072186657656339,-0.044829816710953,0.404385295470322,-0.679209782575991,-0.832107513760124,236.201659337551,234.179402462402,0
2.91,1.43475603302625,-1.19009649753571,-0.0431322982493864,3.96647637609265,2.16991472014536,-1.2060325055605,0.77837707121225,-2.03557934914284,4.03706346843195,0.967606078291977,253.23794993201,234.179402462402,0
2.92,0.578571005499119,-1.62832069396973,0.0465606524790468,0.0147972697937957,-2.32223897334687,-0.212511552200214,-0.540139929041533,2.21794172872705,-0.688293030980053,2.8470581816636,259.027135819787,234.179402462402,0
2.93,-1.83658490716674,-0.355781763792038,-0.0153534366723718,0.949425201007728,0.746544541726697,-1.83348873882072,0.107698160930935,0.910679134106449,-0.793347641197487,-1.62110880149983,238.014581214306,234.179402462402,0
2.94,0.784338376995527,-0.738929152488708,0.0222446726242594,1.54629388659622,-1.10376740667403,-0.0983078674605279,0.778470987438518,-1.3278555851107,1.35872249442302,0.153971794547731,245.906394664387,234.179402462402,0
2.95,0.963615387291587,-1.50988352298737,-0.0218422219694837,3.78519803939916,1.09938681608862,-0.865600218835737,-0.423990516918955,-3.89727658694572,-0.589585255671699,2.00360581706239,257.617829344533,234.179402462402,0
2.96,-0.775126181851757,-1.10775899887085,0.00927708974859404,2.97849094850199,-0.470699353933629,-0.518777088542198,0.576000863358699,2.32017416614107,-1.92607322053795,-2.42038463837615,250.165188944272,234.179402462402,0
2.97,-2.16227777016602,0.514110386371613,0.0316908040890156,-1.4707248595343,-1.61005786760548,-1.34898848623248,-1.69017144882706,-2.17772797155763,-0.113220278157256,-0.688259139917261,224.678358889858,234.179402462402,0
2.98,-1.32107042314039,1.52975106239319,-0.0356548175362766,-2.54907194455735,1.77348098816682,1.01329174062589,-0.848373842883686,3.09931312087311,-0.193030496819332,0.900736519508001,210.243257288676,234.179402462402,0
2.99,2.54150760873934,-0.149162068963051,0.0200725003262429,2.97723646085547,-0.983805456020432,-1.43180087118774,-2.09990716361827,-0.840554033047975,-3.02080767952373,2.5510565177594,238.728818451977,234.179402462402,0
3,-1.36133744983996,0.548471927642822,0.0336199463120253,0.551150281061649,-1.6956225004718,-1.23183126402855,0.580484013637428,1.25306765100735,1.2683547447065,-2.03586085877201,224.93716312051,234.179402462402,0
3.01,1.7596413195564,4.59999990463257,-0.00660493520822014,4.37911479817872,0.34461106761285,0.608223633453608,1.65119508549649,1.85197387641474,3.98316406448774,-0.356684535755866,236.742227251272,2272.3640459991,0
3.02,4.44928012309949,4.59999990463257,0.0316511895130012,5.44839561057371,-1.53433857661715,-4.44114439123276,0.270798648127343,-5.52300262956561,-1.23921408595359,1.51701041308811,273.774073120522,2272.3640459991,0
3.03,1.84302436357513,4.59999990463257,-0.0213791618633976,3.16179388293082,1.08690135510445,0.804600848357199,-1.65825611656232,0.363840404478336,-3.32353957008724,-2.70144720195205,289.78296281165,2272.3640459991,0
3.04,4.89447132710412,4.59999990463257,0.00701426508039704,6.54084225299536,-0.282445406774251,2.04621616417128,4.44622291178065,2.46924142791515,6.06343463369111,-0.429882649555926,329.70379911191,2272.3640459991,0
3.05,4.70317895011211,4.59999990463257,0.0429016482819941,7.7068119845533,-2.07851360221385,-3.9891707684937,-2.49163588190536,-5.38188897174109,-5.89495045404913,2.13822950502195,370.557505092343,2272.3640459991,0
3.06,7.24639080868154,4.59999990463257,0.0599282202263782,11.6480784805161,-2.87693297200073,6.79768414919693,2.51102794717237,9.87351987396105,6.81675002564597,-1.2086791065129,432.382340937944,2272.3640459991,0
3.07,2.76643705851493,4.59999990463257,0.0277769530222045,6.54675842930287,-1.34631842377348,-2.46884989988082,-1.24848937909074,-5.19267528505185,-4.20817568714185,2.04903130428331,456.436767754234,2272.3640459991,0
3.08,3.80492474331222,4.59999990463257,0.0537590275501001,4.87366897489573,-2.61945692399128,2.69580409166287,2.68569965459402,1.52894348357447,5.31756858700875,-0.773147922772009,488.156057678345,2272.3640459991,0
3.09,7.30331883529827,4.59999990463257,0.07264986428941,13.3559315263386,-3.4796581360887,-0.885817618524949,-7.24976352438578,1.97009178031884,-13.6604416494275,3.02995677530627,550.205126820245,2272.3640459991,0
3.1,6.63811901063136,4.59999990463257,0.0690894689307096,10.6177532716469,-3.30224275609241,-5.49659665605437,3.72247532626806,-10.6760363237759,3.10865568552574,0.985921976523657,606.927168175929,2272.3640459991,0
3.11,6.05717792144721,4.59999990463257,0.104782059570856,12.716637108587,-5.08494387546851,3.80028519856465,4.71786138643834,3.79017791823277,13.1607015358718,-0.660794666612613,658.447640808032,2272.3640459991,0
3.12,6.67386710035432,4.59999990463257,0.0994806113686704,14.0842440937372,-4.77723627545573,6.26215215603577,-2.3099456356994,14.8714091369194,-0.170611857299512,-1.90928065548913,715.036020227142,2272.3640459991,0
3.13,3.95006843500856,4.59999990463257,0.0483390573887901,9.62564563890554,-2.31037974107726,1.18869233225944,-3.76727857278272,5.20316355268275,-8.42128241764846,-2.82371212522169,749.481528190857,2272.3640459991,0
3.14,6.57006932374172,4.59999990463257,0.0742001059947457,12.4276743544975,-3.49104342011519,6.51548968135972,0.848357699674244,11.8149248715893,5.20019464070976,-1.43002529602646,804.445946815597,2272.3640459991,0
3.15,5.54027360672381,4.59999990463257,0.0675087837524551,11.6193554227293,-3.19240563596858,5.52221770248183,-0.451996371269198,11.8129600108177,2.37799284420633,-1.64028029228963,852.081931303914,2272.3640459991,0
3.16,6.5285042302445,4.59999990463257,0.143881684483652,13.9099902919552,-6.97493333637812,6.51183815101042,0.487886583639462,13.1705963768039,8.28691233503332,-1.47397759868412,908.081227070729,2272.3640459991,0
3.17,2.8205975929344,4.59999990463257,0.0360461016906468,10.8067817468892,-1.71313352333695,2.40721105891407,1.47051182265096,8.23777142032323,7.20142209707117,-1.00963790355413,932.708208974425,2272.3640459991,0
3.18,1.92332883612133,4.59999990463257,0.0750405888235554,8.77155169359353,-3.67696056259709,0.808840496543653,1.74659724979109,-0.0213672818727075,9.51103051890505,-0.394694014798302,949.237293649632,2272.3640459991,0
3.19,1.52824128731944,4.59999990463257,-0.00311216213635102,8.32721735285815,0.218855041385901,-0.497290504339012,1.44507206467885,-2.48654591884235,7.95031670843184,0.329398121498299,962.456767897037,2272.3640459991,0
3.2,6.03953103822141,4.59999990463257,0.136431030966814,14.4148441386503,-6.57319644141717,-5.76044769166917,1.81983267895536,-15.6778717835822,-2.28012704396011,1.2873858571174,1013.41107219924,2272.3640459991,0
3.21,6.38283300226124,4.59999990463257,0.184685370880683,15.5020839228945,-8.95820040308763,-3.25645434852277,-5.49273801459342,0.317940355005926,-17.9014768760849,2.63536232614301,1068.10271704354,2272.3640459991,0
3.22,1.69060861016401,4.59999990463257,0.0585130210303387,9.01469334896382,-2.85227810269171,1.47849032732311,-0.82197785761101,9.32461101370661,-1.56582757480144,-2.04360514672979,1083.26112468182,2272.3640459991,0
3.23,1.53287209484271,4.59999990463257,0.0406967007908043,9.50301863814786,-1.99416325505104,0.545446801070754,1.43312276787595,1.26148458351089,9.62770517674621,-0.337128288079955,1096.63338773922,2272.3640459991,0
3.24,4.70916382760498,4.59999990463257,0.133517629448424,11.2904188062128,-6.48254978699053,-4.70768504172397,0.17819220107845,-11.3514170808876,-6.37513441554201,1.56130817696959,1136.27434259524,2272.3640459991,0
3.25,5.44144887015734,4.59999990463257,0.133954506439186,14.92837763757,-6.44304271355078,3.12349988360419,-4.45769650082378,14.0488981559025,-8.1852134305478,-2.50578579432615,1182.65271881541,2272.3640459991,0
3.26,3.42282220869597,4.59999990463257,0.0998041277360876,11.8615486519048,-4.84495725713681,0.136279847952177,3.42156404869143,-4.71825838043923,11.9125138027371,-0.0106584793816706,1212.23001522492,2272.3640459991,0
3.27,3.20032270728778,4.59999990463257,0.0720856271427495,12.1384435477947,-3.46193102751011,-1.45239242209886,-2.85268610622553,-2.14268630001259,-12.4392794655468,2.6931872195184,1239.75070443096,2272.3640459991,0
3.28,6.55783039712094,4.59999990463257,0.175238094910456,17.3155084817174,-8.42275013380866,3.75499889627882,5.37920358382689,2.49567500644861,19.0929610081619,-0.582706164956158,1295.51367624793,2272.3640459991,0
3.29,3.29389527761428,4.59999990463257,0.123924980633746,11.2641633353686,-6.03444363612088,-1.41267449599107,-2.97816290170485,1.10405512361488,-12.7309445025655,2.7362843601699,1323.89842287124,2272.3640459991,0
3.3,7.19687212354206,4.59999990463257,0.223473398213664,17.5679520053646,-10.8050531904478,-0.47533289448454,7.18463411467466,-12.4574047353225,16.4376147713579,0.0971048633057233,1385.3060211646,2272.3640459991,0
3.31,4.77397359371091,4.59999990463257,0.106387649785457,16.2651301599472,-5.08029143103914,3.9002847577266,-2.7549811277251,16.3287575197262,-4.87190907204757,-2.16349266015526,1426.54371269089,2272.3640459991,0
3.32,3.29203723045774,4.59999990463257,0.105735624139406,15.0640081249422,-5.09526840864042,-2.87030740048389,-1.61555704809809,-10.2430354874001,-12.1641409457584,2.11556038204856,1455.11645391892,2272.3640459991,0
3.33,4.42576446004898,4.59999990463257,0.157101560674859,15.5800050888785,-7.59139883607339,-3.29476888470904,-2.95915020783878,-5.94493552732212,-16.2795465672051,2.33806272945449,1493.10395403406,2272.3640459991,0
3.34,5.08808517015315,4.59999990463257,0.185570558180855,16.2164132600987,-8.9664767610926,-3.79657256404452,3.39250407468294,-18.2047431354959,3.45790281820261,0.878000416028269,1536.82216308429,2272.3640459991,0
3.35,5.8646254862355,4.59999990463257,0.21389002676043,19.5919993651998,-10.32332979518,1.57842313859462,5.65227046706893,-5.45921988209932,21.461931307898,-0.235862401514951,1587.61169226215,2272.3640459991,0
3.36,4.74307576541602,4.59999990463257,0.134090405948924,17.6218861240139,-6.43816595662116,4.09510549849946,2.39684353047999,11.542936239058,14.7899112381972,-1.01299648463884,1628.88269182234,2272.3640459991,0
3.37,4.75568254608742,4.59999990463257,0.165756549685848,16.7440768822971,-8.00151872338476,4.75347888805832,0.220068565924524,16.0407967756004,9.33173356482268,-1.48969272890972,1669.7605752707,2272.3640459991,0
3.38,3.17548310762161,4.59999990463257,0.117270615095087,13.8562989602662,-5.65495137015551,3.12510463336551,-0.575470585236511,14.5286739171965,3.59070050030238,-1.71598746880481,1696.95102127839,2272.3640459991,0
3.39,2.96156281507306,4.59999990463257,0.118454879699212,15.4545787493209,-5.76873656685536,2.89424762409353,-0.638918270655126,16.2297331974938,2.95264055294628,-1.74809009938737,1722.85046065046,2272.3640459991,0
3.4,4.83272972320975,4.59999990463257,0.16535521095871,15.4488425719492,-7.94300910069691,4.83555612063232,0.00399093992593075,15.1611978189644,8.47916334792846,-1.53576864174579,1763.81139661673,2272.3640459991,0
3.41,6.18096190621875,4.59999990463257,0.250865252670808,20.2401337396071,-12.1452109448956,5.26496814976361,3.24766590693988,9.99118918109298,21.3856330614926,-0.977518747902613,1817.22704330022,2272.3640459991,0
3.42,6.14213131393509,4.59999990463257,0.300612842132136,19.8345051942809,-14.5786841939453,0.484068980946768,6.13040148604982,-13.9793098880547,20.261404792918,-0.0298948030885436,1869.85681783426,2272.3640459991,0
3.43,1.86471838021578,4.59999990463257,0.0586032196947012,14.1073007292635,-2.81708285679095,-1.69687977747412,0.775376035013018,-14.0987841644468,2.8594011212571,1.17360129969254,1886.56343040377,2272.3640459991,0
3.44,1.69497085424892,4.59999990463257,0.0447581929747456,13.8969357781722,-2.15923087081416,-1.06250328282966,-1.3213690879417,-6.7015874416391,-12.3642964918424,2.49076145166716,1901.37209497588,2272.3640459991,0
3.45,2.01357394840812,4.59999990463257,0.0602451361440645,14.8691001652304,-2.91635512646494,0.792610411303425,1.85199305021113,2.72468537860241,14.9054136653413,-0.374478897987133,1918.93930470929,2272.3640459991,0
3.46,2.67198067134165,4.59999990463257,0.142069361307574,15.4012096143115,-6.90698535027823,-2.44978984437892,1.07619428070569,-16.847922551479,-1.02528528336495,1.209995552166,1941.96493664614,2272.3640459991,0
3.47,7.04169853619413,4.59999990463257,0.274612709137174,22.2683092918805,-13.1715691010901,-0.596872739795681,-7.02172865804048,12.1377337006184,-22.8482658404641,3.09577115656573,2001.72844345659,2272.3640459991,0
3.48,2.48073198087176,4.59999990463257,0.0888824752965104,16.5689432308131,-4.25356650704373,2.13117441841543,1.27280275519281,11.6014210658599,12.5709879113923,-0.996601763600204,2023.95617320968,2272.3640459991,0
3.49,5.36943702031642,4.59999990463257,0.249244085474122,20.4365442518814,-12.0271510756163,-5.2925398767598,0.939147582755641,-21.8161124668036,-9.29311254589016,1.44156268763294,2070.01845694209,2272.3640459991,0
3.5,5.36136884892145,4.59999990463257,0.183493789390103,21.6928898757385,-8.78289082201344,4.63895583684611,-2.69407398723967,23.2690069011133,-2.50478745371008,-2.06272938750289,2116.70983071927,2272.3640459991,0
3.51,2.85909095338897,4.59999990463257,0.0984063534054318,16.2593487703487,-4.73662328134264,-2.31747839544116,1.67731296328523,-16.1350909678818,5.14401224759195,0.978702378433655,2141.59338444863,2272.3640459991,0
3.52,6.74241581005429,4.59999990463257,0.301037580120617,21.0462097115484,-14.4867650919046,6.10885487162788,-2.86926588828976,24.9975021140324,5.28528089219895,-1.96528429036562,2198.69861489294,2272.3640459991,0
3.53,1.87768765077473,3.58123898506165,0.061661065949663,17.5470518076088,-2.94910866109188,-1.87410621207312,-0.131297017463876,-17.1519177676989,-4.73370741849637,1.6735675485124,2220.57499548,2272.3640459991,0
3.54,1.6011599240441,2.35839033126831,0.0368286696006969,13.8336038248329,-1.75295760153868,1.20247742220264,1.05788350131873,8.98565293009292,10.6629966029788,-0.826283327375145,2238.57564912348,2272.3640459991,0
3.55,2.36775230398043,0.589827477931976,0.104926708997216,17.9785088389562,-5.04804174395885,2.22599233952725,0.813768205099952,14.6542538252781,11.5742105711578,-1.17602781925191,2265.64964484489,2272.3640459991,0
3.56,-1.44622776383528,1.41236162185669,-0.0430265079226497,9.9561440866127,1.95423792416603,0.518290925002462,1.35085178399856,-5.13300922182944,-8.75191791930522,2.80497850779965,2250.03450793596,2272.3640459991,0
3.57,-0.974703036750431,2.12351870536804,-0.0328139662748008,14.1398530044089,1.53189644204788,0.35711798782808,-0.907518324334456,-4.2116821871677,13.5846929611877,0.408552384568295,2239.95477741851,2272.3640459991,0
3.58,0.339756009170182,1.92329883575439,-0.0324928190721465,13.4582590697167,1.5857217758191,0.321846937798282,-0.113597877129695,11.5391274714429,-7.10547591197867,-2.00544808130162,2243.99986269385,2272.3640459991,0
3.59,1.19902243860503,1.06663513183594,0.101671851271074,14.1642994361444,-5.00068796914623,-1.15785940132626,-0.32764856230365,-11.4912160463508,-9.67399671581579,1.93115750481383,2257.48608422026,2272.3640459991,0
3.6,0.103964728897402,0.886316895484924,0.000316653531934965,14.5535240649735,-0.0822641492877868,0.0371758994260868,0.0970912850158609,5.08571756917213,13.636249737616,-0.36262970032758,2259.32200628307,2272.3640459991,0
3.61,-0.189376578843053,0.989965081214905,-0.0108441765784962,12.7052199029162,0.497785250156135,-0.0785007109746352,0.172680986667443,5.46996242857777,-11.478236535578,-2.6577202342951,2257.50879013837,2272.3640459991,0
3.62,-0.129955506630613,1.03604662418365,-0.0487297426654387,15.4405538569468,2.34894920288862,0.113938799068014,-0.0792525809724702,-14.3854874619693,6.08161296438309,1.32179527037378,2256.87931012217,2272.3640459991,0
3.63,0.778240585492108,0.491896122694016,0.0533996611522007,13.7756725253832,-2.62949452451993,0.663614765188918,0.410030945346235,9.66391403495106,10.1632750875963,-0.948828554694923,2265.7390135312,2272.3640459991,0
3.64,0.969131944639899,-0.231224328279495,0.039040451673014,13.6275831789344,-1.94125307737757,-0.0428556536782615,-0.968970730175146,1.88758578591317,-13.6351203408706,3.13765561028785,2276.7558038475,2272.3640459991,0
3.65,-1.47191675198781,0.693677544593811,-0.0672795673305161,10.6769342843877,3.20012872933397,0.420992531641438,1.41203071966039,-5.68549287400764,-9.58712263283676,2.89751386896545,2260.8765661307,2272.3640459991,0
3.66,0.800046915469269,0.200347661972046,0.0405433189515347,15.6146379170931,-2.03224411011475,-0.456723264311331,0.658120572160071,-11.1491602538401,11.1194945496281,0.657307891327585,2270.20659981458,2272.3640459991,0
3.67,0.900064638166134,-0.515872180461884,0.0281167587270784,15.9052266302947,-1.350160213843,0.900051122943945,0.0285461220797705,15.7888244683049,2.34780507562603,-1.50786239905773,2280.92786817282,2272.3640459991,0
3.68,-1.84254906744054,0.660886108875275,-0.0955992665875316,10.8756563884892,4.53461060422058,1.08175446426178,1.49463492691286,-9.71767922156679,-6.66403074416111,2.56693658692945,2260.91627963754,2272.3640459991,0
3.69,-0.0264562080380371,0.765300691127777,0.0351363797208758,14.2940614669696,-1.78909824738394,0.0412440929035164,-0.0152781191318689,-5.81014038756062,13.1819321207907,0.290631782046243,2261.01627527002,2272.3640459991,0
3.7,0.30923349617118,0.531080365180969,0.0192559829368874,13.4009342209044,-1.01281397000104,0.277466604206006,-0.137871068696461,12.7418989531816,-4.27256845442475,-1.96976508588307,2264.78488491221,2272.3640459991,0
3.71,-0.804479083273752,1.05360054969788,-0.0208289116639333,11.4146335130014,0.937274164783282,0.730089156416207,0.338511835346345,-10.6440459496627,-4.22807603024973,2.03083559225941,2256.04792146843,2272.3640459991,0
3.72,-0.91847897545467,1.69779586791992,-0.0295063934965727,12.8264343356786,1.31267819365077,-0.316967188903837,-0.862557857055301,5.28129755313861,11.7621612794066,-0.320041623359135,2246.27340221254,2272.3640459991,0
3.73,1.13996952243138,0.959799408912659,0.0860142934509251,14.7066621865271,-4.2338718436402,0.458764560184372,-1.04712179285369,10.6376815196914,-11.0023322683243,-2.65335183978589,2259.07276873945,2272.3640459991,0
3.74,-0.90029728716157,1.43699896335602,-0.0332609446573722,15.8320628483821,1.50181806565595,-0.0982357133866184,0.895539636378762,0.82037942633028,-15.8819598643966,-2.99540744270183,2250.2483377456,2272.3640459991,0
3.75,0.865755130888335,0.89337170124054,0.0708326151284489,13.350544566238,-3.50512972512268,-0.674643456594317,0.547179506651962,-12.9986738195166,4.64300048878519,0.970979091347248,2259.82010938435,2272.3640459991,0
3.76,1.0005500710724,0.0896215289831161,0.0213797463334721,17.5757943217332,-1.0549967462027,0.960359882093188,0.281542954346622,16.4381234330801,6.3094898504705,-1.26425808061049,2272.04372711261,2272.3640459991,0
3.77,1.01442617406377,-0.703145503997803,0.067514467900075,14.9461264108927,-3.32254938566558,-0.335796463914041,-0.959614193738457,-0.786793687437106,-15.2907483402213,2.87143776861693,2283.81669605233,2272.3640459991,0
3.78,0.529479419096202,-1.17792999744415,-0.0170411414169443,16.0066564418976,0.822075708649326,-0.388173608775164,0.36049979916459,-10.7937991799062,11.8483230114456,0.790171532612404,2290.55793418395,2272.3640459991,0
3.79,-0.416117545752531,-0.957938253879547,-0.0139375721914753,13.4882567890249,0.626785933202314,-0.40317201866381,-0.103924930446214,13.1179651222254,3.20076910520182,-1.28503807585958,2286.43976145304,2272.3640459991,0
3.8,-1.03525932577937,-0.251498430967331,-0.0538030143800197,12.3193604074112,2.51644045322178,0.334955714292059,0.98105112274164,-5.79052897597939,-11.1610433016204,2.86450091000809,2275.27923477865,2272.3640459991,0
3.81,0.185809526862473,-0.32412400841713,0.000821691497771795,12.7369467745543,-0.0506630335466009,-0.119360103828349,0.142404427823924,-8.26363538544977,9.69250793639804,0.702012177924196,2277.460530925,2272.3640459991,0
3.82,-1.96312825258659,0.968165338039398,-0.0998599524265459,11.6500732004374,4.73720816563668,-1.96538208121211,0.0334338309605074,11.8035680333248,-4.34063687294816,-1.53698208863101,2256.2474479152,2272.3640459991,0
3.83,1.28920027639934,0.206087693572044,0.0755219767077419,15.4322199428151,-3.6858024225333,1.2344300173468,-0.379372447480267,15.8660559982326,-0.0825767662181862,-1.81044699044225,2270.44689552955,2272.3640459991,0
3.84,0.508755661546472,-0.248889476060867,0.033292004553771,14.1579356527624,-1.69562565422874,-0.404252582116104,-0.310677534712858,-9.5196226675124,-10.6159819411689,2.29139227676253,2276.62134772458,2272.3640459991,0
3.85,-0.522134555972372,0.0733309015631676,0.0390959240301546,11.5656168897877,-2.03154845142383,0.0949781346740755,-0.514909836524873,-3.26262620889874,11.2803348076568,0.107667939012242,2270.93055631598,2272.3640459991,0
3.86,-1.62126047950929,1.18310499191284,-0.076680023615426,12.0625341691181,3.60990158856843,-1.30014641801919,0.97158872994298,7.97102090002804,-9.74674026901334,-2.16530059185623,2253.32949105419,2272.3640459991,0
3.87,0.414360080267023,0.980233430862427,0.0444201523949395,14.340328073641,-2.21205711427507,-0.413373609495166,-0.0528174689910584,-13.4372691884647,-5.47521713662644,1.80467345075355,2258.17251358122,2272.3640459991,0
3.88,1.35250393268733,-0.00791199691593647,0.0391924959397928,15.9284166686767,-1.9121279633758,0.598719697579505,1.21339921847799,4.8929120873453,15.2784194936784,-0.42940296209016,2273.80642970392,2272.3640459991,0
3.89,-0.34645253531001,0.137286961078644,-0.017363180374158,11.3882993525748,0.808998541778382,-0.155817304594063,0.309922259356246,4.91465829624205,-10.3050460753766,-2.62566229273332,2270.12188340915,2272.3640459991,0
3.9,-0.777781310371875,0.645457327365875,-0.0495789464909173,14.0153367146988,2.33092734425385,0.7610047158734,-0.168147735986502,-13.4928023641911,4.45052467372705,1.41699331205597,2262.13586032679,2272.3640459991,0
3.91,0.0399498107047978,0.656241834163666,0.0398265976696741,12.4203030068206,-2.01758749920352,0.0563047801231026,-0.00345209973499373,7.98183597202958,9.72753209266323,-0.848176944401697,2262.68922911101,2272.3640459991,0
3.92,-1.09451390738866,1.34094822406769,-0.0344833245868623,14.9308110649054,1.54543820249583,0.0503125232003196,1.09390056364872,-1.76125972623012,-14.9068931193054,3.12712654328379,2251.49632040773,2272.3640459991,0
3.93,2.16901003894692,-0.0779050290584564,0.153969316817961,16.7145579540951,-7.53174845270578,-0.755816833742433,-2.0388849926873,2.54431661571584,-18.1557190800759,2.85746334340366,2275.44064531125,2272.3640459991,0
3.94,-0.288672146675208,-0.0645447745919228,-0.0159474536238272,14.9688083913642,0.691939970829983,0.16897296596433,-0.234593406378727,-8.86694904993856,12.0797855993557,0.679395583629588,2273.20355194909,2272.3640459991,0
3.95,-1.65801501752729,1.05526304244995,-0.0893079859978019,11.9282185977345,4.28501078719125,-1.657362448669,0.100694729012366,11.8985035952288,-4.366844233083,-1.57766534750731,2255.3495752656,2272.3640459991,0
3.96,1.01043906361724,0.412068754434586,0.058958462848835,17.0481987694922,-2.93479089998508,-0.700852486398229,-0.730252691836597,-8.83605963435812,-14.8720586688198,2.43501857336144,2267.26300385952,2272.3640459991,0
3.97,0.710955707325855,-0.176701813936234,0.0761424494244306,14.7862385203204,-3.7737778016085,-0.0944791957756709,0.708751981971931,-7.16976032798401,13.4710350498759,0.239214365908587,2275.71825942477,2272.3640459991,0
3.98,-0.103689290869296,-0.213656097650528,-0.0442451708726005,16.1229844493692,2.12598706778148,-0.0816177606749889,0.0777666080584934,14.3564197840291,-7.63961121731432,-1.92871908081203,2275.60588861666,2272.3640459991,0
3.99,0.882503925061282,-0.840671718120575,0.0532672452910631,14.6150038300284,-2.60891352463152,-0.732118507946387,-0.495634005584587,-9.99677755735973,-10.9758464456925,2.22619519863051,2285.75780442638,2272.3640459991,0
4,-0.481902824302669,-0.589733004570007,-0.0574750947374861,13.1844402613175,2.75554545534443,-0.00293706912944528,-0.48530927480412,1.2559334379134,13.410634845534,0.112654370050871,2280.83900776596,2272.3640459991,0
4.01,0.510792091415761,-0.921027362346649,0.0352908162320082,13.0873355056375,-1.7404725079765,0.451114345561949,-0.242177310232448,12.6456282338221,-3.79416417147489,-1.99450089452403,2286.64627567407,2272.3640459991,0
4.02,0.960509991632379,-1.62570440769196,0.0583410069888912,13.8700860566058,-2.89705172487605,0.822476542381023,-0.499515219342783,13.6206508733563,-3.90513325001784,-2.05592350425983,2297.59586756805,2272.3640459991,0
4.03,-1.72584252712698,-0.561470746994018,-0.0912453570708663,12.901182926474,4.38292775631187,1.49568063014279,0.865908538035442,-13.2014024738867,-3.3724693240786,2.14840703342677,2279.44849434694,2272.3640459991,0
4.04,-1.77026241913491,0.733378171920776,-0.0558133411442093,11.216528337083,2.56509300236477,-0.1795903873934,-1.76201346601181,3.34393022049707,11.0094659601551,-0.0700547888599906,2259.93563269956,2272.3640459991,0
4.05,1.2290418575247,-0.040775615721941,0.0564773253390293,18.0460879822784,-2.7307806767143,0.880239965088706,-0.859599429784504,15.292360546704,-9.96303987134758,-2.2984115582117,2274.15921609028,2272.3640459991,0
4.06,1.41055189439231,-1.11198341846466,0.0486458431541143,15.1127729897863,-2.36038918392671,-1.36213724790861,-0.369601383506442,-13.7440483696376,-6.71330611200413,1.87022948652828,2290.30585728157,2272.3640459991,0
4.07,0.57462859806838,-1.67537665367126,0.0327706623199117,18.5417065223933,-1.62232003121875,0.123576600175826,0.562139454153417,1.34172302620142,18.5641208347505,-0.159423078997086,2298.05428209621,2272.3640459991,0
4.08,-1.84472047705361,-0.490434497594833,-0.10419369353101,11.7580726006478,4.9920991889545,-1.38030545611486,1.22825356179092,6.10777024743611,-11.2191117384131,-2.24154860495819,2278.2344117273,2272.3640459991,0
4.09,-1.11643221518561,0.330780565738678,-0.0334280046328363,14.2064500436305,1.49802436930611,1.08358249067039,0.270900920099074,-14.0796319879188,-2.41480080710134,1.84571246124502,2266.58738371863,2272.3640459991,0
4.1,0.591305451036255,-0.00926205888390541,0.0680173139567262,12.8198422350845,-3.39436760196055,0.27389383299583,0.528441727790235,1.38757863475798,13.1888101010689,-0.363658193609168,2273.07902377704,2272.3640459991,0
4.11,0.673166517273142,-0.576628088951111,0.0134610965975457,17.5609132555581,-0.689712045032495,0.354010232921024,0.572722547213275,8.33892480028855,15.4700908287389,-0.53364127911691,2281.72463688604,2272.3640459991,0
4.12,-1.27501423525704,0.234595373272896,-0.0400548812359952,11.0330535401489,1.84296115516639,-0.494602148791609,1.17585475634946,2.91952661889913,-10.7982008020218,-2.71202262944483,2267.88134719675,2272.3640459991,0
4.13,0.756517693522583,-0.258802801370621,0.0455420619973726,16.888957300948,-2.28815867884841,-0.734497862843022,0.186831446771509,-17.0181408522877,0.924895012706905,1.3818395543644,2277.03245296788,2272.3640459991,0
4.14,-0.784883899817917,0.229726433753967,-0.00940222725306437,10.8375844260094,0.357458589303285,-0.575282050622583,-0.534024063411169,8.10028175385368,7.208775786646,-0.810595077711694,2268.36026533813,2272.3640459991,0
4.15,-1.02314682157634,0.923967301845551,-0.0503433094723993,14.3147752773116,2.34437556465301,-0.0183935497400433,1.02421948069657,-1.37898999457817,-14.4397809755871,-3.07447124926166,2257.78454372029,2272.3640459991,0
4.16,-0.639257608743252,1.43213665485382,0.0140785093365495,10.2808868067226,-0.806755550493113,0.501848296815195,-0.396228194030874,-8.4405581791138,5.92490216593404,0.880447760894498,2250.50748772357,2272.3640459991,0
4.17,1.47688355079665,0.411513358354568,0.0844381729621277,17.6951287737271,-4.16539688056104,1.47052262522486,0.160866517239299,16.763094497413,7.03326214229039,-1.40472444732554,2267.65461634155,2272.3640459991,0
4.18,1.26689548372076,-0.579306066036224,0.0829838020461846,14.7560834923482,-4.07645996696939,-0.605510023155508,-1.11591580772579,-2.47239371426972,-15.1078388665319,2.70984706410932,2282.17225834206,2272.3640459991,0
4.19,0.520948373562368,-1.08456099033356,0.00217669646511383,17.3930465525599,-0.140731724564165,-0.299874472576053,0.425989725958282,-10.1859811578356,14.0990659850231,0.617548802732988,2289.18395258935,2272.3640459991,0
4.2,0.623384734253572,-1.56827187538147,0.0303274045981245,13.8381404305258,-1.49239220603948,-0.305378797400962,0.544308798815522,-8.61387064222493,10.9326390972453,0.559890645336331,2296.39773359441,2272.3640459991,0
4.21,-2.50820614042889,0.0452087335288525,-0.164805004997315,12.3934051365834,7.93263105640383,-2.50955103294477,0.142871780289837,12.4622792098762,-7.82398384786176,-1.56205414009246,2269.56386677193,2272.3640459991,0
4.22,0.629187975886397,-0.22455883026123,0.0384170888241725,13.6376526595958,-1.89267815667729,-0.390917321290882,-0.494506854986367,-6.23609731592058,-12.2751330312511,2.5336417829459,2276.33355744347,2272.3640459991,0
4.23,0.417669645590812,-0.591280043125153,0.0293099618591806,15.2298833775679,-1.50562533247893,-0.132466099788101,0.397189802385547,-7.209375173343,13.4996727718159,0.391968158271266,2281.68430129389,2272.3640459991,0
4.24,-1.13295041930472,0.124181106686592,-0.0236427676189915,12.6858983609852,1.05052627398553,-1.10345636583285,0.257914097649566,12.1928047392201,-3.6566562962401,-1.77954190998422,2269.70423644631,2272.3640459991,0
4.25,-0.887032220629617,0.768016457557678,-0.0497621130147465,12.7838623781747,2.3308073499461,0.719519119250939,0.521147450688532,-11.3879384395237,-6.25896623287681,2.25368612720093,2260.1904433019,2272.3640459991,0
4.26,-0.460331370149149,1.12358558177948,-0.0297997686497923,12.0794058092219,1.42092753217772,-0.0516027939181676,-0.458399550844907,1.99233431757276,11.998403382225,-0.0474544462428145,2255.29477195368,2272.3640459991,0
4.27,-0.0319584483694604,1.14767456054688,-0.0117513867511786,13.3675007787295,0.506853667556646,-0.0140166803383881,0.0310317609079905,9.0073783135792,-9.89010180057372,-2.36497302963462,2255.28847424856,2272.3640459991,0
4.28,-0.559238778973383,1.51937675476074,0.0170179633569326,11.9186987526371,-0.935846859423527,0.559122348843212,0.0204895585239959,-11.9126590393868,-1.00982370328689,1.5770046685015,2249.29609940257,2272.3640459991,0
4.29,0.856065867145264,0.935248196125031,0.040637267948903,15.099492100329,-2.03333163855847,0.61026122438405,0.601731995535225,8.74236773858284,12.4779848358478,-0.745001220660888,2259.26879560854,2272.3640459991,0
4.3,0.946610794441775,0.211130827665329,0.0493972886645528,13.8688025116587,-2.41842168624016,0.826751813470486,0.463673944927207,10.4350096401813,9.45002753272134,-1.00753416394416,2270.08591089987,2272.3640459991,0
4.31,0.990299207401982,-0.554647088050842,0.0514105524700958,14.8479328448856,-2.560029295691,-0.0797375414730665,-0.988421716458165,2.1339469869274,-14.9151309085108,3.11296299311974,2281.64354513255,2272.3640459991,0
4.32,-0.659261947366265,-0.218827709555626,-0.0459062393186099,14.7190442270704,2.20370665614177,0.515141843521596,-0.413959634634476,-10.8285682767011,10.2102250250228,0.963394522850923,2275.22847956542,2272.3640459991,0
4.33,1.32190218217406,-1.11952173709869,0.0592409825990795,16.128578456989,-2.91873090885833,1.22990429520457,0.488129386426582,13.5125881215091,9.27685266779775,-1.14819401817256,2290.39652217759,2272.3640459991,0
4.34,-0.662924856270697,-0.779498159885406,-0.00826024751097046,12.9231861032805,0.324669813855409,0.0700764560929731,0.659262381038018,-1.52901317375225,-12.8365208784368,3.04815471128022,2283.57438091821,2272.3640459991,0
4.35,-0.804466749366988,-0.238426685333252,-0.0120437630680882,14.1559263902455,0.451924271645831,0.62524571837519,-0.506339406642839,-10.8540061215196,9.09862839264067,0.905063372254595,2275.31774304383,2272.3640459991,0
4.36,-0.284718825675518,-0.029930517077446,-0.0145684783340756,13.9955723177052,0.679083140091112,-0.276678180166783,-0.0687476172286256,13.5895705821065,3.41478693408788,-1.27613008649362,2272.69289884472,2272.3640459991,0
4.37,0.0302589620521489,-0.0717470943927765,-0.00307730646430225,14.3581597478168,0.0842116687736781,-0.00662295887299108,-0.0296851985897903,-4.60825680399758,-13.5988165726799,2.82073070606202,2273.57812049429,2272.3640459991,0
4.38,-1.18181052325616,0.696272552013397,-0.00134334847274897,13.0645813037912,-0.0660211694202516,0.654174103027689,-0.984242937689689,-7.29901076163708,10.8356857346311,0.587739746457953,2261.10377281578,2272.3640459991,0
4.39,0.588774578793826,0.355967879295349,0.0351018238031569,12.7224208545641,-1.77415871191801,-0.15243828887058,0.569780844495816,-5.69724463100722,11.5129941870124,0.320964086950152,2267.66013003648,2272.3640459991,0
4.4,-0.755435033717168,0.801876783370972,-0.0263236348394282,13.3804019168223,1.22373916869463,-0.69598857570483,0.294915117291027,12.0564053720977,-5.93091751016271,-1.9367639349827,2259.88964131387,2272.3640459991,0
4.41,-0.508611432565111,1.14728498458862,-0.00517705076713246,14.4118163293073,0.137307903213765,0.455393390634541,0.226559596920892,-12.899584006931,-6.42806625806743,2.04262281656491,2254.88618645984,2272.3640459991,0
4.42,-0.599942473454913,1.55410170555115,0.0191454055736037,13.5713053099693,-1.03982742089242,-0.160235588442222,-0.578465274849192,3.04543381045754,13.2660054947887,-0.302127020854223,2248.781921928,2272.3640459991,0
4.43,1.63983580660819,0.42777743935585,0.0989702999079377,17.0186794327687,-4.87649840078514,0.770364825354176,-1.4509978045315,13.0331225278237,-11.9813773608438,-2.59323486181212,2267.58000886737,2272.3640459991,0
4.44,-0.282709036302924,0.480439603328705,0.0304444608488929,13.5811305398996,-1.57767092889712,0.284327884437566,-0.00298639162964167,-13.6724286187181,0.029119885635646,1.45301846331332,2265.07733158346,2272.3640459991,0
4.45,-0.470257458707628,0.770428478717804,-0.0589467369045488,14.6101499512431,2.82830070069328,-0.381439306591945,-0.281284287951721,12.5375875389028,8.01652450602511,-0.810690003302814,2260.5655470448,2272.3640459991,0
4.46,0.686356475875442,0.294893383979797,0.0851144388639326,15.1051196504517,-4.22373482914892,-0.0272255996919827,-0.69107774266047,5.47623523873344,-14.6974631542822,-3.0575889418431,2268.66322447462,2272.3640459991,0
4.47,-0.0879182239633394,0.283972322940826,-0.0292257535659104,13.5249890853537,1.37619089126158,0.0584967620572333,-0.0718462776014364,-10.6733257021037,8.42017515167831,1.00426380879285,2268.14961508262,2272.3640459991,0
4.48,0.410421652265128,-0.0310294218361378,0.0551864635061163,14.760219674741,-2.75108618891089,-0.250755427967294,0.329565158576098,-12.3711697181304,8.50803854426155,0.78408127517746,2273.29240054106,2272.3640459991,0
4.49,-1.09400101688251,0.683688998222351,-0.0582344825803684,11.0692854633103,2.73426537922806,-1.09299383495879,-0.0747927579612437,11.3190831482674,-1.37245929444503,-1.44929302941267,2261.24715972804,2272.3640459991,0
4.5,-1.4478515766934,1.72272300720215,-0.0505274510967818,11.7653894128957,2.36446353512317,0.909799587647785,1.12742712481287,-8.95552865449515,-7.98834040114222,2.4975003564267,2245.56087229102,2272.3640459991,0
4.51,-0.0624742540008141,1.81196069717407,-0.00652816181182512,14.2606670259059,0.241963593697172,0.000219210366059301,-0.0628140211769237,-1.29100393391801,14.2041711918381,0.1076056044147,2245.35480042851,2272.3640459991,0
4.52,1.23405565532047,0.939233779907227,0.0808236076587768,15.5003031573408,-3.96617475562509,0.928656789360433,-0.816714383097418,14.7025376862907,-6.31073099924472,-2.22674459124049,2259.47961706003,2272.3640459991,0
4.53,1.47637096426177,-0.1997971534729,0.0570061647382536,16.8855009369038,-2.79441175672091,-1.43872761191585,-0.336130608014687,-15.5419938769744,-7.16765688941449,1.83890322221799,2276.80818639058,2272.3640459991,0
4.54,-1.96184418381031,1.00142800807953,-0.0746827994301408,11.3092581926672,3.51741950064895,-0.837552264428223,-1.77564532675651,7.66813531183302,9.02614323237649,-0.402694066919565,2255.8985789343,2272.3640459991,0
4.55,0.371993356346552,0.830240964889526,-0.0287685958725067,14.9103678985132,1.39500694038679,0.185521397220909,-0.323710519519601,5.1342347581039,-14.0678622640904,-2.69836339324415,2260.41817399734,2272.3640459991,0
4.56,-1.16618957681053,1.59475564956665,-0.0453409079289343,10.9471999660748,2.11934086806954,1.09421771899025,-0.405883616867112,-9.74468632758624,5.41976763240378,1.25445423445259,2247.67094302304,2272.3640459991,0
4.57,2.27370688713254,0.114397197961807,0.113717719640856,17.0370372776773,-5.55619184451346,1.99837511169662,1.0904914677822,11.6271602469072,13.6360203727754,-1.0212962710666,2272.79125983666,2272.3640459991,0
4.58,-1.12877614492331,0.674974918365479,-0.0350602089646897,14.3920023355722,1.60579501452776,-1.08900767674302,-0.299043614871397,14.2263360455258,2.70548915643162,-1.27174984065292,2261.48965610173,2272.3640459991,0
4.59,-0.668727395751032,1.15816378593445,-0.0499808741453662,13.7511293828918,2.36208969512246,0.324058278696471,0.587095094185408,-7.8766478777886,-11.5165726343458,2.71184058629537,2254.61920403596,2272.3640459991,0
4.6,0.235002482171684,1.0114198923111,-0.0105227189485241,13.7797492529133,0.501249479925361,-0.101439511525975,0.21224259643694,-4.91855688257208,12.8817909743635,0.401098306252601,2257.57104296323,2272.3640459991,0
4.61,-0.250937771347621,1.11659979820251,0.00558157242323127,15.1879268496886,-0.351483678537983,-0.2387024995486,0.0776017767121173,14.451902389733,-4.68392784801411,-1.90735631968726,2255.62446210433,2272.3640459991,0
4.62,-0.716449105112603,1.58218896389008,-0.0139873704164867,13.4949895994856,0.580039332308201,0.647981333779302,0.305965942257327,-12.3460670628702,-5.47958191802618,2.03146466117058,2248.2463927094,2272.3640459991,0
4.63,-0.0119262585220423,1.58494651317596,0.0330507875539678,15.158990336817,-1.67574142692711,0.0272852500025725,-0.0221383227135485,3.40610316328511,14.8661211687074,-0.335328383602836,2248.84027521044,2272.3640459991,0
4.64,-0.801377058532705,2.13104248046875,-0.0592993664929618,10.9383897574941,2.83128252270998,-0.261990986056169,0.759659349994663,1.71850467072656,-11.1674201544917,-2.73562451163169,2239.92137871951,2272.3640459991,0
4.65,0.829205500054498,1.56217205524445,0.0234490022286646,16.6181304832265,-1.11632156088281,-0.749687507834192,0.355105980833198,-15.6627567109426,5.66449351651643,1.1567034218558,2249.88235504314,2272.3640459991,0
4.66,0.918889627521916,0.82793390750885,0.021104100990966,16.4244700564312,-1.03958410688193,0.849447116193225,0.351060005464901,14.6121700226175,7.571554594666,-1.1559309266067,2260.97390881925,2272.3640459991,0
4.67,1.27606955550508,-0.143419995903969,0.0766813953043046,15.7502879713324,-3.73860567886689,1.26912473882168,0.15347945850681,14.8241045067996,6.50343518253524,-1.39042775228146,2275.71122261017,2272.3640459991,0
4.68,0.679754417411132,-0.712818205356598,0.0511007425657259,14.2485254475904,-2.56090422001302,-0.302167478906803,-0.611041871373659,-2.96657608133353,-14.169620115175,2.75737931811098,2283.73671243254,2272.3640459991,0
4.69,-0.875797377374344,-0.215285137295723,-0.00515122360825065,15.2048160666775,0.154522253415451,0.500277038400302,-0.718867488602638,-8.63215816976771,12.5178334419502,0.613866743813978,2275.03582531009,2272.3640459991,0
4.7,0.785466814902215,-0.730804800987244,0.0110152909117751,14.9680792551493,-0.539348220654516,0.785099875647048,0.0264128606078813,14.9253958777754,1.25173918339224,-1.52314337603349,2284.10482898224,2272.3640459991,0
4.71,-1.64879295137814,0.266866952180862,-0.0462952746349011,15.0164439214318,2.14113087495572,0.907480144103048,1.37736750253026,-9.72676066723273,-11.6390788463508,2.58709124395598,2267.18108958977,2272.3640459991,0
4.72,-1.52897857477493,1.38939785957336,-0.0657010515170831,11.4041512732557,3.08427364564144,0.373680920735071,-1.48406693911354,-0.300969973195099,11.8100307899571,0.289611673299334,2250.38921282609,2272.3640459991,0
4.73,-0.25570117485431,1.62373316287994,0.0011848576036818,14.0092458275224,-0.102931159344616,-0.224651519517434,0.122131852880088,12.3264226851279,-6.6579927355835,-2.0733851415278,2248.05409669631,2272.3640459991,0
4.74,1.55922088010676,0.540495932102203,0.0393374271616277,16.1537260191713,-1.88958542099596,-1.48374808640844,-0.480841764217603,-14.6087538833513,-7.14826603739393,1.90941253991373,2265.82711309982,2272.3640459991,0
4.75,-0.793739889737173,0.926510274410248,-0.0178713900876352,14.6044611182845,0.799404391891451,-0.297321293378826,-0.736167404635105,5.91077146337211,13.3787933927184,-0.361332769294546,2258.04838836326,2272.3640459991,0
4.76,-0.868116138616768,1.54614472389221,-0.0636800766542404,12.0570298838123,3.03577792850036,-0.316450402009155,0.810888355667919,2.45354476550843,-12.1888488108581,-2.69629511388442,2248.62196722368,2272.3640459991,0
4.77,2.43971924114589,-0.0665469244122505,0.11494969028308,17.0332386429967,-5.54483386870131,0.290401191787347,-2.42510011230921,8.28731914875401,-15.8807034676512,-2.97533090215197,2275.52551495078,2272.3640459991,0
4.78,-1.02767907410944,0.440155744552612,-0.0654358797282486,13.290240846932,3.10707961583339,0.885163781513976,-0.526204535911779,-10.4177339203774,8.81789461678963,1.09803951978291,2265.01382029962,2272.3640459991,0
4.79,0.265358604549971,0.281335890293121,0.0357365547464214,15.2997127502585,-1.7854871611947,0.255588375879709,0.0797926843076738,13.1105428955728,8.08596559642433,-1.13432469138407,2268.54642538017,2272.3640459991,0
4.8,-0.803464917273303,0.76658570766449,-0.0829502124995285,14.255425862654,4.00461695382304,0.275828065044505,0.759180801638527,-7.35072128792439,-12.853832892166,2.89597433229482,2260.35128949401,2272.3640459991,0
4.81,-1.2313775748964,1.622314453125,-0.0544445262584821,12.8393687653676,2.5870442536306,0.611726602042549,-1.0700679897795,-4.67123815792257,12.2360828019145,0.56351422843819,2247.28642054763,2272.3640459991,0
4.82,-0.227175247388604,1.83062601089478,-0.0216645977215034,12.5970623388293,0.98745937319246,-0.214649914910141,0.0774813645309463,11.9557081859133,-4.0892661145176,-1.82212939174826,2244.93117536409,2272.3640459991,0
4.83,-0.200634322085207,1.96367359161377,-0.0141722589235907,12.6245303444096,0.661340275221311,0.183760655328945,0.0817741137198353,-11.4545050707777,-5.34887380296804,2.06000743081912,2243.01093995634,2272.3640459991,0
4.84,2.16701838227806,0.457661181688309,0.0891466104711511,17.9438813907531,-4.33726217469745,0.623431129347524,2.07731784141233,0.245196374938393,18.4589978404894,-0.250446191482841,2267.65419857915,2272.3640459991,0
4.85,-0.36017215740574,0.524115979671478,-0.0196829178296724,13.5781800475865,0.919140962912979,-0.202915909608145,0.298222289328772,7.50897983087147,-11.3501989151709,-2.48953566663671,2264.40509669651,2272.3640459991,0
4.86,0.19880625512462,0.349656224250793,0.0116232643486202,16.0585905393979,-0.642862196288309,0.0660128968148834,-0.187886467859985,6.79135547936817,-14.5660252872331,-2.74532166443847,2267.50138039157,2272.3640459991,0
4.87,0.862240234565369,-0.249729752540588,0.043633184201561,12.1200157253447,-2.13389271234636,-0.83115308959236,0.233552175172881,-12.2916042045496,0.603941527886572,1.34742393023139,2276.91895249798,2272.3640459991,0
4.88,0.902239713015843,-0.980179309844971,0.006012679078024,17.0499753532664,-0.294704714317104,0.630510520030571,0.645390684921456,11.6210284451788,12.4795916716845,-0.767072146274951,2288.01188336385,2272.3640459991,0
4.89,0.910109575841009,-1.71669864654541,0.054442266305917,16.2829210779952,-2.66339127666467,0.252789605521577,-0.875991333141071,7.95106261595059,-14.4571012032865,-2.80090149403946,2298.93640426704,2272.3640459991,0
4.9,-2.02108323307598,-0.415993809700012,-0.0905655416996773,10.1295176951185,4.26889200590131,1.97535464428174,-0.436982358544096,-9.24388540107317,5.94820564419155,1.39786578311296,2276.89383497622,2272.3640459991,0
4.91,1.30791200890462,-1.1895604133606,0.0636997345059145,16.3039067556581,-3.08543653558627,0.896623234859442,0.954336551706589,8.22369613814327,14.4120822902109,-0.705563125506083,2291.38634094551,2272.3640459991,0
4.92,-1.30116409611073,-0.418935984373093,-0.101752617443715,12.4908025882067,4.90325702784801,-0.324150242110596,1.26424215271598,-0.604075813221249,-13.4051173508691,-2.81255827451532,2277.61936664665,2272.3640459991,0
4.93,-1.61030619354487,0.748276889324188,-0.00832179537127822,11.0103816758655,0.24508100284336,1.5236464356772,-0.521207087725547,-10.3578634978062,3.74208940392972,1.24636343151168,2259.99224392388,2272.3640459991,0
4.94,-0.302503301443422,1.01657927036285,-0.0010331541254644,13.7375260959237,-0.0434486693115755,-0.26270116602033,-0.149991373629206,11.8849245627265,6.88985334831946,-1.04858956942663,2257.07308010911,2272.3640459991,0
4.95,0.754345734101575,0.464234232902527,0.0812588630349733,16.3802081545863,-4.01678071072743,0.75238250989968,0.0977806124752669,14.9827687962177,7.74353831686348,-1.33425217448876,2266.23416814649,2272.3640459991,0
4.96,1.70961209588352,-0.767651855945587,0.103812752535188,14.7751508411632,-5.10061026564655,-0.688805059096489,-1.5681512033421,-0.325423444242637,-15.6273928421564,2.78836568463442,2285.48172154526,2272.3640459991,0
4.97,-0.427119036747803,-0.649496614933014,-0.0267617708137648,16.2215874886998,1.27797557539847,0.247215000160871,-0.349330227184708,-9.18533747620026,13.4314071367511,0.678438298984158,2281.91313709864,2272.3640459991,0
4.98,-0.294521956814221,-0.456866383552551,-0.0376186598434688,13.4254153323669,1.79449076452652,-0.296895142554278,0.00340895024475801,13.5427825471098,-0.234552408258897,-1.45523784149329,2279.076724768,2272.3640459991,0
4.99,0.641489705440832,-0.922156512737274,0.0679149054289554,15.7127076990095,-3.36079232568792,-0.326853246895168,-0.556137061847236,-3.43042732139457,-15.6976519480955,2.7157286961516,2286.86422078167,2272.3640459991,0
5,-1.74514683007836,0.221610024571419,-0.102898466666137,9.5346233443744,4.93169248616627,0.83048040321834,-1.53831981487761,-0.821208645408094,10.70309532135,0.553920862548359,2267.66007338638,2272.3640459991,0
5.01,-1.48253994055651,1.29928982257843,-0.0715232323764218,13.4901683962358,3.41925140899281,-1.450602946532,0.314310896450542,12.7443724508662,-5.59078656275662,-1.73596758080386,2251.87018466192,2272.3640459991,0
5.02,1.75308817275414,0.166821852326393,0.112420117049147,17.837851620702,-5.51808442339418,-1.40275272542839,-1.05746925036667,-9.93064683931333,-15.8120352737629,2.2807979711689,2271.56855105498,2272.3640459991,0
5.03,1.41678093390206,-0.96788614988327,0.0747964732609001,16.570250522266,-3.64180944918595,-0.136765179278656,1.41214659749529,-6.06593184101622,15.8442560360208,0.149292309701547,2288.20986963493,2272.3640459991,0
5.04,-1.54202479213587,-0.0267197918146849,-0.0670305623062401,10.8706710892989,3.15836749450855,-1.37985249648877,0.691621749064095,8.62933194708053,-7.32675953673802,-1.99198461915274,2271.57443684059,2272.3640459991,0
5.05,0.899190304689491,-0.591438829898834,0.0606246581561621,17.1263727872567,-3.01228817820175,0.710319454070474,-0.554675424363794,15.8669388363426,-7.11524960070856,-2.16645102959651,2282.16635106077,2272.3640459991,0
5.06,0.532354874798101,-1.05020833015442,0.0246658486065729,14.8320334297874,-1.22871647796074,-0.489751328480316,-0.210127944501795,-12.8089289103859,-7.57827816949371,2.02239294616436,2288.65387059082,2272.3640459991,0
5.07,0.604815751157483,-1.55951011180878,0.0164497510028542,16.7963084176498,-0.847826570339006,0.0282758073751748,0.604378330082679,-0.519156183980001,16.8096776652862,-0.0195596050639343,2296.36731047804,2272.3640459991,0
5.08,0.235939541294995,-1.78746056556702,0.00422427938795802,13.8948855658085,-0.22178516945246,0.210307032341061,-0.107033937752173,12.5912369364321,-5.88028791462887,-2.0236692128994,2299.41050620482,2272.3640459991,0
5.09,-0.475313389953649,-1.52217423915863,-0.0168099029733875,14.4239521773752,0.717261096824979,0.381162141602576,0.284465838574936,-11.696504673363,-8.4709290117567,2.24728406657979,2294.82459920727,2272.3640459991,0
5.1,-1.71804374903304,-0.335265785455704,-0.0403000075589389,11.007706343164,1.83005692151797,0.208617437468556,-1.70580689967675,0.218685393702295,11.1566520055037,0.145146684284529,2276.10668779852,2272.3640459991,0
5.11,-1.7518299909923,0.935032427310944,-0.0769520738199864,11.9637705296458,3.61262828291363,-1.47681615860641,0.945433219579405,8.53686919543791,-9.12714373374886,-2.09634117050446,2256.95300568452,2272.3640459991,0
5.12,-0.944683671952552,1.67565476894379,0.0107532536177551,11.7895957004749,-0.65216604540206,0.907697918556412,0.261968244574568,-11.190062627343,-3.76860527616944,1.84038618661922,2246.68873564101,2272.3640459991,0
5.13,2.02334343314025,0.347567170858383,0.0940898177932247,16.1863836570145,-4.59639865965022,0.969633343323586,1.77836518234002,2.94663727129574,16.5663280578984,-0.452711604817546,2269.12211499904,2272.3640459991,0
5.14,-0.196497258671694,0.345610529184341,-0.0238456095226103,11.5326467620151,1.14743540181476,-0.143966252983197,-0.135843673982168,8.25570673131492,8.13399383484382,-0.693656035192785,2267.16651896776,2272.3640459991,0
5.15,-0.719650934414831,0.806638658046722,-0.0332877127898435,14.0937939728189,1.52073520196648,-0.101991271554441,0.713164300672451,1.14394940722249,-14.1293681336598,-2.95332112866833,2259.81672844651,2272.3640459991,0
5.16,-0.33661032488316,1.03289580345154,-0.0178835806789381,15.1568483679794,0.834274698912125,0.2800484883156,-0.18761443832497,-12.5951414152968,8.47280823882137,1.03361259739589,2256.8334041876,2272.3640459991,0
5.17,-0.751721187624697,1.51415228843689,-0.012937810432399,14.5772551128805,0.498477044977952,-0.728312710943376,-0.18658168704613,14.1888839577621,3.37941089888936,-1.30279721818047,2249.24685218936,2272.3640459991,0
5.18,-0.247116309540797,1.73144662380219,-0.0272208956262097,11.213933285383,1.30400440929808,0.149279931310608,0.198803797015189,-6.8333592055023,-8.98654155930228,2.60723357717835,2246.40537126231,2272.3640459991,0
5.19,0.453942568828159,1.37818562984467,0.0382384825768746,16.2502500242278,-1.95067557545185,-0.0745263314288643,0.449412798291109,-5.88556943710196,15.2720605502869,0.248372953354389,2252.35974033346,2272.3640459991,0
5.2,0.982604555925917,0.645356953144073,0.0676908887473927,14.6281097948761,-3.33705613877573,0.843081468049416,-0.509222356124928,14.536412976706,-3.71621280538974,-2.04537223235789,2263.69235533962,2272.3640459991,0
5.21,1.22005661856094,-0.287973046302795,0.0365180839283972,15.8915162656842,-1.7929017485972,-1.10534777003365,-0.517762523006254,-13.3740856330333,-8.76861559101096,2.03878150952009,2277.90263436041,2272.3640459991,0
5.22,-0.155861846659409,-0.276413530111313,0.0359264726855043,12.8175684320159,-1.85161576639309,0.0172915044787704,-0.159011416434683,-0.326835640716394,12.9464945031358,-0.11822697758601,2276.50790332576,2272.3640459991,0
5.23,1.20553233665206,-1.1574113368988,0.0345405605962585,17.9004050794114,-1.69560290508863,0.320758675114063,1.16258984056251,2.61791387088238,17.7889319011402,-0.240558979760967,2290.92923531732,2272.3640459991,0
5.24,-1.32734404231098,-0.345136255025864,-0.0180193927270075,10.5097853708882,0.744528600645289,-0.928693359923721,0.948522824399234,6.92901627713371,-7.93716856382244,-2.35318263485083,2276.56157830214,2272.3640459991,0
5.25,1.08584116887694,-1.04199659824371,0.00673969644572014,16.1598805797729,-0.313686552306682,-1.05467203018852,-0.258386099227996,-15.5950056585853,-4.24687392258256,1.81726276353606,2289.06211873876,2272.3640459991,0
5.26,-0.503067037638179,-0.801912248134613,0.0186179920133861,13.7115880887371,-1.0056699621517,-0.117296907060363,-0.489555420334343,2.71716246874976,13.4772418582731,-0.272157712766446,2284.0963936066,2272.3640459991,0
5.27,-2.14801165015614,0.669533491134644,-0.116578062090658,10.6327890808961,5.55749206949133,-1.2419512099571,1.7564457537463,2.24298901065003,-11.786047770113,-2.47191009950758,2260.56188893149,2272.3640459991,0
5.28,-0.931597852391547,1.41758644580841,-0.0497690680750144,12.6668186395305,2.37758690686811,0.924839350508227,-0.12257118123409,-12.4417251877644,3.36224453284062,1.49240441920865,2250.57594435132,2272.3640459991,0
5.29,-0.70596466306289,1.89695501327515,-0.0167202684702218,15.1556897598853,0.693175847072638,-0.558074479669773,-0.432687587079324,12.1917609524426,9.02975025852616,-0.887605075124999,2243.56700446692,2272.3640459991,0
5.3,2.64691699863251,0.151993498206139,0.122134053408792,16.2160566206376,-5.89462990927033,-0.220620451986435,-2.6405327001984,5.28665560371582,-16.4243242362871,3.10434406805785,2272.41815531192,2272.3640459991,0
5.31,-0.622258646194822,0.365478664636612,-0.0333546925138661,13.9510123309343,1.5312181856956,0.462519802516307,-0.417604825830814,-9.87655036987917,9.97141549537096,0.889937818296925,2266.52052362757,2272.3640459991,0
5.32,0.940596116460052,-0.240126609802246,0.0462165566771791,12.7803922151481,-2.25476870721608,-0.553941877661565,0.761580869365563,-9.77196389717948,8.53997240559234,0.677947909847742,2276.84619153487,2272.3640459991,0
5.33,0.0412710416171472,-0.370342016220093,-0.0301650093131518,15.0880550190932,1.4345693883783,0.0382412194318101,0.0339239708671462,15.1561001197688,-0.00476957008330503,-1.47631618268718,2278.10114718336,2272.3640459991,0
5.34,0.26369803330966,-0.589052140712738,0.0182870858889273,14.2834726229887,-0.917208467623605,-0.135992306093381,-0.226665310458163,-5.66627787951725,-13.1435214663666,2.67043320791152,2281.54336279714,2272.3640459991,0
5.35,-0.870511218290361,-0.0450116582214832,-0.0612633122531894,13.2979723937448,2.90778966949228,0.370721989520962,-0.790005177883804,-3.94123463395911,13.0291204655912,0.509019323508289,2272.40761353078,2272.3640459991,0
5.36,-0.0562902381747463,0.00428118091076612,0.0217834040672307,14.7037710635825,-1.12017406274806,-0.0583756302240547,-0.0153425357249164,14.7367238229182,-0.533520747612017,-1.68301990737124,2272.42998732794,2272.3640459991,0
5.37,1.00455998550352,-0.693938255310059,-0.0099776764672091,13.7027293122961,0.520411287613582,-0.630390409871613,-0.782207293269774,-9.10591398459308,-10.2527044734317,2.45332502822746,2283.75999347082,2272.3640459991,0
5.38,-1.29110453832784,0.110632084310055,-0.0679614792832354,10.716293481882,3.2573946541143,0.303381263213909,-1.25679334048516,0.0631736395862754,11.2002488817767,0.289451519422059,2269.78585623794,2272.3640459991,0
5.39,-1.63415600485828,1.28181052207947,-0.0921636620952943,11.2795748682732,4.38777544635222,-1.45259760494219,0.75426798085389,8.48774412200696,-8.62783763731839,-1.99339004887521,2251.8884969286,2272.3640459991,0
5.4,0.918766551364997,0.726009249687195,0.0617013515043774,15.6456965968599,-3.02541459048292,-0.864802193242622,-0.316316612348049,-13.0731869889266,-9.11223010013812,1.98850439948877,2262.44361169942,2272.3640459991,0
5.41,-1.26312001630578,1.49803423881531,-0.0856030688263,12.4931613231435,4.09131587600571,-0.489866822364421,-1.16740333960949,7.91508104025103,10.4961629927133,-0.329638023227311,2248.99821020089,2272.3640459991,0
5.42,1.257043395593,0.731960475444794,0.0489300844219042,13.0336706055301,-2.3574125974447,0.807311075599808,0.964780326695868,6.10374461744229,11.7549251487661,-0.65786517029212,2262.59024368538,2272.3640459991,0
5.43,-1.27406190704923,1.49173450469971,-0.0196330433811779,12.2794478077147,0.786076250140242,-0.192047859792945,1.25965742125996,1.26238493175159,-12.23965435041,-2.97488874718408,2249.0844914812,2272.3640459991,0
5.44,0.789218156094845,0.996110737323761,0.0282805713355078,15.4865753242095,-1.37211425347793,-0.640328728431029,0.462216624723421,-13.6361706195743,7.46803612945671,0.981379076782648,2258.30531145618,2272.3640459991,0
5.45,-0.882792495648688,1.49303579330444,-0.0292926697356973,14.835338032121,1.30426588011966,-0.867614275037673,-0.165608335009859,14.7588800314543,1.99093551640386,-1.34901760785955,2249.45522260706,2272.3640459991,0
5.46,-0.16754280453073,1.65389358997345,0.0184932828143996,11.6678822979042,-0.977909321728595,0.0755730688003549,0.150669519583002,-5.52316234342438,-10.324265673037,2.56674608566773,2247.65695495472,2272.3640459991,0
5.47,2.47383908674069,-0.0600253455340862,0.125445589922398,18.5054344127672,-6.12547529355267,-0.619121984351083,2.39839621239072,-11.3727747229537,15.831378508459,0.303290514752954,2275.64911859935,2272.3640459991,0
5.48,0.903603236428064,-0.858826816082001,0.0551434444873888,13.9294504490109,-2.70996681948646,0.861301082485704,-0.278747293551274,14.1651654355166,-0.849469339419938,-1.82284267801354,2286.10129409302,2272.3640459991,0
5.49,-2.22823078964761,0.560057580471039,-0.143796589889665,11.6170384985246,6.90742388182731,1.79198477455908,1.33209627240149,-13.3268855184331,-2.24993567419574,2.27448121072803,2262.16873802634,2272.3640459991,0
5.5,-0.317582201451048,0.901167154312134,0.0305103097585881,12.6922354215606,-1.5917649209856,0.0284336907442863,-0.317774855693017,-1.50876447518839,12.7023692797213,-0.00653683341176253,2258.79614609475,2272.3640459991,0
5.51,-7.52366838171504,-4.59999990463257,-0.366991508284614,5.68880493760566,17.6038542061008,-3.99789336714642,-6.38413011381333,18.1381249808888,-3.64233533676385,-0.510739135194948,2200.78234525743,0,0
5.52,-6.5801553726087,-4.59999990463257,-0.28525834881359,6.4139439778501,13.6319226318651,2.15020975970934,6.22546504628286,-14.8950690679513,-2.25940466785321,2.85235532787944,2145.33086505457,0,0
5.53,-5.85713543819612,-4.59999990463257,-0.260863491869668,4.91386200864154,12.5121799386313,-2.79623585024682,-5.15316896409944,13.4011678662471,-1.0532741700643,-0.452654714713543,2095.8208125439,0,0
5.54,-5.62194481508153,-4.59999990463257,-0.209267344578098,5.25523824968223,9.97345123142589,4.76311267371151,2.99379591536526,-9.9600456272155,5.28060125651797,2.16914169039016,2048.29007152531,0,0
5.55,-3.09984370496976,-4.59999990463257,-0.0873845181583026,7.35165058733247,4.09485367826997,-3.02511648544604,0.682156359449218,6.42645658183985,-5.43279383065419,-1.7644017832189,2021.74939641869,0,0
5.56,-5.82588837568787,-4.59999990463257,-0.224294667144735,6.50459004703042,10.7288682792988,1.56646812297757,-5.61582238709343,8.22840179669418,9.47162658188293,0.310504592308987,1972.96572011564,0,0
5.57,-6.98540521193309,-4.59999990463257,-0.269837534751456,4.38088329903003,12.919730301468,6.49056231649945,2.59640117965232,-9.25967218312994,10.0184849455075,1.98993567594098,1913.99695628742,0,0
5.58,-5.93123746231849,-4.59999990463257,-0.251416598925648,5.72320683900941,12.072716646257,-0.511049399580305,5.9145259025398,-11.2393732717714,-7.22371595514966,-3.01303772311655,1863.84341358038,0,0
5.59,-4.6650345689737,-4.59999990463257,-0.172731298088392,6.3140095935192,8.27416425596813,-4.03522655216075,2.34719626443888,1.6787947337968,-10.2718138380507,-2.06062376947083,1824.58379194448,0,0
5.6,-3.01153529308094,-4.59999990463257,-0.103372453977812,5.8902858874925,4.92323824937893,-2.95945155532671,-0.567165916983574,6.83555192688321,-3.49413402024369,-1.34713455338144,1798.83469504916,0,0
5.61,-5.09197486299688,-4.59999990463257,-0.17656960567594,5.56294840558855,8.41231287004008,-4.04959856697347,-3.09194700430119,9.63555208789728,-2.97817708474504,-0.884036642370182,1755.9137950922,0,0
5.62,-4.09895368008732,-4.59999990463257,-0.138062096323988,3.66277865627868,6.59207386446266,3.881533931986,-1.32445337735387,-1.58678677402335,7.3724821500772,1.27563503180417,1721.04677925046,0,0
5.63,-5.78830625995761,-4.59999990463257,-0.194019006985762,4.58089879792836,9.30295270490033,5.1955157657362,-2.55905229765294,-0.346245678938505,10.363863987736,1.14663289257313,1672.4052774196,0,0
5.64,-5.85341389778575,-4.59999990463257,-0.151098327929202,2.2867105759175,7.12160240798607,3.45446160893143,-4.72778806165348,4.24357420769155,6.15941101561351,0.656823876822903,1622.48985827903,0,0
5.65,-3.89469283837752,-4.59999990463257,-0.131185554328295,6.301519254114,6.27388752795404,-0.659557383241165,-3.84068041018589,7.07247959960587,5.3898832952621,-0.136399980540194,1589.66041068372,0,0
5.66,-7.47575967784631,-4.59999990463257,-0.264458263507094,2.00477986252194,12.7363121592363,-7.23311287849056,-1.90761605703663,5.60050211504305,-11.6132323568455,-1.27757342849032,1527.06773733074,0,0
5.67,-2.8741493662881,-4.59999990463257,-0.0841377200376963,5.62525438918866,4.00771378124844,-1.03605628628207,2.68223807804654,-1.51508667640289,-6.73867710003094,-2.74371646368864,1502.11421284187,0,0
5.68,-6.95689080605738,-4.59999990463257,-0.200518582145232,1.76234768745874,9.59070331426273,6.85643504694062,1.19492084937694,-3.64489485089809,9.04445691899728,1.7721557020211,1443.71368613759,0,0
5.69,-2.44405020239214,-4.59999990463257,-0.0845515630627528,4.32131064505951,4.05142114256602,-0.784767112212583,-2.3161759298937,5.12418801814034,2.9716049737949,-0.292099484347967,1422.14121146688,0,0
5.7,-3.25011791394396,-4.59999990463257,-0.0777871354818578,5.82540653408547,3.67025948792022,-1.7954916848199,2.71026325339966,0.32217107241665,-6.87767197503137,-2.53256594982196,1394.96823860017,0,0
5.71,-5.07352903886739,-4.59999990463257,-0.104563731412424,1.69625765968614,4.94635502289411,4.78701155536648,-1.68408754254207,-0.0663527575021383,5.22870111711556,1.25312245465255,1352.24582796951,0,0
5.72,-6.04083344602026,-4.59999990463257,-0.166892728153512,2.51154360653096,8.00333117149419,-6.03684557967568,0.275712445162991,2.36692777191491,-8.04728612953802,-1.58881581088045,1301.03835378516,0,0
5.73,-6.51735701573598,-4.59999990463257,-0.150875895560901,0.0875608387545933,7.21530123907448,6.46412550022706,-0.844859469816431,0.682192556381439,7.18351252432199,1.46397900625498,1246.15679863084,0,0
5.74,-2.05003798154181,-4.59999990463257,-0.00595882816838722,5.12247490913121,0.172045271985331,-1.82892272969244,0.926138694911026,4.49937975496697,-2.45457340303456,-2.03663204706224,1228.04425700796,0,0
5.75,-4.39198385773688,-4.59999990463257,-0.0885899774484724,0.669961667396018,4.21757630118185,2.20984530826986,-3.79657136166875,3.25290433435649,2.7668414995434,0.547294523189584,1191.09573831231,0,0
5.76,-3.97717349806644,-4.59999990463257,-0.061797858041714,2.07981525478676,2.87400065453582,1.12482120680298,3.81529884304059,-3.32606352402696,-1.23402296998614,2.87043303973978,1157.07296053134,0,0
5.77,-7.00737672724762,-4.59999990463257,-0.157078025260235,-2.31043302030924,7.52275669999554,3.55080368887684,-6.04316103265913,7.61376523054474,1.99011259048604,0.55364489637729,1097.85196031334,0,0
5.78,-2.0043652111369,-4.59999990463257,-0.0383167695484101,2.03967752557079,1.81773385370257,1.58377039480385,1.22907258165958,-2.72885375087386,0.133409060999065,2.24987148828314,1079.91975240726,0,0
5.79,-3.14329088171809,-4.59999990463257,-0.0450287915240192,4.68625640769049,2.1127849655016,-1.85504812669405,2.53793254575592,1.13159063061118,-5.01441542692494,-2.49608483296695,1053.82866360894,0,0
5.8,-5.24703447208299,-4.59999990463257,-0.11641514986774,0.573325099694629,5.6058645113229,-4.96246568257494,-1.70846644322096,2.4798034568604,-5.06013768632757,-1.21704515410365,1009.63192813771,0,0
5.81,-7.06366768559594,-4.59999990463257,-0.139757709937832,-3.04557507862955,6.71382351669265,-2.35709788497033,-6.66025697332226,5.41312897028413,-5.0048964548665,-0.320366518784032,949.707811349005,0,0
5.82,-3.67073865773777,-4.59999990463257,-0.0313887487055372,1.55817836801345,1.42243013726473,0.845484860417826,-3.57217901255803,1.00949926237426,1.85260318503716,0.240960012096877,918.176116899827,0,0
5.83,-6.58339257062477,-4.59999990463257,-0.138557536680676,-3.90970263335044,6.68261458399429,2.94798328744888,-5.88809395873151,7.73475505920217,-0.341579468918902,0.485225700224469,862.074060288772,0,0
5.84,-2.9379767003205,-4.59999990463257,-0.0380312167456804,2.01975689643401,1.80601116313787,1.18681741691082,-2.68786493038442,0.802870837011262,2.5877582308145,0.428745789442949,837.114414411568,0,0
5.85,-4.16140236145235,-4.59999990463257,-0.0996960803981257,1.49097605058438,4.84786650946064,0.533594899573909,-4.12825452285789,4.56512281888017,2.21008437067588,0.15249443285183,802.053448614343,0,0
5.86,-3.02086860683431,-4.59999990463257,0.00487098598920088,1.01443704627715,-0.35659490361033,-1.01912810140734,-2.84377368635119,0.00827697397684413,1.07525528961366,-0.345725821911273,776.1963145697,0,0
5.87,-1.72422769960604,-4.59999990463257,0.00955675512264442,0.632706746992011,-0.532115393079744,-1.43963468008128,-0.948949144877901,0.239804289047889,0.791175405454353,-0.993551457931673,761.448071790187,0,0
5.88,-4.58258116554855,-4.59999990463257,-0.0274181777363305,-0.949891540788884,1.22084361488264,-4.41402860707919,1.23172779103064,-1.23754504535829,-0.928027656899919,-1.83693937114181,722.372428665047,0,0
5.89,-2.96726656753948,-4.59999990463257,0.0183323992750257,0.334435465707999,-1.00632024656976,-0.678241224996079,2.88877063825021,1.05551175365401,-0.10209043675966,-2.91716218625237,697.266083211803,0,0
5.9,-6.23716170216824,-4.59999990463257,-0.064078632495713,-1.87152901792314,3.04513119755396,5.68956527733225,2.55639181760385,0.422661853603152,3.54919735049398,2.00335156004433,645.242520447505,0,0
5.91,-1.99628896640599,-4.59999990463257,0.00901902390171938,0.63501056283541,-0.514790213739269,0.753411253361412,-1.8486812768822,-0.714589219348606,0.397000789249866,0.382471420106709,627.382698089729,0,0
5.92,-2.42863777939427,-4.59999990463257,-0.049090969967829,-0.0975287340268849,2.38844511435165,-2.39248977292861,-0.4203380464168,0.365056568383249,-2.36239616070451,-1.37667000232983,606.695960920533,0,0
5.93,-1.8788099713767,-4.59999990463257,0.000111767019083664,-0.638748358805979,-0.053118324603582,0.243268529830712,1.86299418770709,0.135413654640927,0.626485566013145,3.01168850313987,590.566581748928,0,0
5.94,-5.51761943041271,-4.59999990463257,-0.0544469919579784,-0.948949032418384,2.6025113771015,4.25153138933205,-3.51732419593723,2.37617663663092,1.42385193247047,0.889492301531681,544.765422435787,0,0
5.95,-4.36759615339079,-4.59999990463257,-0.0104836379647767,-3.00054963017642,0.435908507588759,-4.3657533573807,-0.127293708792368,-2.98530606913217,-0.530341384150574,-1.53924693828571,507.595299077135,0,0
5.96,-5.28327582125122,-4.59999990463257,-0.0620597281179633,-2.86724691717086,3.00704199216839,4.79875821860217,2.21105729746426,1.29949014759983,3.94648347050647,2.01430487784234,462.845544535473,0,0
5.97,-3.23295609638683,-4.59999990463257,-0.0276465358938927,0.666543748330414,1.32563958387716,-2.69823213287683,-1.7810987645896,1.29284607896183,-0.728113927138726,-0.978803502717412,435.426308446155,0,0
5.98,-2.07232218793196,-4.59999990463257,-0.0381200831048301,-0.315229694682371,1.86907392804299,1.75792740273813,1.09802715723855,-0.754911871088512,1.73865326496954,2.14751125602288,417.591326462359,0,0
5.99,-7.21917101067544,-4.59999990463257,-0.00813257785094423,-4.72398216822863,0.295139336526018,-6.93591662043809,-2.00238778824927,-4.45496581624783,-1.59887283101889,-1.28861345726001,356.783353537738,0,0
6,-6.3529373146228,-4.59999990463257,-0.0178265315822508,-6.53669928993446,0.815870294626644,5.75094601548784,-2.69939812471215,6.26963477699387,-2.02132671970486,1.13474668596768,304.356744484132,0,0
6.01,-1.79002873651983,-4.59999990463257,-0.0196771555158912,-0.0822009929293616,0.962296430812227,-0.267975615034565,1.7699658577958,-0.963010262352624,-0.0733666040924181,-2.98034005198141,288.168212551159,0,0
6.02,-5.33263809592634,-4.59999990463257,-0.0265706507854619,-3.00266008585048,1.27910816525318,-4.56928661051321,-2.74942811009723,-1.90012719307843,-2.65360169198409,-1.02413096168332,244.152903107841,0,0
6.03,-5.13970961962063,-4.59999990463257,-0.0508240588370126,-4.19996656258464,2.50044760648239,2.85191968657314,-4.276184299152,4.43122219313696,-2.06306258621568,0.598073736945343,199.698416169517,0,0
6.04,-4.18618526258819,-4.59999990463257,-0.0728601190576822,-4.07692911424808,3.62030595981715,3.93333753369788,1.43468167049807,2.50565298727593,4.8424858649919,1.93795297696093,165.690300010601,0,0
6.05,-4.36863702461226,-4.59999990463257,-0.045086361349389,-4.50516821933194,2.23279525006967,0.610739474863323,4.32597035665253,-1.63025098633656,4.75648999102919,3.01165991236341,126.560495203602,0,0
6.06,-2.54432190278398,-4.59999990463257,0.02660343541799,-0.771355857621941,-1.34278074255527,-1.68843556935973,1.90354065254284,0.508021491981306,1.46286162891439,-2.42646356369326,104.526441843259,0,0
6.07,-5.79858148127911,-3.80720114707947,0.0114290055179951,-7.76967278831748,-0.583812197705046,-5.5705300515103,1.61023997044565,-7.29659220231359,2.73283628357916,-1.85416118646789,52.2851197088699,0,0
6.08,-1.64141681741131,-2.4114785194397,0.00574229057430387,-2.19209932087401,-0.288710146432889,-1.64055293489659,-0.0535556736854982,-2.19957937421619,0.22472996629809,-1.54166138376208,34.8222519597339,0,0
6.09,-1.49562789909316,-1.37937164306641,0.0166290035933417,-0.526637249480684,-0.832439347035024,-1.45474141519399,-0.347716481095898,-0.698045704086832,0.695006657549838,-1.34729340643584,19.5230211034103,0,0
6.1,-1.6457908646671,-0.258560508489609,-0.0332071736443198,-0.678441284019871,1.6627930451693,-1.58232511012485,-0.453847477101652,-0.157647350961442,-1.78894119513772,-1.27129749541538,2.66429715725446,0,0
6.11,1.30365948986975,-0.990207076072693,0.0376040027520502,2.1169266488376,-1.88001023279727,1.22870897780221,0.437282945492605,1.29194466309103,2.51926495222155,-1.20004865271087,15.9830374615162,0,0
6.12,0.497630484439997,-1.37700033187866,0.00930746597946402,-0.421375134866097,-0.464215594595834,0.43922908656852,0.2340951462101,-0.594047340774107,0.200401795073288,-1.06242191005438,21.0797647673955,0,0
6.13,-2.00313927832511,-0.136191040277481,0.0291305687070749,-0.942967752735308,-1.45695103346437,-1.65707188724294,-1.12584560171951,-1.58876798617419,0.698362930516496,-0.98855871694705,0.529208448037664,0,0
6.14,0.267929604234826,-0.20169672369957,0.0326812860269199,1.02828451287484,-1.63452408954483,0.239994790563482,0.123518580724497,-0.0678614677156024,1.92987897545937,-0.974102652695742,3.35578416896368,0,0
6.15,-0.709315988886238,0.230284318327904,0.0106269076761744,0.739375739181289,-0.530786314846709,-0.582442902676532,-0.404972058762274,0.316865485573005,0.853233180186408,-0.97821305184843,-3.88259165900537,0,0
6.16,0.637993231358824,-0.118151441216469,-0.0193946387279435,-1.44785289549298,0.971735965071926,0.519804036505946,0.370425807555556,-0.664444316634084,-1.61216083034365,-0.98203686877342,2.3806799387987,0,0
6.17,-1.49476919284982,0.809796392917633,0.0279797884564907,-1.76285176803969,-1.39862603920221,-1.26374572025217,-0.798789435958757,-2.23252403431937,0.282201328489904,-1.0258376611586,-13.2070454680052,0,0
6.18,1.61593529397016,-0.137020379304886,-0.0179350345761323,2.26132875436933,0.898959564137553,1.39891360460602,0.80907927090728,2.41136014026184,0.327228218905865,-1.05753705778871,3.49946449299213,0,0
6.19,0.848272812059349,-0.772728860378265,-0.0182894918180513,0.00902448571830938,0.916932415388986,0.702265391645144,0.4761560551831,0.505674659052776,-0.764944203798825,-0.996526449225399,12.352257108026,0,0
6.2,-1.20050180889339,-0.0741599202156067,-0.0175907720963431,0.77577727966296,0.88141883092581,-0.989064376400994,-0.680636237467387,1.14282354368236,-0.269599501403782,-0.953407984404313,0.256482401743187,0,0
6.21,1.14423109488415,-0.745778203010559,-0.017266624885159,1.20837642758206,0.865948308831644,0.889053408720026,0.720518543326964,1.48516927205998,0.0656680868701032,-0.904814886924485,12.1939107169244,0,0
6.22,-1.45988450666217,0.112796410918236,0.02311334248762,0.242429101003598,-1.15563628484435,-1.10471943881865,-0.954668508378388,-0.555765507300137,1.04182138236729,-0.873962526709002,-2.73783656923751,0,0
6.23,1.03559533009349,-0.45222994685173,-0.00750290946537008,-0.832758209807409,0.377003269922541,0.775362243767859,0.68653286323464,-0.379591727720459,-0.831581518421451,-0.853331609671624,7.70657149588872,0,0
6.24,-0.942676324298725,0.112636737525463,0.0411387357837432,-1.62622879488606,-2.05777921851278,-0.67200894646798,-0.66237076010512,-2.58611590566323,0.437126901408843,-0.836233698378545,-2.36209569032482,0,0
6.25,-0.791856062999862,0.691713035106659,0.0476005372264014,-0.413653558738299,-2.38099328184526,-0.584006234176331,-0.536878528251097,-1.82409841671079,1.58521394171333,-0.887458872271841,-10.8743458944529,0,0
6.26,1.12805280510667,0.0230575129389763,-0.00927177074238661,-0.141701251441912,0.465222546658493,0.893092673643808,0.689183990764061,0.168290950475679,-0.456277786625221,-0.921781300463187,0.684947391292546,0,0
6.27,-0.0280255576249449,-0.0513363294303417,-0.023537971580949,2.49244475649291,1.17923738038482,-0.0365640667862641,0.0015927982873822,2.69494097593271,0.583245059734474,-0.915743984912285,0.884020364420866,0,0
6.28,-0.966258659749317,0.557749032974243,0.00353568549810157,1.10807904866713,-0.175480271235804,-0.783027116083651,-0.566159724892374,0.798020388085213,0.788540400923357,-0.948433353386249,-8.98534616377548,0,0
6.29,0.149076227124514,0.502850115299225,0.0574194919219474,1.14633652889203,-2.87266327259167,0.15670737689876,0.0310405794366733,-0.564426907889298,3.04100377849483,-1.00759198082008,-7.25427264160982,0,0
6.3,1.22109803238271,-0.278121262788773,-0.0072559010898785,0.04689016940035,0.364591955613944,1.03097597726359,0.654386420316724,0.233286249481347,-0.284083628334546,-1.01117620693923,5.2649124236624,0,0
6.31,0.454858252546047,-0.642521381378174,-0.0176426692017245,0.0887710676263761,0.884350833161883,0.360631444761863,0.277762947015573,0.584445343259268,-0.669612081211353,-0.953251790443827,10.0883849456197,0,0
6.32,1.3250054633359,-1.55252087116241,0.0133987825170032,2.63165001313526,-0.667930853822235,0.98006523256156,0.891790976163683,1.47394289032819,2.28017669779636,-0.822410022103767,24.4188258696953,0,0
6.33,-2.78544526991712,0.149577006697655,0.0293525893805868,-1.89165450426142,-1.46758896918254,-1.88794982408,-2.04822176239862,-2.36522201169433,-0.371347521003447,-0.755240376542702,-4.46041368706293,0,0
6.34,-0.978814062114134,0.983134210109711,-0.0193467116934662,-2.14560240149217,0.969665982243102,-0.736614496820925,-0.644864595491935,-0.933125053170365,-2.16174453105686,-0.831952137538287,-15.418391582919,0,0
6.35,2.26379326457007,-0.418459832668304,0.00933232330518041,2.14473474291097,-0.465261291074706,1.7104747127731,1.48294413041587,1.30847439956322,1.76188817241888,-0.852405397976332,8.23113185192584,0,0
6.36,1.09008002800635,-1.2533415555954,0.0338473020838696,-0.513670880235205,-1.6920014662655,0.764720770006572,0.777574595287957,-1.59123548416384,0.771165591156709,-0.746023820656996,19.7410102307357,0,0
6.37,-2.04955680525297,0.0277284067124128,0.0267235487056621,-1.92884624916301,-1.33640584518908,-1.27809123470606,-1.60246062097692,-2.25610906475213,-0.645290883175207,-0.686301811189536,-2.03413916428409,0,0
6.38,-1.53522331208822,1.1720734834671,0.00155099481683779,-1.17876180156165,-0.0757226123478156,-1.06523526384956,-1.10552560179102,-0.873231662225372,-0.795411693985425,-0.767850098853902,-18.6715758921994,0,0
6.39,0.863748463321836,0.704406261444092,-0.0457956754195387,0.339354673812172,2.29254896483219,0.63050797809529,0.592130341509498,1.73806270301286,-1.53299719216537,-0.869747150889378,-9.69580536360577,0,0
6.4,0.74878214840413,0.164308741688728,0.00709513889056376,0.23278215927646,-0.354203433681957,0.595038933526291,0.454591810696669,-0.0340567324229254,0.422478100126117,-0.908939005967073,-1.7326754435799,0,0
6.41,0.0859877469264881,0.0511731617152691,0.0511854878882147,1.16559713430567,-2.56079930920264,0.0993851572710822,0.0116806380840512,-0.632607432371655,2.74155386925416,-0.916873494158418,-0.564404714658752,0,0
6.42,0.549544302553271,-0.295773953199387,-0.0115154712131805,-1.159598257955,0.577440014837083,0.422989154587856,0.351015272669257,-0.548313158451789,-1.17365146907246,-0.899072017259039,4.96565888480312,0,0
6.43,-1.18798545152977,0.450282514095306,0.0446570043021942,-1.53073633474,-2.23375085240987,-0.912126558564773,-0.76244922600815,-2.57772735491509,0.82952895118708,-0.9121163468172,-7.59214441526132,0,0
6.44,-1.28626874223881,1.34813940525055,0.0583854315498498,-0.424160583456572,-2.92020259427664,-1.06660513899504,-0.721283310043446,-1.88624104329262,2.26927083416163,-1.02155401463419,-21.0702422751302,0,0
6.45,0.020187519548433,1.40953731536865,0.047422303829621,-0.0271782369108667,-2.3726252726574,0.036888826828544,-0.0359947954743591,-0.938534500235515,2.17927564408036,-1.17559285201875,-20.9168641939092,0,0
6.46,1.88456040527926,0.1938736140728,0.00978693045562873,3.47132856818341,-0.488968922543725,1.79224901842349,0.582672430370723,3.1420386700123,1.55460787070155,-1.2512746198444,-1.22546797168904,0,0
6.47,-0.179824987599944,0.20521354675293,-0.0250902271588042,-0.792592662267914,1.25671221443248,-0.179100242869906,-0.0298269788637947,-0.380563149519938,-1.43621043284478,-1.26714209835068,-3.0978558985315,0,0
6.48,1.58634581015014,-0.791853606700897,0.0274258636414964,2.29585622995422,-1.37068973315201,1.50201357434726,0.511077714104172,1.69647377762507,2.06681467360246,-1.2255362612982,13.2478922731937,0,0
6.49,-1.06397104629858,-0.233365952968597,0.030095665606817,0.58570958104739,-1.50538400585587,-0.967497796277301,-0.443720802587151,-0.0495374480180258,1.61455342422022,-1.16906985534406,2.7624772643105,0,0
6.5,-1.2515667048361,0.61962229013443,0.013778486331694,-0.0854374132970064,-0.688196006985338,-1.1616085148591,-0.466127366228065,-0.328883482400624,0.610531695021222,-1.20019768401072,-10.1425538966905,0,0
