t,iq,iq_ref,id,vq,vd,ia,ib,va,vb,theta_e,omega,r,"T_ass:1.07,S_pct:6.64,kp:0.0244,ki:5.4361"
0,0,0,0,0,0,0,0,0,0,0,0,0,0
0.01,2.05301015929666,-0.0599529631435871,0.0492323921234262,-0.247877633749942,-2.46290740056127,-0.0545324758272582,2.05287621440983,-2.44724252399647,-0.371968027922214,0.0505336855153899,13.7813776185982,0,0
0.02,-1.62382092236944,-0.0955388098955154,-0.0277372808489983,0.41422599810416,1.3885536310632,0.15602728063007,-1.61654546251345,1.33281893116889,0.568557877935034,0.113300728756784,3.19536098084519,0,0
0.03,-0.421033143628647,-0.0967851877212524,0.0611980466467458,-4.38755422224189,-3.06395308012183,0.112888428008789,-0.41020764469827,-2.49677349991045,-4.73334581669727,0.124209275178447,-0.197237025094281,0,0
0.04,2.7337122706698,-0.17587149143219,-0.0848972581303207,2.77148059778701,4.25484522738197,-0.601930873831815,2.66797105426141,3.65184959094357,3.52828671992658,0.190852823928887,18.4171099217328,0,0
0.05,2.20772540795963,-0.351349592208862,-0.0144962070800486,0.297504899767132,0.732425787932631,-0.83738834817716,2.04280257766319,0.568475467595493,0.549356298731771,0.382463846533967,33.6805811229571,0,0
0.06,-3.2067666249024,-0.454963862895966,0.0461288119899765,0.490663269478787,-2.31156946711595,1.72378742551642,-2.70444762669108,-2.22469317846629,-0.796771050555847,0.553075445814785,12.393472520822,0,0
0.07,-0.191866074425866,-0.514424860477448,0.0100825242234195,-1.8274715784439,-0.504296369369864,0.12240183349487,-0.148094695946215,0.683676207079473,-1.76820644780334,0.638196690458642,10.9099422424053,0,0
0.08,-3.30713271524711,-0.470584005117416,0.0538800433534447,-7.77296427193134,-2.69525558240621,1.98964640980994,-2.64222198523514,2.39479710721079,-7.87072569986451,0.629140577342942,-13.4101308772009,0,0
0.09,0.917382213013456,-0.415819644927979,-0.0258071526381464,0.73960098353063,1.29141691169729,-0.503635648047384,0.767207447758848,0.710759818240206,1.30751204026288,0.552774367292856,-7.18024017372423,0,0
0.1,0.310479882523861,-0.38572284579277,0.0313561004304658,0.789545377927831,-1.57032959749038,-0.123682326170851,0.28650243398478,-1.75607275921174,-0.0743331212580752,0.508180718322274,-4.9749726291464,0,0
0.11,-1.14229571557191,-0.324534982442856,0.0305898986956128,2.5374397944176,-1.53116678222221,0.51786197534188,-1.01862368822405,-2.47196862167199,1.634761009672,0.443567166677452,-12.5942676282809,0,0
0.12,-1.3450101560621,-0.207056075334549,-0.110954284604702,-4.90330846321439,5.55679409259338,0.309549210527277,-1.31359904820469,6.79877872241484,-2.94906804881641,0.313734464605549,-22.6461651960722,0,0
0.13,-2.51384508370466,0.00422674417495728,0.00285744577586235,-7.59810638420718,-0.136218616857328,0.20292688292905,-2.50564282172204,0.468951556323136,-7.58484413650871,0.0796748957283911,-40.9318470078093,0,0
0.14,1.47729888556947,0.204038262367249,0.0666078047653813,-3.46457257580858,-3.33766003519545,1.09726312199929,-0.991394088171205,-0.548941937336314,4.77932007643548,-2.26049318045407,-32.2455769298943,0,0
0.15,2.61038356107834,0.310098975896835,-0.0943313400966506,2.83475723717884,4.72108756875999,1.76990352919677,-1.92105237695626,-1.74113181267032,-5.22426802878119,-2.4332440078115,-14.6943182674006,0,0
0.16,1.73283878059466,0.340416580438614,0.0719993262051498,-1.82185963630064,-3.60509837128712,0.980781397673511,-1.4303782690199,1.79431046974874,3.61888888185153,-2.49901635563522,-3.23226966043718,0,0
0.17,0.703225766511474,0.331168413162231,0.0354285960833804,7.04652525809194,-1.77376337508467,0.391716376212089,-0.585098235096773,5.63221708400852,-4.59106582857641,-2.50130165246258,2.55806455576535,0,0
0.18,2.79965942878427,0.227871477603912,-0.0238274520673097,7.06075745362122,1.19687465379072,1.89085292687554,-2.06478470392893,3.83455488961029,-6.04838768221086,-2.40864742355602,22.6472457149729,0,0
0.19,-0.707501806221275,0.113408237695694,0.0281226032318865,-0.754450093322854,-1.40925416294626,-0.564777976024324,0.427054474764957,0.310710143364645,1.56800875185904,-2.25794738252978,18.2419435090462,0,0
0.2,-2.42138544554552,0.078019917011261,0.020714470234534,2.31971184716913,-1.03764445710468,-1.99617227160276,1.37070522989484,2.49564786218727,-0.479072876728593,-2.18107226594092,2.69848750083104,0,0
0.21,-0.0443476898179165,0.066644974052906,-0.0877449679580562,1.59921977459608,4.3933768856005,0.0120928296617332,0.0975687473780347,-1.12127399595521,-4.53894359651919,-2.16207992530872,2.5021776743868,0,0
0.22,-1.91601267303937,0.107699707150459,0.0486807160623928,0.834898707877154,-2.43592453507073,-1.58822251266603,1.07285769122684,2.09411595302275,1.49848675945773,-2.19029703432135,-10.2239652330017,0,0
0.23,-1.19998910484155,0.206646800041199,-0.0333073781509095,-2.51905177607323,1.66968929162762,-0.874640367754925,0.822245377166231,-2.99198468003387,0.426042081907777,-2.29757787456859,-18.9127218227395,0,0
0.24,-2.50078996252574,0.394510865211487,-0.10492675555983,-4.73640431275338,5.26154310177331,-1.40738632782911,2.06983665658464,-7.0482102416887,0.663395820488528,-2.50251704230485,-36.8715643283216,0,0
0.25,2.03895306603805,0.547489643096924,0.085932204533905,4.37558559524029,-4.30463075795468,0.751407718173229,-1.89739305109714,5.71288954882792,-2.24465771700199,-2.722400713739,-22.6392659272746,0,0
0.26,2.10617834777702,0.606081843376159,-0.0283122317903061,4.09420592097699,1.41676288265443,0.669269475368109,-1.99721485685796,-0.100694117016984,-4.33123537617485,-2.83169334965486,-7.07316760261563,0,0
0.27,-2.20872476739623,0.712164759635925,0.0868209351271181,0.742836026074414,-4.34233551279834,-0.524261970656946,2.14735939213928,4.40333363930854,0.135410222204417,-2.9414223072428,-23.0478890087525,0,0
0.28,-1.32662776068852,0.894181847572327,0.0972730983346948,-1.86155260088974,-4.8672174095141,-0.0852082016956528,1.32745728121581,4.8839403412331,1.81722594649989,3.13250114872392,-33.8637410033378,0,0
0.29,-1.31227012247326,1.13864481449127,-0.0156398165794546,-3.35677606188921,0.78408333329858,0.402088324368961,1.24924875729567,0.24112783220756,3.4386900953363,2.84211725386344,-44.9552793291695,0,0
0.3,-0.997161518624193,1.43544626235962,-0.0260506311299312,-4.97245680051383,1.30525088588975,0.633673693233613,0.770368340542917,2.02808543479322,4.72396824473576,2.47936541314454,-53.59322979676,0,0
0.31,2.18108868598117,1.68082046508789,0.0195200644896315,2.33390763539064,-0.984326923391133,-1.8501864619898,-1.15513589888913,-1.4398562379311,-2.08394778167263,2.13786664320766,-39.2974444014691,0,0
0.32,1.8487439945421,1.85135674476624,0.0584199765935727,-1.07185182257008,-2.92860684703308,-1.77263529334418,-0.528234197881268,1.94162233109507,-2.4404317481603,1.89200079695381,-27.603256721551,0,0
0.33,1.8542131543652,1.95208120346069,-0.0410006243226528,2.74118042518257,2.05105179362605,-1.82254780997767,-0.343666922122863,-3.03968707064187,1.5751781156788,1.73506341243057,-15.1106561542395,0,0
0.34,2.78566899981427,1.9527792930603,0.0691603757865343,2.8038965159237,-3.46239473277857,-2.77302341775837,-0.274000107060039,-2.35673372882444,-3.78098123362218,1.69410789458551,3.95236560676956,0,0
0.35,3.77945384479649,1.81243896484375,0.00132636215046134,3.84864332161493,-0.05928371799372,-3.66363239387299,-0.928477682417853,-3.7157852216679,-1.00424606679081,1.81935240365834,30.0412315267474,0,0
0.36,-1.27531661620238,1.66805028915405,-0.00878571119278604,2.26756339662331,0.437634917296875,1.15627118735835,0.538095346168283,-2.23658374845601,-0.575379192086199,2.01324812290656,22.4881813920197,0,0
0.37,3.39931446250313,1.43946850299835,-0.0244867211751667,5.20792668044955,1.23783029063353,-2.59897509728649,-2.19117933044777,-4.79677942225839,-2.37605372656988,2.26406388885627,45.9825675861986,0,0
0.38,2.6708395150163,1.08782124519348,0.0245489199398492,2.40018604643334,-1.21367143871505,-1.22742485780228,-2.37221722927976,-0.000347906927546493,-2.68958942918928,2.67330015269821,65.4076800213334,0,0
0.39,-0.59239797773098,0.722145795822144,-0.0162094464489486,2.4283328474039,0.807447005217692,0.0144939642344011,0.592442431949896,-0.800411866041101,-2.43066080083511,-3.13869693699908,62.5533285326172,0,0
0.4,1.34932621405856,0.312309801578522,-0.0956097972264011,8.30104113668289,4.78983765298493,0.73983327866577,-1.13246156007608,-0.147570028489099,-9.58269543403866,-2.63364266514543,74.6542900730303,0,0
0.41,2.2363035904311,-0.189182490110397,0.114186124830544,2.62846050433695,-5.70283424492631,0.00755621527622587,2.23920412720448,-5.82153978719574,2.35388987721613,0.0476414062165853,91.2666008734478,0,0
0.42,1.83062205019328,-0.776003956794739,0.0037040643466385,3.12225888424219,-0.165985697993342,-1.27331293666752,1.31524331439534,-2.29527906905284,2.12314525818078,0.771224603733431,105.707610281291,0,0
0.43,-2.60921195367802,-1.30262577533722,0.0928831620335431,-4.31735247252844,-4.67207253826543,2.60707231474494,-0.140670703048289,3.88253939714969,-5.03921442334437,1.4813081121004,87.3290705097872,0,0
0.44,-3.63653338535277,-1.6892077922821,0.0786688668278708,-6.33088740608718,-3.95634314287069,3.22225275635723,1.68749845260418,7.42980297105721,-0.728569985631287,2.03159526082287,62.6826650314989,0,0
0.45,-2.72851461158624,-1.96593832969666,0.100517717283515,-0.718683436372453,-5.04085738747928,1.71005592727646,2.12852167541563,4.28126732596313,-2.75635613922821,2.4279584469234,45.1801496732974,0,0
0.46,-3.7299782987515,-2.11144375801086,0.0378561018636028,-2.27156557184691,-1.90014812181764,1.66672409589295,3.3370948415913,2.72676981801163,1.15555155299455,2.66823344526767,20.1192104864114,0,0
0.47,-4.64438592443575,-2.07375121116638,0.0138830372960723,-13.6177294668122,-0.691770974895223,2.00700694964771,4.18836918834614,6.54431853078214,11.9621485478427,2.69174544272754,-13.7004927915256,0,0
0.48,-3.59084943884208,-1.87357985973358,0.00965442074048184,-9.83687622879408,-0.475056552808952,2.15977578232312,2.86873865494277,6.31639094400495,7.55599219900821,2.49357121874214,-39.9773106937585,0,0
0.49,-2.98304397607422,-1.54706573486328,-0.00210116585040798,-5.0523612147159,0.117915959115333,2.54393928965923,1.55786028533329,4.2451409143396,2.7420861829599,2.12097422666283,-61.2559139613796,0,0
0.5,1.78712494944295,-1.23914504051208,-0.0826007079086939,-2.21469610377317,4.13127587446078,-1.75867495943044,-0.328178075045911,1.62402934742883,4.39714087352903,1.7090928132833,-50.4778641355562,0,0
0.51,5.42922012735557,4.59999990463257,0.0931339791378347,4.98873977212632,-4.67033239065973,-5.35832985724222,0.879435199625015,-5.61325057807795,-3.89755655519557,1.4252742891518,-20.5758339012317,1173.4355511044,0
0.52,2.22204136277275,4.59999990463257,0.0246315308336524,4.24808050164111,-1.23419375523493,-2.1558378009689,0.538922912945595,-4.41845291067709,-0.216092688477512,1.3369182519049,-3.60173564336564,1173.4355511044,0
0.53,6.33146824889535,4.59999990463257,-0.0797472421146859,10.828491520811,4.00893462951304,-6.31424702077893,0.473428315565597,-10.4370643236375,4.93917744004384,1.48336384742245,43.4658405409666,1173.4355511044,0
0.54,5.86831367189334,4.59999990463257,-0.034876124060772,5.98789421062424,1.77797428583087,-5.43053925095512,-2.22431228463892,-6.21860909906505,-0.587341903603442,1.95360224768671,84.2896460295435,1173.4355511044,0
0.55,5.6739239975543,4.59999990463257,0.00851207234802631,10.6092523717195,-0.372215841817173,-2.36718120506873,-5.15654333131872,-4.07323570279014,-9.80324086357425,2.71272728032417,123.001299925437,1173.4355511044,0
0.56,4.67197390835394,4.59999990463257,-0.0401076787104411,13.5584565803546,2.05001313618304,2.68011400198962,-3.82700114483531,5.99278379227206,-12.3337277868033,-2.53923849054026,158.556624464812,1173.4355511044,0
0.57,3.66107819753137,4.59999990463257,-0.00585875602782648,11.2546705137477,0.349465118866617,3.50817663018425,1.04700746171687,10.8891577220109,2.86635279536516,-1.28236449237975,184.266291368889,1173.4355511044,0
0.58,3.52434784332961,4.59999990463257,0.0323772176230625,7.99289234810573,-1.57385878992812,-0.544247163517773,3.48222213966972,-2.85942539745161,7.62804339103087,0.164225245629292,209.916793999561,1173.4355511044,0
0.59,1.94897185160659,4.59999990463257,-0.0143345132681841,8.16295511528102,0.733451245041106,-1.91366364855393,-0.369578404169836,-8.15980148410897,-0.767741286422689,1.75421894111389,224.21894776488,1173.4355511044,0
0.6,2.60897190558982,4.59999990463257,0.0560997040241769,13.214505779425,-2.75197969898453,0.780441340107256,-2.49013913177561,6.82993234474636,-11.6425332047741,-2.81637716532818,243.225473202895,1173.4355511044,0
0.61,1.93506847320553,4.59999990463257,0.0969712993823149,9.81117559040542,-4.80816627156947,1.66154446476754,0.996575847840101,5.47426184095075,9.45569070229858,-0.980461388930912,257.276868965865,1173.4355511044,0
0.62,5.84285234009151,4.59999990463257,0.115041315619309,15.7245110638383,-5.6265091470323,-5.0480656614935,2.94434900269355,-16.4747963284051,2.73841912715744,1.06246118774505,299.318885937586,1173.4355511044,0
0.63,1.78881570096632,4.59999990463257,0.0673688261325768,11.4281127567857,-3.32118306976314,0.22723852461312,-1.77560210173612,5.15241623619949,-10.7277502344917,-2.97666292714305,312.581881535552,1173.4355511044,0
0.64,4.82144648422989,4.59999990463257,0.085163709821011,14.6490497577963,-4.12934329387978,2.61961817417232,4.04860465831246,4.23354417590577,14.6192762664831,-0.55663144955137,347.207340052444,1173.4355511044,0
0.65,3.02981234064671,4.59999990463257,-0.0344091213987148,13.3330292859651,1.78170192935307,-2.64284845429671,-1.48199151643727,-12.5564424708526,-4.82492323064664,2.07050315619932,369.376874852555,1173.4355511044,0
0.66,4.39622393150672,4.59999990463257,0.102312019491811,16.6650574500606,-5.01912480324765,4.34197663743064,0.696054225826836,15.4795823594574,7.95602184393507,-1.38857212044712,401.355564413447,1173.4355511044,0
0.67,7.02738930922032,4.59999990463257,0.0579850948399439,20.9099852077298,-2.66337628899845,-6.94062504535319,-1.10240045100848,-20.1838641651916,-6.07722650601208,1.73656464566917,451.405593393593,1173.4355511044,0
0.68,5.28205110127841,4.59999990463257,-0.00582445830602629,21.1798489215487,0.447702256678009,4.68996303392011,2.4298856971664,19.0219450446623,9.32480800703743,-1.0938738137171,490.504433753168,1173.4355511044,0
0.69,3.56134826008173,4.59999990463257,0.011447282651067,22.3677727788863,-0.449062504505978,-1.8507773059177,-3.04268891504985,-11.178228831703,-19.3795282813314,2.59832853055249,516.975315103736,1173.4355511044,0
0.7,1.86610678847764,4.59999990463257,0.0800496929638873,18.1323301666123,-3.91758572320324,-0.212922350404013,1.85564721109492,-6.70646308244137,17.2960176946468,0.157113627032419,531.04761370205,1173.4355511044,0
0.71,3.71682870734623,4.59999990463257,0.094460258405495,18.6490521404475,-4.58191859413356,3.09474721798836,-2.06064990644321,18.2220838248873,-6.06108775874231,-2.13282738585269,558.247857732985,1173.4355511044,0
0.72,4.47820959751886,4.59999990463257,0.120091127801515,20.4332242239301,-5.83681490880173,-3.97035520784741,-2.0748644779372,-15.0081940354776,-15.0445728506484,2.07916184922165,590.881912412686,1173.4355511044,0
0.73,2.56724620312448,4.59999990463257,0.0797135589011666,21.0842522278339,-3.89020311076916,-0.427415393294565,2.53267119865659,-7.96614654150131,19.9052727067298,0.198225678823,610.169130790496,1173.4355511044,0
0.74,1.28673158758144,4.59999990463257,0.0241565275465484,17.5127262725381,-1.15439146393363,1.28657161675369,-0.031546652227486,17.5190678120746,1.05378562562974,-1.576539998471,619.858359634413,1173.4355511044,0
0.75,4.34478872722291,4.59999990463257,0.0911635277606733,25.1132139799033,-4.35006043165433,-0.33907686973467,-4.33249659542948,2.90914683312761,-25.3206122924143,3.08446743266816,651.819306755062,1173.4355511044,0
0.76,6.1778285280762,4.59999990463257,0.170395089792144,35.1148735161594,-8.19821100329829,-6.10879865820866,-0.936578220121256,-33.0840373890622,-14.3426453539648,1.75050270245338,698.272914859079,1173.4355511044,0
0.77,3.34983733474038,4.59999990463257,0.0413516977529003,26.0678490829864,-1.94229650819653,-2.07214384213552,2.63236396222625,-17.8866667268599,19.0623299977037,0.679218502263637,723.666906846206,1173.4355511044,0
0.78,5.96653848402764,4.59999990463257,0.163129403413668,29.6365373331826,-7.81584177561233,0.991922344011801,5.88576951188977,-3.6151757268957,30.4358708143236,-0.139626143400001,767.298842385195,1173.4355511044,0
0.79,2.00595684877734,4.59999990463257,0.0268228605620684,25.5689431670746,-1.26616945664376,1.37182396373207,1.46379006607364,16.2980298625279,19.7420430141913,-0.739606202949951,783.090125169227,1173.4355511044,0
0.8,4.5471781354072,4.59999990463257,0.0539234759490652,32.7616127792042,-2.49986857311517,4.18628565383556,1.77616135552892,29.00185398811,15.4423145943125,-1.15767674608779,817.383292004757,1173.4355511044,0
0.81,6.01216370091374,4.59999990463257,0.218829963181069,30.9662458449858,-10.5561771887745,-4.08974072468059,4.41225789412402,-29.3386093904812,14.4771287763035,0.783863877901287,861.600153778113,1173.4355511044,0
0.82,2.87899946551354,4.59999990463257,0.11119890375811,32.7781444380715,-5.35588460969864,-2.18696934966897,1.87567805932487,-29.0129796650586,16.1659909597395,0.900476464686414,884.225652344901,1173.4355511044,0
0.83,3.48974928471738,4.59999990463257,0.18638643960704,27.3445128741987,-9.07609985940788,-3.17770837282637,1.45439316291161,-28.7672294225735,1.59514398540897,1.19492799164295,910.235713792878,1173.4355511044,0
0.84,3.45929426277698,4.59999990463257,0.0540101576375167,31.4711558046067,-2.43696775568351,-3.44409248115634,-0.328421794118687,-31.0094037269737,-5.89824889417404,1.68147865374581,936.631065066333,1173.4355511044,0
0.85,4.36503428219804,4.59999990463257,0.212234599179142,35.2382221293035,-10.3989998275256,-3.14578485652758,-3.03357964231938,-16.5741064618414,-32.7897924854452,2.38662169378715,969.972167621489,1173.4355511044,0
0.86,1.79733537478776,4.59999990463257,0.0460577966308915,28.7769463607967,-2.24172714177657,0.177717387366885,-1.78912053823141,5.80146172916262,-28.2750954770344,-3.01696518034043,984.265951209713,1173.4355511044,0
0.87,1.63548208285272,4.59999990463257,0.0244526753043609,29.5734842653995,-1.10169141781794,1.44970854489841,-0.757459379445742,26.9086550925732,-12.3178316551601,-2.03732402047297,997.314691176659,1173.4355511044,0
0.88,1.74106101158647,4.59999990463257,0.102405006843989,36.0985334175453,-4.97772712844417,1.48115591502728,0.920846016917555,26.6129240087531,24.8924518271548,-0.955818121485522,1012.02881022514,1173.4355511044,0
0.89,3.49856180707106,4.59999990463257,0.0737594657097815,37.0775882166178,-3.48372614069036,-0.893100390821226,3.38345191610478,-13.5653398985923,34.6823506876346,0.279154617735258,1039.30959671563,1173.4355511044,0
0.9,3.61107221119587,4.59999990463257,0.125071940129518,41.1062795789337,-5.94870466771653,-3.58998668050572,-0.409244594918951,-39.7781778553298,-11.9503085547997,1.71892431525415,1067.7934509553,1173.4355511044,0
0.91,4.98201603049111,4.59999990463257,0.135045031419156,37.0133748242691,-6.38682426454537,1.14906218963733,-4.84957492703508,15.6790584634155,-34.1313428650093,-2.88184238927172,1105.44342616733,1173.4355511044,0
0.92,2.94146073554544,4.59662103652954,0.0862389744402934,40.6763882362408,-4.16153033161492,2.48169345738129,1.58140001361418,31.3100906104305,26.2976257599991,-0.97414340745385,1129.31230839008,1173.4355511044,0
0.93,2.70760247311504,4.59999990463257,0.103619996497377,37.5425045962304,-5.06206731244651,-2.36556592240771,1.32134254560887,-35.7498560813317,12.5304416122416,1.09964592865618,1150.85808778081,1173.4355511044,0
0.94,1.12314195071967,4.59771728515625,0.124943568618922,36.1554094085171,-6.12028153620305,0.970427540894049,0.579076095759387,25.111033984496,26.7227889227409,-0.9220009651787,1161.11542812255,1173.4355511044,0
0.95,6.27002205535427,4.45161914825439,0.270822467160775,43.4606024477238,-12.9820856941993,-6.22004824827156,0.835177329985648,-44.4542861586019,-9.00971454707419,1.48048918632886,1208.78009910988,1173.4355511044,0
0.96,0.911206939663583,4.19744110107422,0.0559228741978162,36.7966538276423,-2.67796896654296,0.710886097410838,-0.572770819139388,31.5629880557077,-19.1034822923038,-2.18771623524298,1218.47021796704,1173.4355511044,0
0.97,5.52184815153752,3.74865913391113,0.254807428824189,46.3796179791314,-12.3739865291294,-3.00951284547117,4.63665464180441,-37.0750805193227,30.4897181193756,0.621833679895202,1262.26408472486,1173.4355511044,0
0.98,0.865534901776723,3.18780183792114,-0.00608310166758885,35.9566696438141,0.30694119763638,0.412566478885528,-0.760905099746044,16.6452844029915,-31.8733558307988,-2.65178187676207,1272.36456581315,1173.4355511044,0
0.99,-0.512026250251773,2.62149691581726,-0.0995075808039341,32.4235470541759,4.93495977298553,0.104539262221044,-0.511022682704616,-7.88155990652103,31.8358484255605,0.393732814260152,1272.1875768297,1173.4355511044,0
1,2.54711924588416,1.95958054065704,0.108539808797378,39.3246734457937,-5.15336288614153,0.842432086857211,-2.40622225113988,19.3497797302018,-34.620414715125,-2.76223668067797,1294.65705675798,1173.4355511044,0
1.01,1.87819046439337,1.18129360675812,0.0866263240631327,41.4610464131001,-4.26426754976227,-0.852695231352212,1.67571309685998,-24.1931713262392,33.939546381536,0.516796166681634,1313.34135769479,1173.4355511044,0
1.02,1.91044564743232,0.297347098588943,0.109418876375961,38.0552487746883,-5.28522548234448,1.28149617932563,-1.42110612013118,30.7756197139815,-22.9999304112651,-2.35059470729034,1331.90413632128,1173.4355511044,0
1.03,-0.669641979397667,-0.611006498336792,-0.0958630187007959,33.9461438133887,4.62787555952825,0.565913044031434,-0.370611016459483,-28.786008185901,18.5775037266849,1.13318045669631,1331.7996178,1173.4355511044,0
1.04,-2.21690287962562,-1.46549558639526,-0.152179718293698,32.2388085409168,7.39546343284651,0.642442869473338,-2.12722453065378,-4.49572820861436,32.7692246383513,0.361837389512349,1320.34117307542,1173.4355511044,0
1.05,-3.9628410742165,-2.19857811927795,-0.0639035508292008,34.5852734158307,2.89140475215653,-1.9540991487382,3.44814291470156,15.0426813637743,-31.2764943060522,-2.60988609651922,1296.62981893632,1173.4355511044,0
1.06,-3.58239483568093,-2.79945158958435,-0.16749608684578,28.2730421197705,7.96778395167201,1.67164258954591,-3.17288807723158,-7.4643132923115,28.4101129684671,0.531619085775736,1274.09186665091,1173.4355511044,0
1.07,-3.97209088788952,-3.25549364089966,-0.211218341754337,23.2093273614266,10.1765261689076,-1.17307874510162,3.80079011092946,-1.53812469107076,-25.2956267736351,-2.78910195923164,1247.86238082647,1173.4355511044,0
1.08,-3.49765219618352,-3.57334852218628,-0.160755934018219,23.2482836185318,7.73594496948034,-0.192583408091227,-3.49604419118486,7.94722046806286,23.1769114122337,-0.00910169746920914,1224.54954700183,1173.4355511044,0
1.09,-2.93037537383142,-3.7777361869812,-0.214570688071617,28.1687036350118,10.4998511655692,1.65750801105267,2.42606834302609,-23.2286271181548,-19.0828095725435,2.61531846571636,1205.60474300407,1173.4355511044,0
1.1,-1.53208705139849,-3.918217420578,0.0305073217355097,30.6341554741118,-1.6490787790238,-1.38349223887664,-0.658916272913706,27.2349619543039,14.1218904463638,-1.1462216773429,1196.5745601044,1173.4355511044,0
1.11,-2.49032078192983,-3.97516942024231,-0.174007251243761,24.3018404024654,8.50549354087521,2.33633521431365,-0.879496382457037,-20.8507736784701,15.1052343354874,1.28052145287315,1179.77319121724,1173.4355511044,0
1.12,-5.63599553480925,-3.83536720275879,-0.254229911370303,24.0787309256605,12.2453405532807,-1.73866740435067,5.36713277022972,-3.02216653043031,-26.8439966793048,-2.78323561377599,1140.17725712876,1173.4355511044,0
1.13,-2.03164525192879,-3.57219791412354,-0.124150820745446,22.6732460388364,5.97556434789729,-1.49625971885793,-1.37992851615573,20.010160102962,12.221986248859,-0.764789821825746,1125.25223893807,1173.4355511044,0
1.14,-3.53704420750866,-3.18468570709229,-0.029824337302041,26.272077068897,1.26506849301473,-0.0987607849993267,3.53579093334325,-0.309288142199217,-26.3006990905408,-3.10523638173896,1100.16804786061,1173.4355511044,0
1.15,-5.87124230328453,-2.57117700576782,-0.214480757064464,17.4100744272703,10.2996555269634,-5.86825090545019,-0.284814834079806,18.2217346435823,-8.78418932606013,-1.48578501523703,1056.74023603123,1173.4355511044,0
1.16,-0.82106483521077,-1.8631329536438,-0.123475135261451,25.2070414633096,6.0423621452713,-0.167544622343565,-0.813217297019238,7.39204209943963,24.8447739620977,-0.0539182424051594,1049.28071565858,1173.4355511044,0
1.17,0.293233922456415,-1.16038966178894,0.0528043837514882,32.6830140799446,-2.62273850998811,-0.27548006877893,0.113512853581016,-32.5001960688349,4.33536874197752,1.35810789125606,1051.05218629806,1173.4355511044,0
1.18,-2.58622673448425,-0.377334773540497,-0.162528049679304,28.1621088718429,7.87454730460702,1.24011982712439,2.27532127478002,-19.0369533755478,-22.1970105541095,2.70533385120248,1031.64948632607,1173.4355511044,0
1.19,-0.399017848193841,0.454931974411011,-0.0282385398584775,27.8185826341715,1.36413213875619,-0.273604719689059,0.291810067808589,19.4858300722391,-19.9006739248206,-2.31772926503502,1027.4383702254,1173.4355511044,0
1.2,2.87373264770639,1.20337557792664,0.0421146117003854,32.9072646855684,-1.8559201497756,2.44127846053437,1.51666490997293,26.6923550915233,19.3352188598016,-1.00023810690076,1047.23625524336,1173.4355511044,0
1.21,-1.04332985594738,1.9558470249176,-0.0991245046307755,27.9374402307603,4.85254305045189,0.275035073168619,-1.01129548810257,-5.30751906479301,27.8545863742518,0.360264163693278,1038.9448479442,1173.4355511044,0
1.22,2.00281555264363,2.66598176956177,0.113883584786574,32.2907715395571,-5.51041020117393,-1.99342016982777,-0.224756835978054,-30.90308374277,-10.8654480990164,1.73987209923723,1052.67059466491,1173.4355511044,0
1.23,1.0793406147473,3.32099485397339,0.00505185657162507,30.8689686949955,-0.204295089588613,0.0550439919122322,-1.07794797780425,1.9224858340693,-30.8097227023232,-3.08589281746354,1059.96255552794,1173.4355511044,0
1.24,0.983798914428897,3.93840599060059,0.0687605641652726,31.1704603309002,-3.38697429558965,0.983338951430363,-0.0750521539706776,31.1914878432909,3.18751913579252,-1.57719299930232,1066.68087106876,1173.4355511044,0
1.25,3.52781927981012,4.4376335144043,0.181048920053614,30.7848624300673,-8.78918814596912,0.0112170407931846,3.5324441623964,-10.2592019673342,30.3266608464707,0.048099942937692,1091.65025403817,1173.4355511044,0
1.26,1.21465091747862,4.59999990463257,-0.0205457573322645,29.0655303507257,1.04832195936497,0.827230984015386,-0.88965604508762,18.6495714479163,-22.3180984474151,-2.40945126154581,1101.51923934825,1173.4355511044,0
1.27,2.20988373734819,4.59999990463257,0.0548070958412225,39.8578990920445,-2.5536746202672,1.20306856262975,1.85451233049623,18.6802458482677,35.3018666524318,-0.550682595801166,1119.94295587059,1173.4355511044,0
1.28,3.74293978155149,4.59677124023438,0.197695592913346,40.3478739520533,-9.55858365686528,-3.71111106791642,0.525677084688228,-41.0314840964905,-5.97785637294169,1.48285217875088,1149.12759398799,1173.4355511044,0
1.29,2.96010748132566,4.59506988525391,0.141708526008648,35.2586382886288,-6.83718943655647,1.46988870203687,-2.57327511373503,24.700138825866,-26.0733940127223,-2.57477267201358,1172.23278983832,1173.4355511044,0
1.3,4.2398508034656,4.4528169631958,0.329779372901363,38.1130752650488,-16.1467195233282,0.930762659218869,4.14955059526245,-10.5491859666993,40.0254635571445,-0.143027705041499,1205.26543366585,1173.4355511044,0
1.31,1.82683029202758,4.19304466247559,0.121465171275144,38.229667746914,-5.90429982586285,-1.23163314215598,-1.35467431762968,-19.1615233004337,-33.6036348819597,2.47012457328325,1221.56162531185,1173.4355511044,0
1.32,5.21093841244033,3.73448252677917,0.232792426686491,43.4503207654502,-11.1480502070548,4.48007397550367,2.67151803777991,30.1573232903887,33.2076083149405,-0.988449517853041,1262.8929649641,1173.4355511044,0
1.33,2.72822709702505,3.11026334762573,0.0654043114449521,39.5791077503129,-3.13262381220241,-2.41764961105263,-1.26588750490491,-33.0941257209674,-21.9339450401532,2.07711579811863,1286.95781604721,1173.4355511044,0
1.34,3.42267400879378,2.32678508758545,0.166307035849531,44.587068719944,-8.06272968413981,2.86722094872216,1.876539216711,31.3406801290639,32.7227149858355,-0.94272644409038,1316.84820037066,1173.4355511044,0
1.35,-1.23788731801879,1.51750814914703,-0.000657477198281797,38.4053652498078,-0.031250210475161,0.8206737556423,0.926747015742695,-25.4226595463791,-28.7864801275824,2.41735398128535,1313.16667851446,1173.4355511044,0
1.36,-1.10585406263415,0.734493374824524,-0.106479946854109,36.4571218107681,5.12863544828905,1.10189078792605,-0.141731712789434,-36.2747973098512,6.28996919037272,1.53886440267778,1309.85816204093,1173.4355511044,0
1.37,-0.248008076273125,-0.0536915957927704,0.084420832712621,32.9597626364355,-4.25158793575014,-0.231816026252029,-0.122050042463356,31.8940576493148,9.3376142396102,-1.41427083696541,1312.12082517875,1173.4355511044,0
1.38,-3.72634546581326,-0.750143885612488,-0.13911400770772,35.6076853379031,6.67933008663135,3.62641513494696,0.868398817799238,-36.0919337227718,-3.14531805710452,1.84315043445267,1290.13202066192,1173.4355511044,0
1.39,-1.09870067901523,-1.39464557170868,-0.120745922088527,36.0045424315459,5.85176362493766,-1.08688988137615,-0.20098046057185,36.1635425848711,4.77162455976453,-1.2784887663025,1286.17826709064,1173.4355511044,0
1.4,-4.41167461001843,-1.91495597362518,-0.163881215416913,29.2912344636413,7.78732670069439,4.35984266682044,0.693903334780733,-30.244950196059,1.96516187253485,1.76576048060174,1257.96648643711,1173.4355511044,0
1.41,-4.68030466641724,-2.25492095947266,-0.200121705268231,24.9279593603113,9.63241393756074,-4.62107103708253,0.768767154373457,23.5689317152321,-12.5973018514511,-1.69291559214189,1226.6362273276,1173.4355511044,0
1.42,-1.24874947835162,-2.52198958396912,-0.00198892750814528,29.7006812595015,0.0262271501870493,1.04328809111605,-0.68624279555526,-24.825473226143,16.3042029624256,0.990571547603241,1219.76206296861,1173.4355511044,0
1.43,-5.77713324622721,-2.61227154731751,-0.146401223874392,25.7588442605823,6.88810866404395,-1.91130070714909,5.45377222387102,2.69171721047041,-26.5276979225011,-2.7791766382635,1180.23644604256,1173.4355511044,0
1.44,-2.64593251883258,-2.5656578540802,-0.1195275347577,29.2830335265039,5.78513576828874,-1.32016097557805,-2.29617523816058,18.5754001115325,23.3648958711217,-0.47664515081474,1162.58084283473,1173.4355511044,0
1.45,-1.67930732350005,-2.44855117797852,-0.0832118895615331,23.1107547226161,4.0107933894925,1.67329027271589,0.164611568729838,-23.449298350971,0.569081988174978,1.71836760216584,1150.77748722742,1173.4355511044,0
1.46,-0.449930135007563,-2.30635571479797,-0.133258654728846,28.7055182130179,6.57399641935341,-0.196356637972638,0.426191349246026,13.9773529553129,-25.9202200832126,-2.42191125788606,1148.35815689214,1173.4355511044,0
1.47,-3.84637175292713,-2.04651641845703,-0.171506961620628,27.1228182905973,8.19803819798084,3.84086949324409,0.267790656048567,-27.8801704462157,5.0548193054032,1.68496481280199,1121.53546008549,1173.4355511044,0
1.48,-0.211077884764642,-1.73990523815155,-0.0313118379912175,31.8424816431748,1.59923369854965,-0.0689158672780009,0.201952736729227,13.173273428086,-29.0338776743201,-2.66546773050683,1120.61587641031,1173.4355511044,0
1.49,-2.36361702280237,-1.36237275600433,0.0345247571120153,23.3495152277341,-1.90729882983673,-1.67012366856316,-1.67289100692183,15.4065531254038,17.6486761823824,-0.799176075181769,1103.2975535215,1173.4355511044,0
1.5,1.38414408847637,-1.0015344619751,0.104955429325148,30.4074057421934,-5.21761385246579,-1.14028611328671,0.791592116973377,-28.8609496080855,10.9031832967885,1.03965246727554,1113.3124627569,1173.4355511044,0
1.51,-0.640920952572926,-0.645809769630432,0.0048214320639392,35.0005774099226,-0.311604453270868,0.146208001249028,0.624040170201325,-7.93744348869157,-34.0900939750408,2.90392864535154,1109.91889811799,1173.4355511044,0
1.52,1.79344974847439,-0.340276420116425,0.0203031446570155,31.6627062408561,-0.841546130851621,1.78778112005661,0.143919716352335,31.4528047424802,3.73580516308269,-1.47914744877053,1123.23279313579,1173.4355511044,0
1.53,-3.23823125271672,0.0438134968280792,-0.070190556854542,26.0545091086998,3.23136270538573,1.15440576606274,-3.02628744299414,-6.81792341445214,25.3534035218892,0.386093828794007,1100.24362215527,1173.4355511044,0
1.54,-1.94484491845361,0.527470588684082,-0.0201631332597875,28.0215026358952,0.777769527742557,1.6746409807236,0.989144021090349,-24.3805204080211,-13.8347302122532,2.11468723469005,1086.2097417925,1173.4355511044,0
1.55,-1.73909499496518,1.0860949754715,-0.0126486148883045,24.9186564533519,0.531094814597197,-0.973895159387055,1.44088153832784,13.6660495366283,-20.8437182672547,-2.53995039501091,1073.06887417394,1173.4355511044,0
1.56,-0.639943330787766,1.6880499124527,-0.0984636527527698,22.6124756685534,4.81293889897708,-0.58681468268978,-0.273625813316015,21.4760680114709,8.55961094167721,-0.98181266084599,1067.06581579905,1173.4355511044,0
1.57,3.75643353468551,2.18015575408936,0.240800706897651,34.8030457134867,-11.7222514977849,-2.0893444294729,3.13104099877067,-30.4447777965202,20.5372509366,0.652457062226194,1093.91015541747,1173.4355511044,0
1.58,2.61073453065704,2.54498982429504,-0.0177309463894304,31.6336730892076,1.08815772772007,2.5696768700642,-0.461530020130767,30.897141169825,-6.87313813968243,-1.75529929393546,1113.05798745085,1173.4355511044,0
1.59,3.5134859834721,2.76772809028625,0.130976080871944,40.3872067544104,-6.3425516218939,-0.636328062567161,3.45786423773476,-14.9747700054102,38.0409081619374,0.219248201793867,1140.24488525411,1173.4355511044,0
1.6,2.32409069380819,2.86797523498535,0.0931097368647991,41.0233619849611,-4.56362507892637,-1.696114412845,-1.59162271744415,-25.5134696906029,-32.4469685295382,2.36446438502727,1159.47276165832,1173.4355511044,0
1.61,0.456764088215729,2.92213296890259,-0.0268738201619527,32.6014743152069,1.29450367215261,0.456862571325804,-0.0251440930482287,32.2438605948233,-4.98651393499648,-1.68454478958105,1164.38312775832,1173.4355511044,0
1.62,3.60116861640611,2.84958434104919,0.242016455141064,40.9580691546601,-11.8127347013502,-2.05019103170938,2.97047203350676,-34.7235562661983,24.7260747032472,0.67121597179197,1192.74992014878,1173.4355511044,0
1.63,0.0605922312237824,2.71989917755127,0.0641577844126578,35.0065385004796,-3.18511339447624,-0.0640432481429144,-0.0607132782241452,3.25121377733833,-35.0004613411778,-3.13970426061856,1195.79592582197,1173.4355511044,0
1.64,3.70371098962856,2.45924949645996,0.110504777783004,46.6223280083343,-5.2687427239862,2.01547411504787,3.10926848184267,19.6768465545433,42.5936947032919,-0.545291901112059,1226.31164922488,1173.4355511044,0
1.65,3.25968282875664,2.03348278999329,0.17479386965681,38.5396088922887,-8.56559771546011,-2.6239631934866,-1.94188109836521,-24.2500650375163,-31.1545384088724,2.26147484399509,1253.32979224664,1173.4355511044,0
1.66,2.22046211420482,1.48476338386536,0.0750748868836491,38.3189261956041,-3.62181873756021,1.95531468072564,1.05490887691702,31.2634717312747,22.451124939737,-1.04224607863718,1273.21975519776,1173.4355511044,0
1.67,1.37209162701967,0.847790002822876,0.0860764814137005,40.5430455881482,-4.16594776441068,-1.24970780610743,-0.57295287148612,-33.754257986763,-22.8417104022774,2.06332276822763,1287.62456478885,1173.4355511044,0
1.68,-0.483949178939153,0.186411082744598,0.00579273694027319,40.8302750168327,-0.293288697049574,0.414073132593714,-0.250566966021398,-34.8317317618712,21.3060516914576,1.01464611313698,1289.05255304343,1173.4355511044,0
1.69,1.17849153541035,-0.530386805534363,-0.0213711696649457,38.6225025048701,1.09244807881301,1.0543634095493,-0.526893562809682,33.7240937082412,-18.8567400708968,-2.05235763918748,1302.03617692929,1173.4355511044,0
1.7,-3.09981965269772,-1.18756651878357,-0.164617514139322,30.2828149916534,7.97200005541959,2.75467333319943,-1.43099812458729,-24.2809605946622,19.7746459210471,1.14474199640835,1283.66746815894,1173.4355511044,0
1.71,-4.55313691922056,-1.68362820148468,-0.109629349723856,27.0990537561466,5.14120332472041,-3.82904439904485,2.46606840733046,20.4505168008679,-18.5085668997376,-2.11889917899653,1254.01560822679,1173.4355511044,0
1.72,-3.54232379360409,-2.04010534286499,-0.164319275148203,31.8381368590932,7.89800362428395,2.18245278116736,-2.79498811104694,-14.7432863995481,29.3032579425642,0.709305704448621,1231.60331680237,1173.4355511044,0
1.73,-5.01246125962919,-2.21949744224548,-0.216126814338716,25.3785978021364,10.3098792156183,-0.728472717138777,4.96395066248085,-5.36351002684141,-26.8626059055188,-2.95278892920452,1197.51750127963,1173.4355511044,0
1.74,-2.37809771090472,-2.28690147399902,-0.0432976134351029,36.7439139996755,1.89553242268205,-1.20017273103335,-2.05348699085809,19.6138662459876,31.1288372745513,-0.51070683851296,1183.09091100739,1173.4355511044,0
1.75,-3.61684903319471,-2.23235058784485,-0.154410701508633,27.6122712200488,7.48505687976873,3.56464445684297,0.631466143162568,-28.5775837129779,1.33615401456988,1.78879059427298,1158.61412258026,1173.4355511044,0
1.76,-2.16696191379418,-2.077956199646,-0.0781995309308045,27.3912020439135,3.78597605806289,-1.50297978045679,1.56297501004028,17.053005638253,-21.7670981718838,-2.33968867671925,1143.85623443833,1173.4355511044,0
1.77,-1.63441845364683,-1.85557818412781,0.0177486866837843,25.1865969370548,-1.01370703626679,-0.436867080526129,-1.57505106312553,6.02109868920006,24.477308630647,-0.281424295565156,1132.32213669373,1173.4355511044,0
1.78,-0.824795507504852,-1.59466075897217,-0.0327696586620413,28.2050220538714,1.52064258264137,0.820990769716349,0.0856483261340863,-28.132184656797,-2.53294479991011,1.71445320869218,1126.86437784772,1173.4355511044,0
1.79,-1.56644819868977,-1.28295290470123,-0.0424675794625881,31.7766237972219,1.91711340969162,-0.867664770025284,-1.30488363517243,18.495809146819,25.9101174790898,-0.55969973893685,1116.55803972784,1173.4355511044,0
1.8,-1.75937364560056,-0.901913821697235,-0.0265669721294818,28.1783980794293,1.23998865529388,1.68564279207961,-0.504687830596308,-26.775706354631,8.86686186870053,1.29498570599824,1104.21073210841,1173.4355511044,0
1.81,-1.97992217720802,-0.443412244319916,-0.0572635774680614,30.9344292594182,2.69291178368775,0.232064682869764,1.9671087738275,-5.41697535363324,-30.5752688540723,3.05307702659269,1090.33597965026,1173.4355511044,0
1.82,-3.11443522687203,0.130042612552643,-0.10805755893885,30.7360075952525,5.09638881863182,-3.10914044935812,0.211255496000614,30.5501422896286,-6.11262202082996,-1.60395683956667,1068.20226368122,1173.4355511044,0
1.83,-0.17466328926895,0.74380362033844,-0.0151588530828663,29.5890756826632,0.764327926757818,-0.0267140005458504,-0.173272668415631,2.72581795655959,29.4731659887717,-0.0663967135384068,1066.42969039127,1173.4355511044,0
1.84,-0.842527448682943,1.38431024551392,-0.0989799649225193,28.061096851477,4.81575094974082,0.822553413152838,-0.207497994570716,-27.1986689069144,8.41718619313797,1.44063474827785,1059.74475382509,1173.4355511044,0
1.85,2.59412279753614,1.95372104644775,0.114295373028791,35.8530673832081,-5.48760606617124,-0.501250261608706,-2.54779997178541,0.0599505206139712,-36.2705482045339,2.99136601755745,1078.44003779076,1173.4355511044,0
1.86,3.08558690420295,2.3910174369812,0.138426134785398,38.5987911834845,-6.7361096326764,3.08311377388726,-0.18552033701748,38.6971381218822,6.14600317162655,-1.58606478924083,1101.69439920007,1173.4355511044,0
1.87,0.702349589328157,2.77154541015625,0.000985091855447706,32.1909135993936,-0.0806794992247812,-0.156238795809182,0.684752038857491,-7.28355770732965,31.3561989831233,0.225730708388638,1107.29280573375,1173.4355511044,0
1.88,-0.326405418500677,3.15907382965088,0.0236735257973644,25.9087061772424,-1.16766986231697,0.278949272255751,0.171138062856477,-22.469030341666,-12.9524972183489,2.04868899090456,1104.75327978657,1173.4355511044,0
1.89,4.40909593537834,3.4101026058197,0.225216044601979,36.2392585831323,-10.9370028328827,3.13212117471838,-3.11137689471988,34.2814449000315,-16.0525521082387,-2.30183644738604,1137.29526476725,1173.4355511044,0
1.9,5.46112596403402,3.4263641834259,0.240430700710723,44.8550546092205,-11.6366324279995,-5.11218768850711,-1.93577910784447,-36.6137253377203,-28.4046167929529,1.97676901089719,1179.45720230563,1173.4355511044,0
1.91,3.3102591828929,3.27215385437012,0.0879099060318667,31.0920036128723,-4.17751367388751,3.15831299060094,-0.995290441482612,31.0413991997683,-4.53826452281137,-1.84952809381738,1204.96633983142,1173.4355511044,0
1.92,1.49411366798248,3.02811765670776,-0.0014817036632308,35.0015128322171,0.159000558623118,-1.0201623846048,1.0916256488995,-23.7569413286739,25.7048423536782,0.750579209056061,1218.41374356096,1173.4355511044,0
1.93,4.56355192384338,2.61005616188049,0.14779816946111,42.0806988197737,-7.00544129283051,1.60551636773021,-4.27436166619778,22.5390698038755,-36.2194941052995,-2.7499071660525,1254.80694776945,1173.4355511044,0
1.94,3.35330906938594,2.01076936721802,0.228524960062692,45.3326655223293,-11.0930067700197,-0.689267428115744,3.28965283650667,-22.9691535035674,40.6266335042499,0.274581944104094,1283.90930776776,1173.4355511044,0
1.95,0.150631984559312,1.3476026058197,0.00313069076761729,40.8622888652731,-0.246398587714903,0.0395746594495211,-0.145374146004074,11.786497016548,-39.1262808308169,-2.85502628148012,1289.93272040208,1173.4355511044,0
1.96,-2.02226310795482,0.726258158683777,-0.134369888715323,33.8935891094397,6.49103649061563,0.434054546195695,-1.97969694542253,-3.20354080853546,34.3605335192875,0.282185482270296,1279.49793329803,1173.4355511044,0
1.97,0.244464968577188,0.0965786278247832,0.0434848563096008,38.5272907537744,-2.12906758355612,0.0210719235356958,-0.247406603849246,11.9989016613847,-36.6730339694119,-2.88059003975338,1285.54443187637,1173.4355511044,0
1.98,-3.16017203257803,-0.462766051292419,-0.161365173233297,33.5456793340095,7.84917209858138,0.448238564150409,-3.13238059377039,1.26403244880545,34.4285394198143,0.193151290226672,1266.74483198455,1173.4355511044,0
1.99,-2.6071913414545,-0.923835575580597,-0.091249105329391,30.5469194600268,4.24202922966961,0.0947291356968687,2.60706721835645,-4.28279986130262,-30.5412299331701,3.14025784066832,1251.07416907096,1173.4355511044,0
2,-3.91102359135018,-1.2534111738205,-0.146267634714635,28.0632453121279,6.90990393874536,3.88755237114984,0.452146342050854,-28.7889414302623,2.54742246521469,1.72396367703668,1225.54243357786,1173.4355511044,0
2.01,-3.928618862215,-1.42947149276733,-0.168471323025327,23.8434780349182,8.04038088381182,-3.57811756302169,1.63079841072682,19.0819865061656,-16.4023461900091,-1.95558132726207,1198.81539938615,1173.4355511044,0
2.02,-3.52448203606724,-1.46643078327179,-0.15722253669556,29.0421778001956,7.51099424883959,1.43354621501045,-3.2236063342218,-6.25157904768325,29.3390675617826,0.463019045873029,1175.23187823851,1173.4355511044,0
2.03,-2.05863610622142,-1.41208016872406,-0.0677496731552962,27.6211184146934,3.13920734612538,0.859036974447447,1.87206519987508,-13.5823423782236,-24.2549125078033,2.74428400429461,1161.48040184629,1173.4355511044,0
2.04,-2.25436649209118,-1.27471494674683,-0.157860642198554,27.9294735987055,7.63708220866044,-2.23880218151541,-0.307982231728806,28.9021778420021,-1.74488857865222,-1.3641784787037,1146.27494380352,1173.4355511044,0
2.05,0.523000566800731,-1.1396609544754,-0.00511262301804241,35.8677338987265,0.347941548571688,-0.369231628580016,0.370437223081266,-24.8225915903698,25.8931331647751,0.773993005842222,1151.66633767058,1173.4355511044,0
2.06,-2.66068003949069,-0.933988928794861,-0.075442401486189,23.1387776155703,3.59847387826936,0.804285911348293,2.5373281225125,-9.82344232855607,-21.2568112522301,2.86297723954263,1132.81474050266,1173.4355511044,0
2.07,-2.40218520085622,-0.625831484794617,-0.0786818708853116,29.3753337410772,3.72398801817126,-2.39647527530937,-0.183278015183336,29.6061501267139,-0.504176391383199,-1.46172416791671,1116.23431730039,1173.4355511044,0
2.08,-0.512736650697918,-0.282511591911316,0.0529739726689219,31.4726024345593,-2.77529415037518,0.259577011513323,-0.445336827404896,-15.4992546183289,27.5318010290127,0.424783731916921,1113.16550492965,1173.4355511044,0
2.09,0.997287158065832,0.0280755609273911,0.109960009012108,32.3045737884852,-5.37921717813003,-0.799750586139167,-0.605864571661873,-19.7582235089233,-26.1176964695703,2.32893823385098,1121.03651826609,1173.4355511044,0
2.1,1.98053071233387,0.257310450077057,0.0643161531925266,36.3081578454288,-3.03562687878877,1.80527982009181,-0.817069912081244,34.7076863912888,-11.0848483092796,-1.96334763899978,1136.65426673998,1173.4355511044,0
2.11,-0.817623598965491,0.488881826400757,0.0344083400005506,25.6981532188453,-1.81378897951174,0.672581477476561,0.466182839240486,-20.7479330217849,-15.2711553146765,2.13483454796388,1130.99990709658,1173.4355511044,0
2.12,-0.91591249828963,0.760102570056915,0.0225921574060216,26.1272952390615,-1.28117450321713,-0.771418434908756,0.494287070822549,22.3620837073641,-13.5725523348272,-2.1653033366795,1124.58426173279,1173.4355511044,0
2.13,1.00131859032703,1.00575399398804,-0.00463844316200407,31.9021621498641,0.279554776962746,0.171600021623329,0.986516024739762,5.8878733773839,31.3553671291127,-0.176854618363026,1132.59490669011,1173.4355511044,0
2.14,0.484059658526298,1.21622002124786,-0.015217451470298,33.9422196014942,0.845524877191053,-0.45974156090881,-0.152259715666942,-32.7809883562324,-8.8428494379675,1.85918575184439,1137.40341436801,1173.4355511044,0
2.15,-0.695316288596405,1.43905007839203,-0.060489007764186,30.606262229307,2.97851152628877,-0.432982441035745,0.5474028379562,18.8290533010643,-24.3121691822639,-2.38560201570443,1133.29267079348,1173.4355511044,0
2.16,3.13987243024979,1.56672537326813,0.0985562061866223,33.6347516033859,-4.72425845855069,0.950778407519536,2.99408293536022,4.62378167305494,33.6487113638039,-0.276102879559415,1156.88304888958,1173.4355511044,0
2.17,1.21665362829971,1.61305999755859,0.0148207549226011,29.7663239297268,-0.714942444352431,-1.13242013591699,-0.445073411698631,-27.2991483032435,-11.8870385254562,1.95745936960311,1166.81962281054,1173.4355511044,0
2.18,2.231626977667,1.56931638717651,0.0146821365153507,36.9345939918624,-0.636110688170664,2.03359648627871,-0.919162588217498,34.0138867173053,-14.409176955456,-1.98872378542714,1185.1137091022,1173.4355511044,0
2.19,0.2782528539819,1.4810186624527,-0.0519289292356348,32.1922553407265,2.53308511184597,-0.163381160419291,0.231144675172667,-11.1416541816565,30.3087671508223,0.430796038511322,1189.1423860888,1173.4355511044,0
2.2,1.94717327569477,1.31917190551758,0.0305463033956058,35.8079428014591,-1.45713910550751,-0.448248753862784,-1.89512266011767,-6.27144760858394,-35.284571230754,2.92501978840329,1205.60078153217,1173.4355511044,0
2.21,1.58328860734543,1.07026040554047,0.00313926884214311,36.0607168010673,-0.108929158740454,1.08257622656968,1.1553533584254,24.5246692628246,26.4372419007253,-0.750907021437529,1219.80860408197,1173.4355511044,0
2.22,-0.927661480316186,0.822701394557953,-0.0627949085960571,27.3340493131593,2.99149106358085,-0.635954901057651,0.678277514317524,17.9608654682435,-20.8208208836579,-2.32079814690915,1215.08223015877,1173.4355511044,0
2.23,-2.44551033974095,0.652590394020081,-0.14679559306213,29.6745711339122,7.07989086612729,0.457331170281872,-2.40684813991473,-0.412525429883901,30.5046693053307,0.247728614058617,1199.66196614334,1173.4355511044,0
2.24,0.459722598767967,0.480266243219376,-0.00393932713449505,37.3507384494247,0.174442207047698,-0.158657124664491,-0.431495426290293,-13.3529359107951,-34.8827635855179,2.78067622244277,1205.68864386153,1173.4355511044,0
2.25,-0.55820391889314,0.300766736268997,-0.0540170811706015,34.0759375384007,2.60260389697722,-0.485969630240037,-0.279898157568448,29.2631344511131,17.6525360291835,-0.951773221242997,1204.27961226445,1173.4355511044,0
2.26,2.11336964830117,0.0494308173656464,0.0668318821435449,33.2846327540597,-3.20782881858983,-2.11126233747014,-0.115624881455487,-32.8841255020332,-6.06557773575835,1.65712027036029,1221.67729759004,1173.4355511044,0
2.27,-1.68949998927797,-0.184969469904899,-0.115181953877546,26.4118785144671,5.60105886683436,-1.49614951658135,0.793229929026057,21.8415546534746,-15.8715367060658,-1.9902262974192,1211.37040816068,1173.4355511044,0
2.28,0.224058863030384,-0.41312101483345,0.0403001605502841,26.83033383621,-2.00698817192341,-0.0970979687354134,0.205908867002622,-17.1938060022047,20.6946333730092,0.618597574605808,1214.51085617411,1173.4355511044,0
2.29,-1.43908735205924,-0.613547742366791,-0.0827583603264437,31.3200721068573,4.02656068004516,-0.0157210424372308,1.441379270659,-1.87807398912549,-31.521943876928,-3.07324188076858,1206.53489747499,1173.4355511044,0
2.3,-2.65405077940635,-0.722604632377625,-0.121144923975407,23.2188578543811,5.84976829360785,-1.55028536377248,-2.15760907560783,17.5759355294673,16.2610466887855,-0.577434054821197,1188.61534408927,1173.4355511044,0
2.31,-1.46360414340947,-0.766158819198608,-0.0954912741760607,28.6225524848698,4.65297035408498,1.44215298909141,0.267302128880122,-28.8879363998307,-2.52740468157673,1.8192174489626,1179.55536481422,1173.4355511044,0
2.32,-0.756367885463275,-0.784175872802734,-0.0149715865980963,32.8136673743688,0.661389610896256,-0.640045597972091,0.403309011902783,27.7611028621061,-17.5070091863996,-2.113281392814,1176.0577662989,1173.4355511044,0
2.33,-1.55502798688468,-0.753135800361633,-0.100653239251678,25.3523934343382,4.86321757805928,1.26683827704826,0.907394012748533,-22.6954902145151,-12.3007911121142,2.25699372414164,1165.66688718844,1173.4355511044,0
2.34,-3.50915056891755,-0.598187148571014,-0.180003517856827,22.0093086962572,8.65411338108055,-3.31625739817149,1.16145419662081,18.6791936405324,-14.5048637580376,-1.85642585061251,1140.6647749712,1173.4355511044,0
2.35,1.76342440269324,-0.46246936917305,0.105220600283032,31.2203762004083,-5.21485097857881,-0.366222870461287,1.72818338375562,-13.3080301939181,28.7193818384304,0.268420445577377,1153.97032806607,1173.4355511044,0
2.36,-2.70933291413854,-0.276743710041046,-0.00834982906990334,31.8479558226445,0.252266027815833,1.87821997514593,1.95265057914691,-22.1897012331192,-22.8467303440736,2.37870307440967,1136.16878291676,1173.4355511044,0
2.37,-2.91725373267303,0.0307657718658447,-0.142182653548388,24.9727542059379,6.91290077774397,-2.67295360626911,1.17724435292667,20.842156239901,-15.3958167391235,-1.93696196508501,1115.40069113982,1173.4355511044,0
2.38,-0.00754774531750595,0.36412525177002,-0.0225923115726853,32.1592292530055,1.08192681959728,-0.0229006348575512,-0.00655300882773209,2.48659073163063,32.0812010112418,-0.0437244927872576,1115.92855536581,1173.4355511044,0
2.39,-1.80810649119478,0.748026311397552,-0.168097992560074,27.1856378801024,8.19274554029016,1.79774757035861,0.256143889002107,-28.3447775165298,1.65938963912317,1.80502681275659,1103.09758159325,1173.4355511044,0
2.4,-2.32618629350174,1.22411155700684,-0.00379316590761303,29.597263058318,0.0507804887504456,-0.911525517110821,2.14015847353386,11.5954922587043,-27.231326050702,-2.73731664380624,1086.69848764479,1173.4355511044,0
2.41,1.31967416722834,1.68132066726685,-0.0116674407921864,32.5186141716509,0.639212001044464,1.11980489458108,0.698364542983613,28.0769782286141,16.4180435246377,-1.02201045349926,1096.28517403598,1173.4355511044,0
2.42,2.07531705155737,2.04957580566406,0.0395759815837355,38.5532408204251,-1.90500883968587,-1.44421762388272,1.49088650730686,-28.690271465804,25.8234343117922,0.788566792483632,1112.47689346682,1173.4355511044,0
2.43,1.04376286876026,2.35708713531494,0.11269992438314,34.2603885176663,-5.51531940285017,-0.556614529074894,-0.890124971664843,-9.97814314250841,-33.23596890305,2.69031992833818,1120.94030204556,1173.4355511044,0
2.44,2.34672783941161,2.57771849632263,0.104431746149844,32.4477244250215,-5.03976925899715,-0.981834509626383,2.13401933861437,-19.3395301152035,26.5374578561928,0.475682190164605,1138.65742221536,1173.4355511044,0
2.45,-0.249030503434995,2.7785313129425,-0.00811438896523586,27.0300311617245,0.335855404290082,0.148866772437987,0.199801699225163,-15.7108423329422,-21.9978366355835,2.53382493521378,1137.32879144002,1173.4355511044,0
2.46,2.2361337286629,2.9096953868866,0.0256303952814956,34.6340875538863,-1.18762582213812,2.23023559781819,-0.164317217146181,34.6410481740332,-0.96346104642574,-1.63287908984916,1154.73628685398,1173.4355511044,0
2.47,-0.132974917528359,3.00919032096863,0.0126775015599668,33.6180361268951,-0.733556604902716,0.0804518977759255,-0.106632733631512,-18.234111568579,28.2529225678767,0.551309698182342,1155.48937186591,1173.4355511044,0
2.48,0.889973651107438,3.07576274871826,0.082660045287319,35.5532144248891,-4.01861342353311,-0.401710963417511,-0.798444791217639,-9.23181709090592,-34.5681047063619,2.7680682428063,1163.69165099458,1173.4355511044,0
2.49,0.424627126235099,3.1067316532135,0.121464693704621,36.7229526350622,-5.9981008192142,0.441242044344132,0.0191657625584654,32.9370415846593,17.3119541163007,-1.24877743765472,1168.92364481548,1173.4355511044,0
2.5,-0.335414404509383,3.13360714912415,0.0489495571945392,33.9725991342977,-2.44082118731763,0.313377465492936,-0.129203119246981,-30.4551735351013,15.2504919578027,1.03482370415034,1168.4575245649,1173.4355511044,0
2.51,4.48857302121932,3.01130151748657,0.155352071406756,39.7620504487346,-7.37069446140797,1.18646808431169,-4.33171046098629,18.8615122594558,-35.7713733034887,-2.83964992765322,1203.04189940892,1173.4355511044,0
2.52,-0.406857774214316,2.83841395378113,-0.0595236638241747,30.2930357277129,2.98013670559891,-0.1791517221347,-0.370109410107136,11.9544106006592,27.993593831007,-0.305536647056539,1202.28793208679,1173.4355511044,0
2.53,1.70840802698881,2.60884070396423,0.0201984422555791,36.0052197191059,-0.824730233350055,-1.30976622427023,-1.09707720854563,-26.7895289467027,-24.0702547928491,2.27987740484409,1217.15292405375,1173.4355511044,0
2.54,2.22627254790226,2.27380418777466,0.165167443470887,35.3143964960425,-8.02598638732536,-1.44328662616138,1.70308351429683,-30.4845024654544,19.5504006813912,0.77706915567371,1235.97786347983,1173.4355511044,0
2.55,0.225633205364751,1.88763213157654,0.0797820165302093,41.1417510975821,-3.98592584885258,0.0228329087636824,-0.238231340931851,20.9673298676001,-35.6216558636905,-2.70617017433224,1241.72932778075,1173.4355511044,0
2.56,0.460892224050573,1.46792268753052,-0.0247473885441939,34.947413856259,1.18106752760198,-0.0882145469915478,0.453047755903411,-3.66071361901902,34.7752186412239,0.138664316663438,1248.29071357763,1173.4355511044,0
2.57,2.01297539835194,0.96113109588623,0.142996478631629,37.0078781468288,-7.04817972118003,-0.279868662361136,-1.9985473422212,4.5093252935746,-37.4022174170103,3.07337960032459,1266.26488757308,1173.4355511044,0
2.58,1.44223740803733,0.362433910369873,0.0871040339024411,40.8640430086619,-4.22457277963641,0.307188861889531,1.41183244650183,2.09038538455386,41.028615808095,-0.153920649915741,1281.11499889729,1173.4355511044,0
2.59,-2.00903859732642,-0.208117872476578,0.000311367875516111,31.6540499118909,-0.141163121111393,0.447732120395562,1.9585127344144,-6.92156077909482,-30.8883602548361,2.91669153221931,1270.29309867595,1173.4355511044,0
2.6,-2.85305783946002,-0.685162961483002,-0.141328341774489,33.2064838596522,6.72758181849619,-1.23685727507675,-2.57489743807064,19.0804601860132,27.9976243016415,-0.398310779722543,1253.2970503454,1173.4355511044,0
2.61,-2.2800866102846,-1.07719755172729,-0.10187216113396,27.7098764690493,4.8164817309479,1.521929138023,1.70085407558961,-21.2665486969642,-18.4056963115819,2.45630569706701,1239.37277262052,1173.4355511044,0
2.62,-3.93384457040786,-1.33975791931152,-0.168955708805505,29.7231462067508,8.06154314879067,-3.6100188691478,-1.5720823451913,30.2498080262701,5.7795339553898,-1.11716175738412,1213.75479621663,1173.4355511044,0
2.63,-0.690446546769283,-1.55274951457977,-0.0549111070228359,33.007552789353,2.63946852604657,0.68349043308398,-0.112127122065873,-32.6738123122754,5.37469294231006,1.48755673808036,1211.11703149376,1173.4355511044,0
2.64,-4.74342500001257,-1.62614226341248,-0.237825868932496,24.7900403847289,11.4657735499408,-3.31435735497978,3.40171680158257,10.3658296414673,-25.269737656317,-2.31910521717974,1178.59757139838,1173.4355511044,0
2.65,-4.43916801576335,-1.51391339302063,-0.232406434750783,24.441849693222,11.2059906950541,4.1431122394412,1.61085269173888,-26.8876408219858,0.181700059375384,1.99391848345908,1147.49498038118,1173.4355511044,0
2.66,0.659925694267489,-1.38174438476562,-0.0236660167251028,30.6495034358533,1.14836912537492,0.567618290037647,-0.337448483648688,25.1453808061106,-17.5619086840861,-2.1430074041567,1152.88763176012,1173.4355511044,0
2.67,-1.3645914072076,-1.2296382188797,-0.0255019098108723,32.634300680464,1.21425652662105,-0.0334073900274024,-1.36442075706887,1.40330650566916,32.6267180492694,-0.0057936407956522,1144.61727443033,1173.4355511044,0
2.68,0.431634658288548,-1.08201706409454,0.166708581469736,32.4578732754823,-8.26888653066892,-0.455480809923032,-0.0814706153369511,-23.4552043123772,-23.9111148357619,2.11636812763342,1148.9155344425,1173.4355511044,0
2.69,-2.10273257471293,-0.879028737545013,-0.0551588525434489,26.0291130450678,2.60064619848596,-1.80649785059557,1.07753992759728,21.4231796136895,-15.010844806413,-2.0823976364578,1134.33247036185,1173.4355511044,0
2.7,-1.88373386638855,-0.593004405498505,-0.143213533807948,23.4339107380009,6.96807711817353,-0.334447572087057,-1.85933004525017,9.32004994752118,22.6017463966198,-0.102091717220547,1120.59512396341,1173.4355511044,0
2.71,-1.98690418518919,-0.226821288466454,-0.0643581899811642,26.4049858557586,2.98489622034076,1.95839138447853,0.341516328951084,-26.4596450395417,-2.45358266020811,1.77582618786468,1106.41900754262,1173.4355511044,0
2.72,-2.77861992356392,0.245352864265442,-0.102226091367382,27.6526847712928,4.94385443077138,-0.953969107838797,2.6117277412992,5.85770162056902,-27.4736237765885,-2.75461154335048,1086.63015325046,1173.4355511044,0
2.73,0.984706691102771,0.715023994445801,0.0377473325699358,30.9737664136151,-1.86336497545675,0.872693263642117,0.457688317758257,25.9310408507743,17.041932263462,-1.04946186782028,1093.58277048915,1173.4355511044,0
2.74,2.84705995994113,1.07352125644684,0.0476544984726477,42.0850253414962,-2.24823209019421,-1.93305536916497,2.09076978801281,-30.7084410951719,28.865126901334,0.762959649868008,1115.71625935037,1173.4355511044,0
2.75,0.910696397541253,1.36348819732666,0.108201372976778,36.7553727878475,-5.30031934293572,-0.497318766816413,-0.770551432274886,-11.3873538990302,-35.3465554911505,2.68671082770657,1123.68712495976,1173.4355511044,0
2.76,1.91285946892095,1.58001124858856,0.0742374661844537,35.1272713466776,-3.56152074500783,-0.821975546364941,1.72884318271036,-19.4568870327996,29.4625044636928,0.482604256545518,1138.75792658927,1173.4355511044,0
2.77,3.44212189663348,1.65787887573242,0.188214476056551,39.1116035919769,-9.18238072256479,-1.80504485938477,-2.9369100932595,-10.5558503396465,-38.7634837814799,2.64512743161047,1165.6337482157,1173.4355511044,0
2.78,1.34101089771874,1.64374470710754,0.0269124640459848,38.3143871998842,-1.29878651158202,1.30925491305933,0.2913521600254,36.9175247111165,10.3332222520094,-1.33176534442475,1177.8118251428,1173.4355511044,0
2.79,3.23582085731903,1.50439131259918,0.127766210657455,38.0603858959203,-6.19392254491158,-2.84670465213029,1.54374008459533,-36.8828077400247,11.2523839363534,1.11335604334521,1203.59063836019,1173.4355511044,0
2.8,3.01389904331249,1.21848273277283,0.0853114924810803,39.3152112275179,-4.06797307676759,1.64025359165891,-2.52990783410766,25.6621395329385,-30.0614176879543,-2.53808315362429,1228.46422728436,1173.4355511044,0
2.81,-0.963159172911163,0.917251229286194,0.0110354942972182,31.1603192500072,-0.662419897684638,0.173884617205664,-0.947397231575298,-5.92654189592247,30.598699270379,0.170061927982397,1224.22638438049,1173.4355511044,0
2.82,2.47322818934962,0.538467526435852,0.247626106037781,36.3059149255257,-12.1756204983415,-0.744090635897669,-2.37160399109009,4.55914082991774,-38.0207762676161,2.93735951034507,1244.85720900326,1173.4355511044,0
2.83,1.15677323952874,0.0715905576944351,0.0974337798337775,40.9388674120382,-4.7303926565341,0.596549983133978,0.99586434154726,13.7681230895497,38.8433554968729,-0.455673421313822,1257.38288164489,1173.4355511044,0
2.84,-1.00571446414576,-0.397027790546417,-0.018003919567856,38.8361769047899,0.824543834613363,0.640578148752994,0.775529083820836,-24.8374103224675,-29.8668973545751,2.46910439580985,1254.33610800725,1173.4355511044,0
2.85,0.392310197310423,-0.884013712406158,-0.0310406687500092,32.8896805877535,1.49167733559567,0.282351721551892,0.274131937881877,26.2824648352525,19.8289745731265,-0.879126295559496,1260.27797053423,1173.4355511044,0
2.86,-0.886472121563191,-1.37008321285248,-0.0779235120745217,35.6292270356018,3.7673340985571,-0.702647450106225,0.546069095355151,27.8964311296734,-22.4816315153504,-2.14377652059855,1257.64699778189,1173.4355511044,0
2.87,-0.260700664827854,-1.85678470134735,0.0295062555827793,33.3595268961148,-1.49669411202349,0.207481346544617,-0.160583145430129,-24.9608360688269,22.1823080571595,0.7994326745945,1259.0910830354,1173.4355511044,0
2.88,-2.4934215976723,-2.28186178207397,-0.142722570449657,31.745393210279,6.97377926483678,-1.18598462780816,2.19794482607211,10.7087283842882,-30.6875662720495,-2.58960118201891,1244.40397123129,1173.4355511044,0
2.89,-2.17885880784572,-2.62848830223083,-0.0503030026510916,31.8896551165001,2.38306225193875,0.391306885676479,-2.14402309171911,-4.11433265062681,31.7127948308868,0.203606410851797,1231.65855123104,1173.4355511044,0
2.9,-6.04806013609594,-2.77626442909241,-0.215736455068584,23.0638920875338,10.3467260557582,2.24903008860999,5.618490659279,-17.5390347868543,-18.2038489623438,2.79649085524704,1189.92858109046,1173.4355511044,0
2.91,-1.83002011013329,-2.81000351905823,-0.0514305576692289,29.6785800821361,2.47534525297672,-1.64737270232579,-0.798612475100562,27.4736370666067,11.4954215297037,-1.09130268547684,1178.17361910593,1173.4355511044,0
2.92,-5.093015355709,-2.67908143997192,-0.192370329622426,24.1773954887596,9.26943662230098,4.52590374241978,-2.34350316226741,-17.9257437835641,18.6851978239664,1.13076549333097,1142.60678530263,1173.4355511044,0
2.93,-2.54955148534396,-2.41652202606201,-0.120619691380641,25.4856034504576,5.83893866960479,0.0857585823481845,2.5509620443907,-5.49003024324209,-25.5630349518532,-3.12792321971766,1124.45428031697,1173.4355511044,0
2.94,-2.30219361758292,-2.05943441390991,-0.159497305212137,22.6754186947526,7.74114645559062,-2.22439619704464,-0.614488732022666,23.959252621814,0.232755737494839,-1.23209862011901,1107.49091526769,1173.4355511044,0
2.95,-3.26400588414408,-1.57733988761902,-0.164534484964318,26.4238310469152,8.03652614868336,1.4657893576181,-2.9210045476793,-6.03294495995823,26.9519605009452,0.515460705048249,1084.09583805998,1173.4355511044,0
2.96,-0.413334046456892,-1.04754161834717,-0.0359448130656289,29.1837439285652,1.76936909880696,0.362756442728302,0.201357460268695,-25.182872761614,-14.8541070471515,2.16427331575912,1080.77110196185,1173.4355511044,0
2.97,1.55542044386836,-0.56581324338913,0.014117460603855,30.4362448716163,-0.667639664724204,0.576427343099632,1.44473650816494,10.3996245422922,28.6122098759647,-0.370554512360561,1091.8461418906,1173.4355511044,0
2.98,-0.461389734993854,-0.090488001704216,0.0213804898118758,32.8465254805727,-1.05767682712531,0.453893749848867,-0.0855457582258113,-32.2058367328561,6.54194135965517,1.33820442622851,1089.1044425733,1173.4355511044,0
2.99,-1.56030011725488,0.441523432731628,-0.137515287703182,28.6960186176904,6.73959358474492,0.364663599401962,1.52330803501094,-10.8717087210779,-27.3987144895232,2.99453195218749,1077.69647811183,1173.4355511044,0
3,-2.30128921304528,1.06591391563416,-0.0557628420538987,25.5682467583029,2.57290786278596,-2.25996521411036,0.437719964867481,24.7842518280356,-6.78940045131846,-1.73788547603246,1060.40202735899,1173.4355511044,0
3.01,-3.09393338754247,-4.20783233642578,-0.0327582870041576,22.4163761291831,1.41259149522696,-0.811207270313718,-2.98587335238915,7.01475072746013,21.3373523598641,-0.254691128229781,1053.0383053494,338.88983991234,0
3.02,-7.85761172359313,-4.59999990463257,-0.200335820773093,16.1439620887055,9.48772868432854,6.41077561369947,-4.54798334106767,-8.11017050198065,16.8780817019528,0.979261113763987,997.802422519403,338.88983991234,0
3.03,-6.34979288856645,-4.59999990463257,-0.161944657153213,18.0052938304406,7.62418093040605,6.15395908930036,1.57317619066873,-19.4009628398505,2.43338892633483,1.84657119842767,953.079543515734,338.88983991234,0
3.04,-4.68308752364746,-4.59999990463257,-0.168630629215797,20.0725026168428,8.10438375037569,3.18210424232355,3.44005198132799,-19.2346873818629,-9.9304178461189,2.43111991482394,920.578642586489,338.88983991234,0
3.05,-6.95354567540834,-4.59999990463257,-0.152245872242497,10.1471633938829,7.16375417459667,3.01232502535276,6.26904093201172,-10.716890729758,-6.27953436989043,2.71555100829468,871.034800433728,338.88983991234,0
3.06,-5.19087148572055,-4.59999990463257,-0.107274265388352,14.2655693182281,5.01415664349461,2.39262114129906,4.60782146176369,-10.8078136070313,-10.5754148785919,2.68332522870661,834.263496432486,338.88983991234,0
3.07,-7.01597005192712,-4.59999990463257,-0.194471516312737,14.2719470093415,9.39238321150575,5.19022084612599,4.72474999429963,-16.7963688809942,-3.12847027200124,2.33699398033618,785.390781792136,338.88983991234,0
3.08,-2.59768088778012,-4.59999990463257,-0.00111647006494464,13.4598413671763,-0.0872862993617955,2.56028138849066,0.439211171296774,-13.2502807241472,-2.36749007577626,1.74112041984815,766.641145518832,338.88983991234,0
3.09,-4.52030132913323,-4.59999990463257,-0.069416816747446,11.9426402907796,3.21979096196829,3.66530883001609,-2.64640397165985,-7.9443176179371,9.48058693009348,0.960803672962538,734.673215695975,338.88983991234,0
3.1,-4.24709007848864,-4.59999990463257,-0.20229528170365,8.63390893226539,9.90226257406369,3.91054445016535,1.66923324286248,-12.0868607683731,5.14849340121142,2.0218321784329,704.109338714352,338.88983991234,0
3.11,-4.67035941800518,-4.59999990463257,-0.118987507667389,13.6489361554807,5.76617039264464,3.20287109010982,-3.40118095673684,-5.51146443291974,13.7537609030425,0.780850323367307,671.678344730072,338.88983991234,0
3.12,-2.77761236169937,-4.59999990463257,-0.0245986654395207,17.6635198885155,1.14040874596997,-1.6976407520827,-2.19857940567872,11.579834549991,13.3868554468441,-0.648673423734374,652.759706360181,338.88983991234,0
3.13,-4.74553365344487,-4.59999990463257,-0.13308594309041,10.3608797251555,6.42003990381507,-3.547309392937,3.15505904778454,3.80123426844081,-11.5808185842861,-2.2696999160568,619.176114752611,338.88983991234,0
3.14,-3.4663068117297,-4.59743356704712,-0.0821573282685391,15.2294115223609,3.93198352103898,2.88629208622867,1.92128882071533,-14.7297395160831,-5.51636143807481,2.18179884758011,595.265321066616,338.88983991234,0
3.15,-2.73797541527036,-4.59999990463257,-0.0703123662175789,15.0362658202514,3.37760845507495,0.45768329349163,-2.70036649481634,0.422121725550315,15.4051725709865,0.193568563657734,576.495532555852,338.88983991234,0
3.16,-6.87065990390934,-4.59999990463257,-0.0980630191108389,-1.27918030615713,4.6885050342138,-6.07262282225595,3.21540602871875,-3.27351146351981,-3.59200562495562,-2.04348657994455,527.437402982355,338.88983991234,0
3.17,-5.0465636426693,-4.59344911575317,0.0369504132054724,3.54428300915286,-2.01306725491383,5.00764701578918,0.626610962085276,-3.28466891480396,-2.41357244388822,1.68795835867458,491.087046397503,338.88983991234,0
3.18,-5.87034701638293,-4.59999990463257,-0.148184079310002,-0.143898302749014,7.20979717289212,-5.42016848008434,-2.25935970168921,2.80966625292383,-6.64135961554246,-1.15061744850316,448.488781696903,338.88983991234,0
3.19,-2.48635254123773,-4.59999990463257,0.046040079873468,5.80752350445716,-2.36637121445559,2.15950002336634,1.23313758249226,-3.96047822190071,-4.86226842464261,2.07112632812149,430.671238133503,338.88983991234,0
3.2,-7.06727864464197,-4.59858560562134,-0.0522538061849202,-5.57574297441385,2.44447332852613,-6.70620046294245,-2.23070241226921,-4.48889247910965,-4.11268815759157,-1.24228272985801,379.569595660459,338.88983991234,0
3.21,-3.9742915533672,-4.59999990463257,0.0314632944852669,3.05459023391953,-1.69034322086433,3.94175481109413,-0.508480382396398,-3.25582386355397,-1.2599177238975,1.43458978355288,350.780802182247,338.88983991234,0
3.22,-5.38656084030856,-4.48736095428467,0.0275425216860565,-0.800272122608459,-1.50693690601496,-3.5877864314965,4.01790801273699,0.599181927015456,1.59758421601875,-2.41780003653364,311.840396740992,338.88983991234,0
3.23,-5.46232033563978,-4.15029335021973,0.0131521842205178,-2.55921302809489,-0.771705651663786,-1.49199365501962,-5.2546238078929,-1.4468052569956,-2.24763330735028,-0.279065566232008,271.278528576964,338.88983991234,0
3.24,-3.21077916704647,-3.64974236488342,0.00287629067119721,-0.00855360552660489,-0.210911278323827,3.2069671550925,0.156437843073629,0.0186312614876499,-0.21026080849049,1.61864248600699,246.424819804864,338.88983991234,0
3.25,-5.03239274946556,-2.95214486122131,-0.0353274205441296,-5.39852213394509,1.71159087128488,-0.679008026373629,4.98649906363534,-2.46020028417869,5.10107822946167,-2.99923585578743,208.570164411312,338.88983991234,0
3.26,-4.28252803049787,-2.05095839500427,-0.0496452634661524,2.9672303556554,2.43845945716481,-4.27921522983054,0.175579044794292,2.89422813231461,-2.52467503371781,-1.60021199523691,175.232105480574,338.88983991234,0
3.27,1.29101792202307,-1.13917791843414,0.110348905060923,9.92981387453659,-5.5161686312977,0.481590123711752,1.20290278434136,-2.3848181141575,11.1059426666195,-0.295546699087639,182.214710679763,338.88983991234,0
3.28,-1.10856242162962,-0.197225123643875,0.0666395430018134,-2.84342604816304,-3.33825678176891,0.966263924726826,-0.547435383504148,0.56854367748129,-4.34807866984882,0.995295538279644,171.095476457898,338.88983991234,0
3.29,-0.986080531307159,0.810699045658112,0.0803583938275235,0.0287091181458804,-4.03856333206644,0.746371949091706,0.649416044836125,2.37160035709653,-3.26899521975727,2.20552964311283,160.257227930977,338.88983991234,0
3.3,-0.733120257328794,1.86817145347595,0.0659235998315611,2.45440725557266,-3.29634916674271,-0.213589871774242,0.704407977947476,3.72648994922095,-1.73300475003628,-2.93686603126691,152.116126475269,338.88983991234,0
3.31,4.99889793190025,2.78634214401245,0.075595419964225,13.8138490043324,-3.72252827227913,4.94773529462042,-0.717363684224057,14.177684473243,1.91648220173769,-1.6996600159369,186.331261624711,338.88983991234,0
3.32,5.93853917612983,3.47833681106567,0.0898814322161011,14.9836845678098,-4.41574689565178,1.2229228863781,5.81195198124164,-1.47140496883724,15.5513533588482,-0.192255678074942,226.812423568244,338.88983991234,0
3.33,2.93749634233821,4.02282238006592,-0.0101164877727586,12.9616674522421,0.574719269963812,-2.93653188206341,0.0759447838915764,-12.9392670587054,0.954197760047825,1.54149612212865,246.442617116328,338.88983991234,0
3.34,1.91320696673223,4.491868019104,0.100431330167069,8.6797630043216,-4.98086477170128,0.377813270781414,-1.87821843299796,6.98025646288253,-7.17100546628933,-2.89064106838171,258.771860219432,338.88983991234,0
3.35,6.66217278689259,4.59999990463257,0.131870163476444,15.8905911859537,-6.44903280851401,4.94888529549108,4.46211500462501,7.17640144892317,15.5756275844119,-0.817284373068498,306.470611431335,338.88983991234,0
3.36,3.57776087302009,4.59372806549072,0.0348087706448865,16.7996863157357,-1.64377838372641,-3.57289537113941,0.189745044514565,-16.8551190293785,-0.914565573050424,1.52746826596703,332.814548510674,338.88983991234,0
3.37,2.16716153856785,4.54932451248169,0.117390320456413,17.4612098131997,-5.80224426378825,1.60766317735306,-1.45800848069128,17.2095105542386,-6.51096253412614,-2.25330203809238,349.584502402083,338.88983991234,0
3.38,4.72298737899006,4.32650661468506,0.0554612209512748,23.6814640683402,-2.67064175571494,-1.97773953538791,4.28931603630374,-12.5796614437077,20.240953183315,0.443776216731163,385.94480219317,338.88983991234,0
3.39,1.07587684630238,4.01141119003296,0.0816991607015952,9.23395932774108,-4.07224432529243,0.0962423930879655,-1.07467350532224,5.53455205487923,-8.43907058052515,-2.97648409560534,394.712575141222,338.88983991234,0
3.4,0.781996217271429,3.65834712982178,0.131128032670158,14.8264114126048,-6.52553991561596,0.173387145549772,0.773724461637909,-5.71103090521216,15.1588018182779,-0.05431402204422,402.174805758134,338.88983991234,0
3.41,3.13895374366565,3.18910717964172,0.0828889624328635,15.1189528399991,-4.08146724937492,-0.570719857380407,-3.08774675602736,1.67713237397469,-15.5701103684593,2.98522204851766,426.620722931105,338.88983991234,0
3.42,4.67675708388969,2.52582836151123,0.0889627208245729,18.86757403895,-4.2961013257124,0.258463272986553,4.67045692881606,-3.60921997983311,19.0109275905523,-0.0362636345687323,462.536173354008,338.88983991234,0
3.43,-0.499729388216402,1.81274151802063,0.0863593007666569,16.5892350979016,-4.36812933601696,-0.191436822740075,0.469616155147191,7.82145570529334,-15.267878231102,-2.9256349418111,462.40681829522,338.88983991234,0
3.44,-1.30822295064452,1.13759458065033,0.0888776221605359,10.6081144971403,-4.47654833981378,0.698257494020888,1.10985719457849,-2.62587715347711,-11.2105462577866,2.51218710791039,455.552317446822,338.88983991234,0
3.45,-2.50113484630998,0.542474687099457,-0.0732403834147247,7.24880699597901,3.56408910359619,-1.2372628242155,-2.17490698123002,6.54649716530091,4.73194556900589,-0.487948883825902,439.470334714633,338.88983991234,0
3.46,1.26053289863817,-0.0756557434797287,-0.0830178327869072,12.9609077747502,4.20973419254929,-0.373997898965971,-1.20663197399987,-8.57285513163096,-10.5930707167265,2.77526650612027,450.404462315524,338.88983991234,0
3.47,0.431629950975005,-0.737129688262939,0.0582618959631287,9.33422903232119,-2.93077480932451,0.136510221842332,0.413598624795176,-1.16739082805255,9.71362297319479,-0.184626810924337,455.51663811028,338.88983991234,0
3.48,0.489795654242323,-1.42929697036743,-0.0590538961930254,11.319506354506,2.99057783177155,0.0770345176589449,-0.487291318062713,-2.57208477306863,-11.4218719918293,-3.1047922607623,461.275988433008,338.88983991234,0
3.49,-3.58287590499555,-2.02460336685181,-0.0779581965190963,3.83861223406328,3.76877453339718,0.60386461867169,-3.5324813875403,2.97122287795452,4.48446652084761,0.191064852576427,437.11817251911,338.88983991234,0
3.5,-1.95031181436148,-2.52659225463867,-0.00190549824131647,6.61209635297611,0.0498432642026078,-0.405627662657478,1.90766506584582,1.33276434097271,-6.47657639061395,-2.93110543742982,424.838807242754,338.88983991234,0
3.51,-5.47176416711096,-2.84582233428955,-0.038271682122879,-3.17662070750994,1.78560836538624,0.190388882029104,-5.46858481654364,1.91677799076661,-3.09923837225067,0.0417952438921544,385.961204051942,338.88983991234,0
3.52,-5.21769316013624,-2.94158244132996,-0.140537373972815,-1.41802620736648,6.89169408224826,2.20168533343697,4.73251036547668,-5.76128220491223,4.0390435753326,2.73307770330266,348.028815311983,338.88983991234,0
3.53,-3.82586713880161,-2.86723756790161,-0.167579036651807,3.30809037371114,8.29388283323424,-3.48320552610075,-1.5914211762536,6.71933910869174,-5.88068332036878,-1.09845875766099,320.600972203309,338.88983991234,0
3.54,-2.88754632032007,-2.66511225700378,-0.0101447825130707,3.64882008296681,0.43957907181201,2.65895468736301,-1.1260491282162,-3.19492273607177,1.81647638816712,1.17371595045211,299.319365557763,338.88983991234,0
3.55,-4.87081051371074,-2.28170561790466,-0.02034160808376,4.28220940168078,0.919373971439611,-0.451182542109611,4.84991166467906,-0.500597649692164,-4.35108812279487,-3.0446544137917,263.725554942699,338.88983991234,0
3.56,-0.733028707585144,-1.81387984752655,-0.0950840998961903,1.53510394331306,4.73489953288644,-0.705733375034043,-0.219800990807762,3.3725756822568,-3.66081288387615,-1.13987413426582,256.448426984427,338.88983991234,0
3.57,-1.14716909441261,-1.29849338531494,0.0267385350289964,0.961832396048696,-1.35490981454096,0.760933381985023,-0.858890137684544,-1.65568683159884,-0.140011711290149,0.701693942450967,246.441540090398,338.88983991234,0
3.58,-0.646894566322319,-0.73824805021286,-0.0184001332078826,1.16096277574615,0.926964619860564,0.411784225478132,0.499244325442747,-1.44453691742916,-0.34700297884272,2.48033879939069,239.665638290589,338.88983991234,0
3.59,2.27012613628402,-0.234839588403702,-0.0262027265635806,7.83174132761868,1.36259312167756,2.08093399482266,-0.907674482791362,6.58279523978491,-4.45641549555677,-1.99364531918942,254.246293573313,338.88983991234,0
3.6,-1.92667303762648,0.313948512077332,0.00636736900237889,2.51142958144654,-0.350770986705069,-0.356040003609415,-1.89350074019913,0.12773843380454,2.53258794915556,-0.189167321400839,238.651442489555,338.88983991234,0
3.61,1.63357460758532,0.846665740013122,0.0278443841998581,6.83616185284122,-1.37513634042951,-1.63378626308608,-0.00915176650709094,-6.80327196416748,-1.52957491303439,1.59344125106971,248.613410178571,338.88983991234,0
3.62,3.14919000162239,1.26870012283325,0.0167988112490245,11.1088241764764,-0.795444904282116,1.06097734630216,-2.96513185828412,4.54580659356297,-10.1673177187267,-2.79263585626808,270.000811681363,338.88983991234,0
3.63,0.544604473628562,1.64343118667603,0.0256424833168434,9.67573786048811,-1.28477689060838,0.40962059076663,0.359809034443126,6.0687703287209,7.64464397475522,-0.802996386869308,273.236723832446,338.88983991234,0
3.64,-0.639224043942155,2.04240322113037,-0.0715877806186305,5.46649662196595,3.59081468045721,0.56297242515116,-0.311117722425266,-3.67279146043509,5.41175925882769,1.17746005081008,267.57209962236,338.88983991234,0
3.65,-0.533098522237726,2.47357201576233,0.0379089590228407,4.7193330254406,-1.88969101917592,-0.0252525372997929,0.533847761956688,1.77721088141691,-4.7628308636715,3.11786919475002,262.418611333989,338.88983991234,0
3.66,-0.0409313610007013,2.92210364341736,0.0228070743350664,1.13840441027487,-1.12886021779648,-0.0317446998841097,-0.034464662806457,0.728227361319857,1.42827689993289,-1.25269647521304,260.048335555936,338.88983991234,0
3.67,1.88499784768648,3.31707167625427,0.00444890098518502,10.2917041885723,-0.178769467226744,-1.2092346085323,1.44602501362542,-6.75763791568261,7.76437141229209,0.698815728254102,272.65771704734,338.88983991234,0
3.68,1.82575770527611,3.64040088653564,-0.0732085451244168,6.97149935516073,3.70528947616418,-0.64583086375107,-1.70928440725377,-6.13425155379354,-4.97010374498973,2.74026093370346,284.636635332759,338.88983991234,0
3.69,2.51711154828882,3.87244248390198,0.0191689270346285,9.30763543962596,-0.904877053547082,2.48130064082879,0.42351519939105,9.00372491724582,2.52662177097876,-1.39412737995114,301.876468568173,338.88983991234,0
3.7,4.24839255835212,3.94711565971375,0.0409355679474166,14.5293465529982,-1.94502445046665,-3.38181235369099,2.57174264945151,-12.8117237852871,7.12353599131392,0.930267800729654,332.364275760611,338.88983991234,0
3.71,3.94558441960661,3.85180354118347,0.0685994356644909,15.4064504527998,-3.31725716367985,1.22154080576902,-3.7523566401206,8.15901221720547,-13.4830794065767,-2.80948812196185,361.182079283549,338.88983991234,0
3.72,1.68544272812024,3.65924429893494,0.102442634371802,15.0372438983782,-5.06204537242329,0.287934742917437,1.66382248660472,-3.37056714431038,15.5042666559073,-0.110652811026332,374.763221313054,338.88983991234,0
3.73,2.49785044618763,3.36872887611389,-0.0111314272585699,11.693244496012,0.605672081212601,-1.04092231625259,-2.27065221725387,-5.4696117480793,-10.3528813785703,2.7072987698957,393.765976901852,338.88983991234,0
3.74,1.83961701378554,2.98974370956421,0.0613187361590583,9.90756427503824,-3.01069875057771,1.14220095350796,1.4433737307499,3.46403553076763,9.75830900680664,-0.636118776403755,407.905247737569,338.88983991234,0
3.75,3.63466639417416,2.47017288208008,0.02725183864559,16.5289293924303,-1.23887422777184,-2.31291428246846,-2.80392046634743,-9.46039654986058,-13.6103347986583,2.45935815584473,436.084352796275,338.88983991234,0
3.76,0.858635772128042,1.87204599380493,-0.0407239603919926,12.3260032021467,2.06020614486668,0.446373033796976,0.734618911291297,8.60049933894066,9.0667643302094,-0.593400642670034,444.493967588351,338.88983991234,0
3.77,0.508462428942186,1.24020314216614,0.0361913635537768,14.5444026670228,-1.76983892270057,-0.254309591966377,-0.441781040647473,-4.75015742611612,-13.8603024202187,2.69033105732902,450.726217151961,338.88983991234,0
3.78,0.682313392356138,0.565893054008484,0.0330808089594201,16.5884163362999,-1.63847465396978,0.205571116900392,0.651449477094177,2.63547953608783,16.4594776148268,-0.257224430996994,458.545016703025,338.88983991234,0
3.79,0.146480302161411,-0.135323822498322,0.0773190512363515,13.3210217458214,-3.86825714773943,-0.0803611180408298,-0.144833716076802,3.58923254526575,-13.3988970982574,3.12070827422647,462.308037429774,338.88983991234,0
3.8,-3.64684110000077,-0.735561430454254,-0.0776985466230879,5.17609992987862,3.77979352848784,2.97031824770273,2.11723796021288,-6.4089685952903,-0.063017034766093,2.21136273580698,438.198138788508,338.88983991234,0
3.81,-3.75524836081341,-1.18912756443024,-0.154552468725293,6.61878745602374,7.65513787704242,-3.143689531765,-2.0598526269741,9.83759768076907,-2.37300551534839,-0.949617207037064,413.218740065442,338.88983991234,0
3.82,-1.71669551086328,-1.56041157245636,0.0161409916871867,9.12809557618442,-0.873439690776058,1.52338723055372,0.791577762709796,-7.74365742403047,-4.91129264457316,2.0406119349914,402.258435885703,338.88983991234,0
3.83,0.467234345399866,-1.93750929832458,-0.00849953298285921,6.22831111121931,0.452967448567432,0.444876369704869,0.143056601596658,6.09379170317789,1.36482287710892,-1.27786368697022,406.291839266792,338.88983991234,0
3.84,-3.85232352055168,-2.20951724052429,-0.079150915553055,7.40636861699333,3.8834553843616,3.85273582366286,0.0555702032872091,-7.53760256929022,3.62216362420864,1.60576228526481,380.150285012098,338.88983991234,0
3.85,-1.60319177094506,-2.39169454574585,-0.0435300154907552,7.44203735125572,2.11884747401772,-1.48536799491091,0.604814547087732,6.22069673722308,-4.60177864082341,-1.93033295811836,369.167105088105,338.88983991234,0
3.86,-5.13423799906192,-2.40815138816833,-0.0632152732327681,6.87145962606988,3.03815920954947,3.04517440220962,-4.1341636230208,-1.71922093302855,7.31379847676398,0.647173754519408,333.533460604085,338.88983991234,0
3.87,-5.12367110682052,-2.20930171012878,0.0277308334530582,1.63547086447768,-1.49713111609971,0.916054097792416,5.04119226968275,1.17043514714975,-1.88314845237062,2.95642797274567,296.450253536591,338.88983991234,0
3.88,-1.81031503225097,-1.89780509471893,0.0215871387255313,2.64302278400691,-1.12094769422978,-1.68411910784137,-0.664416549429482,2.07108004379499,1.98814502040793,-1.20694804130766,282.229795464057,338.88983991234,0
3.89,-0.680710045315691,-1.54462480545044,0.0243228285621351,3.52257907045801,-1.2391089687451,0.522248405469852,-0.437280652175637,-3.44726378263237,1.43538383612349,0.838002947649041,276.013600080475,338.88983991234,0
3.9,-1.82020701718293,-1.1235728263855,0.0902443050026926,4.05040394279909,-4.5633519100996,0.508976105232848,1.74992598251737,2.99087992654293,-5.31832586630932,2.80900743048921,261.779763251483,338.88983991234,0
3.91,-1.41390545046922,-0.631300568580628,0.00506355738486575,4.29934608036211,-0.29083067001494,-1.41351218631955,0.033727757205168,4.30570656806727,0.172771950989568,-1.59823400028361,250.335211690574,338.88983991234,0
3.92,-0.941003597659517,-0.0875094532966614,0.0991600038017739,4.54424716552004,-4.96365650451226,0.288262068197571,-0.901235517054549,-5.78333503207534,3.44109053976991,0.204579379541562,242.187273127939,338.88983991234,0
3.93,1.69953109421976,0.416925370693207,-0.0046521712804391,12.7904873600116,0.27786019353167,-1.52918700537361,-0.741629749614943,-11.6442534583405,-5.29954097933886,2.01962103084239,253.375902136829,338.88983991234,0
3.94,1.44741907359859,0.864507675170898,0.0442689323432105,5.42643833732536,-2.18184222499455,0.971640152518056,-1.07373047223337,5.33459698637409,-2.39765375242799,-2.37549076739982,262.060141765177,338.88983991234,0
3.95,-0.289920273291018,1.31778347492218,-0.0628820589092962,3.1078637461299,3.1434282919992,-0.187320997914672,-0.230040783206071,4.20983459711417,1.34805458212573,-0.4698105957919,258.337546667376,338.88983991234,0
3.96,3.93737402727009,1.65897190570831,0.0780247591757346,14.6544986188041,-3.83425018706356,-3.92890523343626,0.269640057006782,-14.8238048237358,-3.11618594010609,1.52208780635628,285.984671434599,338.88983991234,0
3.97,1.00415017028581,1.92490339279175,-0.0314839730038776,11.6134980397597,1.58843319684973,0.51048379099522,-0.865283250833085,4.19202449889654,-10.94638695374,-2.63993069522537,293.039797792603,338.88983991234,0
3.98,1.21967976703509,2.14976167678833,0.00891953184038241,9.53134216867312,-0.430318594773821,0.552754051597142,1.08727239025276,3.87219383702347,8.71996402044481,-0.463020992565204,301.272032363443,338.88983991234,0
3.99,1.15229782589102,2.32893514633179,-0.0600531768360577,8.76041448262449,3.02308194693243,-1.11672923302964,-0.290366120093771,-9.18918593716833,1.20114452810374,1.77310932813714,309.124088454864,338.88983991234,0
4,4.45421439724752,2.35741519927979,0.0554299516269219,17.2907661258381,-2.67287725681769,3.75257678015093,-2.4002637116068,16.0928691414467,-6.86545183106814,-2.12740381913672,341.435935695219,338.88983991234,0
4.01,1.87504592231957,2.27599239349365,-0.0313844439406504,10.879730279578,1.62747868883389,-0.804654982560749,1.69390452894161,-3.02161207579932,10.5776688500992,0.426736182118499,355.256760217486,338.88983991234,0
4.02,1.98910989598434,2.11535406112671,-0.0106528777061055,9.79643072428774,0.607268319534161,-0.100032060659099,-1.98662156661669,-1.15137333640159,-9.74746988648347,3.08592674336869,369.913557249536,338.88983991234,0
4.03,3.22197124140782,1.82481241226196,0.0400473387908291,19.578533414189,-1.93911943510147,1.26592902003792,2.96312777079038,5.67502271530276,18.8380803696901,-0.391326848125132,395.271565786716,338.88983991234,0
4.04,-0.815816849692605,1.5170556306839,-0.0390001042809387,8.18138561378276,1.92234623326021,0.525001151850424,0.62566119500255,-6.48359955746214,-5.34728177492247,2.49122105080359,390.633813817628,338.88983991234,0
4.05,-0.682829247263509,1.23926329612732,-0.0497129166797529,8.59373441333184,2.48837634408907,-0.581258606717134,-0.361753489437925,8.41188931991435,3.04703233757322,-0.941419884553756,386.802871305031,338.88983991234,0
4.06,-1.06171641299839,0.994282126426697,0.00687317670684534,10.8903196000701,-0.361896414812935,1.01206787629225,0.32094796457605,-10.29477592696,-3.57038073885842,1.87141195102542,380.435931736981,338.88983991234,0
4.07,-2.1813932482622,0.826637446880341,-0.0959648589155031,1.99273235301414,4.73085355466145,-2.15807311092184,0.332274292756321,1.4672265135008,-4.91926863918636,-1.67960060903209,364.74455222491,338.88983991234,0
4.08,2.47878655608451,0.601978182792664,0.0490691425624332,14.5027054643525,-2.39169269678791,-2.14048477972849,1.25104575421037,-13.8290753058474,4.98049555032732,1.06166843905186,383.347861670571,338.88983991234,0
4.09,-2.52851803275963,0.420846521854401,-0.102541265615375,1.51195413935126,5.08838215997638,-1.48362404256875,2.05006776801563,-3.06257203729351,-4.33569957928996,-2.47460860998383,365.822838383802,338.88983991234,0
4.1,-2.6700177344619,0.35355618596077,-0.0228378255041757,4.8230960419139,1.10105667844544,0.342168791601384,-2.64810059980146,0.431773995002871,4.92830117341808,0.137054147018044,346.924741485811,338.88983991234,0
4.11,2.10551127085905,0.245895564556122,-0.00303804102009675,10.1655107508876,0.184837511607003,-0.828842209193373,-1.93551221480702,-4.18497402392931,-9.26594658689248,2.73554740744329,362.201151940125,338.88983991234,0
4.12,1.4040787756367,0.0598153695464134,0.0205136187600927,14.8348119656523,-1.00323807020188,1.06862900818988,0.910983018284756,10.485685221768,10.5417521367066,-0.85025627157102,373.612529057911,338.88983991234,0
4.13,1.68231389877652,-0.1987045109272,-0.00342066728360646,14.0988800202664,0.227053453544938,-1.56885596308082,-0.607357161880116,-13.2398653567856,-4.85138500129818,1.93812887178026,386.903937384891,338.88983991234,0
4.14,1.75037525331742,-0.538769781589508,-0.0382361743926189,16.5945036563908,1.98841625301387,1.7340334653696,0.241668105956295,16.7131514810181,-0.0437991981543773,-1.45416175373212,401.352561007749,338.88983991234,0
4.15,-3.74325421155623,-0.785597622394562,0.0110397869943375,3.43507023119004,-0.670467811292778,3.68717371667809,-0.645619045775941,-3.49941602281229,-0.0576374745483946,1.39450572816829,375.231215633297,338.88983991234,0
4.16,-2.83118324775471,-0.901834070682525,-0.0120664470702056,4.47031540065204,0.529775498586384,-2.26593604255385,1.69743277703925,3.27335878467115,-3.09022719666782,-2.20946491076348,355.47168279618,338.88983991234,0
4.17,0.0849054719232253,-0.994208931922913,0.0418756548443764,5.29853187365099,-2.08300464227876,-0.0856762598704381,-0.0402751551923032,-1.67486778202868,-5.44133864674609,2.46842256629351,355.887439478205,338.88983991234,0
4.18,1.57457169502456,-1.1418844461441,0.101764009325309,8.38316081523937,-5.03186929602601,1.4857314301061,0.531257050740359,5.69895960667615,7.94474375092915,-1.16285130546086,367.402102622048,338.88983991234,0
4.19,-0.869955222871916,-1.27978479862213,0.0352306588625395,3.11556473957231,-1.80550791583172,0.870451050111065,-0.0194488685161449,-3.22275810725045,-1.60637251680574,1.50798162884415,361.108678423768,338.88983991234,0
4.2,-1.14382039479059,-1.37228405475616,-0.024989744466799,8.33488587698364,1.20596370681374,-0.940061486066257,0.652099674346129,6.28505934432631,-5.60559542624954,-2.15542237386988,353.473858951854,338.88983991234,0
4.21,0.923234980754474,-1.48616003990173,-0.0815213337880346,13.0899363304586,4.10090211390103,-0.485253459841092,0.789643994002072,-2.1766957804393,13.5434791232783,0.462957692387662,360.901466514599,338.88983991234,0
4.22,-0.612333224334123,-1.5968713760376,-0.00620111377811833,7.73380014843275,0.307863959936023,0.0345882125222656,0.611387018990449,-0.666147568234101,-7.71120563667327,3.095206220628,357.134119182221,338.88983991234,0
4.23,-2.61735078237394,-1.6163010597229,0.0163818561323308,0.413747787671246,-0.861203542850254,-1.55168079233094,-2.10786152342014,-0.44297670141342,0.846540262495273,-0.640830281924598,338.050376012877,338.88983991234,0
4.24,-2.59456982815224,-1.52622294425964,-0.00458520050860023,6.47908764609434,0.19299608115514,2.5452584317451,0.503461153270164,-6.3914911748439,-1.07919635609382,1.76784625382452,319.569111479449,338.88983991234,0
4.25,1.02787560808312,-1.44211578369141,-0.0138973024397761,7.86353043418333,0.733298467191846,0.868910286758288,-0.549287096401298,6.18920626368952,-4.90576837578169,-2.14804477829691,326.52385990528,338.88983991234,0
4.26,-2.53550128312743,-1.29405784606934,0.0200869252365943,5.33568795251068,-1.07207422209881,0.470097413595136,-2.49162169340321,-2.00269972244572,5.06044492964524,0.17855709039984,308.257430959692,338.88983991234,0
4.27,-3.76092078578012,-0.994422793388367,0.0713526362272947,0.98842420047407,-3.64986153914077,2.66475639625671,2.65493685503412,1.81324696820105,-3.31822348362668,2.33537876434721,280.419197097736,338.88983991234,0
4.28,-0.344958952236687,-0.638700246810913,0.0561346608546901,6.67731397794491,-2.7987999537727,-0.344152578497435,0.0608833441186565,7.22690808097825,0.437724491418634,-1.9072072351608,276.898384922265,338.88983991234,0
4.29,0.418610599468379,-0.294416785240173,0.050917869802631,10.664141991932,-2.5219614058457,-0.00370948695256755,0.421679621465232,-3.88145258128985,10.2478553666541,0.12983750733638,279.3167307872,338.88983991234,0
4.3,1.29434516867731,0.00845297425985336,0.051154825311723,8.37222099771401,-2.51613544046487,-1.07137296334472,-0.728083927335939,-5.23799374597179,-6.99917448750117,2.20718713634904,287.679637047982,338.88983991234,0
4.31,2.68708411985585,0.214302942156792,-0.00398729800507591,14.3294723931069,0.277017747763872,2.54730305703553,-0.85538535254253,13.4886870682086,-4.84415514546478,-1.89624945811969,306.899611650559,338.88983991234,0
4.32,-0.836587169904178,0.421602040529251,0.0559240397565051,5.77884343479598,-2.79790525633088,0.322956246989711,-0.773760204198491,-4.51339244614481,4.56646404720014,0.328654886658021,300.41550223858,338.88983991234,0
4.33,1.95423277353846,0.582740783691406,-0.0117621651381737,10.1962760468558,0.652531848567171,-1.02964051879713,-1.66102513037936,-5.97668824141205,-8.28667850842829,2.58066301575853,314.030593317764,338.88983991234,0
4.34,-0.622289093677088,0.744456112384796,0.0168993607421252,3.75903291412532,-0.839052284615793,-0.612704741903321,-0.110100879888079,3.59053310753628,1.39370340800413,-1.42014750272216,308.848941074097,338.88983991234,0
4.35,2.97959268164664,0.8231001496315,0.0511717206431237,13.798933900423,-2.47416413225938,-2.34463829331283,1.83936466396603,-12.4948926140488,6.35686428241102,0.922751775078699,330.390662130473,338.88983991234,0
4.36,1.71899846823653,0.813926577568054,0.0730074716102771,6.97152856034215,-3.63347216693809,0.35099642344568,-1.68436555873088,5.23293417919024,-5.86691829940069,-2.89370237447187,342.574337950623,338.88983991234,0
4.37,-0.552605486785098,0.806893765926361,0.0729832565250708,6.50115740413679,-3.68428951572655,-0.145964170319984,-0.537953381568327,-0.889506948426115,7.41942142068752,-0.396264481953004,338.684260479078,338.88983991234,0
4.38,-0.399536407412763,0.819873869419098,-0.107295647426071,9.04781478835292,5.35289802646231,0.401435471810545,0.0999562843303117,-10.5086068651409,0.292662740974888,2.07719110274631,336.135368245817,338.88983991234,0
4.39,1.89850006991776,0.776860237121582,0.0695696905599835,9.99702046801908,-3.43579122272064,1.87606331941468,-0.29921376784688,10.3398102327018,2.19850037885622,-1.69232633659161,349.755340198125,338.88983991234,0
4.4,-1.18366560013833,0.749270915985107,0.0397104325977291,2.97653898314798,-2.00326910743441,0.908359979380813,-0.759949550475041,-3.55385692435005,0.492922302447237,0.84058706506094,341.26644578417,338.88983991234,0
4.41,0.206597963197038,0.730060517787933,0.00827085437700181,9.30423210259427,-0.388303065042026,0.0343191683683086,-0.203895365596666,2.29015901842957,-9.02633291872023,-2.93482593754045,342.961265671433,338.88983991234,0
4.42,-0.243249822287723,0.713080286979675,0.0414301992287526,8.24880835892549,-2.05844216652966,-0.0628763893715218,-0.23860741210353,1.53718625647786,8.36164349324473,-0.426357421662217,341.427085354619,338.88983991234,0
4.43,-1.06116156644718,0.732715964317322,-0.0145314939796741,4.82704128863178,0.685049876071579,0.949343592550131,0.474364604187454,-4.60261483693335,-1.60796691436816,2.04787812998073,333.596680032868,338.88983991234,0
4.44,0.783234524205761,0.740489900112152,-0.0313040420635003,8.99739693200316,1.56790180809914,0.773975189440529,-0.124091373946122,8.51012817158661,-3.31499413800814,-1.76971963654019,339.225652509896,338.88983991234,0
4.45,2.41063560813858,0.660168528556824,-0.0281666270131138,13.2131336579889,1.45954719759844,-1.71836849759936,1.69090718271616,-8.27333383212364,10.4052451383009,0.781769087840519,357.056185206634,338.88983991234,0
4.46,0.252793932741697,0.543387472629547,-0.0253976790255747,7.41746720382423,1.28328910620827,0.0909753744118319,-0.237219931248466,0.712271061213514,-7.49388554658254,-2.87551711851042,359.216117044438,338.88983991234,0
4.47,0.985214813557408,0.392749428749084,0.0404023283052157,11.1660888618959,-1.97714479033171,0.247766260098032,0.954406861533631,0.428081794398813,11.3316983709855,-0.213009863811337,367.015318321318,338.88983991234,0
4.48,-1.72792614798937,0.279534518718719,0.0711736912174679,10.5631172300064,-3.58809386730039,1.06569282622754,1.36201808628009,-4.11362699933736,-10.3697606590384,2.43648624768169,355.823894370513,338.88983991234,0
4.49,2.78916756306167,0.0941388159990311,0.0703545888426229,15.5906708946857,-3.46982613880503,2.58679224564612,1.04542400052404,12.9221075627315,9.38764339529011,-1.16150794709501,376.953195194112,338.88983991234,0
4.5,-3.13965889943316,-0.0366094671189785,-0.14753641837372,6.94504293485322,7.30323269444167,3.13008138834954,-0.286034092101287,-6.61577102637841,7.60278915153171,1.52662379435441,355.780517121121,338.88983991234,0
4.51,0.424269278181761,-0.142069354653358,0.0366282474340877,7.32699881542201,-1.81305051982291,0.338317996820864,-0.25862517655109,7.15529011896748,-2.40289141286742,-2.13735870034647,358.907276808745,338.88983991234,0
4.52,1.41846969493499,-0.305236577987671,-0.0364434928427166,12.2103054487302,1.8841805880414,-0.754317970510754,1.201827276685,-4.60224496718216,11.4656459434996,0.534810871093176,369.916799382076,338.88983991234,0
4.53,-1.20180553381908,-0.453059136867523,-0.0282393878001385,12.7340470240089,1.36393753182121,-0.0665047811171178,1.20029626269103,-0.356743144528315,-12.8019144478165,-3.06274913071131,362.618033714669,338.88983991234,0
4.54,1.55663466256479,-0.637517213821411,-0.0919058957018508,10.2409150413729,4.62591574250875,-1.52911078841126,-0.305578734743195,-10.7807627122489,3.17026697355153,1.70906586921768,374.315400483652,338.88983991234,0
4.55,-0.936244634825088,-0.818491637706757,-0.0990885001141402,10.5872515395855,4.94015182078515,-0.87295267257129,0.352599175473051,8.82170505300838,-7.65979863525073,-1.8492300416844,368.844197874586,338.88983991234,0
4.56,1.55693228060947,-1.03920447826385,0.0803989810098795,9.79460487401133,-3.96252971477363,-1.16754025309917,1.033127233183,-10.1295189238428,3.00479163170777,0.897994205662297,380.460611954665,338.88983991234,0
4.57,-0.75039670816652,-1.25934493541718,-0.062005621741246,8.00522158367466,3.0674666815357,-0.325696826950665,0.678867802792957,1.39834526676296,-8.4579876425178,-2.61182075069691,375.904388943149,338.88983991234,0
4.58,-0.560710439072599,-1.45418322086334,-0.0695338097408013,6.23023163224242,3.45083342360429,0.00456867431150214,-0.564986968342715,2.60434609881528,6.62883239390198,0.131466456359411,372.33474310974,338.88983991234,0
4.59,0.700833069181436,-1.66896843910217,-0.0227002509271474,9.01536094392225,1.15951185579951,-0.157841889728701,-0.683204383839346,-3.43339368389369,-8.41623481756167,2.88216553253401,377.961426671439,338.88983991234,0
4.6,-2.19453477016212,-1.82681226730347,-0.0255588511488636,4.09228697395668,1.24497061953227,-1.40909662443425,-1.68258218679818,3.55445388065022,2.37962646880654,-0.685523153392746,362.825733013397,338.88983991234,0
4.61,-1.33290196350316,-1.92279350757599,0.00842697646640178,11.5626687602585,-0.441078841289882,1.2387885656183,0.492038156992215,-10.6125828364069,-4.61117609120427,1.94255835016274,354.235863346921,338.88983991234,0
4.62,-3.66259075612928,-1.89387476444244,0.0449137224160438,2.99338428476699,-2.35106832263444,-3.54214494024078,0.932629353854756,3.51162098630449,1.46846511110445,-1.84051055641251,327.744820231957,338.88983991234,0
4.63,-1.41534606997192,-1.77661263942719,0.0345852100746013,1.14497331991402,-1.77968372494928,0.734847550096789,-1.2101238418681,-2.11349876635772,0.10658812677143,0.5213022373597,316.654048474084,338.88983991234,0
4.64,-3.92761351844862,-1.52436792850494,-0.0095253015388761,2.32048313860819,0.383353696779699,1.5482135754956,3.6096084838,-1.26220586453925,-1.98454992603418,2.73883623905581,288.012228305021,338.88983991234,0
4.65,-2.41582004141721,-1.14832448959351,0.0311316988125585,2.13330466393968,-1.61858421491689,-2.40781382815959,-0.198967897178065,2.01564585293328,1.76294510564503,-1.50123527753673,269.452732886965,338.88983991234,0
4.66,-0.53279813107674,-0.725715756416321,-0.0857556264602819,4.66331313274301,4.27832239291325,0.156389078280279,-0.516498143407222,1.80221522601751,6.06651070639681,0.453596629542414,264.337164035431,338.88983991234,0
4.67,-2.19877440456363,-0.225007817149162,0.0395843487648645,4.04774626812383,-2.00269252686548,1.57247198458274,1.5373703719448,-1.57073528852817,-4.23412539512537,2.32690673472915,247.507255297918,338.88983991234,0
4.68,-1.03844220645911,0.342456549406052,0.103328019529655,2.95484495294878,-5.17862828636239,-0.91074055677082,0.509500278732363,5.3866458148998,2.55604117515779,-2.18003100079319,238.111748824374,338.88983991234,0
4.69,-0.659766992136137,0.951217532157898,-0.023758763332926,1.40964543320442,1.17959632611966,-0.316260055447316,-0.579514055115091,1.68541590263938,0.733430961358586,-0.463566164390228,230.97722404936,338.88983991234,0
4.7,1.66801815491024,1.52400994300842,0.0260525721493671,8.51121163373562,-1.28617330047795,-1.58254795684854,0.527735981244658,-8.50294360313132,1.3397444961884,1.26453827357632,241.396394090744,338.88983991234,0
4.71,2.10740832021266,2.01753234863281,-0.0171579710895997,13.7191797123212,0.88360194025741,-0.10588907972354,-2.10481631665777,-1.68293821249996,-13.6442062187839,3.08318547960273,255.698027315694,338.88983991234,0
4.72,2.85380851043674,2.40374612808228,0.0391015436126882,14.7614277214795,-1.88906943521077,2.72489650419208,0.848935207419179,13.445272250631,6.37910540859166,-1.25507860678404,275.504128394336,338.88983991234,0
4.73,-0.275286889350722,2.77572417259216,-0.0976982412270594,3.81600713059911,4.90500424291391,0.116430890970501,-0.267902343056332,0.981629782956849,6.13656092718053,0.751005343515205,272.196613947591,338.88983991234,0
4.74,1.15630699912854,3.12670612335205,-0.0411375906719189,5.93657905953741,2.10022331283839,-0.380769632012652,-1.0925898887217,-4.10915647081047,-4.77166029724711,2.77069137924228,279.142275182822,338.88983991234,0
4.75,3.02651625274257,3.37338495254517,0.0825690699198077,11.3118151494957,-4.05278447885739,2.99138670144097,0.467144390809145,10.3903150754514,6.0351948304322,-1.38860923953879,300.174477280383,338.88983991234,0
4.76,0.512496133050762,3.5748929977417,-0.0204555281666473,9.63935680621779,1.05341806188721,-0.390032853012699,0.333084206463373,-6.35916354623043,7.32037760248619,0.824097991568827,303.641942749733,338.88983991234,0
4.77,3.24840112998835,3.67220592498779,0.00506481184577123,14.7617024513337,-0.158497008615452,-0.020964012476219,-3.2483374307189,0.0862441303134521,-14.7623013962403,3.1366981457559,327.068136173413,338.88983991234,0
4.78,0.934375299074962,3.70307493209839,-0.0284299198539196,12.5079459003657,1.46624674612173,0.596156957170303,0.720043291949707,9.36646335613653,8.41831065981413,-0.721967701847772,334.285820374658,338.88983991234,0
4.79,1.95387915308146,3.66492009162903,0.00663699943848606,11.8768146362136,-0.304214206315003,-1.91197904581843,-0.402521953387775,-11.5499939990019,-2.78368655012049,1.78168939681419,348.761561873076,338.88983991234,0
4.8,3.63572147949645,3.4863486289978,-0.0176036216485596,18.008272436166,0.96083721322093,3.50512590731208,-0.965853476391062,17.0781112735224,-5.79303026184685,-1.84451986080052,376.242953806826,338.88983991234,0
4.81,0.91971142724544,3.23356771469116,-0.0332729829633797,12.121331878641,1.69693918399478,-0.763891976916623,0.513269177336355,-8.81343500103903,8.49291779006457,0.943008367896003,384.010926041197,338.88983991234,0
4.82,2.09219636091323,2.90235185623169,-0.0255929343448628,14.688286092038,1.36493583629818,1.33281785736831,-1.61292813540687,8.15442412364309,-12.292850172784,-2.46323115006258,400.470177725396,338.88983991234,0
4.83,4.34414847095858,2.39789175987244,0.00197460297756735,21.7202364128548,0.0118821465300044,-2.45101691212375,3.58666222737408,-12.253140627624,17.9340278737204,0.599931936487765,434.68244550186,338.88983991234,0
4.84,3.57733777125312,1.7236989736557,0.0728727198263477,14.7536200211667,-3.50889827981819,2.3811593036452,-2.67071831790496,12.6115391676614,-8.42203958015058,-2.393081114647,462.239057564122,338.88983991234,0
4.85,0.950187741332706,0.970184922218323,0.0995746323561555,14.937454796158,-4.97295230685893,-0.766306210653504,0.570566948483419,-15.3836273584264,3.34691196935814,1.0351944694891,472.116683644551,338.88983991234,0
4.86,-0.248054656712507,0.202951580286026,0.0913590415226593,11.7895742550862,-4.55447254227,-0.261628663147241,-0.0377892816084983,12.4788709589598,2.0037616734816,-1.78023538819165,473.108952394408,338.88983991234,0
4.87,-2.70444196316714,-0.488346844911575,-0.129146502978962,6.74514763844047,6.37557131870726,2.70741509451682,0.0242622619213134,-7.0954800725952,5.98323397868462,1.62747472499291,455.891016470175,338.88983991234,0
4.88,-1.38419266970225,-1.12054741382599,0.0400178352811954,10.974053298828,-2.02902413255169,-1.33793624856124,-0.357095741761096,10.2138882182237,4.49702926403938,-1.33887826222599,448.389480053511,338.88983991234,0
4.89,-1.37186457802556,-1.70727694034576,0.00751678616211537,5.07259803685133,-0.423072730712375,1.28679166956301,0.47564285094879,-4.62302040552504,-2.13024029373203,1.91937570105192,439.959731149819,338.88983991234,0
4.9,-3.24935405879183,-2.1903817653656,-0.00223784632352797,6.49244764879404,0.0428465863606621,2.45280105622668,-2.13121415768486,-4.87572645123365,4.28730729888056,0.856126094593364,418.731411457787,338.88983991234,0
4.91,-3.03250013405575,-2.54816293716431,-0.00340548245870886,0.711537202055759,0.066905446833161,-1.96643253707487,2.30850855261405,0.411122456309187,-0.584585198789349,-2.43492024535665,397.205896688299,338.88983991234,0
4.92,-4.68819051448512,-2.73425269126892,-0.094457132583704,1.84174009175342,4.61345011340561,1.55500413237897,-4.42380092209047,3.67506033716081,3.34213405366715,0.35816332522282,364.515817129201,338.88983991234,0
4.93,-1.0322511719,-2.84491896629333,0.0238892761074384,10.9126342411726,-1.20334220694328,0.116284636102224,1.02595860677146,-0.287311563195973,-10.9750203013151,3.00559311285789,357.932720678885,338.88983991234,0
4.94,-1.95530144767692,-2.89302682876587,-0.0165273073620409,6.96038617445991,0.802599795267656,-1.27793997521504,-1.47998186574143,5.11617880072923,4.78705093015995,-0.703817693880698,344.430445203283,338.88983991234,0
4.95,-4.58139184485981,-2.77395582199097,0.0171584100367379,-2.88153061211724,-0.956121176921839,4.54357135840728,0.587711628474405,2.9781876507345,-0.589732728055436,1.69568700392916,310.521913031379,338.88983991234,0
4.96,-2.06107603971561,-2.54089212417603,0.0383324516956448,10.4563713867839,-1.96438348210976,-1.47028015707308,1.4449152494385,8.72295152928761,-6.09135630716499,-2.36608990852127,295.885281019622,338.88983991234,0
4.97,-1.17266993641423,-2.25410223007202,-0.0243288839032523,8.57622937563736,1.20281624177562,-0.291594089956523,-1.13609839409453,3.13033429080451,8.07461977079031,-0.230495951238669,287.174359856637,338.88983991234,0
4.98,-4.65072952990243,-1.80817449092865,-0.0573215420381887,1.72530833793195,2.80519283351643,4.58851000336066,0.760359696819386,-2.19115727676978,2.45858200648429,1.74733821785771,253.185856017427,338.88983991234,0
4.99,-1.10349359375281,-1.26460325717926,0.0572025667043063,-0.657420982880513,-2.86960480901502,-0.501576290723674,0.984576797245865,2.35324111836016,1.76892349962137,-2.72221818752675,242.774012291084,338.88983991234,0
5,-2.05736084859739,-0.637524604797363,-0.0851545115808009,-0.160046726159085,4.23313903686151,-1.78690259242982,-1.02321262568028,2.11815529205973,-3.6685827261593,-1.00938745354721,225.540013839627,338.88983991234,0
5.01,-0.0230163359765629,0.0220659077167511,-0.0274527586314416,5.85289355458661,1.36492899501923,-0.0084984578727094,-0.0348020386191384,-2.36503818983279,5.52503289432724,0.633569532228717,223.468196215378,338.88983991234,0
5.02,3.19898696112659,0.590828061103821,0.101939841401125,12.6924370389688,-5.05380295478317,-2.35793422243517,-2.16426789270457,-5.53833449104569,-12.4886241579789,2.34525048273213,244.729169803041,338.88983991234,0
5.03,2.76239148923267,1.04349374771118,0.0511657114899564,10.6570365114607,-2.49292305132617,2.38979087912873,-1.38647907443656,10.526325239976,-2.99726033048247,-2.07798533696306,263.048627635229,338.88983991234,0
5.04,3.27904791442439,1.37150001525879,0.044852378182362,13.3762979950965,-2.16240086677363,0.258954560767866,3.26911448199311,-1.28399941341788,13.4889833222741,-0.0653697701091703,285.908334962257,338.88983991234,0
5.05,3.66392172901675,1.55375421047211,0.0033542533252644,14.5973145304458,-0.0691937640087375,-3.11227331602695,-1.93341368923545,-12.3558807386892,-7.77293962726009,2.12758998543787,312.06431673023,338.88983991234,0
5.06,0.335690342884433,1.69153940677643,-0.051866618069384,8.79932072425236,2.62465929580429,0.336548552237357,-0.0459698201297634,7.68615933940851,-5.02392637650396,-1.85984332260753,314.353479225516,338.88983991234,0
5.07,3.64287283504002,1.71266293525696,-0.0177237732567208,18.648399282314,0.995982146789762,-1.90179197445244,3.10709251718053,-8.80593024056241,16.4684658917485,0.54438989878797,341.397328277291,338.88983991234,0
5.08,-0.0287485675111314,1.68831276893616,-0.00214056672378273,13.5631934177931,0.0877690343669333,0.00473283270951643,0.0284369909516597,-1.31454772358291,-13.4996253049587,3.05099311611403,342.277426935177,338.88983991234,0
5.09,-0.351540688975874,1.67735123634338,-0.00489599494743631,10.2058527707808,0.219251957511301,-0.238132221585344,-0.25864622907552,6.9708547410094,7.45752548634426,-0.730201184882952,340.267437993341,338.88983991234,0
5.1,-0.386828689875771,1.67975687980652,0.0254838585143482,10.441711485306,-1.29563210637426,0.375533435561233,0.0962314976053185,-10.024982634865,-3.1949529680568,1.75586740555433,337.978841706056,338.88983991234,0
5.11,3.50356390287389,1.57601463794708,0.0435447438995868,13.0871161175607,-2.0891454223244,3.22761938915432,-1.36357223680937,12.9068380426761,-3.00843291603194,-1.958093998172,363.197509589427,338.88983991234,0
5.12,0.865881388874395,1.4009655714035,-0.0517391842522651,11.2703058855967,2.6323820301561,-0.616906491691773,0.609798248025271,-5.56957148214153,10.1453981396946,0.731510445246266,370.302874025362,338.88983991234,0
5.13,0.334962939671505,1.20525825023651,-0.0832406010104615,10.6322684431317,4.1881022753376,0.183742171898326,-0.292177998617358,-0.655982504881996,-11.4085502965448,-2.82378767797387,373.702601534668,338.88983991234,0
5.14,2.70308418550472,0.917199730873108,-0.0416282222322785,11.4753483546457,2.1400131202314,-0.0171924185121019,2.70335004088587,2.24365528925884,11.4555352104655,-0.00903946531311703,394.059309796286,338.88983991234,0
5.15,-1.28071038081052,0.631868779659271,0.042223798128601,8.69967896694405,-2.1416070412247,0.324541856680012,1.23962676314564,-0.426706367424415,-8.9492355272901,2.85257648821646,386.237676496641,338.88983991234,0
5.16,2.41255254310642,0.282396674156189,-0.00959171004315673,13.9649651944446,0.573629408032633,1.21206802016063,2.08599925423158,7.55873402235215,11.756480917313,-0.530344197472783,404.765670069519,338.88983991234,0
5.17,-0.51822980360285,-0.0884245187044144,-0.0898057675187482,10.5144439164638,4.46122063536797,0.406203362934222,0.334104823614997,-10.2414072427268,-5.05663901406041,2.43069998864585,402.594245748371,338.88983991234,0
5.18,-2.45798713409954,-0.379025548696518,-0.0537167487515271,4.12312956779414,2.62929242102482,-2.04566490300948,-1.36376000274626,4.8857825529511,0.20616719757402,-0.960948860551256,385.902837175839,338.88983991234,0
5.19,-2.07083411366527,-0.582894563674927,-0.103854406076722,6.17288577736631,5.16904626293936,2.03375695865047,0.403698274856523,-7.24605854528256,3.50972842926006,1.81685701007965,371.918942402796,338.88983991234,0
5.2,-0.702118148572948,-0.747330188751221,-0.0706525731491299,5.11653446909493,3.49952779447888,-0.676817544409521,0.199699004072537,4.3783780196864,-4.38810046312681,-1.75742093910049,367.018175968455,338.88983991234,0
5.21,0.503423295244327,-0.926392197608948,0.111835885898689,11.3879371956859,-5.6021462579001,-0.344419578019208,0.383819532914197,-12.5216923420932,2.06794031774489,0.949948692982369,371.501619021876,338.88983991234,0
5.22,-1.83098549809308,-1.05941569805145,-0.107697999197554,5.95800798706483,5.3486250584862,-0.761658256815901,1.66852733063696,-1.93869720450598,-7.76833974150433,-2.65460663061411,359.056355623446,338.88983991234,0
5.23,-3.79450014472924,-1.0537121295929,0.0633915409945935,1.51901078010194,-3.24796063088574,-0.399511863191467,-3.77394225008666,-3.03863116273232,1.90351324311695,-0.122172425495291,332.062510524162,338.88983991234,0
5.24,1.63345084905124,-1.06082248687744,0.0662171338274968,12.5175735570331,-3.25508797157558,-1.20336663261644,-1.1065510076738,-6.56486764605143,-11.1439561309374,2.35482198843139,343.90925816267,338.88983991234,0
5.25,-1.01902815832306,-1.06029331684113,0.0622481527680808,6.01892985914768,-3.11874696457632,-1.00102624972247,-0.200598273534205,5.53752713048532,3.91022922058702,-1.4340332676497,336.653268154683,338.88983991234,0
5.26,0.769050204264812,-1.07251405715942,0.023860197549993,12.2054068139509,-1.19442449322411,-0.657682191466511,0.399326508930577,-11.212256868381,4.96828957303168,1.05613523903749,342.753394436954,338.88983991234,0
5.27,1.04407001660534,-1.12963700294495,-0.00931037817753866,10.0499247712772,0.474365636033405,0.467730365564604,-0.933486576146056,3.99577850131732,-9.23362143654323,-2.68601662725696,350.524688329398,338.88983991234,0
5.28,-0.248707676136003,-1.19278502464294,0.0902921531265417,9.63250191282013,-4.53425532982801,0.197537407728441,0.176031683605893,-7.26628242448247,-7.78111201720001,1.95044082462622,349.378899999223,338.88983991234,0
5.29,-1.15837291131307,-1.21569764614105,0.00907978699349865,3.67093313961948,-0.476913709808885,-1.12954145300893,0.256994844559637,3.68240750596135,-0.378248281158996,-1.80234760395411,340.988380794667,338.88983991234,0
5.3,-1.63341615110946,-1.1755223274231,-0.000267566263339292,6.63257478016775,-0.0101601611929962,0.994147624530476,-1.29603969651294,-4.04571284717128,5.25579289942307,0.654497812730733,329.482407147148,338.88983991234,0
5.31,-1.81402586955594,-1.05984473228455,-0.0362949394238108,2.8975152722003,1.79509461354966,0.258121253341159,1.79593446334201,-2.13634526189392,-2.65593455232097,3.01885017122039,315.974580699049,338.88983991234,0
5.32,-3.61700173078585,-0.807905733585358,-0.0487857400531495,1.19331581002572,2.38674992055832,-3.16043625087783,-1.75975119635638,2.22378633616547,-1.47490750110854,-1.04925540300488,289.26397184476,338.88983991234,0
5.33,-2.15863357842269,-0.444245576858521,-0.0635207555176874,1.65827884158615,3.1530477175918,1.78951240184745,-1.20887516969688,0.286555990386007,3.55098356659632,1.0060982807137,272.386601435773,338.88983991234,0
5.34,-2.52937922966175,0.0244470536708832,-0.0251510388176697,4.43026666369062,1.22108278180215,0.559059957856249,2.46695030872526,-2.12965891970631,-4.07220563787457,2.92868016586581,253.021676005942,338.88983991234,0
5.35,2.0542926681639,0.459367573261261,0.00422945110759743,10.4940928711551,-0.175321336411282,2.04039260674785,0.238609021324374,10.399810230854,1.41445039561422,-1.45232354870408,266.611267838871,338.88983991234,0
5.36,0.237522898976176,0.869359195232391,0.0151092483309048,3.28322535063548,-0.760093942954197,-0.100753645929429,0.215624951606021,-2.24272572277827,2.51545082193229,0.500643219541506,266.580506321853,338.88983991234,0
5.37,-1.36243598340751,1.33173787593842,0.0548314469287555,0.800566146664714,-2.78157821848835,0.867495035720414,1.05199365941831,1.53938438072625,-2.45119955718226,2.41179529584578,254.989171027761,338.88983991234,0
5.38,0.620073060546404,1.80130410194397,-0.0550978681562431,5.15434463915613,2.7579606357131,0.58796430345861,-0.204510032392495,3.56623415499241,-4.63201786256337,-1.9941585413305,257.800733225832,338.88983991234,0
5.39,4.18728128504618,2.14038801193237,0.0786747882840952,10.2000189142845,-3.83665974761085,0.0868882853840258,4.18711890304928,-3.81664430765223,10.2075251701656,-0.00196157200081565,286.218761601835,338.88983991234,0
5.4,4.53749786776996,2.29082036018372,-0.0228777877230861,18.2629424623738,1.26521290615982,-3.60787374473235,-2.75184616853104,-15.3389976768809,-9.99254628963666,2.21735529462174,319.17549254437,338.88983991234,0
5.41,1.72961447550265,2.34198617935181,-0.0133797450300405,9.51695720071376,0.692741615842004,1.72071415501007,-0.175749959298254,9.38421992829463,-1.72880931393106,-1.68031668872764,331.636125081896,338.88983991234,0
5.42,4.15297925453409,2.24840044975281,0.0325412934352856,15.7716128690415,-1.54315468957602,-3.13127404892913,2.72826290061495,-12.9765550312792,9.09582972614689,0.861904175891818,362.235920379041,338.88983991234,0
5.43,1.68587273193556,2.0510733127594,0.0366162667022781,13.6122880756789,-1.79327221763504,0.661434293283519,-1.551132584578,7.24390919949172,-11.6634468066404,-2.71680362650847,375.44814175893,338.88983991234,0
5.44,3.75841907240221,1.71370792388916,0.0542616416604838,21.4690414956903,-2.58953411619359,-0.480252040739929,3.72800432227721,-5.61340045674009,20.883370537221,0.142553571970017,404.289593355524,338.88983991234,0
5.45,-0.325449692322898,1.33799386024475,-0.00132354912406726,9.52822500930286,0.0336108694533902,0.0132562618167163,0.325182295855724,-0.382969614887448,-9.52058484508819,3.10491639028344,403.397982877631,338.88983991234,0
5.46,0.875734869990585,0.935987949371338,-0.00153717925100494,12.1705069419953,0.0983455189430976,0.164899896759281,0.860070897941708,2.40922017077646,11.9300699593496,-0.191184760424352,411.157973188989,338.88983991234,0
5.47,-1.04095436195746,0.550504803657532,0.029108200071175,4.18201375746618,-1.46246811660596,0.321025735868716,0.990644107588388,-0.0218133867043446,-4.43030204792923,2.80025766518365,404.58212072266,338.88983991234,0
5.48,1.90899245957785,0.109762117266655,0.123153584824106,12.749509759321,-6.13374509568329,0.956658364775211,1.65656988662891,0.153821282605993,14.1474084911286,-0.45928312891999,419.993553886269,338.88983991234,0
5.49,-0.401646792174849,-0.352316319942474,-0.113347863475686,11.3791284665681,5.67347947005468,0.299034323690543,0.291112275718129,-10.6041177194566,-7.0160973017554,2.61782626510727,418.957516388459,338.88983991234,0
5.5,-1.72853025726244,-0.759432911872864,-0.0438870660959475,4.56864039338053,2.1616278708526,-1.06014189235172,-1.36595830570452,4.44937532958207,2.39753399821178,-0.634622463249163,407.491934422735,338.88983991234,0
5.51,-4.86994574953041,-3.44584918022156,0.0163078129133664,-0.481167661199549,-0.961359955082326,3.74291938068416,3.11563670183644,0.983406658222194,-0.43433469350766,2.26163970949154,379.520534585321,0,0
5.52,-6.55415063469604,-4.59999990463257,-0.0816967024844453,-0.478852684432179,3.93808056522249,-6.47007796051293,-1.0495980556233,0.207325494696908,-3.96166563087039,-1.39750968170302,334.958636471014,0,0
5.53,-3.98690916690427,-4.59999990463257,0.0892243386960276,0.309121493730574,-4.54641516154669,3.29999007840956,-2.23907819652631,-2.88804677424764,-3.52485925233699,0.952263256991083,306.382649390006,0,0
5.54,-2.72572495080268,-4.59999990463257,-0.000315992996247794,0.750226861491062,-0.0332058249434307,0.0458463331282194,2.72533937721865,0.0206694370503644,-0.750676857832266,3.12488792268785,286.614100705883,0,0
5.55,-2.49348234160925,-4.59999990463257,-0.0481023445497775,0.538397150193114,2.36250589700105,-2.26979340277091,-1.03334695635396,1.50578803837461,-1.89839616207702,-1.12428766633471,268.425617826607,0,0
5.56,-2.49706624860983,-4.59999990463257,0.0395768704555297,-0.532196983510654,-2.03163063252422,1.77877840192,-1.752955668431,-1.07569673892368,-1.80378301969432,0.776861642837134,250.052265588872,0,0
5.57,-6.05871584185395,-4.59999990463257,0.0647894895752117,-5.35050803478164,-3.34121754565389,3.78989311865322,4.72746713150672,5.97557085233887,2.02094628981732,2.4551378940419,206.427437209606,0,0
5.58,-4.50189590592131,-4.59999990463257,-0.044441550718149,-1.24193124400348,2.18180873381963,-2.90383968469437,3.44045881893322,-2.46370599769486,-0.482530126236749,-2.43070511671791,175.19903968718,0,0
5.59,-3.57260282858037,-4.59999990463257,-0.0118123718167222,0.643074494534489,0.550420320068919,-3.38677252205452,-1.13727850008907,0.785881640841866,-0.3144795396417,-1.24352097646976,148.920429698308,0,0
5.6,-6.86966514626335,-4.59999990463257,0.017133595362318,-8.10524089933829,-0.899203704842973,-2.16698165916065,-6.51895568866186,-3.42848637061745,-7.39925526966058,-0.323415568584877,102.009116156735,0,0
5.61,-4.34843328651863,-4.59750604629517,0.0320756428106856,1.60706449767616,-1.62377779926931,1.3594996177209,-4.13057643478264,-2.03723449756989,1.03391790921823,0.310587216585889,70.4105948676833,0,0
5.62,-5.59592120019011,-4.59014701843262,-0.033718929630592,-9.15207576262666,1.67912390894812,3.4398101702134,-4.41397519678679,6.98726942987695,-6.14475498134521,0.668016385508303,27.6618094884413,0,0
5.63,-5.1883698310855,-4.56357431411743,-0.00436528306324024,-3.00252672556147,0.22583465407081,3.47151896646439,-3.85587300430038,2.17856315023623,-2.07846833729141,0.733833139966594,-9.55299319282639,0,0
5.64,-4.03988070125973,-4.36960601806641,0.00321673721763677,-5.12982918756228,-0.144228102338652,2.12201290256181,-3.43768929212201,2.56825911874265,-4.44297134112581,0.552231507432207,-39.8799643316117,0,0
5.65,-4.24428953196073,-3.98651885986328,-0.00068642377759881,-7.95663538214443,0.0550826590718574,0.562941223678189,-4.20679109072138,1.11119835112569,-7.87885264033911,0.133188696882086,-74.140537773645,0,0
5.66,-4.79015584122552,-3.39532208442688,0.00418601145895758,-9.45538751876884,-0.172111668327694,-2.49422947601008,-4.08955129897173,-5.07732195146906,-7.97839440975404,-0.548543170667097,-110.513578143263,0,0
5.67,-5.1054947590893,-2.5914523601532,-0.00535242590641527,-14.5970307600771,0.332792108425253,-5.09342978057033,-0.350825389546803,-14.5382525020275,-1.35028581617392,-1.5009785495846,-148.833753361053,0,0
5.68,-4.21407720652889,-1.58029866218567,-0.0701469126637668,-9.31236937110903,3.56412777677554,-1.63988932954427,3.88254172917554,-7.02537611859509,7.07582648921145,-2.72530301997924,-183.360706327043,0,0
5.69,-1.63297776006516,-0.461243033409119,0.0139946362437312,-7.9661083324909,-0.682589785849568,1.35501528661676,0.911452570211924,7.02385704193043,3.81971766433743,2.15436078768002,-198.643573522121,0,0
5.7,1.8171382801478,0.635144233703613,-0.127392809578867,0.397007424738536,6.36456261194169,-1.30489412735994,1.27101210595826,4.48449433230523,4.53371621521967,0.728559077220346,-189.275678210271,0,0
5.71,0.71592811677419,1.70454835891724,-0.109810146661236,-0.423130258263118,5.48369525007775,0.349105032850994,0.634615641735773,4.09064202967301,-3.67649297514027,-0.655118985062457,-187.104610847288,0,0
5.72,4.17638642852309,2.66097211837769,0.107229144951839,0.525098936260331,-5.40325195579174,3.86105485564085,-1.59560555639893,2.42508439564072,4.85693589258175,-1.93700866482846,-161.128289589356,0,0
5.73,5.14837995477277,3.41764163970947,-0.053152416772037,3.30916703898138,2.61542128675262,0.840630943115714,-5.07956503606275,-2.07803462905751,-3.67052953666325,-2.98791016751867,-125.645252403947,0,0
5.74,1.47705920546417,4.09302568435669,0.00246955181743802,-1.90601797634196,-0.12639350827853,-0.997813903896815,-1.08907181045274,1.3785753555797,1.3222744927064,2.40156781572889,-117.549414081593,0,0
5.75,1.6725000087297,4.59999990463257,0.0804647014459365,0.32030593010378,-4.04459162452376,-1.67310850842824,0.0666240677583052,-0.286830947868553,-4.04710332279424,1.57907019067312,-106.133256350394,0,0
5.76,5.87160416447995,4.59999990463257,-0.00194563877343024,6.0159128573983,0.0726515039247273,-4.78270239962865,3.40609703420716,-4.85692730774782,3.55059753789222,0.951617843609994,-65.4188657796059,0,0
5.77,5.3947039943413,4.59560966491699,-0.043772309431175,10.5422510561177,2.18478349907249,-3.11775144761438,4.40276880071317,-4.22926660126469,9.90078988179534,0.608050603140699,-28.3435734739164,0,0
5.78,5.02976707654369,4.57278299331665,0.020303931627234,3.89865073860438,-1.01160612988727,-2.50534173324107,4.36144837108076,-2.83068723945952,2.86531574106711,0.525441664714671,5.77499838029809,0,0
5.79,6.67397679759041,4.3311653137207,-0.0714347368637465,9.75888563916293,3.60354664181056,-4.54473956084012,4.88798645052753,-3.90301924267776,9.64302017571527,0.738322208121048,51.9435380674511,0,0
5.8,1.94307415797567,3.96255803108215,0.00512602718481403,2.37414772313328,-0.24230825723191,-1.78984211224741,0.756325771591389,-2.28307066284098,0.694894992971287,1.17362750816851,66.2313840688423,0,0
5.81,6.08481359001604,3.38672399520874,0.0618797956875041,7.8470761706516,-3.04179332704284,-5.90613709331207,-1.46503589354032,-6.83433597186647,-4.91130969254663,1.82411101624253,111.698381500037,0,0
5.82,1.00312573398713,2.69523620605469,0.0540339708042358,1.65752306276708,-2.69807904346482,-0.492387925606684,-0.875634078199817,1.68594889858683,-2.68040846509308,2.68315234504528,121.379196570155,0,0
5.83,-0.825966762331673,2.01355195045471,0.0132009265845372,4.62787771460355,-0.6587211299704,-0.351107755559812,0.747742402786621,2.50046371939173,-3.94953754968849,-2.71857562564458,118.325040499111,0,0
5.84,-0.366525289922572,1.33859753608704,-0.0248170604331623,5.10824413798718,1.23534014191215,-0.345674850787359,0.124360653642965,4.57377705951116,-2.58858780986649,-1.84853532921991,118.274461859543,0,0
5.85,1.78086954482815,0.599275350570679,0.00782855758059442,4.423093519174,-0.370318915567783,1.42667014965868,1.06591271034878,3.30872432748233,2.95858677468026,-0.924736571623537,132.822505805176,0,0
5.86,-1.08939235351384,-0.140927165746689,-0.0614708367160683,4.376006615951,3.0696181893416,-0.0240459942377517,-1.0908602815311,2.91762250679394,4.47877981586874,0.0343273681079701,127.801860918454,0,0
5.87,0.308684477257666,-0.890755355358124,-0.116945578756869,4.031127554236,5.85931675731949,-0.322378888426561,0.0709522881059681,-0.169523607050972,7.11005231821667,0.992017370261082,132.590509692864,0,0
5.88,-1.11849734160284,-1.62626886367798,-0.0250849044263766,2.41440192892612,1.25654655121723,1.04908309633818,0.388703244879932,-2.70749434885098,0.278783537387184,1.94805458492553,127.312529754667,0,0
5.89,-4.42312441339531,-2.21281242370605,-0.0231826163320836,-5.6821537655822,1.12920742290344,1.6422001816949,4.10703610567461,1.03125747519767,5.7007445864123,2.76645639963707,95.6875097062909,0,0
5.9,-1.76802818025276,-2.70519471168518,0.0275357152823884,-1.65632264713336,-1.3851475130562,-0.528122689654254,1.68753319566056,0.858186200256881,1.98130128703872,-2.85386591314392,84.8164325878291,0,0
5.91,-1.79832838277236,-3.14133906364441,0.0170150513924822,3.35114973454552,-0.854065999771739,-1.38845678438085,1.14300579270856,3.11600802404698,-1.50004242252858,-2.2689977977883,74.1574874459634,0,0
5.92,-1.37592329320318,-3.5245943069458,-0.00932329192877401,2.7679120523841,0.459685700283931,-1.35076961828661,0.262055854476331,2.63626908386427,-0.960590126037168,-1.75564480552352,65.3597454258815,0,0
5.93,-6.33971225301179,-3.69148755073547,-0.0666374046293687,-9.63885393772391,3.330124735073,-6.29998890819513,-0.711710440630122,-9.1574419259643,-4.48759326995129,-1.44779243238276,18.7012928099533,0,0
5.94,-5.53382993629074,-3.61347913742065,0.0617737289908367,-7.43406858376231,-3.08049147602841,-5.49216970771114,-0.680559813007798,-7.73206073851592,2.22935869206061,-1.45867267337295,-21.5217420509083,0,0
5.95,-3.13957746496316,-3.37821364402771,0.0787590967953002,-3.18440381443731,-3.92785347283018,-3.12189469806187,0.341940269704666,-2.63034056699479,4.31853783809387,-1.70497180814553,-45.5048511085766,0,0
5.96,-4.37473062362302,-2.95741891860962,0.0418576020518184,-9.98865564366366,-2.07320399712596,-3.63283850503689,2.43772526844924,-7.06909792321761,7.35522065837276,-2.17137788479777,-81.0901613949901,0,0
5.97,-0.337763363080871,-2.46797943115234,0.111849977592702,-2.86558636774481,-5.59723385805736,-0.22287654600063,0.277345546511959,4.24219502719998,4.64159384737489,-2.78444010193844,-85.3668483189917,0,0
5.98,-2.16676788208748,-1.90724611282349,0.106385637325078,-6.82984337447666,-5.30381570592755,0.604864799294433,2.08334815459381,7.23848976340863,4.73090768324166,2.80996868378504,-102.090008184621,0,0
5.99,-2.30579397398314,-1.23693203926086,0.0168665142453839,-5.56427242429595,-0.829837721185867,2.10036128334065,0.951552840993798,5.42196242365403,1.50069375015924,1.98886277210855,-121.533890127472,0,0
6,-0.0127462671250202,-0.529028654098511,-0.0454372446877572,-1.47222690652255,2.27803555342789,-0.00986808760812439,-0.0461479292861107,2.36336225593369,1.33094586448828,1.08663788079333,-123.775484145264,0,0
6.01,-0.64195550310962,0.207317322492599,0.100887935205327,-2.94539035513361,-5.03534387975911,0.196918696768163,-0.619280445602675,-4.53135730962532,-3.67380092874488,0.151987152724513,-130.519636680137,0,0
6.02,3.06329082699553,0.865406632423401,-0.0853618505781082,-1.60346007747952,4.24904725802765,1.98549396424627,2.33427741586786,2.0861359610603,-4.03404555911233,-0.732690603620639,-110.490334986561,0,0
6.03,0.283051429996803,1.49192214012146,-0.0397991922081996,-2.4163502768819,1.99824596373206,0.281904285318118,0.047244699628017,-2.36285074998285,-2.06123068225373,-1.54444000821005,-110.422214109584,0,0
6.04,1.77073438193666,2.07491946220398,-0.131379846083558,-1.35088693047849,6.56266032419589,1.38983608938241,-1.10504142907846,-5.44543564581665,-3.90392580065015,-2.31659413183395,-99.2622402284773,0,0
6.05,4.16224716907193,2.5162718296051,0.0175712746469928,-1.20856938329607,-0.900168793428878,0.807114829239701,-4.08328004165296,0.642979341936058,1.36290915938933,-2.94222331621527,-71.3803722640051,0,0
6.06,2.1328501557468,2.85852313041687,-0.0492966081148864,2.37376749237237,2.46348996061489,-0.531188957570071,-2.06623286049671,-3.01509513846678,-1.61640223950851,2.86685191249047,-57.7085371828709,0,0
6.07,1.5076625364231,3.14140510559082,0.0624305871035596,4.47701347466803,-3.12553591584563,-0.976004459841259,-1.15080806232395,-0.28672640200812,-5.45256016784699,2.47958579505418,-47.5827125168713,0,0
6.08,2.66029027778186,3.32965278625488,-0.0754640981652276,2.80816411556733,3.77783972713051,-2.10936867332933,-1.62277632227902,-4.49110583886382,1.40990320517718,2.19818780036102,-28.7899720476257,0,0
6.09,1.55400926227599,3.43854331970215,-0.00741401355131011,4.16675910260382,0.373525098791047,-1.38965213812755,-0.695605268693402,-3.90048214580558,-1.51249510703692,2.03012154979959,-16.9132056042475,0,0
6.1,2.97438850686813,3.42980051040649,-0.023780982732678,6.16106191607984,1.19487108779285,-2.70399333991895,-1.23934359344086,-6.11029173520651,-1.43203902212184,1.99256759385615,6.69692286837343,0,0
6.11,3.75242391913204,3.25318050384521,0.0557421772542657,11.7291114709823,-2.78042608061192,-3.16122598928022,-2.02248429014878,-8.25205624012559,-8.78671684409374,2.15480622193783,37.1378561435575,0,0
6.12,1.30384412304587,2.98724961280823,-0.0787492272405957,4.91173287007229,3.94796565400152,-0.751206184842049,-1.06859730761746,-6.14885436638324,-1.37954433532742,2.46854275177694,47.9683547177399,0,0
6.13,4.6492063085533,2.56533288955688,0.00458947192662559,8.39896411013952,-0.200942469187649,-0.914786358609444,-4.5583227486485,-1.44741175470938,-8.2757462027097,2.9445258135566,81.294383158027,0,0
6.14,3.23886694166475,1.9892725944519,-0.00648868149179482,8.11387554232612,0.357555652659666,1.52863257318703,-2.85544806028543,3.49955609909767,-7.32911519014234,-2.65207853715646,105.576634229389,0,0
6.15,0.230134659302734,1.3634067773819,0.122568471155548,3.80751823007029,-6.13881668534918,0.18553457321397,-0.183199109375849,5.40241710717293,4.7954306134866,-1.86047884108743,109.631516088411,0,0
6.16,2.41456617187649,0.65230393409729,-0.0103350367659465,6.58164337681636,0.54338714570889,2.00350362463456,1.34766829651492,5.77814030992932,3.19787330713431,-0.982939127253956,128.757733245772,0,0
6.17,-0.361172893606689,-0.0860911309719086,0.0674673882129716,2.59908112543072,-3.37407529159591,0.0542245661916592,-0.36339703351821,-3.27684781812894,2.7206387387435,-0.0365495372363609,128.542147471678,0,0
6.18,0.167259916888222,-0.836922764778137,-0.0118470458573325,3.73626006840811,0.594848752850919,-0.140526774362199,0.0914792762343261,-2.62046896653221,2.72885080812252,0.92302464092653,132.339326554424,0,0
6.19,-2.64164512573164,-1.52076745033264,0.0497985344031062,-6.46117488991706,-2.50501609270698,2.53689880176967,0.738182452995208,6.89121659244786,-0.730082501356493,1.83510680133044,115.493074572923,0,0
6.2,-0.727335187522259,-2.160071849823,0.0570178566593192,-1.29181413893892,-2.86380252908508,0.279487653263296,0.673909610155129,3.13811865799191,-0.149532550033899,2.67022366701328,111.67351289411,0,0
6.21,-1.34643417724871,-2.76496243476868,0.0896162153068126,0.518401837300736,-4.49218659066657,-0.511969417989659,1.24852047430255,4.42472172716665,0.932908606145668,-2.81890345702058,104.358597612086,0,0
6.22,-2.03657255908702,-3.30469250679016,0.127729597090573,0.138562512998896,-6.39994459856386,-1.82469454015703,0.913472754667757,3.33734830171387,5.46265473444394,-2.09757313995261,91.6419922550994,0,0
6.23,-5.31440985586144,-3.65334439277649,-0.0139471547931769,-2.95322824418651,0.678676665874356,-5.31442702873854,0.00346344009623083,-2.95188367869221,-0.684501151594208,-1.56882363469115,52.3705861282156,0,0
6.24,-5.56900095608992,-3.77009510993958,0.056509845782259,-7.56279016659654,-2.83201709841058,-5.39683777774705,-1.37517526602361,-8.01858667057128,0.958323408978269,-1.33144139590301,12.545698156911,0,0
6.25,-3.46675837299886,-3.7274067401886,0.00890076945509377,-1.74152457046555,-0.439270254355581,-3.36395613286542,-0.838028625174421,-1.79604251766547,0.00987221528847831,-1.32921356183941,-11.7834680207447,0,0
6.26,-2.24762341157359,-3.58345627784729,-0.0764849877809661,-2.95163470018184,3.83855391315675,-2.2448405662488,-0.1354687629431,-2.57712327789744,-4.09939985339899,-1.47650655788757,-28.2827289847114,0,0
6.27,-5.94156836473298,-3.21934962272644,-0.00121753638232969,-12.4011082163367,0.0956913450621252,-5.70785770415707,1.65002925558468,-11.9405733319753,3.34952986709091,-1.85200027455694,-74.4713797019358,0,0
6.28,-4.19690309223137,-2.63218498229981,0.000934999808931525,-13.3276748244329,-0.0171338083729415,-2.41402289525126,3.43314577334092,-7.64951778802896,10.9138484231659,-2.52897724945502,-108.699892637893,0,0
6.29,-0.47452965594639,-1.9808943271637,0.0118699633366556,-3.3324750357721,-0.583579412817013,0.0860499883724797,0.466813335181536,1.25696226481391,3.14101904800687,2.93429510603226,-114.169984738216,0,0
6.3,1.61894767724362,-1.37081968784332,-0.0351709930871379,0.347105203918553,1.74649129224614,-1.35305838435923,-0.889641269794994,-1.2216836506651,1.29545471328662,2.13070749199125,-104.082865751665,0,0
6.31,-2.32448470854429,-0.694290995597839,-0.0213411350594863,-8.20616513851195,1.08867618726152,2.23025755366798,-0.655466130786911,8.19146659554368,-1.19425170518248,1.29412868426853,-123.203765191913,0,0
6.32,-1.43812145239575,0.0656673610210419,0.0158928087735968,-3.77749229100659,-0.771615428567615,0.499585474663956,-1.34865126949719,0.546465751473641,-3.81657091650138,0.343710437498295,-135.409486000368,0,0
6.33,0.0183269272997104,0.855250597000122,-0.000206996411935682,-6.42155232524683,0.00666665451942404,0.0111286040468931,0.0145627361347687,-3.9512162515176,-5.06204196386287,-0.66381116190194,-138.487492102213,0,0
6.34,-0.377319119187636,1.66942524909973,0.115538523919901,-4.78143958003218,-5.77110815661669,-0.389149644557852,-0.0654325786945627,-3.98941380636489,6.34448038017702,-1.70135546545333,-143.739620865007,0,0
6.35,1.48993918314578,2.45359754562378,0.070440555104603,0.313873378069375,-3.545700115072,0.536348127731332,-1.39183739249801,3.3712121799997,1.14255601215169,-2.72653449098102,-135.071133691411,0,0
6.36,3.51336796888064,3.12734055519104,0.0835638843648742,1.67959935098759,-4.20534638622751,-1.7490990283193,-3.04817814385234,2.89517758018536,-3.4819447134018,2.64442731371251,-113.106984339284,0,0
6.37,3.37017357340965,3.6674599647522,-0.0393235744963598,4.29514178106842,1.94922786707964,-3.17897053443257,-1.11971541010625,-4.69363659795586,0.466377190275061,1.89778506941608,-89.4387587442614,0,0
6.38,6.17398628884922,3.97360491752625,0.0844498426145237,8.612765689229,-4.24752237838612,-6.07986779077982,1.07724004634707,-9.18420282646903,-2.80563675744551,1.40911225864394,-44.2440372185432,0,0
6.39,1.93512398524222,4.16152620315552,-0.0590432834893697,-2.29819819200335,2.95316078162128,-1.77645437725347,0.76967577142712,3.33606916546972,1.69514484780376,1.13144399682232,-31.5629051023934,0,0
6.4,1.88448054799958,4.2838921546936,-0.000187695405747257,3.00228143454634,0.00890643235327009,-1.52871320249801,1.10195413494693,-2.43010301893388,1.76305770016959,0.946122181936872,-18.8765724602949,0,0
6.41,3.50207984698757,4.2839937210083,-0.0336795650315267,7.82802343738384,1.68977828861221,-2.75564954116816,2.16150252695595,-5.05690567208931,6.20975093095423,0.896030014307557,5.23996531829029,0,0
6.42,5.13481044779365,4.09466123580933,-0.0232537679473377,8.17607565489984,1.18210428907269,-4.50323343448401,2.46732805014654,-6.57979131263536,4.9951906817516,1.06503710694353,40.6966038372262,0,0
6.43,5.77515901493915,3.67249774932861,0.0996719071888621,12.6019591684937,-4.95024336625473,-5.76192721329069,0.403225651038946,-12.8448359440512,-4.28070950193306,1.51818621028381,82.891895327985,0,0
6.44,0.374552867023123,3.16697287559509,-0.121156829519502,4.65620336333868,6.06525559053552,-0.247794511344883,-0.305886756303391,-7.21127115990232,2.54266069259149,2.14788406994451,88.0518162684114,0,0
6.45,1.34952999597467,2.61402750015259,-0.0479058312613269,2.06052200557795,2.40820373272896,-0.358968869864468,-1.30179396571518,-2.91525423235534,-1.24357907450027,2.83704662982157,99.1756895842508,0,0
6.46,4.50779952680987,1.90402519702911,0.0299960715897913,7.0983453823624,-1.45083174240817,2.30657344542162,-3.87309634260418,4.91409604458615,-5.3238219332231,-2.59780682931701,132.00659763172,0,0
6.47,2.50314784222928,1.04759740829468,0.0293815171469838,6.66052211683151,-1.44945351909135,2.50310976341806,0.032463916710458,6.62268292615328,1.61354926557751,-1.54609033165963,153.702219543026,0,0
6.48,-2.49592540437836,0.225550681352615,-0.0813750024781382,3.96162431559119,4.05959299416874,-1.19427516110721,-2.1931649173767,5.4068435969757,1.71487749242624,-0.466053229043334,139.795192659311,0,0
6.49,-3.27993729865115,-0.473112851381302,-0.113542712043292,0.0286205728099187,5.65349998901484,1.41530663609679,-2.96104504463569,5.00015221481115,2.63843876027052,0.480476704278052,117.625631988546,0,0
6.5,1.30720973325786,-1.18756580352783,-0.0428826760600266,4.54925156203956,2.16439872818919,-1.29260027878903,0.199551321480682,-4.07063254467719,2.96820860377454,1.38483279084453,128.561799747853,0,0
