t,iq,iq_ref,id,vq,vd,ia,ib,va,vb,theta_e,omega,r,"T_ass:0.04,S_pct:0.02,kp:0.3800,ki:0.7241"
0,0,0,0,0,0,0,0,0,0,0,0,0,0
0.01,-0.0164866794623696,-1.2380256652832,-0.0203863543432505,0.822966337616568,1.01984722960337,-0.0170907995484427,-0.0198826209011397,0.855306699568109,0.992880866093006,0.180733706151353,30.6453316897421,0,0
0.02,0.0284192588186587,0.842332243919373,-0.021068936257889,-2.254387776207,1.05386027186149,-0.0238356226107682,0.0261422539502227,1.27649773508358,-2.13622078691459,0.101328521460665,-21.6214343442159,0,0
0.03,0.051822717286084,-2.40923762321472,0.0321287370590657,-1.10309760960614,-1.60656962380235,0.00847540288757538,0.0603822599595051,-1.02456919122625,-1.6577539819989,0.415525521053767,59.9583316202311,0,0
0.04,-0.0480641748588975,2.39222598075867,-0.0104665215641648,-0.0855168135748477,0.523475707311195,-0.00283718390585156,-0.0491086893126275,0.530407627009744,-0.00277322174440822,0.156704630349197,-61.2010928207868,0,0
0.05,0.0319175808532323,-0.889796495437622,-0.0119452932302958,0.264229921492542,0.597549885175678,-0.0177550408530104,0.0290891822193114,0.53693538977727,0.372268322437125,0.189889758089604,22.2926793437346,0,0
0.06,0.0288373334361995,0.314299553632736,-0.0278260119464831,-2.02688623486884,1.3918370992675,-0.0323691231621488,0.0236245339905366,1.71955393576197,-1.75744490155557,0.172765690078915,-8.46020135963828,0,0
0.07,-0.0433596882098037,0.856391489505768,0.0221977323863407,1.93750531936595,-1.11036999365699,0.0236202336173957,-0.0426014841127235,-1.17386885838331,1.89970531628014,0.0330933459123444,-21.592448986047,0,0
0.08,0.0394922552670673,2.97440147399902,-0.0245170039594214,-2.70457460950741,1.2266835766054,0.0117601323557707,-0.0449713352725961,-0.373222409919677,2.94621476614305,2.84179062585126,-73.8857095167899,0,0
0.09,0.071610867336877,0.23767101764679,-0.0249573175016388,-2.04715231197639,1.2482618626536,-0.00763589708355981,-0.0754498316323282,-0.266434536809639,2.38285603924802,2.70538164043793,-4.08179353329298,0,0
0.1,0.00406389914641032,-2.45537185668945,-0.00951094320607247,0.828002209825035,0.475326071129613,0.00917722320979974,-0.00476989424398943,-0.536442088118041,-0.789779981682374,3.06607325642088,62.498365059711,0,0
0.11,-0.0308039382156634,1.29598987102509,-0.0127607842942615,-0.210411063428236,0.638289434692141,0.0176149235829756,0.0283096219078427,-0.595414606796246,0.311717282270786,2.9777293100692,-32.1824797654466,0,0
0.12,-0.0203543251139303,1.16882824897766,-0.0290178037671149,1.35900309166467,1.45153782320697,0.0344701730625604,0.00825461418526029,-1.8496382570441,-0.729855994997265,2.76494405899396,-27.9481375786856,0,0
0.13,0.057649733087506,-1.76815724372864,0.0341401338421408,-1.79055212034226,-1.70810660441682,-0.0425559639498224,-0.0517496898166684,1.96187380856312,1.50822950076855,2.98803996785072,45.5793983377672,0,0
0.14,-0.0221278892669401,-2.3964512348175,-0.0328895890978705,1.18369870489666,1.64494770765802,-0.0296155401695219,-0.026349351697986,1.47084649653426,1.39413276574949,0.134870896207211,59.9458048039183,0,0
0.15,-0.019873168179271,0.582597851753235,-0.039265904554151,-0.526535954604122,1.96377713126467,-0.0361299984201625,-0.0251272220529119,2.01782638080815,-0.249073141233009,0.139147447237015,-15.3738692372253,0,0
0.16,-0.0543090034024358,0.80387020111084,0.0196856400575251,2.65882301686062,-0.985013101121762,-0.0265597358135691,0.051298856795777,1.32137101242727,-2.50869872481458,-3.01159452134115,-20.2057654534443,0,0
0.17,0.0480562200077084,-2.50401401519775,0.0224415227642694,-0.95368348328429,-1.12252743827206,0.00574611566052485,0.0527257468436851,-0.755030123297111,-1.26471718137963,0.328335537703378,62.5298886742698,0,0
0.18,-0.0260663085786387,0.956743180751801,-0.0275359599669634,-0.309638519163336,1.37677355908025,-0.019263562475684,-0.0326587920009979,1.40873507261719,0.0827462428779454,0.279891303405954,-25.0695842289952,0,0
0.19,-0.0400519485478749,2.38373327255249,-0.0307341882170798,1.33915956463627,1.53710016257913,0.0298372619017135,0.0407245222200711,-1.50698530568655,-1.37296050118071,-3.11938595286291,-59.8809283683887,0,0
0.2,-0.000243391010162424,2.69733500480652,-0.053454790126654,0.578808255593746,2.67404751438415,0.048079614262117,-0.0233628876441782,-2.65512441983228,0.660199531306879,2.68471847941246,-66.2802866660923,0,0
0.21,0.064897288898554,-1.2897983789444,0.0281562499097793,-0.884922219909052,-1.40908978857279,-0.0491488588232709,-0.0508804696493115,1.63007819589075,0.333865905462687,2.78285380202862,34.2451185846144,0,0
0.22,-0.0536231431385632,2.38408660888672,-0.00644884758899615,1.13546296017265,0.322899231345457,0.0373851707688218,0.0389792011445973,-0.940552846728426,-0.713372546457029,2.49675305299461,-58.3838238196923,0,0
0.23,0.0208000375721146,-1.62321257591248,0.0457169591766505,0.649249673795306,-2.28777721230609,-0.0501504177419422,0.00275998544735124,1.72623171435036,-1.63571812377358,2.6596311902803,42.8043423006696,0,0
0.24,-0.00471282504870117,-1.78358030319214,0.0479776271133602,0.256582164723992,-2.40069996401669,-0.0467381913943713,0.0118154512631306,2.33558473337722,-0.611750502819123,2.99189521937926,45.6305050476682,0,0
0.25,0.0418172071969036,-2.1689784526825,-0.0135411834764983,-1.93975154776507,0.676982133595084,-0.0178798272608745,0.0401541311052082,0.877963426923785,-1.85745016009802,0.105758894824647,54.3401090360427,0,0
0.26,-0.00310946481291264,0.0325604043900967,0.0384144220343926,-0.666344975686167,-1.92207993695035,0.0383503148310462,0.00381967852296566,-1.77168936275708,-0.999761827908361,0.180041414877849,-1.31332209560375,0,0
0.27,-0.0372378113448895,-1.27158439159393,-0.0188361591650186,2.38281106362953,0.941790339804609,-0.00444890061136308,-0.0414929243268983,0.0381947653025138,2.5618935904928,0.361491445906589,31.1894595531783,0,0
0.28,0.0233965790863829,0.0802981704473495,0.0280063669022344,-2.20477515433021,-1.40146181660688,0.0170576889580551,0.0322613041803673,-0.461935414659866,-2.57133124611394,0.388467675335398,-3.11571266066057,0,0
0.29,-0.0527984198223948,-0.797017574310303,0.00727894566547881,2.83919071395015,-0.364506776281103,0.0314742163821878,-0.0430119737848667,-1.66881393413551,2.32571046206762,0.494722174767614,18.7819667148265,0,0
0.3,-0.0152532229628886,0.636511027812958,0.0041407312162316,0.138417269035476,-0.207769550320865,0.010005882582827,-0.0122347365929695,-0.246171413206982,0.0415591353068276,0.420438475873515,-17.2370886200856,0,0
0.31,-0.0173457735774356,0.959452152252197,-0.0123625271613804,0.540051861096726,0.617727691743583,-0.00772064879204393,-0.0198519399819121,0.466065020944076,0.675297645541053,0.24829515314765,-24.8917714001961,0,0
0.32,-0.00775992252902569,-0.204300612211227,0.047243339500554,0.673082328944822,-2.36367469508184,0.047742067899479,0.00358391929354229,-2.45570524945571,0.0975172472113159,0.237728450043942,4.50619311368606,0,0
0.33,-0.010056633908362,0.782753527164459,0.0161571341140237,0.190626375954916,-0.808762309483716,0.017294755441345,-0.00794231090863575,-0.826327396342723,0.0872807109537676,0.126241852617422,-19.9925273221927,0,0
0.34,-0.0226827966466127,0.902873337268829,0.0126488837010491,1.22791241427354,-0.633188289081054,-0.0147597014003279,0.0213694814435776,0.747691631006127,-1.1617458979828,-3.04583349833035,-22.6237925294042,0,0
0.35,-0.0262348973370433,-0.116886958479881,0.0139825305544951,2.01746476059141,-0.699893218627701,-0.0160749107227722,0.0250075637407464,0.862046972519781,-1.95368615567564,-3.05997212283913,3.14518898400766,0,0
0.36,-0.0534029677558711,1.77363717556,0.0269995694975608,1.75208141859396,-1.35066808533559,-0.0174909398447765,0.0572269232226811,1.03188474798102,-1.95686163052232,2.970114255421,-43.9871538528912,0,0
0.37,0.0292243810878388,-0.0959940999746323,0.0490511168561652,-0.460900451288923,-2.45407835448461,-0.0541967283234288,-0.0179663895605337,2.49573979947499,-0.0788203607246145,2.92437378187535,3.36615720766224,0,0
0.38,-0.00405025188668087,2.81582951545715,0.00284114492304689,-0.956009616898081,-0.141806568678011,1.34124719595083e-05,0.00494736949549081,0.666999910618268,0.699410187055544,2.52716733108166,-69.2809148776621,0,0
0.39,0.035622786917837,-0.607502162456512,-0.0348867522163716,-0.256280012328323,1.74435184908699,0.00787797871035387,-0.0492341942093027,-1.27530257257917,1.21739318484421,2.52529822260369,17.4952618652269,0,0
0.4,0.0165275053093996,0.927884519100189,-0.0331879814912512,-1.33214997138059,1.6598043845716,0.0141783510320458,-0.0342574796099764,-0.377116444365604,2.09460194993737,2.42525099269518,-21.2257779345449,0,0
0.41,0.0311573384207487,0.365102410316467,0.0435903381476037,-1.15274204346711,-2.18088516743097,-0.0528434683690942,0.00885805667243327,2.35631239006494,-0.729976885061147,2.35493432992183,-6.64317194506822,0,0
0.42,-0.00053806486846969,-0.959076941013336,-0.0488559812134288,0.0229472097419014,2.44301633403361,0.0395144210064262,-0.0287368569376767,-1.97353347897063,1.44014616972446,2.5017984869642,26.1903869266731,0,0
0.43,0.0293059133963128,-2.47266149520874,-0.00496421097974109,-0.898473296101468,0.247527262856349,-0.00175593011052939,-0.0296714788996184,-0.0390545549014212,0.931127677284938,2.91468257608678,63.2710365883498,0,0
0.44,-0.0717835857674105,0.299083143472672,-0.0167252441237666,1.99331144576284,0.83615465772841,0.0286651755518218,0.0679037899325951,-1.16231447471434,-1.82249010787976,2.97105498235828,-7.09345084782537,0,0
0.45,0.0535942279101523,-2.62999057769775,-0.0141781797128786,-1.47929580446643,0.708827943836988,-0.0179916198236853,0.0524372354474948,0.813265389841713,-1.42455345170399,0.0718993597677626,66.2523217276124,0,0
0.46,-0.0241885862553917,-2.06529378890991,0.011759575132181,0.344710560221468,-0.588496419776645,0.0214074877802918,-0.016281731457698,-0.680718692882436,0.0421362976370079,0.468053275079479,50.6564518477937,0,0
0.47,-0.0491970988187021,-1.68806684017181,-0.0223560369200055,1.95648314052412,1.11804328872332,0.0187685786857104,-0.0506743265674453,-0.58380561111341,2.17646917806039,0.781232708253962,40.3891572702638,0,0
0.48,0.00722818374416047,-1.62958824634552,0.0264000736066581,-0.790804216490775,-1.32060812684393,0.00646413469148818,0.026597471484459,0.052159257616934,-1.53839414499363,1.0651382504654,38.1290377552846,0,0
0.49,-0.0558626745170677,-0.379912614822388,0.0116068150742888,2.19757408490524,-0.581131554261683,0.0558095941308657,-0.0118594166516158,-2.24560994699061,0.352536108764136,1.15655370015867,6.38227062600003,0,0
0.5,0.0406172870808937,-0.719215333461761,0.0147037620708127,-1.64152361624284,-0.735839260118974,-0.0340490507577675,0.026582452319938,1.33213144611988,-1.20891894255735,1.25526003546943,14.8467038103425,0,0
0.51,7.22731182890996,4.59999990463257,0.0879663024568358,10.5857124184665,-4.18305376565174,4.1546176532143,-5.91446755830733,9.58314436018367,-6.14154625356593,-2.51705352395769,717.726549644232,2340.9881406327,0
0.52,7.01318424683275,4.59999990463257,0.252613048996957,14.9440102382804,-12.19935131313,5.50856436867047,4.3479058440542,3.49138072175246,18.9725558404441,-0.866610191276716,1443.75244263459,2340.9881406327,0
0.53,7.06127507945522,4.59999990463257,0.326447675646016,19.342169829258,-15.7138159935631,1.29476063030888,6.94922792422814,-12.9035160831386,21.3200098376056,-0.138007263821256,2181.55772436592,2340.9881406327,0
0.54,-0.055703909494232,-2.63111281394958,-0.0238689405613296,20.4380516441774,1.15817240028633,-0.0522666358192004,0.0306732886499793,20.130951919626,-3.71484765886212,-1.69667068423751,2404.17933321811,2340.9881406327,0
0.55,-0.0619994868744943,1.4433708190918,0.012898894216872,16.0796095393577,-0.634574137011271,0.011410109735117,0.0622906673631872,-5.47023615224279,-15.1338377060236,2.75530351263724,2301.25006817855,2340.9881406327,0
0.56,-0.0535301665268749,1.10390770435333,0.014744850900335,16.8857637403762,-0.777304712827373,0.0493837455325927,-0.0253798154768744,-12.9556621511356,10.8574415926599,0.827282544057578,2310.50484396607,2340.9881406327,0
0.57,-0.0954720127399073,-2.44086527824402,-0.0221884626849309,20.2468022949515,1.06154372273177,-0.0700993409969097,-0.0685077768193405,11.7952438998624,16.4903638404034,-0.568525986381343,2399.15397196757,2340.9881406327,0
0.58,-0.105717309949584,0.886085391044617,-0.000272403137260038,18.1092437845647,0.0233837646155322,-0.0767985262322065,0.072651291764199,13.1714459419394,-12.4281241162057,-2.32587488946735,2315.06889116942,2340.9881406327,0
0.59,-0.0409802500171743,1.23275601863861,0.0107328232097618,15.8087043174676,-0.572354952608563,0.0320231675616563,0.0277324922219443,-13.9296045230352,-7.49725551256814,2.02836473405909,2306.94118956633,2340.9881406327,0
0.6,-0.0738122584470963,2.15672969818115,0.0565785939607528,17.4016482301821,-2.80689264709562,0.053373898939846,-0.0761617601135621,-2.06098146140095,17.5056665932801,-0.0427301665254268,2284.99338317704,2340.9881406327,0
0.61,-0.0538898742420568,-2.08316135406494,0.0179547920670568,18.4134737262802,-0.89292324289659,0.0552280549743128,0.0132798737851768,-18.4223719839273,0.685227751865217,1.48516308244893,2391.51004984249,2340.9881406327,0
0.62,-0.107647920739808,-1.16377580165863,0.00420592895192128,18.8734351500527,-0.247809050592803,0.00677070368838488,-0.107517078873622,-0.697618804417522,18.8621656151282,0.0238389447862892,2367.25366282308,2340.9881406327,0
0.63,-0.0734518586912634,1.58954966068268,0.00558018036732415,16.6825399623517,-0.27396217317318,-0.0716793886596174,0.0169817313462645,15.9783897936311,-4.80346275832097,-1.87924469655013,2298.59930139479,2340.9881406327,0
0.64,-0.0574309788744278,3.26300191879272,-0.0145339564339326,16.7068042887345,0.716083092633944,0.0558222412114521,0.0198350853345501,-14.2870601779561,-8.68964878514065,2.16007219976771,2257.8189773281,2340.9881406327,0
0.65,-0.0470011177316429,-1.42097020149231,-0.0156956328478265,18.3391998373491,0.738368938927006,0.0109962194429432,-0.0483170892798827,-8.89317413963596,16.0556187388187,0.546070996521581,2375.85796072171,2340.9881406327,0
0.66,-0.0911498819674694,2.98222041130066,-0.0118159699990759,17.0587501642986,0.608577257043162,-0.0915029229573543,0.00866794208351384,17.0695901633395,-0.0203740366906211,-1.53632966455197,2265.68515725023,2340.9881406327,0
0.67,-0.0315688164605345,1.59609842300415,0.0189379617105735,16.3763155651727,-0.976147612796755,-0.00422052590284535,0.0365708043058049,-5.86977869121839,-15.3193431245666,2.71614934717326,2301.80695635199,2340.9881406327,0
0.68,-0.108842514545676,2.00220346450806,0.05266206714066,19.9480104588438,-2.61586875531886,0.109508640270898,-0.0512625008575685,-14.6097085043512,13.8319307411902,0.682347487160782,2292.27037536511,2340.9881406327,0
0.69,-0.0158124080255228,-0.692495286464691,0.0252793454629537,16.1141948309933,-1.25389441498493,0.0013454601708845,-0.0297870322712677,12.5499380006832,10.1852139120467,-0.966693852159097,2360.35503543375,2340.9881406327,0
0.7,-0.0655655564689791,1.60736548900604,-0.00337987188728463,16.747621903347,0.125736078364814,0.00656769173699249,-0.0653232818703193,-2.40673044390528,16.5742661240023,0.151708540326672,2302.45802928817,2340.9881406327,0
0.71,-0.103256810617099,-0.350165277719498,0.0149816079568645,19.9583366217842,-0.729960770793483,-0.102544615113804,-0.0192618645761626,19.910727560295,1.55915729003285,-1.52920633670363,2352.11858672454,2340.9881406327,0
0.72,-0.0941412366808656,0.181053787469864,0.02281553025899,18.7162930783318,-1.14097545112639,-0.0156119248240291,0.0956001499375943,-0.28140617840197,-18.7489269596113,3.06569832677581,2338.47878839211,2340.9881406327,0
0.73,-0.0695592755888864,1.87710046768188,-0.0348526304204746,16.8922517262677,1.69679891423027,0.0465734001448678,-0.0623226850081322,-14.3419357869196,9.08494209242977,1.10625408672356,2296.15581283216,2340.9881406327,0
0.74,-0.0226477159371481,-0.587855637073517,0.0131065832901992,16.5015239801895,-0.627428296953451,-0.000520723259231234,-0.0261616209360195,8.01127808900639,14.4399924971308,-0.544523523772923,2358.84081874962,2340.9881406327,0
0.75,-0.0168853989328408,-2.36926817893982,-0.00125092228426216,15.7455955947947,0.0801160784431139,-0.0159232371705125,0.00575604219008635,15.1412094305615,-4.32133963033655,-1.84371963024016,2402.60484200666,2340.9881406327,0
0.76,-0.0978457320594877,-0.37862890958786,0.0292276564758141,17.9783633243137,-1.4918079532961,-0.00492664827896649,0.101998879023549,-2.86027784123266,-17.811958046815,2.89958177878778,2351.49501734715,2340.9881406327,0
0.77,-0.106048924932988,-0.442914187908173,0.0108697756420894,19.6270973120139,-0.598702432919807,0.105057602004336,-0.0180949374978313,-19.0630441748162,4.70974949306773,1.2980905453218,2353.18504029799,2340.9881406327,0
0.78,-0.0828515851452693,-0.798136651515961,0.00474444189340531,18.5089183367083,-0.215928362334324,-0.0158697446279632,-0.0814557922765898,4.36309224887243,17.9886105377938,-0.249617976318149,2361.98314933784,2340.9881406327,0
0.79,-0.0766908547798939,3.05111861228943,-0.0288468571397307,16.3162263205542,1.41402707297949,0.023661512272963,-0.0784459126447467,-8.78635354413112,13.8209516786725,0.652723884548266,2265.49884527464,2340.9881406327,0
0.8,-0.0828835609693761,2.16735887527466,0.0529415327678643,19.1406076026208,-2.62853078698544,-0.0759406995941245,-0.0624940054399626,18.687581916759,4.90370427330779,-1.45065121589651,2289.41556966224,2340.9881406327,0
0.81,-0.0417328601631454,0.811515092849731,0.0436660001830466,16.7935709692794,-2.18271530342103,-0.0357990597760659,0.0486495478759272,-0.751572631907528,-16.9181385079736,2.96794905254297,2324.17185445678,2340.9881406327,0
0.82,-0.0525621553407466,-0.663112938404083,0.00779209960322643,17.1564075328173,-0.430118444832814,0.0530655233155504,-0.0027472214213927,-16.9031550486549,2.96827739772167,1.37189858849077,2360.76859213546,2340.9881406327,0
0.83,-0.127037927030179,-2.40817308425903,-0.00781661296568438,20.8799470906692,0.33308330126808,0.00267476516459098,-0.1272500686589,-1.38804473468927,20.8364216411847,0.0824689449320393,2403.73715718898,2340.9881406327,0
0.84,-0.122488156703184,-0.104585826396942,0.0323637923148968,19.1845005851277,-1.60378231143972,-0.119519293335405,-0.0420226380198945,18.9956645173251,3.12760450640572,-1.49101595621877,2345.27394037457,2340.9881406327,0
0.85,-0.0779131050539383,-2.59654188156128,-0.0163675669584954,18.7606283126032,0.814385523426128,-0.0120977298142668,0.0786892249334549,5.83974342228916,-17.8471789150624,-2.78198275177921,2407.2136453197,2340.9881406327,0
0.86,-0.0955032370332487,-1.0876669883728,0.0243568596286026,18.1866539160062,-1.25984545539802,0.0723091532680622,0.0669739594801758,-15.3817955489896,-9.78478190462895,2.06819480976433,2368.10450127389,2340.9881406327,0
0.87,-0.0892145074700398,2.72829008102417,0.0599426923756699,17.7227290943973,-2.97761519185243,0.0615327341484793,-0.0881253501586153,-3.29491743863285,17.6664891208395,0.0179316617040034,2273.08821523761,2340.9881406327,0
0.88,-0.0465529896624942,-1.99944484233856,0.0307400720074566,18.3053477161212,-1.53090938361523,0.0478262869048787,0.0287189685474973,-18.3541040045247,-0.745858391410204,1.5279734812216,2392.27744294207,2340.9881406327,0
0.89,-0.0997225775317702,0.633611738681793,-0.0352607750307473,18.1693912765819,1.72051574342947,-0.0526957086659415,-0.0917119240532174,4.97454382922513,17.5596374528644,-0.181649245029206,2325.23693873015,2340.9881406327,0
0.9,-0.101566555622783,-2.20443153381348,-0.0263544925373829,20.1120819865775,1.26348808000105,-0.101577324899718,0.0263129543038401,20.1125970130351,-1.25526306182098,-1.570387372975,2396.30134279178,2340.9881406327,0
0.91,-0.117797293423682,2.17997336387634,-0.000892389394167324,18.5964303071491,0.0496978299167379,0.0422462741232032,0.109964771720234,-6.58397542275152,-17.3919796939726,2.78237357995589,2286.34808821829,2340.9881406327,0
0.92,-0.0694381075188297,0.805454194545746,-0.0265981693556731,17.9552204507299,1.28992392084905,0.037839937897136,-0.0640097843209186,-13.2593424834815,12.175536212489,0.899701377618853,2321.58898141981,2340.9881406327,0
0.93,-0.0368656419236275,2.54291701316833,0.0185330639956066,15.8524398011363,-0.901339247947321,-0.0272027138442659,-0.031025189363054,14.3526251419082,6.79075928187758,-1.18566598026837,2278.95080099791,2340.9881406327,0
0.94,-0.0568228217679314,1.9458339214325,0.0290628506552709,17.4988954939429,-1.47375684464936,-0.0235105780253026,0.0593357824823845,-0.202010451415315,-17.559683781965,3.04606723067975,2294.94402845389,2340.9881406327,0
0.95,-0.0646909868990735,3.20088291168213,0.0158225474921623,16.6973566028699,-0.791893684726106,0.0586070235781182,-0.031630579862401,-12.9199475646244,10.6067793443,0.836013253954007,2264.61033277325,2340.9881406327,0
0.96,-0.0625612741865975,-0.393719136714935,0.0322041545264898,18.9132790542249,-1.60298747901616,-0.0280498820657818,-0.0645308043705671,13.6277108262857,13.2123877885868,-0.885423438250432,2355.61294570015,2340.9881406327,0
0.97,-0.115315279971081,2.55649352073669,-0.040731569145261,18.9142727394961,1.98779933972526,-0.0288280488517386,-0.11885124365881,0.0595488836985423,19.0183467580521,0.101579703812836,2281.49032507822,2340.9881406327,0
0.98,-0.0829577634862622,1.42963707447052,0.0104696645574356,18.7062833520886,-0.502742285139063,-0.0825939092738877,0.0130326723830777,18.1070995670002,-4.72342375027186,-1.85283917518769,2310.99893584057,2340.9881406327,0
0.99,-0.0673011060508534,-2.26026201248169,0.0370463556145296,18.8310753379295,-1.85133207398687,-0.0314325717546867,0.0700989641355197,0.308955388687936,-18.9193386617702,3.05992365213125,2403.23786905615,2340.9881406327,0
1,-0.0708632369819788,-1.67383849620819,0.0126039575337368,17.0831546948958,-0.661674527841604,0.0679007333332806,0.0238735944901275,-16.752506942204,-3.4096185507971,1.73286948113987,2387.11863675108,2340.9881406327,0
1.01,-0.121421504716023,2.30561017990112,0.00525882589096,18.7360741416409,-0.280301070457494,-0.0196063178396966,-0.119943442330222,3.54538527391659,18.3997088615733,-0.205313458278138,2287.30392195372,2340.9881406327,0
1.02,-0.0632588681895539,-0.435856580734253,-0.00176451791650137,18.5071788134348,0.0989649103484645,-0.0596729501804065,0.0210698112205053,17.5859748252456,-5.76705740666405,-1.88233324850113,2357.01765476834,2340.9881406327,0
1.03,-0.0551569742101166,-0.943357944488525,0.000474442614054094,16.8798198911571,-0.0503870616841743,0.0126895748636626,0.0536795267265742,-3.97549451752689,-16.4050693919593,2.90085758877448,2368.85328396021,2340.9881406327,0
1.04,-0.109158629889024,-2.62049746513367,-0.0360001582019727,19.8257141214141,1.74612211313685,0.111931911287522,-0.0261316877629117,-19.9024406829555,-0.0271609915993936,1.66000796369852,2409.91117862325,2340.9881406327,0
1.05,-0.10002148190737,-2.44148802757263,0.00953203136222662,18.8221715201203,-0.508831145235338,0.051629659833112,-0.0861947486239965,-8.55576796624064,16.7729509739652,0.444662492607238,2404.20099523869,2340.9881406327,0
1.06,-0.0686458250136041,2.92916464805603,0.0094311841119458,15.5886421035557,-0.471092718690538,0.069290401202184,0.000191903080084507,-15.5122139722923,1.61211310402568,1.43703160614858,2269.57705801079,2340.9881406327,0
1.07,-0.0815328305563075,2.78013372421265,-0.0229689903577974,18.3341347986481,1.09762226963815,-0.0722460639334562,-0.044223107338846,13.2612511140208,12.7076548722684,-0.746916275379473,2274.89135703853,2340.9881406327,0
1.08,-0.0409737324555256,-0.150510281324387,0.0331122154919721,17.1765111569195,-1.63255672500441,-0.0511801428995837,0.0124843317362998,11.7182079079756,-12.664177052205,-2.48973349917427,2349.13830970155,2340.9881406327,0
1.09,-0.057320602805804,0.0665418058633804,0.00526789840375213,16.8992129088276,-0.27759588945345,0.0458115226067727,0.03485264202413,-14.182251792519,-9.19370385151265,2.12951819041109,2343.25902606663,2340.9881406327,0
1.1,-0.0734682712889072,2.46447610855103,0.0133985558420285,17.2559899350839,-0.720924153644674,0.0208839304037888,-0.0717005553376132,-2.49193130373371,17.0903247088082,0.103035222393539,2283.66963394749,2340.9881406327,0
1.11,-0.0326728074616503,2.37722659111023,0.0179112573460359,16.2064418790955,-0.886205877625788,-0.0371278874628675,-0.00313774754985848,15.1757529527157,-5.75592230282675,-1.98794556597825,2287.2723427178,2340.9881406327,0
1.12,-0.0659399671846225,3.1755838394165,-0.0485284228125191,16.9402895779553,2.37905126039662,0.0813835399260632,-0.00893344961829419,-15.8505075483084,-6.43387180052544,2.09591167529588,2268.09679588043,2340.9881406327,0
1.13,-0.0277808724031457,2.43621230125427,0.016811135424714,15.9664001096144,-0.820273351375002,0.0164765757732275,-0.0279805932127435,-0.628629627852299,15.9750932899391,-0.011999528110733,2288.32345210985,2340.9881406327,0
1.14,-0.0153821318319209,-0.544198274612427,0.00764034268871067,16.028522970138,-0.399867063173745,-0.0159319686525422,-0.00641538704599666,16.0107792740609,-0.853457268851184,-1.64899313715151,2363.03998112146,2340.9881406327,0
1.15,-0.106481230860629,-1.77350473403931,-0.0305014172195868,19.7709566230193,1.47189705665367,-0.0293121153101875,-0.106814740902368,1.25133343693297,19.7861408911468,0.0111515428511658,2392.98738069991,2340.9881406327,0
1.16,-0.128047434490018,2.01875424385071,0.0280695457071838,18.564748509124,-1.38811127542477,-0.130759980840621,0.00926673007286449,18.2001130397225,-3.91568965334453,-1.8573449301021,2297.48845890777,2340.9881406327,0
1.17,-0.0390651822453331,-0.502107739448547,0.0402233583432911,17.1751390747718,-2.01830495169785,-0.0244848972942897,0.0504430057070549,-3.96151665828162,-16.8334590290278,2.79348575191448,2361.41229889011,2340.9881406327,0
1.18,-0.064203682095478,0.334137618541718,-0.0444512925650795,16.7470492572734,2.17547540146267,0.0389239990397104,-0.0676975073697703,-14.1941529851069,9.14999306465808,1.12738325420478,2339.91609943626,2340.9881406327,0
1.19,-0.113548536040825,-0.254563003778458,0.0085967729721844,19.7820044571576,-0.412610201556348,-0.0449975300798266,-0.104605912018705,8.80086589709053,17.721250152934,-0.481801062843362,2354.73616385354,2340.9881406327,0
1.2,-0.0221889480226087,-2.05505847930908,0.000336429019735591,15.6419792737779,-7.72519841938726e-05,-0.0216534798846479,0.0048568928051278,15.2091132822766,-3.65436571433974,-1.80660600536235,2399.30303322103,2340.9881406327,0
1.21,-0.10332257714548,1.4465491771698,0.0253219818819683,17.7816832070022,-1.30514104004915,0.0221552531893113,0.104047597139636,-6.56153491287894,-16.5782360459633,2.69145235021605,2310.71566526404,2340.9881406327,0
1.22,-0.101052991603878,-1.62085998058319,0.0190505546598276,19.9002965254659,-1.00945184271114,0.101649808918882,-0.0155546485558303,-19.1080648524531,5.65001348836176,1.23261872482854,2387.91705861488,2340.9881406327,0
1.23,-0.107964967992856,1.22341501712799,0.0494436484739082,18.5122905913264,-2.4607196754883,-0.0124465177453842,-0.118094000203752,7.31218683212473,17.1840614521465,-0.534461142234232,2316.29826796462,2340.9881406327,0
1.24,-0.0268196629863704,0.482275724411011,-0.0300469313220213,15.7507848676407,1.47897948729128,-0.0050155544825848,-0.039961939615151,-9.23842779337614,12.8423539967213,0.717233492645535,2335.28782427106,2340.9881406327,0
1.25,-0.0724201085068435,-1.73082280158997,-0.0229155071894407,18.4786006671593,1.09300042179744,-0.0637278423755334,-0.0413346669522263,12.59092418654,13.5691547513909,-0.688940870071626,2390.36736175829,2340.9881406327,0
1.26,-0.104217226061752,-2.38265824317932,0.0266663527174692,19.1794633732836,-1.32309131168562,-0.107004918917649,0.0110576626231016,18.4517266710774,-5.39779295286844,-1.92426703217593,2405.44528104922,2340.9881406327,0
1.27,-0.0789662719667994,1.39111065864563,0.0348310658397904,16.7579613416303,-1.7412736088908,0.0123574918025166,0.085417607389935,-7.41256884831793,-15.1299413474587,2.5825000603085,2310.65303133194,2340.9881406327,0
1.28,-0.0732081924100596,2.75415468215942,-0.0350040396608671,17.5249040421373,1.70093002788235,0.00206371763155894,-0.081120054845057,-6.44397794266136,16.3856819485905,0.471445030065552,2277.37980764826,2340.9881406327,0
1.29,-0.0496773256416245,-1.64163184165955,0.0353413016466534,18.6115126971876,-1.74365899623733,-0.0251749588108698,-0.0555253611771662,15.2117864173546,10.8641753283679,-1.04402163988987,2388.14335390786,2340.9881406327,0
1.3,-0.0527219808595553,0.883014738559723,0.0161961652951727,15.998767422981,-0.812548629033717,-0.0343892600534136,0.0431196223198043,6.61869529013755,-14.5881344587132,-2.76640733327069,2324.11012595054,2340.9881406327,0
1.31,-0.0844763387968181,-2.48211765289307,0.0136381616465559,19.5824619657035,-0.720411246042792,0.0604475753683751,0.060566838300319,-15.443220468229,-12.0622862912186,2.19711753594698,2408.14963556043,2340.9881406327,0
1.32,-0.0982573203395307,-2.25551676750183,-0.000471424254711472,18.7543925183393,-0.0329652743127272,0.0802535852091221,-0.0566929034555055,-15.3884708583327,10.7202280798263,0.96057105932512,2400.86366738108,2340.9881406327,0
1.33,-0.102284639541586,-0.296834468841553,0.00127075475234973,18.492578950458,-0.0447996846685603,0.0659841755002663,0.0781655351631576,-12.0694585430706,-14.0109119520382,2.42807604340608,2351.34574506746,2340.9881406327,0
1.34,-0.0877907421333234,-0.642801105976105,-0.01605473124573,18.5723508936271,0.798553444181766,0.0564222141978483,-0.0691484095601948,-13.6208012376609,12.6508370854802,0.865272411309323,2359.74551673688,2340.9881406327,0
1.35,-0.0833124190131202,-2.04381346702576,-0.00153432846535647,18.6005960031032,0.0392336667491836,-0.0399470742138888,-0.0731269074103875,8.64988189139899,16.4670353803018,-0.481560901146044,2394.19235564512,2340.9881406327,0
1.36,-0.108226841741449,-0.284307062625885,0.0032627071676773,18.6243542348679,-0.219227420850421,-0.0977690202141894,0.0465286279375184,16.6683933308713,-8.31139549626057,-2.04511945866162,2349.2766215258,2340.9881406327,0
1.37,-0.0625203936341195,0.814367592334747,0.00433286922577593,17.0754509599808,-0.202669568268422,0.0365866450658073,0.0508821263187926,-10.7472297289915,-13.2706124045913,2.44900479729129,2322.23575569897,2340.9881406327,0
1.38,-0.0748016080780729,2.57672357559204,0.012256445513667,17.5100217100643,-0.655591122490173,0.0378794729139981,-0.0656555143110828,-6.79616781853827,16.1506273249393,0.360883559850995,2278.50574119425,2340.9881406327,0
1.39,-0.0384390258024461,-0.264512538909912,0.0113671727073809,17.3826494128457,-0.546605615356907,-0.0352865860068072,-0.0190165235514997,16.9001708593076,4.10359637816067,-1.36402751806146,2350.6816330672,2340.9881406327,0
1.4,-0.100496844704817,0.430222451686859,0.0261959972447421,18.725006117014,-1.3108752669663,-0.0315600342259588,0.0989434702591688,2.31548700704688,-18.6274734724802,-3.0878147184986,2332.94276269181,2340.9881406327,0
1.41,-0.050963769344391,-0.809566378593445,-0.0458140959571379,17.0616591721842,2.25531177710277,0.0536329517086136,-0.042658453619179,-17.1665881925193,1.22265888463351,1.63111725083855,2363.79774259839,2340.9881406327,0
1.42,-0.138390901922662,0.201048865914345,0.0367588971680042,20.6164687445276,-1.87974487271357,-0.0124054226218625,0.142651196088742,-1.69465166276668,-20.6325078461746,2.96871612328704,2338.30778829128,2340.9881406327,0
1.43,-0.0747154955469089,-2.37571167945862,0.0268268553697476,18.8473010859614,-1.32279539741392,0.072788074792827,0.0316856688710109,-18.7193922318305,-2.56025396380589,1.63665313634347,2402.69446591868,2340.9881406327,0
1.44,-0.0774781672513329,-0.518526792526245,0.0197328204648877,17.1974131137582,-1.00031492311309,0.0286650798372365,-0.0746362097245691,-3.00618755056872,16.962148571495,0.117306650991189,2355.12664613294,2340.9881406327,0
1.45,-0.0709507167240704,-1.4978893995285,-0.0033583338187745,17.8556826446744,0.121359109816458,-0.0696340267715906,-0.0140137405881159,17.348128104184,4.22878020493878,-1.32490258418121,2379.18271763506,2340.9881406327,0
1.46,-0.0962529806603667,0.600341737270355,0.0457992904963231,18.0350324578457,-2.27326139685799,-0.0547494909774454,0.0914587586493615,3.97888836068118,-17.7369264684507,-3.04630370487861,2326.2388169373,2340.9881406327,0
1.47,-0.0446766948673089,0.553927659988403,0.000102555848770072,16.4882309605324,-0.00565668332008748,0.0443570514606791,-0.00533568811714218,-16.3663464073532,2.00112405423644,1.4487865003274,2327.99465393398,2340.9881406327,0
1.48,-0.0412746510867771,-2.37740898132324,0.015766689979115,17.05388680649,-0.822669646374723,0.0195505244388518,-0.0396227501493595,-2.41092684660983,16.9026409858322,0.093478373184774,2400.84751085506,2340.9881406327,0
1.49,-0.137826624641678,2.03893113136292,0.0132866424955001,19.3510549403646,-0.666842412865523,-0.137069939773303,0.0196098174255735,18.9619911040593,-3.9180223937823,-1.80900056778127,2289.76270017567,2340.9881406327,0
1.5,-0.0265880320205144,-0.410524040460587,-0.0027086589776222,16.2689365402327,0.145057458084853,0.01209238956276,0.0238334721524877,-5.98811731597843,-15.1275176029098,2.77359127716829,2352.01407673147,2340.9881406327,0
1.51,-0.100073467380302,2.9471001625061,-0.00886959346600127,17.1769535058091,0.392359073380066,-0.0432029339432387,0.09070212268996,8.38884027155462,-14.9943001264325,-2.60867074268995,2267.98121837226,2340.9881406327,0
1.52,-0.0852436771316273,1.64388597011566,0.0383509045350691,18.9774015520963,-1.90098810001159,0.0819774848263122,0.044910670793597,-18.7701697215663,-3.38175310297594,1.64921229363493,2302.13373312724,2340.9881406327,0
1.53,-0.0441555893181739,-0.700609564781189,0.0387231720624432,17.4508717429752,-1.95105007521912,0.0397386564062529,-0.0432439511335238,-2.35598763076711,17.4008288098428,0.0232367045880716,2361.25483081557,2340.9881406327,0
1.54,-0.0743694188280114,-0.813946306705475,-0.0382176650867148,17.6975056214544,1.86084150955805,-0.0767380819391329,0.033206432536474,17.7819085767498,-0.6842248995891,-1.50449390495461,2363.17123805489,2340.9881406327,0
1.55,-0.0984611910845357,-0.770645499229431,0.0676759692194119,19.1699138267407,-3.36792434914883,-0.0775315672118248,0.0909037900488781,5.33975363198004,-18.7167182405466,-3.03759545588601,2361.89266898901,2340.9881406327,0
1.56,-0.0936909312619249,-0.62825071811676,-0.0167111339649108,18.8539168401126,0.838869993726314,0.0949955446044804,-0.00575318211237165,-18.8242743603492,-1.34928791833172,1.68681584955998,2357.98722445192,2340.9881406327,0
1.57,-0.0804529257662354,-2.54500389099121,-0.0242221857328733,18.5070726448442,1.18519287057843,0.00926104125735046,-0.0835082071466921,-6.16591548684175,17.48993728494,0.402889158221742,2405.14180817049,2340.9881406327,0
1.58,-0.116206718221232,3.04135918617249,-0.0148172891549188,17.7154597537254,0.703187000573989,-0.11491959497623,0.0227385159618791,17.6257486912676,-1.91441095795039,-1.63931407784366,2265.0380906181,2340.9881406327,0
1.59,0.0151194616137925,-1.58053600788116,0.0040739723106035,15.7068396704978,-0.181171149138646,-0.00510489963006143,-0.014803221596852,-0.90027193444651,-15.6820644643507,3.07271382378371,2382.1221306719,2340.9881406327,0
1.6,-0.0626991776886826,-2.41982531547546,0.00794150185601024,17.036075360275,-0.409311711525154,-0.0616089231623313,-0.0140923710334338,16.9124511933342,2.08911330263632,-1.47191529389826,2401.48768787926,2340.9881406327,0
1.61,-0.084100661466998,-2.63594698905945,-0.0160618116737903,17.8528866356492,0.761424791394737,-0.0221451621091573,0.0827072841325965,7.08513985405949,-16.4044543398038,-2.69126519067417,2405.57188312537,2340.9881406327,0
1.62,-0.107445581863794,0.470870554447174,-0.00554911995495588,18.2636170253686,0.247765844142704,0.102986868808944,0.0311295783340072,-17.2704282862092,-5.94587265031482,1.91593207079115,2327.31680948197,2340.9881406327,0
1.63,-0.0670290175677732,-0.867695152759552,0.0298851746054728,18.1172425587979,-1.48212802224447,0.0497115402911283,-0.0539886619503018,-7.1857854223467,16.6971754878671,0.32477546020998,2361.18400274192,2340.9881406327,0
1.64,-0.101793644715048,1.79660212993622,0.0250485734028727,17.9229318935527,-1.29508156057867,-0.102790503667255,-0.0205788602630145,17.9623922459843,0.511066249016862,-1.61448497235511,2294.04809146361,2340.9881406327,0
1.65,-0.0559474453079535,1.72929000854492,0.00680314766943797,16.6176669939322,-0.318640134292556,0.0204060238816745,0.0525356416543965,-7.56163298194783,-14.8010166712535,2.65010174531006,2297.19360970675,2340.9881406327,0
1.66,-0.0138234725329694,1.57738435268402,-0.021556196412676,14.6688595964673,1.06955156054943,-0.0084612881751475,-0.0241694972862229,-8.19563691659233,12.2127358905747,0.663831188191528,2301.63095377466,2340.9881406327,0
1.67,-0.0699785140799845,3.27062845230103,0.00604316569792691,17.4414500171603,-0.351889477898952,-0.0699165537306333,-0.00672218706424199,17.4372123051884,0.521183201516318,-1.56108882181136,2260.37346825962,2340.9881406327,0
1.68,-0.0756074046623488,3.28143310546875,-0.0116300416628306,18.1657723740987,0.574441146738124,0.0573658537702962,0.0506052994266443,-12.0784508906984,-13.5807324051253,2.44628688578697,2261.76653886112,2340.9881406327,0
1.69,-0.0142500464245722,-1.28886353969574,-0.00908609754510013,16.6855193812175,0.412849306164884,-0.00241778817373133,0.0167264847487003,10.5782892984566,-12.9103368309563,-2.4304163761186,2376.83444403519,2340.9881406327,0
1.7,-0.107880370091338,0.764607489109039,0.0264136693117025,18.6432482216129,-1.30479220165894,0.0782640503790427,0.0788073257750738,-15.2255119124975,-10.8377568686782,2.1195348349483,2324.84913701878,2340.9881406327,0
1.71,-0.0454768984574746,1.81904447078705,0.0211198216965831,16.1975815206049,-1.06512021670956,0.0279874069262022,-0.0416040889258987,-3.59098456394975,15.8303808562574,0.157402907081253,2299.20272836819,2340.9881406327,0
1.72,-0.0754922683729467,-1.66760289669037,-0.00635283580062293,18.9185339670798,0.270006637738562,-0.0748137562828573,-0.0119307576310941,18.431557453972,4.27335007563189,-1.32870083322467,2386.4527711369,2340.9881406327,0
1.73,-0.132158999184843,-1.40623867511749,0.0407964853936918,20.722874757114,-2.08330285934528,-0.0905657272415256,0.104538047309249,10.2525303349305,-18.1290736314385,-2.72709956644861,2379.00443491388,2340.9881406327,0
1.74,-0.0936924057319273,-0.245280891656876,-0.00220844124960404,18.1501235248816,0.121665445760486,0.0871550970219161,0.0344547989065301,-16.764480863609,-6.95657730660973,1.97083495501586,2349.39523765264,2340.9881406327,0
1.75,-0.0747329619148011,-1.54451978206635,0.0022637248570973,18.292978973883,-0.133715075397764,0.0400281834787659,-0.0631496997156597,-9.43629124459013,15.6718654603588,0.534664903693984,2381.58782531724,2340.9881406327,0
1.76,-0.0713455311234812,-0.105179965496063,-0.00828986902460199,16.8432872914125,0.361990522908963,-0.0666628892363077,-0.0267388469909315,14.9770978027546,7.71452560605369,-1.07366281391526,2344.84450587607,2340.9881406327,0
1.77,-0.0774310684478246,-1.61359524726868,0.0348950914112431,18.6795296124072,-1.72567145386019,-0.0738094145219101,0.0420167596740106,12.3976993032013,-14.0783458010829,-2.51170898385459,2382.54629384044,2340.9881406327,0
1.78,-0.0687245911825277,1.44173395633698,0.017536619773529,16.3632292269477,-0.884462308584399,-0.0629257578690355,-0.0327253947706427,15.7319350433737,4.58734826452201,-1.34106785145712,2305.70239211531,2340.9881406327,0
1.79,-0.0425662885048653,-2.01785731315613,-0.0482172220900926,17.2783037000198,2.37125380175375,0.0300434255188465,0.0568698690543443,3.89374735821506,-17.0000398485663,-2.78004616159974,2392.46941657347,2340.9881406327,0
1.8,-0.0891975510766201,-1.57499504089355,-0.0181890072575751,17.955712441056,0.85420242073572,0.0855523580139769,0.0311100810241744,-15.7547491973587,-8.65593142127472,2.12072893967386,2380.25521713546,2340.9881406327,0
1.81,-0.069545632047778,2.6334285736084,0.00869346098960497,16.0967961253193,-0.429554516106486,0.0155996894604079,-0.0683287705848828,-2.03596862247465,15.9732962894545,0.100097783558087,2275.06750414388,2340.9881406327,0
1.82,-0.0559553181645642,-0.282148331403732,-0.0280125462446644,17.9409547202932,1.36164797326729,-0.0539553432167095,0.0316941842673722,17.8096204134384,-2.5591721723933,-1.63776457062885,2348.89676945067,2340.9881406327,0
1.83,-0.0935845116114744,1.91979312896729,-0.00299029288728572,17.9721174302922,0.167156929283299,0.0436834541037831,0.082817621933213,-8.02307482407636,-16.0827614772616,2.68815668003025,2293.8554438334,2340.9881406327,0
1.84,-0.0183421687775696,2.65998196601868,0.0128744684129998,15.122100655847,-0.657623499983976,0.0205491513328823,-0.0089397691178509,-8.4452610207197,12.5613678875038,0.548446170050299,2276.66208728722,2340.9881406327,0
1.85,-0.0450002433680865,2.18784642219543,-0.00479953047837741,16.5508781635805,0.191688503201185,-0.0451325771023845,0.00333284864600861,16.5483522143808,0.346917074737539,-1.53825429849131,2289.54960880599,2340.9881406327,0
1.86,-0.0814790844676768,2.91256022453308,-0.0186443391795969,18.0130809181787,0.929278872591356,0.0594250817408166,0.0587802028682441,-10.4426291800185,-14.7066698880652,2.57568978675553,2272.67252163962,2340.9881406327,0
1.87,-0.0889861288702615,2.12954521179199,-0.0418762287444782,19.0403251492425,2.04118982667781,0.00648573210181417,0.0981329962055483,5.05338642944289,-18.4706178373148,-2.7677416279526,2293.21872828702,2340.9881406327,0
1.88,-0.0887584460869409,0.691014647483826,0.0369236013461414,19.4550893959362,-1.82962644674726,0.0836759182467943,0.0473260477294794,-19.094044049169,-4.15517968166237,1.69130426082576,2330.01317693601,2340.9881406327,0
1.89,-0.0666552951000883,-1.18814516067505,0.0226995117459764,18.2446446755547,-1.14521262827237,0.0353797622593933,-0.0608807738194447,-4.7152214843633,17.6619720771663,0.198198267109477,2376.74380824134,2340.9881406327,0
1.9,-0.069442604917978,-0.54103422164917,-0.0247571335049295,17.0922674423431,1.19149293670364,-0.0733546626177212,0.00736780221067104,16.8786871401383,2.9453662190172,-1.32843692934185,2359.64417509487,2340.9881406327,0
1.91,-0.127794823220665,-2.5392849445343,-0.0321091780670951,21.0500375155584,1.54611174292187,-0.0398547589109053,0.125595041105527,9.74888619337547,-18.7204102229794,-2.58815570236281,2409.11942440496,2340.9881406327,0
1.92,-0.0825028254789714,0.408632159233093,0.0554389342322131,16.9838655928049,-2.75883397040585,0.0461846719185575,0.0880179965722492,-13.6251913092624,-10.5079501872025,2.06670527264234,2334.54542196345,2340.9881406327,0
1.93,-0.0825127820690516,1.41939735412598,-0.00189509926607032,17.625264343957,0.0605190539501626,0.0129830132995041,-0.0815070056600533,-3.11192263843271,17.3484738015383,0.180923369212156,2309.5669502784,2340.9881406327,0
1.94,-0.131940409804664,2.82474040985107,0.0338258938746457,20.6664557329807,-1.67899822400479,-0.135222964039484,0.0163466459011586,19.8675336300832,-5.9331724277131,-1.94206645370658,2275.45077926803,2340.9881406327,0
1.95,-0.0478286253108835,0.750689685344696,0.00621104483957007,17.4609384727845,-0.314552491552515,0.0244410852915588,0.0415786943866541,-10.4649118941518,-13.981020515969,2.48103413512465,2328.30443306311,2340.9881406327,0
1.96,-0.0932176699204063,-2.12878012657166,0.0163112835118017,19.5594827350864,-0.858106904458875,-0.0867977865170316,0.0377059174525168,16.8005416561055,-10.0524381313732,-2.15383797602564,2399.75524982525,2340.9881406327,0
1.97,-0.132507619648316,2.13279151916504,0.0304872815481118,19.1051125464334,-1.51631988850652,0.0848296372385504,0.106262299274167,-14.0210282123121,-13.0658072573306,2.24174275200319,2292.62579822651,2340.9881406327,0
1.98,-0.0422299638815216,1.15351712703705,0.0175966643116429,16.9801940528651,-0.881646530893905,0.0309575277789678,-0.0336844759220877,-6.62608324737265,15.6588413197555,0.348429581263512,2318.45069055794,2340.9881406327,0
1.99,-0.030601489631513,-2.26763844490051,0.0158993312534414,16.843532724583,-0.829382550678353,-0.0173491722594767,-0.0298034582537875,13.7870894396318,9.71126329799895,-1.00634169298883,2403.69436888979,2340.9881406327,0
2,-0.0632519878360905,-1.62928223609924,0.00152669546708309,16.5466048009498,-0.130724017308593,-0.0466425543163,0.0427506361486839,12.0153548185192,-11.3771027855338,-2.33681692394438,2386.22353418401,2340.9881406327,0
2.01,-0.117808762755749,-2.37168264389038,0.000984178760248804,20.0571588502617,-0.0336900920363062,0.0498282575362237,0.106756816835162,-8.6041808151459,-18.1179145783175,2.69654696626686,2404.07441130519,2340.9881406327,0
2.02,-0.101799394120403,-2.5853431224823,0.0463581357484572,19.3764695418873,-2.30775657747259,0.104932986763224,0.0387461182869014,-19.4937170548453,-0.876531639010648,1.49718831044161,2408.20484736052,2340.9881406327,0
2.03,-0.0675021769140778,-1.44503426551819,-0.0303766722513003,16.579748656598,1.50337770014782,-0.0216978071614911,-0.0707706949915367,-0.581550135430859,16.6376082856054,0.125367973556504,2378.4402619414,2340.9881406327,0
2.04,-0.123462139639557,1.999960064888,-0.0335041030819557,18.7300294208598,1.61781474391277,-0.112646741649615,0.0606311507678083,17.875086378102,-5.8234537541982,-1.79957741520915,2292.05498010662,2340.9881406327,0
2.05,-0.0206487651548184,1.60987508296967,0.00268300154702428,15.687784734353,-0.118049425443958,-0.0125136734932157,-0.0166426552997221,10.8805671159817,11.3019372132773,-0.773929626697153,2303.19904789546,2340.9881406327,0
2.06,-0.0838369333667493,-1.86626279354095,-0.0132890212695813,19.44283507394,0.639823241271167,-0.0581892481165705,0.0618000071704879,14.9887657436894,-12.4004076938344,-2.22907531068146,2390.11581010978,2340.9881406327,0
2.07,-0.0913714062148276,-1.15276837348938,-0.0354718113936802,17.9470169443605,1.71991455692164,0.0766538750768219,0.0610832768679843,-10.5225358289342,-14.6400055673853,2.6139330147735,2370.9387914252,2340.9881406327,0
2.08,-0.0957557064300507,3.19824171066284,-0.0117562071332241,17.5192691352585,0.601293725588167,0.0362060562915571,-0.0894230686561914,-7.97894913222393,15.6084181108604,0.506872023908531,2262.70685536519,2340.9881406327,0
2.09,-0.0377861839145198,1.05186319351196,0.0124693932803666,17.4044948662141,-0.654479533842226,-0.0357064190097708,-0.0175594164225649,17.148095577097,3.04755690464281,-1.43249920126324,2317.77910103419,2340.9881406327,0
2.1,-0.133893804661064,2.06316184997559,0.00705121107242668,20.1774008587607,-0.348026729042944,0.0328023589561338,0.130004906642465,-5.62592155382937,-19.380341449247,2.84182101030536,2292.89479183416,2340.9881406327,0
2.11,-0.0325965721875557,2.18910264968872,0.0047293123266856,15.9122641215195,-0.24277914305874,0.0263743919859774,-0.0197305438554512,-11.4126620515689,11.0909979750237,0.784434869746623,2290.98541225964,2340.9881406327,0
2.12,-0.0356272195798975,-1.41073393821716,-0.0203227344610308,17.0745160313351,0.972473981499128,-0.039081187057741,-0.012448820390931,12.2793507574861,11.9038795492746,-0.744029776018287,2381.06794944715,2340.9881406327,0
2.13,-0.110460667580624,2.57052683830261,0.0537229684284499,18.5317800985133,-2.6710534128043,-0.0937473659168102,0.0793671708125028,9.92574588660573,-15.8757982019247,-2.72598843977714,2281.13233075985,2340.9881406327,0
2.14,-0.040469316111253,1.64661312103271,0.0165139890273561,16.589189687122,-0.845042376569558,-0.0422856795676144,-0.0110633938560102,16.5567156367724,-1.3380875967481,-1.70233482398734,2305.62093823875,2340.9881406327,0
2.15,-0.0465838413877534,3.0698344707489,0.00304302649360009,16.3586186607722,-0.176034495405916,0.0283395543292435,0.0370969533668195,-10.6243183264086,-12.4402271977355,2.42400348051821,2270.9512219311,2340.9881406327,0
2.16,-0.0355089084777777,0.000625431537628174,0.0169899096953158,17.5469189165801,-0.839298219308469,0.0354524480511638,-0.0171074118415883,-11.6194103860766,13.1752831941445,0.674934867413908,2348.75616097593,2340.9881406327,0
2.17,-0.055759095042918,-2.22015786170959,0.0309497047367809,17.4229199847428,-1.57058503693483,-0.00807959754795676,-0.0632588413327508,9.05182975003118,14.9696110947961,-0.633755607455417,2403.25999426008,2340.9881406327,0
2.18,-0.118171809794222,-0.408450990915298,0.015458305607527,18.931566929739,-0.831016991601998,-0.107892916964294,0.0506226659830688,16.3986054277775,-9.49634433240407,-2.13957006123761,2356.81092193822,2340.9881406327,0
2.19,-0.0804303841978832,-0.150110468268394,-0.00173800666786349,18.4142647921882,0.106510608485955,0.0473664395384235,0.0650268235026863,-10.6051968759692,-15.0541121149165,2.53365587915206,2350.49566472202,2340.9881406327,0
2.2,-0.0622756870810823,2.99012899398804,0.0304691505840287,16.0210159080228,-1.54626441362649,0.0545058187549518,-0.0428456072495821,-8.35519750110804,13.7569821937606,0.449584045836922,2272.1463830908,2340.9881406327,0
2.21,-0.092035535681592,0.563616275787354,-0.030878666987725,19.6359660438437,1.4885970347686,-0.096188936693876,0.0131042115687254,19.567514227532,2.21347477108663,-1.38249029141866,2333.84680538756,2340.9881406327,0
2.22,-0.0925817459314004,-0.76995837688446,-0.00487829266818441,19.0871934029501,0.260604918634298,-0.0148955097284704,0.0915057441311303,3.79907906339087,-18.7071073444117,-2.92758273578802,2367.23102359529,2340.9881406327,0
2.23,-0.065342131781819,-0.621527791023254,0.0388402937390877,17.1494405661767,-1.95441602365071,-0.0597218841174464,-0.0470261540102262,16.7483713096966,4.17314176596768,-1.44007606530784,2362.80403358694,2340.9881406327,0
2.24,-0.111458063050663,2.67844915390015,-0.0390247471633556,18.3566565954834,1.89521098311149,0.0717651487454559,0.0937848289208442,-7.51233740519022,-16.8559619347455,2.82521770971614,2280.30142233031,2340.9881406327,0
2.25,-0.0672881939638068,1.89541292190552,-0.0149422534113982,17.8989389042097,0.758574716915364,0.0386364063019114,-0.0570806455113723,-12.4866668248231,12.846423669786,0.813553694952065,2301.32909733575,2340.9881406327,0
2.26,-0.0619537127729942,0.963622152805328,0.019152131784321,17.3453404549095,-0.995058084780071,-0.0431023743055382,-0.048448446904601,14.3273465802592,9.82741655054591,-1.02688717090061,2324.93488179285,2340.9881406327,0
2.27,-0.11177946540368,-1.15318942070007,-0.0170777822805467,20.2486928340809,0.795411203566927,-0.0510007855595565,0.10092184801054,11.1098120744528,-16.9473985066163,-2.52206609614876,2377.8111059873,2340.9881406327,0
2.28,-0.0459336090607617,-1.08685207366943,0.0223594635462477,16.4760028606744,-1.09646934961726,0.0179276779009566,0.0478376464356517,-11.1964735180149,-12.1367168567118,2.33001760001107,2375.62377536685,2340.9881406327,0
2.29,-0.0382262521493845,1.90832078456879,0.0296106408896932,15.1518941882381,-1.50152646603235,0.0432668656143762,-0.0215873747175103,-7.92870555766854,12.9988502337535,0.448930991669674,2300.227991167,2340.9881406327,0
2.3,-0.0168220510580942,-2.04416012763977,-0.00372529015644691,16.4601429728898,0.138738390534099,-0.0159123409215263,-0.0066073137467483,13.5569788614478,9.33615976615862,-0.95929263131189,2399.6593546303,2340.9881406327,0
2.31,-0.0877391129187616,1.14611709117889,0.0165777425211108,17.2224069565141,-0.810897304861475,-0.0530152165874642,0.0718495671041358,8.20535523940832,-15.1638056308412,-2.69264600952728,2319.14588426931,2340.9881406327,0
2.32,-0.0803651583157521,0.833107113838196,0.022834902637203,18.5559342437603,-1.15703712768031,-0.0780969903259147,-0.0296791433771332,18.3870677320729,2.75266612391515,-1.48446669492201,2327.37184329881,2340.9881406327,0
2.33,-0.0697237463014046,1.77168726921082,-0.0475137363877877,17.0554983753716,2.3232118647301,0.0644335488694267,0.0544726878712811,-6.80095657355139,-15.8124738066311,2.87079120882766,2304.13588390667,2340.9881406327,0
2.34,-0.0600711494470288,-2.00008320808411,0.00210487365505272,18.8868618520372,-0.0836174188005394,0.0599513405355072,-0.00433707931523759,-18.787306900446,1.93846380392356,1.46355346430477,2399.06438560523,2340.9881406327,0
2.35,-0.0539152603790348,0.147604748606682,0.0337210168219279,15.8161465176095,-1.68863378313313,0.0266845762869723,-0.0577225750086447,0.310598004583821,15.903002974268,-0.125891814780951,2344.10352718147,2340.9881406327,0
2.36,-0.100716379443757,1.61831724643707,-0.0308638115185226,18.7444978567987,1.49059324420969,-0.0779960448170717,0.0708024077458042,16.3266966302688,-9.32829273052607,-2.01053015495345,2307.51249303027,2340.9881406327,0
2.37,-0.0612957588162993,-2.42964601516724,0.0147962048612027,18.5278000537221,-0.7488121350633,-0.00147031970066782,0.0630391615358139,-3.19461338492994,-18.2656655987442,2.92805313940534,2409.00601307136,2340.9881406327,0
2.38,-0.0840719750307715,1.80035543441772,-0.00440340917596634,16.7191685418522,0.220586071502319,0.0733421884110189,-0.0413329214673757,-14.8767077548938,7.63300866770668,1.10992880470761,2302.32822419978,2340.9881406327,0
2.39,-0.0670969962665913,-1.14177489280701,-0.0087856462406553,18.2164286517856,0.401417412724489,-0.035797907519947,-0.0574256415293572,7.91339878260793,16.4127245901542,-0.427233642497641,2376.32798063475,2340.9881406327,0
2.4,-0.0948249289597286,-0.811621129512787,0.00356858268792014,18.5632344728225,-0.235776199231077,-0.0906181126023329,0.0281577627486457,17.5858353272238,-5.94875284012345,-1.909683452683,2367.27423468318,2340.9881406327,0
2.41,-0.0642491865538186,-1.16353785991669,0.0362618666412605,17.6913569552422,-1.79373317707524,0.0123565674493078,-0.0727337348553383,4.30454382605739,17.2531878816028,-0.345546177770155,2375.72907757087,2340.9881406327,0
2.42,-0.0629647600047612,-0.181485742330551,0.0362729976857842,16.6824090726079,-1.82526213638831,-0.0716908834504663,-0.0118620653202445,16.26152382074,-4.14695036862852,-1.9294693221046,2350.43544427032,2340.9881406327,0
2.43,-0.11820978461345,1.61997210979462,-0.0411235147219604,19.2701713666653,1.99936700841978,0.1059550053827,0.0666200681161286,-13.5987824304508,-13.7989162380335,2.4668837088281,2305.43540011995,2340.9881406327,0
2.44,-0.0544579274177244,-0.69942182302475,0.0419173673960458,17.8154394834616,-2.07508959279213,0.0686202766712398,-0.00374021090471136,-14.8585934810766,10.0457991504463,0.860341246979631,2364.09416121893,2340.9881406327,0
2.45,-0.0414689148607334,0.868746638298035,0.00290819628928341,15.6270798144623,-0.156455302133889,-0.0305446464888781,-0.0281984587566985,12.0978056720141,9.89308848193145,-0.895331661714694,2324.56377486681,2340.9881406327,0
2.46,-0.055497233637216,2.38077354431152,-0.00248311219805599,16.3824426320991,0.0722084755028522,-0.00936454126965352,0.0547577771132177,3.41006001835225,-16.0237677007996,-2.92750051858453,2287.34146850729,2340.9881406327,0
2.47,-0.0667167606741963,3.01839256286621,-0.0173002472741882,17.6269621014362,0.869744392113861,0.0552724587460861,-0.0411749925897777,-15.9985596992812,7.45066009032887,1.18425825849881,2272.87776745902,2340.9881406327,0
2.48,-0.0503615084546927,-0.335754632949829,-0.00900346792258305,17.7043217791291,0.411457331722585,-0.0324211714898761,-0.0395753914407567,8.99350235321165,15.2554653228785,-0.509446544899958,2357.28618345558,2340.9881406327,0
2.49,-0.0991117760858301,-0.53790009021759,-0.0138697693441808,19.1873067946051,0.637686810924559,-0.0814524342495507,0.0581465013166839,16.7157354517232,-9.44158751519743,-2.0517331505616,2361.7452913075,2340.9881406327,0
2.5,-0.0300527727015953,-0.997203350067139,0.0147232534864342,16.0219149473362,-0.715342003490461,-0.00188204353463891,-0.0334125912256633,7.22320557710133,14.3191750444139,-0.511813665045394,2372.9766493063,2340.9881406327,0
2.51,-0.0797429009332208,1.77263820171356,-0.00956621030998477,16.9010334454549,0.448609098897397,-0.0481420479422585,0.0642867470701824,11.3454994186294,-12.5349840283057,-2.3794262001522,2303.2528802605,2340.9881406327,0
2.52,-0.0805081433304137,-1.7942111492157,-0.0243931523443505,19.4493012287381,1.16390740450449,0.0695938895847969,0.0472575661271741,-13.1356675264294,-14.3904217230615,2.46151899965097,2392.96285860474,2340.9881406327,0
2.53,-0.0967901739293131,-0.0908419042825699,0.0520413150459582,18.3345456928309,-2.58572940855292,0.108107499807667,-0.0197333404753141,-15.9403269293649,9.42059126179056,0.896920907423482,2349.40791916555,2340.9881406327,0
2.54,-0.083768682823072,1.44683825969696,0.00817950641139062,17.8201134084911,-0.426722802503232,-0.0638663330615658,-0.0548195954774892,14.3407711691801,10.5868227771542,-0.958810637353955,2310.98746593092,2340.9881406327,0
2.55,-0.0649575535677576,3.13573551177979,-0.000979269603720155,16.626977904409,-0.0021566478851707,-0.000730280349649875,0.0649608299290871,0.439657164062392,-16.6211642330772,-3.11527688136247,2269.72721551982,2340.9881406327,0
2.56,-0.0231903762778558,-1.34664916992188,0.0609232234914613,17.3217694786063,-3.02685423957564,0.0208181511835952,0.0617740827029916,-17.1918260525491,-3.69413879497094,1.60945943445711,2382.8946794013,2340.9881406327,0
2.57,-0.0480129338314585,2.48742246627808,0.0157629727804587,15.0689815447483,-0.8207100909971,-0.00138467304076383,-0.0505153026968233,4.31849226782709,14.4602349352334,-0.344623975320638,2286.23402557406,2340.9881406327,0
2.58,-0.0850714583956814,1.95806968212128,0.0275434565054778,18.7569059053897,-1.36901186063838,-0.0798511359571613,0.0402441438744602,14.2979246552669,-12.2174082018455,-2.35074816329887,2300.73320029622,2340.9881406327,0
2.59,-0.0263641297152583,1.19948577880859,-0.0186742783952457,15.6449531824073,0.934801688674401,-0.0312493667708275,0.00820201716947796,14.9731808012816,4.63057998192399,-1.21118744797645,2320.39085688125,2340.9881406327,0
2.6,-0.0816817064972129,0.600387573242188,0.00662585019995789,18.3586052500699,-0.380933492755084,-0.0211134176280633,0.079183499943057,3.65496161877857,-17.9951313587607,-2.96195669118704,2335.42265195258,2340.9881406327,0
2.61,-0.117334363336267,2.77862739562988,0.000962543881362229,19.2057581005175,-0.0340679796268783,0.112403760615515,-0.0336700743946433,-18.3622942682982,5.62924986541329,1.27155303869073,2281.56783522017,2340.9881406327,0
2.62,-0.0170812875292046,-1.27328836917877,0.0311562099790788,16.6497625781763,-1.56242089296343,0.025715111527941,-0.0245196419839558,2.77221866868973,16.4915298444194,-0.260108928181951,2383.51198129176,2340.9881406327,0
2.63,-0.105584656750342,-0.508892893791199,-0.0403515576160148,18.6973912466656,1.9690142127882,-0.0963192644188412,0.0591520688136897,18.0124008851064,-5.38728788494427,-1.75649311478236,2363.19581548088,2340.9881406327,0
2.64,-0.0976324673573752,2.34000778198242,0.00256178455612097,18.0973734518645,-0.111485507156223,0.0497052263689464,0.0840717068579716,-9.52130799320323,-15.3906481011399,2.58141790348752,2292.14663998987,2340.9881406327,0
2.65,-0.0666640398582988,-0.291678696870804,0.0353634556295042,18.3171179910068,-1.77404898093941,0.0745167749493058,-0.011912953262868,-15.6917017516093,9.61428923123171,0.924540819128232,2358.78254333607,2340.9881406327,0
2.66,-0.0700045072921007,2.5724630355835,-0.0261385821124853,16.7438138608292,1.25521110815535,-0.0738487501240486,-0.0114113373964997,15.2211340440058,7.08857785077795,-1.06013238567299,2286.96662902033,2340.9881406327,0
2.67,-0.0761405057198459,1.36773490905762,-0.00360757221820983,18.4167993942972,0.197150418306442,-0.0100104074198767,0.0755657523741513,3.08595641462159,-18.1574844409758,-2.96254165737323,2318.21339045753,2340.9881406327,0
2.68,-0.0681779080157778,0.00872310996055603,-0.0191849894790167,18.0207615861595,0.940356686335749,-0.0674167753214777,0.0217087394376374,17.9732877088879,-1.61029431355841,-1.60801693940773,2352.2458619811,2340.9881406327,0
2.69,-0.111582674074256,-2.47028565406799,-0.028157089376647,20.2431707231227,1.35716820427255,-0.00487915353951073,0.114976992030858,4.48002717036011,-19.7878049063815,-2.85199971201453,2413.46506998819,2340.9881406327,0
2.7,-0.113166981375644,0.0261951088905334,-0.00941642463083175,18.4490349616296,0.442643690136598,0.110137956525698,0.0276598130660164,-17.6021870325953,-5.54308904144439,1.89986264378097,2349.96175221599,2340.9881406327,0
2.71,-0.0866699983934432,-2.66765069961548,0.0333509386817879,19.5344433408612,-1.65139098274158,0.0799905898915012,-0.0471749855462139,-13.4336496525841,14.2779069133689,0.670604821542808,2417.19222920572,2340.9881406327,0
2.72,-0.083919489596294,0.764320731163025,-0.0305657285779642,16.8980703259538,1.51026345558083,-0.0866033055329793,-0.0218314444864676,14.8304799744023,8.23908612498966,-0.974563330387849,2329.94596257623,2340.9881406327,0
2.73,-0.0603638667090373,0.459359586238861,-0.000511877759984857,17.1749474443728,-0.0274714666105816,-0.0254777288329254,0.0547260793079817,7.40533009860406,-15.4964725189043,-2.69740315062371,2337.98846482698,2340.9881406327,0
2.74,-0.073959196794346,-1.41513681411743,0.0162844477185834,18.1824935773717,-0.795473917358143,0.052987189672026,0.0541064114373224,-14.7823310407215,-10.6168988149498,2.14992155402391,2384.84383144895,2340.9881406327,0
2.75,-0.0434166706514728,-1.76426494121552,-0.00268653763169942,16.0016880289665,0.145841418190478,0.0301790831884112,-0.0313280658964443,-11.6935579486192,10.924101427482,0.828519088338373,2392.57984849,2340.9881406327,0
2.76,-0.096293887816019,0.290542215108871,0.0213896026358903,17.5385314794253,-1.10572726891875,-0.0536142599570183,-0.0827981827150005,11.7224570637407,13.0922389084823,-0.793215969853483,2340.11673092688,2340.9881406327,0
2.77,-0.0940216517354933,0.206732869148254,0.00308542091415378,18.7871292853163,-0.211051224364186,0.0506042518588309,-0.0793019578011533,-9.76281675649259,16.0526688865634,0.535174820594784,2342.6826690794,2340.9881406327,0
2.78,-0.0603596514137552,-1.63109350204468,0.0459311025886692,17.8153450373069,-2.27774998348419,-0.0166904431312225,-0.073989072246409,12.1789929629413,13.2002573533315,-0.872343096856844,2388.35630900855,2340.9881406327,0
2.79,-0.0803664799234517,0.624314188957214,0.0102222906895277,17.2387324946386,-0.529126199662911,-0.0530760697365218,0.0612061855007453,10.0005923228528,-14.0514065398798,-2.55373207750652,2331.06154498085,2340.9881406327,0
2.8,-0.0593068520645558,-0.134547919034958,-0.0107714163155586,17.1453211487988,0.48644627806696,0.0570044511208768,0.0195912905051647,-15.1954162973464,-7.95600344565238,2.08149319199454,2350.2909949399,2340.9881406327,0
2.81,-0.0881892537950746,2.81714534759521,0.0465203515564264,17.7266124247715,-2.31366715979429,0.0489117570906154,-0.0868857158120609,-2.79698067450869,17.6568044359901,0.0273169468945969,2276.76475513198,2340.9881406327,0
2.82,-0.0733064755157705,2.11945414543152,-0.0357339958807127,17.9005188503698,1.74948051912402,-0.0502757527304843,0.0642114203357179,15.3297370611073,-9.4068283090823,-2.02375552832903,2295.29544633084,2340.9881406327,0
2.83,-0.0880239618921587,1.80662679672241,0.0517116506384421,18.9476752276142,-2.57146788058435,0.0325075158275808,0.0967758962431456,-12.6130885431403,-14.3713896681887,2.28637218764844,2304.23162206739,2340.9881406327,0
2.84,-0.0573499093423904,0.0903055369853973,0.00586194384492931,17.5505098756868,-0.291773868608167,0.0364000420490269,-0.0447035952251112,-9.88409735120578,14.5055213087593,0.581511742089255,2347.59301020762,2340.9881406327,0
2.85,-0.0965451201530576,0.112519502639771,0.0161697688319146,18.7236583191576,-0.85438156172018,-0.0766249948589337,-0.0609182387492799,15.9657349196387,9.81838363384701,-1.06504454672563,2346.49015807152,2340.9881406327,0
2.86,-0.119714333270197,-2.12103033065796,-0.0371311564121566,20.3071933877253,1.79563293473813,0.039639100359157,-0.118907468602895,-10.3822097030332,17.5446892991878,0.622531254931994,2402.02937390727,2340.9881406327,0
2.87,-0.115834114563067,-2.40872311592102,0.028485933243291,19.4812463642954,-1.40997628513286,-0.0398763543528584,-0.112422715021815,9.53075946511843,17.0490943175603,-0.581990942818262,2407.95622167406,2340.9881406327,0
2.88,-0.0773987413103346,1.03487110137939,0.0435534288161882,16.8917662064928,-2.18598221101428,-0.0868742255900306,0.0184481773138528,14.123622089811,-9.52016716585826,-2.29259572343943,2321.10540582646,2340.9881406327,0
2.89,-0.0674768072429545,0.0956840813159943,-0.0230340885194097,17.6889581102879,1.10310395029499,0.0657541312049049,0.0275696024474601,-13.9610074392352,-10.9181659922487,2.29677464959571,2344.96949980314,2340.9881406327,0
2.9,-0.127800357531533,-0.400315165519714,0.00667427589222813,20.6578720547247,-0.324166660739796,0.0883344180478133,-0.0925986389318305,-13.7060439548826,15.4595317186562,0.7096577433417,2357.1847077344,2340.9881406327,0
2.91,-0.0547708213320899,-2.39756512641907,0.0579421304851239,17.6465639343402,-2.88308649947768,0.0192905554763003,-0.0773628323160587,7.08156404706635,16.4184304091324,-0.569158471588858,2406.7131694102,2340.9881406327,0
2.92,-0.0672006475166337,1.32696497440338,-0.0363700710198682,15.7970806063818,1.78838141473798,-0.023414608752617,0.0727355840672705,10.1781900403094,-12.2127192415306,-2.33408007434154,2312.42935162945,2340.9881406327,0
2.93,-0.0469683011797847,-0.0646274536848068,-0.00819655768071377,16.8084806506382,0.356815700450439,0.0414870309642889,0.0234953428427075,-13.2107287658295,-10.3985087730237,2.25886298148433,2347.91587391799,2340.9881406327,0
2.94,-0.101449640252926,-1.2985337972641,0.0468611633577909,19.6398699550112,-2.3289252285865,0.105482979525249,-0.0368963300230481,-15.7304954458418,11.9874892116092,0.801594769428688,2378.54156367547,2340.9881406327,0
2.95,-0.0765967300632708,-2.63418674468994,0.00964754466519217,18.1172855849957,-0.482824152777274,0.0319816464374114,0.0702659837019654,-9.09604880869,-15.6758110540006,2.58917059088832,2410.82099027035,2340.9881406327,0
2.96,-0.07752071391455,0.396291971206665,-0.00509223304381428,16.5899912637257,0.211853004149005,0.0604705102323377,-0.0487720136495794,-13.4463022666638,9.7195497415967,0.957673433896148,2333.96563866182,2340.9881406327,0
2.97,-0.109444022396078,-1.92744183540344,-0.0411601976479929,20.652096892895,1.99841739052077,-0.083862668783996,-0.0814813395390675,10.6060115514811,17.8329834046385,-0.440078335631048,2392.13664428252,2340.9881406327,0
2.98,-0.0766205194855452,2.80557918548584,0.0206406557291878,16.3645026477157,-1.02788122581886,-0.0646617690151102,0.0459956117798447,11.2017964515847,-11.9738566459913,-2.45222482170494,2273.43041943312,2340.9881406327,0
2.99,-0.0519498207652863,1.58876001834869,-0.00767701317262998,17.442630925248,0.338049015285354,0.0521641616612364,0.0060514995644469,-16.934068031752,-4.19487671179361,1.83300445015792,2305.25620547728,2340.9881406327,0
3,-0.0750243512654934,1.61676788330078,0.038869456668634,17.9993724681625,-1.92617245976906,0.0295769567902065,-0.0791498046210678,0.249661219772191,18.1004204058293,-0.120399838460625,2305.29954665969,2340.9881406327,0
3.01,-0.0436245287416969,0.440987110137939,0.0381878946235202,19.0928896640886,-1.90874254814922,-0.0429724515970833,-0.0389202159224296,19.0578781305836,2.23137065500107,-1.55388340813546,2401.16628725487,2406.41119044437,0
3.02,-0.110427707430531,3.10011696815491,-0.0314938902176754,18.8921124766877,1.52752794619598,0.0376983449369898,0.108466485507818,-2.59519209134958,-18.7752558828695,3.084918752313,2334.46767591805,2406.41119044437,0
3.03,-0.0752527595679101,-1.57132709026337,-0.0255745974346765,20.1636456087351,1.22096735912576,0.078813509247522,0.0102697914595285,-18.6318287102898,-7.80501918236813,2.02797462819041,2452.27330726055,2406.41119044437,0
3.04,-0.135402150826988,-1.77181911468506,0.0184247229079147,20.8992745185663,-0.98589495450736,-0.126444939007631,0.0518159267230094,18.5868498460024,-9.60628320766548,-2.09495757024096,2456.24756371705,2406.41119044437,0
3.05,-0.155925034388413,-1.55512738227844,0.0392680205696304,21.6127343402927,-1.96221583913176,-0.064434774123151,0.147318544902477,5.49819387708886,-20.9935809416438,-2.97598841371082,2449.75871354962,2406.41119044437,0
3.06,-0.0749616608189873,-0.961097002029419,0.0162801905417519,18.1188296899686,-0.795958789572668,0.0434670427041449,0.0632053114490601,-12.656385082893,-12.9900522078361,2.3253023319278,2434.39488054235,2406.41119044437,0
3.07,-0.101658890612899,-2.46948862075806,0.030592992288285,19.8868342984638,-1.51879280031809,0.102523454149929,0.0275572597869206,-19.9231963589369,-0.926907130245271,1.54106301315696,2471.32141910598,2406.41119044437,0
3.08,-0.0917859225028174,-0.674158871173859,0.0107553523548383,18.5624029120193,-0.540783976429397,0.0561149729611896,-0.0734264460772472,-9.94324466170175,15.6839770075974,0.535901960895334,2425.44043282178,2406.41119044437,0
3.09,-0.0881144367115886,-0.730018854141235,0.00828159556238199,18.3885777419135,-0.439192607328337,-0.0372949809189524,-0.0802609692211252,8.89616335538948,16.09940865594,-0.52869903060463,2426.27525258846,2406.41119044437,0
3.1,-0.0848887886769649,-2.37774300575256,-0.0229855332616111,19.0938115836252,1.11193493731015,-0.0878588249636486,0.00390743629122741,18.8762998986816,3.08145131891205,-1.35080954534343,2466.97331787373,2406.41119044437,0
3.11,-0.121492474678828,3.05005192756653,0.006595214468176,18.416250063713,-0.390503671095803,-0.0335741124235222,0.116947412252002,4.4954602499509,-17.8634150337347,-2.91625583323062,2330.83846621085,2406.41119044437,0
3.12,-0.0661628758913406,-0.517360031604767,0.0331204833494851,19.181646555573,-1.63713558202439,-0.0466742747726633,-0.057410840770384,16.8089631062943,9.38480350290269,-1.14672952028782,2421.46763036569,2406.41119044437,0
3.13,-0.0406019864770199,0.79181295633316,0.0128310843213246,16.0649097124561,-0.63218471642412,-0.0359360981497089,0.0228419543935177,10.8150137284626,-11.8960690834498,-2.44309053768757,2388.4790182073,2406.41119044437,0
3.14,-0.0836204627627175,-0.796892404556274,0.0379955174181652,19.1332602218476,-1.91782759012642,-0.00175143380683074,0.0918312235361449,-5.82056798292064,-18.3270482549314,2.73417178196041,2428.23165165765,2406.41119044437,0
3.15,-0.0508377042647624,-2.19739413261414,0.0109120812884203,17.1717731235246,-0.57412917573098,0.0449029612062228,0.026215830482153,-16.1371621785407,-5.89842464898064,1.88780626267745,2462.42187750421,2406.41119044437,0
3.16,-0.0630260523004181,-2.51412868499756,-0.0319009020823207,17.5472747273505,1.55628401029991,0.0434501175168863,-0.0556959433891699,-15.2154417203107,8.87801799579483,1.13106642645212,2469.2049976551,2406.41119044437,0
3.17,-0.0730003117445073,-1.42727196216583,-0.0259778288778242,17.5915787484711,1.24692608551374,-0.00968270602183577,-0.0768774239428941,-2.56273066475084,17.448520827461,0.216594787489211,2440.86226783507,2406.41119044437,0
3.18,-0.10349335039301,-1.41567671298981,-0.040441945110773,19.4487493828857,1.96106792692911,-0.0998296979768826,-0.0487899159843253,14.6101466346172,12.9862718009177,-0.743681129099188,2440.04577295099,2406.41119044437,0
3.19,-0.0984442019850353,1.5569623708725,0.0181816540390634,18.1308350749694,-0.893505381059334,-0.0924750519608309,0.0383431638353989,15.6948995717155,-9.12116548558822,-2.14648491126401,2365.58603706718,2406.41119044437,0
3.2,-0.0586229729599778,0.823230147361755,0.0191191999680507,17.6558405421908,-0.953932054727492,0.00531450529516275,0.0614325060497477,-6.02275267625749,-16.6242335708128,2.74003668131431,2384.92413559526,2406.41119044437,0
3.21,-0.0489232328075306,1.86393439769745,-0.0220623201431765,16.4087508275821,1.06755011966343,-0.0329738690224897,0.0423432714858872,14.0143127636954,-8.60150014479999,-2.05630775882901,2359.20091281543,2406.41119044437,0
3.22,-0.0531817675553612,-0.515148103237152,-0.00777268169952666,17.9201545866822,0.333684872312331,0.0139806176213796,0.0518966021242181,-2.44141218870688,-17.7562043390312,3.02357162937082,2419.39155225498,2406.41119044437,0
3.23,-0.132947165623753,-0.168669477105141,0.0545898305827872,20.7850676855834,-2.75262244165009,0.112243557533611,0.0897573520255918,-19.173430333346,-8.48383982951626,1.85571167538777,2410.35579019469,2406.41119044437,0
3.24,-0.0892119944115406,-2.05603861808777,0.008689899348175,19.3825270669853,-0.417250440959313,0.0776874014590132,-0.044709752315488,-16.0249119781122,10.9113999801425,0.95147908530251,2457.32018098338,2406.41119044437,0
3.25,-0.102399100404262,3.10148406028748,0.0195735376363592,17.6205780932985,-0.98808506999224,-0.0463111701959094,-0.0934022197503332,9.86504200330967,14.6335925432038,-0.649173328332481,2327.95110312921,2406.41119044437,0
3.26,-0.0709143434270905,2.19105529785156,-0.0451220009706292,18.4275392223981,2.20900494230196,-0.0234733244561224,0.0807083769770301,12.3823227782877,-13.8250492672696,-2.29188349140358,2352.37966090473,2406.41119044437,0
3.27,-0.0949552345567724,1.98001670837402,0.00531460248491292,19.5303364347944,-0.279521281945344,0.0586999306304887,0.0748268649168206,-12.6844249262652,-14.8531995776419,2.42047785907351,2358.70209849049,2406.41119044437,0
3.28,-0.0616747017832693,2.87593221664429,-0.0117501737398056,17.4647009031258,0.592810513733514,0.032460668834843,-0.0537414216574652,-11.2267667565299,13.3912997926008,0.731629443449884,2337.34849989134,2406.41119044437,0
3.29,-0.0166386960233674,-1.63357615470886,0.0398362237304916,16.8398889648956,-2.00412109260003,0.0324032127502169,-0.0285272278696684,3.49813742121534,16.5940168821811,-0.326218339116345,2450.76605484831,2406.41119044437,0
3.3,-0.129816752419627,0.389075309038162,-0.0198747769975722,19.8340362220656,0.945047451170123,0.127890990793471,-0.0298544878258918,-19.7015541262621,2.47605988480491,1.49338517415171,2399.10300222669,2406.41119044437,0
3.31,-0.155203076871728,2.91061806678772,-0.0176767417489414,21.233070937851,0.834834731751924,-0.039064597793922,-0.151242915432457,3.77622309590612,20.9112503119994,-0.139360476550685,2336.76612790743,2406.41119044437,0
3.32,-0.0540349879059857,0.0188592672348022,0.0150173545514508,18.2392027221302,-0.732547768803357,-0.0514481667188801,-0.0223245827954369,17.9639754555759,3.24048268071422,-1.43246953908625,2410.36303092578,2406.41119044437,0
3.33,-0.0822112165487728,2.40034961700439,0.0213199130592542,18.1251609502052,-1.08204200335867,-0.0352332906176319,0.0772776685177345,4.20419166282962,-17.6640042694195,-2.96755867436137,2350.98573835736,2406.41119044437,0
3.34,-0.0799272094133014,3.12040424346924,-0.0376789343539721,18.1663227779675,1.82987477144706,0.0808564938428944,-0.0356411041086364,-18.2068647891361,1.36886796390138,1.59614368596134,2334.01762297048,2406.41119044437,0
3.35,-0.0603759941363797,-2.15910339355469,-0.0193143537063055,19.7658237587377,0.908356473842297,0.0192847559305056,-0.0603854545047834,-10.7243450694016,16.6283289352073,0.618736474799344,2467.04341658455,2406.41119044437,0
3.36,-0.120357773203458,0.579437434673309,-0.022684221718256,19.4945775716395,1.14821584681386,-0.0828858722718945,-0.0901692833684794,11.2810720450369,15.9403377580976,-0.557047774647974,2397.34756552995,2406.41119044437,0
3.37,-0.0650542675783512,0.461880952119827,-0.0150810426434823,17.5542663409257,0.761309537441576,-0.0594702738616564,0.0303773287862814,16.8481318426528,-4.98721489335933,-1.81524677112691,2400.69345959232,2406.41119044437,0
3.38,-0.0762682096354345,-1.5365799665451,0.0115402583273231,18.7945614025115,-0.587894594258982,0.0290844087874454,-0.0714430859407732,-4.97401450697485,18.1339553890247,0.236438828665932,2450.38875970098,2406.41119044437,0
3.39,-0.0919727717062854,1.4390435218811,0.00190462163423546,17.7135684826648,-0.139362060408159,-0.0809075060867832,-0.0437789193302351,15.6865273159554,8.22938581789198,-1.09551864068078,2375.15944123146,2406.41119044437,0
3.4,-0.0773304793204865,1.3883945941925,-0.057024834857578,18.501729641579,2.79456906214098,0.00156288931861175,0.0960697257175641,8.4612426997477,-16.6892476747493,-2.52246006131442,2377.39191319605,2406.41119044437,0
3.41,-0.0564735768673535,-2.12934422492981,0.0162463554075061,18.9245165682257,-0.814155896419689,0.000490575183463305,0.0587619629029635,-4.60314869186733,-18.3741992828336,2.85312765721563,2465.52061940799,2406.41119044437,0
3.42,-0.0774881878794761,2.73059034347534,0.0188941383765553,16.8744946218231,-0.937118939415803,0.079731047347757,0.00208993173743742,-16.6913584736317,2.65053069276225,1.35783701143572,2343.50512430272,2406.41119044437,0
3.43,-0.0505642790548169,3.22978973388672,0.00329689039330366,16.790917887729,-0.199852778665211,-0.0158523702515157,-0.0481281431182184,6.09411618277252,15.6472557528938,-0.383296694584005,2332.31820014187,2406.41119044437,0
3.44,-0.0400301319662789,-1.53582882881165,0.00174086096894155,18.4357207289745,-0.139113427915476,-0.0394696166339325,-0.00689865384848994,18.2631979748999,2.52006965621561,-1.44122171759139,2452.36607869022,2406.41119044437,0
3.45,-0.158281608193898,2.73691821098328,0.0310221890713204,21.1882190852486,-1.54440018627265,-0.0612779769606296,0.149199374150283,5.64458849128066,-20.4808305667508,-2.94542636007199,2344.95367154283,2406.41119044437,0
3.46,-0.0713537825415744,0.96546196937561,-0.0051046883561015,18.5216217030452,0.264149705710955,0.0683353060938663,0.0211590658409297,-17.3527920715963,-6.48080650055874,1.94248867664368,2390.38810495362,2406.41119044437,0
3.47,-0.0658438414058354,1.82194483280182,0.0111699711147319,17.6729675492585,-0.584670893630937,-0.0334221139199201,0.0578199101253594,6.7086940552205,-16.3605943084122,-2.78552164389281,2369.14415777471,2406.41119044437,0
3.48,-0.0420409498550206,-2.55744791030884,-0.0364719763317524,18.1656563815797,1.7863459490682,0.0519352935454072,0.0200092930062171,-10.1020278564413,-15.2029976258323,2.65312945436386,2479.01206328007,2406.41119044437,0
3.49,-0.106903605477753,0.479545623064041,0.00546661179015783,18.1610537598491,-0.333281958682141,0.10704322365269,0.000113923867142934,-18.1549987333719,0.575301245762176,1.52076920982401,2401.47711318551,2406.41119044437,0
3.5,-0.0867249289477638,3.19224762916565,0.060686771240134,18.1897756311662,-3.01929770958957,0.0498694631338673,-0.0933655940445241,-0.820272596048024,18.4204030639797,-0.11998773389549,2334.69486018368,2406.41119044437,0
3.51,-0.0477606184549024,-1.98684775829315,0.00192884562068168,19.0391984421021,-0.08104182431257,-0.0418155062532469,-0.0231573003048253,16.9779466979535,8.6166682085642,-1.10540641387602,2465.18634187744,2406.41119044437,0
3.52,-0.0701758363739628,2.44096827507019,0.0205056633919063,16.2532959748953,-1.04536337193676,-0.0563484290973988,0.0465830954336741,9.9848132800824,-12.8672420661471,-2.54589475278582,2353.34009910266,2406.41119044437,0
3.53,-0.0625215313184625,-0.261910378932953,-0.0224401607182278,18.6291992388031,1.07684088872502,0.0538527386039265,0.0388893974795515,-11.4188846115772,-14.7585813954505,2.54082774270687,2421.87177354642,2406.41119044437,0
3.54,-0.0761961910154652,-2.15863990783691,-0.0350791601158892,18.2791247123971,1.69844845765883,0.0805547763011496,-0.0233951921294356,-18.3289305817641,-1.03025780441707,1.71959797599835,2468.34410157717,2406.41119044437,0
3.55,-0.114539594274267,-0.289910823106766,-0.0529597883582074,19.0854105473273,2.58643204257187,0.0313918536290783,-0.122223603960898,-10.0636217243043,16.4215116314237,0.684499347764811,2420.83121014549,2406.41119044437,0
3.56,-0.128672141141277,-1.33006584644318,0.0540046249696161,21.2369686809677,-2.69315671413118,0.00013712600594587,0.139545693665008,-5.75573230597426,-20.6187651779935,2.74323091718362,2446.55730266549,2406.41119044437,0
3.57,-0.0951547367041419,2.2599720954895,0.00261051736036575,18.1155499193893,-0.12508507599557,0.0923006879856221,-0.0232770641513094,-17.4713986588048,4.78947012343099,1.2963324961385,2356.58534641952,2406.41119044437,0
3.58,-0.0825853935050401,2.28051733970642,-0.0295783839077576,18.7670125963663,1.4462937320112,-0.0510574797831073,-0.0713327538594621,6.52881638248385,17.6540953887543,-0.277306814894154,2357.11151898389,2406.41119044437,0
3.59,-0.0861764133082615,2.19054770469666,-0.0445409965312632,18.9007439225022,2.16913156879121,-0.0717747203697345,0.0652584408220172,17.7020114960553,-6.97008189193346,-1.83163457937122,2360.35591337195,2406.41119044437,0
3.6,-0.0725905949868006,-1.27417266368866,0.0191046525269056,19.087920178835,-0.961413050367686,-0.0375835354978943,0.0649758423430589,5.96448894496177,-18.1575847356531,-2.87453727874758,2447.24483327025,2406.41119044437,0
3.61,-0.095751679146045,-1.18178343772888,0.0541737531349184,19.2681988105098,-2.69394251462431,0.015990868128792,0.108846091911919,-9.69797743334531,-16.866239811403,2.48085087431369,2444.15014253403,2406.41119044437,0
3.62,-0.103269011415272,2.00862097740173,-0.0311344847465359,18.7168437726008,1.55217579102443,0.0759701282998871,-0.0765662096829826,-15.7176704082362,10.2802882951911,1.07431279531546,2363.99081863944,2406.41119044437,0
3.63,-0.0508793656042286,2.93928170204163,-0.0170236417383396,16.8830514659486,0.808254161116595,-0.042131656064835,-0.0332180339508309,9.93205696477217,13.6764376223984,-0.580268042108889,2341.79373524894,2406.41119044437,0
3.64,-0.0975274159375057,-0.219446510076523,-0.0103718066093396,20.581551789722,0.456980168957741,-0.0927155722493757,0.0319842757344851,19.9545628895963,-5.0620672489584,-1.79703547427597,2421.66648839896,2406.41119044437,0
3.65,-0.0927996979093563,0.673542141914368,0.0669288186172661,18.6972430789261,-3.33272115509292,0.0651250380356121,-0.0940743329204666,-2.97118775356795,18.7580908512328,-0.0193041757403452,2399.06147036478,2406.41119044437,0
3.66,-0.0618668795913077,-0.788627862930298,0.0223320532770128,17.994773077773,-1.10205021017723,-0.0434161186718472,-0.0494092302450138,15.230275444421,9.64702455026217,-1.06733787717969,2435.7003992699,2406.41119044437,0
3.67,-0.0774808737584526,-2.43853497505188,0.0459512227160447,18.9328699470757,-2.29111837665221,-0.086483269045152,-0.0252080313141798,18.9069480821884,-2.49601724075491,-1.82248035248621,2475.99230984586,2406.41119044437,0
3.68,-0.098133473881438,0.990653216838837,-0.0072884280874443,17.677457310479,0.343726488276325,-0.0031208208222226,0.0983542594777689,1.52593821663542,-17.6148277715554,-3.03573843887133,2389.08312114532,2406.41119044437,0
3.69,-0.0514618927186503,-0.367246627807617,-0.0229804212631299,17.1015660514386,1.10830641485789,0.0559397014587871,0.00686847612782944,-15.2210463486442,-7.87474777839639,2.11295143026037,2423.44813826337,2406.41119044437,0
3.7,-0.119090333589798,2.86383533477783,-0.0205603248743359,19.2896169003505,0.967833420757265,0.0450123952081106,-0.112156670738286,-9.30164977553572,16.9264684191918,0.552616216901631,2342.78341773029,2406.41119044437,0
3.71,-0.0391206577549074,2.95295286178589,0.0157327178251206,16.7496659814798,-0.773543737607704,-0.0286904265620947,-0.0308998980099695,14.8240780663964,7.83558484648834,-1.1307035006936,2342.20290188167,2406.41119044437,0
3.72,-0.0823176080716915,2.58930373191833,0.0248339316315466,18.7297097685027,-1.27339828095676,-0.0541128710353368,0.0668184850714078,8.26011756187487,-16.8580553166222,-2.75387644561089,2352.18387666705,2406.41119044437,0
3.73,-0.0625808680215002,-2.21228909492493,-0.0197822387932231,19.2156610391162,0.943774190124937,0.0483661246963636,0.0443668794919401,-10.4046473055383,-16.1825725192105,2.61926215667084,2472.54468773019,2406.41119044437,0
3.74,-0.0930876218051225,1.74290716648102,-0.0186529686416656,17.2033129783147,0.872872202265387,-0.078710135833614,0.0530843959138136,15.5382847859544,-7.43488999393515,-1.96639194743699,2372.58061958572,2406.41119044437,0
3.75,-0.0842691598292218,-0.107655078172684,0.046732581246871,19.3868969149153,-2.32150534189415,-0.0462242466919445,0.0845490654358793,2.20471115503397,-19.4005259661913,3.13557040074605,2419.80056895806,2406.41119044437,0
3.76,-0.0659887802767279,2.34804177284241,0.017723749752467,16.6602503329479,-0.884338215015961,0.0641772066240978,0.0234507265905814,-16.5182068398444,-2.34410708610918,1.6587345950469,2358.3135563825,2406.41119044437,0
3.77,-0.0563082390925845,-0.766524612903595,-0.0233432723291004,18.3504003746876,1.1474100721479,0.00989869401460329,-0.0601460057654992,-8.71244960523295,16.1909532042211,0.556112226800778,2436.76992386457,2406.41119044437,0
3.78,-0.047749172785468,0.371270269155502,0.00834575950313737,15.9148199182611,-0.461412032043335,-0.0202258939130666,-0.0440516562548795,8.65172003242072,13.3657074101824,-0.603464441057616,2407.53682535354,2406.41119044437,0
3.79,-0.10028474180919,3.04568004608154,0.0149912627898147,18.8646414656922,-0.788865210451639,-0.0900740264051791,0.0465664811525238,15.7546051033219,-10.4062204468172,-2.19632374815155,2341.51003261301,2406.41119044437,0
3.8,-0.0246273874443129,0.289699822664261,0.00617881288729754,16.7852307812344,-0.288428193305076,0.00223094374786904,0.0252924658944591,-5.22686984660948,-15.953275363028,2.80779653028819,2411.48337305106,2406.41119044437,0
3.81,-0.0173551538784723,-2.20226383209229,0.00793231078062438,16.3760780845914,-0.381149827175184,0.0124932013446207,0.0144236902569567,-14.7386617308185,-7.14794089286539,1.99908446560368,2473.20063203279,2406.41119044437,0
3.82,-0.106421316674005,1.07671594619751,0.0154844618528616,18.1809230332527,-0.793318014364938,-0.0770231941049506,0.0750512676200255,11.6885561324708,-13.9482246666396,-2.48771593421185,2389.81286307331,2406.41119044437,0
3.83,-0.0271136114746345,-2.10805869102478,0.00213444772322275,16.8293429492943,-0.132788315908342,0.00352178374553492,0.0269685155974571,-3.35222294406703,-16.4926352707829,2.93317841286241,2469.71590195724,2406.41119044437,0
3.84,-0.105816149988775,0.290568351745605,-0.0213957924590849,18.3984272592475,1.01601100203417,0.10778458696668,0.00610903804387046,-18.0556383557243,-3.67808748364902,1.82692189821368,2408.33962330961,2406.41119044437,0
3.85,-0.0952829786090211,2.03417062759399,0.00871889341189194,18.454478857501,-0.474187034659557,0.043133271241559,-0.0854071778420128,-7.2246174621986,16.9881589870911,0.376413158559528,2365.43354025417,2406.41119044437,0
3.86,-0.0877768198123365,-0.317101657390594,0.0396741953229293,20.0181017591587,-1.96908402796295,-0.0339320106468086,-0.090152263001847,12.748488763934,15.5588471354744,-0.784491971326451,2424.91814189701,2406.41119044437,0
3.87,-0.0933144613405555,2.0407087802887,0.0172130175694882,18.1881050829501,-0.870525570967096,-0.0850994510879599,0.0419757083758386,15.1018779708845,-10.1734096069438,-2.21144517928487,2365.58950804304,2406.41119044437,0
3.88,-0.0753579572652477,2.8951141834259,-0.0275886648216003,17.7131564809084,1.33069997800342,0.0697413583574994,0.0397001144114264,-12.4586820230866,-12.6612762862291,2.43924348365275,2345.17094459277,2406.41119044437,0
3.89,-0.100697395651364,2.44265174865723,0.0353473936509297,19.659634412326,-1.78205200200819,0.0990902079244599,-0.0396299687404432,-15.9780158640121,11.592236350832,0.852754678925984,2357.80380182675,2406.41119044437,0
3.9,-0.0475238246573491,0.0451570749282837,0.0189966230561225,17.9287173881329,-0.932842136812667,0.0011180127001478,-0.0511677207348653,5.41584201111147,17.1165930297601,-0.358425744560758,2418.5050451727,2406.41119044437,0
3.91,-0.0850200439458758,-1.69210863113403,-0.0155266976204567,19.1929008856481,0.781898387948358,0.0863830464847707,0.00273047460447672,-18.9269751520845,-3.27847847145021,1.78302811188256,2461.17147219717,2406.41119044437,0
3.92,-0.0700742588712599,1.202840924263,0.0118779326876646,16.4956566222815,-0.615053482120523,0.0462482468253609,-0.0539683861799622,-9.01693558315797,13.82678020637,0.540606535893541,2387.76769996332,2406.41119044437,0
3.93,-0.100970198825803,2.55038547515869,-0.0475473603448642,18.9202201600768,2.32057573770604,-0.110669242678637,-0.0144239818227684,17.1836405303604,8.25119996022164,-1.00109094357928,2354.87778143638,2406.41119044437,0
3.94,-0.0700724599535315,-0.874776840209961,-0.0205672647346632,19.1697090088521,0.969844508056065,-0.0508861449079678,0.0523809343082986,16.2119896349561,-10.2756865429979,-2.08517247942495,2441.24684596427,2406.41119044437,0
3.95,-0.093305706489856,3.10957980155945,0.0411655748337371,18.0017001719028,-2.04831244471363,0.00718633753332761,0.101729621879865,-6.59780352251435,-16.8738194143635,2.65556457324066,2341.52309497439,2406.41119044437,0
3.96,-0.0432617484575426,2.22464060783386,0.031608956651605,17.2551326367256,-1.6000482279869,0.052831812786836,0.00891653396020278,-16.1480551660058,6.28808961438299,1.10699475036219,2364.97535057784,2406.41119044437,0
3.97,-0.0772442705451327,0.324608743190765,-0.0246188001012513,19.0052639315099,1.18161074080566,-0.0340876926010648,-0.073558084964267,3.54964155086917,18.7081882048873,-0.125415519151112,2412.66463864731,2406.41119044437,0
3.98,-0.104576486888098,2.60017156600952,-0.0196543627861554,18.8025905383363,0.93689057409386,-0.103347262364331,0.0253353300389898,18.7233808566783,-1.96218862394319,-1.62542745258701,2355.91772306832,2406.41119044437,0
3.99,-0.0501555785043634,0.0402576923370361,0.00921428396491675,18.2883558539631,-0.44233398242689,-0.0243889634886414,0.0447846351335277,6.12086856021694,-17.2393325642771,-2.82460573927223,2420.83832992629,2406.41119044437,0
4,-0.0614382108795899,1.01688182353973,0.0441973559987859,17.5863453242774,-2.21147757773952,-0.0324128197430867,-0.0683920254830236,14.3252632483464,10.4382473532271,-1.06618632895057,2396.23293060382,2406.41119044437,0
4.01,-0.0761020389321874,2.16123342514038,-0.0297334012721395,17.4896686528499,1.4481249257674,-0.0200709455712496,0.0792007110114686,8.9934786772083,-15.0699341959316,-2.52093160497599,2367.61659342194,2406.41119044437,0
4.02,-0.0602970145708184,-1.07196307182312,-0.00475904859373876,18.1420718355447,0.183444083509768,0.0278200726571292,0.053706815833962,-7.22016198700084,-16.6444490175946,2.74241329811202,2448.71052208763,2406.41119044437,0
4.03,-0.118881706338994,3.03429627418518,0.0456300651973413,19.036780415364,-2.27920706204722,0.127265272072639,0.00430272893194224,-18.7372959234715,4.06294657739039,1.23810531198107,2345.9433101621,2406.41119044437,0
4.04,-0.0137783341344822,-0.738339722156525,0.0125028174616671,16.6522182893938,-0.604438693966761,0.0142805511775131,-0.0119259714098112,-2.89108464427553,16.4104646391265,0.138101951886497,2441.32151063998,2406.41119044437,0
4.05,-0.0692914345418037,-1.64462757110596,0.0135154731232686,18.2161863386687,-0.667518016504825,-0.0334405356371151,-0.0621747657085228,11.0239129164867,14.5171749675057,-0.686099074614315,2462.73168415493,2406.41119044437,0
4.06,-0.0658346007626255,-2.38199520111084,0.0192996571017749,17.7276704374035,-0.962201368025085,-0.0609181885518128,-0.0315538543665614,17.2150269767044,4.3403890149572,-1.37803951938799,2479.92963678169,2406.41119044437,0
4.07,-0.100769430150857,0.375009030103683,-0.00550138802873904,18.227233627798,0.252475983324413,-0.0589742377932065,0.0818949485614432,11.2453679848607,-14.3470376290563,-2.46295051604338,2409.8154197853,2406.41119044437,0
4.08,-0.0934796102708527,0.800127267837524,-0.0139464845575642,18.9213591373647,0.647662635387406,0.0620659199054215,0.0712794749854311,-10.7295242537467,-15.5985450533912,2.57328067292128,2399.36137925102,2406.41119044437,0
4.09,-0.116388748626243,1.19209218025208,-0.0300683681059392,20.2177458564738,1.44038715566543,-0.0918805520884429,0.0775139452954117,17.5989147968766,-10.0553548245424,-2.01876887610095,2389.79134979218,2406.41119044437,0
4.1,-0.109575494360975,-0.623519957065582,0.0348259928957572,20.5990780075061,-1.7300961325673,-0.041291183469232,0.107306462588875,2.95403924518599,-20.4594452399167,-3.08199086233525,2435.52118022851,2406.41119044437,0
4.11,-0.0967242666279038,-0.839775204658508,-0.00668323905465228,19.546445356312,0.347137028923569,0.0803127392632108,0.0543149459265769,-15.611840760238,-11.7666672537772,2.23441989948553,2440.19039912962,2406.41119044437,0
4.12,-0.0940896202041296,0.995846152305603,0.0222370306474123,18.4484021292218,-1.11938610472604,0.0910831906027985,-0.0324221305867703,-16.0990918030457,9.07831534427149,0.996739945713305,2393.81140456919,2406.41119044437,0
4.13,-0.0604791359874201,1.18175673484802,0.0167624328617554,17.1660571995548,-0.874969429703281,-0.00388314337936009,-0.062638855694569,4.7725613957321,16.5124725285243,-0.332287114511025,2389.45279311919,2406.41119044437,0
4.14,-0.111926516535817,0.435530722141266,-0.0314825321240279,20.1297602138382,1.51280524699992,-0.112428578659817,0.0296396631781857,20.1518949540021,-1.18192882392957,-1.55436855189469,2408.32864221752,2406.41119044437,0
4.15,-0.114690856255081,1.81625890731812,0.0448222439366166,19.6069821632151,-2.23187920583926,-0.0654619573655683,0.10429649178139,5.85597723687406,-18.8446959365044,-2.95364643882403,2374.0089721275,2406.41119044437,0
4.16,-0.0880965407146473,1.94066631793976,-0.00944653673154212,19.200310286606,0.47568327663905,0.0870187739454742,0.0166724480246406,-18.5034282153899,-5.14794463446674,1.8669194070759,2371.67959861536,2406.41119044437,0
4.17,-0.0667442990049825,3.04178428649902,0.00198450357089343,16.9411500616952,-0.13627804977985,-0.00913980838831031,0.0661453218807979,1.95457387395987,-16.82857029254,-3.03400860073845,2344.76084855511,2406.41119044437,0
4.18,-0.0365599035569212,-2.58523082733154,0.00490845692831788,18.133531041001,-0.293280572866132,0.0210691281783349,0.0302788925707897,-12.0294565436547,-13.5721456215917,2.4002072638389,2486.13630741512,2406.41119044437,0
4.19,-0.136982265595468,2.46646881103516,-0.0278231097836181,19.3421855536085,1.32780208241893,0.102809766476089,-0.0947017341067772,-15.8630339106922,11.1466297825184,1.02681471324151,2358.57222574355,2406.41119044437,0
4.2,-0.0976397802516468,1.05010116100311,0.0498122432541628,19.9092600976171,-2.47870704629059,0.0165944942688002,-0.108348553407808,3.90534162341758,19.6792005188296,-0.319767803787196,2395.11147480814,2406.41119044437,0
4.21,-0.0561982333161421,1.85164022445679,0.040704695730118,17.1667431142586,-2.04380995956665,-0.0619584237798222,-0.0312452781241741,17.2732537052394,-0.713396619140287,-1.73057209740854,2375.29261929438,2406.41119044437,0
4.22,-0.0870615189434913,-0.250071167945862,-0.0216715484884161,19.3269175418411,1.04763123406424,-0.00363081834316076,0.0896447502801622,4.41806270768256,-18.8443093474581,-2.85714843576363,2428.00091035021,2406.41119044437,0
4.23,-0.0844604330127924,1.67088174819946,-0.0314366697880625,17.8971333597828,1.5134263815448,0.0889422959372829,0.0145291756640514,-16.2967539375167,-7.55073857382447,2.08903998090211,2379.70467183569,2406.41119044437,0
4.24,-0.0790146959675734,-2.70656490325928,-0.0280382924878022,19.5549490559671,1.33951324548827,0.0695720936220345,-0.0467888000864147,-18.6091328432232,6.15552622767389,1.31973878438901,2489.29884586432,2406.41119044437,0
4.25,-0.149074199799969,0.727219998836517,-0.0203765332863373,20.149713211685,1.02597639900174,0.010346533487182,-0.150104195143136,-3.09065744881033,19.9376880961303,0.204665500218132,2402.0224324949,2406.41119044437,0
4.26,-0.0565407468119154,-0.856458604335785,0.0182975388068314,18.0417659339022,-0.898551145782205,0.034593580069112,0.0483212188840323,-13.9748455444268,-11.4462397399633,2.20728893940266,2441.90912676569,2406.41119044437,0
4.27,-0.0603769676334294,-0.0308745503425598,0.0389421036587587,17.2154250581009,-1.94573488794421,0.071200568020628,0.0096096186978261,-16.4117617396271,5.55074956982968,1.13211107278015,2420.52242597371,2406.41119044437,0
4.28,-0.0860014669352676,1.57797992229462,0.0229944798999446,18.0419867035218,-1.18341720455583,0.00417725691509309,-0.0889244001697632,2.68089946965468,17.8808987057055,-0.214320954676439,2380.17626569257,2406.41119044437,0
4.29,-0.0631975184824285,-1.91486489772797,0.0248934266075455,18.9620870306392,-1.29163782738427,-0.0453107089835186,-0.050601864412421,16.3668847359545,9.66199549133846,-1.10552326331064,2467.7069350775,2406.41119044437,0
4.3,-0.0866826187706535,-0.806179106235504,-0.0117200246716243,17.7732410626573,0.526887875191284,-0.0722476034614822,0.049310436717944,15.6539999529537,-8.43314853285984,-2.03530298405028,2438.50415582429,2406.41119044437,0
4.31,-0.102940564125713,-1.45760869979858,-0.0595536836215119,19.6673645459153,2.9143106019185,0.0348024163355943,0.113719799474916,1.59648518148751,-19.8179128449913,-2.91409900485115,2454.35324957066,2406.41119044437,0
4.32,-0.0788083834919387,2.27347230911255,0.0133008185791898,17.117296324454,-0.649963745230334,0.0678457316378307,0.0422448787667387,-15.5868454574452,-7.10454326575601,1.9605132588528,2360.84481845524,2406.41119044437,0
4.33,-0.0637232755901483,0.776198387145996,0.0254852781130098,18.5519479640955,-1.2749970139596,0.0585789870680271,-0.0357583210808248,-12.1341342971843,14.0912446400596,0.642291778461433,2399.23509228621,2406.41119044437,0
4.34,-0.0369391470214665,1.4513053894043,0.016589245502625,15.9707183745291,-0.861128344194739,-0.011953353150249,-0.0386887709482392,9.90556989249386,12.5572716992433,-0.721760643365717,2382.2162972981,2406.41119044437,0
4.35,-0.0679989170247565,-0.0629116594791412,-0.0499508675630828,18.3154981432039,2.44297529987457,0.0398393914890688,-0.0743758346012001,-15.4753600229546,10.0964762521109,1.12532014792964,2420.3444677834,2406.41119044437,0
4.36,-0.135533382146766,0.435227513313293,-0.0198242478618879,20.9518215160747,0.92674697608996,-0.0274587300494899,-0.134195069296529,2.11036823591477,20.8658580151401,-0.0565935434407058,2407.69005733552,2406.41119044437,0
4.37,-0.134113768036834,-2.17462205886841,0.0450457184690984,21.7408662532914,-2.24999209318636,-0.0742552880306369,-0.120423302267137,15.2696728138072,15.6385684134508,-0.876587793231915,2472.63070646879,2406.41119044437,0
4.38,-0.0719084697504958,1.44321060180664,-0.00525027807180647,16.9247469059376,0.273548427134664,-0.057796790948759,0.0431036471509629,14.120881101456,-9.33394897621446,-2.13870665837416,2381.34052863204,2406.41119044437,0
4.39,-0.0639610109541375,-2.1612491607666,0.0319985745435209,18.6568262903098,-1.59883823451318,-0.0404181982620798,0.0590024486300337,4.1269544731872,-18.2647665658003,-3.0048609417121,2471.67371510979,2406.41119044437,0
4.4,-0.0797094065545516,1.0512490272522,-0.0207849540964949,17.3217054900426,1.01222654815389,0.080017884029107,0.0195637942530733,-15.7243692336567,-7.33555014107259,2.06566401018239,2390.32263385534,2406.41119044437,0
4.41,-0.115537813236889,0.881572425365448,0.00144555691174643,19.9319613443066,-0.130762992639688,0.0809584908661899,-0.0824426993675989,-13.8808567090299,14.3046146055934,0.763804300640801,2394.66510564757,2406.41119044437,0
4.42,-0.134232712599411,1.98339450359344,0.0495323285183973,20.8103886220112,-2.50007826899657,-0.0474934278337907,-0.134967577635694,11.3511784841129,17.6202557578502,-0.691858552251074,2367.93182619511,2406.41119044437,0
4.43,-0.0870677296507739,-0.398680746555328,-0.0082153061988371,19.7509145589076,0.424420229478797,0.0772592163726528,-0.0409791933542441,-18.0778521626833,7.96680736736019,1.17719320102781,2427.96383539548,2406.41119044437,0
4.44,-0.0715619692722861,2.24986243247986,-0.00128290868238209,17.2053167783102,0.0520443898144461,-0.020268138604364,-0.0686437459520476,4.62580962481589,16.5718894328762,-0.269182371198416,2361.52753468068,2406.41119044437,0
4.45,-0.0708245091256291,1.91675662994385,0.00986518817919783,18.2157914009488,-0.542557115728662,-0.071432842340237,0.00328360562372325,18.0066314051671,-2.80546787990135,-1.75513182899491,2370.74055619555,2406.41119044437,0
4.46,-0.0957357736810525,-0.447803914546967,-0.0103590252559782,19.8358760428391,0.454430906572446,-0.0149309986277762,0.0951299797463505,4.72712663921748,-19.2697368838427,-2.87812411368748,2429.98484605598,2406.41119044437,0
4.47,-0.0614640844804944,2.0712571144104,0.0140320405510365,16.5278701808304,-0.685182094797302,0.0502138907072014,0.0381221329819898,-14.7756845020515,-7.4376820793342,1.99570633219687,2366.9708561435,2406.41119044437,0
4.48,-0.0819569429398135,0.655290126800537,0.0462793159305073,19.3067755794395,-2.31387136947934,0.0885047900939664,-0.0320252667351655,-14.3338214731291,13.1395260936535,0.709563145616515,2403.15634361914,2406.41119044437,0
4.49,-0.0763683575352232,-0.82269948720932,0.0264808094888686,18.3804984157265,-1.34239688270035,0.00212632958282674,-0.0808012254010955,4.28334897058459,17.9247781854448,-0.307468031360574,2439.6445865965,2406.41119044437,0
4.5,-0.098708945059654,2.15338897705078,-0.0232855086125311,17.7544774715586,1.1118393070312,-0.0942759142384659,0.0373861303244328,17.4043024706017,-3.68074889724189,-1.71666900461884,2364.80457722601,2406.41119044437,0
4.51,-0.0881507485667295,-0.549221277236938,-0.042839806929377,19.7985487496506,2.07970847571482,0.0138204864279486,0.0970298803746349,4.07644606187046,-19.4856436239841,-2.830704698884,2433.17431072211,2406.41119044437,0
4.52,-0.0880026908149199,2.47172427177429,0.0409390990426269,17.9909477400475,-2.03396685780765,-0.0726637070056674,-0.0643464770230889,16.6627553213046,7.08264123516911,-1.28145336800496,2357.58942829016,2406.41119044437,0
4.53,-0.0354819008025694,-0.49416184425354,0.0171613995451237,17.3230590896531,-0.850170003681627,-0.0364504892588118,0.0149946907838739,12.1861185102601,-12.3413808349257,-2.41156255257477,2432.40671492921,2406.41119044437,0
4.54,-0.0237091166476375,-2.37913393974304,-0.0145951191769754,16.1384426025924,0.731603642649833,0.0149372003655816,0.02349510079229,-0.965419791349278,-16.1261445532892,3.12709923672872,2478.70869344903,2406.41119044437,0
4.55,-0.0971830438344538,2.05597233772278,0.00422460830418848,17.5699706283874,-0.250178214783065,0.0940466652814023,0.0248518826993262,-17.1124627231778,-3.99125000086409,1.78569837027109,2366.69440480202,2406.41119044437,0
4.56,-0.0471226261728827,-2.69130611419678,-0.0224175497552832,18.5554170679985,1.07476666242633,0.0264215936895667,-0.0449998646816109,-14.7547567699896,11.3029101829784,0.974958216970476,2485.85188196065,2406.41119044437,0
4.57,-0.128388191541204,2.74646019935608,-0.0109528929175853,18.70952907962,0.483709610557063,-0.0664804203474281,-0.110380466120207,8.68967974356963,16.576185306719,-0.456992743184873,2348.67723090823,2406.41119044437,0
4.58,-0.0989266082034354,-2.27234077453613,0.00788108395972861,21.4488010060079,-0.384401784807658,-0.0951237337321646,-0.0282853420673776,20.899740457057,4.83732138224708,-1.36126766729888,2475.11922174036,2406.41119044437,0
4.59,-0.0960405575445083,0.363217979669571,0.0404445508892851,18.2850192013893,-2.01228057468036,-0.0917520582775442,0.0494075924522751,13.0395444470511,-12.9754183331325,-2.46333922142022,2407.95661830568,2406.41119044437,0
4.6,-0.0508053245985867,-0.318661063909531,0.0318198463392,17.1319291646375,-1.59218391401962,-0.0084526843721358,0.0593484267316592,-5.50041437860372,-16.3028674834175,2.72352566276069,2425.0619154375,2406.41119044437,0
4.61,-0.0377074351786273,-0.868607461452484,0.0148135671744121,16.2323868494028,-0.759573547818015,-0.0372988302610525,-0.0158142246518251,16.2063464235437,1.19233820843804,-1.54411593918768,2438.33016027556,2406.41119044437,0
4.62,-0.107247305432152,0.646650433540344,0.0185226749008803,19.174894935415,-0.978316468388496,-0.0583168197184955,0.0918924509731976,8.27236473887317,-17.3263291127571,-2.74712801089705,2399.84123605953,2406.41119044437,0
4.63,-0.0542533248519522,-1.91496443748474,0.0162179994143363,17.696968710159,-0.868597180283427,0.0110576240444741,0.055535355522279,-7.5143969363062,-16.0459029435421,2.65457761465241,2463.7605398225,2406.41119044437,0
4.64,-0.119709736225443,0.702086210250854,-0.040345209244482,19.2248730451855,1.96437170268397,0.115347576613336,-0.0515081879469334,-18.9521928440403,3.77741792658857,1.47588672547833,2397.50059680078,2406.41119044437,0
4.65,-0.0663593999146117,1.19113075733185,0.0167410460216847,17.6622090158244,-0.823567871991769,0.0252187837227926,-0.0636226809123173,-3.11077316841544,17.405602019267,0.130260216328704,2385.95753190125,2406.41119044437,0
4.66,-0.0561652528087873,0.300631463527679,0.0352818305438525,17.4801584541599,-1.77020938370987,-0.0338824957976739,-0.0570203443353398,14.7472719597323,9.55026442515624,-1.09703898359941,2408.29175865709,2406.41119044437,0
4.67,-0.0642505525134841,-1.89065170288086,-0.00992349759420574,18.3228605031034,0.475167245670861,-0.0553255422349918,0.0341422565041376,16.6939284291403,-7.56741399226223,-1.97046672205229,2462.64440966541,2406.41119044437,0
4.68,-0.0929688877099774,1.08396661281586,0.0215464463878789,17.8422647531577,-1.12894574700544,-0.0149554208757472,0.0942539061281037,-0.128538801917331,-17.877483262413,3.07121335231427,2387.31431179338,2406.41119044437,0
4.69,-0.10837152958614,0.749301314353943,-0.00661862741852759,20.1817799278872,0.266780253167544,0.107458000440451,0.0155232984602166,-19.8155584988726,-3.83654195062568,1.77526078375274,2396.45552986999,2406.41119044437,0
4.7,-0.103559232569949,0.411063581705093,0.0149825385054303,19.7818999859082,-0.737038720072764,-0.0551095682673096,0.0889490112139212,8.57907130170629,-17.8400204239682,-2.73059133260739,2404.98695247636,2406.41119044437,0
4.71,-0.0823263542195438,0.0934029817581177,0.0296740303848432,18.7898667993912,-1.47908838601129,0.0353144522806007,0.0800691334940223,-11.8921672155003,-14.6226931757141,2.38025835960018,2412.9502188187,2406.41119044437,0
4.72,-0.0874959886756837,2.91530990600586,-0.000942905375022701,17.7962321266038,0.0119150693688396,0.0620452362417693,-0.0616994794514886,-12.7451281433456,12.4204560497006,0.79896840802363,2342.52665750899,2406.41119044437,0
4.73,-0.0276233282913955,-1.79872369766235,0.0168202866202265,17.4032564153574,-0.889286711813371,0.0112368137654119,-0.0303266273146592,2.44983057127636,17.2528981590493,-0.192106817212099,2461.17250633806,2406.41119044437,0
4.74,-0.148441539702668,3.02002930641174,0.0349347384134215,19.6842473068239,-1.78770031752708,-0.151894026157221,-0.0135473789000836,19.7389388171065,-1.01968565549177,-1.71297939917463,2340.11304128772,2406.41119044437,0
4.75,-0.0683384910941429,0.256937325000763,0.00686754833637205,18.8269355202949,-0.329884082440355,-0.0164941041903235,0.066672761395756,2.99775820868133,-18.5896683756186,-2.99922982691288,2410.50882890162,2406.41119044437,0
4.76,-0.0784630973433852,0.0939897894859314,-0.0197972632295641,18.5884465139235,0.984995634096004,0.0771000198912598,0.0245759274263565,-16.3108526787345,-8.96976282255022,2.12652291831542,2414.23134359806,2406.41119044437,0
4.77,-0.0363582410114484,0.139878064393997,-0.00543325243023185,16.130277192946,0.244379103778156,0.0268081916843975,-0.0251547764853872,-13.125840813178,9.37858552313454,0.965545451006325,2412.71922387361,2406.41119044437,0
4.78,-0.0889070329275237,0.428296029567719,0.0170150219415046,18.5812513157756,-0.907520194800001,0.0165939432565584,0.0889865861961441,-5.93407638397831,-17.6315975122248,2.76813977281324,2405.46283763852,2406.41119044437,0
4.79,-0.0973853276214717,-2.57857799530029,-0.0125233239629875,20.1639642998136,0.562269789765136,0.0940715401688033,0.0281297175473295,-18.6526479145251,-7.67986519265799,1.98925183451796,2480.29774652402,2406.41119044437,0
4.8,-0.101432046487914,-0.825069189071655,0.00093996937398952,18.6443973529768,-0.110844805663557,0.0887475213001097,-0.0491245464125312,-16.2823390638694,9.08357164532895,1.05597913311026,2435.0091808767,2406.41119044437,0
4.81,-0.116004230729239,-1.25878393650055,0.0178569174311529,19.9899523505569,-0.883776295618172,0.0314637495277564,-0.113074681131013,-3.24394008459405,19.7447742009321,0.118656611201998,2445.42396872997,2406.41119044437,0
4.82,-0.119996166243727,-2.62448048591614,0.0476768815029122,20.9073902534213,-2.37376927540817,-0.0292166883205113,-0.125771817457716,9.96568740492705,18.5321024799941,-0.606444872778561,2478.74696943444,2406.41119044437,0
4.83,-0.0782386717394766,2.19432687759399,0.0260601649596938,16.6623120480727,-1.30583326957289,-0.0819822265796046,0.00890710269023593,15.6912755841652,-5.75514672767375,-2.00054605207579,2357.53302783201,2406.41119044437,0
4.84,-0.0492940737869001,0.401074409484863,-0.035513416406895,17.6050409716291,1.74569547093242,0.0428303106481116,0.0430891279232258,-4.49524040536398,-17.1107490773477,2.98351949571759,2403.23372734694,2406.41119044437,0
4.85,-0.0147288296469919,-1.78684532642365,0.014694318430586,16.0333805038325,-0.778021233241603,0.00586369160573881,0.0199619272031124,-13.6903771290002,-8.38141882295601,2.07166012672144,2457.58678088522,2406.41119044437,0
4.86,-0.152485325936686,1.66799020767212,-0.0508536343760134,20.4154824143904,2.47552349521533,0.0629565749137657,-0.147899751285775,-11.6740924662469,16.9303190719243,0.724337746834389,2370.43586456075,2406.41119044437,0
4.87,-0.0709868025444123,1.88198781013489,0.0592059699625898,18.1930358550002,-2.9475859335043,0.0195169316679519,0.090352434349933,-12.5259928171347,-13.5194053272251,2.23369603149508,2366.20443057961,2406.41119044437,0
4.88,-0.0753737384411007,2.64073610305786,-0.023950102549696,17.9523439425331,1.17830465304532,0.0242466847774075,-0.0752788558363732,-9.46063805947825,15.3026593242464,0.619260860626591,2348.05674526355,2406.41119044437,0
4.89,-0.0323253403176837,-2.53486061096191,-0.0204316939446302,17.7724487523356,0.990089446765714,-0.0282261843906468,-0.0258004701283971,5.63737477670094,16.8837264072244,-0.266603354336408,2477.96305023834,2406.41119044437,0
4.9,-0.134629193655922,1.01536166667938,0.00746756355892571,19.4512425668416,-0.436636833313658,-0.133429029815939,-0.0194288005890084,19.3350480005752,2.16735044092373,-1.48161191262339,2387.68257003012,2406.41119044437,0
4.91,-0.076859595815625,-1.85145318508148,-0.0513001925681773,19.3245241295575,2.50300813786936,-0.0134291301313497,0.0914262855550229,11.0921811952074,-16.0207927052558,-2.40720374282034,2459.83893283264,2406.41119044437,0
4.92,-0.112640400050844,1.85778200626373,0.0504851862486428,18.8277945710254,-2.5141994600464,0.0258510057183096,0.120699375547375,-9.09985221250339,-16.6733241150117,2.50924920300543,2366.50167354639,2406.41119044437,0
4.93,-0.045010640677138,0.0992409139871597,0.0233093546902555,17.521833452122,-1.16116213226,0.049895730018325,0.00892748095382957,-17.0791881989151,4.08219003567136,1.270009785534,2411.23631612852,2406.41119044437,0
4.94,-0.0896319877120836,1.24844241142273,-0.0130909345109376,18.6155553447167,0.622748840314633,-0.0198524817156545,-0.0883806809054918,2.03308566320948,18.5146774100004,-0.0759305316181183,2382.3499479705,2406.41119044437,0
4.95,-0.0527157402897175,-0.0977953672409058,-0.00664949815383625,17.6604832352846,0.280279719658123,-0.0522398868857049,-0.00970357244315545,16.9086050660223,5.10590829787479,-1.26166314998036,2416.3467429149,2406.41119044437,0
4.96,-0.108793286184835,3.05240631103516,0.000585929267751022,18.9769546750393,-0.0264945496490388,0.0164624934388903,-0.107542125428953,-2.79667548809311,18.7697660324777,0.146514642647905,2337.88409269585,2406.41119044437,0
4.97,-0.0438138409981998,-0.132120549678802,-0.00152545918734748,18.4540877955474,0.0899870051517278,-0.0396503063317292,-0.0187038203730638,16.4474638057983,8.36913307241682,-1.09522525756687,2418.82916015939,2406.41119044437,0
4.98,-0.050002161276811,0.0389350950717926,-0.00820063318689179,16.8189513012778,0.403070145803115,-0.0339693273169616,0.0375972248796543,12.8951357103807,-10.8053256974538,-2.24428538131882,2413.77756730858,2406.41119044437,0
4.99,-0.0487148316069608,-1.81460094451904,0.019723783705978,17.3303837703031,-1.00925817468697,-0.0204081925976452,0.0484320982105068,1.25333411151139,-17.3144436033642,-3.12750270612293,2459.64351182502,2406.41119044437,0
5,-0.0938110156884062,-1.72083151340485,-0.00926209718486298,18.8763574135644,0.422453875218245,0.0751220943936482,0.0569470283918665,-14.1365422164257,-12.5161300186811,2.31784818741423,2456.15427874776,2406.41119044437,0
5.01,-0.0971253137206262,2.06836199760437,-0.0307638532213987,17.6042179093259,1.47652350528573,0.0579922968699605,-0.0837653552138603,-13.0198643674381,11.9403409379384,0.91229843959981,2360.994793974,2406.41119044437,0
5.02,-0.0857735389647177,0.0156744718551636,-0.00232456142921211,19.7547889759395,0.127958475216856,-0.0294832271311793,-0.0805806607710648,6.40411529267898,18.6883752149126,-0.323660767332405,2413.30201572245,2406.41119044437,0
5.03,-0.0616980300672074,2.42094445228577,0.0537931765158755,16.7670309795446,-2.68763928204055,-0.0737840034586312,-0.0354439499415467,16.8778892018025,-1.86911446173173,-1.84003131237041,2353.43816095641,2406.41119044437,0
5.04,-0.0174387930242384,0.771842837333679,-0.00668508143549753,16.0515558268976,0.309528205352494,0.00754727493409779,0.0170833385791712,-1.11042075140063,-16.0160924675395,3.09165284630154,2395.52965859243,2406.41119044437,0
5.05,-0.0830435121894273,0.617154359817505,0.00549980099186863,18.6500118641299,-0.332093676747415,-0.0817763622795618,-0.0154628360926313,18.4742125059093,2.57617954126419,-1.45004721430577,2399.13772415643,2406.41119044437,0
5.06,-0.111955700132964,-2.34430360794067,-0.0288711145660111,21.0252151691737,1.37736399567457,-0.0660795244897628,0.0948742140507778,15.0462496236872,-14.7501585329896,-2.28084104785918,2472.94773586255,2406.41119044437,0
5.07,-0.125270247419716,-1.76252150535583,-0.0368157393430266,20.232691099495,1.77410350511894,0.0307762546365303,0.126889147299987,-0.803436107950034,-20.294425904541,-3.09369969085609,2457.0772820548,2406.41119044437,0
5.08,-0.134159351413553,-2.71118211746216,0.0464773542977573,20.9467826915962,-2.37197411917286,0.0448462203906321,0.134713371834051,-10.8762340645067,-18.0582806192905,2.48673680808831,2479.66044006523,2406.41119044437,0
5.09,-0.107295264647089,2.32779955863953,-0.000363685583068277,18.0051374185193,0.0253282035250679,0.0939901064944927,-0.0517519657988575,-15.7895226952159,8.65312591119077,1.07087387246268,2353.15367664521,2406.41119044437,0
5.1,-0.0449904419473181,2.59851789474487,0.0118797616873055,16.978415976836,-0.619565968272758,-0.0140228224237981,-0.0443692354636949,8.55656308416373,14.677728000554,-0.564272825476833,2347.82489886849,2406.41119044437,0
5.11,-0.0626630563145333,1.67216968536377,-0.0227769019979703,17.947194344709,1.08149484392181,-0.0444602391863957,0.0496863464423779,15.3055429379799,-9.43460499002666,-2.06301311326227,2371.71595610708,2406.41119044437,0
5.12,-0.0857549806301727,2.9208676815033,0.0453689863168833,18.2891972021797,-2.25615559154559,0.00780119952418541,0.0967026520230272,-7.92204589041271,-16.6380936787745,2.57447546328195,2341.52796546776,2406.41119044437,0
5.13,-0.0423273393206667,-1.72758054733276,0.0243340089585933,18.7977446691232,-1.20490606368231,-0.0452513624275992,-0.0183319896467847,18.7863726615086,-1.3708411617577,-1.70764807078052,2458.58144699526,2406.41119044437,0
5.14,-0.0611378511381841,2.92032933235168,-0.00663222777852247,15.9362747915103,0.305928628743415,0.0118582516893392,0.060342399305739,-1.67340777852551,-15.8511246592531,3.05560660125903,2341.40172934624,2406.41119044437,0
5.15,-0.0668684146266326,0.580177903175354,-0.0485344657369719,18.5677196585321,2.37231235626993,0.0733063336368897,-0.0381203448012944,-18.714434411344,-0.397522196928907,1.7191115370847,2401.02073660428,2406.41119044437,0
5.16,-0.114834014145949,-0.62560111284256,-0.016658486974219,20.5796799676543,0.766785725213302,0.055964576067078,-0.101648031061966,-11.7993161443132,16.8786055835787,0.647343239747286,2430.98541186827,2406.41119044437,0
5.17,-0.112629271107091,2.5256872177124,0.00789489131161829,19.1863203426903,-0.385511007042747,-0.079105376057006,-0.0805606696708545,14.1114082049542,13.0050630718207,-0.846265603835405,2352.28678971366,2406.41119044437,0
5.18,-0.0478843599127481,-0.30688863992691,0.0231917153301609,18.0227225770321,-1.16089470715585,-0.0532016089664498,0.000596982068228752,16.6489650951465,-6.99844031698186,-2.03304821663681,2423.943313411,2406.41119044437,0
5.19,-0.0892397732074832,0.21531417965889,0.00488534706734841,18.6032615250202,-0.275526185871497,-0.000113418267304281,0.0893733230577678,-0.718188428511011,-18.5914351094409,3.08817222670418,2410.28809200115,2406.41119044437,0
5.2,-0.0705486267551979,1.70117855072021,-0.0122481676690923,17.1144500000173,0.555141484296785,0.0714906453489184,-0.00402665815405308,-17.0642059148046,-1.42318564067597,1.68643119656378,2373.30744863238,2406.41119044437,0
5.21,-0.0489533665050451,-1.1562625169754,-0.00803163667654902,17.6150649152821,0.342092733258516,0.0233567145025593,-0.0437653192325532,-10.4285226299734,14.2004737654729,0.652846180030337,2445.2208934991,2406.41119044437,0
5.22,-0.128420950022164,-0.164160251617432,0.0350556588346916,20.1961156003549,-1.74481659287865,0.0379120022095681,0.127606895226673,-9.16428421941039,-18.0815752917589,2.58631632510336,2419.57687264711,2406.41119044437,0
5.23,-0.0695012054611019,1.56223368644714,0.006253939666319,17.3723668891336,-0.310473591039771,0.0673646586496635,-0.0182080225974865,-16.4043766966791,5.72642561942886,1.21707232331223,2376.61781661661,2406.41119044437,0
5.24,-0.0178421776680599,-2.48176383972168,0.0200695535690568,16.9919793190547,-1.00781004164439,0.0252734688877452,-0.00907645606941545,-7.26829494779675,15.3920411515515,0.381928980896319,2477.91427612594,2406.41119044437,0
5.25,-0.083964456212969,1.53307509422302,-0.019178445180617,16.7424820143333,0.917856960141656,-0.0778566084320364,-0.0368265011933809,13.7280599001037,9.62774827146606,-0.904418509694021,2376.15296991639,2406.41119044437,0
5.26,-0.101390728345378,1.53890371322632,-0.00169775795100676,19.5078267877844,0.020866254449739,-0.0721832978927305,0.071221721979996,14.0993396551024,-13.4820014342393,-2.33274613370207,2376.86801488065,2406.41119044437,0
5.27,-0.0876455342198265,1.0949375629425,0.0461847883972247,19.2748578544408,-2.29721275506591,0.00628312352900411,0.0988701001652899,-8.08874170233366,-17.6456677239447,2.59315451052915,2388.71463374761,2406.41119044437,0
5.28,-0.0735101329658375,-2.56616544723511,0.00450451815446543,19.5153272248663,-0.211552036305039,0.0708335724631984,0.0201652013270349,-19.0158587324008,-4.39202318152432,1.78694242703423,2480.16772078235,2406.41119044437,0
5.29,-0.106461209360704,2.66430687904358,0.0368685918803571,17.588982781346,-1.86162897220964,0.0701399968143832,-0.0881683787571384,-7.59874721142897,15.9717569017768,0.338621433027912,2348.21092825158,2406.41119044437,0
5.3,-0.0772410663691906,-1.30140018463135,0.0181001219735137,19.4949852113207,-0.942987922621771,-0.0370353675925941,-0.0701582375533138,12.082768168086,15.3280914665888,-0.715884350747812,2448.18339414025,2406.41119044437,0
5.31,-0.099687525085371,-0.870921671390533,0.0248379981580949,19.0938935947156,-1.29835798999207,0.102734077847453,-0.000487912883126142,-18.8252073946496,3.44587762767784,1.32186053902802,2436.29022976648,2406.41119044437,0
5.32,-0.0858593454468096,2.32125806808472,0.00856846479636429,17.413911936027,-0.475462481978545,-0.00337742990678521,-0.0862197121124043,1.93528348275086,17.3125697494296,-0.138619539234632,2356.60705207488,2406.41119044437,0
5.33,-0.0544744699774415,1.36617827415466,0.0404129969556807,17.5932296982969,-2.00903220240915,-0.0543536391328943,-0.0405753634028598,17.5871566253133,2.06151969286036,-1.56781242258054,2381.66540692119,2406.41119044437,0
5.34,-0.0715463869995211,-2.386554479599,-0.0154588491715755,19.6126499056085,0.77580367087785,-0.0362938338140115,0.0635658645616944,12.5250502355718,-15.112280577468,-2.41000039085944,2475.44803607113,2406.41119044437,0
5.35,-0.0542428413473523,2.45099329948425,0.0118244808916777,15.427299081005,-0.622466368197883,0.0255597222602136,0.0492829055938509,-9.37774973834008,-12.2656769547946,2.44851653726918,2353.41007606427,2406.41119044437,0
5.36,-0.00666612671858194,-2.60923528671265,0.0130300986520224,16.9394235660731,-0.692903356832814,0.00647513221197301,0.0131260572582591,-16.9274984859262,-0.940202542916279,1.58540023975016,2480.74682547899,2406.41119044437,0
5.37,-0.148626283411514,2.4820761680603,0.0108291117295519,19.8554726365306,-0.609595059679549,0.0353769724320327,-0.144760186526247,-3.90066354001851,19.4780959979247,0.166952588625115,2352.12821068273,2406.41119044437,0
5.38,-0.050158881530252,2.37692451477051,0.00468056185682592,17.3270803030295,-0.220122676186123,-0.0488642485436116,-0.0122517863974844,17.0922043133646,2.85179198582285,-1.41817496908487,2356.45268094501,2406.41119044437,0
5.39,-0.0121613604561544,-1.25949430465698,0.00634406344289788,16.3586220556745,-0.313045786479742,0.0117612936803752,-0.00705817257340703,-8.80996799805425,13.787203382053,0.549466512773252,2447.83947344502,2406.41119044437,0
5.4,-0.0718777898445711,-1.56382775306702,0.0211797529596634,17.8804319897253,-1.07525968982457,-0.00233755897016993,-0.0748968252093083,4.56501791922651,17.3212771739527,-0.317753916167793,2454.15744817202,2406.41119044437,0
5.41,-0.106753359915494,0.207095801830292,0.0261717265681953,18.8229850163092,-1.3533245051621,-0.102609910178729,-0.0394010844764525,18.5029213040301,3.71189376967357,-1.44458705798258,2409.01775689918,2406.41119044437,0
5.42,-0.0511176106355714,-2.56454491615295,-0.0104960234286997,17.7616571812797,0.475634275014403,-0.0340163746205508,0.0395735123861913,13.759601078035,-11.2417112559525,-2.22905030152928,2478.03765731655,2406.41119044437,0
5.43,-0.127382230231438,-0.454917430877686,-0.0375179474179135,19.7088626202633,1.80978644707167,0.0487183043165408,0.12353281257103,-3.5586197837945,-19.469227462917,3.05237578922409,2423.93279220328,2406.41119044437,0
5.44,-0.116692104512208,3.16191148757935,0.0515390872137646,19.2682169427108,-2.56822401121642,0.122330045555208,0.0361757476878739,-19.4384543400366,-0.0803218119174613,1.44242132425355,2334.13579837566,2406.41119044437,0
5.45,-0.0161896984708977,-2.21782684326172,0.00300576884128747,17.5085213647873,-0.135459197852269,0.0101663467163582,-0.012953238102831,-8.23405933039807,15.4520851835272,0.481865304301943,2469.61426936112,2406.41119044437,0
5.46,-0.0546550945576634,-2.19659423828125,0.0530113404111245,16.8460615907641,-2.64790982950854,0.0361546459269497,-0.067009127372233,2.0319895416679,16.9313979366022,-0.275348945451517,2467.51822738008,2406.41119044437,0
5.47,-0.0905513974147989,0.207235604524612,-0.0054866637529817,17.6849420888966,0.251008389473368,-0.0901627377095923,-0.0100169746741416,17.4692724705729,2.76490528736423,-1.39963351809482,2406.31527092274,2406.41119044437,0
5.48,-0.0968859543624745,0.418711692094803,-0.00481585654279319,18.6780449041195,0.188809041232215,0.0304172885366904,-0.092113349657061,-6.553891748571,17.4914697279094,0.368607775368857,2401.13144823288,2406.41119044437,0
5.49,-0.0790398482554292,-1.61936843395233,-0.0275377094515193,19.1343039152926,1.31553165986363,-0.0663046000285401,-0.0510815335432765,11.5728547642779,15.2944840539267,-0.579110825178055,2452.08625178125,2406.41119044437,0
5.5,-0.113620005956462,-2.64321494102478,0.00705452227894338,19.9236170962461,-0.421034464903219,-0.107877468229642,-0.0363555207154743,19.1288224779809,5.58712258898592,-1.30775176833011,2476.43280390718,2406.41119044437,0
5.51,-7.20256777852457,-4.59999990463257,-0.277625269548356,10.5832995709639,13.3292773200389,7.0890553238587,1.30359234801481,-13.2411506506975,10.6933527543424,1.79117894386261,1770.5593372661,0,0
5.52,-5.05705212735029,-4.59999990463257,-0.111267664414544,5.60877228482135,5.28313155160827,1.28804499510413,-4.89153317503516,3.53095907666285,6.84851323525852,0.279475479652516,1247.39900443233,0,0
5.53,-1.84695714652229,-4.59999990463257,-0.0653733062185312,5.75511335280101,3.18943004640087,1.27906559273504,1.33398484989038,-6.212435017496,-2.16782030571325,2.41258906295144,1053.83649673244,0,0
5.54,-6.81010064136446,-4.59999990463257,-0.0214334509415379,-0.987733572171642,0.95655953828533,6.59088131740757,-1.7141218154436,1.19456384817705,0.680911868385356,1.31950554473118,348.949079509877,0,0
5.55,-0.5034375325991,0.32760226726532,-0.0044250743046764,2.05912200811276,0.211045781686615,0.42341655216971,0.272373555729603,-1.83763392829157,-0.952693713558429,2.15121936693552,-9.73826296675592,0,0
5.56,0.0235189806579299,-1.91885209083557,0.0355414178934781,-0.0116903233282935,-1.78852745013927,-0.0422955086318529,0.00523686801817491,1.36654846259203,-1.15391178300101,2.43382322725687,51.0726354237697,0,0
5.57,0.00649099739818675,-0.421839952468872,-0.0253733751947475,-1.20988309666991,1.2586785682985,0.0181067341918906,-0.0189231972166681,-0.428835742439382,1.69239142987313,2.58459737584075,12.6463638050886,0,0
5.58,0.0282195474804852,-2.0260009765625,-0.0171339861953683,-0.854672497661497,0.846822880186802,0.0102501092926363,-0.0313823453941136,-0.629701208340129,1.02520751893546,2.91161640161453,52.5426138694193,0,0
5.59,-0.00821146898654284,-1.51839935779572,0.00951095965901598,-0.103241205257717,-0.485936375607797,-0.010101301509374,0.00747330478229699,0.47680098816453,0.139476611972173,-3.06635238118857,38.5463696761942,0,0
5.6,-0.0341627978910172,-0.342718601226807,-0.00233406214473772,1.02816896757221,0.106328103135554,-0.00391371436879373,0.0340180458827,0.0823068815277271,-1.03037016098492,-2.95883233147868,8.73436917425318,0,0
5.61,-0.0172224156266655,2.7110743522644,0.000703302411391439,-0.0794516852029454,-0.0459034315361683,0.00267024555653829,0.0170286823614532,0.0605221006178826,0.0689693456919995,2.94523679406317,-67.2706084993583,0,0
5.62,-0.0154379348339705,2.09622311592102,-0.00502036408778901,1.43846857069853,0.240795592309499,0.0127917207906978,0.00999528722572348,-1.00367827127702,-1.05820804850914,2.54849424549361,-50.4689741992508,0,0
5.63,0.0275773335471975,-2.56165528297424,-0.0188301711806463,0.993518220443548,0.931675023283483,0.010106507315515,-0.0318267683271059,-1.17798071011065,-0.68370918523215,2.84997130426362,66.4903073813526,0,0
5.64,-0.0464646082220211,2.65913558006287,0.0123713488700702,-0.415037054322862,-0.6290583220962,0.0141814996488488,0.0459444790785639,0.75342785496914,0.0177931564396402,2.58198816313134,-65.3643872077599,0,0
5.65,0.0431651571264389,-2.27412962913513,-0.00150228153101602,0.339900792701724,0.064886653148034,-0.0123236971067778,-0.0413958226052942,-0.169763333476946,-0.301534802705772,2.81745465374209,59.4326220494725,0,0
5.66,-0.0269651180789766,1.20406925678253,-0.0124612918644056,-0.243821367001826,0.612870625305712,0.0219409229551175,0.0200249166744995,-0.470407922584201,0.462358787890173,2.74346216763671,-28.8372611739211,0,0
5.67,0.00672418954407458,-1.54806756973267,0.0589264779349243,1.06458896647967,-2.95781201202212,-0.0590480790160849,0.0055559779832138,2.67514879952545,-1.650933210766,2.93415637593215,40.4787321380244,0,0
5.68,-0.0586372949778646,-2.73436641693115,-0.0258781649993281,3.06744327294599,1.28458039061208,0.0099971023505197,0.0633093178817051,-0.456114602047402,-3.29413334315504,-2.88259102519385,68.8928383155482,0,0
5.69,-0.0504191715154208,2.72062349319458,-0.00824913732423492,0.0558088005743913,0.40175773980448,0.00962631561063781,0.0501744473876882,-0.40313498089853,-0.0447894060052028,3.11421333729691,-68.2505322816154,0,0
5.7,0.0105134491449786,0.316350191831589,-0.00140615848361387,0.745174160963756,0.0597919360592627,-0.000395428341960176,-0.0105996948555826,-0.185179822056258,-0.724270694760574,2.97134484570022,-6.55197028787314,0,0
5.71,0.0429344474609407,1.07060372829437,-0.0394258880069373,-2.41347408370595,1.96149921759005,0.0233952540481574,-0.053389413856438,-1.07410043200326,2.91867171763065,2.81176689384323,-25.4249840328501,0,0
5.72,0.00316523588425579,1.23256647586823,-0.0473030464172658,0.0228452362056282,2.35563255689992,0.0390150708339015,-0.0269336437635653,-2.03528487598972,1.18623021438154,2.60419412173264,-28.929274711396,0,0
5.73,0.0350680765342492,-1.21168398857117,0.00663631467786818,-0.335094090039944,-0.342423908302724,-0.0195360115422894,-0.0298689624415577,0.444502968656753,0.178771622502968,2.74939972129545,32.4329778861626,0,0
5.74,-0.0331299914393799,2.91586017608643,-0.0113086740275757,-0.198156288844097,0.555564962379795,0.0308879210960414,0.016474791998689,-0.270451767236082,0.524189072598245,2.38972615851281,-71.1077761742999,0,0
5.75,0.0744917852906409,-0.599218964576721,-0.00157410422569521,-1.73351976624224,0.0682001915204734,-0.050057278080041,-0.0551885204650182,1.14196757168309,1.30600616817081,2.38378265613905,18.123246561049,0,0
5.76,0.0328685523854504,-0.987777173519135,0.00386806945930791,-1.33049345273769,-0.204006061930979,-0.0210112680448306,-0.0255701058348495,0.890433005638413,1.00943566588079,2.57089624510226,27.0678524346628,0,0
5.77,-0.0299345670614074,1.24396002292633,0.00850171346639559,0.446308319494991,-0.435601744377137,0.0127395463706003,0.0283912203909926,0.0465751802884795,-0.621908955021507,2.44308523730494,-28.8927422314187,0,0
5.78,0.0129394465839529,0.46377044916153,0.0418916645598778,-0.357143612286357,-2.1059254410719,-0.0385968838819409,0.0207995526899079,1.73113007283206,-1.2512642383155,2.34773518756274,-8.86972289389998,0,0
5.79,0.0323501965288044,-2.70516681671143,-0.0313253631257249,-0.224809006545814,1.55660248886621,0.0162700222002874,-0.0419892839664235,-1.34647559633146,0.812744650091546,2.7419549112695,70.1587637931158,0,0
5.8,-0.0526437827338305,1.36679184436798,0.0140624967441765,0.522678966361867,-0.713772799651924,0.0117647318537751,0.0532044430439366,0.39281946988103,-0.792690214070063,2.66294062806022,-32.8280143897283,0,0
5.81,0.0448154297528285,1.59747815132141,-0.0318071505907742,-1.8162269039806,1.58068845220102,-0.00714955205877851,-0.0544885444657289,0.0758974925610616,2.40655266310288,2.39389520974532,-37.5180531084553,0,0
5.82,-0.0256659756568617,1.27142286300659,-0.00143337192085821,1.55481647844587,0.0615581372166723,0.0220220023388907,0.0132600254324044,-1.31984438838513,-0.824168961046635,2.16856698180579,-28.7129215344303,0,0
5.83,0.038617400679411,-2.81519603729248,0.00250644232095842,0.0594357790528159,-0.13583168868668,-0.0236227682418606,-0.0306520914283807,0.0795767577545608,-0.125101555179631,2.54980455120158,73.5823580533806,0,0
5.84,-0.00951879043258487,-2.89225172996521,0.0181307697506686,-0.0367527262515559,-0.916830990970727,-0.0176363134147496,0.0104063745938705,0.917525449253283,-0.00876805929769374,3.09197149617827,73.6950167250348,0,0
5.85,-0.0513065428822415,2.51400375366211,-0.00171406410347416,-0.034787600943937,0.075246975185546,0.0163112203364485,0.0486748749296177,-0.0621601685108203,0.0548488642062459,2.85164383428463,-62.4262044546551,0,0
5.86,0.0669168897186268,-1.95272850990295,0.0229336600238355,-1.03287136089457,-1.15713656194068,-0.0293547238546054,-0.0643593278330623,1.2524127391963,0.915013989966776,3.04384531429368,50.5728079660217,0,0
5.87,-0.0664675459637386,1.53439700603485,0.0298693287152546,1.49247071713412,-1.5045090100316,-0.0133526696207291,0.0716367062220291,1.1101257927449,-1.80516950091995,2.90353218408421,-37.5831362452768,0,0
5.88,0.0196749790134346,-1.80384278297424,0.0362816124722432,0.723102090545817,-1.82480775720092,-0.0368054499568953,-0.0186766982155735,1.80437728883525,-0.772672364995624,3.11427677329483,46.5355505694863,0,0
5.89,-0.033402979193058,-1.69454431533813,0.0438837995274439,1.24168014503513,-2.20501006453879,-0.0516475123920679,0.019341182581423,2.46927427291668,-0.553645674058448,-2.84930022065673,42.5433269401676,0,0
5.9,-0.0211324859422158,1.21564102172852,-0.0331209968065019,-0.41281024055615,1.64612284431478,0.0289088258009884,0.0266056795132612,-1.69297517309873,0.11818534830648,-2.96557874062948,-30.6936099360799,0,0
5.91,0.0140336517439019,-2.42684531211853,-0.0260910290135735,0.754251795357639,1.29575419502611,0.0296245591057139,-0.000265845910862025,-0.795304176362879,-1.27097048423153,-2.65708149023463,60.8574604684562,0,0
5.92,-0.0566942111357244,-2.30815005302429,-0.0167512715171508,2.22519037245564,0.828456905697538,-0.0342837134368765,0.0481608312503173,1.24011074777907,-2.02483045500359,-2.23565904041938,56.2631555049491,0,0
5.93,0.0259579486650456,-2.84121799468994,-0.00842766049711085,-1.81104638685197,0.411330038489904,0.0270335565417904,0.00374531454667354,-1.85511318312534,-0.0873870338679901,-1.74705917592846,68.5882986165232,0,0
5.94,-0.00306369816324861,2.93718957901001,-0.00320277890794804,-0.58982829341539,0.148815767748866,-0.00101067972587428,0.00431538708117782,-0.583601624471695,0.171617867245794,-2.10394650216538,-76.028319670413,0,0
5.95,0.00550779103111402,0.889661014080048,0.0449751298945329,0.504818254185452,-2.2602516153145,-0.0276551528236071,-0.0358927651954466,1.94639606266912,1.25503832671229,-2.34914125500888,-23.5189876846207,0,0
5.96,0.00590293869319274,-0.202998280525208,0.0602436478490289,0.451824777547345,-3.0235798517081,-0.0384599145840372,-0.0467437349979861,2.45885166180808,1.81665331158275,-2.35694795441139,3.82027262531577,0,0
5.97,0.045964783446613,-0.883754134178162,-0.00612191083981026,-2.1392931725384,0.296369232371035,0.0401345208536017,-0.0232262641308588,-1.87493018300524,1.07193600966734,-2.22782232635946,20.6055727345962,0,0
5.98,-0.0209612522581942,-1.22743487358093,0.0259753649909881,1.07273726074042,-1.30912617976609,-0.0302578171809557,-0.0140910674574557,1.53960551838183,0.702987505506349,-2.02678506571979,28.7585903896202,0,0
5.99,-0.0634216228677908,-2.67177081108093,-0.00712732921010827,3.02867733897124,0.345109316651827,-0.0631783848850349,0.00903287064957425,3.01691875001954,-0.436105629198168,-1.60089739220497,64.0464887168424,0,0
6,0.00782659695039513,-1.10358941555023,-0.00944148246119352,-0.42481644815654,0.461634925749487,0.00581382146044547,0.0107979947636134,-0.325577782709084,-0.536260129696688,-1.37255215477583,23.9814528540999,0,0
6.01,-0.00428488086063574,-1.27819085121155,-0.0270445383028859,0.000419497472840646,1.34210833188068,-0.0144332126262452,0.0232690702283461,0.520631904246764,-1.23701146751437,-1.17273410939573,27.7470377527078,0,0
6.02,-0.0510687572808476,1.6000120639801,-0.00418619331526168,1.94955806152668,0.199982815342685,-0.0510233680428347,-0.00470723891982308,1.95477190410877,0.140130527020412,-1.39701136095158,-44.2578920939363,0,0
6.03,0.0357486583589057,-1.23960697650909,-0.0322796288709052,-1.17254192946822,1.60407410484894,0.0255879130882354,0.0408068587163242,-0.690525141472024,-1.86308436180519,-1.29451999705129,27.2321170032627,0,0
6.04,-0.0230583756084779,-2.15348982810974,0.0216947013295038,1.32343059585625,-1.0961713457195,-0.00644905639104947,-0.0309961033541812,0.455583243057713,1.65695626673427,-0.960070147602755,49.3043036700397,0,0
6.05,-0.0425856415582231,2.2704439163208,-0.0180077180173955,0.846256080153464,0.891600527669146,-0.0461045689289712,0.00349048692781339,1.0863588814404,-0.575261014542237,-1.24630449592696,-61.5454855709051,0,0
6.06,-2.09887206668743e-05,0.761184811592102,0.00278752940053689,0.604751355371258,-0.149343311945874,0.000270128006286251,-0.00277448942068133,0.585856406192019,0.211659863862067,-1.46621152207886,-22.705580259309,0,0
6.07,-0.0303607133046046,0.550002098083496,-0.00167032083551247,1.76235360103463,0.0735525447228172,-0.0302994652524032,0.00255054689750075,1.75947742689118,-0.124657034199153,-1.59981583546949,-17.1070778771866,0,0
6.08,-0.0425948116225611,-0.327195554971695,0.00200047031284414,2.16390783480112,-0.11046769456848,-0.0426270186726445,-0.00112122152853813,2.16572640023706,0.0657980879141728,-1.59142995051048,4.8957635659219,0,0
6.09,-0.027893079257144,-1.62813568115234,0.0352038025115072,1.6815184849348,-1.77189190869056,-0.0198365156537245,-0.0402969506096188,1.26976174561672,2.08681826248211,-1.35818409885931,37.137782902388,0,0
6.1,-0.0214622940664122,1.13914608955383,-0.055983324677042,0.523863737277748,2.79056302037575,-0.0253102905599653,0.0543521103569897,0.716998689774801,-2.74728740119858,-1.50107371177333,-32.3307173319317,0,0
6.11,0.0313917080632477,-0.461004048585892,0.0381112627170507,-0.976686080952664,-1.91677881151765,0.0342685528269192,-0.0355467856235255,-1.12320917907133,1.83476370496573,-1.49272248810718,8.23478935689435,0,0
6.12,0.00391072750235114,1.41919219493866,-0.00430788256596107,-0.643052084811506,0.205297340099466,0.00449715250716586,0.00369151203804737,-0.666116552266392,-0.109323924321603,-1.71715186842841,-38.8455333962217,0,0
6.13,-0.0108724518465969,1.50938034057617,-0.00352458870149723,0.355171783497693,0.165331639140814,-0.00832417491635224,0.0078320525172692,0.250481205304757,-0.301231991134734,-2.01225717442004,-40.1971917406571,0,0
6.14,-0.0204743423842554,-2.29849767684937,-0.00857120070312846,1.34105843679323,0.418240085441045,-0.0187677575903469,0.0118505465102249,1.25304051483577,-0.635021234404113,-1.73754295461771,54.9685538996706,0,0
6.15,-0.0199571454936666,0.689022481441498,0.0397392896109758,0.541006664122149,-1.99821002550071,-0.028011203058949,-0.0345379689360957,0.956738030517959,1.83580605119297,-1.78681703503054,-20.2399358570903,0,0
6.16,0.0216515045801746,2.0884313583374,-0.00391304104333748,-0.919159353384252,0.184423794729708,0.0203001417564191,-0.00848550443176237,-0.87174173594086,0.344865769242293,-2.14552325365724,-54.4352465992409,0,0
6.17,-0.0186557725028274,0.254296064376831,-0.0297760626589494,1.08910461796787,1.47895007317042,0.00480269594946716,0.0348078420296907,-0.113934096592956,-1.83315607885506,-2.26761103950353,-7.99434420789594,0,0
6.18,0.0347414997745261,0.297700792551041,0.034427914244278,-1.61078554072077,-1.73268674968808,0.00142054516380388,-0.0488900310618878,0.0282208070206633,2.36559443201721,-2.33168029160943,-8.83575225496944,0,0
6.19,0.0020969526367434,-2.84799575805664,-0.00686499446279469,0.436405099241052,0.334044712570875,0.0043875388708947,0.00568109690036483,0.290209199673965,-0.466705368583593,-1.93196580149688,69.311455763634,0,0
6.2,0.00974802135108974,-1.71002566814423,0.00268667625466711,-0.847827490740786,-0.145356162268094,0.00966085216612318,-0.00298497654647514,-0.842960064750396,0.171342339195937,-1.60153245449916,39.6487672112408,0,0
6.21,-0.0290193941870207,2.1994469165802,-0.0339366630747408,1.26399341328663,1.68647990768792,-0.0166514086400955,0.0414313037440377,0.658709185569142,-2.00199801116632,-1.89609965843124,-57.8598613851251,0,0
6.22,0.0740632096272613,0.168897300958633,0.00250307206612461,-3.11793279560677,-0.135648010178767,0.0659562778452961,-0.0337845201661052,-2.76376158441818,1.44966451466539,-2.01039325547854,-6.41773950537319,0,0
6.23,0.0379342484139939,-0.201801478862762,0.00061870461494961,-2.24671772908091,-0.0411980804729535,0.0341975405610204,-0.0164291879809237,-2.02350013517606,0.977182193320984,-2.00234925461268,2.89409968876397,0,0
6.24,-0.0215595032558085,-1.92876219749451,-0.0276990859116744,1.52969359427239,1.37499827425962,-0.0171605184626136,0.0306197346016231,1.3061266401908,-1.58890400791199,-1.72137105341746,45.6231115765146,0,0
6.25,-0.0540680022479806,-2.53659582138062,-0.00626337084618307,2.71325082029795,0.3018466125935,-0.0537604628220898,-0.00850830879782503,2.69446603187446,0.438969468706418,-1.29850644296189,59.7871184819982,0,0
6.26,0.0335913369481439,-0.159981265664101,0.00112689291164647,-2.28916380515947,-0.0667097234482007,0.0319102336646701,0.010553899424583,-2.17111483363487,-0.728684769447892,-1.21784961058793,-0.280833222644764,0,0
6.27,0.0376185716600013,-1.7955846786499,0.0240502666424179,-1.82101310953033,-1.21384957646269,0.0446347485195621,0.00114520037788402,-2.1884503029217,-0.0143112194420765,-0.976314898277016,40.3311750457294,0,0
6.28,-0.0161703406932311,-1.81193745136261,-0.0375443766381714,0.650549689440775,1.86723696328718,-0.0393514435236497,0.0110690572267487,1.86037808062441,-0.669912063355829,-0.680890094445526,39.8462721005908,0,0
6.29,-0.0235595113235452,-2.57934737205505,-0.0167409300693795,1.0992763528581,0.826719287208104,-0.022567225554098,-0.0180562909863175,1.09681863975363,0.829977199255434,-0.278195802758154,58.1635500256918,0,0
6.3,0.00549115508589576,0.956281363964081,0.0224794483587881,-2.07195426957157,-1.13449853758492,0.0229509292784628,-0.00295520353745322,-1.8033787807393,-1.52574781669757,-0.36763991577591,-30.9377567722618,0,0
6.31,-0.000869860960284751,2.17034721374512,-0.0423690265581891,-0.150859847315412,2.10980699997879,-0.0310736991647567,0.028815209348484,1.4124194167487,-1.57452077213443,-0.768232407293027,-60.1812287932833,0,0
6.32,0.0157771795892921,2.62401628494263,0.0030025343055403,-0.550062790713021,-0.159440956864284,0.0159611729497217,0.00178201181752319,-0.572620633385749,-0.00980319711618982,-1.27155024888619,-70.095606109137,0,0
6.33,0.0369466377417896,-0.850126147270203,0.0462447556302422,-0.915954336520826,-2.32385260287765,0.0491398477943166,-0.0329985881891218,-1.57218930493733,1.94100078720572,-1.26545017477562,17.4954949790056,0,0
6.34,-0.0263337561522978,0.741319417953491,-0.0351273731394021,0.820073848946692,1.74711387977853,-0.032602387236886,0.0294020986193095,1.14100949075453,-1.55660700520367,-1.37711666354494,-22.5848409752206,0,0
6.35,0.00135660888405326,0.712291121482849,0.0199427487272397,-0.216146707223206,-1.00757189500166,0.00203008652750166,-0.0198854812150214,-0.250088579829484,0.999688063787669,-1.53698043964169,-21.4260391301056,0,0
6.36,-0.0146279726488801,-2.21509647369385,0.0370929479518304,1.11341767355179,-1.86663632217656,-0.00235703365567552,-0.0398033762879431,0.477166299423617,2.1204580631884,-1.2543093636031,51.6289785289596,0,0
6.37,0.00581872198304372,-0.402092576026917,-0.00266414359553387,-1.55894285556875,0.122861811179251,0.00423019112260557,0.0048021526089671,-1.37390181675001,-0.746854503572224,-1.1515276034089,5.38871727335379,0,0
6.38,-0.0516228805849563,0.341753244400024,0.00018977397882677,2.05515016315959,-0.0195857702721127,-0.0484636080516897,-0.0177830399162767,1.9252741137763,0.719267253776315,-1.22279032949442,-12.9451989820528,0,0
6.39,0.0507032500189803,-1.34039163589478,-0.00260810792834716,-1.96868773777098,0.119699231934578,0.0431001402266829,0.0268328101751084,-1.66455174200638,-1.05798242573261,-1.06534045137942,29.263114498446,0,0
6.4,-0.0265689051618629,1.47737228870392,0.0369159685667813,0.782911404997045,-1.8562537026814,-0.0143768071751519,-0.0431509313013305,0.194920165852988,2.00515191587487,-1.26857022318689,-41.4062097803509,0,0
6.41,0.00266832339828794,0.42954096198082,-0.0120744493698565,0.229177146959865,0.593801330067955,0.000718847801798892,0.0123448586537444,0.320484273075914,-0.549920007810354,-1.41146750501902,-14.4802597094715,0,0
6.42,0.0104595539128965,2.41223216056824,-0.0059377054352579,-0.476062191331407,0.286202686428635,0.0115803373743283,0.00324875363630684,-0.530909146315386,-0.163348296877858,-1.81360406437201,-63.5315215216821,0,0
6.43,-0.00703050816686724,-1.71844434738159,0.0319258673181578,1.31437016817487,-1.60781857922322,-0.00979343157193212,-0.0311893851678241,1.44984027257481,1.48681293601568,-1.65829215187332,40.28986308114,0,0
6.44,0.0633923387663773,2.88676428794861,0.00527297516182219,-3.6965657029899,-0.275582572067984,0.053770167650248,-0.0339876735330996,-3.15022221560207,1.95362323462739,-2.05149004288157,-74.9417949775727,0,0
6.45,0.0250035833014446,-2.51435351371765,0.0123897086838013,-0.233322261093367,-0.629873738008463,0.0216010969115175,-0.0176656919309992,-0.0866096312598932,0.666092317271038,-1.79625077516272,60.8078491262546,0,0
6.46,0.02909436842048,1.69104707241058,0.0207274808738858,-2.16803207638233,-1.04793708915348,0.0183283858796865,-0.0306623712098272,-1.56511146929915,1.83001675285075,-1.98381571791983,-45.0287348535123,0,0
6.47,-0.024778811521383,0.703950166702271,0.0231653651168644,1.42045743381948,-1.16942963927588,-0.0334779068503511,-0.00546382597902559,1.83093688779912,0.181480344407872,-2.16077402311686,-19.466000459391,0,0
6.48,0.012012224829848,1.52890634536743,0.0399005326715748,-0.621544085025345,-2.00690042403938,-0.0222570072231208,-0.0352274279831523,1.10809479367137,1.78496282590922,-2.42670076150363,-39.6020044758941,0,0
6.49,0.0177715108096801,-1.74303066730499,0.0230030826605315,0.14334923727699,-1.16028642684917,-9.62781231521048e-05,-0.0290681808661778,0.825549351030501,0.82781753132645,-2.23189911084466,42.4315413584598,0,0
6.5,-0.0314388246268758,2.51745438575745,0.0155339062669599,0.827925148827522,-0.788280276499166,-0.0303803794013932,0.0175138369655982,1.11537209831641,-0.250581181807258,-2.55266204945989,-64.3137931555191,0,0
