{"best_epoch":2,"_timestamp":1.7427285492461472e+09,"_wandb":{"runtime":153687},"_runtime":153687.3368965,"_step":19998,"epoch":19999,"loss":0.036352140828967094,"val_loss":0.0046029636869207025}