t,iq,iq_ref,id,vq,vd,ia,ib,va,vb,theta_e,omega,r,"T_ass:0.33,S_pct:-2.01,kp:0.1177,ki:0.0036"
0,0,0,0,0,0,0,0,0,0,0,0,0,0
0.01,0.00135495786565918,3.53141840605531e-05,0.000765596337965763,-0.0659800347483244,-0.0383786637725618,0.00152839264496544,0.000293367505415684,-0.0751359861389029,-0.0134488068352562,-0.866845910510055,-0.00277151090893137,0,0
0.02,0.00153897187101308,2.93268967652693e-05,0.000872714089432191,-0.0754797362364364,-0.0437483812293737,0.00173800163192439,0.000330778822011206,-0.0858532924733368,-0.015502374463298,-0.866865411289499,-0.0028281983922079,0,0
0.03,0.00156361352600428,2.64468635577941e-05,0.000887864195122627,-0.0768557005239306,-0.0445078400532409,0.00176659762131817,0.00033514613534589,-0.0873940205189756,-0.0158123909247729,-0.866883669437231,-0.00253938849320472,0,0
0.04,0.00154813263694637,2.21284190047299e-05,0.000881017311480333,-0.0762975357751364,-0.0441646062671459,0.00175036990765374,0.000330320073696401,-0.0867466155165612,-0.0157114960621882,-0.866898657794223,-0.0022196130116367,0,0
0.05,0.00155844811416813,1.9474835426081e-05,0.00088785684985985,-0.0769459099676095,-0.044507460480141,0.00176266477579721,0.000331757740770338,-0.0874630013129813,-0.0158685380694071,-0.866912553054381,-0.00198027706003311,0,0
0.06,0.00155629735406451,1.65578421729151e-05,0.000887858708904233,-0.0769841697986712,-0.0445075628911668,0.00176103037346983,0.00033034310188345,-0.0874924264741588,-0.0158921635961168,-0.866924640118173,-0.00174632814638212,0,0
0.07,0.00159028790801538,1.60009130922845e-05,0.000907628624198946,-0.0787114408775561,-0.0454985979717437,0.00179974090556142,0.000337250682273844,-0.0894507400542982,-0.0162535671824291,-0.866935076835794,-0.00162732908592288,0,0
0.08,0.00155283011503922,1.18224133984768e-05,0.000887874442657601,-0.0770474909579159,-0.0445083563994298,0.00175840377260039,0.000328052685710682,-0.0875415251192885,-0.01593082019476,-0.866944268432549,-0.00136647472501379,0,0
0.09,0.00155135165860239,9.91390061244601e-06,0.000887840076830671,-0.0770689596963532,-0.0445066092755616,0.00175725700522413,0.000327108221030599,-0.0875568870839748,-0.0159453548737463,-0.866952159757651,-0.00121356267408226,0,0
0.1,0.00155012066860802,8.26078667159891e-06,0.000887835379763876,-0.0770900361089282,-0.0445063852202498,0.00175631774218679,0.000326303137107421,-0.0875729191740373,-0.0159585657246088,-0.866959006921101,-0.00108100495498106,0,0
0.11,0.00154905270125877,6.8263848334027e-06,0.000887831339619564,-0.0771083318534391,-0.0445062008588156,0.00175550288177074,0.000325604654423711,-0.0875868427749504,-0.0159700259493041,-0.866964948207199,-0.000965984766781465,0,0
0.12,0.0015481262949318,5.58175543119432e-06,0.000887827832987489,-0.0771242203289089,-0.0445060163045495,0.00175479602510072,0.000324998763654937,-0.0875989185946593,-0.0159799971742544,-0.866970103463301,-0.000866181694195703,0,0
0.13,0.00161256483247689,7.88569650467252e-06,0.000924254945718105,-0.0802308256161772,-0.046332071252366,0.00182749735036792,0.000338918836926792,-0.091149106216424,-0.0165977902605988,-0.866975381572584,-0.000915408501751018,0,0
0.14,0.00178551822629143,3.21235370392969e-06,0.00102423437474844,-0.0891118817588724,-0.0513439506642413,0.00202405454245984,0.000374612599872053,-0.101163246149372,-0.0185236705040036,-0.866979667109919,-0.00123471208980266,0,0
0.15,0.00154613425626207,2.38462803281436e-06,0.000888019108955079,-0.0771844152555842,-0.0445155812520073,0.00175340544773017,0.000323540433526636,-0.0876512128489802,-0.0160104908935765,-0.86698343753002,-0.000608976395896058,0,0
0.16,0.00154524334986717,1.70825637724192e-06,0.000887817207683807,-0.0771736767234963,-0.0445054789636868,0.00175259645768928,0.000323113077827493,-0.0876365319085908,-0.0160110059597897,-0.866986147600699,-0.000555576318701354,0,0
0.17,0.00154482009772589,1.14072383894381e-06,0.000887815313272758,-0.0771808798469057,-0.0445053894127976,0.00175227331078419,0.000322836505266768,-0.0876420031358333,-0.0160155295593318,-0.866988498180277,-0.000510068689097451,0,0
0.18,0.00154445377270008,6.48309082862397e-07,0.000887813923847431,-0.0771871747420101,-0.0445053171580639,0.00175199378943928,0.000322596932953621,-0.0876467881760718,-0.0160194794675813,-0.866990537777028,-0.000470583097073132,0,0
0.19,0.00154413564361176,2.2104171648607e-07,0.000887812718492829,-0.0771926231978707,-0.0445052418514722,0.00175175104316633,0.000322388882803985,-0.087650921620657,-0.0160229075849521,-0.866992307535444,-0.00043632143302559,0,0
0.2,0.00154385946525575,-1.49697342521904e-07,0.000887811672513879,-0.077197343758412,-0.0445052061368209,0.00175154030655723,0.000322208269318259,-0.0876545220080929,-0.0160258549902374,-0.866993843154948,-0.000406592571356391,0,0
0.21,0.00154361995772569,-4.71386812250785e-07,0.000887810764847432,-0.0772014462340586,-0.0445051702992152,0.00175135755087239,0.000322051637273105,-0.0876576478483261,-0.016028420311785,-0.866995175612101,-0.000380796824412353,0,0
0.22,0.00154341211515839,-7.50515937397722e-07,0.000887809977212201,-0.0772050046811416,-0.0445051314443131,0.0017511989567109,0.000321915713921934,-0.08766035415579,-0.016030651327134,-0.866996331785133,-0.000358413842935763,0,0
0.23,0.00154323186302627,-9.92715399661392e-07,0.000887809293741664,-0.0772080968091487,-0.0445050954060895,0.0017510614150768,0.000321797833651584,-0.0876627043221639,-0.0160325918341631,-0.866997334996381,-0.000338992119629455,0,0
0.24,0.00154307547603472,-1.20287086247117e-06,0.000887808700664331,-0.077210780551816,-0.0445050592860012,0.00175094208354917,0.000321695560696086,-0.0876647409625165,-0.0160342797607515,-0.866998205482577,-0.000322139881404392,0,0
0.25,0.00154293992738538,-1.38522204906621e-06,0.000887808186028568,-0.0772131164813456,-0.0445050230942202,0.00175083865252022,0.00032160691463421,-0.08766651054331,-0.0160357527587153,-0.86699896080323,-0.000307517186565389,0,0
0.26,0.00155162110947037,-1.06257823517808e-06,0.000892567838493257,-0.0776310262420112,-0.0447436059582767,0.00176053736893933,0.000323594787094553,-0.0881395226503533,-0.0161242381682121,-0.866999618899341,-0.000315151958153263,0,0
0.27,0.00149645802838826,-4.24036306867492e-06,0.000861859762723259,-0.0750318411063896,-0.0432042602820582,0.00169861004333931,0.000311308210614355,-0.085161801979561,-0.0156157859209317,-0.867000305957388,-0.000174403147967216,0,0
0.28,0.00144209233515648,4.18050512962509e-06,0.000829790092525854,-0.0718925918161523,-0.0415966220530367,0.00163640949531648,0.000300575887937144,-0.0817281461179804,-0.0148099242531862,-0.867000933046858,-3.66355407672179e-05,0,0
0.29,0.00154238709841742,-1.90882087736099e-06,0.000887721524709915,-0.0772116421832568,-0.0445006767530913,0.00175036178549773,0.00032131151032451,-0.0876626081255111,-0.0160379255750696,-0.867001091109823,-0.000265881323965521,0,0
0.3,0.001541651944693,-1.82720964403416e-06,0.000887302304279634,-0.0771708084188712,-0.0444796808169666,0.00174952985720048,0.000321156311661031,-0.0876178815645076,-0.0160275546403455,-0.867000564832996,-0.000274148831202195,0,0
0.31,0.00154257069190686,-1.87903458481742e-06,0.000887806051282078,-0.0772193326347794,-0.0445049106824859,0.00175055642667265,0.000321366023807996,-0.087671209734036,-0.016039681767025,-0.867001005653819,-0.000267924901978306,0,0
0.32,0.00154250293824808,-1.97184954231489e-06,0.000887806529329846,-0.077220583055965,-0.0445049488578327,0.00175050520485929,0.000321321141204863,-0.0876721939217191,-0.0160404280894862,-0.867001390500548,-0.000260478289096115,0,0
0.33,0.00154244286794219,-2.05246487894328e-06,0.000887806302855109,-0.0772216078802201,-0.0445049491697652,0.00175045936847543,0.000321281856897656,-0.0876729807979837,-0.01604106175433,-0.867001724435505,-0.000254013400509975,0,0
0.34,0.00154239113832327,-2.12241457120399e-06,0.000887806105398079,-0.0772225166420393,-0.0445049126773726,0.00175041989552652,0.000321248025215995,-0.0876736546642139,-0.016041652245662,-0.867002014190416,-0.000248403807874257,0,0
0.35,0.00154234596917854,-2.18310833588475e-06,0.00088780593406079,-0.0772232907920839,-0.0445049129329618,0.0017503854288031,0.000321218486125283,-0.0876742490689743,-0.0160421309719347,-0.867002265610269,-0.000243536361763981,0,0
0.36,0.00154230662079988,-2.23577171709621e-06,0.000887805785390056,-0.0772239546010004,-0.0445049131659767,0.00175035540375811,0.000321192754697203,-0.0876747588024787,-0.0160425412281123,-0.867002483766737,-0.000239312876543682,0,0
0.37,0.00154227239469537,-2.28146654990269e-06,0.000887805656387305,-0.0772245262173771,-0.0445049133791295,0.00175032928734436,0.000321170373504874,-0.0876751977733471,-0.0160428943706135,-0.867002673060559,-0.000235648156484997,0,0
0.38,0.00154224282520371,-2.32111506193178e-06,0.000887805544451046,-0.0772250284534949,-0.0445049135742258,0.00175030672409169,0.000321151036507392,-0.087675583435865,-0.0160432048255041,-0.867002837310273,-0.000232468277210101,0,0
0.39,0.00154221763827774,-2.35551692640001e-06,0.000887805447323471,-0.0772254875772051,-0.0445048769838877,0.00175028750467434,0.000321134562283594,-0.0876759120768701,-0.0160435173318375,-0.867002979829162,-0.000229709094506603,0,0
0.4,0.00154219528653602,-2.3853665425122e-06,0.000887805363045852,-0.0772258609260208,-0.0445048771515026,0.0017502704490375,0.000321119945959408,-0.0876761988078612,-0.0160437479611173,-0.867003103492266,-0.000227314950411054,0,0
0.41,0.00154217596159266,-2.41126599576091e-06,0.000887805289917826,-0.0772261881754697,-0.0445048773073068,0.00175025570296862,0.000321107308459552,-0.0876764501229289,-0.0160439502022739,-0.867003210794116,-0.000225237550482994,0,0
0.42,0.00154215919778182,-2.43373824559967e-06,0.000887805226464834,-0.0772264721811703,-0.0445048745427352,0.00175024291118937,0.000321096345779139,-0.0876766663517146,-0.0160441279309218,-0.867003303899375,-0.00022343498961452,0,0
0.43,0.00154214476228196,-2.45323622038995e-06,0.000887805171406886,-0.0772267239397491,-0.0445048746794522,0.00175023189597385,0.000321086904943618,-0.0876768596753713,-0.0160442836600833,-0.867003384686201,-0.000221870906723991,0,0
0.44,0.00154213218942724,-2.47015373133763e-06,0.000887805123633085,-0.0772269398525669,-0.0445048748089069,0.0017502223021067,0.000321078682607763,-0.087677025494294,-0.0160444171356075,-0.867003454784359,-0.000220513751281491,0,0
0.45,0.00154212101355638,-2.48483183895587e-06,0.00088780508218032,-0.0772271136831723,-0.0445048749329081,0.00175021377440215,0.000321071375694473,-0.0876771590777029,-0.0160445241964542,-0.867003515607876,-0.000219336146883594,0,0
0.46,0.00154211170033066,-2.49756703851745e-06,0.000887805046211868,-0.0772272835346506,-0.0445048750496389,0.00175020666773015,0.000321065284029446,-0.0876772894936404,-0.0160446293934657,-0.867003568383853,-0.000218314339006515,0,0
0.47,0.00154210331842752,-2.50861671702296e-06,0.000887805015002535,-0.0772274157055845,-0.0445048751627308,0.00175020027192944,0.000321059803630009,-0.0876773910677996,-0.0160447108218741,-0.867003614176966,-0.000217427715844087,0,0
0.48,0.00154209633350823,-2.518203245927e-06,0.000887804987922328,-0.0772275445937725,-0.044504875270374,0.00175019494190621,0.000321055234695239,-0.0876774900384804,-0.0160447906613589,-0.867003653911034,-0.000216658392520117,0,0
0.49,0.00154209004708087,-2.52652057497471e-06,0.000887804964425176,-0.0772276449682888,-0.0445048753752941,0.00175019014503899,0.000321051124234519,-0.0876775671844151,-0.0160448525122821,-0.867003688387645,-0.000215990850319546,0,0
0.5,0.00154208469197608,-2.53373650593858e-06,0.000887804944037049,-0.0772277368572731,-0.0445048754765778,0.00175018605875303,0.000321047622059609,-0.0876776377854927,-0.0160449092748406,-0.867003718302399,-0.000215411623645614,0,0
0.51,4.36865653312447,4.59999990463257,0.0610072195026327,11.5691998288148,-3.04047647158488,-0.78056593747843,4.29879036503188,-5.20934310342002,10.768176553352,0.193584882270288,59.2505392185063,1467.65136134327,0
0.52,4.19151690491992,4.59999990463257,-0.001691524501368,20.4287011536532,0.127273479908927,-3.21891056898078,2.68466600797723,-15.6015513913187,13.1886171962037,0.875243846538326,127.666203336216,1467.65136134327,0
0.53,4.18249268892678,4.59999990463257,0.0896235418665039,20.8826389525784,-4.44545628537092,-3.69374148168272,-1.96406500367963,-16.053187147005,-14.0762876367359,2.08092781261683,199.780167248956,1467.65136134327,0
0.54,4.14058240723607,4.59999990463257,0.0613731995823403,22.9810205080762,-3.02271408037513,2.45778615004434,-3.33278810928479,16.3181860912792,-16.4614977050904,-2.49134658309898,268.948152491482,1467.65136134327,0
0.55,4.12227539871327,4.59999990463257,-0.0128155327321351,23.8995885622754,0.714822580415622,1.09290683292229,3.97477966122244,7.09654222118693,22.8328796534828,-0.271438193570103,337.327504839901,1467.65136134327,0
0.56,4.09328039997106,4.59999990463257,0.110432813611529,25.3526133863113,-5.45524696243857,-2.68677401561964,-3.09004615306965,-11.901292767234,-23.0407021465395,2.45286259943183,406.446239142034,1467.65136134327,0
0.57,4.12654415673351,4.59999990463257,0.0529070073129936,23.6929712853824,-2.52304770425431,2.38765488407166,3.36604664011998,11.3825214589147,20.9322923561956,-0.604143226525496,474.060461210847,1467.65136134327,0
0.58,4.06417728205417,4.59999990463257,0.0177341201412413,26.8149816279807,-0.783889637133178,-0.102396615245694,-4.06292584379393,0.225100568617601,-26.8254925845949,3.12075880136408,542.577455067091,1467.65136134327,0
0.59,4.04645080338732,4.59999990463257,0.022024355982261,27.705027090744,-0.909007827506355,-3.52316437200005,1.99036729885713,-24.6384749662486,12.701983021043,1.06200007215157,609.941333815383,1467.65136134327,0
0.6,3.97499703425782,4.59999990463257,0.165248948165098,31.2817348895981,-8.07077808614445,2.05119907505793,3.40888412705824,7.91875512694587,31.32056375384,-0.500136222479519,677.473154507829,1467.65136134327,0
0.61,3.91344020185358,4.59999990463257,0.126434348856529,34.363730496967,-6.20140460556759,3.91373802130553,-0.116852722013959,34.3484446513949,6.28551849732297,-1.56834803143653,745.232802784398,1467.65136134327,0
0.62,3.95350166428399,4.59999990463257,0.219784123199519,32.364863134239,-10.819196893828,3.20411781633077,-2.32639409588714,33.0656535058216,-8.43812451664407,-2.1432663784998,812.276322064768,1467.65136134327,0
0.63,3.79920162710527,4.59999990463257,0.0531086915592092,40.0842021902538,-2.50880526499483,2.97688848931777,-2.36112017031871,33.2816493580996,-22.4804178139849,-2.22736868240546,879.22787749269,1467.65136134327,0
0.64,3.7465127897137,4.59999990463257,0.136767134482624,42.7229842110016,-6.57479402136057,3.59502949365551,-1.06340315605603,43.0167787318109,-4.2471218319271,-1.82190481018948,945.638024624854,1467.65136134327,0
0.65,3.74939075492808,4.59999990463257,0.177085402632682,42.5834157384804,-8.57796039745291,3.10946523858149,2.10250236694733,28.9768986635197,32.3615210455355,-0.929053403394932,1012.02348850441,1467.65136134327,0
0.66,3.75254348526118,4.59999990463257,0.0539567198683975,42.4300074372671,-2.51970113278231,-1.58279483509166,3.40283035815809,-20.7152093799695,37.1151522328699,0.449751053341297,1078.45805328979,1467.65136134327,0
0.67,3.31254457991649,4.09413814544678,0.171081082713463,39.1410731234666,-8.31428603768141,-2.56903954348377,-2.09815541722087,-23.4136791782595,-32.4492000658026,2.30724300893566,1141.00427925666,1467.65136134327,0
0.68,2.49207113891218,3.4454038143158,0.0980989469710092,47.7322446795325,-4.80710963343699,2.45953474246066,-0.41319585601121,47.9565612457938,-1.28207591548608,-1.69789554423359,1193.22282551958,1467.65136134327,0
0.69,1.97465458809538,2.90948605537415,0.0644961830887412,46.8114438217748,-3.01587565625854,-1.53928704824087,1.23855394837571,-39.2225640184778,25.7293072287149,0.925890004515107,1235.657230095,1467.65136134327,0
0.7,1.54002570865617,2.47112131118774,0.164092920629182,46.6289185847248,-8.03236265760429,0.854974758560602,-1.29136510412307,35.9057349816858,-30.8148193840093,-2.45062720525878,1270.47948100087,1467.65136134327,0
0.71,1.30775779985056,2.11300683021545,0.136942956072917,40.3408227300282,-6.68957875150383,-1.30539262926827,0.157904780611717,-40.4429476806903,-6.04155818519329,1.55475333538397,1299.08091452103,1467.65136134327,0
0.72,0.94807794437529,1.81831407546997,0.146462649151177,43.5944517721159,-7.19029065712777,0.959168275145217,0.0173007561165797,41.730613548183,14.5166248810639,-1.39948889835272,1322.57388818175,1467.65136134327,0
0.73,0.595434657844352,1.57715272903442,0.0993652523064974,48,-4.88550729702039,-0.567202713443714,-0.206632444185908,-39.3757837076562,-27.8821778015477,2.08550890269012,1341.88152008405,1467.65136134327,0
0.74,0.460746678119167,1.37875640392303,0.0288217546861613,45.9916088724669,-1.5042177274404,0.278205320936534,0.368401946715319,24.1160960448964,39.1906196583168,-0.584327315408122,1357.69335173091,1467.65136134327,0
0.75,0.345220689606364,1.21637797355652,-0.0388565617814603,43.6531861920236,1.91751406978428,0.0362508594418757,-0.345504026192888,-2.24681093596552,-43.6374766174824,3.13404785341286,1370.62383290364,1467.65136134327,0
0.76,0.339182573035071,1.08361315727234,0.0043343700714547,37.321111376892,-0.164465493257937,-0.203126067436633,0.271667821691006,-22.8591985776005,29.5016854382029,0.654805745370901,1381.26161945281,1467.65136134327,0
0.77,0.0662099866654925,0.975338697433472,0.093054508855313,45.5602924918564,-4.58416651980191,0.0481692649915685,-0.103550112808824,45.6337236152266,-3.78392701222986,-1.75380668077566,1389.83535667089,1467.65136134327,0
0.78,0.00291258052288573,0.885259926319122,-0.0320877649165722,44.2254854027764,1.51008229545164,0.0159290488687598,-0.0280066632211008,-37.1708709576497,-24.0104198193197,2.17844900642448,1397.03026236856,1467.65136134327,0
0.79,0.0072027033886554,0.811850786209106,0.126369629276207,40.3447881893661,-6.34223903018965,0.126282592641546,-0.0085947039064991,-1.26726913703144,40.8205825398806,-0.124890004764201,1402.87994258644,1467.65136134327,0
0.8,-0.174797471125947,0.751464009284973,0.0670153218723909,46.4297139043221,-3.30023155936779,-0.168381824265982,0.0818093548107209,34.1398026448163,-31.6399073474566,-2.38916953703158,1407.73406992452,1467.65136134327,0
0.81,-0.0942334043587737,0.702275812625885,-0.0370808395100562,39.9462968315956,1.7533093343341,0.0845537976633892,0.0557277171299286,-24.4216448755645,-31.6601324342085,2.52841857034568,1411.68962372195,1467.65136134327,0
0.82,-0.0766811127177275,0.66185450553894,-0.087024506310775,37.0518726208526,4.36942901084557,-0.0582450907900983,-0.100303375541983,-7.59527001958076,36.5273191997765,0.322397791857042,1414.91699673839,1467.65136134327,0
0.83,-0.214117208940056,0.629822432994843,-0.040410232434014,42.326341499246,2.07700002713073,-0.193441317527891,0.100297670574767,39.9396627278987,-14.1653257994724,-1.86259200826991,1417.45297532554,1467.65136134327,0
0.84,-0.187966533350671,0.60295182466507,-0.036549185163408,39.6795154618992,1.74566972734983,0.168963817921014,0.0901026571724288,-31.9052215012186,-23.6551928980987,2.25274993910889,1419.56232911831,1467.65136134327,0
0.85,-0.163060270713305,0.582145631313324,0.0134927790945867,37.3981611703171,-0.63470018806638,0.0295237192195804,-0.16093183953536,-4.323439891453,37.1528352990016,0.0988781912833801,1421.31497992271,1467.65136134327,0
0.86,-0.283582105480825,0.563098013401031,0.0401959203407624,42.4761490679726,-2.14666558105094,-0.270821736144427,0.0932207583786859,38.8023428976877,-17.4129147017886,-2.04311323931516,1422.78061161602,1467.65136134327,0
0.87,-0.273495734181366,0.548247992992401,0.0157724024606202,41.2335858597358,-0.824893572871936,0.226902446371765,0.153505586625676,-35.0036750475915,-21.8089840529399,2.1079883075879,1424.00816619548,1467.65136134327,0
0.88,-0.299826617362352,0.535334408283234,0.118050964364599,41.9087064959025,-5.87025991554671,0.11328777198032,-0.301658600716269,-5.2058109145902,41.9964184705947,-0.0158377718224185,1425.0755541331,1467.65136134327,0
0.89,-0.259671316295107,0.525144398212433,0.00876369365620599,39.3956764445822,-0.5379548540188,-0.224374354745352,0.131004365444592,33.6186709726477,-20.5449185927816,-2.13300385035349,1425.82936869049,1467.65136134327,0
0.9,-0.161793938660234,0.517956852912903,0.042283119313981,34.1466838829422,-2.07781862946798,-0.00320629125196702,0.167197070735463,-5.97888046926159,-33.6833243429569,2.90514485067311,1426.52716392044,1467.65136134327,0
0.91,-0.352320181174187,0.510287702083588,0.0240847803706561,43.2937838462871,-1.34565878655021,0.26900313032365,-0.228794454880778,-31.9285797823908,29.269921598432,0.797742026336823,1427.05977698394,1467.65136134327,0
0.92,-0.300220345009035,0.50471705198288,-0.0271097948404226,40.4145122867355,1.33162119668183,-0.296842274023776,-0.0524581822600375,39.3527838784887,9.2986245971708,-1.30582613692653,1427.57889916361,1467.65136134327,0
0.93,-0.350783671320862,0.500010013580322,0.0713963540541837,42.7115552927314,-3.53993190882715,0.0228244153008003,0.357247350590245,-7.7530833825565,-42.1508928909734,2.87699852176307,1427.93182546704,1467.65136134327,0
0.94,-0.279320280307873,0.496822446584702,0.0887112009818518,38.983279075205,-4.53467011726542,0.259354649137378,-0.136472202817053,-30.6126145307403,24.5586463820799,0.778888349430725,1428.13783465057,1467.65136134327,0
0.95,-0.412560550192028,0.49444192647934,0.0524196452902526,45.5305693676666,-2.59880020715904,-0.386294190834122,-0.154048125321004,43.4295804022754,13.9161077727547,-1.31772033075897,1428.3942240844,1467.65136134327,0
0.96,-0.334998439127881,0.492926090955734,-0.123206893370471,41.5808886794228,6.04365397870586,0.208518839138811,0.28969602433641,-16.9714771621371,-38.4378071658613,2.87014014383014,1428.49104648684,1467.65136134327,0
0.97,-0.287178896024049,0.490565747022629,-0.0634076088340517,39.076139948982,3.17330525830731,0.15595689087379,-0.249338507592839,-25.1129161814953,30.1057472990793,0.776254550092729,1428.74762527518,1467.65136134327,0
0.98,-0.401405172799779,0.487103968858719,0.0839580805905202,44.6185863241526,-4.29194823707616,-0.367259755235362,-0.182470118735444,42.0942199242207,15.4050548264828,-1.31586615887931,1429.00557602558,1467.65136134327,0
0.99,-0.263677504602747,0.485987991094589,0.104605586070842,37.6806426838111,-5.30796717858539,-0.031854609758712,0.281874863916378,-4.75157120429392,-37.7548396861186,2.87645119021534,1429.12320172472,1467.65136134327,0
1,-0.39799619535904,0.485139071941376,0.06242257035225,44.3583938109686,-3.09069310735333,0.391507546130245,0.094970469793125,-43.953469734396,-6.73141765754827,1.65320120325413,1429.2222616082,1467.65136134327,0
1.01,-0.285122895841225,0.483655989170074,-0.0670386829706737,38.6447481069957,3.24470264590094,-0.181182699822061,-0.230134917021554,19.2619803837151,33.6588883240495,-0.436014532627302,1429.30455702504,1467.65136134327,0
1.02,-0.243966726503229,0.48192110657692,0.0368528791460366,36.5044663854609,-1.82582127851636,-0.171259017666446,0.177618262602632,22.6174727805254,-28.711663387037,-2.52434373067724,1429.51833800475,1467.65136134327,0
1.03,-0.390621295322396,0.481022357940674,-0.0156016329415184,43.796490605348,0.640518062999944,0.390213816233643,0.0236977832331514,-43.6394804614491,-3.76013268225517,1.6713714231965,1429.51121105563,1467.65136134327,0
1.04,-0.252744307796034,0.481543660163879,-0.0335279817222579,36.9329408313061,1.64553066783349,-0.132822920181905,-0.217627853355254,16.4328975224109,33.1166086525399,-0.41608845633487,1429.5200505523,1467.65136134327,0
1.05,-0.36350389343918,0.481458097696304,0.0370240054115984,42.4708715097288,-1.81484047540444,-0.246287290136374,0.269904479843226,26.7588243347465,-33.0308021847675,-2.50341843430212,1429.55173339655,1467.65136134327,0
1.06,-0.263608265897122,0.481789141893387,-0.0477280870909393,37.4968307445683,2.29926321158719,0.267449243530485,-0.0154334144511104,-37.4991337774566,-2.26139185975811,1.6922707453743,1429.50022725843,1467.65136134327,0
1.07,-0.276010499769026,0.481452286243439,-0.0727022593642023,38.1043832057757,3.68274137604956,-0.173327607449752,-0.226770710179141,18.0639074019687,33.7520644243958,-0.395055435116175,1429.65135249099,1467.65136134327,0
1.08,-0.356045815819838,0.480009078979492,-0.0417335468326517,42.0381872889403,1.95573130936227,-0.185314096013857,0.306869675452975,24.2276920189894,-34.4100714170639,-2.48163963168811,1429.65699451781,1467.65136134327,0
1.09,-0.282896203677399,0.480283856391907,0.126616651541947,38.3987383783379,-6.35661216652518,0.0428369275563743,0.306964226157233,-14.9928354470162,-35.9177464847441,2.58210421722353,1429.70967253355,1467.65136134327,0
1.1,-0.506430693507679,0.480161845684052,0.00570949449126959,48,-0.35729192329979,0.245964204896484,-0.442725937306202,-23.1510118637179,42.0494745175781,0.495834227742262,1429.69758809108,1467.65136134327,0
1.11,-0.325744980250794,0.479648321866989,0.0286226342767957,40.517860874694,-1.50736363365091,-0.326238847226713,-0.0222993702090164,40.5394748785649,0.721229197492385,-1.59019271534089,1429.73758060123,1467.65136134327,0
1.12,-0.339405276740183,0.479994565248489,0.0682600090512915,41.2224074066228,-3.37830000258432,0.114049576389826,0.326876222506416,-18.0797656139653,-37.1997561638397,2.60742250156458,1429.78278243701,1467.65136134327,0
1.13,-0.334662578672128,0.478297561407089,-0.0578315186565125,40.9046471034045,2.77750700960921,0.116785670903868,-0.318911638522538,-17.9935620984642,36.839332551652,0.52214954363851,1429.84900323546,1467.65136134327,0
1.14,-0.273415147042713,0.478501558303833,0.0457610598885367,37.8567211381017,-2.27601957513211,-0.273033836905525,-0.047983759118666,37.8369532304915,2.58390608729859,-1.56266130582318,1429.93635586324,1467.65136134327,0
1.15,-0.416971349349304,0.478082418441772,-0.0550422152014403,45.0177949479842,2.61536077666694,0.250108023045699,0.338143059134197,-24.0916838943359,-38.1186665704124,2.63599351312392,1429.89437699957,1467.65136134327,0
1.16,-0.31364404141482,0.479146301746368,0.0496245384308675,39.9088658733421,-2.52894051741681,0.206541084483871,-0.241196931882901,-23.0560958119546,32.6730708894498,0.551231595804605,1429.85405194705,1467.65136134327,0
1.17,-0.316524627746706,0.479025363922119,0.0749905477706278,40.0510878558602,-3.71379385032626,-0.31352091519122,-0.0866952014980604,39.8855141312647,5.19881387291703,-1.5336456553099,1429.91689978488,1467.65136134327,0
1.18,-0.320897189368256,0.478629618883133,0.00159933009225136,40.254146615347,-0.178568970328897,0.145798597877711,0.285867684179384,-18.3089380620047,-35.8498395205431,2.66497631857536,1429.88272891757,1467.65136134327,0
1.19,-0.375376710939299,0.478373795747757,0.000204665149425395,42.9695938144285,0.0191030452796131,0.372546815195547,-0.046006385329471,-42.640418317886,5.30858579840276,1.44738161963841,1429.995615966,1467.65136134327,0
1.2,-0.374238376142921,0.478227406740189,-0.0362405267930827,42.9095657071998,1.67899011424643,-0.251686828930417,-0.279323250201772,26.8671529454657,33.4993422262167,-0.636863004001556,1429.92561464754,1467.65136134327,0
1.21,-0.271097821702654,0.479077398777008,-0.0886647639174594,37.799306566404,4.4381190168171,-0.029705020470994,0.283677776801922,11.37613991547,-36.3189746266614,-2.72116659798744,1429.95270791767,1467.65136134327,0
1.22,-0.471281742417467,0.478764057159424,-0.0235876173351894,47.7970550800054,1.10402825808495,0.467055572033351,-0.0672454389545814,-47.4880536219052,5.53733834245166,1.477809808704,1429.93029261687,1467.65136134327,0
1.23,-0.32111806265903,0.478606939315796,0.000245583238889752,40.2852585350448,-0.0823895009303746,-0.182848001580268,-0.263976284531619,22.8964705218255,33.1460477419018,-0.606553161829068,1429.96687947724,1467.65136134327,0
1.24,-0.374157811448514,0.47874590754509,0.0630393738656847,42.9484517023758,-3.11929644504806,-0.219824843404085,0.309265369460742,21.5278973405527,-37.2940900148806,-2.69057296184273,1430.01949407881,1467.65136134327,0
1.25,-0.310742473264862,0.477866739034653,0.0321470995888154,39.7378922075214,-1.72936638426589,0.31213616148059,0.0128583591060398,-39.768755344898,0.732723348384593,1.50888192730593,1430.02890183661,1467.65136134327,0
1.26,-0.297159387045974,0.478606820106506,-0.0293287411906525,39.099980539026,1.48822782171482,-0.186115491849422,-0.233505674584185,22.4987760355479,32.0129407756269,-0.574560640149894,1430.05379002869,1467.65136134327,0
1.27,-0.406172409365071,0.47823566198349,-0.00998581722255962,44.5363109819801,0.357181348642773,-0.179955975319297,0.364268567985092,20.3851624706279,-39.598683380203,-2.65816022308525,1429.99643812184,1467.65136134327,0
1.28,-0.250968205211611,0.479977756738663,0.0737446707737387,36.8673891423648,-3.72930129282102,0.113294784450274,0.235770244753299,-21.9188836193531,-29.8776607382246,2.40784512163366,1429.92201052895,1467.65136134327,0
1.29,-0.399994095394852,0.480494111776352,-0.00277066874594639,44.3487532920651,0.175996326023763,0.124340896452829,-0.380187183404902,-13.9105252203365,42.1110458355241,0.323013209846778,1429.90399198234,1467.65136134327,0
1.3,-0.333457875013586,0.480078637599945,-0.0967038890706453,41.0053679050213,4.75078203228338,-0.309055281887338,0.158210711734389,39.359339538769,-12.4439751693868,-1.76167169360792,1429.9231189869,1467.65136134327,0
1.31,-0.344401821689643,0.479081273078918,0.039044583277031,41.5069009220817,-1.92349622432286,0.193205064781998,0.28776535095283,-25.4052509188166,-32.8800226221403,2.43743441388368,1430.08713232305,1467.65136134327,0
1.32,-0.455441074827181,0.478961408138275,-0.05610632332221,47.0570833200542,2.66820726643055,0.105183903355229,-0.446666361651996,-13.8027818878265,45.0663026302829,0.353846568152981,1430.01076848199,1467.65136134327,0
1.33,-0.32099639866771,0.479180872440338,-0.0687174889645715,40.3499899725311,3.43647840143291,-0.306092485811292,0.118609322471294,39.2989958812564,-9.77343324077439,-1.72958389810114,1430.0788030623,1467.65136134327,0
1.34,-0.399870127214206,0.47775200009346,-0.0628130104063942,44.2264702005521,3.05683669305628,0.297834428502949,0.274109916115673,-29.8942440407485,-32.7362045784253,2.47054810187499,1430.17322099792,1467.65136134327,0
1.35,-0.275813162030366,0.477884858846664,0.0153903016625774,38.0344845614569,-0.834069558939053,0.118574199611875,-0.249499340521889,-15.1587868629146,34.8931063210139,0.387909179533501,1430.19286894469,1467.65136134327,0
1.36,-0.418439378982753,0.477834492921829,0.0622153255208935,45.1675155892617,-3.08165481974895,-0.422919106887107,-0.0100841282694294,45.202456429229,-2.51773582766877,-1.6945595941735,1430.25302220418,1467.65136134327,0
1.37,-0.259571630879272,0.476862967014313,-0.0849833310290033,37.1797241208106,4.14966285438025,0.222412604804133,0.158531483732257,-25.3989157319679,-27.4671925603074,2.5064483718173,1430.24621978479,1467.65136134327,0
1.38,-0.378943877841681,0.47713914513588,-0.0261497820636616,43.1663623611874,1.3246864307503,0.357019116525891,-0.129690493447825,-41.12525008797,13.183453221333,1.29125622280235,1430.32151870039,1467.65136134327,0
1.39,-0.48319837385529,0.476330697536469,-0.0320710742987823,48,1.45688111393607,-0.365894430549618,-0.317223088686566,35.130613092746,32.7408388149713,-0.790251549993608,1430.3086191275,1467.65136134327,0
1.4,-0.380864304682729,0.476839929819107,-0.0239623140545458,43.2558402810126,1.16204474346059,-0.0784403213504964,0.373468776556673,10.4116768582886,-42.0001791829613,-2.87173719511145,1430.3141900318,1467.65136134327,0
1.41,-0.351366340580798,0.477909475564957,0.0331966682023512,41.8386707734942,-1.62437586312216,0.349127058380701,-0.0516780531687965,-41.0159343482745,8.41463597403736,1.32964344742272,1430.26882271981,1467.65136134327,0
1.42,-0.278958629821753,0.477313011884689,-0.0543497328932164,38.1926475025231,2.63774546156036,-0.230284695699787,-0.166555604961378,28.0213048406142,26.0852927796744,-0.752209620697643,1430.26872214316,1467.65136134327,0
1.43,-0.308625537778297,0.47831803560257,0.082801245137831,39.7304667067795,-4.11074345472483,-0.172295861600014,0.269109466278738,15.9386167257051,-36.6247005907236,-2.83422365224949,1430.28246719648,1467.65136134327,0
1.44,-0.243750218566517,0.478858202695847,-0.0580871445523993,36.5178731123265,2.78938247363941,0.226918249537847,-0.106284492943023,-35.1946090712731,10.1328773580109,1.36670391141011,1430.1644987716,1467.65136134327,0
1.45,-0.297261296232866,0.479323178529739,0.0479718930015014,39.220925367671,-2.40482940951924,-0.158907316609639,-0.255761696671169,23.9274100099556,31.1695884060214,-0.715941561082265,1430.22094595779,1467.65136134327,0
1.46,-0.364270429441177,0.479085981845856,0.0066445836137668,42.5636996000419,-0.460272513040223,-0.128901278300628,0.340766131986622,14.7639871501685,-39.9237405293958,-2.79819783478351,1430.20727961041,1467.65136134327,0
1.47,-0.268868214500528,0.477681696414948,-0.000130337343023423,37.7275864909926,-0.0483580730613526,0.205870856952003,0.172937341295547,-28.8449051928294,-24.3175772920585,2.26995749322243,1430.3586311637,1467.65136134327,0
1.48,-0.410070032644824,0.477047175168991,0.061941127139264,44.7601957916339,-3.06645086661776,0.137808867110055,-0.391155788721646,-11.4132726331985,43.3891167923831,0.18881619553998,1430.40129915856,1467.65136134327,0
1.49,-0.39651563124051,0.476714193820953,-0.00101605450180564,44.0700160410208,-0.0673333760058293,-0.375891464480627,0.126219194718634,41.8347227057167,-13.8573743463594,-1.89219044985902,1430.40671321148,1467.65136134327,0
1.5,-0.266302045119101,0.476506739854813,0.0391448758826494,37.5531565410736,-1.93289045839211,0.170370723042838,0.20838166251459,-26.4426080665986,-26.7350726641762,2.31026879234601,1430.49976146137,1467.65136134327,0
1.51,-0.368402109647642,0.476047724485397,-0.0687651111629768,42.6393794711223,3.30708186218793,0.0170152432970435,-0.37437846679748,-6.49880691400631,42.2707816442994,0.22995224229393,1430.46923555885,1467.65136134327,0
1.52,-0.307694495504566,0.476148784160614,-0.0409171820383432,39.6132698282517,2.02642091317947,-0.284475891455826,0.124191728912119,37.5180122275215,-12.8730838068738,-1.85021601684049,1430.52749078531,1467.65136134327,0
1.53,-0.396620830509316,0.475120365619659,0.0727818071925528,44.0123244137664,-3.63861690202774,0.229961437941454,0.331244640276658,-28.6472390256777,-33.6104140032227,2.35326106754337,1430.6193777957,1467.65136134327,0
1.54,-0.324303204790573,0.474883466959,0.0223525808836468,40.3887865379174,-1.20385573826146,0.109255158672628,-0.306162565989075,-12.085637041928,38.556980223233,0.273951111266398,1430.60739679814,1467.65136134327,0
1.55,-0.288615640580613,0.476273149251938,0.0447659053416454,38.6780957261916,-2.19870046511711,-0.291112451577203,0.0235905660280843,38.1287482118035,-6.85769148771175,-1.80553499393605,1430.57056627006,1467.65136134327,0
1.56,-0.385187942847767,0.476013243198395,-0.0713720037449002,43.4978772422282,3.44639204012628,0.313356695673157,0.235098480451613,-31.9916010345939,-29.6728900836701,2.39767624989687,1430.52491464693,1467.65136134327,0
1.57,-0.364955510853099,0.475794404745102,-0.0323035160383954,42.479442263646,1.62171070085725,0.325971711397826,-0.167267705845635,-38.7465515983962,17.4882160285299,1.18497900015209,1430.63522124713,1467.65136134327,0
1.58,-0.422756288820692,0.475586324930191,-0.0317925972636802,45.3632488230372,1.45103579614887,-0.349618633818207,-0.239792535049166,36.2883582588228,27.2595837008165,-0.894555598430086,1430.57892214643,1467.65136134327,0
1.59,-0.30234830932184,0.476108878850937,-0.0338109433221637,39.3731940960563,1.64756126608454,-0.0170980208499538,0.303752099122169,4.94343199756563,-39.0963598246265,-2.97399749560324,1430.60618490808,1467.65136134327,0
1.6,-0.322389410836058,0.475952804088593,-0.0592583075070944,40.3716720417855,3.0170185254183,0.28401348231783,-0.163654578577946,-37.0385948042982,16.3437082437009,1.22982542761579,1430.66342321549,1467.65136134327,0
1.61,-0.357971578349524,0.475459069013596,-0.0298082215486493,42.130279952286,1.38796132266182,-0.288460778910327,-0.21406204709941,32.5490176989575,26.7852267551378,-0.849302784133536,1430.6291153297,1467.65136134327,0
1.62,-0.370152120887986,0.476678073406219,0.0198929328709075,42.8044352254652,-0.97006573991632,-0.0977247596680893,0.357572639786512,10.0006385451587,-41.631093322178,-2.92849813230443,1430.62968338253,1467.65136134327,0
1.63,-0.34687448471967,0.475554287433624,-0.0758423046909026,41.5885402106622,3.66567313604463,0.30977126164651,-0.173538839423034,-38.7200749701667,15.6140843695317,1.27540083966018,1430.67206556359,1467.65136134327,0
1.64,-0.283492054136839,0.473620295524597,-0.0508502645697025,38.3269016345403,2.53824246027371,-0.23923461947894,-0.160375468848263,29.3307935017782,24.8011817510157,-0.802751308028798,1430.91011819849,1467.65136134327,0
1.65,-0.409058842699204,0.47316512465477,-0.0459440277166721,44.5866828270778,2.24288287295143,-0.0613836843616094,0.407028296027975,9.36162641967107,-43.6504611646055,-2.8800635516795,1430.88342871969,1467.65136134327,0
1.66,-0.396671323351986,0.473438888788223,-0.0379528485788314,43.9851549399842,1.82453522870576,0.344558264159143,0.200170327682955,-36.8181817188782,-24.1338823816407,2.19247692806371,1430.86347543515,1467.65136134327,0
1.67,-0.342246782427226,0.473249405622482,0.0700000996304159,41.2586397551002,-3.46524225852465,0.108902302648663,-0.331923428681791,-8.18800311520489,40.5862028691622,0.115279822413999,1430.96455640775,1467.65136134327,0
1.68,-0.350158576220552,0.47283723950386,-0.0169836943673801,41.6377935896768,0.730395085083229,-0.317240834758335,0.14919023807543,38.2149624682458,-16.5485943677223,-1.96191704485342,1430.91608144108,1467.65136134327,0
1.69,-0.363085312158259,0.473731964826584,0.00939245570463887,42.3330393890109,-0.457396545957889,0.277959318515863,0.233790032677658,-32.8056986304868,-26.7597005378887,2.24423478423778,1430.95086146415,1467.65136134327,0
1.7,-0.397051633422019,0.474116951227188,-0.00723213763625277,44.0547589081161,0.21977435164825,0.0588682040973691,-0.392729980984688,-7.10626548641885,43.4783977861927,0.166999704521848,1430.86304286925,1467.65136134327,0
1.71,-0.344327773122186,0.47315901517868,-0.053103572799467,41.3748112068457,2.62510651833389,-0.307022406769787,0.164678008636975,38.1422189178828,-16.2461479328187,-1.91009754912967,1430.97704337604,1467.65136134327,0
1.72,-0.352699509337255,0.473545521497726,0.0364438120885847,41.8168856634565,-1.78706984713271,0.239686574725088,0.261295696908394,-30.0990824354487,-29.0842015839045,2.29633845554359,1430.97500602374,1467.65136134327,0
1.73,-0.301525643102746,0.472712993621826,-0.0509145973005382,39.2207272338407,2.46371690401657,0.0160214170807515,-0.305374072019097,-6.14297073478381,38.8149359948726,0.219695503069238,1431.02041919853,1467.65136134327,0
1.74,-0.312138493745634,0.473444044589996,-0.0147612786192797,39.7921127103351,0.780132957306861,-0.295303067557536,0.102198008372857,37.9566109909493,-11.9714879386329,-1.85671764688617,1431.02935039591,1467.65136134327,0
1.75,-0.277246592423557,0.47369059920311,-0.0770087817403086,38.0639734901068,3.73534054100747,0.251423316711737,0.139936918964473,-29.7157825297199,-24.0788520378203,2.3496094174512,1430.91236087401,1467.65136134327,0
1.76,-0.28637716352464,0.473454177379608,0.0849409698727461,38.5129059732771,-4.25486108642225,0.295666193886854,-0.0425246980448128,-36.7661529830972,12.2310164824814,1.13960977722749,1431.01399300237,1467.65136134327,0
1.77,-0.364754957095976,0.474303901195526,-0.0168708551837552,42.4784412375167,0.710221269511951,-0.303943574094144,-0.202358860066952,34.6537585571237,24.5772130658747,-0.937189767417862,1430.95952951914,1467.65136134327,0
1.78,-0.358840185036144,0.474168092012405,0.0366394167117974,42.1800730948011,-1.89584419023289,-0.0819710550697783,0.351268375155666,7.24394804107198,-41.5966105380553,-3.01409043236248,1430.97686767284,1467.65136134327,0
1.79,-0.395644847766676,0.474093228578568,0.0556737789276572,44.0207553292712,-2.75122265955396,0.388221167024759,-0.094439084590736,-41.9226474638549,13.7072154540355,1.19237155225148,1431.00880252798,1467.65136134327,0
1.8,-0.40746784465285,0.473968029022217,-0.0404988303799551,44.6097835731143,1.91490728454403,-0.340834358583198,-0.226940828625797,35.7181447663435,26.7939133908996,-0.884300784258529,1430.96010078602,1467.65136134327,0
1.81,-0.361480755713758,0.474589735269547,0.0862857041244484,42.3457057801435,-4.30079524682462,-0.149798173366608,0.340108904240494,11.835377123557,-40.8849542755861,-2.9610317787208,1431.01547299917,1467.65136134327,0
1.82,-0.415697862742136,0.474380165338516,-0.125560905061913,45.0502829801323,6.15059698843697,0.353767980797859,-0.251830239904884,-40.7219143727473,20.2258134502126,1.24549566137912,1430.91099749666,1467.65136134327,0
1.83,-0.370406159892877,0.475014477968216,6.32002206614746e-05,42.8215869100595,-0.0265892011312877,-0.273627933340156,-0.249656727081108,31.620341168435,28.8763404342235,-0.831345897924466,1430.98879566637,1467.65136134327,0
1.84,-0.359575595109931,0.473962783813477,-0.0290040182499378,42.2316867781225,1.42181663508238,-0.0551209242620829,0.356507398775674,8.40451207001412,-41.4113644732244,-2.90770607049609,1431.06001730426,1467.65136134327,0
1.85,-0.302594934355357,0.474683076143265,-0.0232233583114537,39.4228371864891,1.09056184370538,0.263606373932579,0.15038184162625,-33.2586603532417,-21.1945966811138,2.1658233410198,1430.97185328177,1467.65136134327,0
1.86,-0.370312638441231,0.474534511566162,0.0365301161150211,42.8054623876667,-1.79108217266721,0.0694038792152698,-0.365580362058132,-5.60073672363865,42.4752555463022,0.0892845068445678,1431.09897574496,1467.65136134327,0
1.87,-0.316692440223914,0.473175585269928,0.0313542198956026,40.0606530172611,-1.69238459175533,-0.302368317498826,0.0992501353811094,37.3301492135271,-14.6348913720468,-1.98664183651197,1431.09859640742,1467.65136134327,0
1.88,-0.260572346733891,0.473154067993164,0.0278146286549909,37.2577549518245,-1.37463439118707,0.190588965890543,0.179853961675564,-28.8263575135654,-23.6446830441803,2.22088208110506,1431.20020582625,1467.65136134327,0
1.89,-0.404581937415813,0.471667170524597,-0.0961207734999103,44.3880508821251,4.6749543302911,-0.0362374854175922,-0.414261501749756,-1.83258104313508,44.595918039937,0.146003179840491,1431.2660822204,1467.65136134327,0
1.9,-0.240089662525633,0.47243320941925,-0.0174447557009659,36.2058986074052,0.843923339619378,-0.218767777944947,0.100439160122778,33.616403542633,-13.4728138646576,-1.92867096667524,1431.26787805538,1467.65136134327,0
1.91,-0.347649119147618,0.473048537969589,0.0755113024777423,41.618823350842,-3.74451312710819,0.214742007802584,0.283633102671241,-29.1549997582447,-29.9354943965258,2.27967215954498,1431.22520859547,1467.65136134327,0
1.92,-0.27683799773356,0.472665786743164,0.0395027921869416,38.0632929015565,-2.06895059833404,0.0949392243931664,-0.263032871047166,-9.76124066212086,36.8485142688846,0.204651948743389,1431.21227469281,1467.65136134327,0
1.93,-0.423876885499488,0.471648991107941,0.0757200979801471,45.368606900283,-3.76698176891022,-0.427376735160195,0.0524811732212778,44.4656908086583,-9.76232475532925,-1.86975540084828,1431.38812519123,1467.65136134327,0
1.94,-0.410683420081115,0.47130161523819,-0.0799658651801299,44.6957063605345,3.87049661929563,0.350810748625987,0.228007082723329,-34.8203272722987,-28.288367216881,2.33943952653882,1431.29771615892,1467.65136134327,0
1.95,-0.285579447736005,0.471945315599442,0.0519201966870156,38.4768756178332,-2.6005496546655,0.280588167651482,-0.0743075229516077,-35.9375336906923,13.9902283057476,1.13206940348626,1431.34620267405,1467.65136134327,0
1.96,-0.48590941876236,0.471770346164703,-0.0298152286697312,48,1.34809587057215,-0.410508298927553,-0.261686544579981,39.6121759062538,27.1420869213895,-0.941997535883518,1431.36876497582,1467.65136134327,0
1.97,-0.284295369262604,0.471534192562103,-0.0130847905460021,38.4004771343893,0.603373248145044,-0.0226791088610723,0.283691252507124,4.21815129472474,-38.1728686776373,-3.01582649843123,1431.4034792695,1467.65136134327,0
1.98,-0.355748155967757,0.471847325563431,0.00681383813035955,41.9929879399394,-0.298210353146936,0.333265093093891,-0.124649735618038,-39.1527118187066,15.1843710037634,1.19372883990151,1431.43080751568,1467.65136134327,0
1.99,-0.299526604393713,0.471180200576782,0.0805249712209427,39.1527112193119,-4.1417105382292,-0.179541181884889,-0.252913862287417,27.5366153696167,28.1393563535326,-0.879964256800461,1431.40241448312,1467.65136134327,0
2,-0.38059390507682,0.471787720918655,0.0770948685768413,43.2406724923684,-3.84120881253024,-0.146904569108434,0.359464027292814,11.8592927214438,-41.759643423775,-2.95348916404398,1431.42562702753,1467.65136134327,0
2.01,-0.301602103480872,0.470750510692596,0.00753856891265632,39.2433591180703,-0.511102871858031,0.289160315879621,-0.0860637587241865,-37.4792555927268,11.6450788417473,1.25652228866563,1431.50057390635,1467.65136134327,0
2.02,-0.368749320378272,0.471203327178955,0.0260937342465495,42.627558353595,-1.32925456302092,-0.250849224007572,-0.271535653388586,30.1536556407829,30.1601177116327,-0.816463907365745,1431.52124670215,1467.65136134327,0
2.03,-0.461768495495647,0.470902055501938,0.0164325050918575,47.2676294980356,-0.881393382417336,-0.131163519162191,0.443053384928833,12.6508492664099,-45.5517471179395,-2.88933970887594,1431.50528393025,1467.65136134327,0
2.04,-0.336003969482165,0.470875442028046,0.00371761226955844,40.9822039934008,-0.260057660810911,0.2719046468449,0.197434422462012,-33.2759303288204,-23.9232342064186,2.18777215447636,1431.46532162,1467.65136134327,0
2.05,-0.347409315094614,0.471834599971771,0.138018518981234,41.604602178278,-6.87595137138527,0.176861764182017,-0.32933608998515,-11.5910826750401,40.5446473914228,0.114668451581955,1431.49395901554,1467.65136134327,0
2.06,-0.34322925879863,0.472117066383362,0.0109543252879802,41.4138752732544,-0.669639761503614,-0.321862307772489,0.119712055254846,38.5890422576861,-15.0480331004878,-1.95878235631324,1431.38750186673,1467.65136134327,0
2.07,-0.280999759650787,0.473008215427399,0.0667457727309038,38.3511530041217,-3.32464395583885,0.176526403023112,0.228591977411647,-27.7300558581254,-26.7003407522056,2.25080537255511,1431.41599682228,1467.65136134327,0
2.08,-0.348955779203223,0.472863525152206,-0.0109542680460677,41.7458574642042,0.410306470737924,0.0507240704999242,-0.34542321939857,-6.95422904139066,41.1645923733184,0.17718534127463,1431.37538616639,1467.65136134327,0
2.09,-0.28594804033022,0.472192645072937,-0.0821253581879423,38.5660446661167,4.08715415954665,-0.244703192520949,0.16920757606043,35.237067190107,-16.1985717318748,-1.8961056445699,1431.49035467142,1467.65136134327,0
2.1,-0.383838032393929,0.47175320982933,-0.0326397405283182,43.4426442861042,1.67203964443741,0.30468774852958,0.235716702144278,-33.1160569322007,-28.1671055027809,2.31408332290973,1431.55939142362,1467.65136134327,0
2.11,-0.373463204698275,0.471654742956161,0.0161533755103766,42.9231147850016,-0.90238866044776,0.104934645035194,-0.358781851652537,-11.13390173395,41.4637711782186,0.241312728243532,1431.53364668708,1467.65136134327,0
2.12,-0.363345391449215,0.472053557634354,-0.0644831814917242,42.4413347484515,3.26955931328722,-0.334457363241878,0.155936610056677,40.1654285794621,-14.0959306312619,-1.83142912714454,1431.56484036737,1467.65136134327,0
2.13,-0.314969491054026,0.471709102392197,0.0549250209134818,40.0094345314681,-2.88018751518507,0.177856337274818,0.265687149686177,-25.5546973298211,-30.9193754146441,2.37904019763322,1431.52138299282,1467.65136134327,0
2.14,-0.315503896143537,0.472278416156769,-0.0389239979032235,40.0687777266888,1.95641866913421,0.275836136447566,-0.158025984965137,-36.1872796510944,17.315175828539,1.17329378421396,1431.57217041676,1467.65136134327,0
2.15,-0.434899569493586,0.471032470464706,-0.113815916561961,45.9804203285384,5.56162216600809,-0.411212959583596,-0.181646911008818,39.4475025852524,24.2698420780402,-0.898871732827337,1431.63343864421,1467.65136134327,0
2.16,-0.377687712583569,0.469933420419693,-0.00529669837943333,43.0690354752924,0.211339082239157,-0.0591036865687452,0.373072134424852,7.12672303498737,-42.4758319490303,-2.97045105410382,1431.73197729718,1467.65136134327,0
2.17,-0.3696455974748,0.469282895326614,-0.0363703994931563,42.6385923143861,1.86473480885307,0.338064453854963,-0.153860647117899,-39.7487781182855,15.5422465738734,1.24176786448118,1431.82180587807,1467.65136134327,0
2.18,-0.354020013051168,0.46846342086792,0.015511961421005,41.8204736815471,-0.881367648193695,-0.250481581652444,-0.250658667994478,30.2321211195166,28.9093009340443,-0.828833410640603,1431.84241562255,1467.65136134327,0
2.19,-0.396041529726371,0.469708442687988,0.0606086881581626,43.9879793434346,-3.01125701506964,-0.153841014077038,0.369939520375975,13.4751160742238,-41.9813201592736,-2.89935175675196,1431.82071263301,1467.65136134327,0
2.2,-0.389246427657796,0.468705654144287,-0.119267757300289,43.6021639849677,5.83993710514081,0.346109566007505,-0.214349592241023,-40.6828246274615,16.7380210865929,1.31362235911933,1431.83742118416,1467.65136134327,0
2.21,-0.350893678049664,0.469180256128311,0.0165080441231835,41.7123933801848,-0.838275451632759,-0.228800072880667,-0.266550962230106,28.0161709545542,30.9147316385131,-0.756345870459675,1431.91715006437,1467.65136134327,0
2.22,-0.49882938191698,0.468374758958817,-0.0315802950653382,48,1.46755121408048,-0.1246927619198,0.484024567997227,13.4923814300605,-46.0880608174363,-2.82623394195481,1431.92394290975,1467.65136134327,0
2.23,-0.334150409417602,0.469456255435944,0.0247340427036837,40.8972588204076,-1.30346466144459,0.243634579464784,0.230022739465984,-30.9064916319495,-26.8155472469103,2.25357871800385,1431.84651092496,1467.65136134327,0
2.24,-0.389340867061461,0.469958037137985,-0.00245680621212474,43.6860517525772,0.163758704983061,0.0684761485542212,-0.383279746060387,-7.79341365651736,42.9855864008009,0.183103228675757,1431.8632142996,1467.65136134327,0
2.25,-0.381415033979751,0.46958726644516,-0.0425731795719845,43.275344402393,2.0177469877481,-0.349207373558012,0.159198348035896,40.4966741198851,-15.3898057583622,-1.88737437241942,1431.81343430005,1467.65136134327,0
2.26,-0.28494991773872,0.469789177179337,-0.0471056021422603,38.4663232109794,2.39084465312176,0.239850734632319,0.160894432684371,-29.6598241028713,-24.6103432262459,2.32549257564804,1431.92527703106,1467.65136134327,0
2.27,-0.326963093841659,0.468956798315048,-0.010770719064454,40.529471609064,0.403962212180423,0.0722098433578503,-0.319071483598753,-9.85186046028169,39.3159267962734,0.255493070947787,1431.90466144538,1467.65136134327,0
2.28,-0.293509059799154,0.470117211341858,-0.00533783531006249,38.9189705440361,0.249599311603864,-0.283546313397201,0.0760101889804083,37.7084931946653,-9.63421553691782,-1.81452392529917,1431.86201053953,1467.65136134327,0
2.29,-0.496342645689211,0.469721227884293,0.0206756857571591,48,-1.07469759122555,0.320598129491362,0.379473774163557,-31.6851844223659,-36.0722062401684,2.39846447780104,1431.87126139228,1467.65136134327,0
2.3,-0.291208695156951,0.469792008399963,-0.0105621385811016,38.7960000009055,0.456965307235328,0.0838699604272438,-0.279069691375386,-12.0729445950839,36.8725160813079,0.328200833912719,1431.87312863023,1467.65136134327,0
2.31,-0.446802573219862,0.469720870256424,0.0469619149780502,46.5763175390069,-2.3206280604458,-0.448276007291558,0.0297755299035141,46.2916373259216,-5.6411863800687,-1.74184334421663,1431.93830274691,1467.65136134327,0
2.32,-0.375555375521698,0.468398123979568,-0.0614979937053839,42.9519542029156,2.95829071617505,0.281349577631764,0.256254284802145,-28.9828223216883,-31.8373658470705,2.47186003587423,1431.94627530148,1467.65136134327,0
2.33,-0.326794180741255,0.46978622674942,0.0107793178702379,40.5874363529421,-0.524205586302929,0.315250762318773,-0.0867616684805443,-38.9118380035104,11.5535122101206,1.26925736845395,1431.95493967626,1467.65136134327,0
2.34,-0.449496401552386,0.469767093658447,-0.0194772143511223,46.7257125093429,0.828590615897535,-0.336210388641627,-0.298979851255681,34.1167154537828,31.9378850044917,-0.800640285048734,1431.92193635404,1467.65136134327,0
2.35,-0.377547960698265,0.469670534133911,-0.017654006364716,43.127588633146,0.846313517291988,-0.0842170082137253,0.368458440120014,10.7476418681404,-41.7755112733956,-2.87016120402405,1431.983467177,1467.65136134327,0
2.36,-0.411786033158086,0.468932926654816,0.0911973839625621,44.8067573746338,-4.53827291874739,0.421746647184774,-0.0038033582646573,-44.6788275885063,5.66072370204303,1.34382846273748,1432.04996857612,1467.65136134327,0
2.37,-0.266289496744719,0.468317329883575,0.0286336154733785,37.505256608755,-1.51738680140467,-0.15521642888456,-0.218260945237477,23.7436495190386,29.0720801373189,-0.725287105044731,1432.06077547255,1467.65136134327,0
2.38,-0.374173662755039,0.467676222324371,0.0780919237695976,42.8715333798842,-3.87802856284458,-0.201017776630234,0.325109415329971,18.2663685633175,-38.9788052585737,-2.79357158196608,1432.19972394793,1467.65136134327,0
2.39,-0.299717513018202,0.466578722000122,0.0190929169641634,39.0978967665088,-1.08130168730309,0.29923534929539,-0.0255603759769438,-38.8260194793031,4.72810282209678,1.42196712078679,1432.20990469903,1467.65136134327,0
2.4,-0.269291417630929,0.46695140004158,0.0503650732465126,37.599393785303,-2.51268429217387,-0.121729672260515,-0.24543103940649,20.6069426242935,31.5496737075599,-0.645321086100304,1432.29637913249,1467.65136134327,0
2.41,-0.421371668195401,0.46710330247879,-0.0239135752798876,45.2151456089832,1.05541269963317,-0.153456810670464,0.393162751413828,17.8404810444264,-41.5600833073223,-2.71277338845168,1432.19508677564,1467.65136134327,0
2.42,-0.239835533817594,0.468756377696991,-0.0362284341332605,36.2251159017004,1.77907376630878,0.19331075206213,0.146507801357102,-26.5527891750121,-24.7057384545566,2.36924823810174,1432.14407432094,1467.65136134327,0
2.43,-0.43925511348805,0.468176186084747,0.0390549124052837,46.171187051336,-1.92332505754784,0.167588109799861,-0.407902643239895,-15.5319565717659,43.5228218071764,0.301148937086967,1432.18911958554,1467.65136134327,0
2.44,-0.242790755984484,0.468475639820099,-0.0408543085932933,36.3670410548078,1.95884066451356,-0.230171023338552,0.0873940829658237,35.2877268484038,-9.00972062294211,-1.76696621982867,1432.17193751567,1467.65136134327,0
2.45,-0.324228868461044,0.468620598316193,0.0404204453624115,40.4503327468926,-1.98950025989792,0.176094881136405,0.275224934161823,-24.3179331322455,-32.3855779444199,2.44837946110971,1432.20179409274,1467.65136134327,0
2.46,-0.332874810755837,0.468568205833435,-0.117823178737264,40.8841049318896,5.77481168450298,0.0141189463600177,-0.352829415493055,-9.80951397476788,40.1077538844058,0.3801901326405,1432.12418730177,1467.65136134327,0
2.47,-0.392965227435957,0.469454824924469,0.0367252874960891,43.9370786697226,-1.85011927451787,-0.394562554890583,0.0095292703645015,43.8515663362346,-3.30604797577884,-1.68812927959207,1432.12979346283,1467.65136134327,0
2.48,-0.374980846530947,0.468774199485779,-0.0539641975669791,43.0079367998624,2.56973576011818,0.260369289055593,0.275191938836875,-26.9058850803466,-33.6505500356379,2.52679482165387,1432.20709247291,1467.65136134327,0
2.49,-0.367397584657187,0.469646275043488,-0.000638908699449103,42.6764933650439,-0.028064698443121,0.162140282196586,-0.329684580023805,-18.9257361512922,38.2504952215734,0.458808559823433,1432.12437059077,1467.65136134327,0
2.5,-0.353721258387753,0.469893872737885,0.064259537485184,42.009220928019,-3.17734374867192,-0.355950068169854,-0.0504734164001361,42.100926684641,1.54341458163904,-1.6096435700086,1432.15277509236,1467.65136134327,0
2.51,2.7940114882535,3.68318796157837,0.0969250236065139,45.290726866618,-4.64943181691301,-1.11234396410039,-2.5648753502311,-12.2416407076386,-43.8521309529172,2.76706647315624,1480.53089709707,1771.58599271118,0
2.52,2.06439563053768,3.1155002117157,0.0717848985062093,48,-3.47585923895011,-1.82687199304523,-0.96406488996518,-39.9193509105177,-26.8798627290383,2.09112692661989,1525.66644077674,1771.58599271118,0
2.53,1.67670373836934,2.65042901039124,0.183279250604248,48,-8.94222212457023,-1.13683510777218,1.2460066804397,-41.9254731637533,25.0243488730587,0.848491473630491,1562.60382630752,1771.58599271118,0
2.54,1.23640397397319,2.27027440071106,0.160156872378646,48,-7.8534370899876,0.341230316428431,1.1991275502535,-0.669057863075764,48.6336183694186,-0.14842010600129,1592.9088861939,1771.58599271118,0
2.55,1.01233935480899,1.95972955226898,-0.00557588823946392,48,0.420607711442363,0.816747294580583,0.598152084858055,39.1276928819791,27.8064841463362,-0.94418937001037,1617.72468390169,1771.58599271118,0
2.56,0.684547788328933,1.7051260471344,0.115755104667502,48,-5.68461059161334,0.684049806526953,-0.118662466488174,48.0237187151327,5.48062390135413,-1.57504499339808,1638.0325371243,1771.58599271118,0
2.57,0.436677145613733,1.49395716190338,0.113359549785488,48,-5.56515133138608,0.328973977402606,-0.308728746994567,44.7979772212257,-18.1138661314413,-2.0704686126276,1654.88758530731,1771.58599271118,0
2.58,0.296152655976669,1.32270753383636,0.193495699774554,48,-9.58128459177702,0.0383410944059432,-0.351677326469925,37.860666299076,-31.0221044066748,-2.45426110252284,1668.53792738699,1771.58599271118,0
2.59,0.0854358101788187,1.18235409259796,0.0631671420275278,48,-3.28093120349692,-0.025486476450617,-0.103149430492704,21.47411797629,-43.0537659990675,-2.74717255471529,1679.77790514656,1771.58599271118,0
2.6,0.0153537801769544,1.06705796718597,-0.0585775642276065,48,2.830697662984,0.0427628008681111,0.0428767123095495,40.0444013265438,-26.6168888425736,-2.09852069057557,1688.91773458629,1771.58599271118,0
2.61,-0.00814475509085969,0.972823083400726,0.0300944677814003,48,-1.53241606567424,-0.0253522170477846,-0.0181460496334008,38.1339038536,-29.1916713444559,-2.25606112941484,1696.46377143056,1771.58599271118,0
2.62,-0.0943660370834051,0.894694268703461,0.0563335036595253,48,-2.76431722577798,-0.106380068431811,0.0275987976156135,35.6829855375536,-32.223686828969,-2.36282293298328,1702.76430073469,1771.58599271118,0
2.63,-0.26017517316121,0.831708610057831,-0.0245164366358536,48,1.15145843499093,-0.151698601458019,0.212790297500771,30.5367019950203,-37.0517973625415,-2.42830702198363,1707.73943473945,1771.58599271118,0
2.64,-0.171982135065624,0.779531300067902,0.042773883823683,48,-2.26398440175742,-0.141500149479558,0.106701300912198,31.9758118692133,-35.8702255453751,-2.46066373779927,1711.87325867841,1771.58599271118,0
2.65,-0.169176206639278,0.737624883651733,0.036658580894995,46.2207778108497,-1.8396845310225,-0.134451530501583,0.109028557689591,30.3560351264192,-34.9035223439874,-2.46554622680418,1715.29511966074,1771.58599271118,0
2.66,-0.308314554085533,0.702417373657227,0.00507077596501176,48,-0.199436386575891,-0.201088143479784,0.233767267986136,30.8528828267366,-36.7714481106191,-2.44764818232661,1718.1454362703,1771.58599271118,0
2.67,-0.396536773653803,0.673086702823639,-0.0158005754114842,48,0.624666665672593,-0.252927133290231,0.305808659603823,31.5753518666386,-36.15781192137,-2.41073299614287,1720.34508139422,1771.58599271118,0
2.68,-0.317111832310785,0.651891946792603,0.0358694270903257,48,-1.84561084072571,-0.313344397123121,-0.0605129637585176,47.7094810439617,5.58674304861637,-1.49265926978079,1722.13253883851,1771.58599271118,0
2.69,-0.423447661297362,0.631521999835968,0.0619348894977071,48,-3.06427217208562,-0.410447998578913,-0.121145750473811,47.0854471110227,9.8158257064652,-1.42902402739395,1723.78708614834,1771.58599271118,0
2.7,-0.368614067846519,0.614916563034058,-0.055633434946627,48,2.61954228471917,-0.371970181497061,-0.0246899610239041,47.4454593792236,7.73242433366606,-1.35472195005184,1725.00735653962,1771.58599271118,0
2.71,-0.402445910408591,0.601906180381775,-0.025211493603345,48,1.19815020231028,-0.392023080515908,-0.0944258150990988,46.2241628401618,12.9908557698675,-1.27186687069975,1726.10677488286,1771.58599271118,0
2.72,-0.40873634634028,0.593321442604065,-0.0153578635858491,48,0.811369813243098,-0.384107678319616,-0.140579359258169,44.7319782213518,17.4272328663604,-1.18239227661861,1726.88413373825,1771.58599271118,0
2.73,-0.498998869907567,0.585994303226471,-0.0551891605960575,48,2.58241114300437,-0.467587841494015,-0.182776711052843,43.7127820907937,19.9965379302093,-1.08801348390338,1727.39619993998,1771.58599271118,0
2.74,-0.235170103820413,0.578743994235992,0.0182357352159627,41.60786782827,-0.958709868627818,-0.186508515901202,-0.144402538987725,34.2438211876991,23.6536360902902,-0.989348509675024,1728.0406949146,1771.58599271118,0
2.75,-0.395332365993274,0.573243916034698,0.0811030932136457,48,-4.02179670428196,-0.255165733843475,-0.312659302760661,34.6623557661357,33.4469122860752,-0.886833943800125,1728.55023651694,1771.58599271118,0
2.76,-0.445131628500964,0.566650390625,0.0393447338392796,48,-2.14880789995531,0.0774768756983262,-0.440099430248245,-6.2684776090305,47.6374176866882,0.0860986124083223,1728.93749267392,1771.58599271118,0
2.77,-0.329465316921591,0.562917113304138,0.0155845600317143,45.5417953867697,-0.82741525011913,0.0791229522905093,-0.320202798217724,-9.63543154673214,44.5185152712303,0.194982520852814,1729.35392410142,1771.58599271118,0
2.78,-0.465519710054971,0.560047745704651,-0.0412070958718739,48,2.10315345163375,0.101197883969343,-0.456251699700927,-12.4802661571436,46.3968340631985,0.306557544823429,1729.60874689831,1771.58599271118,0
2.79,-0.433288538192357,0.556728839874268,-0.0899416650523688,48,4.3381477578413,0.094335936353507,-0.432353086670569,-15.5884714827725,45.6050335248167,0.419497478843595,1729.76763631224,1771.58599271118,0
2.8,-0.334169856426077,0.554762661457062,0.0250872107515161,45.3797921785509,-1.29129234415198,0.191745257490432,-0.274831980157048,-24.2179985909466,38.3989780897284,0.534235729839409,1730.02427892731,1771.58599271118,0
2.81,-0.55295386879283,0.552847802639008,0.0650845539945833,48,-3.23530771535681,0.386579740346738,-0.400687015680669,-31.6359945640625,36.2440486694803,0.650316450556697,1730.21025541078,1771.58599271118,0
2.82,-0.406136281422051,0.552239656448364,0.00633692304111083,48,-0.478249885550798,0.286402201216862,-0.288028843727666,-33.6540932795146,34.229091844318,0.766964744086481,1730.15563193611,1771.58599271118,0
2.83,-0.387337201475101,0.552087485790253,-0.00543612315386602,47.9148846229672,0.24737682248504,0.295985193065064,-0.249904831021218,-36.8839910702506,30.585430623979,0.883645467796635,1730.27017022162,1771.58599271118,0
2.84,-0.510620293511182,0.55116480588913,0.134547891982949,48,-6.71579022049937,0.448906385629,0.278063439387503,-43.934393792691,-20.4663352937087,1.867733343972,1730.39794023684,1771.58599271118,0
2.85,-0.381276754231013,0.548166036605835,0.0496614632016084,47.4227617099649,-2.63800171257867,0.328738375982378,0.199422427025471,-42.3173776005986,-21.5665698302729,1.98655500361299,1730.54378058511,1771.58599271118,0
2.86,-0.424245687847049,0.549154222011566,0.0138600270671934,48,-0.709522782298873,0.357850097453206,0.228297638533233,-40.9257926330663,-25.0914909866643,2.10600989212889,1730.57695607743,1771.58599271118,0
2.87,-0.485925043909705,0.548147737979889,0.0686862383201635,48,-3.45115839322363,0.343538011370489,0.350460528985552,-35.9655482791276,-31.9748312151427,2.2257477659985,1730.64686670783,1771.58599271118,0
2.88,-0.355820286140352,0.546372532844543,-0.0255684471343792,46.0707532997057,1.1482242880525,0.27204256272506,0.23076972414909,-33.7100490911454,-31.4239609039119,2.34602857067468,1730.76774514449,1771.58599271118,0
2.89,-0.342545258617326,0.54646772146225,0.0209858718559386,45.4152494380477,-1.04326007357102,0.197559522857218,0.280620555104563,-27.5509363797295,-36.1189587017857,2.46699280209813,1730.83125672582,1771.58599271118,0
2.9,-0.48973238660703,0.545343518257141,0.0734735255920137,48,-3.79097772306599,0.194649735009467,0.455354422527642,-21.9804253897423,-42.8396126474406,2.58871566501894,1730.91198637272,1771.58599271118,0
2.91,-0.337277180977958,0.545369982719421,-0.0606064232318408,45.1039159286936,2.92144817224162,0.196017696016397,0.281080234441731,-21.5043216120913,-39.7550279025118,2.71042789320614,1730.80853754518,1771.58599271118,0
2.92,-0.377726852664057,0.546373248100281,-0.0470954246388191,47.1800609147804,2.37932994885276,-0.159757994485343,0.34550388918712,22.9279469473043,-41.3028886121721,-2.58444097575861,1730.89430855566,1771.58599271118,0
2.93,-0.589873417982315,0.545299232006073,-0.0790589776977969,48,3.77040152491372,-0.308961529720881,0.508668599728047,27.2133975518774,-39.7196037410061,-2.46252211897324,1730.89768906036,1771.58599271118,0
2.94,-0.394947728725376,0.54624330997467,0.0231117668440484,48,-1.2659004919542,-0.299553698391608,0.258428798650415,35.331839929665,-32.5155899721973,-2.34107654745287,1730.84703832913,1771.58599271118,0
2.95,-0.466575587829071,0.545373857021332,0.009881181587994,48,-0.47547697335541,-0.377906943498126,0.273818843331723,38.5513433473962,-28.6010490098416,-2.21899547215249,1731.03511773475,1771.58599271118,0
2.96,-0.499418930262944,0.544918954372406,-0.0347154553404393,48,1.55346020283587,-0.414491440322346,0.280751271847491,40.7326612614575,-25.4413746712153,-2.09675115145849,1730.99235307753,1771.58599271118,0
2.97,-0.314372931826949,0.545099556446075,-0.0397160466414395,43.96607270344,1.91005891276056,-0.273517682091327,0.159986818862318,39.6835597590253,-19.0231164341244,-1.97438769187259,1730.99381932728,1771.58599271118,0
2.98,-0.476050327993892,0.544184744358063,0.00259567271380462,48,-0.102266440380288,-0.458154647483342,0.129325060561918,46.1514311202566,-13.1930233069239,-1.85136475477005,1731.13623484848,1771.58599271118,0
2.99,-0.510458473601253,0.544023752212524,-0.0106824708442415,48,0.347296374899632,-0.502482594232951,0.0905163573481778,47.3529582771886,-7.86243964497349,-1.72809906163358,1731.10343083122,1771.58599271118,0
3,-0.380051146461205,0.543358147144318,0.102890768509963,47.1734436724454,-5.22758303461503,-0.179490616456414,-0.350440441123942,27.8612941905755,38.4240770653945,-0.737739589940067,1731.14985401611,1771.58599271118,0
3.01,-0.46855466415887,0.543588221073151,-0.0549750591235456,48,2.79084565829089,-0.314806925403338,-0.351372067968935,29.9272439619834,37.6317537237946,-0.613770283845327,1731.22228237454,1771.58599271118,0
3.02,-0.47734800417666,0.542238354682922,-0.0888768180165562,48,4.27471865180908,-0.302962816842071,-0.37943871373821,26.3502352205049,40.3477176972402,-0.489714154434524,1731.26590853472,1771.58599271118,0
3.03,-0.383993933664777,0.541613399982452,-0.0939314899713098,47.29377642918,4.65800545938811,-0.224767783638974,-0.325198261584534,21.2271139723571,42.5183247106176,-0.364870175615464,1731.36426511496,1771.58599271118,0
3.04,-0.520525503244833,0.542623937129974,0.0775830940330853,48,-3.85789958813425,-0.048363770381754,-0.524048549012869,7.66175727773291,47.5413595162069,-0.239986445100452,1731.33326831461,1771.58599271118,0
3.05,-0.44516306718497,0.540943086147308,0.0182667786107643,48,-1.08532839933442,-0.032806707681789,-0.444328202478108,4.41589203872338,47.8087631636371,-0.114711567169468,1731.38862492724,1771.58599271118,0
3.06,-0.414578585239966,0.541556298732758,0.0226175156175359,48,-1.16872503677334,0.0272737544614895,-0.414298319656085,-1.70791690392636,47.9838403846635,0.0112349369104088,1731.40356072588,1771.58599271118,0
3.07,-0.52201041016423,0.541456997394562,0.0468727470962427,48,-2.32066981077257,0.465467032421054,-0.240899075277001,-41.7319801555052,23.829127988056,1.00366065503813,1731.45127624713,1771.58599271118,0
3.08,-0.515454144351807,0.542630732059479,-0.0441277001773318,48,2.0459300045063,0.447053749300974,-0.260352019558782,-42.5129342307125,22.3793711412643,1.12883985245403,1731.2823917593,1771.58599271118,0
3.09,-0.414469216437657,0.543639540672302,-0.0566295693227478,48,2.82237748580536,0.376123359455954,-0.183092484738431,-44.7245162967024,17.6545590910219,1.25356447947983,1731.29637799738,1771.58599271118,0
3.1,-0.607475712803024,0.542107760906219,0.0368397609868592,48,-1.85650591160462,0.603333729064724,-0.0798268188515901,-47.4713952049173,7.34256436801022,1.37868099557912,1731.37304005048,1771.58599271118,0
3.11,-0.421215469521789,0.542250990867615,-0.0112426618362753,48,0.421643742269651,0.419521462494463,-0.0393778074063707,-47.8644212226572,3.62973338765264,1.50389157043423,1731.39462785117,1771.58599271118,0
3.12,-0.390932198544003,0.542747795581818,-0.0361346130195917,47.728690854462,1.81440412877319,0.392376627124847,-0.0132013863913071,-47.7530892234991,-0.981051800796064,1.62933435605565,1731.41154538035,1771.58599271118,0
3.13,-0.540492187338067,0.543248176574707,-0.0490516193273789,48,2.34359488993484,0.540344624245868,0.0506512880459915,-47.618723343997,-6.47685294691802,1.75476774560447,1731.35144151376,1771.58599271118,0
3.14,-0.381417753708584,0.54337352514267,0.0466117098465095,47.2911930301545,-2.45787512955457,0.349178680441859,0.160394524419631,-44.3039902607711,-16.7228746135739,1.87979330960369,1731.33688686212,1771.58599271118,0
3.15,-0.419210863772037,0.543434321880341,0.144033238395111,48,-7.20584261660803,-0.027000950198711,0.442441262491923,-5.85804192325235,-48.1830625079056,2.87159858181892,1731.40566249682,1771.58599271118,0
3.16,-0.611863723160548,0.542275786399841,-0.0343814083822059,48,1.52735750798846,0.122107364228307,0.600540663538654,-8.42154259648416,-47.2801273396425,2.99713039585965,1731.42391441091,1771.58599271118,0
3.17,-0.448855418774802,0.542819261550903,-0.0481710012343934,48,2.30416282271795,0.0567104205330196,0.447856629432227,-3.21787330069395,-47.9474134623994,3.12254716136452,1731.4160717483,1771.58599271118,0
3.18,-0.427289855492808,0.541676640510559,0.00306448671215095,48,-0.127525171191807,-0.048689710500506,0.424517754372241,5.25411677537585,-47.7117440425311,-3.03456927025509,1731.60291518358,1771.58599271118,0
3.19,-0.495369586127346,0.54206520318985,-0.0353707396958886,48,1.58602408437542,-0.0801441463632752,0.490121446062417,9.55715075221008,-47.0656599007785,-2.90822641744006,1731.51405683637,1771.58599271118,0
3.2,-0.346930535035766,0.541486144065857,-0.070032277902041,45.493356721423,3.43115520241815,-0.0566013545906754,0.349373156877932,12.8061133150532,-43.7883750962255,-2.78179400948058,1731.55104481746,1771.58599271118,0
3.21,-0.519206266799626,0.54332160949707,0.0823894810103971,48,-4.10514145275773,-0.315505151084109,0.420499314749217,26.0635681590047,-40.5159548964117,-2.65526408775917,1731.46914534607,1771.58599271118,0
3.22,-0.528885257746404,0.541241645812988,-0.0975691934101166,48,4.70150266037096,-0.224366256239687,0.488773103213718,23.7606455977985,-41.970654605823,-2.52881706013937,1731.5727574333,1771.58599271118,0
3.23,-0.374745093111775,0.540681958198547,0.0802521266068292,46.8543085374971,-4.08531142373717,-0.371624692822272,-0.0936449481874112,46.6775794011003,5.7636428766764,-1.53491227928933,1731.69282196181,1771.58599271118,0
3.24,-0.526297676095166,0.540350019931793,-0.00807914539649829,48,0.434711329822799,-0.520589717659741,-0.0777229845056219,47.4302216776917,7.38668027907683,-1.40724333944333,1731.78111604759,1771.58599271118,0
3.25,-0.425260283851041,0.538917124271393,-0.0945823704537765,48,4.56927052761233,-0.43449062247271,-0.0317810132783727,47.2847954134914,9.4353778863788,-1.27893250901026,1731.80801092248,1771.58599271118,0
3.26,-0.44237924664624,0.539462625980377,-0.0147626924521542,48,0.691790207977655,-0.409892488804392,-0.167049341733133,44.1036867651818,18.9563548028248,-1.15044447705255,1731.82651354843,1771.58599271118,0
3.27,-0.493396907110574,0.539686679840088,0.0926151091414879,48,-4.6088519621964,-0.372592572546265,-0.336441438100193,38.5439165333555,28.975990314037,-1.02189049023471,1731.85274614174,1771.58599271118,0
3.28,-0.516488810228976,0.538436889648438,-0.0673264540161934,48,3.20314745029245,-0.444668376121275,-0.271226063975803,39.4114642719309,27.5861675034904,-0.893468549164974,1731.8465889945,1771.58599271118,0
3.29,-0.363527713146661,0.538107633590698,-0.0386406716948052,46.185621472835,1.9185879335037,-0.279431818984467,-0.235718811879109,33.3422190696449,32.0170116969462,-0.76415419908619,1731.9749812205,1771.58599271118,0
3.3,-0.53363694472682,0.538171529769897,-0.0112008419237524,48,0.585865620697356,-0.325423161877634,-0.423076368225334,28.9318932406072,38.3052058086054,-0.634679083628645,1731.99798389178,1771.58599271118,0
3.31,-0.495028248454546,0.537014305591583,-0.0192006375774734,48,0.807398037929614,0.157370130032926,-0.469740644850728,-16.2452935878711,45.1745761223669,0.362030748784729,1731.98734713145,1771.58599271118,0
3.32,-0.445358653492917,0.537948489189148,0.0324043232150224,48,-1.63223427437954,0.239042347019569,-0.377164588390034,-24.1242042624966,41.529350553889,0.492261679412399,1732.05351567335,1771.58599271118,0
3.33,-0.586846808765859,0.538033604621887,0.0367597231324278,48,-1.93304471029354,0.371936142337085,-0.4554162494102,-29.5494053684465,37.875708629981,0.622280550076412,1732.03128937225,1771.58599271118,0
3.34,-0.442257305285161,0.537765026092529,-0.05398195047757,48,2.57480876812036,0.262737832989037,-0.359825521845908,-30.9141052321045,36.8096147479264,0.752155195920704,1731.97169865177,1771.58599271118,0
3.35,-0.413521808238233,0.53995805978775,-0.0708545356254127,48,3.5652518623144,0.274100693449675,-0.317631013847387,-34.779223418074,33.2733623079698,0.881662395945717,1731.93799533791,1771.58599271118,0
3.36,-0.577963944575544,0.540433287620544,-0.0771844071196026,48,3.67815277577509,0.448598969936535,-0.372503312876015,-38.7079576261735,28.6220688324988,1.01056906461393,1731.84270159506,1771.58599271118,0
3.37,-0.292512186734304,0.540806412696838,-0.0684722436667048,42.7974571991893,3.33751401142687,0.237008247929406,-0.184604761461535,-37.4725518823605,20.9420437855696,1.13899997774017,1731.79962381801,1771.58599271118,0
3.38,-0.386439388021845,0.542131125926971,-0.0575212565860967,47.5635253955636,2.91366226230583,0.351596317693073,-0.170364682251379,-44.5198670357577,16.9929342655016,1.2673524022069,1731.79126342946,1771.58599271118,0
3.39,-0.522547324993196,0.539737582206726,-0.11495988165588,48,5.57338307879305,0.475654879459867,0.244997789569414,-40.5100400934205,-26.3438655206946,2.2629801684953,1731.88899932531,1771.58599271118,0
3.4,-0.465980717327281,0.541085422039032,-0.0420864883047483,48,2.01632744957668,0.348382598152581,0.312312130284961,-34.1894312873142,-33.7512720446791,2.39172757756759,1731.79487569846,1771.58599271118,0
3.41,-0.467228578571272,0.542000770568848,0.0632580116837629,48,-3.14002432985107,0.220579647256593,0.416711818757366,-25.391716735632,-40.8548708725102,2.52018273684043,1731.87272289021,1771.58599271118,0
3.42,-0.499643316475191,0.542382895946503,-0.0061146124582815,48,0.120494857860247,0.241885893411972,0.437232257218214,-22.8263154017243,-42.2252749451294,2.64851751733723,1731.73314466139,1771.58599271118,0
3.43,-0.43527989478393,0.542214035987854,-0.0599375158981157,48,2.93612057067978,0.211376878711654,0.38520242439692,-19.877967837859,-43.7891219213472,2.77655379240311,1731.75837370542,1771.58599271118,0
3.44,-0.437068977738328,0.542012691497803,0.0215329561161238,48,-1.03926582010118,0.0814710168498736,0.429948174683617,-10.2359894572311,-46.90740446109,2.90509575504566,1731.89773510897,1771.58599271118,0
3.45,-0.453262558322626,0.54100489616394,0.0119692107282474,48,-0.77483332075666,0.0366712055256533,0.451935207156872,-4.37329556105666,-47.8066381647005,3.034226762526,1731.88050822195,1771.58599271118,0
3.46,-0.352264750483253,0.541006028652191,0.0533242577817178,45.8262278107556,-2.71072089313368,-0.0610323977111718,0.351011363534893,3.71449041214576,-45.7558053595587,-3.11967286663468,1731.93382029733,1771.58599271118,0
3.47,-0.531574071405574,0.540884912014008,0.0653549668898204,48,-3.24618940602786,-0.486774753357485,0.223366525203819,42.5611246637395,-22.4296324762006,-2.12333454504622,1731.97799142228,1771.58599271118,0
3.48,-0.528269936698101,0.540914714336395,-0.0526856572771636,48,2.46856945087167,-0.460015345553855,0.265010917429282,42.7505128049012,-21.9655978760368,-1.99404674101164,1731.89126552498,1771.58599271118,0
3.49,-0.383336397293423,0.541046917438507,0.105985754525084,47.3922658150284,-5.33302671149928,-0.397601107109963,0.00965055838196904,46.9041023958851,-8.62978629076044,-1.86480735542271,1732.00083458662,1771.58599271118,0
3.5,-0.478054490662335,0.541624009609222,0.076719177487715,48,-3.81537141859739,-0.484164987252907,0.00248864525571349,47.9777791239158,-4.08531142002698,-1.73506162889622,1732.01185157737,1771.58599271118,0
3.51,-0.425710633961529,0.540680587291718,0.000119753289666735,48,-0.152719496344598,-0.425460203199732,0.0146004692397124,47.9765770911586,-1.50710778004774,-1.60538105318658,1731.95674156775,1771.58599271118,0
3.52,-0.393431573023049,0.54114818572998,0.154991677416975,47.9124424320294,-7.77121336679708,-0.376913735136077,-0.191694702549888,46.9565689476477,12.2912379221795,-1.47557853262459,1732.00564380695,1771.58599271118,0
3.53,-0.488407242580348,0.540504455566406,0.0290500787505422,48,-1.53824785081579,-0.469591546952584,-0.137365646036523,46.4448167863291,12.2165952758885,-1.34562376132744,1732.06676554126,1771.58599271118,0
3.54,-0.475917532311033,0.539646863937378,0.00672931077859207,48,-0.471873522732958,-0.443820926359976,-0.171946987497747,44.8347917654912,17.1482976404803,-1.2153166193109,1732.05978809842,1771.58599271118,0
3.55,-0.432510430793304,0.539551973342896,0.136169692003187,48,-6.81445785167382,0.0395829933324182,-0.45170858349615,3.70905119660551,48.339215705607,-0.217605062033252,1732.21032301727,1771.58599271118,0
3.56,-0.554786210153177,0.539090633392334,-0.0405295136567577,48,1.84280096678212,-0.0881697888230054,-0.54923261810665,5.97081345802007,47.6628293542536,-0.0862498666288781,1732.20269279111,1771.58599271118,0
3.57,-0.465413135381019,0.539695739746094,0.0215170017621792,48,-1.19130302633174,0.0424217148753036,-0.463974962748059,-3.34833288647975,47.897890034759,0.0449783868630026,1732.12465813719,1771.58599271118,0
3.58,-0.365825536664578,0.540110647678375,0.0467672335024776,46.5009760637905,-2.31078149077388,0.110057733471599,-0.351998285093119,-10.4118551454808,45.3792216593988,0.175885093940617,1732.22792475541,1771.58599271118,0
3.59,-0.453056996718565,0.53814822435379,0.00701831023655053,48,-0.533935244813611,0.143896581927749,-0.429655295165477,-15.045613222854,45.5841486658897,0.307680633493767,1732.29021102967,1771.58599271118,0
3.6,-0.47324282806912,0.537320137023926,0.014762282887832,48,-0.830956044823682,0.214934918413128,-0.42187638018934,-21.1975077636985,43.0738453421142,0.440014035775559,1732.35025895494,1771.58599271118,0
3.61,-0.526807521702382,0.537978291511536,0.0717895473609393,48,-3.57290561009347,0.345841808877087,-0.403823410991883,-29.0168566001681,38.4029645671258,0.572769951827633,1732.43739254818,1771.58599271118,0
3.62,-0.461260430116923,0.537652730941772,-0.113487705276434,48,5.5082989365418,0.461410523630652,-0.112875915604026,-48.0072624968811,5.4446400000237,1.57212245412179,1732.36423088491,1771.58599271118,0
3.63,-0.366685237764955,0.539458334445953,-0.0515245923085985,46.5286280720924,2.52775881133972,0.370280945096524,-0.00220655970547025,-46.4505533446644,-3.69444026259757,1.70443776131973,1732.27174559069,1771.58599271118,0
3.64,-0.418654973137015,0.538899421691895,-0.00215693424673091,48,0.151006451240146,0.404483825422094,0.108025339016401,-46.3499121586687,-12.4783190307033,1.83692688750656,1732.40743579542,1771.58599271118,0
3.65,-0.530432034079257,0.538333237171173,-0.0729969355989387,48,3.47883414362652,0.517141600438468,0.138748911636215,-45.5828870466989,-15.4370559203093,1.96968152950141,1732.32001943212,1771.58599271118,0
3.66,-0.373169813060959,0.539386630058289,-0.0809708838191293,46.8596227032443,4.02662874456913,0.362782957800666,0.119165930264492,-42.4453043461124,-20.2591736727562,2.10183919321338,1732.31624449567,1771.58599271118,0
3.67,-0.543162766233432,0.540259003639221,0.0236657159422405,48,-1.15906934345272,0.41360951084989,0.35286403793519,-37.1248558306931,-30.4481283709391,2.23356393939866,1732.31213549976,1771.58599271118,0
3.68,-0.412321486952091,0.539355635643005,0.0517974419142659,48,-2.75135391624536,0.251852815837572,0.330548245716009,-31.6590647551335,-36.1838854630442,2.36553415698526,1732.31233167416,1771.58599271118,0
3.69,-0.345184776670963,0.538644134998322,0.0663774217597777,45.4336026664799,-3.33502268569654,0.15399173220514,0.31598265550077,-24.5900564202942,-38.3492340577544,2.49814596745982,1732.45328024189,1771.58599271118,0
3.7,-0.491664982746411,0.538614571094513,0.0486753589351902,48,-2.4517929473561,-0.217168217531015,0.443781152282181,19.0458874675559,-44.1278308919655,-2.78517369114422,1732.43233908793,1771.58599271118,0
3.71,-0.442414709594558,0.537040889263153,-0.045913536867613,48,2.16086298163127,-0.167598866077827,0.412006611867767,20.672711899783,-43.3740511312231,-2.65184005850805,1732.45901110492,1771.58599271118,0
3.72,-0.339336002809823,0.537944555282593,0.0548294389191319,45.1165680048025,-2.7351565394596,-0.242609689165912,0.243507143422846,28.5582007185466,-35.0344824643739,-2.51823474417927,1732.5478407254,1771.58599271118,0
3.73,-0.524285897890197,0.536826550960541,-0.0850071476625121,48,4.10661521259845,-0.298443765115676,0.439355479018784,29.9945084330795,-37.6987234845195,-2.38417094106933,1732.65408922754,1771.58599271118,0
3.74,-0.415992491509568,0.535295248031616,-0.0573909206850994,48,2.760216327039,-0.287800174489596,0.305801455740779,35.6325168516848,-32.2791347000884,-2.24941471824045,1732.71320903127,1771.58599271118,0
3.75,-0.412965737766179,0.53566300868988,0.0724064069483381,48,-3.60700694719152,-0.390944524782035,0.151478602049538,42.9546701379883,-21.7234162242891,-2.11402151872659,1732.80316302007,1771.58599271118,0
3.76,-0.481225357420581,0.535429358482361,-0.0918292710724443,48,4.41895196000681,-0.405330245901026,0.275168768954756,42.310108174929,-23.0950618672185,-1.9786466711003,1732.76085673528,1771.58599271118,0
3.77,-0.448417266190483,0.534876048564911,-0.00430077470573375,48,0.119295318817033,-0.430733494926557,0.124760561192908,46.1988174517957,-13.0262618363345,-1.84313716439271,1732.74368465339,1771.58599271118,0
3.78,-0.518224099330332,0.536080479621887,0.0553622284150692,48,-2.75126433763891,-0.349305166161369,-0.386790763016381,33.9386747743484,34.0548940684973,-0.84094425663719,1732.76067445694,1771.58599271118,0
3.79,-0.453511685778233,0.537364184856415,0.00174504334931978,48,-0.268856753181284,-0.29301242578423,-0.346149696879466,30.948617631878,36.6913525320278,-0.706300907304735,1732.62534863823,1771.58599271118,0
3.8,-0.346214538038864,0.535531044006348,0.0550488017475834,45.3673550393706,-2.81934112047182,-0.140859102873832,-0.321019610087746,22.1545988319831,39.6902927454029,-0.571171846335828,1732.76390346853,1771.58599271118,0
3.81,-0.45621777415517,0.537606358528137,0.115041050058333,48,-5.72919796045439,-0.0884594756049654,-0.462108236054408,15.084922747226,45.9267766665624,-0.436150777508678,1732.7077132096,1771.58599271118,0
3.82,-0.522694330407192,0.537628054618835,-0.0492996176236064,48,2.28905656958821,-0.202358362694006,-0.484449077185062,16.44578119191,45.1528078968141,-0.301638214187654,1732.58870085579,1771.58599271118,0
3.83,-0.383081213557413,0.537764549255371,-0.0229438238787312,47.3327101154101,1.11123146725742,-0.086276956658789,-0.373943741737305,8.96050071684735,46.4901033462676,-0.166932388865158,1732.65045499097,1771.58599271118,0
3.84,-0.464594925102976,0.539059281349182,0.0661201230012019,48,-3.27760279881343,0.0508747151494437,-0.466510534131435,-1.70441605574641,48.0815728321745,-0.032743972318164,1732.59534463298,1771.58599271118,0
3.85,-0.497677849663139,0.539413452148438,0.0203293452015051,48,-1.18620802307466,0.0705128777490426,-0.493076523871494,-6.03027005464667,47.6344721031108,0.10121717899902,1732.4942859235,1771.58599271118,0
3.86,-0.406461996257948,0.540356576442719,-0.021949858101415,48,1.08218884639838,0.352647121470635,-0.203305578849041,-42.3273845682341,22.6619427303152,1.10177571876495,1732.50896016371,1771.58599271118,0
3.87,-0.517950939103723,0.540057599544525,0.087478339575257,48,-4.3745741753082,0.517852443383621,-0.0880595372170784,-46.761163623333,11.6846256169016,1.23504580811453,1732.52982434184,1771.58599271118,0
3.88,-0.419788931525235,0.537806689739227,-0.0961857365731582,48,4.68043846536765,0.39202243926477,-0.178305496449547,-46.0903027847538,14.1982567041804,1.36916976409532,1732.65289288677,1771.58599271118,0
3.89,-0.364427022570024,0.537718653678894,0.0114419284604834,46.4183426467469,-0.56576643905669,0.364380405093252,-0.0128410626595149,-46.3530544846012,2.5252654676203,1.50418336343037,1732.76525865359,1771.58599271118,0
3.9,-0.52170482566355,0.538535475730896,-0.0049555261131439,48,0.116247247930806,0.520826013529176,0.0306715827925418,-47.8959540614047,-3.16086981232406,1.63911708692201,1732.68094044374,1771.58599271118,0
3.91,-0.27702075636556,0.538616359233856,-0.0142741407575843,42.0997365054973,0.611023875907664,0.274212858561508,0.0418516278206782,-41.358947143453,-7.8866124029451,1.77373392937309,1732.67819368834,1771.58599271118,0
3.92,-0.408837499520686,0.538611054420471,0.162778280880995,48,-8.13917053237372,0.33180457494412,0.289051195789001,-42.5914446147496,-23.5842096026934,1.90853126168711,1732.75611612711,1771.58599271118,0
3.93,-0.501849715290719,0.537772417068481,-0.113639670906674,48,5.51097649555582,0.498521145154688,0.127451086204912,-45.240729100133,-16.9601678182425,2.04377953980639,1732.73078634785,1771.58599271118,0
3.94,-0.35963109272289,0.537061154842377,-0.108691081008697,46.1627863246083,5.35871040707782,0.142425250712909,0.347654026157133,-9.72788587471164,-45.4432267217783,3.04627430542512,1732.82723485631,1771.58599271118,0
3.95,-0.463849879413065,0.537306487560272,0.0688490958987568,48,-3.42277370465242,-0.0876862548684613,0.460660427370026,5.37514837899984,-47.8207398493268,-3.10084772577602,1732.87708691025,1771.58599271118,0
3.96,-0.567437470331421,0.535824596881866,-0.0770173657194181,48,3.66648094280201,-0.0241442192320962,0.572131116123003,4.84631678817636,-47.8952638169221,-2.96451318146532,1732.9202450638,1771.58599271118,0
3.97,-0.439827186265811,0.536848902702332,0.00148053410080998,48,-0.147642844665317,-0.137038635649903,0.417936069392122,14.9422888657621,-45.6152365099832,-2.82811182371113,1732.84722790533,1771.58599271118,0
3.98,-0.486708417571772,0.536517858505249,0.0520995804976644,48,-2.577649512208,-0.258544023857665,0.415637387335088,23.1922633200185,-42.1041945547318,-2.69176175035449,1732.95260445249,1771.58599271118,0
3.99,-0.455194096628836,0.535992681980133,-0.116311015701782,48,5.655003798563,-0.155034821897095,0.443502110455698,21.8538046312476,-43.1090511505533,-2.5551345819715,1732.900458392,1771.58599271118,0
4,-0.376398734167286,0.536824941635132,-0.10176880861478,47.0098874923944,5.06124571305896,-0.172654141620147,0.349604698010506,27.299993063768,-38.6038354174006,-2.41881153343704,1732.9221807772,1771.58599271118,0
4.01,-0.539750161961638,0.538023412227631,-0.0175172808191882,48,0.907200421169372,-0.397296519393098,0.365776664295362,35.756508065628,-32.0358415459443,-2.28246845777918,1732.88605079134,1771.58599271118,0
4.02,-0.354807637575349,0.536464393138885,-0.0994116181296151,45.9191185416391,4.83164943509105,-0.368409491921672,-0.00675098237031721,45.370511835306,8.56895207753397,-1.27929387979042,1732.94894814373,1771.58599271118,0
4.03,-0.389456306810866,0.537208378314972,-0.0620940009177939,47.6921981651411,3.09579854857293,-0.380058078150479,-0.105298324285352,44.6686133865132,16.9954321099125,-1.14241043848706,1732.95907934505,1771.58599271118,0
4.04,-0.529922495181234,0.536747872829437,0.053485037191456,48,-2.6695968871107,-0.418922901250709,-0.328910478565468,39.1103251564082,27.9554862898089,-1.00577546231462,1733.00905129893,1771.58599271118,0
4.05,-0.401910050840429,0.535522282123566,0.0592706561261525,48,-3.11054389228811,-0.26852799499833,-0.304856385116595,34.6333970186342,33.3796838549366,-0.868542002103943,1733.01143743634,1771.58599271118,0
4.06,-0.441955872418728,0.53598940372467,-0.00488691638542918,48,0.244793227840935,-0.298643334707898,-0.325823623685735,32.2221601323482,35.5779752112133,-0.7308430091572,1733.08084286615,1771.58599271118,0
4.07,-0.508491968155484,0.534955501556396,0.00803579067388405,48,-0.540742559832617,-0.277458230437777,-0.426198998089777,26.3717981511316,40.1101067661504,-0.592884173706965,1733.16481884652,1771.58599271118,0
4.08,-0.410139099859363,0.535129725933075,0.0619621003215753,48,-3.22383346715885,-0.124467755018544,-0.39567810284416,18.1854270168001,44.5385602196637,-0.454709895282619,1733.1065596439,1771.58599271118,0
4.09,-0.507259243484433,0.536117255687714,0.0486529831083097,48,-2.42736879930427,0.306690259125586,-0.406964541235741,-27.1656333768266,39.647452408997,0.550182975387144,1733.1108386876,1771.58599271118,0
4.1,-0.553535497983585,0.53546941280365,-0.0467550613177828,48,2.15165602972209,0.315432420852307,-0.457263568592577,-28.8225471857467,38.4433400915639,0.688131489655234,1733.13810222732,1771.58599271118,0
4.11,-0.462548865922669,0.534819364547729,-0.0509989830197279,48,2.45856662908033,0.305777144766823,-0.350788664830611,-33.6505406636064,34.317425062446,0.826762148916433,1733.14870115575,1771.58599271118,0
4.12,-0.441816577693158,0.535492539405823,0.0902818302040249,48,-4.49303741966296,0.414642280125277,-0.177269503079332,-42.0220166118814,23.6291664077524,0.965222447623359,1733.21330012148,1771.58599271118,0
4.13,-0.454917108930893,0.53550511598587,-0.0385629735717943,48,1.75182389532484,0.388798313149604,-0.239316841490028,-42.0671389104573,23.182422454276,1.10360330064414,1733.14620213846,1771.58599271118,0
4.14,-0.393031284319419,0.535526514053345,0.0753573477735783,47.8246035849026,-3.8411557713007,0.39632212973609,-0.0555075652383558,-46.50552499936,11.797598494879,1.24221006605285,1733.158762658,1771.58599271118,0
4.15,-0.452863169096548,0.534905195236206,0.0746311583214863,48,-3.7025825569368,0.458809768613291,-0.0121842497345463,-47.8361179451544,5.42355395734317,1.38091592865215,1733.33013260021,1771.58599271118,0
4.16,-0.464685313082967,0.534269034862518,-0.117772792660782,48,5.72952605182628,0.458161267273861,-0.141035896338995,-47.6503600654998,8.14067898929695,1.52039102954242,1733.24896483155,1771.58599271118,0
4.17,-0.324182255673923,0.535222053527832,0.000915301149147035,44.3771766187669,-0.074369134468203,0.18641575996262,0.265224691738128,-25.5599586288869,-36.2770981517401,2.52612656497751,1733.32075934734,1771.58599271118,0
4.18,-0.478077985098297,0.533777952194214,-0.0396066094740623,48,2.02039609227368,0.254179276325104,0.406841663103135,-23.7811823257445,-41.743710514991,2.66582113025264,1733.42346566,1771.58599271118,0
4.19,-0.460812215807586,0.532956480979919,-0.0499536009257113,48,2.34510003433916,0.19884946835647,0.418690995147127,-18.0139510257011,-44.553305855062,2.80618207340935,1733.38342455513,1771.58599271118,0
4.2,-0.474183693915985,0.533398985862732,-0.0217760822465646,48,1.07253241884602,0.113386198232067,0.460942451271627,-10.3674299288852,-46.8792781776675,2.94628483464969,1733.44592873732,1771.58599271118,0
4.21,-0.590007476443229,0.532963275909424,0.0558085575916539,48,-2.8437736700414,-0.0236042184708229,0.592170801568052,0.226308959138973,-48.0836337327103,3.08712307488493,1733.49667814991,1771.58599271118,0
4.22,-0.368069745326401,0.533238589763641,0.0225562171517528,46.4894909383946,-1.25858978512156,-0.0541605199987799,0.364761234823961,5.25631411059455,-46.2085271127425,-3.05539342855456,1733.43082640702,1771.58599271118,0
4.23,-0.433804994774814,0.532661020755768,-0.0049062813105871,48,0.254452439686087,-0.0928858221576539,0.423772426108603,10.5587212775361,-46.8249735827728,-2.91450761763855,1733.57106484541,1771.58599271118,0
4.24,-0.491727334124245,0.532740354537964,-0.0370814389895226,48,1.67795715581474,-0.142369171776188,0.472124796182358,15.7090226276917,-45.3876871882609,-2.77344645605444,1733.54463196091,1771.58599271118,0
4.25,-0.457900159048181,0.533288359642029,0.0357739629874686,48,-1.90606313600901,-0.456162152847026,0.053557654860391,47.4607934618326,-7.42335238633617,-1.76563824711481,1733.44829177285,1771.58599271118,0
4.26,-0.45260860643245,0.534949779510498,-0.00439448303568504,48,0.244840885138112,-0.451697326728537,0.0290411281490411,47.915405747943,-2.85899266683638,-1.62529236455539,1733.42114257225,1771.58599271118,0
4.27,-0.575324023462459,0.534553945064545,-0.0379014751986132,48,1.70421691494364,-0.576459743684821,-0.011332153638813,47.9703401037979,2.39808790896846,-1.48535724212142,1733.33675335426,1771.58599271118,0
4.28,-0.377251821729141,0.534174203872681,-0.130290498181359,47.015955288143,6.4550958497669,-0.396838129067535,0.042591668580617,47.2684225621696,4.22664672885293,-1.34517272744937,1733.44320213,1771.58599271118,0
4.29,-0.412036144420482,0.535968542098999,0.0510704350099595,48,-2.51984311791998,-0.36647684882012,-0.195132500931746,43.9198373576564,19.5294008053484,-1.20484048480736,1733.41060199392,1771.58599271118,0
4.3,-0.414741196120226,0.534283399581909,-0.0238169174613642,48,1.0197881313191,-0.374242271447853,-0.18033365625459,42.4705342168658,22.3895889012463,-1.06440000576228,1733.42968353662,1771.58599271118,0
4.31,-0.301336255749253,0.534061431884766,0.00649224612500207,43.2247890805761,-0.365211314109344,-0.236497683395248,-0.186854312332918,34.2653801105659,26.3514609887702,-0.923669239525109,1733.54729681994,1771.58599271118,0
4.32,-0.426812503476857,0.534853577613831,0.0719508197578758,48,-3.56478015544674,-0.249983781999389,-0.353346773475144,31.3231070800903,36.5454596414638,-0.782731630488633,1733.53362913061,1771.58599271118,0
4.33,-0.436953160481668,0.533080160617828,0.0248388516901229,48,-1.4098637336697,0.121841971299869,-0.420356476146097,-12.099149970123,46.4714781962871,0.225338208238213,1733.52721673684,1771.58599271118,0
4.34,-0.383293070431575,0.534674644470215,-0.0581256247923148,47.3635306703186,2.89261376869156,0.0831209552164227,-0.378659573894904,-14.2761849373594,45.2533070129393,0.366587671173734,1733.51657082412,1771.58599271118,0
4.35,-0.506490166672352,0.534939050674438,-0.0220649503834125,48,1.1333467965262,0.226818118123848,-0.453401248633002,-22.3326039521422,42.5034031070214,0.507391790174203,1733.5174703972,1771.58599271118,0
4.36,-0.486599293118241,0.535675764083862,-0.0144121728981047,48,0.57078307447256,0.282203589367852,-0.396670791638,-28.5160570856454,38.6155445592357,0.647965630271175,1733.3899467802,1771.58599271118,0
4.37,-0.359740581594589,0.535509407520294,-0.0834537950978945,46.2378591837251,4.18984825392308,0.196383290141625,-0.312748181953796,-29.8483415490658,35.5608064736334,0.788653150572713,1733.51184073219,1771.58599271118,0
4.38,-0.572452828800067,0.534021317958832,-0.00205469038339412,48,-0.0270740591561955,0.457685938206155,-0.343845961037966,-38.4960024929184,28.6715630036086,0.930071828612533,1733.58534650032,1771.58599271118,0
4.39,-0.419311087071315,0.532814919948578,-0.0658982599860007,48,3.18298004816084,0.336667532526712,-0.2584943731544,-40.6259442282931,25.7616773046052,1.07188163115281,1733.66795340401,1771.58599271118,0
4.4,-0.470275551409112,0.53500509262085,-0.00269564935359426,48,0.149998834140771,0.439690916845282,-0.166848009944191,-44.9220191659303,16.9125602351043,1.21384751049727,1733.59285421722,1771.58599271118,0
4.41,-0.509919131355679,0.533685624599457,-0.0631972891174354,48,2.98077504013184,0.443766427137162,0.259003428587811,-39.9727756299604,-26.7406474917253,2.22241272262854,1733.67026867992,1771.58599271118,0
4.42,-0.393355052241446,0.532662034034729,-0.00668487915547697,47.7932338869987,0.244793840285085,0.280545854363788,0.275802299360405,-33.6821299797857,-33.9082180219844,2.36466134325254,1733.72569070328,1771.58599271118,0
4.43,-0.366998073858087,0.533970475196838,0.0741997695510666,46.5441960291473,-3.67818508502898,0.157755281978009,0.339568053599004,-24.6239858622482,-39.6680041062721,2.50719228970882,1733.70983681064,1771.58599271118,0
4.44,-0.490800810904738,0.532891154289246,0.00996948030024919,48,-0.684956854347641,0.22297942613089,0.437338543973138,-22.0629174799675,-42.6344559970508,2.64978194300563,1733.74273665224,1771.58599271118,0
4.45,-0.457747999432805,0.533903300762177,0.0156264228316514,48,-0.85167576974959,0.142021114630299,0.435439340292556,-15.6318846231507,-45.3912936007037,2.79219126968236,1733.65568087302,1771.58599271118,0
4.46,-0.398804297481987,0.535490393638611,0.00489515773618571,48,-0.200188751413577,0.077442202957361,0.391243575615593,-9.70155916836843,-47.0097843564384,2.93390602930534,1733.62448000674,1771.58599271118,0
4.47,-0.529478532966933,0.533892512321472,-0.0182395810611851,48,0.734033590506359,0.0529548264529128,0.527139436530265,-3.88313519854206,-47.8483026484936,3.07590616462757,1733.64452557134,1771.58599271118,0
4.48,-0.330547630792429,0.533942580223083,0.0228717202589152,44.7372668880205,-1.1720181513451,-0.0480734919056145,0.327831955712208,4.58852695526436,-44.5167619615114,-3.06507304674626,1733.77072849829,1771.58599271118,0
4.49,-0.55500668072229,0.53350043296814,0.0106437783416373,48,-0.508440207261296,-0.496056141933129,0.249146562717972,42.7096524527151,-21.912190643855,-2.05542152077891,1733.82047103112,1771.58599271118,0
4.5,-0.411932729750865,0.533212721347809,-0.0987061318131686,48,4.79779109908008,-0.354995177555498,0.231105816045071,43.6130781393087,-20.6135444464305,-1.91269912332649,1733.7583958742,1771.58599271118,0
4.51,-5.13836602601086,-4.59999990463257,-0.209084801520106,28.4416221075921,9.929341318897,-4.57117753654973,2.35602584893131,21.6036954131108,-20.9951906787189,-2.00602649819684,1661.97599914817,0,0
4.52,-5.09805156135443,-4.59999990463257,-0.200070561576021,26.429502311023,9.51318449979494,-2.08073432144783,4.65840129608718,3.18946858352738,-27.9078225931405,-2.68229306613197,1582.17307199668,0,0
4.53,-5.17752189884425,-4.59999990463257,-0.26502796572999,30.4064506132708,12.7048856385153,3.90326521715176,3.41196328822629,-30.6796829529987,-12.0301044005658,2.34027722043837,1502.42819517942,0,0
4.54,-5.02843484974636,-4.59999990463257,-0.145328719532634,22.9553077279229,6.89912368154428,2.27283306640627,-4.48781765751629,-4.89647296584057,23.4641985363164,0.497683690145699,1423.58384043622,0,0
4.55,-5.03336621047593,-4.59999990463257,-0.283162912944617,23.204937020378,13.6606960952523,-4.62438713212042,2.00748606378902,17.0438631931287,-20.8468330299944,-1.92415871693786,1344.30035037844,0,0
4.56,-5.10387309388354,-4.59999990463257,-0.22002353686119,26.7331333249142,10.5224380104137,4.9444348261661,-1.28471598613739,-23.9344301507183,15.8910406333578,1.35966930690053,1265.662212017,0,0
4.57,-4.99343689155815,-4.59999990463257,-0.203181075372401,21.2139344209785,9.86789421974042,-3.87134416682833,3.16044124788417,11.0406405780254,-20.6279084149708,-2.21477114653615,1187.77349436863,0,0
4.58,-4.85493145368425,-4.59999990463257,-0.103288110695308,14.2910243342948,4.81758670247959,3.3736089402487,-3.49281985966321,-6.75153894707927,13.4855196416522,0.789310169048035,1109.80532129976,0,0
4.59,-4.81282461034764,-4.59999990463257,-0.154059562522399,12.1878015901728,7.45708814360677,3.50759181878603,3.29906270197427,-13.8864294635106,-3.36418607361164,2.35756729460357,1032.66826362256,0,0
4.6,-4.8849358057714,-4.59999990463257,-0.211075963315422,15.7952884786694,10.336119889714,-0.847950743562475,4.81540553072001,-6.68437759770623,-17.6534871521241,-2.92410566148538,955.544844559695,0,0
4.61,-4.73051758475445,-4.59999990463257,-0.0283367194795396,8.07595859039531,1.18751399039789,-2.86183861870303,3.76675978924087,3.98284420990049,-7.12518411206565,-2.48588335345959,879.0065434163,0,0
4.62,-4.70145568867261,-4.59999990463257,-0.20136056749505,6.62421510718566,9.81010239153141,-2.22189844988604,4.14818019727784,-5.0668565973347,-10.6979109615215,-2.6070440930763,802.255562537527,0,0
4.63,-4.66519164792497,-4.59999990463257,-0.014510837734413,4.81213204081439,0.53310851152795,0.683719529629232,4.61484033104984,-1.21803434922631,-4.6858523010655,2.99761636514476,727.004041241358,0,0
4.64,-4.69523031674309,-4.59999990463257,-0.052349444713049,6.31476010287933,2.4636257782885,4.61612068471724,0.859859299973448,-6.67282034953854,1.1912664333173,1.76610785454354,652.011466709769,0,0
4.65,-4.56988683317405,-4.59999990463257,-0.0126586803602305,0.0478155196311267,0.488259080109088,-0.0746429887918051,-4.56929473052792,0.488862728031788,0.0411884251687985,-0.0135643126508059,577.607056298235,0,0
4.66,-4.54307760829065,-4.59999990463257,-0.0613622925248263,-1.29271935855877,2.91082060556446,-3.2314800923128,3.19387787789105,-2.94964720084929,-1.20149129347373,-2.33683645218947,502.97823088877,0,0
4.67,-4.54990670948723,-4.59999990463257,-0.0100087331179843,-0.951580761574117,0.401804011822047,4.01583755759833,-2.13887819914044,1.02896805737783,-0.0904275766033925,1.08360150785067,430.450454701329,0,0
4.68,-4.35791478449708,-4.42568111419678,0.0417617627070466,-1.83574824909024,-2.19354385838382,-3.23055833788285,2.92517659967705,0.138902144904336,2.8569761089012,-2.31620849750812,357.077695989736,0,0
4.69,-3.54703633177608,-3.63382768630981,0.0845332221190014,-2.78753871224441,-4.30518374146348,0.307864302495565,-3.53466153624789,-4.12098582096532,-3.05326955629953,0.0630518531671496,294.034088077536,0,0
4.7,-2.97409166990616,-2.98715829849243,0.0226175842677561,0.898257505649125,-1.16325556723803,2.66604500060757,1.31830833679328,-0.300530141693694,-1.43864926062568,2.02241419274695,242.986317474034,0,0
4.71,-2.40106287779785,-2.44488930702209,-0.0518302373206074,-0.640124855125764,2.57002103951477,-1.09451826275275,2.13771351895905,-2.56575714482143,-0.657007037630623,-2.6468048609183,199.975661700715,0,0
4.72,-2.02595971030216,-2.00798845291138,0.0108702523122577,2.4493752013636,-0.574520559525718,-1.95493713431262,-0.531838049634028,2.21905149708925,1.18546328649971,-1.31054143929778,164.725399129918,0,0
4.73,-1.62904965600411,-1.65450918674469,0.0112621246687651,0.277410753312785,-0.575397935522902,-0.329374283160546,-1.59544420108371,-0.50473233053774,0.391516008315786,-0.210499810654104,136.915090308252,0,0
4.74,-1.35463699252898,-1.36777055263519,-0.0372484414702235,0.893271796236605,1.8667283327237,0.852245148965447,-1.05361617014204,0.837896758941297,1.89223100902106,0.707619998194261,113.827152271619,0,0
4.75,-1.13355190783915,-1.11378562450409,0.0894568479229186,2.53792038997971,-4.49419958892852,1.13663974662379,-0.0315046314226869,-3.00111927049192,-4.19906572647798,1.46433200882522,93.7042910012844,0,0
4.76,-0.867388664722562,-0.925621926784515,0.0160413524543439,-1.36245650922503,-0.805990332915063,0.743218396519028,0.447489481165132,1.58291490983475,-0.0169865978066625,2.09426448970867,78.8125573593858,0,0
4.77,-0.695923397765564,-0.770870745182037,-0.0173348009762148,-2.19848756536043,0.871918325802736,0.358599084335355,0.596671239122766,0.326936133495899,2.34237100104357,2.6253425053213,66.4224262897482,0,0
4.78,-0.688197163252587,-0.639449596405029,-0.028207553289238,3.98572349499273,1.41762982425291,0.0754826684569381,0.684626444372471,-1.68845443219469,-3.8787611073061,3.07274704098667,55.8660310443681,0,0
4.79,-0.522202381239465,-0.520297884941101,0.0461274746560517,1.64331162226542,-2.31429655738456,-0.200599580022964,0.484337567596116,2.70057637551745,-0.873686948163736,-2.83703201996323,46.3514801742586,0,0
4.8,-0.390829091217921,-0.427074819803238,-0.0295891725281333,-0.264435165221377,1.48280609342351,-0.201589739945644,0.336131632581305,-1.36317985446907,-0.640609515749816,-2.52580381752647,38.9733779350027,0,0
4.81,-0.320211824708117,-0.35664689540863,-0.0204950716256237,-0.274245200501595,1.02832592826762,-0.23377911981404,0.219779397994477,-0.866464003349775,-0.617984446118761,-2.26142033582619,33.3834228716632,0,0
4.82,-0.270736461606282,-0.299977511167526,-0.0128001817407681,0.0851482723084462,0.64369548927514,-0.236514139631169,0.132374990274654,-0.211318791083793,-0.613953157598492,-2.03380594559868,28.8611696149755,0,0
4.83,-0.235952605671002,-0.252429604530334,-0.00531244083623207,0.723124278391255,0.269115607182763,-0.226273910768998,0.0670967320804643,0.627057285752055,-0.449589915827174,-1.83655444218289,25.0540622547198,0,0
4.84,-0.205808339369849,-0.211268052458763,-0.000586485858089292,1.27387049447669,0.0327028775623002,-0.204835058330186,0.0200003849639413,1.26510347454016,-0.152737400807902,-1.66527954320912,21.7513398430615,0,0
4.85,-0.18067397773107,-0.175110101699829,0.00400953912131397,1.82503897731727,-0.197420371712073,-0.18019291543894,-0.0137722858940522,1.81169540077178,0.295807110659246,-1.51670233132,18.8465503167958,0,0
4.86,-0.158548449182897,-0.14308226108551,0.00513300735913409,2.32024523364599,-0.253625042682637,-0.154979755449072,-0.0338413046999709,2.23560160634635,0.670782426897364,-1.38817501178832,16.2728317887179,0,0
4.87,-0.128473960740429,-0.121356256306171,0.0887795697244129,1.90258296269009,-4.44680295695158,-0.0970408819249387,-0.122353740539533,0.524721516683288,4.80817489259714,-1.27521165534739,14.5981263267597,0,0
4.88,-0.116284049902187,-0.10479374974966,0.0119779877408777,2.12095202149869,-0.596703591248153,-0.102577083356249,-0.0560659827533601,1.72450328681072,1.37134279707404,-1.17323140248722,13.2276107301519,0,0
4.89,-0.105357959667634,-0.0898603647947311,0.00168756037049752,2.32110039835352,-0.0808043031782426,-0.0921637533429077,-0.0510782741983174,2.00989014637618,1.16377746762383,-1.08074098171999,12.0286501810946,0,0
4.9,0.0201915614092256,-0.07716204226017,-0.0157582756955773,-3.32170993214317,0.793877461945655,0.00837749383374015,0.0242041319221739,-2.35610017358276,-2.47240576563135,-0.995911572988605,11.0814530888852,0,0
4.91,-0.0573134339704688,-0.0679671615362167,-0.00183323620252389,1.01301026405449,0.09574977748406,-0.0466290356890989,-0.0333754924932393,0.862662831722307,0.539602310718596,-0.917591887229342,10.338609547828,0,0
4.92,0.0509969958413206,-0.0593456588685513,-0.00932307897721977,-3.97164869049991,0.47125485807544,0.0319356068371239,0.0408378550171258,-2.65637978092178,-2.98993660827772,-0.844494151189434,9.62952375018722,0,0
4.93,-0.0430697411050995,-0.0523087158799171,0.00062253064796014,1.08329422319545,-0.0274276224234686,-0.0297216010618692,-0.0311771803341329,0.739159895516063,0.79241485179237,-0.775954105375048,9.08819389552015,0,0
4.94,0.0773081493578567,-0.0457219146192074,-0.00207514870297266,-4.60640625460409,0.107628505491127,0.0489104441285402,0.0599051304516156,-2.92646124393345,-3.55898680320755,-0.711536388861176,8.49558238909933,0,0
4.95,-0.0336428018525842,-0.0406759977340698,5.67230720970776e-06,1.19320274401853,0.00293902589508707,-0.0203694556196198,-0.0267754257935827,0.724938427315941,0.947737148584596,-0.650515480644956,8.15601590204695,0,0
4.96,0.0856859179228311,-0.0360454954206944,0.00217512338802329,-4.54183867343343,-0.106025626405949,0.0496438995210182,0.0698733921630997,-2.62371846584405,-3.70885984919075,-0.592347952151614,7.72006278241598,0,0
4.97,-0.0423009316021634,-0.0335640422999859,-0.00193802924022246,1.98132874592426,0.0999224191317389,-0.0232821673376008,-0.0353704036704533,1.09837366761866,1.65203613022018,-0.536361846708075,7.55327674152076,0,0
4.98,0.0392161071057468,-0.02981973066926,0.004916179575067,-1.90749270690837,-0.24364662392921,0.0225316753345237,0.0324714564619964,-1.09995900972507,-1.57733391556302,-0.48190402915329,7.32579790169007,0,0
4.99,0.100302119885609,-0.0293035879731178,0.0142928474272315,-4.93620699789158,-0.71369569290789,0.0546782304780566,0.0852941489957769,-2.70026620572793,-4.19333560382577,-0.428516149768852,7.19491384435417,0,0
5,-0.0420239087777036,-0.0291508287191391,0.00057477392260173,2.18744885752598,-0.0261101993455444,-0.0148820313498566,-0.0393047632853926,0.778189399137324,2.04451351325245,-0.375627318088991,7.18620578314534,0,0
5.01,-0.0175874518983589,-0.0286633670330048,0.00531744004659778,0.989711683616908,-0.263908963800301,-0.000540445978205528,-0.0183657711809467,0.0639092717623865,1.02229778579667,-0.323023111020031,7.19436700265349,0,0
5.02,0.0205536576962981,-0.0278765112161636,0.0129854266993339,-0.878271867436937,-0.648358559320885,0.0180065426586081,0.0163351942977148,-0.859513355055091,-0.673028295881948,-0.27056667778273,7.17998595650393,0,0
5.03,-0.0558346947087806,-0.0267853252589703,0.0799283992238649,2.995507460896,-4.00422343537028,0.0659106813798814,-0.0718459756406161,-3.25894122834864,3.79291080027222,-0.218698757253092,7.04857559400068,0,0
5.04,-0.0424472879260106,-0.0264194160699844,-0.0820958261332343,2.34420000987906,4.11804942908577,-0.0880179644342157,-0.0281839468071634,4.45091154367747,1.62572790376166,-0.167300451804822,7.00419465020977,0,0
5.05,0.0166295366568938,-0.0259361974895,-0.0336812733787055,-0.585727001055281,1.69097609663601,-0.0315231235723699,0.0204270004179559,1.6115497482567,-0.778064064234639,-0.116347338829289,6.98978483275164,0,0
5.06,-0.0461975114515179,-0.0251971073448658,0.0853878090837327,2.59239485897446,-4.27794589208656,0.0821833718373051,-0.0516834731600379,-4.09922722712422,2.86664757179199,-0.0654528185279465,6.86522841783497,0,0
5.07,-0.0187637470509124,-0.0238723903894424,-0.0914582113967939,1.28677732981402,4.58754614763306,-0.0917383576093612,-0.0173423290946813,4.60696077375494,1.21543736254469,-0.0155176425086524,6.73905410552757,0,0
5.08,-0.0475292704760569,-0.0221912413835526,0.0833487391147616,2.80898041904105,-4.17546986331456,0.0848937148375764,-0.0447113077988447,-4.267198889898,2.6675706566195,0.0334956978522165,6.57680300206405,0,0
5.09,-0.0578481993204698,-0.0180112607777119,0.0714159625828776,3.53388779234619,-3.5771448323233,0.0758132563931166,-0.0519519396301171,-3.84828693938325,3.23651289391576,0.080053545242709,6.33689642222386,0,0
5.1,-0.0456096854185581,-0.0127475783228874,0.0808352883371151,3.18533427267759,-4.04933495366592,0.0858986308537599,-0.0351569688962777,-4.41545057397242,2.65466838314726,0.125218133792347,5.78962871999441,0,0
5.11,-0.039508786085758,-0.00284943729639053,0.0813599003340994,3.37563618667937,-4.07556260441221,0.0867359950445836,-0.0256367845872047,-4.57380237699939,2.6618531183101,0.164675512748828,4.99662565525645,0,0
5.12,-0.0341651670600563,0.00563948974013329,0.0818072703859331,3.53336118493344,-4.09793326274235,0.0869424546558459,-0.0173406374350799,-4.71489094478059,2.65471310463304,0.198745364207768,4.31672096796374,0,0
5.13,-0.0296268897777737,0.0129301212728024,0.0821498315023422,3.67145569973026,-4.11506243818731,0.0867223648077201,-0.0102751572213898,-4.83893382697653,2.64538187099789,0.228192522743754,3.73264543358443,0,0
5.14,-0.025755613552014,0.0192048959434032,0.0824123612283722,3.79212258046644,-4.12818894323894,0.0862385530673886,-0.00424980911566554,-4.94772772283591,2.63479183182367,0.253664365327255,3.22985485399292,0,0
5.15,-0.0224417260398095,0.0246143490076065,0.0826138638528763,3.89740611861386,-4.13826361143981,0.0856030305643602,0.000895950079332655,-5.04296538199566,2.62364256848545,0.275711315908193,2.79633558316589,0,0
5.16,-0.0195971397488977,0.0292838960886002,0.0827688232262275,3.98917106162698,-4.14601007718771,0.0848921002695299,0.00529691385812504,-5.12620861527811,2.6124453203297,0.29480332434974,2.42206740706465,0,0
5.17,-0.0171500840676088,0.0333189032971859,0.0828882624287038,4.06909571180483,-4.15198110224057,0.0841569565253615,0.00906620650350154,-5.19888223333379,2.60155924574428,0.311342952940152,2.09862670564067,0,0
5.18,-0.0150413712502866,0.036808468401432,0.0829805652740894,4.13867427071362,-4.15659468331254,0.0834311408101079,0.0122988538254711,-5.26226772348093,2.59122412902085,0.325675933037066,1.81888724075318,0,0
5.19,-0.0132217788900988,0.0398282743990421,0.0830521076441349,4.19922862569154,-4.16017073606404,0.0827358489692175,0.0150747244251585,-5.31751297238952,2.58158815315303,0.338099795598651,1.57678990197606,0,0
5.2,-0.0116499228949636,0.0424429476261139,0.0831077400078219,4.25191988812238,-4.16295075160399,0.0820836420898321,0.0174611813441889,-5.36563517063192,2.57273024450071,0.348871005740629,1.36716220219408,0,0
5.21,-0.0102909234251213,0.0447077862918377,0.0831511548852946,4.29776810158189,-4.16512005358221,0.081481173314611,0.019515021367508,-5.40753581486577,2.56468168135375,0.358210915193395,1.18557441872623,0,0
5.22,-0.00911512080072304,0.046670276671648,0.0831851660392772,4.33766383218273,-4.16681951493775,0.0809310468648481,0.021284335309181,-5.444008040019,2.55743794671556,0.366310765848988,1.02822327595377,0,0
5.23,-0.00809726053269106,0.048371247947216,0.0832119202928666,4.37238514888704,-4.16815606610325,0.0804331989177196,0.0228098623148675,-5.47574812013643,2.55097224728605,0.373335921183589,0.89183672674944,0,0
5.24,-0.00721572892236268,0.049845889210701,0.083233058088046,4.40261024161241,-4.16921189682715,0.0799858370421656,0.0241262217355556,-5.50336664426812,2.54524269156255,0.379429462741213,0.773595187530046,0,0
5.25,-0.00645196270084955,0.0511245578527451,0.083249835145136,4.42892831197506,-4.17004990804741,0.0795861068943993,0.0252629068750752,-5.52739713745182,2.54019745553569,0.384715258693894,0.671065814655417,0,0
5.26,-0.00579004614572854,0.0522334687411785,0.0832632146319199,4.45185387849973,-4.17071805421818,0.0792305854427462,0.0262450352564163,-5.54830599125271,2.53578245729475,0.389300590311456,0.582147269350432,0,0
5.27,-0.00521623655840476,0.0531952790915966,0.0832739370098118,4.47183228549605,-4.17125358781029,0.0789155702702637,0.0270941041163278,-5.56649969175453,2.53194029651604,0.393278406205756,0.505023027390642,0,0
5.28,-0.00471871751205044,0.0540295913815498,0.0832825729787519,4.48925250392184,-4.17168500262782,0.0786373247716058,0.0278284819867103,-5.58233303163335,2.52861656426071,0.396729260642108,0.438121727405421,0,0
5.29,-0.00428725896856042,0.0547533668577671,0.0832895636360054,4.50445080613598,-4.17203355106761,0.0783921935406694,0.0284639419621021,-5.5961136737866,2.52575785977031,0.399722983565795,0.380083369330125,0,0
5.3,-0.0039130282883378,0.0553812980651855,0.0832952509606713,4.51771993712606,-4.17231738282707,0.078176706069724,0.0290140181821569,-5.6081112878586,2.52331400272343,0.402320121131825,0.329730406851983,0,0
5.31,-0.0035884263922977,0.0559261031448841,0.0832999009747186,4.52931563260737,-4.17254956103785,0.0779876401477666,0.0294903084173992,-5.61856003049077,2.52124039370907,0.404573179908941,0.286042950997225,0,0
5.32,-0.00330682251032559,0.0563988052308559,0.0833037213644929,4.53945732198803,-4.17274029393673,0.0778220082885463,0.0299028442497581,-5.62766255595037,2.51949369817591,0.406527702430332,0.248137436866388,0,0
5.33,-0.00306249889803748,0.0568089485168457,0.083306874904872,4.54833616373167,-4.17289730735377,0.0776770993612057,0.0302602468718589,-5.63559507997188,2.51803532354618,0.408223197297848,0.215248218046699,0,0
5.34,-0.00285054654568991,0.0571648105978966,0.0833094897035193,4.55612044468372,-4.1730277645543,0.0775504819311811,0.0305699107377089,-5.64251273790357,2.51683218208962,0.409693943792438,0.186711651952334,0,0
5.35,-0.00266664817685418,0.0574735775589943,0.0833116670353026,4.56295348160471,-4.17313677086193,0.0774399483682928,0.0308382761096723,-5.6485486967721,2.51585226191896,0.410969687924715,0.16195232601683,0,0
5.36,-0.00250711708090699,0.0577414594590664,0.0833134873402049,4.56896133452525,-4.17322740810289,0.0773435503823879,0.0310708548818805,-5.65381844147864,2.51506892687337,0.412076244314278,0.140471144411632,0,0
5.37,-0.0023686977784789,0.0579738691449165,0.0833150148257542,4.57425177856921,-4.17330357648387,0.077259532452059,0.0312724650430798,-5.65842303621166,2.5144563663953,0.413036017117556,0.121835043307048,0,0
5.38,-0.00224862820922943,0.0581754818558693,0.0833163010067274,4.57892039166583,-4.173367750089,0.0771863645521783,0.0314472171977933,-5.66245045098205,2.51399387844705,0.413868450615324,0.105668130535359,0,0
5.39,-0.00214449021146162,0.0583503730595112,0.0833173874264266,4.58304996880296,-4.17342204585403,0.0771226865402747,0.0315986883690265,-5.6659771529957,2.51366296290813,0.414590419778777,0.0916440609617683,0,0
5.4,-0.00205413921516073,0.0585020780563354,0.083318307761586,4.58670998546748,-4.17346738796221,0.0770672815550103,0.0317300174896009,-5.66906786603188,2.51344545584263,0.415216568684059,0.0794794720557394,0,0
5.41,-0.00197578438072871,0.0586336627602577,0.0833190894500872,4.58996414239893,-4.17350692685665,0.0770191084208462,0.031843858572238,-5.67178239612105,2.51332754492523,0.415759604331182,0.0689283212632521,0,0
5.42,-0.00190782458477024,0.0587477870285511,0.0833197549582715,4.59286533030826,-4.17353999367516,0.076977234567058,0.031942553425811,-5.67416865189798,2.51329626804558,0.416230551843194,0.05977698823099,0,0
5.43,-0.00184887925953246,0.0588467717170715,0.0833203227684635,4.5954605237169,-4.17356825966653,0.076940846726655,0.032028122732103,-5.67627076492133,2.51334033637224,0.416638976233964,0.0518400275662579,0,0
5.44,-0.00179774778614793,0.0589326173067093,0.0833208081557732,4.59778968113043,-4.17359222956018,0.07690923245734,0.032102319723917,-5.67812588605697,2.51344951662935,0.416993174975065,0.0449564784799523,0,0
5.45,-0.00175342292281313,0.0590070709586143,0.0833212237993394,4.59988976847241,-4.1736130737363,0.0768817833193044,0.0321666321054813,-5.67976788395598,2.51361666841663,0.417300345512887,0.0389866545183421,0,0
5.46,-0.00171497430664918,0.0590716302394867,0.0833215802671768,4.60178911987995,-4.17363103539987,0.0768579453614708,0.0322224007470769,-5.68122394928801,2.51383244500002,0.417566730742155,0.0338093496432169,0,0
5.47,-0.00168163806372102,0.0591276362538338,0.0833218864013025,4.60351657430604,-4.17364603334853,0.0768372531351529,0.0322707482202281,-5.68251914966743,2.51409271413354,0.417797745284155,0.0293194067228443,0,0
5.48,-0.00165271083461971,0.0591761916875839,0.0833221496270086,4.60509207847225,-4.17365957805893,0.0768192845549488,0.0323126846924592,-5.68367463460789,2.51438858823489,0.417998085279247,0.0254256021509074,0,0
5.49,-0.00162763857716666,0.059218306094408,0.0833223762002949,4.60653839087194,-4.17367046855524,0.0768036948925654,0.0323490345118841,-5.68470867999082,2.51471834413004,0.418171823487744,0.0220488063343007,0,0
5.5,-0.00160589469325933,0.0592548325657845,0.0833225714084284,4.60787182158018,-4.1736802557339,0.0767901654352762,0.0323805542926831,-5.68563812486743,2.51507628398616,0.418322492068727,0.0191203848728872,0,0
