t,iq,iq_ref,id,vq,vd,ia,ib,va,vb,theta_e,omega,r,"T_ass:0.04,S_pct:-1.66,kp:0.1066,ki:0.0109"
0,0,0,0,0,0,0,0,0,0,0,0,0,0
0.01,0.00119543739303564,0.000133373046992347,0.000578287999343555,-0.0531007324265286,-0.0289592487519242,4.87531850435083e-05,-0.00132706846010322,0.000725563445778794,0.0604797439660235,-2.65431163984699,-0.0088803912760836,0,0
0.02,0.00112813666894688,-6.8113276938675e-06,0.000640137970878564,-0.0567451596610706,-0.0320565309780347,-3.7439882826899e-05,-0.00129655976366575,0.00175744444081614,0.0651501781451405,-2.65433475825452,-0.00204526599940913,0,0
0.03,0.00115539226726376,-8.23921982373577e-06,0.00066101354895725,-0.058179284139629,-0.0331019318802728,-4.31325634148377e-05,-0.00133041714703743,0.00201011010573563,0.0669068490856409,-2.65434062095169,-0.00153182881807656,0,0
0.04,0.00111816772666651,-1.3057807336736e-05,0.000649179976701313,-0.0565590649423259,-0.032509348856394,-5.00980845745219e-05,-0.00129198447708571,0.00224474421432472,0.0651977508325956,-2.65433553132478,-0.00160426255373802,0,0
0.05,0.00115485106229246,-8.14949999039527e-06,0.000661179281477576,-0.0581477415698306,-0.0331102278241677,-4.35322098869293e-05,-0.00133001652810617,0.00203219922865045,0.06688286179983,-2.65434047775589,-0.00154778925364397,0,0
0.06,0.00114836255098877,-1.30914067995036e-05,0.000661398657646393,-0.0580704252687261,-0.0331212362408493,-4.67651411603946e-05,-0.00132438580271088,0.00207818485683718,0.0668196956646291,-2.65434135890845,-0.00117928605768564,0,0
0.07,0.00119920022944521,7.93818981037475e-06,0.000680059928279973,-0.0595606889678949,-0.0340557376206696,-3.94535261499716e-05,-0.00137804430829634,0.00220624175405058,0.0685740580142439,-2.65434208211787,-0.00242263472211887,0,0
0.08,0.001145280559147,-1.64752309501637e-05,0.0006617441200177,-0.058085498968352,-0.0331385312551579,-4.85145297161189e-05,-0.00132182418647281,0.002086467542802,0.066841110832663,-2.65434222513991,-0.000907743010478234,0,0
0.09,0.00114674891882461,-1.35966756715789e-05,0.000661409048673108,-0.0580149790209524,-0.0331217534756191,-4.75297021986252e-05,-0.00132296482942707,0.00210459563813527,0.0667709444391883,-2.65434126712872,-0.00115464354381531,0,0
0.1,0.00114774729626307,-1.31104352476541e-05,0.000661402921470663,-0.0580405796035829,-0.0331214479250291,-4.70568259049131e-05,-0.00132384415085193,0.0020923383251815,0.0667934226829501,-2.65434124981831,-0.00118585285583655,0,0
0.11,0.00114773612038528,-1.31548777062562e-05,0.000661402800453384,-0.0580422391231901,-0.0331214422184424,-4.70619740978383e-05,-0.001323834218125,0.00209155743731227,0.0667948863652721,-2.65434126688426,-0.00118186379659648,0,0
0.12,0.00114771795959511,-1.31641745610978e-05,0.000661402797895561,-0.0580417920825992,-0.0331214423530851,-4.70704754533672e-05,-0.00132381816960707,0.00209176689821701,0.066794491411732,-2.6543412674533,-0.00118123769064076,0,0
0.13,0.00122055383126452,7.14370298737776e-06,0.000692999190063303,-0.0606680229431721,-0.0347037025411655,-4.08954928111401e-05,-0.00140297080907288,0.00226065814794752,0.0698558902501219,-2.65434653636001,-0.00205030985541414,0,0
0.14,0.00127903402569717,-2.28517728828592e-05,0.000736409954545085,-0.0650916704663729,-0.0368776116991726,-5.18711157116714e-05,-0.00147497018525767,0.00211029391158164,0.0747825545722034,-2.65434440310273,-0.00411968872223047,0,0
0.15,0.00114034990113033,-2.22341823246097e-05,0.000662775712425803,-0.0581269030447408,-0.0331901722050706,-5.1736614770919e-05,-0.00131795025121646,0.00211281598953129,0.0669018714025947,-2.65434375867772,-0.000441477298286566,0,0
0.16,0.0011452283030144,-1.42317840072792e-05,0.000661427953286734,-0.0579706804523676,-0.0331227014705353,-4.82583329219728e-05,-0.00132163003019677,0.00212617261269511,0.0667322450906437,-2.65434124858188,-0.00111676787285426,0,0
0.17,0.00114781330377119,-1.30147391246282e-05,0.000661403282390381,-0.0580390682319682,-0.0331214657498988,-4.70262029271347e-05,-0.00132390264691523,0.00209305981895161,0.0667920956045778,-2.65434122168206,-0.00119370962787483,0,0
0.18,0.00114776464213908,-1.31406859509298e-05,0.000661402807238769,-0.0580429288407838,-0.0331214426932545,-4.70486259828128e-05,-0.00132385942379132,0.0020912349188981,0.0667954960383768,-2.6543412666906,-0.00118266996165241,0,0
0.19,0.00114771714468785,-1.31644619614235e-05,0.000661402797804854,-0.0580417389828012,-0.0331214429150922,-4.70708574534814e-05,-0.00132381744947448,0.00209179228341288,0.0667944447537996,-2.6543412678624,-0.00118110788044636,0,0
0.2,0.00114771726110318,-1.31623628476518e-05,0.000661402798042978,-0.0580416359431215,-0.0331214429954148,-4.70708020953792e-05,-0.00132381755249103,0.00209184054382075,0.0667943537448458,-2.65434126705943,-0.00118128368393368,0,0
0.21,0.00114771819242575,-1.31617134684348e-05,0.000661402798069705,-0.0580416461341433,-0.0331214430733151,-4.70703660219013e-05,-0.00132381837544356,0.0020918358385623,0.0667943627864243,-2.65434126701949,-0.00118131465519765,0,0
0.22,0.00114771819242575,-1.31615561258513e-05,0.000661402798066134,-0.0580416343610853,-0.0331214431539827,-4.70703660286648e-05,-0.00132381837544154,0.00209184142247556,0.0667943524212312,-2.65434126702698,-0.00118131194920651,0,0
0.23,0.00114771807601043,-1.31613787743845e-05,0.00066140279806881,-0.0580416157649637,-0.0331214432349962,-4.7070420529181e-05,-0.00132381827257578,0.00209185020037287,0.0667943360272109,-2.65434126702141,-0.00118131134711623,0,0
0.24,0.00114771807601043,-1.31611932374653e-05,0.000661402798072197,-0.0580416025784537,-0.0331214433156638,-4.70704205234325e-05,-0.00132381827257768,0.00209185644512134,0.0667943244130884,-2.65434126701481,-0.00118131138684255,0,0
0.25,0.00114771807601043,-1.31610077005462e-05,0.000661402798075009,-0.0580415893900846,-0.0331214433963314,-4.70704205174066e-05,-0.0013238182725793,0.00209186269075183,0.0667943127973229,-2.65434126700838,-0.00118131139835829,0,0
0.26,0.00116823848526943,-6.31744751444785e-06,0.000667726433011052,-0.0587253829917631,-0.0334381136203599,-4.30518426186824e-05,-0.00134491125605127,0.00205159597435033,0.0675467912189423,-2.65434226761468,-0.00153042863312312,0,0
0.27,0.00110511537108985,-3.40515507559758e-05,0.000643627519098607,-0.0569560753681916,-0.0322312934422858,-5.13113403423564e-05,-0.00127785113104475,0.0018135946706776,0.0654183588351187,-2.65434207016045,0.000164398582134589,0,0
0.28,0.00111373987547346,2.5458468371653e-05,0.000637667953611864,-0.0544117768706679,-0.031932860677088,-4.20078120521912e-05,-0.00128268167251652,0.00274115114404771,0.0630304302987942,-2.6543424296944,4.51661626433192e-06,0,0
0.29,0.0011474762555017,-1.1980986528215e-05,0.000660968231595528,-0.0579704805601391,-0.0330996671259194,-4.67989131307639e-05,-0.00132340115681093,0.00210587672132135,0.0667212849355791,-2.65434071199037,-0.00129425366234799,0,0
0.3,0.00115150071536636,-3.06627111967828e-06,0.000658929539429577,-0.0577259558730959,-0.0329975824519889,-4.31091598907612e-05,-0.00132600287924107,0.00212995477709656,0.0664574278902361,-2.65433764370801,-0.0020663357899642,0,0
0.31,0.00115154743891545,-1.12253792394768e-05,0.00066135754376862,-0.0581362539450455,-0.0331191741508204,-4.52374000914026e-05,-0.0013271808024551,0.00204552918542618,0.0668768983248084,-2.65434116973938,-0.00130764215622534,0,0
0.32,0.00114770852990562,-1.3313750969246e-05,0.000661401936223261,-0.0580487326137926,-0.0331214032389163,-4.70742130763758e-05,-0.001323809430893,0.00208848702785903,0.0668006057795657,-2.65434133094138,-0.00116723457349262,0,0
0.33,0.00114764869247874,-1.3197979569668e-05,0.000661402780766361,-0.0580399482136269,-0.0331214442407335,-4.710289394365e-05,-0.00132375695546266,0.00209263200679122,0.0667928630058382,-2.65434126959636,-0.00117880881271727,0,0
0.34,0.00114771726110318,-1.31582191897905e-05,0.000661402798403475,-0.0580413845368817,-0.0331214441176301,-4.70708006542442e-05,-0.00132381755272239,0.00209195915478072,0.0667941321246873,-2.65434126573018,-0.00118152772142993,0,0
0.35,0.00114771935657896,-1.315951703873e-05,0.00066140279819795,-0.0580415502818412,-0.0331214441920701,-4.7069820755781e-05,-0.0013238194041878,0.00209188168870877,0.0667942786134289,-2.65434126677462,-0.00118136001263126,0,0
0.36,0.00114771819242575,-1.31600718304981e-05,0.000661402798149888,-0.058041515895673,-0.0331214442761967,-4.70703658739767e-05,-0.00132381837548888,0.00209189786792909,0.066794248268238,-2.65434126685423,-0.00118130822921593,0,0
0.37,0.00114771807601043,-1.31598717416637e-05,0.000661402798160948,-0.0580414961475508,-0.0331214443572102,-4.70704203573788e-05,-0.00132381827262793,0.00209190718395452,0.0667942308563221,-2.65434126683013,-0.00118131046901908,0,0
0.38,0.00114771807601043,-1.31596716528293e-05,0.000661402798164801,-0.0580414822182238,-0.0331214444378778,-4.70704203499199e-05,-0.00132381827263012,0.00209191377638203,0.0667942185858327,-2.65434126682193,-0.00118131144061545,0,0
0.39,0.00114771807601043,-1.31594861159101e-05,0.000661402798167877,-0.0580414690146417,-0.0331214445185454,-4.70704203445885e-05,-0.00132381827263184,0.0020919200291586,0.0667942069566238,-2.65434126681585,-0.00118131141500036,0,0
0.4,0.00114771807601043,-1.31593014884857e-05,0.000661402798170949,-0.0580414558546816,-0.033121444599213,-4.70704203388982e-05,-0.00132381827263358,0.00209192626149338,0.066794195365961,-2.6543412668095,-0.00118131139701775,0,0
0.41,0.00114771807601043,-1.31591159515665e-05,0.000661402798173593,-0.0580414426473932,-0.0331214446798806,-4.70704203327451e-05,-0.00132381827263512,0.00209193251598297,0.0667941837334779,-2.65434126680309,-0.00118131139717697,0,0
0.42,0.00114771807601043,-1.31589304146473e-05,0.000661402798176811,-0.0580414294382513,-0.0331214447605482,-4.70704203271404e-05,-0.00132381827263693,0.00209193877134246,0.0667941720993569,-2.6543412667967,-0.00118131139750714,0,0
0.43,0.00114771807601043,-1.31587448777282e-05,0.000661402798179943,-0.0580414162272568,-0.0331214448412158,-4.70704203214607e-05,-0.00132381827263869,0.0020919450275694,0.0667941604635989,-2.65434126679032,-0.00118131139751965,0,0
0.44,0.00114771807601043,-1.31585602503037e-05,0.000661402798183104,-0.0580414030598843,-0.0331214449218834,-4.70704203157644e-05,-0.00132381827264048,0.00209195126337037,0.0667941488663864,-2.65434126678391,-0.00118131139751443,0,0
0.45,0.00114771807601043,-1.31583747133845e-05,0.000661402798186283,-0.0580413898451836,-0.033121445002551,-4.70704203101466e-05,-0.00132381827264226,0.00209195752133361,0.0667941372273535,-2.65434126677755,-0.00118131139751864,0,0
0.46,0.00114771807601043,-1.31581891764654e-05,0.000661402798189438,-0.0580413766286293,-0.0331214450832186,-4.7070420304466e-05,-0.00132381827264404,0.00209196378016253,0.0667941255866828,-2.65434126677115,-0.00118131139751528,0,0
0.47,0.00114771807601043,-1.31580036395462e-05,0.000661402798192602,-0.0580413634102224,-0.0331214451638862,-4.70704202987931e-05,-0.00132381827264582,0.00209197003985887,0.0667941139443751,-2.65434126676475,-0.00118131139751019,0,0
0.48,0.00114771807601043,-1.31578190121218e-05,0.000661402798195785,-0.0580413502354376,-0.0331214452445538,-4.70704202931583e-05,-0.00132381827264762,0.00209197627913245,0.0667941023406128,-2.65434126675837,-0.0011813113975055,0,0
0.49,0.00114771807601043,-1.31576334752026e-05,0.000661402798198861,-0.0580413370133245,-0.0331214453252214,-4.70704202874499e-05,-0.00132381827264936,0.00209198254056613,0.0667940906950301,-2.654341266752,-0.00118131139750874,0,0
0.5,0.00114771807601043,-1.31574479382834e-05,0.000661402798202047,-0.0580413237893578,-0.033121445405889,-4.70704202817965e-05,-0.00132381827265115,0.00209198880286552,0.0667940790478097,-2.65434126674561,-0.00118131139750393,0,0
0.51,4.18734953706743,4.59999990463257,0.1064866160024,20.6345849064641,-5.24444015139219,-4.13257440887629,0.683421026942592,-21.1609468810884,-2.3461828273526,1.43233055856257,447.750168978312,1149.68907235578,0
0.52,2.51791227082016,3.12718677520752,0.0541421474850304,30.4694539875751,-2.62812804977111,-0.458957374993067,2.47632221320661,-8.76859785792784,29.2985729166608,0.204758341604176,903.886681151774,1149.68907235578,0
0.53,0.349534029797505,1.07437765598297,-0.0102151961197514,36.2519299494289,0.468086015801646,-0.335379225851125,0.098990722220563,-34.3088192651713,11.7186368749226,1.25456840491324,1061.54904685017,1149.68907235578,0
0.54,-0.118666823929582,0.580177187919617,-0.0426263806718229,34.9561210716401,2.0718977409389,0.0671730157031107,0.10670805682826,-9.54852167340095,-33.6904867058441,2.92461852383378,1099.84805802612,1149.68907235578,0
0.55,-0.0854962416411207,0.463302880525589,0.021415038530498,27.458071218324,-1.0684823719952,-0.0847507842708982,-0.0241974332417159,27.408491195017,1.96518193114334,-1.53811267775548,1109.27969432235,1149.68907235578,0
0.56,-0.250694050185541,0.428782314062119,0.0587783743119104,33.9960877159169,-2.89748776274954,0.13492557529764,-0.219311406944058,-13.4831687228793,31.3422012072217,0.321235651705819,1111.96409884606,1149.68907235578,0
0.57,-0.207383401457557,0.423003971576691,-0.0846831406173839,31.5458577751574,4.15551364304787,0.218021166946171,0.0514381207701042,-28.0983910404005,-14.9294962188533,2.19016724299198,1112.01996980631,1149.68907235578,0
0.58,-0.230284123425305,0.419433444738388,0.0240683979344076,32.5165122892111,-1.24887695063734,-0.197787500703071,0.120375121376979,26.6255349468655,-18.7073288816307,-2.22165946150526,1112.6502764961,1149.68907235578,0
0.59,-0.248880732490412,0.417563259601593,0.0144200728537319,33.3569348267205,-0.694209936727947,-0.0708297982872008,-0.239024469836596,10.6582623709124,31.6159528039742,-0.345960175753107,1113.00408925797,1149.68907235578,0
0.6,-0.244386454115151,0.417758703231812,0.0709996471411309,33.146187619832,-3.55259833347166,0.247231090470038,0.0603529349256348,-33.2689123374261,-2.11428014528542,1.52749010897672,1112.6871595812,1149.68907235578,0
0.61,-0.131324012923419,0.420106917619705,-0.0324029811224293,27.6146612219735,1.55705554034025,-0.00228110546046426,0.135243284912077,5.56125252653527,-27.0936598985108,-2.8828188127786,1112.53612768856,1149.68907235578,0
0.62,-0.114909268921447,0.420689076185226,-0.0297507520329579,26.8271824502751,1.49577508968763,-0.113115111765686,-0.0359752528945152,23.5075151645505,13.0127549783937,-1.00952785752873,1112.92082563197,1149.68907235578,0
0.63,-0.155764971066698,0.420367985963821,0.0627633000523751,28.8580874375047,-3.08951552617312,0.159254024787056,-0.0532927165192182,-23.9650487683471,16.3710340011827,0.864835750791056,1112.86394286248,1149.68907235578,0
0.64,-0.283578453703018,0.419899940490723,-0.0288333491789474,35.2295966246387,1.35347850196258,0.138205584861291,0.249293637589527,-15.1212176850819,-31.8481578448487,2.73671478793099,1112.45374147584,1149.68907235578,0
0.65,-0.243927392212725,0.417739272117615,-0.062541612082532,33.1431595349689,3.09350843924757,0.168057497942286,-0.187533205856886,-25.8372507468876,20.987503240418,0.981670604342641,1112.93834709851,1149.68907235578,0
0.66,-0.186714288097431,0.421576321125031,0.104956624631606,30.4785251240808,-5.21988173342362,-0.0481581782401488,0.208707710213064,-3.57003410893841,-30.7155093643451,2.8562641614189,1113.05778403144,1149.68907235578,0
0.67,-0.290098099764992,0.415879756212234,-0.0455350298151158,35.3670427632833,2.24388671391821,-0.29092629205143,0.0399028698307413,35.4038950789165,-1.5578686227923,-1.55140993384138,1113.1996896361,1149.68907235578,0
0.68,-0.197466887019884,0.414274960756302,-0.0273178275218735,30.6593817091562,1.30232396270864,0.0373501466181579,-0.195817266137184,-8.58349668194873,29.4621336498659,0.325944641596507,1113.19236872755,1149.68907235578,0
0.69,-0.203460578630978,0.4146908223629,0.00758284496694493,30.9839534499338,-0.373116371538377,0.159553701341128,0.126476570885644,-24.760002358297,-18.6302675888325,2.203811712467,1113.77839680817,1149.68907235578,0
0.7,-0.287718763486026,0.41682755947113,0.000708592756667632,35.307854043747,0.00963109200814751,-0.232928415659283,0.168899207055802,28.5272799094288,-20.8047819239129,-2.20064076905577,1113.46890390259,1149.68907235578,0
0.71,-0.214087217642866,0.413682669401169,-0.0258808412985842,31.4732006336687,1.21182423211316,-0.0925175719621881,-0.194791307769643,11.1423412399203,29.4597879793775,-0.323108121859876,1113.2777191993,1149.68907235578,0
0.72,-0.233355365576934,0.41409632563591,-0.0157724345192895,32.4613917913775,0.760760243228009,0.233101620999932,-0.0191606529485276,-32.4469151956384,1.23223677433965,1.55626911876018,1113.69414392866,1149.68907235578,0
0.73,-0.22362389897898,0.416416019201279,0.0766708306552433,32.094930781423,-3.80013286480892,-0.138086526131927,0.191880628956501,12.9226756848084,-29.6231336087153,-2.8480978826934,1113.83188022757,1149.68907235578,0
0.74,-0.2434026248214,0.417385786771774,0.0376454313869945,33.136547586609,-1.96973717986835,-0.179363479292396,-0.168792057189864,26.2040856301101,20.3778445083679,-0.969200310922229,1113.20000184844,1149.68907235578,0
0.75,-0.184228680364663,0.417127430438995,-0.0495912911926818,30.1691049998578,2.42627416695983,0.114718117612732,-0.15244427284242,-22.2899413194046,20.4748679801166,0.908065620189891,1113.21569967149,1149.68907235578,0
0.76,-0.176476268920061,0.417238891124725,0.011845063348642,29.7911729264204,-0.575500220853351,0.0501358539367086,0.169618911586285,-9.7990662738177,-28.1393582904339,2.78717704208532,1113.70628778805,1149.68907235578,0
0.77,-0.246878496586022,0.412321388721466,0.0734353197993594,33.0695117531763,-3.63075557579498,0.250018855662739,-0.0619056546989319,-30.3429894592487,13.6410404412768,1.03895345884259,1114.05292548066,1149.68907235578,0
0.78,-0.25820827871388,0.415316075086594,0.0356105038886669,33.7899187993566,-1.86722509354686,0.0220721090637116,0.259716085726451,-5.61286065400333,-33.3727574122341,2.91976151210451,1113.28710890942,1149.68907235578,0
0.79,-0.13551255455817,0.417261630296707,-0.0132781980701547,27.756521978181,0.653058162892331,-0.136153882683679,0.00144333538383336,27.7081597128799,1.76320237491514,-1.48372348469923,1113.83758026126,1149.68907235578,0
0.8,-0.224380930639416,0.412965178489685,0.113949071736736,31.9892019075552,-5.66196749277606,0.192005142195113,-0.162681339909987,-17.6173137150862,27.2946363235677,0.397987832793392,1114.36683285553,1149.68907235578,0
0.81,-0.261039441363166,0.412843376398087,-0.0485228955018271,33.8201808554145,2.3411164344349,0.229583442404443,0.133369802837076,-27.1727720315155,-20.2713077865197,2.28085466385157,1113.98090794877,1149.68907235578,0
0.82,-0.18675050564337,0.420264899730682,0.0308420843084138,30.4809927528922,-1.59199483367253,-0.175291002951501,0.0714146330019193,26.8099104931517,-14.5895190496981,-2.12134484982124,1113.50070063619,1149.68907235578,0
0.83,-0.219200626360002,0.416098594665527,-0.0188975654683343,31.899273371756,0.97119042129325,-0.0703589126561797,-0.208460202405849,8.51090761267063,30.7582721245687,-0.239512697040396,1114.10183794548,1149.68907235578,0
0.84,-0.261990134380069,0.416611939668655,0.0232732383418225,34.0685916492119,-1.13202427895651,0.259653667989503,0.0419576790945198,-33.9002959161667,-3.56656034930424,1.64240249318023,1113.72400372972,1149.68907235578,0
0.85,-0.179478625544972,0.414207696914673,-0.0683601319523269,29.8269560082394,3.35129886680736,-0.00348567219988694,0.19202482849196,8.01101616132276,-28.9258038587545,-2.75952518123782,1113.7349714528,1149.68907235578,0
0.86,-0.244502408040967,0.411885440349579,0.0151908695019832,32.9660868241571,-0.767461840821278,-0.177906244668497,-0.168408901670936,24.808038237877,21.7235613324108,-0.874865257146666,1114.38464963621,1149.68907235578,0
0.87,-0.273977265334934,0.414140611886978,0.0205319949124207,34.5567300338826,-0.983228898983954,0.242771674567337,-0.128635215875217,-29.7646474357951,17.584086348891,1.00874566954318,1114.16057870637,1149.68907235578,0
0.88,-0.288059441250589,0.412462443113327,0.0468225501063744,35.1810944576654,-2.43607979140242,0.0259258644996751,0.290686157981438,-6.34666924827015,-34.6895327360044,2.89150400627953,1113.86127424085,1149.68907235578,0
0.89,-0.198230972091449,0.414720684289932,0.00480131937402048,30.8067024575835,-0.276472420586694,-0.197550005941503,-0.0171045642026961,30.7300482571015,2.18940344058361,-1.50864435500997,1114.21118542422,1149.68907235578,0
0.9,-0.26447611624944,0.413628160953522,0.0451984465880927,34.0684260623891,-2.23210866760299,-0.0156802780132613,0.26785190781809,-1.54825669937364,-34.1063463986588,3.03080393478595,1114.50316456582,1149.68907235578,0
0.91,-0.329013480529312,0.412726700305939,0.0155011784634198,37.2543611839876,-0.826757931560445,-0.31908461745824,-0.0817016756578181,36.3178266436016,8.34184774433692,-1.36721082643563,1114.22697737943,1149.68907235578,0
0.92,-0.236153770363331,0.409982144832611,0.0536191806533267,32.4782413806125,-2.75180813047771,0.163704564414242,-0.178450092128568,-18.500702657978,26.8352867010095,0.51906204048802,1114.42217561258,1149.68907235578,0
0.93,-0.170359299141422,0.414053320884705,0.0389115471887178,29.396171365892,-1.93634462804792,0.085480949250369,0.152411963519378,-18.2923128981735,-23.0927609940166,2.40589747769525,1114.49035381934,1149.68907235578,0
0.94,-0.280879852933805,0.41905689239502,0.0520020608441872,35.1765714868816,-2.55906072409333,-0.277386422166236,0.0682237415711932,33.1117098668917,-12.1472072120334,-1.99502849009015,1114.22045049821,1149.68907235578,0
0.95,-0.256882070662989,0.413255363702774,0.0400570895576528,33.6907444342169,-2.0920859052755,0.0114526106889924,-0.259734107040915,1.64013977703664,33.7157682024087,-0.110624880416014,1114.40944181392,1149.68907235578,0
0.96,-0.176647322476472,0.416999042034149,-0.0385252340686227,29.8703318907312,1.9095967294594,0.180788889757503,-0.00196151431249103,-29.6383070832413,-4.17780327098836,1.77467594119333,1114.38521951087,1149.68907235578,0
0.97,-0.149450888305684,0.417245477437973,0.0751642360820926,28.5269687271818,-3.71645502146188,-0.139284501429709,0.0926555884048023,17.3492177853116,-22.9478675463752,-2.62379413913801,1114.55348351957,1149.68907235578,0
0.98,-0.289190619706012,0.413211673498154,0.0348712523889951,35.3163888589811,-1.83646064689359,-0.168515767960432,-0.237591360781132,22.3730372621452,27.3873531655218,-0.736921406159373,1114.50811040736,1149.68907235578,0
0.99,-0.140311447156539,0.412229716777802,-0.0601838651512977,27.8274269088446,2.96653849516708,0.103487363813764,-0.112248676422439,-24.1881392421217,14.0747987201995,1.15000434304186,1114.84279134507,1149.68907235578,0
1,-0.158476454385452,0.41039314866066,0.0304849707384586,28.6479344126193,-1.49996965767069,-0.0140871508881345,0.160765892574774,-1.44317113753883,-28.6508518573436,3.0389532527187,1115.05420524364,1149.68907235578,0
1.01,-0.310124391926376,0.414896696805954,0.0180936417491598,36.4596701428605,-0.866810742489681,-0.299287491107471,-0.0832557265660859,35.4521181852004,8.55606357924423,-1.35775342695757,1114.75948226064,1149.68907235578,0
1.02,-0.215814208808723,0.41085284948349,-0.114190165368697,31.5460956564618,5.64296817637845,0.0108540482102659,-0.243920799088791,-11.1129330350234,30.0583093397706,0.531134980225392,1114.53534089905,1149.68907235578,0
1.03,-0.167551371666694,0.417923927307129,-0.0547171771838149,29.4906048057565,2.73771067267532,-0.176078316220253,-0.00799113154665523,28.5567184244311,7.85523165567659,-1.20979263199671,1114.8327506205,1149.68907235578,0
1.04,-0.22673075848751,0.417382299900055,0.0607055308645958,32.4266286761214,-2.99205924708794,0.189519506884476,-0.138471494655539,-22.6739368830752,23.3737299560738,0.678191055291384,1114.73214776728,1149.68907235578,0
1.05,-0.27192453317298,0.416256695985794,0.00448633848377399,34.634231033505,-0.314891547696388,0.144831063097409,0.230189144262731,-18.6615446606982,-29.1783458552019,2.56349412290284,1114.40731847179,1149.68907235578,0
1.06,-0.237930430108574,0.416987210512161,0.040609500764549,32.9751944192408,-2.07237267513542,-0.24032205432491,0.0224795758201039,32.38457512005,-6.5496160028828,-1.83311340188411,1114.64526959205,1149.68907235578,0
1.07,-0.218201861109051,0.417479306459427,0.0107236849722209,32.0175013625398,-0.502223328814962,0.0226098695726178,-0.217292069364591,-2.24791854723666,31.942440169424,0.0545735937660908,1114.76795974188,1149.68907235578,0
1.08,-0.301870981236205,0.414920628070831,0.0125210262993899,36.0771886626831,-0.678416228613148,0.276883693121562,0.120906103631967,-33.3869052899832,-13.6871598785056,1.94105347138583,1114.8222895415,1149.68907235578,0
1.09,-0.136957309621869,0.413951843976974,-0.00825186452018024,27.7872085952226,0.353871162144394,-0.0805998495146541,0.111036310210377,17.3728014943227,-21.6896278103767,-2.45352448418036,1114.80664590217,1149.68907235578,0
1.1,-0.170429666685637,0.420881301164627,-0.0251281331868341,29.8114569006084,1.27139909743965,-0.112486582736371,-0.130477825964131,17.0377582016761,24.4960040345976,-0.56509893087428,1114.68026541683,1149.68907235578,0
1.11,-0.196425394049356,0.415734440088272,0.0639211457099918,30.8580175011553,-3.15046516876993,0.206097051437616,0.0138871770005066,-30.6902624717364,4.50005158827877,1.32346281996058,1115.06429031516,1149.68907235578,0
1.12,-0.236174881468202,0.413666725158691,0.0304325234251372,32.7462668142894,-1.60817322223872,-0.0472883946235645,0.233384919933716,3.95200539273973,-32.5466720996342,-3.06982911445684,1114.67296827016,1149.68907235578,0
1.13,-0.1992156204001,0.412962764501572,-0.0419218244695456,30.8671852561709,2.08049100314016,-0.200158338363073,-0.0371610328433689,29.3307250944381,9.83972224645698,-1.17982000257659,1115.30854671824,1149.68907235578,0
1.14,-0.20214430229897,0.417774766683578,0.0616579386273848,31.2583811928165,-3.04263030394846,0.178529711814292,-0.113098020969518,-22.6838738135507,21.7206321909109,0.710054808040594,1115.0367690792,1149.68907235578,0
1.15,-0.268427626170566,0.412481129169464,-0.0159269177427566,34.3120095130141,0.707826757352655,0.151973503339526,0.221835775931343,-18.2880148028982,-29.0407219281575,2.60022046294934,1114.89957248838,1149.68907235578,0
1.16,-0.251833802462139,0.410707503557205,-0.0508043540898661,33.3977265443858,2.49233718570299,0.158262846653067,-0.20237148471634,-23.7493862487179,23.6132703323792,0.862759946480106,1115.33690693574,1149.68907235578,0
1.17,-0.228772653020988,0.416415452957153,0.0176382804509161,32.5341934744302,-0.858358437916469,0.0700727180289175,0.218489930879129,-11.4929777469445,-30.4486779146129,2.75429504605855,1115.30549678922,1149.68907235578,0
1.18,-0.264426205722941,0.412696570158005,0.0670935308642955,34.1350456827198,-3.34251722228958,-0.268275732270308,-0.0495064807040364,34.2811786546675,1.08376897419813,-1.63680196054067,1115.35634809253,1149.68907235578,0
1.19,-0.157536383621848,0.411220371723175,0.0450429260738012,28.7208631137856,-2.3245447606124,0.0834182434880948,-0.141024728353934,-9.51221616109014,27.1994343700305,0.255666615054901,1115.36931239797,1149.68907235578,0
1.2,-0.242118628761542,0.413703739643097,-0.0178414503012874,33.0782325338563,0.891301705321119,0.212505637460867,0.117392937562587,-28.1874101394,-17.3330261618399,2.14905360503807,1115.62685533635,1149.68907235578,0
1.21,-0.281363166910169,0.412520438432693,0.0269122161126147,34.9854404484519,-1.3028951524232,-0.237081791114354,0.153888672071148,28.208670544516,-20.7352232990468,-2.24189456999303,1115.47519142581,1149.68907235578,0
1.22,-0.16297157481506,0.408068686723709,-0.0632362838830955,28.8473434415894,3.08476805142635,-0.114856996056137,-0.131781759944253,12.7046676339841,26.0821095365791,-0.346747292476051,1115.67613275976,1149.68907235578,0
1.23,-0.161977985492811,0.416627168655396,0.0112513651197917,29.2296969308474,-0.589212322432122,0.162192731177187,0.00754844054443358,-29.2355292822805,0.0786219754105435,1.54795179861463,1115.44133211982,1149.68907235578,0
1.24,-0.250172523534304,0.414969086647034,0.024990224200572,33.5606171201765,-1.21387340565034,-0.0979872213880083,0.231536837850425,11.1024260663425,-31.6942367879939,-2.84080624654126,1115.58087115501,1149.68907235578,0
1.25,-0.302832494381597,0.410611420869827,-0.0593998167759132,35.9798427097759,2.88454922156594,-0.280494577853911,-0.128680416851006,30.8883993658249,18.6755586328537,-0.946990934405995,1115.7729820783,1149.68907235578,0
1.26,-0.176137938213101,0.414702117443085,0.036465414913672,29.8537739152413,-1.87988634592378,0.164415906926488,-0.0729500466917532,-25.3620715266424,15.8602369948689,0.949056733185488,1115.36488035899,1149.68907235578,0
1.27,-0.186602646496591,0.420494437217712,0.0158215898668374,30.6707807830162,-0.770740765546279,0.0400933689363449,0.182930019823921,-8.33776130455201,-29.5257950205549,2.84124576692243,1115.39301795555,1149.68907235578,0
1.28,-0.280611267782505,0.415448188781738,0.0369591546389895,35.1230245858913,-1.80881724540054,0.267314090165841,-0.0930152671175113,-32.1933144363461,14.1594202385173,1.10498217232727,1115.71324861202,1149.68907235578,0
1.29,-0.217312258725182,0.413694739341736,-0.0273220333367936,31.8745181195075,1.29099718654296,0.0576209207259257,0.211307692222962,-5.76213390780083,-31.3759365105656,3.00044863853855,1115.64090216582,1149.68907235578,0
1.3,-0.16160731033725,0.408399909734726,0.00893648589723652,28.8285605074037,-0.450966140617853,-0.157194252953807,-0.0385584021054625,28.2519532068053,5.75468603744002,-1.38549542591108,1116.33820954238,1149.68907235578,0
1.31,-0.291360693883766,0.408159077167511,0.0658453042055436,35.3082451512886,-3.25411863520278,0.200697012667437,-0.221240518740841,-20.207698437626,29.1360667834462,0.514489252963394,1116.33774853107,1149.68907235578,0
1.32,-0.199509679667538,0.403046011924744,0.0137666237361461,30.4640917956076,-0.775021350144209,0.122258017498297,0.158261206135687,-19.6600274737331,-23.2840045257779,2.41494839394363,1116.27914966946,1149.68907235578,0
1.33,-0.125285091377296,0.407635033130646,-0.0433942878883293,26.9863515152924,2.14518360111945,-0.0987738790008151,0.0884485114057043,24.0596438761799,-12.409613907807,-1.96766776182196,1116.46653137968,1149.68907235578,0
1.34,-0.189367325352372,0.416222840547562,0.00960210894697228,30.6239798528391,-0.441473653799131,-0.00361476810109623,-0.189576153191576,1.69322390739137,30.580321022081,-0.0697281906218392,1116.05394026328,1149.68907235578,0
1.35,-0.219070375430785,0.403466552495956,0.0184337830431619,31.475337866974,-1.00298403264531,0.207072548407846,0.0738416782349081,-30.1723223173829,-9.0185274178141,1.82938932637509,1116.83510368508,1149.68907235578,0
1.36,-0.180160238712322,0.408238291740417,-0.0964151195859507,29.7724841074331,4.77181488587904,-0.0201784314687245,0.203338185791838,12.6071755017161,-27.3903295544501,-2.55129983672241,1116.36011685086,1149.68907235578,0
1.37,-0.214980480688188,0.412088066339493,0.0301879013255022,31.7100730124788,-1.49425939122063,-0.106386918303648,-0.189234616487617,18.04453426481,26.1181225349581,-0.65166779863961,1116.24262080435,1149.68907235578,0
1.38,-0.249645137748979,0.414878696203232,-0.0192314806279858,33.5869849578265,1.00811740620392,0.230316666691641,-0.0982180110412694,-31.4926414028715,11.7181652459802,1.24458353371277,1116.08127896785,1149.68907235578,0
1.39,-0.178823857702965,0.416157782077789,0.0183237946465947,30.1140406138963,-0.993460433526476,-0.0181924482350647,0.178837267819756,0.971342186529883,-30.1147621621863,3.14085817955137,1115.72885049925,1149.68907235578,0
1.4,-0.237169270825404,0.412428557872772,0.0655881183594807,32.8489288960623,-3.29539552807611,-0.203677114525541,-0.138082212150374,30.0638636638172,13.6409626826126,-1.24482769815407,1116.34907933208,1149.68907235578,0
1.41,-0.22888396868678,0.416742503643036,0.0287822404913304,32.6545320348223,-1.39436569613017,-0.0660204108732402,0.22103753943084,6.74398158488256,-31.9809541835535,-2.97643723037859,1115.84415228735,1149.68907235578,0
1.42,-0.337045297082918,0.411374449729919,-0.0604615602080747,37.798330212672,2.93248880654696,-0.325618960556362,-0.105959544519131,34.6987913170564,15.2743948686058,-1.0786948213829,1115.80440914821,1149.68907235578,0
1.43,-0.196732622903434,0.417938083410263,-0.01212673777096,31.1149937698803,0.57133418495725,0.135245925223366,-0.143385223764187,-22.3112275437908,21.6951235428559,0.817757549838793,1116.18470269009,1149.68907235578,0
1.44,-0.221947465464459,0.41583040356636,-0.00909323135716736,32.2744451441218,0.490708051847937,0.0996218881312775,0.198541793302497,-13.7285890823985,-29.2131211197935,2.71747906378492,1116.34774728638,1149.68907235578,0
1.45,-0.202963638516243,0.413631409406662,0.0297933909011031,31.2194466472645,-1.55509702944942,-0.20488272733086,-0.0102446445817528,31.225060700302,-1.43797079068168,-1.66658629994071,1116.09824743491,1149.68907235578,0
1.46,-0.193147642799779,0.415285378694534,0.0477082650812404,30.8154730545195,-2.449539917016,0.0908299427824186,-0.177008508186232,-9.46756253873068,29.4271793577655,0.231946320030026,1116.19628530354,1149.68907235578,0
1.47,-0.145524098499738,0.414577186107635,0.0251366269332798,28.4029603526127,-1.23945518060686,0.109828960546407,0.0987254409108419,-23.3873713384834,-16.1646301477241,2.13196037152221,1116.59370598808,1149.68907235578,0
1.48,-0.229914372677461,0.409923851490021,0.0497963749623445,32.3938968549731,-2.4469580405589,-0.21013502969578,0.105752385400115,26.7356633126137,-18.4541720035729,-2.25034006489222,1116.7989633181,1149.68907235578,0
1.49,-0.165483162562378,0.412131726741791,0.0396744146240543,29.2868482071722,-2.06310616895076,-0.0192341512308215,-0.169082180296558,8.06420440768976,28.2302053170944,-0.34857690831891,1116.51441753462,1149.68907235578,0
1.5,-0.190533096028694,0.417698949575424,-0.0206408896025242,30.8218406909466,1.02439669010818,0.190129083235769,-0.0240798404020663,-30.798302472875,1.58108094229888,1.55272856259738,1116.18910847287,1149.68907235578,0
1.51,-0.226481669482634,0.414757609367371,0.12036473653333,32.4763177486493,-5.98106863635366,-0.183743143013575,0.178941537402225,15.6073127234296,-29.1014808230969,-2.83144974303502,1116.56646874019,1149.68907235578,0
1.52,-0.212600061580363,0.414265602827072,-0.0292938993885842,31.7617964655668,1.37998816429243,-0.188153935314682,-0.103223133797425,26.3232868530553,17.8269641640253,-0.932094351239989,1116.31626927633,1149.68907235578,0
1.53,-0.237039929517902,0.414123207330704,-0.0669122925196802,32.9807722046041,3.31118683332498,0.157413951209993,-0.189436086954279,-25.3006223199239,21.4143364053556,0.968460699005693,1116.64475058307,1149.68907235578,0
1.54,-0.123743997681005,0.410216569900513,0.036782442399526,27.1247072456965,-1.80048256924559,-0.0583259144701052,-0.1151677590829,17.3339812939909,20.9409783235281,-0.757717307246187,1117.11963137812,1149.68907235578,0
1.55,-0.267399271026869,0.406859815120697,-0.0685100320942082,34.1437275623707,3.36317323695014,0.215471644753338,-0.172533953036906,-29.7303380516867,17.1234361448736,1.14642587814022,1117.00033685564,1149.68907235578,0
1.56,-0.124726680840382,0.412367314100266,-0.0511163600206706,27.2895693100119,2.50462438591197,0.0623019328338064,0.119532825367734,-4.98829775142524,-26.9464398758644,3.05006898007324,1116.81696948496,1149.68907235578,0
1.57,-0.158402156130687,0.407732307910919,0.100067012464121,28.7456300346519,-4.99196591201652,-0.129720520619924,-0.135193330384457,26.7042849885339,11.7521118530662,-1.32816478562316,1117.37057219943,1149.68907235578,0
1.58,-0.274654610637045,0.408048093318939,-0.0273044506570164,34.5781357644399,1.4106605897441,0.126933870458397,-0.245088720059327,-17.6793470637658,29.7502625810666,0.57696083634824,1117.08107421169,1149.68907235578,0
1.59,-0.225036371655941,0.406800359487534,-0.11612868561375,32.0389257955897,5.73627346050923,0.229686951893732,0.106635567800873,-24.1696147399043,-21.7997092336951,2.4818496686871,1117.03701917507,1149.68907235578,0
1.6,-0.161927898993742,0.412864148616791,0.0185088244274707,29.1907653477672,-0.932078899918704,-0.159347044017848,0.0342306969982858,27.956795322619,-8.44909154603427,-1.89620797038734,1117.10246177957,1149.68907235578,0
1.61,-0.245393026271841,0.41248631477356,-0.0177023478602459,33.3492077532599,0.932687731939277,-0.0154330365129563,-0.24554619086153,0.624348535116256,33.3564049783861,0.00924470934857716,1117.14550475933,1149.68907235578,0
1.62,-0.276469748558652,0.412449359893799,0.0034288145873857,34.905328306094,-0.26303352375753,0.259258159609203,0.0960858226462585,-32.7893537219641,-11.9711909719436,1.91331850106731,1116.79088797998,1149.68907235578,0
1.63,-0.171353984362034,0.41379588842392,-0.0427703543607304,29.7209488486897,2.11046108022341,-0.0737845747573011,0.160459738553853,16.9397148884978,-24.5119339492822,-2.46598795868258,1117.11651036955,1149.68907235578,0
1.64,-0.186006536567985,0.412664741277695,0.00713455570476836,30.4011101345165,-0.317553110062929,-0.0929464102526093,-0.161277085639205,15.9096572847335,25.9077429057616,-0.561159691287997,1117.25488448548,1149.68907235578,0
1.65,-0.213573253990577,0.41009458899498,-0.0640703315722068,31.655015909318,3.12505573215372,0.193786438724845,-0.110296683423563,-30.1498887171236,10.1385509760175,1.34480711366898,1117.28749999679,1149.68907235578,0
1.66,-0.218430974407243,0.409838914871216,0.00243075379385398,31.8892147863046,-0.179891082544023,-0.0263880737569268,0.216844803276221,3.67852946699303,-31.6768496137023,-3.03162479654765,1117.04972043073,1149.68907235578,0
1.67,-0.16898305829026,0.406578153371811,-0.00691516225869186,29.2578081683675,0.368832667604681,0.168537376382193,-0.0140799936221669,-29.2157996647806,1.6101013325525,1.52834701285895,1117.99107046614,1149.68907235578,0
1.68,-0.238918006779086,0.408740550279617,0.0457179634619997,32.8667556192246,-2.24584096129844,-0.113597848340255,0.21509875638615,11.7605481707556,-30.7726653587339,-2.84477195777161,1117.45866493904,1149.68907235578,0
1.69,-0.220051049984417,0.406539112329483,-0.109333638458624,31.8174107107433,5.39928046266046,-0.242030013116305,-0.0424002576497667,28.8244876670247,14.5137439892031,-0.936241162594799,1117.36199881975,1149.68907235578,0
1.7,-0.206708137882837,0.407472908496857,-0.0325835101975262,31.2009787386694,1.62940276238039,0.152543810813152,-0.143249171677827,-24.8758995044457,18.9035883222649,0.973154683310755,1117.78952397015,1149.68907235578,0
1.71,-0.217541672682144,0.411911249160767,0.00202241689955743,31.9686941306936,-0.0525552597783163,0.0541177645640247,0.210712451179453,-8.18922197639722,-30.9020518719787,2.88089757528469,1117.32981751771,1149.68907235578,0
1.72,-0.245050890113007,0.412788450717926,-0.0536224150425845,33.3921569745108,2.59711325262067,-0.248395804417154,0.0349975211712398,33.4929228083974,-0.072570021625431,-1.49534316437575,1116.85112635429,1149.68907235578,0
1.73,-0.166300056433445,0.417916625738144,-0.0716482473599612,29.7151608574956,3.56336847952602,0.000338530629245562,-0.181077512454016,-8.53867083121498,28.6841328985884,0.408673916478635,1116.9927880353,1149.68907235578,0
1.74,-0.280759202566402,0.41118535399437,0.0219125779480781,35.1056318000595,-1.06070279311934,0.19147725322654,0.206500247929323,-25.0807253952916,-24.5863313274399,2.31603523878007,1117.42306589587,1149.68907235578,0
1.75,-0.260957071293364,0.412218749523163,-0.0795464357448946,34.1713076441373,3.89419824794845,-0.193061374612178,0.192752520426018,28.3427274885242,-19.481602721949,-2.05951577455501,1117.31106421297,1149.68907235578,0
1.76,-0.267826752154264,0.41197282075882,-0.066314386284975,34.5065998498928,3.26563997978257,-0.106090921659223,-0.254702735241205,8.45123883806436,33.6146753633018,-0.151953032674514,1117.35506379811,1149.68907235578,0
1.77,-0.210734303463132,0.408447653055191,0.00883682808284959,31.4797625606528,-0.41674708170912,0.205424499350164,0.0478310699586748,-30.8543847940359,-6.25748096175767,1.7576515319221,1117.85992396094,1149.68907235578,0
1.78,-0.231685764295682,0.410467326641083,0.0628639630880413,32.6324015198957,-3.14091090313631,-0.170651404745091,0.16884391991107,19.0941725721942,-26.648668335217,-2.61582422801175,1117.91679571215,1149.68907235578,0
1.79,-0.207317014543606,0.406550019979477,-0.104442187662177,31.222176190829,5.16029398362352,0.231257914053255,-0.0202062433587446,-30.9122913161405,-6.77371136635297,1.95030942810342,1117.5902214701,1149.68907235578,0
1.8,-0.18064251340092,0.413847208023071,0.0317190773281789,30.2573920242118,-1.58132012760645,-0.142708268477644,0.11520489409077,21.0926608665935,-21.7510919960283,-2.42377624524324,1117.67025397298,1149.68907235578,0
1.81,-0.237126575362203,0.409879952669144,0.0591960321516854,32.8873074261442,-2.91692291664145,-0.0651825662908371,-0.235551302304297,13.6477423724402,30.0636417817078,-0.514606604665703,1117.97646008621,1149.68907235578,0
1.82,-0.217623889970664,0.409271091222763,0.0274304931259657,31.8858338823987,-1.45757188400602,0.219078168330058,-0.0108326174235093,-31.6534644095371,4.10963612101379,1.39600601650341,1117.67888786476,1149.68907235578,0
1.83,-0.197802523042392,0.414921194314957,0.024828789987127,31.1813766994315,-1.26123628083984,-0.0568148921667328,0.191087349037667,6.33914160492397,-30.5562473733389,-2.97746256476982,1117.54044452666,1149.68907235578,0
1.84,-0.254198989094448,0.415336102247238,0.041043457321555,34.0260537405006,-2.0129942726507,-0.203100015548531,-0.158278473361769,28.8608495677171,18.1349342795269,-1.06887770264009,1117.6797612076,1149.68907235578,0
1.85,-0.220853719907924,0.408242702484131,0.00248276043217403,32.0082095025091,-0.212577342048338,0.166320695039668,-0.145327065951437,-24.0066411061501,21.1719589902156,0.841418692301624,1117.76662388871,1149.68907235578,0
1.86,-0.125701680969813,0.409423500299454,0.0123051246778558,27.3137116149068,-0.652745826436607,0.0362966493025808,0.120974716124402,-9.75688389422975,-25.5199556420216,2.75252316204586,1118.10280357213,1149.68907235578,0
1.87,-0.239639118264922,0.413842439651489,-0.0128930479625498,33.2356453268686,0.676771555566988,-0.238720106383378,0.0246139898606955,33.1626169754156,-2.30368734287117,-1.61979129341062,1117.86912364944,1149.68907235578,0
1.88,-0.282406342314986,0.406233012676239,-0.024734295191505,34.9975836656621,1.18319206816108,0.0576463962314498,-0.277564443940279,-8.94620470927786,33.8555198926981,0.292136548956444,1118.33755133443,1149.68907235578,0
1.89,-0.271221111349144,0.406947195529938,-0.046532491286663,34.4780759812065,2.26336198341527,0.245838937702176,0.123650235326398,-29.0824635910299,-18.6566567827744,2.20673152575231,1118.36823298233,1149.68907235578,0
1.9,-0.19532362503452,0.40881073474884,-0.0473870537678912,30.7804247245529,2.38939716917158,-0.135893271508083,0.148087373264088,24.2415608734236,-19.1178056135115,-2.16109865254594,1118.32312829386,1149.68907235578,0
1.91,-0.295602237533487,0.406701803207397,0.00642275566406744,35.6929762029725,-0.280539096151825,-0.0661156135949989,-0.28818511457756,8.46317301194723,34.6762448223604,-0.247242345454413,1118.27793369873,1149.68907235578,0
1.92,-0.271026000357842,0.405530661344528,-0.000322908335819674,34.4096941669675,-0.0660703156122659,-0.250302880220531,0.103940681607679,31.8196122205741,-13.0974690716616,-1.96319652453581,1118.15333081917,1149.68907235578,0
1.93,-0.172301747154195,0.406403005123138,0.0285668672995812,29.5211131422662,-1.43407770822346,0.0203037014950714,-0.173469644852635,-0.0222683364371088,29.5559165676332,-0.0477864478863092,1118.58747452652,1149.68907235578,0
1.94,-0.206698283131786,0.40839409828186,0.0462618690737361,31.3445621437909,-2.26772408798238,0.184184008380168,0.104597284079644,-29.3166031322194,-11.3208184029746,1.8670902137981,1118.50698548699,1149.68907235578,0
1.95,-0.269036989494249,0.407432854175568,0.0190109544451486,34.4175318321883,-1.04263397127593,-0.176011503239549,0.204358187583465,21.4028552252708,-26.9735309372698,-2.50112673371596,1117.98689144207,1149.68907235578,0
1.96,-0.180608312140846,0.407599806785583,-0.0831939659485437,30.0084527599921,4.14000309728079,-0.169164589762472,-0.104517653796415,20.0380780449979,22.718325003326,-0.585697827450457,1118.53163128629,1149.68907235578,0
1.97,-0.200082037577577,0.40854549407959,0.0050721469756323,31.0334679536657,-0.211516359116155,0.195513383888047,-0.0428143101869282,-30.1876107391522,7.19923817238978,1.32987037996934,1118.79138753657,1149.68907235578,0
1.98,-0.292014427195197,0.408361196517944,-0.00211766145618275,35.624977922175,0.013935996684436,-0.0280824250618929,0.290668690406836,3.66908405759949,-35.4355339785607,-3.03802662556624,1118.32184348581,1149.68907235578,0
1.99,-0.219016268862573,0.406804025173187,-0.0475773207139343,31.9012638916765,2.33247240249267,-0.217955850064223,-0.0522204451875071,29.7509137100597,11.7479444504711,-1.12172883370776,1118.42786190681,1149.68907235578,0
2,-0.203306065679454,0.407152831554413,0.107047778568521,31.1372185671594,-5.33246224771926,0.22010248943835,-0.0659354030969301,-25.9635411176537,17.9960013990418,0.795087344239055,1118.77605879405,1149.68907235578,0
2.01,-0.247788004656841,0.408513367176056,0.0193241367375619,33.4334300495542,-0.983124915204639,0.0858047105253851,0.233259231680389,-13.0535775236911,-30.7955336584758,2.71127497998953,1118.49417703212,1149.68907235578,0
2.02,-0.202153428769229,0.407715827226639,-0.00963525633926429,31.1159108412876,0.415160228323527,-0.200574168775694,0.0269972174088041,30.9647348313345,-3.09151456785878,-1.65696482935881,1118.53455355913,1149.68907235578,0
2.03,-0.134598343565162,0.407472878694534,0.0355770131954535,27.730004168824,-1.76700438082816,0.0691728591604408,-0.120820335680567,-8.87763480591477,26.3298886427131,0.261563389549415,1119.06445098538,1149.68907235578,0
2.04,-0.274836085242068,0.409745275974274,-0.010411751409138,34.8596100965193,0.565359209116639,0.231661624747809,0.148243616853462,-28.9525864664767,-19.4231764657038,2.17791419874368,1118.73969002886,1149.68907235578,0
2.05,-0.227061301605259,0.406281352043152,-0.0604456827712309,32.3017808101509,2.94484348705697,0.0476075094992537,-0.2300957198464,-11.8285011655023,30.2020480571766,0.464198959669461,1118.51438902036,1149.68907235578,0
2.06,-0.199726506713984,0.408189743757248,-0.0136485586469266,31.0344772233131,0.672520727528652,0.147400908668538,0.135461923657532,-21.8534732086268,-22.0457880188739,2.38224200837676,1119.01466192024,1149.68907235578,0
2.07,-0.262722677737524,0.408000499010086,-0.00559447577077064,34.1788693561263,0.324167743597335,-0.238541327777336,0.110238552688931,31.1944922004498,-13.9715371933518,-1.98240564901382,1119.04290379915,1149.68907235578,0
2.08,-0.316165758189748,0.407364070415497,-0.0203464489983675,36.823320529648,0.924023986308305,-0.0410729966864847,-0.314146102286394,3.34113492696774,36.6830692902907,-0.0657423201020951,1118.49164098863,1149.68907235578,0
2.09,-0.168644447578391,0.409979373216629,-0.0942812532113073,29.582043317638,4.69131377512512,0.188205824231409,-0.0436860633553923,-29.7202237127026,-3.71672090022875,1.85248418351604,1119.00736403512,1149.68907235578,0
2.1,-0.262436223366625,0.406836718320847,0.0432204311712574,34.1185232331748,-2.12867744057083,-0.1895329634398,0.186595907713149,21.8203194110834,-26.3149872896983,-2.51161012014227,1119.32474865221,1149.68907235578,0
2.11,-0.323097535525085,0.40519791841507,-0.0450105898748931,37.0737362254867,2.16057353665353,-0.217788885322572,-0.24287027832409,22.4981820786442,29.5459269423118,-0.592586368809561,1118.88228970557,1149.68907235578,0
2.12,-0.143459763935343,0.405614167451859,0.0391695802291244,28.1167281020846,-2.01010498744238,0.148679594515135,0.00305582370648537,-27.7598234711889,4.89725658665361,1.32480778159721,1119.00032280998,1149.68907235578,0
2.13,-0.180407643971337,0.410630136728287,0.0400225835922487,30.2189672694296,-1.97701456770123,-0.0584202183224856,0.175316294998041,5.0839084864614,-29.8537844155987,-3.03824702279855,1118.96900100929,1149.68907235578,0
2.14,-0.280444936706875,0.405519843101501,0.0502931423048798,34.9693917690512,-2.51896812896525,-0.230541106912446,-0.167420311524637,30.3810382757915,17.4984592012274,-1.12014533608145,1119.1309938335,1149.68907235578,0
2.15,-0.215861167240336,0.405529648065567,-0.0696855803741593,31.7447542726619,3.41966108080803,0.106363560383742,-0.200346990636091,-20.3977185730565,24.5633178286987,0.800322655863036,1118.96936430899,1149.68907235578,0
2.16,-0.232371596596258,0.410586774349213,0.0012627433845523,32.8271973270974,-0.057567868937072,0.0939979622031268,0.212514791313943,-13.3893441058545,-29.9725484873533,2.71971585997738,1119.0828207509,1149.68907235578,0
2.17,-0.218825220977354,0.402361243963242,0.0851707023332605,31.7425928048432,-4.2173687691096,0.230716603138505,-0.043684950588938,-29.1567446100772,13.2386797321894,1.01248990463426,1119.68009004913,1149.68907235578,0
2.18,-0.263402699160385,0.40295198559761,-0.0457990049715306,34.0050577333326,2.20824160739959,0.0987828761033248,0.248436056501696,-9.12696118010907,-32.8316746764572,2.9352939909805,1119.21050937581,1149.68907235578,0
2.19,-0.187433685023757,0.406006991863251,0.0670357270033956,30.3633804003636,-3.36796643594677,-0.175850969680407,-0.0932824283502484,29.5639111039275,7.6976118043144,-1.42655034318147,1119.59317062736,1149.68907235578,0
2.2,-0.263027709935816,0.399678915739059,0.0558468020020484,33.8306393056333,-2.75276328690952,0.174874781366613,-0.204257808491903,-18.6020201569346,28.3911026137172,0.498836185515972,1119.97751026644,1149.68907235578,0
2.21,-0.23652136838644,0.400130867958069,-0.0409657943278454,32.5319372297791,1.96217853323382,0.186303077745767,0.151366169373344,-22.8565589562425,-23.2326235539248,2.42459627792719,1119.61670731075,1149.68907235578,0
2.22,-0.191984181627087,0.408194661140442,-0.029512266212366,30.7123203804805,1.44767515748109,-0.16888213600933,0.0959568860944244,28.1825516949339,-12.2917112916488,-1.93496809158827,1119.19971251577,1149.68907235578,0
2.23,-0.248350420269812,0.408998608589172,-0.000222919207101879,33.5748727951445,0.0489478294257056,-0.00334108288242443,-0.248328045347958,0.470495658472608,33.5716117119137,-0.0125559005514578,1119.34960450295,1149.68907235578,0
2.24,-0.282506618093728,0.406939834356308,-0.0463113692169454,35.1838257351533,2.22779021144465,0.281877317356236,0.0499991014474787,-33.9314900874463,-9.5665366268766,1.90883431605115,1119.19743357067,1149.68907235578,0
2.25,-0.19628948739206,0.409129589796066,-0.0240024498597594,30.9865217196438,1.15235909389158,-0.106283218439379,0.166761979893725,18.8130703840215,-24.6487493088206,-2.45249566706114,1119.17524334869,1149.68907235578,0
2.26,-0.250688430255225,0.408470690250397,0.0506434685271259,33.6775635446109,-2.51149231996226,-0.0832232238786056,-0.241833299972395,14.8816918821178,30.3153612332138,-0.53077483906086,1119.57325386279,1149.68907235578,0
2.27,-0.213717500304593,0.405281573534012,-0.024669986665449,31.6735964122169,1.2201605846785,0.205888120498192,-0.0624008014070245,-30.9478344962624,6.85106134320456,1.39143927401577,1119.99986756019,1149.68907235578,0
2.28,-0.176814659489106,0.404232263565063,-0.0176478646411419,29.7800431685101,0.819164927874944,-0.0134698192830545,0.177181926011437,4.38881648453601,-29.4662568400272,-2.96623557411039,1119.54355851061,1149.68907235578,0
2.29,-0.203286704295953,0.413590639829636,0.0208686250701331,31.5756506530607,-1.03351966405351,-0.165261062507634,-0.120207174805317,26.7789188821481,16.7624395767278,-1.04422931186383,1119.35174260901,1149.68907235578,0
2.3,-0.195309058725811,0.403595745563507,0.051281193314211,30.6810237826034,-2.51943857101581,-0.121928008122343,0.160962573424413,14.0362313031573,-27.3981204075401,-2.75008182247013,1120.11791541608,1149.68907235578,0
2.31,-0.151801188892491,0.403791487216949,-0.047335453424033,28.5194847386755,2.29503439897502,-0.143581071670986,-0.068328046641505,22.494858462516,17.6807673872882,-0.824356247241225,1119.63599886278,1149.68907235578,0
2.32,-0.215867013247116,0.408673524856567,0.0281915319807635,31.9708897365256,-1.41963714774996,0.205235150700405,-0.0726075946484606,-29.1485136120761,13.2105001564271,1.10089835407959,1119.81652508077,1149.68907235578,0
2.33,-0.244050244750386,0.401295840740204,0.0693762482045575,33.0151420127741,-3.42820682909198,-0.0411588288556222,0.250358815672421,-0.350366586973439,-33.1908036576611,3.02757030436357,1120.4091673817,1149.68907235578,0
2.34,-0.214621973106339,0.407553374767303,-0.0423030100735877,31.860718492201,2.03161113443853,-0.218515993316912,-0.0101437993901348,31.4248398896444,5.63136435964358,-1.32979819476463,1119.39859281733,1149.68907235578,0
2.35,-0.235360960968028,0.407624006271362,-0.0285143017860681,32.9052226618358,1.39996601166318,0.108147170084438,-0.210978759492201,-17.2629313690044,28.0482581243087,0.594238481828644,1119.89738050983,1149.68907235578,0
2.36,-0.231695261151211,0.405007392168045,0.0654140181556475,32.5951469324463,-3.23440269746974,0.0818449625299574,0.226413537403719,-16.3642928934161,-28.3745463832579,2.51955761513931,1120.03590995769,1149.68907235578,0
2.37,-0.248119142991197,0.402193486690521,-0.0689780383563856,33.2796874191593,3.36392697662012,-0.221142477960804,0.131973797912829,31.2142290272063,-12.0218761288781,-1.83768954493062,1119.91579117953,1149.68907235578,0
2.38,-0.257792498556694,0.40415233373642,-0.041370758751167,33.8652784113971,2.02382532668709,-0.0179782424058807,-0.260471293604009,-1.03529615153169,33.9098969729045,0.0902113955671381,1120.30576028272,1149.68907235578,0
2.39,-0.182651367453092,0.403063744306564,-0.0416788059052229,30.0577836034533,2.12181811541476,0.182660943877053,0.0416368163542048,-28.005485489937,-11.1204878373144,2.01925947652457,1120.50307837419,1149.68907235578,0
2.4,-0.288049533106322,0.400261253118515,-0.0151825953987715,35.1915650716747,0.690933451783979,-0.197692839732242,0.210049008196694,24.9569420257202,-24.8208518377906,-2.33382956937915,1120.3985302171,1149.68907235578,0
2.41,-0.254230742887847,0.400331646203995,0.0010776847715338,33.508141450207,-0.117394257314854,-0.098879629071167,-0.234216248344392,13.0552065259048,30.8605072450973,-0.40371216230534,1120.37447403603,1149.68907235578,0
2.42,-0.122017837827792,0.411493718624115,0.00695569695388419,27.4596785787753,-0.323089826790103,0.122210192135245,0.00118465461221255,-27.4442912221643,0.974276140969772,1.52354566037541,1119.87346967625,1149.68907235578,0
2.43,-0.264039169193227,0.406074643135071,0.0823446585283922,34.2938407127538,-4.0874452827879,0.0338416599495727,-0.274503310924048,2.10587193814462,34.4723080624383,-0.179642245894609,1120.05021548952,1149.68907235578,0
2.44,-0.245983513376797,0.401475161314011,0.0143274445698287,33.1651226083247,-0.793963118503596,0.239596576745488,0.0575034340969119,-32.5047369295905,-6.63308466679447,1.74816250148623,1120.05301468317,1149.68907235578,0
2.45,-0.247819787697165,0.408800780773163,0.0377661890934285,33.6272729677828,-1.8914959397304,-0.158543688254265,0.194177318777563,18.7293595479152,-27.9925407039931,-2.60810807146733,1120.00148432809,1149.68907235578,0
2.46,-0.31612049349943,0.407649040222168,0.058760597230445,36.9887962838854,-2.90143423668473,-0.15376460284132,-0.282385235290822,21.0758594337237,30.5351849558915,-0.682409592669778,1119.97709180439,1149.68907235578,0
2.47,-0.198944859365538,0.403332829475403,-0.0537356958489037,30.9182117292628,2.60813245121305,0.171320536716489,-0.114524476752848,-28.4613187147637,12.3568405523108,1.24534715414003,1120.51546403946,1149.68907235578,0
2.48,-0.129129658458757,0.405190229415894,-0.0146985219987706,27.5243188627279,0.726392486567273,0.0101848849361081,0.129563819646774,0.234236023148247,-27.5329059197739,-3.10670055537432,1120.56034607845,1149.68907235578,0
2.49,-0.280590280984195,0.403415828943253,0.00453816682355397,35.0126321785,-0.185252793702418,-0.257281510650124,-0.112061255652871,32.2506010283609,13.6314879589133,-1.17618851656812,1120.68239433538,1149.68907235578,0
2.5,-0.261973854363991,0.4034304022789,-0.120385400794891,34.0866174257734,5.9371557910873,0.0913078310827963,-0.273469971071465,-18.9775014483329,28.9309824443831,0.753000496833714,1120.14321775611,1149.68907235578,0
2.51,-4.55538858809604,-4.42843580245972,-0.0563370013610641,7.16638446040234,2.67776366766925,3.86729173540348,-2.40806845408472,-4.74261361453054,6.00292433714229,1.026236671161,621.863236742664,270.115091538897,0
2.52,-1.09343134602598,-0.970482170581818,-0.0481535543478085,6.96774062176088,2.36401270589936,-1.00930078519265,0.423347136848741,5.72015748037114,-4.62793299924972,-1.9239427628422,349.815214502597,270.115091538897,0
2.53,-0.238717260071626,-0.154240801930428,-0.0415438217087892,5.04526372262122,2.05727868444142,0.0457697155927182,-0.237943170763184,0.135348074749567,5.44690393846966,0.362338297801765,287.122021599178,270.115091538897,0
2.54,-0.154460387116973,0.0504572354257107,0.00995423890678148,11.068542095684,-0.486788261728734,0.097669214576281,0.120074237805579,-7.1650953780413,-8.45050265719485,2.3943738040416,271.357168126539,270.115091538897,0
2.55,-0.0283965877861237,0.0999631211161613,0.0566011996304027,7.24181940584035,-2.82752625877935,-0.0460453111643546,-0.0434728802504904,7.77216552677796,0.179711088296835,-1.9199196079481,267.936354164776,270.115091538897,0
2.56,0.0258650707134342,0.113687127828598,-0.0079423997925467,5.21611773696488,0.392649128578125,-0.0088912162006289,0.025554449161531,0.199946991660934,5.22705259056942,0.0369007234567083,266.835727145543,270.115091538897,0
2.57,0.022269987881673,0.115476258099079,0.0152953733801688,5.48646768357985,-0.782196633075173,-0.0265799498107758,0.00483808589684812,-4.68544267347415,-2.95969359382818,1.99256975598964,266.488897700632,270.115091538897,0
2.58,-0.0308664860864976,0.120039269328117,-0.00721756206706551,8.37263933840837,0.348622568821268,-0.0172128799681068,0.0266186011789395,5.78586677409148,-6.06187865756311,-2.33787257791003,266.048684607279,270.115091538897,0
2.59,0.0176439218083961,0.115150325000286,-0.0529755514889946,5.70378265080823,2.66636748968926,-0.0424465776031526,0.0362767843410005,4.61621571329117,4.28172916075929,-0.385682373818391,266.774280192007,270.115091538897,0
2.6,0.067222994467485,0.110108181834221,0.0165456799783274,2.97383691445529,-0.823582295951919,-0.067178433338746,0.0167256869895502,-2.97603232815005,-0.815613495344595,1.56811768109106,267.112063099031,270.115091538897,0
2.61,-0.0177556256001836,0.117473132908344,-0.0372718255186429,7.59219460781538,1.85683888157354,0.0280023082619734,0.0303368084997001,1.09804685128233,-7.73844704753177,-2.76077508638963,266.522610384082,270.115091538897,0
2.62,-0.0442446657157049,0.113215394318104,0.0204214158948523,8.70488062779805,-1.04187126667112,-0.0178165810031818,-0.0453563017981191,5.5642646889378,6.77490966374967,-0.806718761820682,266.81307799225,270.115091538897,0
2.63,-0.0362523000256706,0.10700424015522,-0.0283151010366247,7.99578588437687,1.42700927457732,0.0215110717292889,-0.0406601524458885,-6.71396073347647,4.57074158620526,1.14969605823217,267.110016713089,270.115091538897,0
2.64,0.00286568342343416,0.113445125520229,0.0376981781954186,6.36307773581821,-1.87654104777989,-0.0377761115275056,-0.00152649225295704,1.64962212747549,-6.42564482465468,3.10610902971738,266.678132220975,270.115091538897,0
2.65,0.0115963188659964,0.116833820939064,0.0701281406061595,6.09713132543277,-3.51166623857384,0.0347716635394626,-0.0619948556802703,4.53796919473011,5.3771410394738,-1.22351455709191,266.644657463945,270.115091538897,0
2.66,0.0416254508089736,0.117402799427509,0.0316071118850687,4.62526928236188,-1.59499036452634,-0.00424204296988327,0.0520931161307058,-4.27464814441291,2.38001962991054,0.730693056542389,266.565280323958,270.115091538897,0
2.67,-0.000141255977855791,0.115909658372402,0.0329132381000125,6.64009748481049,-1.66731193269562,-0.0294861027938338,0.0146243269079592,-1.4279550416056,-6.69565292468546,2.68546313585861,266.303841012437,270.115091538897,0
2.68,-0.00324206716732474,0.115440249443054,0.0530229461078574,6.77281089323602,-2.64188350202368,0.0309669076417387,0.0431624193550618,-7.1398938688479,1.36836814322374,1.0095228249179,266.51728352922,270.115091538897,0
2.69,0.0578129906168729,0.117071039974689,0.0107797448724788,3.80280449100736,-0.530157269800999,-0.0210000579250568,-0.0549321613513125,-0.162311548194811,-3.8361495915659,2.96078744094916,266.280348896801,270.115091538897,0
2.7,0.0414064722146273,0.116603046655655,0.017508633569526,4.60087573983642,-0.880021700140075,0.0440689165651415,-0.00888700081620522,4.33245691439421,1.7810987763318,-1.36974264567286,266.513367023514,270.115091538897,0
2.71,-0.034142304819091,0.1154894977808,-0.0273805093407674,8.32375223275379,1.35508274673359,-0.00392246218972613,-0.043589030277006,-3.47572783884549,7.68377618577241,0.586184759046597,266.535506824798,270.115091538897,0
2.72,-0.0473031832409677,0.112719155848026,0.0704899648731575,8.84438673305744,-3.54912527890735,-0.0315127881956681,0.0788249356021463,-2.05946897612114,-9.30473290673387,2.54215454563701,266.681931381603,270.115091538897,0
2.73,-0.0545841577686994,0.113189935684204,-0.0195711045450061,9.23308815618517,0.99281546593592,-0.0491314260006386,0.0307987238627447,8.80672876565992,-2.94569650462951,-1.78646433424344,266.944459243575,270.115091538897,0
2.74,-0.0178114087141904,0.10984693467617,0.0379651403035277,7.22838712345294,-1.89571339706677,0.0404308038283998,-0.0111332053084426,-3.09103524258711,6.80358808419521,0.169960826571491,267.234355351171,270.115091538897,0
2.75,0.010301179776867,0.116183668375015,0.0263935843271807,6.14076669144857,-1.32895940022279,-0.0226735051794856,0.0169896368797914,-4.51602933291808,-4.36813778519727,2.1264203018172,266.38211104144,270.115091538897,0
2.76,0.00820358328491251,0.11208313703537,-0.0207840112440345,6.04170275175828,1.0234954085323,0.0188696331444703,0.0119670734558519,4.28029705859852,-4.38506238063304,-2.20047209699704,266.78406239548,270.115091538897,0
2.77,-0.0537883903430738,0.118256531655788,-0.0034794861466086,9.45116363561059,0.17018887153647,-0.0164417648490587,-0.0513319211426143,2.46100799833081,9.1267134255018,-0.24537929627277,265.981933575192,270.115091538897,0
2.78,-0.0169047426514636,0.115296229720116,0.0214255290697353,7.46010520931492,-1.06081237194883,0.0138826385263399,0.0234967224858547,-7.25079614267758,-2.05047504736323,1.70514210021236,266.75103418316,270.115091538897,0
2.79,-0.0260626241690839,0.112294480204582,0.0444312515393938,7.76902257503202,-2.2232721607529,-0.0515076822328232,0.000595955483495662,5.7836136285354,-5.64362155605385,-2.62266659850167,266.949338200471,270.115091538897,0
2.8,-0.00102915475020582,0.116998851299286,0.010722464749369,6.75373131046301,-0.54800630372518,0.00778392872860757,-0.00744586216292578,3.75042699314993,5.64335847628904,-0.667516039144174,266.488782322546,270.115091538897,0
2.81,-0.0761825658154692,0.109233051538467,-0.0162216130774648,10.1242010065475,0.792387848034334,0.0686416828208689,-0.0368136312333149,-9.5020843952407,3.58297595141438,1.28831727286913,266.915601452408,270.115091538897,0
2.82,-0.0656038159301085,0.107773244380951,-0.0681992859411217,9.5233317708795,3.42738351111092,0.0609090938106884,0.0724229629235866,-2.40512079858351,-9.83138849271552,-3.03605625749096,267.078880703486,270.115091538897,0
2.83,-0.0241175222496891,0.111142531037331,0.0846257383155218,7.61858345030551,-4.22801480051945,0.0186356390680672,-0.0859993222149811,4.72480345687813,7.32087120748297,-1.0797701749368,267.244130481194,270.115091538897,0
2.84,-0.0688318500579233,0.108198776841164,0.0569104203597924,9.70822069527816,-2.85252172056108,0.0893115065677639,-0.000272621571001851,-9.28747201662205,4.01612907847373,0.876871598436842,267.176392287805,270.115091538897,0
2.85,-0.0177511730184154,0.115483030676842,-0.0506045318992076,7.5195655217364,2.52002462058372,0.0536053419485595,0.00154599703934107,-4.68446942378831,-6.39922932403796,2.83305345849373,266.555966132983,270.115091538897,0
2.86,-0.0298163293890462,0.115480273962021,-0.04499361306713,8.12384257170722,2.23374906082344,-0.0331046396129243,0.0426324002510897,8.26840841269611,-1.61860289060299,-1.49577823990946,266.436603190522,270.115091538897,0
2.87,0.0266188712394085,0.115228310227394,-0.00809000916356695,5.29063536931695,0.418950297613759,-0.01901764849244,0.0203061961022935,-1.96150186372984,4.93141484784261,0.457592997837444,266.566405326748,270.115091538897,0
2.88,-0.0199854883539166,0.11048798263073,-0.0511959728940318,7.38493295666633,2.57110102718978,0.0514915948344794,-0.0192110136825935,-6.83795590519943,-3.79343568615852,2.41231814664103,267.163546085344,270.115091538897,0
2.89,-0.0587497488054531,0.119961023330688,0.0594562154938223,9.79802018605046,-2.98387520103508,-0.0754385324795544,-0.0359944768385775,10.2292068477035,-0.517723911462727,-1.91698091383438,266.249741335323,270.115091538897,0
2.9,-0.00348694501200474,0.116752699017525,-0.0184527039027144,6.87559771024325,0.907407996903042,-0.0183113734071081,-0.00416589375566067,0.652922587315345,6.90441346103485,0.0369312449783141,266.561806952834,270.115091538897,0
2.91,0.000154541113676759,0.112048596143723,-0.0064687431056159,6.45940671153504,0.306787246552794,0.00251870746381678,-0.00596025444372833,-6.01433869108796,-2.37608577045395,1.99450461795015,266.643275999182,270.115091538897,0
2.92,-0.000162079227926629,0.106205508112907,-0.00201970798619279,6.18415890574946,0.114240855496692,0.00127745258819628,0.0015727698212157,4.39409391922698,-4.35302319929924,-2.33302813848418,267.255487602496,270.115091538897,0
2.93,-0.00501300802047559,0.116473898291588,0.0853966277003352,6.94130631665498,-4.27234598102082,0.0775257062195194,-0.0361590811161978,-1.41069397627729,8.02774040863767,-0.377784370052157,266.647390996817,270.115091538897,0
2.94,-0.00667935816101221,0.113812625408173,-0.0358099962129048,6.89269293844731,1.78427501398902,0.00690303896853996,-0.03576755103736,-6.9037099740944,1.74116106746518,1.57704633361941,266.77871841001,270.115091538897,0
2.95,0.0177035894788554,0.119450360536575,0.0456592644408704,5.95659212945245,-2.30477568521684,-0.0354689492424861,-0.0337659465934411,4.40059150656579,-4.62901448994952,-2.75067357780032,266.349797877908,270.115091538897,0
2.96,-0.0605411828488999,0.112332187592983,-0.0698327355153674,9.5140379692403,3.50025480741864,-0.0921109178864535,0.0075779005283919,9.2484485811435,4.15149383221848,-0.796334408239856,266.790677082302,270.115091538897,0
2.97,-0.0113515508508858,0.113596521317959,0.0751657997302947,7.11891335271111,-3.75314660729217,0.0404486728633189,0.0643634991234257,-8.02565205889816,-0.594933449001655,1.15961379280991,266.672665110039,270.115091538897,0
2.98,0.00561623367465142,0.114063411951065,0.064861309913819,6.2949881310071,-3.2475976683624,-0.0649876236098381,-0.00389106437504974,3.07921080623455,-6.37904593147294,3.11502227282082,266.936332426741,270.115091538897,0
2.99,-0.0811968071932225,0.116456344723701,-0.0383522786994564,10.7564713690072,1.90677773206005,-0.0894820442391107,0.00753541894017614,10.744108058684,1.97525179535982,-1.21353607364016,266.449148934968,270.115091538897,0
3,-0.0565299504085267,0.12037555873394,-0.0302193041474332,9.72028926100649,1.49284012781509,0.0157433385312328,-0.0621368564399307,-5.44419943224835,8.18982829531607,0.73906457142611,266.154568099462,270.115091538897,0
3.01,0.0375286422084179,0.108297780156136,0.0357570436214679,4.41450800726389,-1.77740058722059,-0.0484691423649614,-0.0183768167254317,-0.3062553326719,-4.74902531735294,2.694424716448,267.385906071948,270.115091538897,0
3.02,-0.0413265080413098,0.115109816193581,0.0285458353938646,8.6990598623049,-1.42158074696936,-0.0430108542821795,-0.0259386082729814,8.77025881654165,0.881529692631905,-1.63260516114275,266.556783602697,270.115091538897,0
3.03,0.0081699927458404,0.11795699596405,-0.0246973721632555,6.36779303771003,1.2332390401513,-0.0260136302947007,-3.48253706599494e-06,-0.82992883329607,6.43279758992349,0.319606421665285,266.345059799028,270.115091538897,0
3.04,0.00586247452882729,0.11005849391222,-0.0444369735817649,6.08926877284247,2.20967296898634,0.0243805180467311,-0.0376112159931135,-6.06666096671845,-2.27100716262149,2.27709284772868,267.379402288185,270.115091538897,0
3.05,-0.0723442621717919,0.111049830913544,-0.017453477032582,10.0503032304486,0.853299689143564,-0.0562842970589788,0.0486866925790247,8.53983437571381,-5.36730325385427,-2.04721024377328,266.806842114278,270.115091538897,0
3.06,-0.0678220756991841,0.110815785825253,-0.00101391975423867,9.81357974543943,0.0624021459321163,-0.00709292139262376,-0.0674577827350703,0.94234886727271,9.76842976431042,-0.0898125546189863,267.060694430427,270.115091538897,0
3.07,-0.055562358459163,0.112565293908119,-0.00553973044908626,9.28921935452131,0.282478284428343,0.0547782308402723,0.0108263436580826,-8.97128831007731,-2.42597944242263,1.86529569892316,266.947119274437,270.115091538897,0
3.08,-0.0203074282963252,0.115673415362835,0.0302677186612697,7.68303819604609,-1.52326190530769,-0.0363078976832904,-0.00320359216940572,6.01022912604042,-5.02260376762493,-2.46264029649909,266.733332636533,270.115091538897,0
3.09,0.0365945809086056,0.116522446274757,0.0142634929502665,4.88151000537967,-0.731651421333869,0.0302287916475232,0.0250764977329254,1.72894519852612,4.62333237345696,-0.506634033763881,266.803692182471,270.115091538897,0
3.1,-0.0731426276184968,0.112152963876724,-0.0114131385105957,10.1510115724757,0.559117624357651,0.0712449891087412,-0.0201060993853975,-10.0106070052154,1.77296245012022,1.4505300512514,266.771168787335,270.115091538897,0
3.11,-0.0289077377773665,0.111528307199478,-0.0173004820925289,7.90917274375329,0.877926913059877,0.00916999970401913,0.0324172036034447,1.21337850169317,-7.8646984536493,-2.87796938997456,266.929356376246,270.115091538897,0
3.12,0.0111988332955337,0.115726724267006,0.0776050444706663,6.11491768676631,-3.88356924747861,0.0557249134806571,-0.0551605911140238,2.53690746471918,6.78516241009315,-0.923625110159341,266.941598506562,270.115091538897,0
3.13,0.0268911521628076,0.115057423710823,-0.0537986440403096,5.29798207102489,2.68401108675052,-0.050742885275926,-0.0322891275678583,-3.16133211313933,5.02777374283439,1.03023009046631,267.155870055912,270.115091538897,0
3.14,-0.00560294962649274,0.111652567982674,-0.0282498627929545,6.753525187061,1.39524824290437,0.0287727595195773,0.00125542899693331,-2.40297472689193,-6.46394094755775,2.98940301771768,267.126947554463,270.115091538897,0
3.15,0.00299199829692977,0.11018343269825,-0.00299685942691175,6.25143777741613,0.159471662091691,0.0022108720614956,0.0036118229415627,6.11635141815746,1.302363553513,-1.3354940981432,266.852166973006,270.115091538897,0
3.16,0.00324102231966988,0.113294571638107,0.0457386896631594,6.39567744822605,-2.28028898685307,0.0353738899017854,0.0291756725885758,-5.56782765481861,3.88634829776588,0.618927759283047,267.082716412231,270.115091538897,0
3.17,-0.0186605118390539,0.112423583865166,0.024000520817173,7.44830538712252,-1.20316728145129,-0.0102887887639207,0.0286073509322769,-2.96949112882509,-6.93592006029642,2.57691967097255,267.137183444063,270.115091538897,0
3.18,0.0148288070706675,0.109182104468346,-0.0318707027208067,5.61284118750244,1.58257758847157,0.0201904673311206,0.0287746457842327,5.24811658962676,-2.54279576083896,-1.74715794457551,267.271979941455,270.115091538897,0
3.19,-0.0828897934091367,0.103241346776485,0.0241784814258923,10.2027566431017,-1.2321592464811,0.0412368379835302,-0.075860661799062,-3.37165415744694,9.70805890843355,0.214086363176714,267.635431077522,270.115091538897,0
3.2,-0.039901713826504,0.110225081443787,-0.0687646786694724,8.40367523537823,3.45572959286528,0.0718277235136172,-0.034080873428646,-8.88331982487588,-1.91061596603854,2.17278622846335,267.195236138574,270.115091538897,0
3.21,0.0605131189171158,0.114048957824707,0.0225547269198907,3.57530969278847,-1.12027683064191,-0.00912512125102322,0.0639318811678646,-2.69345303443318,2.60445202066058,0.498548642915449,266.771425690175,270.115091538897,0
3.22,-0.0234614052932132,0.116058111190796,0.0248159481137291,7.87564204710124,-1.24730105776044,-0.00426769918234833,0.0338829686244386,-4.03847784129446,-6.87547775126449,2.45343864507602,266.740623359554,270.115091538897,0
3.23,0.010012422009376,0.12082552164793,-0.0769398609924404,6.44151471455182,3.83716030861528,0.0326300602494752,0.0703936784956256,4.9939147773311,-5.59264930498545,-1.87544437543294,266.294406879591,270.115091538897,0
3.24,0.027226014718559,0.117194816470146,0.0310288511579036,5.4004290653014,-1.57280327511316,0.0287788171399325,0.0295943434740636,-1.99491285057385,5.25915078222465,0.0791568061708915,266.637163339047,270.115091538897,0
3.25,-0.00267022634616254,0.11237995326519,0.0295584990997329,6.65560560298422,-1.46758706876222,-0.0108715383111316,0.0276160213013796,-5.29027367964272,-4.29696429370229,2.03592448219597,266.859709756511,270.115091538897,0
3.26,-0.00898856125747086,0.107565976679325,-0.0400062801109994,6.73190924322261,2.00872089501547,0.0196175976078844,0.0360062014921622,3.73727506410346,-5.94864159185005,-2.29067749814481,267.362377630142,270.115091538897,0
3.27,-0.0223475312313228,0.10921274125576,0.0634872843280515,7.48328923633915,-3.18763508282217,0.0527355206619145,-0.0418211941962755,-0.574301721249445,8.11361896744714,-0.332024931788253,267.409939411368,270.115091538897,0
3.28,0.0258931267971695,0.119112640619278,0.0193909979591643,5.56746037480402,-0.988947980852055,-0.026895191103057,0.0179753584864574,-5.50645457818937,-1.28592033663893,1.62441804898723,266.414930556689,270.115091538897,0
3.29,0.0225516306320034,0.115475371479988,0.0327669297389374,5.55382206934143,-1.6479056124288,-0.0201564174959873,-0.0342923688654813,3.84189255129219,-4.33594212481023,-2.7049752635878,266.624897147777,270.115091538897,0
3.3,-0.0102923763732694,0.110197991132736,-0.000754804575942221,6.93322828805628,0.0492994054678141,-0.00755271168749445,-0.00703272973478173,4.75107524616592,5.04968998364778,-0.747828594905001,267.228071856236,270.115091538897,0
3.31,-0.027842549397129,0.116076909005642,-0.0167015692317463,8.10587687585127,0.837868370749288,0.0200756785200369,-0.0255169963689796,-7.27697328862689,3.66782266334855,1.20692859360527,266.692500865573,270.115091538897,0
3.32,0.0200268142527873,0.11468642950058,0.0688809197414255,5.64400512758112,-3.46052638201866,-0.0684497012521481,-0.0214544352531598,3.57711040339742,-5.57084534722649,-3.12080239476221,267.035015056348,270.115091538897,0
3.33,0.0320966892201294,0.114057525992393,0.0494204659897101,5.01017267384656,-2.49407439351458,0.0491033486092702,-0.0325797647764705,3.60506779293206,4.28085546479998,-1.16179930698058,266.81295431042,270.115091538897,0
3.34,-0.00273186653227373,0.111816018819809,0.0169821927091825,6.64061899324676,-0.838863576036665,0.0138367957850622,0.0102176830232911,-5.33022164109688,4.0484873680738,0.795563469325532,267.150347118859,270.115091538897,0
3.35,-0.00803066679542051,0.111879751086235,0.0305113212524546,6.90987797139982,-1.5183061483695,-0.0251725674987606,0.0190203622276207,-1.2207324338584,-6.9686067090014,2.75188368167162,267.126871165049,270.115091538897,0
3.36,0.0116247855014697,0.111992947757244,0.0211821991812543,5.93387428274061,-1.06216443245227,0.011553085695534,-0.0212213904120621,5.93743234783159,1.0420913586918,-1.57417810358743,267.29673783446,270.115091538897,0
3.37,0.0266524864513834,0.116699248552322,-0.0388429019329178,5.41895172032711,1.93142557980733,-0.0459948310835975,0.0101784860466958,-0.236996801423168,5.74798008292351,0.383591145704235,266.816091662543,270.115091538897,0
3.38,0.0512805202344596,0.119154661893845,-0.0452433748901946,4.31150955452835,2.24660460365759,-0.00543484643571013,-0.0681697672813378,-4.66156552046954,-1.38063528215612,2.33910182718082,266.29798118591,270.115091538897,0
3.39,-0.0474928269652158,0.111603498458862,-0.0220401797142665,8.87371340825152,1.11552308384846,-0.0344913464558506,0.0393914350417394,7.66091031348265,-4.61493603110128,-1.9879240537965,266.819787009557,270.115091538897,0
3.4,0.00381336565622623,0.108507245779037,-0.0662608199817356,6.15466479159029,3.32590933243488,-0.066116789636154,0.00579725370228254,3.50884905221263,6.05223511714516,-0.029970922518517,267.346973350798,270.115091538897,0
3.41,0.0389053165458255,0.110249072313309,-0.0215086655926963,4.48824977157962,1.07271918939157,-0.0288738888265003,-0.0338015516677005,-4.57910059649598,-0.57179559157415,1.92962905299273,267.285627520061,270.115091538897,0
3.42,-0.07552329505148,0.114603146910667,-0.0209550868229026,10.428519771387,1.03139432497022,-0.0359434289029364,0.0696487880575667,6.32942052943524,-8.35201979387945,-2.39451770907742,266.733274309051,270.115091538897,0
3.43,-0.0410201570231871,0.116336509585381,-0.0271581876518811,8.79119128235896,1.33987019569589,-0.0419907458636553,-0.0256319663809788,4.9415277817962,7.39334832711639,-0.43793762750128,266.368359065838,270.115091538897,0
3.44,-0.0425016462072079,0.112630575895309,0.0658565767583192,8.68109112838776,-3.28645887746703,0.0459800158793529,0.0634768995177105,-8.84518991506638,-2.8150968898179,1.51702012778309,266.837977004139,270.115091538897,0
3.45,-0.0399368530971067,0.110425628721714,-0.0353442120971457,8.44371263528376,1.77396486495007,0.0204096087948996,0.0492708172543043,1.0728744764773,-8.56108490595973,-2.80984141480628,267.17304231144,270.115091538897,0
3.46,0.0170046379563785,0.117469936609268,-0.0159855505193313,5.95002085504693,0.792257038294664,0.00232287209210411,0.0232228293426388,5.00699631427807,3.31065058546302,-0.854211132526845,266.920851775818,270.115091538897,0
3.47,-0.00065651728197123,0.12130106985569,0.0430056361540796,7.0258212266974,-2.1724743996978,0.0200326801703995,0.0380605764689539,-7.24884014633169,1.23940528471686,1.10156664023169,266.40005844008,270.115091538897,0
3.48,0.00787941709136756,0.116145044565201,8.53945443574532e-05,6.34237508414794,-0.00824979349758313,-0.000756016677223959,-0.00784352884304638,-0.531833333064352,-6.32004296448647,3.0563394311055,266.561773973617,270.115091538897,0
3.49,0.0373239790522077,0.114218436181545,-0.058031057583902,4.7749389448231,2.9180626313365,0.0186644439729597,0.0664253083378319,5.4207554989225,-1.38943919193764,-1.2731566192029,267.259670872179,270.115091538897,0
3.5,-0.0475836159099235,0.112666741013527,-0.00468200191212852,8.94390271301275,0.234842038273302,0.026412741601789,-0.0398558493328825,-5.46491718530308,7.08401204689519,0.683335673969277,266.865474042397,270.115091538897,0
3.51,-0.0252747370736863,0.114387333393097,0.00335792778431381,7.91563087690596,-0.180615697438644,0.00923165987595244,0.0237668775627631,-3.65452938589549,-7.02383436430662,2.63902042523525,266.953291364726,270.115091538897,0
3.52,-0.0312844665857792,0.113632880151272,0.0287867970511216,8.17952941312214,-1.46212935234356,-0.0344119632347048,-0.0249642608613299,8.29390652143161,0.503625135263369,-1.6870349486072,266.897887658396,270.115091538897,0
3.53,0.0239986819842433,0.107450909912586,0.0503162776716913,5.10733633115595,-2.50755832023651,0.042066051441958,0.0365802112049416,-3.78203513905944,4.25075797192131,0.270714058034162,267.548742008431,270.115091538897,0
3.54,0.011474675029576,0.114012897014618,0.033351321408073,6.06280399524151,-1.66064783025925,-0.0294616834253068,0.0193904104248974,-3.78476191232999,-5.01905576456741,2.228136135387,266.98317108472,270.115091538897,0
3.55,-0.0386734772621426,0.108466140925884,0.0399336004795634,8.29395594283733,-2.00281885392568,-0.0534949013635988,-0.0151203776045998,8.17846105267267,-2.43182305139231,-2.09675866589502,267.367851846979,270.115091538897,0
3.56,-0.0363457759154761,0.111072905361652,-0.00479261904495615,8.30903090428956,0.224476014749559,-0.00974779963095231,-0.0353406992936315,1.36556825429049,8.19912235501525,-0.138026348700115,267.142752591136,270.115091538897,0
3.57,-0.0460334363891012,0.116372615098953,-0.0809132512313866,9.05956249084864,4.03119888287929,0.0645434020275457,-0.0670833865076407,-9.77333350387219,1.67576525235732,1.81964450888363,266.611243903684,270.115091538897,0
3.58,-0.0268220797080382,0.108473561704159,-0.0150476881413687,7.70510939534991,0.765645900677606,-0.0037944874033863,0.0305198090362601,3.953814361917,-6.65749776049776,-2.50663522761585,267.408511219313,270.115091538897,0
3.59,-0.0112278665020058,0.106170870363712,0.0737115391990792,6.81128738444167,-3.68461543457781,0.0571766119033022,-0.0478569853683181,0.386004453205731,7.73440542616487,-0.54574019424745,268.046128643352,270.115091538897,0
3.6,-0.0265465917508232,0.112106025218964,-0.00605690152789277,7.87510284739731,0.297278713789951,0.0252856394945886,-0.0101016842681389,-7.7336544452292,1.51532452383784,1.41503987532668,267.438627953163,270.115091538897,0
3.61,-0.0573871320609301,0.115905657410622,-0.0078406942812699,9.6082579310512,0.374528390941813,-0.00556020749427286,0.0576527840230774,1.84404621583576,-9.43707505210653,-2.90965967735739,266.99686606135,270.115091538897,0
3.62,-0.0466308467521365,0.109735026955605,-0.0568433490449308,8.76298589712226,2.8264748873304,-0.0709926359346149,0.0191219204715505,8.77241724134428,2.79706593873628,-0.950127250699126,267.292486582934,270.115091538897,0
3.63,0.00352341854728807,0.110602177679539,-0.0528827490331202,6.29975096848711,2.66071573250746,-0.0311756652188179,-0.0428611423287287,-3.91111450890617,5.60976414587909,1.00846880839588,267.184193424673,270.115091538897,0
3.64,-0.0340670998622619,0.112437322735786,0.0357358139765731,8.27218003633416,-1.78588036668382,-0.0291989372677843,0.0398125326502291,0.305659763138082,-8.45723970021132,2.96509210274676,267.128201918589,270.115091538897,0
3.65,0.0745551161456857,0.111633390188217,0.00159410665797988,2.80195002050463,-0.0875002851675489,0.0732470614362294,0.0139955175142238,2.72203590819903,0.670149783097332,-1.36062088157201,267.692307755387,270.115091538897,0
3.66,-0.00153052018653938,0.110667631030083,0.0470109930079268,6.55904019702121,-2.37326933062278,0.0396266975041181,0.0253397079807537,-5.66826052968648,4.06500162231371,0.601475517063345,267.149841179395,270.115091538897,0
3.67,-0.0162335039352515,0.112225644290447,-0.0103795894555391,7.37321727064929,0.514881871306132,0.0175923314062422,0.00785954216060402,-4.48171801099608,-5.87738376588717,2.55983471472695,266.994795184468,270.115091538897,0
3.68,-0.0410806297888943,0.111306749284267,0.0451125512388513,8.57071542550874,-2.24877431113815,-0.0490100986234843,-0.0363424085064064,8.84351440519248,0.553535701325044,-1.76488057058638,267.350493652536,270.115091538897,0
3.69,0.000648342870479234,0.107798337936401,0.0785556692377904,6.30995841507674,-3.93285770095384,0.0769799525976233,0.0156684528892452,-5.06762909532677,5.44077937874228,0.192543390641611,267.483948616337,270.115091538897,0
3.7,0.000263798741665435,0.116247594356537,-0.062404011478544,6.75278955642561,3.11322967040703,0.0339812758927449,-0.0523412182423328,-7.35451689071021,-1.09701735552896,2.15085443755148,267.179486732976,270.115091538897,0
3.71,0.04827224587816,0.112457610666752,-0.0261149663636084,4.16395281747364,1.28857390586368,0.0545772988795265,-0.0057896146079661,2.70364974274903,-3.41894776876637,-2.17238414555728,267.232081727205,270.115091538897,0
3.72,0.0244506879878811,0.111342027783394,0.0308657387047055,5.30034529780377,-1.53388076770236,0.035324957986564,0.017397623749103,-0.382546079254445,5.50455347714279,-0.2123123247384,267.204932707582,270.115091538897,0
3.73,-0.0066319521098787,0.109557583928108,-0.00411624475288288,6.76633894370745,0.215516431855435,0.00725143901423705,-0.00288840645965231,-6.69913869679357,-0.975361858314487,1.74721605508519,267.407871835601,270.115091538897,0
3.74,-0.0322470118193562,0.111061811447144,-0.0066878659663985,8.12344695094089,0.332321110205303,-0.00422739402019574,-0.0326607786536118,-0.283622960960872,8.12529296093714,0.0757780973327653,267.254242279425,270.115091538897,0
3.75,0.0617506854077266,0.116500116884708,-0.0227177220357545,3.69662456380383,1.12388805677547,-0.0451185647788689,-0.0478910968251181,-3.80960990361007,-0.644228152284919,2.0334682769239,266.976264122229,270.115091538897,0
3.76,0.00768275679672625,0.112823724746704,-0.050592110079281,6.21728880413096,2.5132768172297,0.0391575834910799,0.0329434365148938,3.01298192225108,-5.99109175110719,-2.29146329724698,267.38651576533,270.115091538897,0
3.77,0.0325215367450534,0.108685746788979,-0.0474098720214741,4.76953099079618,2.38708023923312,-0.0341980985226714,0.0462151098103864,3.8131340622999,3.72915359882517,-0.332496528705368,267.781216531004,270.115091538897,0
3.78,-0.0132800372238412,0.109769962728024,0.0260897023786883,7.11496209530688,-1.29963530931412,0.0117813883313341,0.0267998292506024,-7.02995365822487,-1.70043791950203,1.62745207518533,267.154117328969,270.115091538897,0
3.79,-0.0255125522341698,0.115784779191017,-0.0506915757804777,8.02848462681996,2.53279978069416,0.0349116328247738,0.044740407576567,1.14392538076161,-8.34044812077974,-2.69969471037774,267.027008953426,270.115091538897,0
3.8,-0.0145470833490518,0.107067234814167,-0.0906139732935889,7.04536953835515,4.52055165757424,-0.0767837575661586,0.0502669311181505,8.08634913582237,2.16415731275817,-0.738822056622998,267.60832565576,270.115091538897,0
3.81,-0.00521673296878675,0.111954018473625,0.000572660177556594,6.82430313726616,-0.0486036848844978,0.00510026338003715,-0.00123675219863877,-6.43355645778811,2.27658229193193,1.22356432302496,266.863860566779,270.115091538897,0
3.82,-0.033897939307926,0.110017202794552,0.0113955570394262,8.16259010652606,-0.559117512939217,-0.0127654193022439,0.0334061832540108,0.890788475669974,-8.13307970771503,-3.10089163561134,267.489732653966,270.115091538897,0
3.83,-0.00649617856296398,0.113538414239883,-0.00965270531197672,6.96970804279906,0.487845679798916,-0.00992283253266426,0.00607556172633248,6.54098514475974,2.4556744379475,-1.14176858005553,267.07682770841,270.115091538897,0
3.84,-0.0234477204710218,0.111353196203709,0.0330782500025162,7.70912498629021,-1.66561171059693,0.039740294990812,0.00804208757471483,-6.7578695364698,4.06645665816999,0.816314578236531,267.343654411886,270.115091538897,0
3.85,0.017917537154387,0.113889127969742,-0.051978723983477,5.76878875781302,2.58442500546196,0.0421266684293196,-0.0353294451085138,-4.47741399320375,-4.4621676654503,2.7756795897921,267.023548712396,270.115091538897,0
3.86,-0.00458517820743866,0.113120719790459,0.0388492178677264,6.8566066271312,-1.95347281846771,-0.00373836876497021,-0.0389398277744668,6.81245587868991,2.10227386242012,-1.54902524096554,267.228913165602,270.115091538897,0
3.87,-0.0367443280751562,0.108172118663788,-0.0144690245033682,8.21820406943375,0.735051763949598,0.0013674990819044,-0.039466799490645,-2.59987849983496,7.83069671284994,0.409764632055952,267.783208831861,270.115091538897,0
3.88,0.0336871664141757,0.108187861740589,-0.0161347199642485,4.69851642593861,0.809914143713273,-0.0118892392338976,-0.035409043474517,-3.85396986168307,-2.80694385947427,2.37097978796539,267.561477270871,270.115091538897,0
3.89,-0.0456496968913127,0.118032582104206,-0.0342478557769459,9.15880763807186,1.70245961111043,-0.0295066488034994,0.0488484199127685,7.85521835044426,-5.00776105115943,-1.95455465524334,266.537772021092,270.115091538897,0
3.9,-0.0772596002163556,0.121340900659561,-0.0151670888601478,10.9058907180261,0.737919130366572,-0.0151256982296545,-0.077267714235301,0.732076670175661,10.9062844610561,0.000535706320274863,266.53471017199,270.115091538897,0
3.91,0.0456377138382763,0.110301062464714,-0.0271959458025216,4.21010636998099,1.37369540851586,-0.0320419786332948,-0.0423760781307281,-4.41752147407959,-0.312311940178138,1.95677122417315,267.62855432227,270.115091538897,0
3.92,0.0204897268673788,0.104191839694977,-0.0225636076672539,5.1631036031508,1.13976717239408,0.0304563471277155,0.00116456760114601,2.80060383192845,-4.48478831169584,-2.36610867175207,267.994488957713,270.115091538897,0
3.93,0.0327071702720926,0.10668021440506,-0.0641837975501665,4.677750522843,3.21308567750256,-0.0461139422859024,0.0553427789510148,4.79574458949079,3.03415611946714,-0.404824763476081,267.716508182821,270.115091538897,0
3.94,-0.0581670284122736,0.112656056880951,0.058055251421666,9.52135216482022,-2.92289099679748,0.0589521539916538,0.057257828737138,-9.56026942811054,-2.79297105026555,1.55717925149949,267.264894800711,270.115091538897,0
3.95,-0.0588989230173184,0.115206070244312,0.0518882508141358,9.68657530591686,-2.62020292945812,-0.0698741289506992,0.03576422526117,5.99024399483695,-8.05060130866379,-2.76607120827427,266.884508738262,270.115091538897,0
3.96,-0.0333911466897025,0.109836868941784,0.0933631003453822,8.14380544704152,-4.66428630201472,0.0405064126406542,-0.0905034127441622,2.65089559720349,9.0027710400272,-0.8064948023186,267.208039276641,270.115091538897,0
3.97,0.0521951503886499,0.111469149589539,0.0415569623151975,3.94723470054071,-2.0729153214375,-0.0307073541139034,0.0592315223870184,-4.44945874276566,-0.282765994117571,1.15069207775469,267.321708734257,270.115091538897,0
3.98,-0.0361721771917218,0.114718407392502,-0.0164701764977756,8.52923142474094,0.819169479467059,0.0176783522935204,0.0355973169893937,-1.1057880669559,-8.49682647132779,3.10792760685437,266.969371259577,270.115091538897,0
3.99,-0.0141246670652369,0.112247914075851,-0.0113400754954844,7.30440350293561,0.55068068967944,-0.0171836581335246,0.00572934770259497,7.04106111547733,2.0201529951459,-1.21614337574051,267.504413742201,270.115091538897,0
4,-0.0154547247823469,0.109035104513168,-0.0505373920644793,7.21132207976722,2.51034057357027,-0.0266465421794313,-0.0456381233691392,-3.04759075088815,7.0012260746638,0.745548217321383,267.771023487056,270.115091538897,0
4.01,0.00301074286308818,0.10993417352438,0.00793350965271046,6.33413647176573,-0.385361319249591,-0.0084633582286483,0.000613771529852562,-2.32039892666005,-5.90639797257867,2.70649097441418,267.178412836424,270.115091538897,0
4.02,0.0149508567279974,0.115705423057079,-0.0746863509464198,6.02684148016027,3.74532373281985,0.0185535606761184,0.0738738419254778,5.83820941178151,-4.03306074275974,-1.61928842788606,267.066928888465,270.115091538897,0
4.03,-0.0156325257928477,0.111019894480705,0.0231528740668633,7.32285875740509,-1.16806729237352,0.0270283080124968,-0.00706413520550679,-3.5317847094286,6.52036336001787,0.33823620982266,267.225121180554,270.115091538897,0
4.04,0.0150131850001277,0.118524253368378,0.0312539278417728,6.16698668926424,-1.58395059665861,-0.0319589074094132,0.0134473776842682,-3.56719746988953,-5.27406167285056,2.29549577727842,266.576569075315,270.115091538897,0
4.05,-0.0714482519120425,0.107584431767464,0.0373405011127857,9.94410231519033,-1.88206084685866,-0.0805943181846254,-0.00192914514643246,9.75235985651233,-2.70532828236036,-2.02844619965187,267.510134051399,270.115091538897,0
4.06,-0.00669580942273195,0.110934123396873,0.0416746363988099,6.87505985685603,-2.07606199143544,0.0411244586108661,-0.00950726494643564,-1.60493063372404,7.00004850615839,-0.06788421489519,267.487350972273,270.115091538897,0
4.07,-0.0197915464075432,0.11205492913723,0.0752911662350881,7.58702150648467,-3.76914430018995,-0.00493616636219388,0.0776923373563079,-6.01323418439855,-5.96744155724177,1.89129726893555,267.241968692914,270.115091538897,0
4.08,0.05678264942333,0.111104965209961,-0.00582681278343587,3.71189850528522,0.281380809322195,0.0414605839228821,-0.039233162038251,2.20835974334341,-2.99675039290457,-2.43085624830378,267.250202802154,270.115091538897,0
4.09,0.0310580634740163,0.114354223012924,-0.0150380939767139,5.16170633186437,0.73336873123727,0.000701029610334606,0.0345000889084933,2.99680241849289,4.2661712596754,-0.471239005210171,267.175433848746,270.115091538897,0
4.1,-0.00124751943617093,0.108936861157417,0.0195367282959656,6.50720042404585,-0.971556625240142,0.0028459308852904,0.0193685501432131,-6.5649674441565,-0.434490611999515,1.48867312523219,267.440990205681,270.115091538897,0
4.11,-0.0209292153415682,0.110587909817696,0.040602634202829,7.5749750812627,-2.02400078666282,-0.0450133380133248,0.00777208851729327,4.20507769325934,-6.61771473091846,-2.83662629220453,267.380517866892,270.115091538897,0
4.12,0.0331722056119439,0.112634167075157,0.022327733138066,4.97331929004623,-1.11888333028174,0.0397807923531899,0.00405110503420497,3.1076290264877,4.04084725042402,-0.876877168065641,267.495772776577,270.115091538897,0
4.13,-0.0142210162074987,0.111510299146175,-0.0402956339628905,7.28790104060422,2.00359666274926,-0.00628590512138651,-0.0422665685293959,-5.50344727067887,5.18073057622933,1.08388680113449,267.277112593732,270.115091538897,0
4.14,-0.0251641590933561,0.115857869386673,-0.0339945558140921,8.05357681727394,1.68123593654503,0.036305031764283,0.021698142696267,-2.46529560335753,-7.84913825933324,3.04306541705317,267.016577736617,270.115091538897,0
4.15,-0.062576880637705,0.105852894484997,0.0230346202587811,9.42501404238068,-1.14293682205246,-0.0533642912195873,-0.0399838985523287,8.70342061627955,3.79310741403357,-1.28047561701398,267.766834178831,270.115091538897,0
4.16,-0.0650133424993223,0.110106438398361,0.0334954322792125,9.76063794342196,-1.67079558292604,0.0669100769158885,-0.0295249097139243,-7.43326252318527,6.5427990343509,0.679491876607918,267.534210719231,270.115091538897,0
4.17,-0.064862915434289,0.113166958093643,-0.0120330038486677,9.90729423574926,0.597044391583481,0.0418497997125039,0.0509959336053482,-5.30548540665938,-8.38825164613915,2.63781570229866,267.209800550804,270.115091538897,0
4.18,-0.00899930768072494,0.110724538564682,-0.00752373292312386,6.99307728411873,0.359860103290137,-0.00808431260071085,0.00849929324149017,6.9066508872962,-1.15360422875786,-1.68488244484514,267.401565786272,270.115091538897,0
4.19,-0.0351059961433606,0.117077149450779,-0.0892655184513418,8.61723381665804,4.449064297658,-0.0764738937626787,-0.0579008404289525,1.95754949409132,9.49836258277356,0.273353536229999,266.686809600893,270.115091538897,0
4.2,-0.0314816765706783,0.112780869007111,0.0406654175033359,8.22230062206463,-2.02539763981189,-0.000112444353880047,0.0514272252478071,-5.2472795042783,-6.64639157159288,2.23176996419747,267.137039668482,270.115091538897,0
4.21,0.0169727832806251,0.110138796269894,0.00558338654983213,5.66856354333689,-0.274317263781094,0.0119357036051111,-0.0132961858104815,5.05183460510717,-2.58589050980471,-2.09225103086266,267.521458693542,270.115091538897,0
4.22,0.0408818505800427,0.113028720021248,-0.0285565869518732,4.61872358663036,1.42292062140824,-0.0229320730532119,0.0442823259401647,2.01798290193233,4.39147534116192,-0.131894840672559,267.361124637123,270.115091538897,0
4.23,-0.0601392945317525,0.115051791071892,0.0645314212106546,9.77209646966969,-3.2516455642744,0.0418332683515355,0.0776596209704388,-8.629841496046,-5.62075653638536,1.82687267934658,266.955804630124,270.115091538897,0
4.24,0.0382040393833672,0.111542023718357,-0.0362533107401514,4.68053357483038,1.80051330568561,0.0519292782054957,-0.00878642304263085,1.37021564432854,-4.8240804094773,-2.49761352881745,267.405038070958,270.115091538897,0
4.25,-0.0712679187553514,0.110063374042511,-0.0262832999442922,10.0813200212214,1.32606010902056,-0.0591336473569941,-0.0476774564122256,6.3119849854267,7.97184384736449,-0.538926046441747,267.453795034325,270.115091538897,0
4.26,0.00657490592313832,0.106755614280701,0.0839854455271904,6.02483852411665,-4.20378130261484,0.00595705942892996,0.0840315291498315,-6.58180310263024,-3.26348347630277,1.421897050738,268.078852876583,270.115091538897,0
4.27,-0.0279519632091723,0.113431848585606,-0.0483581690564728,8.08611485480282,2.41030266952311,0.0402276766675909,0.0387499521505393,-0.397306937438102,-8.42834263667755,-2.89900350945945,267.520329793555,270.115091538897,0
4.28,0.0176416039676741,0.119414091110229,0.0130739588075906,6.10675579351386,-0.674730570493482,-0.0193242623384843,0.0104272467376709,-5.94833687741781,-1.53786087053572,1.71375000280717,266.594145690202,270.115091538897,0
4.29,0.00685771803288499,0.113102182745934,-0.00744363953579032,6.3314733522389,0.375422012891794,0.00988732342328673,-0.0021626145474084,2.87185968516476,-5.6551674110145,-2.61247601335085,267.035678526275,270.115091538897,0
4.3,-0.0261165868191455,0.108890488743782,0.0479244762600824,7.77069132732015,-2.39078065893738,0.0221536161453328,-0.0498803450626638,2.82897502990633,7.62209788337857,-0.653870182643467,267.560692579893,270.115091538897,0
4.31,-0.0132499191463686,0.112954273819923,-0.0439439616932318,7.33166665788565,2.19959982960404,0.00128286101599923,-0.0458801307135797,-6.50006337231217,4.04236954627753,1.30590082192493,267.450731996876,270.115091538897,0
4.32,0.00966994549278554,0.108663491904736,-0.0463506272405492,5.97219855290066,2.3075216299405,0.0472001989428317,-0.00374562560634307,-1.53570272731117,-6.21557951934017,-3.01510698570204,267.626494398421,270.115091538897,0
4.33,-0.00684275232480267,0.114125698804855,0.0155731512291232,7.07210158224176,-0.801160476438548,0.00172582399056806,-0.0169224061568476,5.75755423928143,4.18414245458804,-1.05516394005251,267.023381609627,270.115091538897,0
4.34,-0.0677792973709662,0.111540347337723,0.0550311445803271,9.99075770912797,-2.74601629504852,0.0872959710663444,0.00136874450015244,-9.55118813845898,4.01629807645453,0.904509284728901,267.248403841807,270.115091538897,0
4.35,0.0269409180779654,0.110128089785576,-0.0411259300179036,5.18523099766164,2.06790346551384,0.0321558656281914,-0.0371907984913319,-3.41122310383612,-4.41886887988883,2.86365696413867,267.608751237978,270.115091538897,0
4.36,-0.0663141134563788,0.10406132787466,0.029315072716456,9.54567423819269,-1.47319472162226,-0.0625451521882233,-0.0366747742955369,9.31586631122878,2.55045764929044,-1.45669177055773,268.061070028065,270.115091538897,0
4.37,0.00795439210934313,0.110138967633247,-0.0330291148696821,6.13723586468147,1.63788203652348,-0.0327389273713487,-0.00907509875854728,-1.54650541709081,6.16089625129393,0.506735992269616,267.537066459406,270.115091538897,0
4.38,-0.0306955824817477,0.11362798511982,-0.0868642661102736,8.24531381929652,4.32850257818231,0.0870467380616445,-0.0301742423864736,-8.52563262672574,-3.74629455090262,2.46823304216217,267.040476850942,270.115091538897,0
4.39,-0.0343634191481201,0.104488730430603,-0.0239688016655777,7.97278137188743,1.21130316031839,-0.0262710767660665,0.0326370733121803,7.31402455546553,-3.39669588750005,-1.85479087301755,267.89828420232,270.115091538897,0
4.4,0.0297774769945684,0.109226793050766,-0.0133096664303038,5.00373301097692,0.67279719733593,-0.0164124550149095,0.0281864626555298,0.134787115141949,5.04696270517972,0.10695719057803,267.799976642176,270.115091538897,0
4.41,-0.0447662434592453,0.109977006912231,-0.0351076820793019,8.76954381051087,1.75057359489662,0.0561016463182794,-0.00944304902097027,-8.53978486548938,-2.65357890532341,2.06909893874676,267.413824199721,270.115091538897,0
4.42,-0.00363479233235803,0.113399893045425,-0.00122658297485726,6.88523390481916,0.0429990892152096,-0.00204494749707321,0.00324567571205017,5.31311556296269,-4.37939469109012,-2.25391154249513,267.328960749841,270.115091538897,0
4.43,-0.0163957016198705,0.115654937922955,0.00633222993303258,7.63718750780533,-0.337857110505705,0.00129732342766549,-0.017528066620613,1.89484176004283,7.40610256213718,-0.294685303024313,266.913359766797,270.115091538897,0
4.44,-0.0470316010965177,0.114314563572407,0.0487091333399976,9.1030949215105,-2.42902189043769,0.0423356753723428,0.0528416669230186,-8.84008009097026,-3.25875259562413,1.6632147586697,267.106312517103,270.115091538897,0
4.45,-0.0350161478806863,0.111814245581627,-0.0123383956147138,8.378432650094,0.620435002578489,-0.00520029352851096,0.0367603531806294,3.3133416178783,-7.72041712524792,-2.6622820197261,267.360537442051,270.115091538897,0
4.46,-0.0476799598322951,0.113798871636391,0.0470086740395274,9.11200838245735,-2.36514262519628,0.00499186974995282,-0.0667703170650201,4.09243243819136,8.47788848348057,-0.70368589442727,267.118166293074,270.115091538897,0
4.47,0.0355028639544864,0.114520683884621,-0.0344794412233054,4.99008832611642,1.70723473049421,-0.0444343179513651,-0.0217916636409233,-4.21620665838685,3.1684749235592,1.25597878587966,266.958983782782,270.115091538897,0
4.48,-0.0124381523080668,0.110248476266861,0.0363924345347225,7.17460091222362,-1.82699069095428,-0.0372206745948386,0.00968185451800769,2.35840043651379,-7.01788719028492,-3.06674156216803,267.372365175193,270.115091538897,0
4.49,-0.0566279737073551,0.109798453748226,0.0233168562127528,9.36268400018379,-1.15847940827274,-0.0401920715112251,-0.0462060664575947,7.85276735722311,5.22838130400038,-1.10650115628161,267.648002541838,270.115091538897,0
4.5,-0.0702922258522959,0.115156121551991,0.0452535277352842,10.3149524664018,-2.26742368542214,0.082689161614273,-0.0123037124188988,-9.25142637163786,5.09416967164477,0.851087090077612,267.294418204203,270.115091538897,0
4.51,-0.834777656505863,-0.895606696605682,-0.0029776175485276,-1.99869616762657,0.135819308352836,0.736175823594256,0.393583229778664,1.69476863089076,1.06817252480826,2.06533120536913,76.1603528075491,0,0
4.52,-0.219206268329741,-0.214387029409409,0.02554551556865,1.2836393840027,-1.28585093691075,0.131790746132348,0.177017402180118,0.0549879075316225,-1.81607241874942,2.38560302272633,23.9299757059038,0,0
4.53,0.0102611341151451,-0.0627390369772911,0.0544374562573872,-2.60744987429188,-2.73169015560984,-0.0499364119020336,0.0239808732838145,3.74541287357952,0.482502186135256,2.50757920294598,12.12678625911,0,0
4.54,-0.0741770762616483,-0.0307796373963356,0.0268113473423078,3.21224690574129,-1.34808049728515,0.0163664536194858,0.0771571525197598,-0.549894356293777,-3.43998072778342,2.58573323709905,9.5097727866968,0,0
4.55,-0.0370242007992743,-0.0210247561335564,-0.0184569648400112,1.842174366151,0.919142239479928,0.033681898264935,0.0240204230853863,-1.6765797919663,-1.19478410303714,2.65275243030172,8.81174955037421,0,0
4.56,0.0542708032678974,-0.0159071013331413,0.0559499769090601,-2.46682476048862,-2.80703415255246,-0.073381232153913,-0.0262852576749914,3.57574785439749,1.0856760172019,2.71539034381798,8.43032974012296,0,0
4.57,-0.0132661336191122,-0.0163557678461075,-0.0139579316727723,0.887410019436797,0.693999336792682,0.0177661218060101,0.00742826182602172,-0.964441753099582,-0.58222309035601,2.77762389215838,8.67168131833445,0,0
4.58,-0.0415177948471003,-0.0172239169478416,0.021936950679098,2.25644623365579,-1.10361624380357,-0.00862599371715255,0.0461578739377664,0.384174270078537,-2.4823232160974,2.84025298676403,8.38443469317188,0,0
4.59,-0.0182283328609994,-0.00322457402944565,0.0646210064670968,1.79190989448483,-3.24122037544483,-0.0583281750223616,0.0332561361897726,2.71420625638917,-2.51982836517277,2.89834369002187,7.6390387174843,0,0
4.6,-0.0422616259470803,-0.0138120502233505,0.00794824900359668,2.46408186172988,-0.403046859011804,-1.74921199603065e-07,0.0430025544576541,-0.059328661170261,-2.49612225298146,2.95569578676469,8.04016332172823,0,0
4.61,0.0269227443815082,-0.0138400793075562,-0.0805824357782434,-0.996690888775926,4.03069329373018,0.0765659301341818,-0.0368241967145836,-3.87371661335424,1.49472430746066,3.01574494463897,8.31472640221857,0,0
4.62,-0.0101695793444737,-0.0152329578995705,0.0623571003133341,0.788118693037376,-3.12760559592154,-0.0615759496398305,0.014150290791493,3.07058250376223,-0.987203588700918,3.07737502401451,8.40747491291973,0,0
4.63,0.0632161702691008,-0.0138846710324287,5.61426555744024e-05,-2.8139025933668,-0.00746029124633925,-0.000246583365290711,-0.0632157142816063,0.0159372391776958,2.81386735033996,3.13858011341663,8.42763801815204,0,0
4.64,0.0502665082129603,-0.0117242857813835,0.00867054292292218,-2.05849846614029,-0.438830387644178,-0.00577421429603623,-0.0506809491995295,0.320083051365653,2.08027279087391,-3.08422549761222,8.00429565199621,0,0
4.65,0.0243179676437775,-0.0118664875626564,0.00800252504105695,-0.768313985122808,-0.405395159341298,-0.0051337664182671,-0.0250808373009998,0.313732608263688,0.81007620966469,-3.02557607587131,8.28347392491474,0,0
4.66,-0.00419173653293495,-0.0126063302159309,-0.0767970085421668,0.620028471152579,3.84142336230123,0.0748542271087053,0.0176690650614445,-3.67187895179794,-1.28773977061236,-2.96431728267545,8.29951277210082,0,0
4.67,-0.02972671009302,-0.0136837959289551,-0.0137246093896063,1.84278065411873,0.682824095225894,0.00633973190714632,0.0321224220007963,-0.22975230704728,-1.95174362087385,-2.9039149458814,8.13862242895456,0,0
4.68,0.0468570828090991,-0.0142885744571686,0.0166861040946167,-2.01679706370634,-0.840011970221266,-0.00216803722333533,-0.0496921713535783,0.209746199184652,2.17464871604982,-2.84308998226565,8.1993674954107,0,0
4.69,0.0258782568850143,-0.0127166137099266,-0.0263977027994698,-0.889397610578005,1.31768181497146,0.0337971521637545,-0.0149758271262708,-1.54591762003308,0.370745448090227,-2.78323950643446,8.32536158605356,0,0
4.7,-0.00100575018953052,-0.0139129310846329,-0.0464771695649342,0.394835245834842,2.32333266674116,0.0420364162601385,0.0198514113406515,-1.96098599640982,-1.30702083900167,-2.72203231219358,8.32025461087706,0,0
4.71,-0.0196547111501867,-0.013509564101696,-0.0358239978910161,1.34731890442091,1.78993177848215,0.0226962927876348,0.0339785930990492,-0.965301715292898,-2.0217113048808,-2.66149626200736,8.20049283694466,0,0
4.72,0.0316258634519354,-0.013669490814209,0.0311487449772526,-1.22488501749412,-1.56401143037469,-0.0104133519660206,-0.0431509171811001,0.709851207659015,1.85542079416215,-2.60059134058859,8.53671006684653,0,0
4.73,0.0287522511311145,-0.0160218104720116,-0.0583947137554472,-1.19896807463229,2.92042341799254,0.0644015988718898,0.00943761635326898,-3.08529968248388,-0.668822288512833,-2.53855399699823,8.32100208812107,0,0
4.74,0.00116443306304219,-0.0127956196665764,-0.0396979963175504,0.341597582962601,1.98410124045959,0.0319936008015543,0.0235307527235603,-1.35282066246049,-1.49104758351273,-2.47812340096115,8.18415141081437,0,0
4.75,-0.0312279557960229,-0.0145145654678345,-0.00217026910699654,1.87513616910585,0.104735762984445,-0.0190445429400442,0.0248435238120512,1.16273706528954,-1.47483821137736,-2.41817858580983,8.13717006095959,0,0
4.76,-0.0328208119225578,-0.0140308812260628,-0.0315555623676684,1.97882029369416,1.57649195230465,-0.000839146315962089,0.0455220281298641,0.28142270972582,-2.51433050509827,-2.35741413844555,8.07641599231788,0,0
4.77,0.0642069032181863,-0.0188087821006775,-0.0483956440322965,-3.11165593890955,2.42011087991671,0.0801518679958954,-0.00635160128934891,-3.93394076189355,0.251891713152027,-2.29576937400149,8.55361217110016,0,0
4.78,-0.0818713434113499,-0.0173503309488297,-0.0285766943019337,4.26501321061109,1.42763089699618,-0.0469631804091686,0.0728972154136304,2.48406064906829,-3.74938799759316,-2.23345566444928,8.46590227739052,0,0
4.79,0.024730631690409,-0.0152983441948891,-0.0375197947482684,-0.962644332434036,1.87566814009325,0.0416134981549215,0.0169604219602343,-1.85460051410255,-1.00263254266895,-2.17180668471073,8.39760804552839,0,0
4.8,-0.00830638562450599,-0.0176457166671753,-0.0122561694295645,0.571660596668164,0.610576047115912,-0.000833030261773737,0.0147822796554577,0.176947153101048,-0.817489236690079,-2.11012600812697,8.56582335564163,0,0
4.81,-0.0303212526432476,-0.0159964635968208,-0.00168938982212207,1.75472640746212,0.0814068069416143,-0.026145372548398,0.0154483621828406,1.52058931164601,-0.879488475518171,-2.04881236209309,8.25200483421095,0,0
4.82,-0.0447429661063765,-0.0152272209525108,0.0012158402337961,2.51415631227161,-0.0641959776477967,-0.0413772462985232,0.0170685316363716,2.32335744332346,-0.962867216512644,-1.98920772932451,7.95576998412636,0,0
4.83,0.0656265060528285,-0.0144805312156677,-0.000693765784406149,-2.96710658181996,0.0312288825929054,0.0616792423944387,-0.0224274533844934,-2.78859442867101,1.01411923528366,-1.93011885943252,7.83884003824324,0,0
4.84,0.0369484510621263,-0.0133079960942268,0.000534753946264173,-1.4747290035943,-0.0305700598841135,0.0351380685580572,-0.0114363515022345,-1.39974274430286,0.465274555907633,-1.87098038521225,8.07385245283062,0,0
4.85,0.0118385225868704,-0.0109577998518944,0.00045914887288291,-0.101866831203691,-0.0270681918532377,0.0113866090051239,-0.00327208956047064,-0.092459435719123,0.0506042592692192,-1.81185468243848,8.1989266100398,0,0
4.86,-0.00922806770007983,-0.0130513682961464,0.00121896038231297,0.846643443443712,-0.0651973682153244,-0.00929636915695216,0.000469700317834601,0.844477029249205,-0.0889627125197322,-1.75261090768371,8.23345612504475,0,0
4.87,-0.02761425914705,-0.01601792126894,0.00298859432533371,1.61748042579911,-0.153873089563639,-0.0277727041004775,0.00039485596003256,1.62418301261252,-0.0441519770344088,-1.69281966345078,8.23029888563263,0,0
4.88,-0.0333285508132822,-0.0156482607126236,0.00482944443923389,1.92154657620384,-0.24612499990711,-0.0335652646173251,-0.00273657524547131,1.9331741657589,0.12552451928749,-1.63334879801733,8.10616329596507,0,0
4.89,-0.0317691297068945,-0.0144254267215729,0.00774795063597869,1.90458917040154,-0.392366540576645,-0.0317952237934583,-0.0076401626497709,1.9059089088024,0.385904964366265,-1.57418778370298,8.00321729603558,0,0
4.9,-0.030699171332785,-0.0157210677862167,0.0103303296433885,1.78616767296517,-0.521817303658897,-0.0300792826723892,-0.0120163049634764,1.75449307114351,0.620034126200374,-1.5153311755327,8.13185353198002,0,0
4.91,-0.00486765231000629,-0.00912702828645706,0.022901536896236,0.824200008502716,-1.151468188739,-0.00223357562197916,-0.0233063418657169,0.688007281147128,1.23767145268132,-1.45690972950734,7.73087852520464,0,0
4.92,0.0764013224861504,-0.0176931172609329,0.00302149875665283,-3.66772232170878,-0.155857960598672,0.0757884153076293,0.0101196658802308,-3.64015174347276,-0.475156834671495,-1.39852912070754,8.22431748539133,0,0
4.93,-0.0397996319650156,-0.0128709673881531,0.0536687060549174,2.3832896196994,-2.69233603245334,-0.026395215124474,-0.0613810502736191,1.70048758371594,3.16813583999194,-1.33882272354238,8.10720794006845,0,0
4.94,0.0552843330009148,-0.0139495059847832,0.0671294590607961,-2.42498506196521,-3.36638327015826,0.0722359311689248,-0.0484220197566097,-3.2897052772908,2.52802849290132,-1.27947097839677,8.13691096165534,0,0
4.95,0.0332653432272301,-0.0137108117341995,0.0554215737812463,-1.31224732115033,-2.78005385362523,0.050279952943524,-0.0406209334261606,-2.18742385970783,2.16006234143915,-1.2201205762169,8.10516455786571,0,0
4.96,0.00945321391157561,-0.0149977430701256,0.058499622896719,-0.186143569759253,-2.93419618383152,0.0320170479663911,-0.0498645943714991,-1.34182568323136,2.6160390879333,-1.16021860357791,8.08238969944406,0,0
4.97,0.0777073459123817,-0.0159167647361755,-0.020283539987724,-3.64497545535149,1.01128824246543,0.0600639246808749,0.0533120863886449,-2.79024435139751,-2.55403336684506,-1.10020820491376,8.25418143157481,0,0
4.98,-0.0458303711264274,-0.0152499303221703,-0.0105030296244097,2.56512658623019,0.521519045979585,-0.0448425594451032,-0.0141379422579698,2.47626397687731,0.848512366158643,-1.04009952433252,7.78992498197484,0,0
4.99,0.0542666652986721,-0.0142112448811531,-0.0606232963408769,-2.38792095111187,3.03157824623097,0.0114991261027578,0.0805470366974773,-0.304025095679574,-3.84710304943563,-0.982474469515168,7.84244979048111,0,0
5,-0.0497030458078486,-0.0134414210915565,0.0592569993832309,2.84892791439596,-2.97208140125618,-0.00389923811749954,-0.077243644920371,0.479538496855062,4.08897309200628,-0.923294488507503,7.59254535541072,0,0
5.01,0.0355111744737929,-0.0138652697205544,-0.0784073308778994,-1.43311924054311,3.92220114519341,-0.023771443093315,0.082726486333978,1.45054941521177,-3.91578842316591,-0.86571701940178,7.80809495944174,0,0
5.02,0.0287980626582493,-0.014791339635849,0.00593570725043786,-1.1439159661213,-0.301678266043878,0.0249206667910042,0.0156051722234358,-1.03542825759459,-0.572225337716788,-0.808070646877041,8.00687929913717,0,0
5.03,0.0437067384389924,-0.0122270286083221,0.00294691880505816,-1.76121239173147,-0.151889579998276,0.0319574720034049,0.0299613634297523,-1.31200390114953,-1.1847300522351,-0.750301584034893,7.34612430749231,0,0
5.04,-0.0471431204346217,-0.0100031495094299,0.0623124529538833,2.89239725626803,-3.12490456932977,0.017637637304188,-0.076119835442341,-0.546075409453436,4.22288907060974,-0.695419161504678,7.22448773756096,0,0
5.05,-0.0438016745214448,-0.0102124214172363,-0.0616716460083856,2.71474530100108,3.08427798028218,-0.0756235585478871,0.00174814324942095,4.09534629561084,0.332793371309522,-0.640677755942433,7.56340734204963,0,0
5.06,-0.0390308913601016,-0.0106398090720177,-0.071022073667784,2.45472057637183,3.55254124424109,-0.0807661208474132,0.00666176791079105,4.31727481465564,0.0856771546993731,-0.584801258473086,7.65414993300068,0,0
5.07,0.087504466176526,-0.00856797397136688,0.0029229064774243,-3.76853621367219,-0.150577371712651,0.0467703453764444,0.0740142538737145,-2.03555538125328,-3.17506740534456,-0.530162336683186,7.56942509937763,0,0
5.08,-0.016499794990551,-0.0128310844302177,-0.0102494118118132,1.21840591052803,0.509141024037962,-0.0166638299386456,-0.00998050344392732,1.010264401058,0.850354858352074,-0.475311726173021,7.87327228886813,0,0
5.09,0.0882871459012441,-0.0114663317799568,0.00540669639722038,-3.95283699568029,-0.274779310139143,0.0407335296473326,0.0785151708893839,-1.85364202352556,-3.5020615688933,-0.417409308684974,7.82195440127226,0,0
5.1,0.0539471897173794,-0.0184516161680222,0.0699360048209707,-2.58528146540123,-3.5063738124694,0.0844247239795137,0.025957851022469,-4.19084916601879,-1.18958851532702,-0.358750605760904,8.13485001090435,0,0
5.11,-0.0459152216220018,-0.0144701227545738,-0.0680689657400475,2.6067828338748,3.40487827519982,-0.0785779783703367,-0.0238137142997094,4.02193287816236,1.48747058305993,-0.299173122440117,7.70421088317461,0,0
5.12,-0.0416400826714539,-0.010970301926136,0.0124554078319083,2.56793451998937,-0.627775778014237,0.00206666727959099,-0.0434138521154268,0.00876943849435552,2.64354179527446,-0.243081881566186,7.33305054408866,0,0
5.13,-0.0350291685883972,-0.012276366353035,0.0115186146444255,2.17196244186542,-0.580753209848484,0.00479124398090745,-0.0365617985941138,-0.165962853324765,2.24213101110074,-0.187388819283167,7.53910267526201,0,0
5.14,-0.027852268206693,-0.0117695182561874,-0.00975769540394158,1.83833928119715,0.484783692263353,-0.0133229961608247,-0.0263336142060355,0.721478002869058,1.75897016246809,-0.131405776139241,7.58880715984489,0,0
5.15,-0.0279190043809386,-0.0134504809975624,-0.00855759335597777,1.75749637367835,0.424724555069429,-0.0106307731566754,-0.0271972401497,0.55555291675879,1.72062355204509,-0.0751939066860982,7.73710302348548,0,0
5.16,-0.0289991000756769,-0.013881579041481,-0.00582020000440014,1.78981985501524,0.287642239239354,-0.00636323415379952,-0.0288848019621784,0.321170819292565,1.78410831398666,-0.018762322513408,7.75828226073903,0,0
5.17,-0.0388701988771769,-0.0156092271208763,0.0236210058586808,2.19685808221911,-1.18674193758612,0.0250966274842403,-0.037934200498289,-1.27025024141403,2.1496525728649,0.0384207184220839,7.74132446537597,0,0
5.18,-0.0253688708692412,-0.0145820453763008,-0.0270114705454039,1.57299244518385,1.34905555681497,-0.0244389124273498,-0.0278556764336066,1.19106317830182,1.69576668008084,0.0965929343311124,7.86723907120316,0,0
5.19,0.0656819398501579,-0.0182468071579933,-0.0170308011721421,-3.16294977769094,0.849247044109823,-0.0269841519319789,0.0622576979622333,1.32820573427112,-2.99354996042721,0.155281708607212,7.90687894790153,0,0
5.2,-0.0457781041091225,-0.0166689082980156,-0.00798454908293898,2.48880407478208,0.396273518805422,0.00191793675412968,-0.0464296172554833,-0.141229443516786,2.51619408405677,0.213966412099207,7.74501628268903,0,0
5.21,-0.0380179101288729,-0.0164970234036446,-0.00713479204310695,2.10923591388412,0.353852542006275,0.00334096447404215,-0.0385370562504277,-0.225799565058363,2.12675864129485,0.271990059715015,7.84075026514596,0,0
5.22,-0.0336161414319066,-0.0166788548231125,-0.00530375488578272,1.87990213147464,0.262251378854871,0.00587398200667113,-0.0335212039766432,-0.360983908441526,1.86346409342398,0.329954728050664,7.91182117812341,0,0
5.23,-0.0439650311987666,-0.0176731422543526,-0.00223998345835106,2.34746264378335,0.108865234641105,0.0146215335849523,-0.0415229123475981,-0.790632160662671,2.21299193170641,0.389477807646849,7.84632352010163,0,0
5.24,-0.0422020781315466,-0.0155560225248337,4.38416372603237e-06,2.36503308827903,-0.00352119068694845,0.0182590545312073,-0.0380476325869095,-1.0262030033926,2.13079827840801,0.447334719714921,7.67018990312993,0,0
5.25,-0.041684188625873,-0.0147510021924973,0.00112479145458565,2.37925460244999,-0.0597742048194325,0.0211292169594698,-0.0359498668689235,-1.20214020114467,2.05408966591848,0.504379789722108,7.5943291093739,0,0
5.26,-0.0416465452984189,-0.0148119553923607,0.00022750030483,2.37418610435896,-0.0150769109602312,0.0223552494073032,-0.0351387153382025,-1.27621234211251,2.00206619001844,0.561150121188832,7.59255445890459,0,0
5.27,-0.0416465100451488,-0.0149120092391968,-0.000766686993679232,2.36904191969709,0.0344728482761033,0.0235025269025266,-0.0343896908547165,-1.3443797777706,1.95094618266928,0.617917377588007,7.59351126217096,0,0
5.28,-0.0416186383344678,-0.015001192688942,-0.0017678554840999,2.36304856284402,0.0843727498566523,0.024616699878588,-0.0336043815136572,-1.41019934901345,1.89801345288162,0.674687550291197,7.59350929849354,0,0
5.29,-0.0410094171296482,-0.0154601335525513,-0.000668988007997692,2.30949489244554,0.0293040244371462,0.026897273622831,-0.0309637935325581,-1.52098158403366,1.73817156952664,0.731544360906196,7.63743884000296,0,0
5.3,-0.0223332577889791,-0.0126131474971771,0.00326385510215596,1.51791460579567,-0.167684202781863,0.0181237754633061,-0.0134519855988821,-1.1935895769033,0.952641939166128,0.787171498230034,7.63085694322887,0,0
5.31,-0.0043809929079994,-0.0116326510906219,0.00787385391054756,0.669191364432965,-0.398617856158378,0.00850931016767833,0.00296349704484959,-0.764798249536281,0.147637783057712,0.842870225106522,7.78287963416938,0,0
5.32,0.0159774713063738,-0.0126298293471336,0.0133316308930045,-0.398726875098271,-0.67202345630206,-0.00421229530834353,0.0203781387729257,-0.106019027926305,-0.774182544664603,0.899204314355205,7.83109490652091,0,0
5.33,0.0398842048203466,-0.0145555287599564,0.0209386333523881,-1.69048423870332,-1.05307810542057,-0.0204971313795288,0.0401128877797078,0.773228652228633,-1.83543670792354,0.955833593494835,7.81663984571894,0,0
5.34,-0.0614691540452,-0.016733430325985,0.00618936501228578,3.26814686639195,-0.314615335237028,0.0554234756451169,-0.0272947519809756,-2.93906066346211,1.46345111498933,1.01283336637183,7.81010456339724,0,0
5.35,0.0522285385062915,-0.0134208872914314,-0.0384448364500721,-2.25124834604655,1.92067721778601,-0.0642749358297986,-0.00863471529647902,2.89708126841906,0.603357451826815,1.06979886381458,7.71526300737009,0,0
5.36,0.0408705546305927,-0.016603447496891,-0.0693663237007334,-1.84262969680756,3.46923715084175,-0.0667066109291126,-0.0450812284428807,3.15431127457185,2.34119862280983,1.12674790808946,7.7445114025275,0,0
5.37,0.0622258349666777,-0.0149592980742455,0.0470660143808548,-2.82834781655146,-2.36163373334721,-0.0399149320196179,0.0670377688237633,1.73050260076226,-3.2530333552901,1.18460549228556,7.70465883453766,0,0
5.38,0.0731694811106882,-0.0144240036606789,0.0385065658483662,-3.34888517676757,-1.93294758252407,-0.0567187948620582,0.0601623377939862,2.54062506674974,-2.91488294004444,1.24038322528833,7.54358414321988,0,0
5.39,-0.0247685282983875,-0.0118033587932587,0.00988203081202457,1.6789446623423,-0.499437293919174,0.0265242248492814,0.00275681395501915,-1.75150454968452,-0.0229041961097147,1.29473748112879,7.42255461268484,0,0
5.4,0.0832148876180897,-0.0120222121477127,-0.023664172341069,-3.73130214133696,1.18071519045148,-0.08637967537569,-0.00482309608752916,3.89946543586416,0.332976493778999,1.34951408330603,7.57209586763091,0,0
5.41,-0.0257467206994711,-0.0148581489920616,-0.0151654895283981,1.57483764172811,0.755130194664366,0.0228925065585125,-0.0192046568019579,-1.4287073985734,1.00455481580609,1.40508972526642,7.66698847070538,0,0
5.42,-0.00595193949927708,-0.0108719542622566,0.0217021461046449,0.784285555795967,-1.09116623867148,0.0083005949253897,0.0209167122950764,-0.899436971505418,-0.998379050128663,1.46069097584703,7.56125055740895,0,0
5.43,-0.0147908722121997,-0.0158443227410316,-0.0638196441866494,0.977459717170915,3.19176358715125,0.0113129323241754,-0.0645270055646222,-0.803171257808136,3.2400151582342,1.51661354940487,7.73560594496368,0,0
5.44,-0.0200197182227362,-0.0177576467394829,0.00746394515761751,1.14305353552716,-0.378078069106416,0.0199962182831271,0.00752667585373584,-1.14186253758502,-0.381660001415242,1.57393160989503,7.98487450114558,0,0
5.45,0.00776956183582513,-0.0113486424088478,-0.0448100772490335,0.073955739289693,2.23986028731534,-0.00513151266542255,-0.0451882362119797,-0.205026531818122,2.23168270130789,1.6294039587861,7.38676692596129,0,0
5.46,0.0245172566067847,-0.011350005865097,-0.071212977902534,-0.763615880249507,3.56218720562639,-0.016287821318941,-0.0735329243941241,0.354948482363974,3.62578246387798,1.68438276099962,7.28063352526192,0,0
5.47,0.0351592231827082,-0.0132166519761086,-0.0761473762851299,-1.38918835252862,3.80938577963456,-0.0219824263598885,-0.080940514090613,0.735165715916378,3.98758017687725,1.73816787944854,7.63854915188283,0,0
5.48,0.0378427412449506,-0.0147067457437515,0.0608987177924572,-1.59802941008347,-3.0537971526304,-0.050400464103663,0.0509952949970192,2.23519637591832,-2.62359909399033,1.79431847460611,7.76127887881142,0,0
5.49,-0.0400421927636283,-0.0125600323081017,0.00265048918686198,2.40346542552596,-0.13670885572918,0.0377689937187611,0.0135611728003675,-2.27317632763536,-0.792467504956322,1.84941971442318,7.20327964043687,0,0
5.5,-0.0270221346152254,-0.0120621025562286,0.0051587925460314,1.77722748372728,-0.262306001735319,0.0238502471738682,0.0137103832711468,-1.5937852880879,-0.828969494575367,1.90388005478234,7.3259243693953,0,0
