{"_wandb":{"runtime":204395},"_step":19998,"epoch":19999,"loss":0.06100582843646407,"val_loss":0.018611785024404526,"best_epoch":8984,"_timestamp":1.7425794745442698e+09,"_runtime":204395.2843049}