t,iq,id,vq,vd,ia,ib,va,vb,theta_e,omega,omega_obs,r,T_ass,S_pct,T_ass_target,S_pct_target,iq_ref
0,-0.00464105132025594,-0.00464105132025594,-0.027848879358281,-0.0557772798034009,-0.00464105132025594,-0.00464105132025594,-0.0557772798034009,-0.027848879358281,0,0,0,0,5.86,9.43623179736348,0.5,0,0
0.01,-0.00464105132025594,-0.00464105132025594,-0.027848879358281,-0.0557772798034009,-0.0063415550074175,-0.00169215684923025,-0.0622250307773217,0.00383543589964971,-0.524637440120955,-0.144963141214248,2850.89854258636,-0.144963141214248,5.86,9.43623179736348,0.5,0,-0.00464105132025594
0.02,-0.00464105132025594,-0.00464105132025594,-0.027848879358281,-0.0557772798034009,-0.0063415550074175,-0.00169215684923025,-0.0622250307773217,0.00383543589964971,-0.524637440120955,-0.144963141214248,2850.89854258636,-0.144963141214248,5.86,9.43623179736348,0.5,0,-0.00464105132025594
0.03,-0.00464105132025594,-0.00464105132025594,-0.027848879358281,-0.0557772798034009,-0.0063415550074175,-0.00169215684923025,-0.0622250307773217,0.00383543589964971,-0.524637440120955,-0.144963141214248,2850.89854258636,-0.144963141214248,5.86,9.43623179736348,0.5,0,-0.00464105132025594
0.04,-0.00464105132025594,-0.00464105132025594,-0.027848879358281,-0.0557772798034009,-0.0063415550074175,-0.00169215684923025,-0.0622250307773217,0.00383543589964971,-0.524637440120955,-0.144963141214248,2850.89854258636,-0.144963141214248,5.86,9.43623179736348,0.5,0,-0.00464105132025594
0.05,-0.00464105132025594,-0.00464105132025594,-0.027848879358281,-0.0557772798034009,-0.0063415550074175,-0.00169215684923025,-0.0622250307773217,0.00383543589964971,-0.524637440120955,-0.144963141214248,2850.89854258636,-0.144963141214248,5.86,9.43623179736348,0.5,0,-0.00464105132025594
0.06,-0.00464105132025594,-0.00464105132025594,-0.027848879358281,-0.0557772798034009,-0.0063415550074175,-0.00169215684923025,-0.0622250307773217,0.00383543589964971,-0.524637440120955,-0.144963141214248,2850.89854258636,-0.144963141214248,5.86,9.43623179736348,0.5,0,-0.00464105132025594
0.07,-0.00464105132025594,-0.00464105132025594,-0.027848879358281,-0.0557772798034009,-0.0063415550074175,-0.00169215684923025,-0.0622250307773217,0.00383543589964971,-0.524637440120955,-0.144963141214248,2850.89854258636,-0.144963141214248,5.86,9.43623179736348,0.5,0,-0.00464105132025594
0.08,-0.00464105132025594,-0.00464105132025594,-0.027848879358281,-0.0557772798034009,-0.0063415550074175,-0.00169215684923025,-0.0622250307773217,0.00383543589964971,-0.524637440120955,-0.144963141214248,2850.89854258636,-0.144963141214248,5.86,9.43623179736348,0.5,0,-0.00464105132025594
0.09,-0.00464105132025594,-0.00464105132025594,-0.027848879358281,-0.0557772798034009,-0.0063415550074175,-0.00169215684923025,-0.0622250307773217,0.00383543589964971,-0.524637440120955,-0.144963141214248,2850.89854258636,-0.144963141214248,5.86,9.43623179736348,0.5,0,-0.00464105132025594
0.1,-0.00464105132025594,-0.00464105132025594,-0.027848879358281,-0.0557772798034009,-0.0063415550074175,-0.00169215684923025,-0.0622250307773217,0.00383543589964971,-0.524637440120955,-0.144963141214248,2850.89854258636,-0.144963141214248,5.86,9.43623179736348,0.5,0,-0.00464105132025594
0.11,-0.00464105132025594,-0.00464105132025594,-0.027848879358281,-0.0557772798034009,-0.0063415550074175,-0.00169215684923025,-0.0622250307773217,0.00383543589964971,-0.524637440120955,-0.144963141214248,2850.89854258636,-0.144963141214248,5.86,9.43623179736348,0.5,0,-0.00464105132025594
0.12,-0.00464105132025594,-0.00464105132025594,-0.027848879358281,-0.0557772798034009,-0.0063415550074175,-0.00169215684923025,-0.0622250307773217,0.00383543589964971,-0.524637440120955,-0.144963141214248,2850.89854258636,-0.144963141214248,5.86,9.43623179736348,0.5,0,-0.00464105132025594
0.13,-0.00464105132025594,-0.00464105132025594,-0.027848879358281,-0.0557772798034009,-0.0063415550074175,-0.00169215684923025,-0.0622250307773217,0.00383543589964971,-0.524637440120955,-0.144963141214248,2850.89854258636,-0.144963141214248,5.86,9.43623179736348,0.5,0,-0.00464105132025594
0.14,-0.00464105132025594,-0.00464105132025594,-0.027848879358281,-0.0557772798034009,-0.0063415550074175,-0.00169215684923025,-0.0622250307773217,0.00383543589964971,-0.524637440120955,-0.144963141214248,2850.89854258636,-0.144963141214248,5.86,9.43623179736348,0.5,0,-0.00464105132025594
0.15,-0.00464105132025594,-0.00464105132025594,-0.027848879358281,-0.0557772798034009,-0.0063415550074175,-0.00169215684923025,-0.0622250307773217,0.00383543589964971,-0.524637440120955,-0.144963141214248,2850.89854258636,-0.144963141214248,5.86,9.43623179736348,0.5,0,-0.00464105132025594
0.16,-0.00464105132025594,-0.00464105132025594,-0.027848879358281,-0.0557772798034009,-0.0063415550074175,-0.00169215684923025,-0.0622250307773217,0.00383543589964971,-0.524637440120955,-0.144963141214248,2850.89854258636,-0.144963141214248,5.86,9.43623179736348,0.5,0,-0.00464105132025594
0.17,-0.00464105132025594,-0.00464105132025594,-0.027848879358281,-0.0557772798034009,-0.0063415550074175,-0.00169215684923025,-0.0622250307773217,0.00383543589964971,-0.524637440120955,-0.144963141214248,2850.89854258636,-0.144963141214248,5.86,9.43623179736348,0.5,0,-0.00464105132025594
0.18,-0.00464105132025594,-0.00464105132025594,-0.027848879358281,-0.0557772798034009,-0.0063415550074175,-0.00169215684923025,-0.0622250307773217,0.00383543589964971,-0.524637440120955,-0.144963141214248,2850.89854258636,-0.144963141214248,5.86,9.43623179736348,0.5,0,-0.00464105132025594
0.19,-0.00464105132025594,-0.00464105132025594,-0.027848879358281,-0.0557772798034009,-0.0063415550074175,-0.00169215684923025,-0.0622250307773217,0.00383543589964971,-0.524637440120955,-0.144963141214248,2850.89854258636,-0.144963141214248,5.86,9.43623179736348,0.5,0,-0.00464105132025594
0.2,-0.00464105132025594,-0.00464105132025594,-0.027848879358281,-0.0557772798034009,-0.0063415550074175,-0.00169215684923025,-0.0622250307773217,0.00383543589964971,-0.524637440120955,-0.144963141214248,2850.89854258636,-0.144963141214248,5.86,9.43623179736348,0.5,0,-0.00464105132025594
0.21,-0.00464105132025594,-0.00464105132025594,-0.027848879358281,-0.0557772798034009,-0.0063415550074175,-0.00169215684923025,-0.0622250307773217,0.00383543589964971,-0.524637440120955,-0.144963141214248,2850.89854258636,-0.144963141214248,5.86,9.43623179736348,0.5,0,-0.00464105132025594
0.22,-0.00464105132025594,-0.00464105132025594,-0.027848879358281,-0.0557772798034009,-0.0063415550074175,-0.00169215684923025,-0.0622250307773217,0.00383543589964971,-0.524637440120955,-0.144963141214248,2850.89854258636,-0.144963141214248,5.86,9.43623179736348,0.5,0,-0.00464105132025594
0.23,-0.00464105132025594,-0.00464105132025594,-0.027848879358281,-0.0557772798034009,-0.0063415550074175,-0.00169215684923025,-0.0622250307773217,0.00383543589964971,-0.524637440120955,-0.144963141214248,2850.89854258636,-0.144963141214248,5.86,9.43623179736348,0.5,0,-0.00464105132025594
0.24,-0.00464105132025594,-0.00464105132025594,-0.027848879358281,-0.0557772798034009,-0.0063415550074175,-0.00169215684923025,-0.0622250307773217,0.00383543589964971,-0.524637440120955,-0.144963141214248,2850.89854258636,-0.144963141214248,5.86,9.43623179736348,0.5,0,-0.00464105132025594
0.25,-0.00464105132025594,-0.00464105132025594,-0.027848879358281,-0.0557772798034009,-0.0063415550074175,-0.00169215684923025,-0.0622250307773217,0.00383543589964971,-0.524637440120955,-0.144963141214248,2850.89854258636,-0.144963141214248,5.86,9.43623179736348,0.5,0,-0.00464105132025594
0.26,-0.00464105132025594,-0.00464105132025594,-0.027848879358281,-0.0557772798034009,-0.0063415550074175,-0.00169215684923025,-0.0622250307773217,0.00383543589964971,-0.524637440120955,-0.144963141214248,2850.89854258636,-0.144963141214248,5.86,9.43623179736348,0.5,0,-0.00464105132025594
0.27,-0.00464105132025594,-0.00464105132025594,-0.027848879358281,-0.0557772798034009,-0.0063415550074175,-0.00169215684923025,-0.0622250307773217,0.00383543589964971,-0.524637440120955,-0.144963141214248,2850.89854258636,-0.144963141214248,5.86,9.43623179736348,0.5,0,-0.00464105132025594
0.28,-0.00464105132025594,-0.00464105132025594,-0.027848879358281,-0.0557772798034009,-0.0063415550074175,-0.00169215684923025,-0.0622250307773217,0.00383543589964971,-0.524637440120955,-0.144963141214248,2850.89854258636,-0.144963141214248,5.86,9.43623179736348,0.5,0,-0.00464105132025594
0.29,-0.00464105132025594,-0.00464105132025594,-0.027848879358281,-0.0557772798034009,-0.0063415550074175,-0.00169215684923025,-0.0622250307773217,0.00383543589964971,-0.524637440120955,-0.144963141214248,2850.89854258636,-0.144963141214248,5.86,9.43623179736348,0.5,0,-0.00464105132025594
0.3,-0.00464105132025594,-0.00464105132025594,-0.027848879358281,-0.0557772798034009,-0.0063415550074175,-0.00169215684923025,-0.0622250307773217,0.00383543589964971,-0.524637440120955,-0.144963141214248,2850.89854258636,-0.144963141214248,5.86,9.43623179736348,0.5,0,-0.00464105132025594
0.31,-0.00464105132025594,-0.00464105132025594,-0.027848879358281,-0.0557772798034009,-0.0063415550074175,-0.00169215684923025,-0.0622250307773217,0.00383543589964971,-0.524637440120955,-0.144963141214248,2850.89854258636,-0.144963141214248,5.86,9.43623179736348,0.5,0,-0.00464105132025594
0.32,-0.00464105132025594,-0.00464105132025594,-0.027848879358281,-0.0557772798034009,-0.0063415550074175,-0.00169215684923025,-0.0622250307773217,0.00383543589964971,-0.524637440120955,-0.144963141214248,2850.89854258636,-0.144963141214248,5.86,9.43623179736348,0.5,0,-0.00464105132025594
0.33,-0.00464105132025594,-0.00464105132025594,-0.027848879358281,-0.0557772798034009,-0.0063415550074175,-0.00169215684923025,-0.0622250307773217,0.00383543589964971,-0.524637440120955,-0.144963141214248,2850.89854258636,-0.144963141214248,5.86,9.43623179736348,0.5,0,-0.00464105132025594
0.34,-0.00464105132025594,-0.00464105132025594,-0.027848879358281,-0.0557772798034009,-0.0063415550074175,-0.00169215684923025,-0.0622250307773217,0.00383543589964971,-0.524637440120955,-0.144963141214248,2850.89854258636,-0.144963141214248,5.86,9.43623179736348,0.5,0,-0.00464105132025594
0.35,-0.00464105132025594,-0.00464105132025594,-0.027848879358281,-0.0557772798034009,-0.0063415550074175,-0.00169215684923025,-0.0622250307773217,0.00383543589964971,-0.524637440120955,-0.144963141214248,2850.89854258636,-0.144963141214248,5.86,9.43623179736348,0.5,0,-0.00464105132025594
0.36,-0.00464105132025594,-0.00464105132025594,-0.027848879358281,-0.0557772798034009,-0.0063415550074175,-0.00169215684923025,-0.0622250307773217,0.00383543589964971,-0.524637440120955,-0.144963141214248,2850.89854258636,-0.144963141214248,5.86,9.43623179736348,0.5,0,-0.00464105132025594
0.37,-0.00464105132025594,-0.00464105132025594,-0.027848879358281,-0.0557772798034009,-0.0063415550074175,-0.00169215684923025,-0.0622250307773217,0.00383543589964971,-0.524637440120955,-0.144963141214248,2850.89854258636,-0.144963141214248,5.86,9.43623179736348,0.5,0,-0.00464105132025594
0.38,-0.00464105132025594,-0.00464105132025594,-0.027848879358281,-0.0557772798034009,-0.0063415550074175,-0.00169215684923025,-0.0622250307773217,0.00383543589964971,-0.524637440120955,-0.144963141214248,2850.89854258636,-0.144963141214248,5.86,9.43623179736348,0.5,0,-0.00464105132025594
0.39,-0.00464105132025594,-0.00464105132025594,-0.027848879358281,-0.0557772798034009,-0.0063415550074175,-0.00169215684923025,-0.0622250307773217,0.00383543589964971,-0.524637440120955,-0.144963141214248,2850.89854258636,-0.144963141214248,5.86,9.43623179736348,0.5,0,-0.00464105132025594
0.4,-0.00464105132025594,-0.00464105132025594,-0.027848879358281,-0.0557772798034009,-0.0063415550074175,-0.00169215684923025,-0.0622250307773217,0.00383543589964971,-0.524637440120955,-0.144963141214248,2850.89854258636,-0.144963141214248,5.86,9.43623179736348,0.5,0,-0.00464105132025594
0.41,-0.00464105132025594,-0.00464105132025594,-0.027848879358281,-0.0557772798034009,-0.0063415550074175,-0.00169215684923025,-0.0622250307773217,0.00383543589964971,-0.524637440120955,-0.144963141214248,2850.89854258636,-0.144963141214248,5.86,9.43623179736348,0.5,0,-0.00464105132025594
0.42,-0.00464105132025594,-0.00464105132025594,-0.027848879358281,-0.0557772798034009,-0.0063415550074175,-0.00169215684923025,-0.0622250307773217,0.00383543589964971,-0.524637440120955,-0.144963141214248,2850.89854258636,-0.144963141214248,5.86,9.43623179736348,0.5,0,-0.00464105132025594
0.43,-0.00464105132025594,-0.00464105132025594,-0.027848879358281,-0.0557772798034009,-0.0063415550074175,-0.00169215684923025,-0.0622250307773217,0.00383543589964971,-0.524637440120955,-0.144963141214248,2850.89854258636,-0.144963141214248,5.86,9.43623179736348,0.5,0,-0.00464105132025594
0.44,-0.00464105132025594,-0.00464105132025594,-0.027848879358281,-0.0557772798034009,-0.0063415550074175,-0.00169215684923025,-0.0622250307773217,0.00383543589964971,-0.524637440120955,-0.144963141214248,2850.89854258636,-0.144963141214248,5.86,9.43623179736348,0.5,0,-0.00464105132025594
0.45,-0.00464105132025594,-0.00464105132025594,-0.027848879358281,-0.0557772798034009,-0.0063415550074175,-0.00169215684923025,-0.0622250307773217,0.00383543589964971,-0.524637440120955,-0.144963141214248,2850.89854258636,-0.144963141214248,5.86,9.43623179736348,0.5,0,-0.00464105132025594
0.46,-0.00464105132025594,-0.00464105132025594,-0.027848879358281,-0.0557772798034009,-0.0063415550074175,-0.00169215684923025,-0.0622250307773217,0.00383543589964971,-0.524637440120955,-0.144963141214248,2850.89854258636,-0.144963141214248,5.86,9.43623179736348,0.5,0,-0.00464105132025594
0.47,-0.00464105132025594,-0.00464105132025594,-0.027848879358281,-0.0557772798034009,-0.0063415550074175,-0.00169215684923025,-0.0622250307773217,0.00383543589964971,-0.524637440120955,-0.144963141214248,2850.89854258636,-0.144963141214248,5.86,9.43623179736348,0.5,0,-0.00464105132025594
0.48,-0.00464105132025594,-0.00464105132025594,-0.027848879358281,-0.0557772798034009,-0.0063415550074175,-0.00169215684923025,-0.0622250307773217,0.00383543589964971,-0.524637440120955,-0.144963141214248,2850.89854258636,-0.144963141214248,5.86,9.43623179736348,0.5,0,-0.00464105132025594
0.49,-0.00464105132025594,-0.00464105132025594,-0.027848879358281,-0.0557772798034009,-0.0063415550074175,-0.00169215684923025,-0.0622250307773217,0.00383543589964971,-0.524637440120955,-0.144963141214248,2850.89854258636,-0.144963141214248,5.86,9.43623179736348,0.5,0,-0.00464105132025594
0.5,-0.00464105132025594,-0.00464105132025594,-0.027848879358281,-0.0557772798034009,-0.0063415550074175,-0.00169215684923025,-0.0622250307773217,0.00383543589964971,-0.524637440120955,-0.144963141214248,2850.89854258636,-0.144963141214248,5.86,9.43623179736348,0.5,0,-0.00464105132025594
0.51,-0.00464105132025594,-0.00464105132025594,-0.027848879358281,-0.0557772798034009,-0.0063415550074175,-0.00169215684923025,-0.0622250307773217,0.00383543589964971,-0.524637440120955,-0.144963141214248,2850.89854258636,-0.144963141214248,5.86,9.43623179736348,0.5,0,-0.00464105132025594
0.52,-0.00464105132025594,-0.00464105132025594,-0.027848879358281,-0.0557772798034009,-0.0063415550074175,-0.00169215684923025,-0.0622250307773217,0.00383543589964971,-0.524637440120955,-0.144963141214248,2850.89854258636,-0.144963141214248,5.86,9.43623179736348,0.5,0,-0.00464105132025594
0.53,-0.00464105132025594,-0.00464105132025594,-0.027848879358281,-0.0557772798034009,-0.0063415550074175,-0.00169215684923025,-0.0622250307773217,0.00383543589964971,-0.524637440120955,-0.144963141214248,2850.89854258636,-0.144963141214248,5.86,9.43623179736348,0.5,0,-0.00464105132025594
0.54,-0.00464105132025594,-0.00464105132025594,-0.027848879358281,-0.0557772798034009,-0.0063415550074175,-0.00169215684923025,-0.0622250307773217,0.00383543589964971,-0.524637440120955,-0.144963141214248,2850.89854258636,-0.144963141214248,5.86,9.43623179736348,0.5,0,-0.00464105132025594
0.55,-0.00464105132025594,-0.00464105132025594,-0.027848879358281,-0.0557772798034009,-0.0063415550074175,-0.00169215684923025,-0.0622250307773217,0.00383543589964971,-0.524637440120955,-0.144963141214248,2850.89854258636,-0.144963141214248,5.86,9.43623179736348,0.5,0,-0.00464105132025594
0.56,-0.00464105132025594,-0.00464105132025594,-0.027848879358281,-0.0557772798034009,-0.0063415550074175,-0.00169215684923025,-0.0622250307773217,0.00383543589964971,-0.524637440120955,-0.144963141214248,2850.89854258636,-0.144963141214248,5.86,9.43623179736348,0.5,0,-0.00464105132025594
0.57,-0.00464105132025594,-0.00464105132025594,-0.027848879358281,-0.0557772798034009,-0.0063415550074175,-0.00169215684923025,-0.0622250307773217,0.00383543589964971,-0.524637440120955,-0.144963141214248,2850.89854258636,-0.144963141214248,5.86,9.43623179736348,0.5,0,-0.00464105132025594
0.58,-0.00464105132025594,-0.00464105132025594,-0.027848879358281,-0.0557772798034009,-0.0063415550074175,-0.00169215684923025,-0.0622250307773217,0.00383543589964971,-0.524637440120955,-0.144963141214248,2850.89854258636,-0.144963141214248,5.86,9.43623179736348,0.5,0,-0.00464105132025594
0.59,-0.00464105132025594,-0.00464105132025594,-0.027848879358281,-0.0557772798034009,-0.0063415550074175,-0.00169215684923025,-0.0622250307773217,0.00383543589964971,-0.524637440120955,-0.144963141214248,2850.89854258636,-0.144963141214248,5.86,9.43623179736348,0.5,0,-0.00464105132025594
0.6,-0.00464105132025594,-0.00464105132025594,-0.027848879358281,-0.0557772798034009,-0.0063415550074175,-0.00169215684923025,-0.0622250307773217,0.00383543589964971,-0.524637440120955,-0.144963141214248,2850.89854258636,-0.144963141214248,5.86,9.43623179736348,0.5,0,-0.00464105132025594
0.61,-0.00464105132025594,-0.00464105132025594,-0.027848879358281,-0.0557772798034009,-0.0063415550074175,-0.00169215684923025,-0.0622250307773217,0.00383543589964971,-0.524637440120955,-0.144963141214248,2850.89854258636,-0.144963141214248,5.86,9.43623179736348,0.5,0,-0.00464105132025594
0.62,-0.00464105132025594,-0.00464105132025594,-0.027848879358281,-0.0557772798034009,-0.0063415550074175,-0.00169215684923025,-0.0622250307773217,0.00383543589964971,-0.524637440120955,-0.144963141214248,2850.89854258636,-0.144963141214248,5.86,9.43623179736348,0.5,0,-0.00464105132025594
0.63,-0.00464105132025594,-0.00464105132025594,-0.027848879358281,-0.0557772798034009,-0.0063415550074175,-0.00169215684923025,-0.0622250307773217,0.00383543589964971,-0.524637440120955,-0.144963141214248,2850.89854258636,-0.144963141214248,5.86,9.43623179736348,0.5,0,-0.00464105132025594
0.64,-0.00464105132025594,-0.00464105132025594,-0.027848879358281,-0.0557772798034009,-0.0063415550074175,-0.00169215684923025,-0.0622250307773217,0.00383543589964971,-0.524637440120955,-0.144963141214248,2850.89854258636,-0.144963141214248,5.86,9.43623179736348,0.5,0,-0.00464105132025594
0.65,-0.00464105132025594,-0.00464105132025594,-0.027848879358281,-0.0557772798034009,-0.0063415550074175,-0.00169215684923025,-0.0622250307773217,0.00383543589964971,-0.524637440120955,-0.144963141214248,2850.89854258636,-0.144963141214248,5.86,9.43623179736348,0.5,0,-0.00464105132025594
0.66,-0.00464105132025594,-0.00464105132025594,-0.027848879358281,-0.0557772798034009,-0.0063415550074175,-0.00169215684923025,-0.0622250307773217,0.00383543589964971,-0.524637440120955,-0.144963141214248,2850.89854258636,-0.144963141214248,5.86,9.43623179736348,0.5,0,-0.00464105132025594
0.67,-0.00464105132025594,-0.00464105132025594,-0.027848879358281,-0.0557772798034009,-0.0063415550074175,-0.00169215684923025,-0.0622250307773217,0.00383543589964971,-0.524637440120955,-0.144963141214248,2850.89854258636,-0.144963141214248,5.86,9.43623179736348,0.5,0,-0.00464105132025594
0.68,-0.00464105132025594,-0.00464105132025594,-0.027848879358281,-0.0557772798034009,-0.0063415550074175,-0.00169215684923025,-0.0622250307773217,0.00383543589964971,-0.524637440120955,-0.144963141214248,2850.89854258636,-0.144963141214248,5.86,9.43623179736348,0.5,0,-0.00464105132025594
0.69,-0.00464105132025594,-0.00464105132025594,-0.027848879358281,-0.0557772798034009,-0.0063415550074175,-0.00169215684923025,-0.0622250307773217,0.00383543589964971,-0.524637440120955,-0.144963141214248,2850.89854258636,-0.144963141214248,5.86,9.43623179736348,0.5,0,-0.00464105132025594
0.7,-0.00464105132025594,-0.00464105132025594,-0.027848879358281,-0.0557772798034009,-0.0063415550074175,-0.00169215684923025,-0.0622250307773217,0.00383543589964971,-0.524637440120955,-0.144963141214248,2850.89854258636,-0.144963141214248,5.86,9.43623179736348,0.5,0,-0.00464105132025594
0.71,-0.00464105132025594,-0.00464105132025594,-0.027848879358281,-0.0557772798034009,-0.0063415550074175,-0.00169215684923025,-0.0622250307773217,0.00383543589964971,-0.524637440120955,-0.144963141214248,2850.89854258636,-0.144963141214248,5.86,9.43623179736348,0.5,0,-0.00464105132025594
0.72,-0.00464105132025594,-0.00464105132025594,-0.027848879358281,-0.0557772798034009,-0.0063415550074175,-0.00169215684923025,-0.0622250307773217,0.00383543589964971,-0.524637440120955,-0.144963141214248,2850.89854258636,-0.144963141214248,5.86,9.43623179736348,0.5,0,-0.00464105132025594
0.73,-0.00464105132025594,-0.00464105132025594,-0.027848879358281,-0.0557772798034009,-0.0063415550074175,-0.00169215684923025,-0.0622250307773217,0.00383543589964971,-0.524637440120955,-0.144963141214248,2850.89854258636,-0.144963141214248,5.86,9.43623179736348,0.5,0,-0.00464105132025594
0.74,-0.00464105132025594,-0.00464105132025594,-0.027848879358281,-0.0557772798034009,-0.0063415550074175,-0.00169215684923025,-0.0622250307773217,0.00383543589964971,-0.524637440120955,-0.144963141214248,2850.89854258636,-0.144963141214248,5.86,9.43623179736348,0.5,0,-0.00464105132025594
0.75,-0.00464105132025594,-0.00464105132025594,-0.027848879358281,-0.0557772798034009,-0.0063415550074175,-0.00169215684923025,-0.0622250307773217,0.00383543589964971,-0.524637440120955,-0.144963141214248,2850.89854258636,-0.144963141214248,5.86,9.43623179736348,0.5,0,-0.00464105132025594
0.76,-0.00464105132025594,-0.00464105132025594,-0.027848879358281,-0.0557772798034009,-0.0063415550074175,-0.00169215684923025,-0.0622250307773217,0.00383543589964971,-0.524637440120955,-0.144963141214248,2850.89854258636,-0.144963141214248,5.86,9.43623179736348,0.5,0,-0.00464105132025594
0.77,-0.00464105132025594,-0.00464105132025594,-0.027848879358281,-0.0557772798034009,-0.0063415550074175,-0.00169215684923025,-0.0622250307773217,0.00383543589964971,-0.524637440120955,-0.144963141214248,2850.89854258636,-0.144963141214248,5.86,9.43623179736348,0.5,0,-0.00464105132025594
0.78,-0.00464105132025594,-0.00464105132025594,-0.027848879358281,-0.0557772798034009,-0.0063415550074175,-0.00169215684923025,-0.0622250307773217,0.00383543589964971,-0.524637440120955,-0.144963141214248,2850.89854258636,-0.144963141214248,5.86,9.43623179736348,0.5,0,-0.00464105132025594
0.79,-0.00464105132025594,-0.00464105132025594,-0.027848879358281,-0.0557772798034009,-0.0063415550074175,-0.00169215684923025,-0.0622250307773217,0.00383543589964971,-0.524637440120955,-0.144963141214248,2850.89854258636,-0.144963141214248,5.86,9.43623179736348,0.5,0,-0.00464105132025594
0.8,-0.00464105132025594,-0.00464105132025594,-0.027848879358281,-0.0557772798034009,-0.0063415550074175,-0.00169215684923025,-0.0622250307773217,0.00383543589964971,-0.524637440120955,-0.144963141214248,2850.89854258636,-0.144963141214248,5.86,9.43623179736348,0.5,0,-0.00464105132025594
0.81,-0.00464105132025594,-0.00464105132025594,-0.027848879358281,-0.0557772798034009,-0.0063415550074175,-0.00169215684923025,-0.0622250307773217,0.00383543589964971,-0.524637440120955,-0.144963141214248,2850.89854258636,-0.144963141214248,5.86,9.43623179736348,0.5,0,-0.00464105132025594
0.82,-0.00464105132025594,-0.00464105132025594,-0.027848879358281,-0.0557772798034009,-0.0063415550074175,-0.00169215684923025,-0.0622250307773217,0.00383543589964971,-0.524637440120955,-0.144963141214248,2850.89854258636,-0.144963141214248,5.86,9.43623179736348,0.5,0,-0.00464105132025594
0.83,-0.00464105132025594,-0.00464105132025594,-0.027848879358281,-0.0557772798034009,-0.0063415550074175,-0.00169215684923025,-0.0622250307773217,0.00383543589964971,-0.524637440120955,-0.144963141214248,2850.89854258636,-0.144963141214248,5.86,9.43623179736348,0.5,0,-0.00464105132025594
0.84,-0.00464105132025594,-0.00464105132025594,-0.027848879358281,-0.0557772798034009,-0.0063415550074175,-0.00169215684923025,-0.0622250307773217,0.00383543589964971,-0.524637440120955,-0.144963141214248,2850.89854258636,-0.144963141214248,5.86,9.43623179736348,0.5,0,-0.00464105132025594
0.85,-0.00464105132025594,-0.00464105132025594,-0.027848879358281,-0.0557772798034009,-0.0063415550074175,-0.00169215684923025,-0.0622250307773217,0.00383543589964971,-0.524637440120955,-0.144963141214248,2850.89854258636,-0.144963141214248,5.86,9.43623179736348,0.5,0,-0.00464105132025594
0.86,-0.00464105132025594,-0.00464105132025594,-0.027848879358281,-0.0557772798034009,-0.0063415550074175,-0.00169215684923025,-0.0622250307773217,0.00383543589964971,-0.524637440120955,-0.144963141214248,2850.89854258636,-0.144963141214248,5.86,9.43623179736348,0.5,0,-0.00464105132025594
0.87,-0.00464105132025594,-0.00464105132025594,-0.027848879358281,-0.0557772798034009,-0.0063415550074175,-0.00169215684923025,-0.0622250307773217,0.00383543589964971,-0.524637440120955,-0.144963141214248,2850.89854258636,-0.144963141214248,5.86,9.43623179736348,0.5,0,-0.00464105132025594
0.88,-0.00464105132025594,-0.00464105132025594,-0.027848879358281,-0.0557772798034009,-0.0063415550074175,-0.00169215684923025,-0.0622250307773217,0.00383543589964971,-0.524637440120955,-0.144963141214248,2850.89854258636,-0.144963141214248,5.86,9.43623179736348,0.5,0,-0.00464105132025594
0.89,-0.00464105132025594,-0.00464105132025594,-0.027848879358281,-0.0557772798034009,-0.0063415550074175,-0.00169215684923025,-0.0622250307773217,0.00383543589964971,-0.524637440120955,-0.144963141214248,2850.89854258636,-0.144963141214248,5.86,9.43623179736348,0.5,0,-0.00464105132025594
0.9,-0.00464105132025594,-0.00464105132025594,-0.027848879358281,-0.0557772798034009,-0.0063415550074175,-0.00169215684923025,-0.0622250307773217,0.00383543589964971,-0.524637440120955,-0.144963141214248,2850.89854258636,-0.144963141214248,5.86,9.43623179736348,0.5,0,-0.00464105132025594
0.91,-0.00464105132025594,-0.00464105132025594,-0.027848879358281,-0.0557772798034009,-0.0063415550074175,-0.00169215684923025,-0.0622250307773217,0.00383543589964971,-0.524637440120955,-0.144963141214248,2850.89854258636,-0.144963141214248,5.86,9.43623179736348,0.5,0,-0.00464105132025594
0.92,-0.00464105132025594,-0.00464105132025594,-0.027848879358281,-0.0557772798034009,-0.0063415550074175,-0.00169215684923025,-0.0622250307773217,0.00383543589964971,-0.524637440120955,-0.144963141214248,2850.89854258636,-0.144963141214248,5.86,9.43623179736348,0.5,0,-0.00464105132025594
0.93,-0.00464105132025594,-0.00464105132025594,-0.027848879358281,-0.0557772798034009,-0.0063415550074175,-0.00169215684923025,-0.0622250307773217,0.00383543589964971,-0.524637440120955,-0.144963141214248,2850.89854258636,-0.144963141214248,5.86,9.43623179736348,0.5,0,-0.00464105132025594
0.94,-0.00464105132025594,-0.00464105132025594,-0.027848879358281,-0.0557772798034009,-0.0063415550074175,-0.00169215684923025,-0.0622250307773217,0.00383543589964971,-0.524637440120955,-0.144963141214248,2850.89854258636,-0.144963141214248,5.86,9.43623179736348,0.5,0,-0.00464105132025594
0.95,-0.00464105132025594,-0.00464105132025594,-0.027848879358281,-0.0557772798034009,-0.0063415550074175,-0.00169215684923025,-0.0622250307773217,0.00383543589964971,-0.524637440120955,-0.144963141214248,2850.89854258636,-0.144963141214248,5.86,9.43623179736348,0.5,0,-0.00464105132025594
0.96,-0.00464105132025594,-0.00464105132025594,-0.027848879358281,-0.0557772798034009,-0.0063415550074175,-0.00169215684923025,-0.0622250307773217,0.00383543589964971,-0.524637440120955,-0.144963141214248,2850.89854258636,-0.144963141214248,5.86,9.43623179736348,0.5,0,-0.00464105132025594
0.97,-0.00464105132025594,-0.00464105132025594,-0.027848879358281,-0.0557772798034009,-0.0063415550074175,-0.00169215684923025,-0.0622250307773217,0.00383543589964971,-0.524637440120955,-0.144963141214248,2850.89854258636,-0.144963141214248,5.86,9.43623179736348,0.5,0,-0.00464105132025594
0.98,-0.00464105132025594,-0.00464105132025594,-0.027848879358281,-0.0557772798034009,-0.0063415550074175,-0.00169215684923025,-0.0622250307773217,0.00383543589964971,-0.524637440120955,-0.144963141214248,2850.89854258636,-0.144963141214248,5.86,9.43623179736348,0.5,0,-0.00464105132025594
0.99,-0.00464105132025594,-0.00464105132025594,-0.027848879358281,-0.0557772798034009,-0.0063415550074175,-0.00169215684923025,-0.0622250307773217,0.00383543589964971,-0.524637440120955,-0.144963141214248,2850.89854258636,-0.144963141214248,5.86,9.43623179736348,0.5,0,-0.00464105132025594
1,-0.00464105132025594,-0.00464105132025594,-0.027848879358281,-0.0557772798034009,-0.0063415550074175,-0.00169215684923025,-0.0622250307773217,0.00383543589964971,-0.524637440120955,-0.144963141214248,2850.89854258636,-0.144963141214248,5.86,9.43623179736348,0.5,0,-0.00464105132025594
1.01,-0.00464105132025594,-0.00464105132025594,-0.027848879358281,-0.0557772798034009,-0.0063415550074175,-0.00169215684923025,-0.0622250307773217,0.00383543589964971,-0.524637440120955,-0.144963141214248,2850.89854258636,-0.144963141214248,5.86,9.43623179736348,0.5,0,-0.00464105132025594
1.02,-0.00464105132025594,-0.00464105132025594,-0.027848879358281,-0.0557772798034009,-0.0063415550074175,-0.00169215684923025,-0.0622250307773217,0.00383543589964971,-0.524637440120955,-0.144963141214248,2850.89854258636,1999.73601449021,5.86,9.43623179736348,0.5,0,-0.00464105132025594
1.03,-0.00464105132025594,-0.00464105132025594,-0.027848879358281,-0.0557772798034009,-0.0063415550074175,-0.00169215684923025,-0.0622250307773217,0.00383543589964971,-0.524637440120955,-0.144963141214248,2850.89854258636,1999.73601449021,5.86,9.43623179736348,0.5,0,-0.00464105132025594
1.04,4.32373743992383,0.0442121204719221,4.84040359113183,-0.52547551874965,2.20402263564947,3.72007316897671,1.96975247357595,4.45260672400882,-0.524637440120955,-0.144963141214248,2837.87905749312,1999.73601449021,5.86,9.43623179736348,0.5,0,4.62663963457828
1.05,4.64616951827841,0.0246733817587698,4.42991708846654,-1.46491717251853,2.34861773078672,4.00892687922605,0.951048079951283,4.56789396578429,-0.524637440120955,114.334718367288,2847.84668698185,1999.73601449021,5.86,9.43623179736348,0.5,0,4.54847455971079
1.06,4.44100013586685,0.259123933726491,7.5971218808387,-3.10866814261671,-1.64052614030099,-4.13500923853725,0.565877614142168,-8.18900854921101,2.82218126122958,390.953384433153,2825.51320766754,1999.73601449021,5.86,9.43623179736348,0.5,0,4.52893329099392
1.07,4.42145115666317,-0.151173495660002,9.88466293940581,-1.46508759558766,-4.13762967935959,1.565919663658,-9.68488888503635,2.46088812685725,1.17481969924659,655.74000631718,2858.93102653741,1999.73601449021,5.86,9.43623179736348,0.5,0,4.49962138791861
1.08,4.32374606603227,-0.151179748379465,12.1134961289681,-2.05213698349932,-4.03649974643432,1.55701803357741,-11.9475892090829,2.86411709896379,1.1676970278906,1058.84893162165,2677.40204598091,1999.73601449021,5.86,9.43623179736348,0.5,0,4.41168567869269
1.09,4.45077740847322,0.38617119109319,12.1721420172092,-8.39301470313606,-3.96217239853561,-2.06391317959077,-5.76248440255888,-13.6160754479562,2.13757542271448,849.506896431242,2555.13711224041,1999.73601449021,5.86,9.43623179736348,0.5,0,4.39214440997582
1.1,4.33351795334528,0.22006631080424,15.2808073083956,-6.98396878203391,1.92688074673687,3.88779341284637,-0.324128127048149,16.7980306257012,-0.409401286607069,1197.52372436319,2852.259670186,1999.73601449021,5.86,9.43623179736348,0.5,0,4.40191504433425
1.11,4.17718510494012,-0.239069411546276,17.5096640029165,-5.57519782558398,3.38641824002962,2.45727513479165,11.7250821938765,14.1489791800069,-1.00024735804659,1516.89278373482,2313.8085784588,1999.73601449021,5.86,9.43623179736348,0.5,0,4.26512616331615
1.12,3.68866143483919,0.20049099546277,19.0346414483524,-7.92324797639558,1.34261543716151,3.44148276300015,-1.58134150876804,20.5571105118263,-0.317666435942411,1822.42852794036,1515.71781932547,1999.73601449021,5.86,9.43623179736348,0.5,0,3.79613571411124
1.13,2.11555120850393,-0.00466147206431077,17.8617671496392,-5.69228776534011,-1.64765176761946,-1.32695979508979,-10.3752250152433,-15.6140824768681,2.24659616421467,2052.61399062242,2106.87391867133,1999.73601449021,5.86,9.43623179736348,0.5,0,1.92994455165002
1.14,-0.229361521272772,-0.561506778808994,16.1020027791126,0.413556366699346,-0.606285573328593,-0.0177305855129509,6.03779175482133,14.9328695531836,-0.358554776675507,2171.04887699348,2245.77664996955,1999.73601449021,5.86,9.43623179736348,0.5,0,-0.395466425657686
1.15,-2.67200621995833,-0.229375339910751,13.814442048707,1.94047093215273,0.781826229187697,2.56534169915225,-4.78006991064237,-13.1055395999167,2.93140402656469,2160.07745609507,2180.8758520398,1999.73601449021,5.86,9.43623179736348,0.5,0,-2.76973057475757
1.16,-3.67834925915923,0.00506948942393725,11.5854083799221,3.81960936754515,-3.0298735765429,-2.0857001419781,11.7134481224091,3.40679264614665,-0.969290809812594,2048.49835160737,1998.38894018841,1999.73601449021,5.86,9.43623179736348,0.5,0,-3.74679401060114
1.17,0.239596616171078,-0.0827370570873246,14.0491671376709,3.11448254166238,-0.106487753487265,0.230026775513933,1.6811736454999,14.2917022757336,0.101061738474945,1858.94018210436,1721.41899078168,1999.73601449021,5.86,9.43623179736348,0.5,0,0.337331151224994
1.18,1.97880340992637,0.425238428030051,17.6269201241869,-3.46099365824616,0.118375971701558,2.02051423779527,-6.10963002500727,16.8925785812709,0.153157315871801,1790.88380212391,1741.73214168554,1999.73601449021,5.86,9.43623179736348,0.5,0,2.22306358240309
1.19,2.78976897720401,0.141898392695762,18.6240189785549,-4.75277241120355,-2.6225191098608,0.961945746097176,-19.1960230088405,0.977562862599953,1.27005213281587,1845.85687712791,1903.58425181464,1999.73601449021,5.86,9.43623179736348,0.5,0,2.88746671877672
1.2,2.59436937377042,0.112619572429034,19.4451384378445,-6.39694154769463,1.15910487903254,-2.3237709644143,15.0210576494903,-13.9069082517376,-2.63552078255453,2002.55714981101,2081.51353726858,1999.73601449021,5.86,9.43623179736348,0.5,0,2.67251276289113
1.21,-0.913280891374445,-0.151241384089259,15.9259462877924,-2.63909529566677,0.432403325775031,-0.818525080049248,-11.7404468143884,11.0798239038251,0.650120898043194,2188.72463594727,2248.51107594713,1999.73601449021,5.86,9.43623179736348,0.5,0,-1.06964019638975
1.22,-1.87084838170888,-0.375860485231209,13.8732351141341,2.99697052608953,-1.63863507420386,0.97786495248061,12.0813479623037,-7.44912855843097,-1.91056254262693,2176.26888617665,2163.00675130146,1999.73601449021,5.86,9.43623179736348,0.5,0,-2.00762109479958
1.23,-1.20645723273165,-0.405170376354497,13.0521345311102,3.70153728698772,0.299673343454032,-1.23689044604154,-3.81909791535787,13.0182212770435,0.561699547008651,2053.08855416843,2014.07363212011,1999.73601449021,5.86,9.43623179736348,0.5,0,-1.38230049585969
1.24,-0.375952047266637,-0.229293934028752,13.6386480896821,2.40987639667572,0.432742127476211,0.0815469259611905,-11.7414912030412,-7.34558440767999,2.30472307030739,1945.96384466648,1911.98295843821,1999.73601449021,5.86,9.43623179736348,0.5,0,-0.4540902318083
1.25,0.640205756790947,-0.0046094262745916,16.5125735380141,-0.290778723052804,0.368936770518887,-0.523230653916554,9.65702871606457,-13.3974413038911,-2.53464312748229,1911.91734354262,1879.85912634523,1999.73601449021,5.86,9.43623179736348,0.5,0,0.796550966071473
1.26,1.1580720273442,0.0735483115811604,17.744233018968,-2.63925514875247,1.146662814938,0.178057753248783,16.7568018653292,6.40570561435258,-1.35331915109165,1937.6383825782,1921.91369657536,1999.73601449021,5.86,9.43623179736348,0.5,0,1.28508268399326
1.27,0.415502346291223,0.0539230828926047,17.2163657102731,-2.63892458302041,-0.206540691722925,0.364541960965771,-12.4535801149354,12.1768433325563,0.644537037563787,1994.67298604243,2010.52737590785,1999.73601449021,5.86,9.43623179736348,0.5,0,0.454578763526222
1.28,-0.0144116856786916,0.00512958303817967,15.8673901523289,-1.58234549691146,-0.00200232733289484,0.015165750607831,-1.77090075246562,-15.8474539924474,2.9309131377363,2031.6614759692,2031.7804983375,1999.73601449021,5.86,9.43623179736348,0.5,0,-0.0925767605461782
1.29,-0.493194527273361,-0.0534771275163995,14.6944053441486,-0.290727321017823,-0.46549773391978,-0.171500742317195,13.0310900295974,6.79711434609251,-1.10979483252945,2036.83700179127,2013.81730190037,1999.73601449021,5.86,9.43623179736348,0.5,0,-0.532255306675786
1.3,-0.434552095476747,0.122378761532067,14.6356395444645,-0.995166228388177,0.399019199178354,-0.211177090718712,-11.2820744229261,9.37587848754323,0.809520211192553,2007.81988032483,1968.97334664103,1999.73601449021,5.86,9.43623179736348,0.5,0,-0.424778328732993
1.31,0.0832930796654399,0.0344399078732618,15.9846323152715,-0.408043284909254,-0.0729981342458878,-0.0528688639095963,-8.03349799434604,-13.8252623682742,2.58968403778926,1968.82224314458,1934.73149011428,1999.73601449021,5.86,9.43623179736348,0.5,0,0.171230367131587
1.32,0.864954948308929,0.151665244093701,17.392297372184,-2.05194411726392,0.772934577107329,-0.416799170323092,17.1514443857039,-3.53983587570925,-1.89176283964396,1963.57915521642,1947.69577272221,1999.73601449021,5.86,9.43623179736348,0.5,0,0.972422384523316
1.33,0.972443214886545,0.239576737571647,18.3307210475174,-3.34350075551661,0.266823771470181,0.965322689230281,-2.82678223708853,18.4174817390467,-0.0281202578221453,2002.64244158227,2005.6809339328,1999.73601449021,5.86,9.43623179736348,0.5,0,1.14829380297516
1.34,0.0246676229886544,0.00511182482299909,16.3366227828382,-2.05198118465481,-0.0211935208296261,-0.0136182617016866,-10.2293830925365,-12.9017670214995,2.34626453779342,2052.71775371243,2070.80152409673,1999.73601449021,5.86,9.43623179736348,0.5,0,-0.0534942231124358
1.35,-1.30411427739228,0.0636834526659628,14.0490226364315,-0.0554840710429059,-1.28827027570017,-0.212436643235703,13.9504651914803,1.66211806512069,-1.4561603615808,2068.56298801132,2049.84748351617,1999.73601449021,5.86,9.43623179736348,0.5,0,-1.37252986150126
1.36,-1.38229721890248,0.151654690363981,13.2865802365519,0.414113246197113,0.727318579881609,-1.18522252334907,-5.29832773125405,12.1914899587881,0.441124977441231,2002.6581662315,1948.11692879552,1999.73601449021,5.86,9.43623179736348,0.5,0,-1.40184176457656
1.37,1.66615062818163,0.220073635766735,18.0960724762286,-2.16936809782858,-1.67459512945723,-0.142202226943679,-17.2103836930215,-5.99805719777451,1.78683535164002,1898.75469032052,1848.97434762772,1999.73601449021,5.86,9.43623179736348,0.5,0,1.93971518600845
1.38,2.5064153039452,0.0539877425515687,18.7413743268996,-4.51805360673466,1.23137035496873,-2.1837489327074,13.44148775332,-13.8194908383647,-2.60661970248804,1939.8845483026,1981.36994746228,1999.73601449021,5.86,9.43623179736348,0.5,0,2.5552651505899
1.39,-0.0436817232214436,0.0246239623585875,17.9200885971591,-3.22616090055622,0.027668202256656,-0.0418198882078457,-4.49244684276137,17.6452716287189,0.0711788807762445,2104.52605445418,2157.54136408801,1999.73601449021,5.86,9.43623179736348,0.5,0,0.0246708517550509
1.4,-1.65587151121931,-0.229343714865391,14.1664190642085,0.883487145536701,-0.0700924779079256,1.67020838393199,1.66092544595115,-14.0964288137844,-2.96202321756548,2128.80509171592,2143.84463613484,1999.73601449021,5.86,9.43623179736348,0.5,0,-1.83174967634774
1.41,-1.86109385504058,-0.385617650330468,12.7588781857844,4.2886419863349,-1.15260512941613,-1.51124873040802,9.38497491902045,9.64902422092503,-0.44726108784596,2048.12471102688,2016.1672050649,1999.73601449021,5.86,9.43623179736348,0.5,0,-1.98807982608271
1.42,-0.678813111288044,0.288457450261479,14.1663577343524,0.179243855483717,0.697737869894951,-0.239074895341116,-10.4183774759497,9.60079322691619,0.838867654264696,1958.7206010934,1867.29768867706,1999.73601449021,5.86,9.43623179736348,0.5,0,-0.551796575392657
1.43,1.63681518402589,0.288472810997285,17.6269281520365,-2.40421953402436,-1.64601837391037,-0.230226023923945,-16.0270056058808,-7.72165519522242,1.88421210005049,1861.90074487974,1824.86468835214,1999.73601449021,5.86,9.43623179736348,0.5,0,1.92017391729158
1.44,2.11559527875873,0.0344432209731727,18.3894286995513,-3.93089113436681,0.863411607581827,-1.93169617561101,11.3384884735845,-15.0020555971678,-2.70498155236097,1905.7297063047,1950.582828124,1999.73601449021,5.86,9.43623179736348,0.5,0,2.19375167932778
1.45,0.698863838466881,0.180946847365228,17.8615221194986,-4.40039433517672,0.450268310436032,0.564279075374197,3.26779598755934,18.1030094767164,-0.420139479817785,2021.72005633726,2091.70063127638,1999.73601449021,5.86,9.43623179736348,0.5,0,0.708615256845551
1.46,-0.82535147101624,-0.121918565853369,14.9288680454706,-0.760262666199257,0.589252240090415,0.590636085044625,-8.2754069906738,-12.4485637556867,2.50402393644899,2117.73753736626,2130.92307950545,1999.73601449021,5.86,9.43623179736348,0.5,0,-0.991475121522264
1.47,-1.40183468056593,0.0246797067683489,14.2250314669233,0.0616297598021555,-1.29551473333419,-0.536088738249177,13.2603835159905,5.14951914950306,-1.19605064127533,2094.83336105469,2057.88607117847,1999.73601449021,5.86,9.43623179736348,0.5,0,-1.411612398935
1.48,-1.13803820299925,0.0735329387983536,13.6385242727931,0.766199561366116,0.881315094704921,-0.723755309769358,-9.43644123883966,9.87673948493782,0.818724376799053,2013.6444300228,1951.10786821404,1999.73601449021,5.86,9.43623179736348,0.5,0,-1.15757590561567
1.49,0.171221391642636,0.317739619769998,15.2221369749997,-0.99494498245175,-0.328852080481689,0.148766730455732,-11.4989168135725,-10.0238855599164,2.22249919079864,1924.92435212923,1861.95083765796,1999.73601449021,5.86,9.43623179736348,0.5,0,0.259166076357507
1.5,1.33391778433188,0.00516211165457785,16.8058901283615,-1.34759744396659,0.625458256479004,-1.17820425740016,9.12523289932981,-14.1768856386208,-2.64969519768596,1878.01580556005,1877.90593875848,1999.73601449021,5.86,9.43623179736348,0.5,0,1.36324775886074
1.51,1.83224548483845,-0.082773380710172,18.4480910050992,-2.52190327584574,1.61748101657024,0.864713889272046,15.5576727755808,10.2299010588125,-1.1249944827066,1929.84852114707,1966.55624035807,1999.73601449021,5.86,9.43623179736348,0.5,0,1.95925645472532
1.52,0.591387788192722,-0.190257466759845,17.9201724917592,-2.40449782897321,-0.620990815306454,-0.0175449988993726,-17.8787416491318,2.69532725054671,1.28778549192741,2028.67981304335,2083.76580670474,1999.73601449021,5.86,9.43623179736348,0.5,0,0.630450181978066
1.53,-0.805798046233735,0.0832393592557961,15.3980314629243,-1.1123885102638,-0.733632680649757,0.343543843091493,13.7727789779297,-6.97476453767948,-2.11168103686534,2112.80421278184,2115.70652746136,1999.73601449021,5.86,9.43623179736348,0.5,0,-0.893768777937908
1.54,-1.27482908392458,-0.0828024155159542,13.2866457611373,1.00101074469505,0.395603180493654,-1.21471953833738,-3.99490431796904,12.7113224167754,0.379702512221002,2083.90161427929,2052.9969985,1999.73601449021,5.86,9.43623179736348,0.5,0,-1.46046557072718
1.55,-0.874227509221036,0.12233611289719,13.9317831494338,0.414160449197433,0.564807270926143,0.678404458348096,-10.5902643262758,-9.06158993224348,2.30828201433836,1997.87896035488,1945.85855564822,1999.73601449021,5.86,9.43623179736348,0.5,0,-0.854686240504165
1.56,0.308007971561873,0.337269129992013,15.926016296404,-1.4645557655342,-0.0779696571813812,-0.450044563515933,10.9117701768325,-11.6925698745688,-2.4824248278823,1908.80597675398,1872.02196115277,1999.73601449021,5.86,9.43623179736348,0.5,0,0.454578763526222
1.57,1.56840270820488,0.00515417226345995,17.4511316616968,-1.93472140101076,1.38701177690198,0.732196661649949,14.4970890767231,9.90553135752751,-1.08179626541807,1900.87115218225,1903.80398541824,1999.73601449021,5.86,9.43623179736348,0.5,0,1.63682552089695
1.58,1.4609541024451,0.0246308776999584,17.9202494433743,-3.22615901822255,-1.01675427565038,1.04938282458506,-14.9638478676006,10.3743288514931,0.786465271362997,1963.69970351223,2005.6199920958,1999.73601449021,5.86,9.43623179736348,0.5,0,1.48049537116197
1.59,0.278703513925827,-0.219585429334464,16.7472286183713,-1.34760395972901,0.310895641018777,-0.170989209735959,7.77263913930949,-14.8953611449453,-2.74093915947597,2047.96448860817,2099.67818182665,1999.73601449021,5.86,9.43623179736348,0.5,0,0.171230367131587
1.6,-0.864441453887871,0.00509681346687912,14.9875304956635,-0.407923250296438,-0.186097657287312,-0.844187577887442,2.91487574851565,14.7070041513319,-0.222871551329046,2071.07423440896,2094.99599970385,1999.73601449021,5.86,9.43623179736348,0.5,0,-0.971933852805392
1.61,-1.34320632040951,0.024626239358702,13.9317482174521,0.414145824939402,1.05200879064165,0.835516113109559,-11.3181865382085,-8.13411203790008,2.22366505177165,2057.68159685292,2028.89344293557,1999.73601449021,5.86,9.43623179736348,0.5,0,-1.37252986150126
1.62,-0.551804382260545,0.190789201301204,13.9318182983829,-0.17325251759934,-0.567152446581127,0.138660369075428,11.8029799079157,-7.40373168256056,-2.14346608877867,1984.69189228796,1926.95536203386,1999.73601449021,5.86,9.43623179736348,0.5,0,-0.551796575392657
1.63,0.669530755646994,0.0247160183457879,16.5711504301621,-0.643084112257202,0.490357619851562,0.456543227935335,11.2481891972069,12.1858452123083,-0.784194910498927,1898.80962372115,1878.00359813776,1999.73601449021,5.86,9.43623179736348,0.5,0,0.845404137863651
1.64,1.92990305959004,-0.00464105132025594,16.7473608970366,-2.52172459947076,-1.31430226622784,1.41320802140403,-13.226427350717,10.5780343877005,0.746746954394618,1916.71176460968,1934.53605409405,1999.73601449021,5.86,9.43623179736348,0.5,0,1.77361440191505
1.65,1.15805052231398,-0.20003783560941,17.6270514626512,-1.93477381660426,0.0298610301282146,-1.17482103606748,-0.643789416731626,-17.7212253576121,2.99595590808591,1992.74268737245,2049.58502393434,1999.73601449021,5.86,9.43623179736348,0.5,0,1.11898189989985
1.66,-0.151198566789281,-0.121882663898954,15.8674104027492,-1.46501331603564,-0.18575580837257,-0.0566671863964583,7.69796209403122,13.9521452294726,-0.596245848618941,2066.00095523068,2117.74516700516,1999.73601449021,5.86,9.43623179736348,0.5,0,-0.297760082073328
1.67,-1.23571482506354,0.0246346365586505,14.2836100224993,-0.0556321957459127,1.04880908014727,0.65390940320568,-12.2404899740478,-7.36172638796643,2.10836753715035,2096.7209337457,2086.77493633064,1999.73601449021,5.86,9.43623179736348,0.5,0,-1.32367668970908
1.68,-1.54838306392681,0.171161551032276,13.6384406674679,0.649133223132164,-1.530797724467,0.288867990566313,12.8531774119216,-4.60698037754478,-1.86740248138589,2036.89235647513,1992.88154680237,1999.73601449021,5.86,9.43623179736348,0.5,0,-1.5484012799531
1.69,-0.0925889768490953,0.434982521446224,15.2808232194431,-0.994836820994847,0.338735264678797,-0.288168237425053,6.38601197535475,13.9180497777132,-0.495184110154449,1918.93203364955,1869.98942532038,1999.73601449021,5.86,9.43623179736348,0.5,0,0.0832946579056646
1.7,1.44141897802239,0.171195549464712,17.6268937986383,-2.05183725896952,-0.982682392777279,1.06833136305415,-14.715758232128,9.91785666257221,0.861878068304016,1884.9999771111,1879.70042985389,1999.73601449021,5.86,9.43623179736348,0.5,0,1.62705488653851
1.71,2.03740298827976,-0.0241761395994459,18.0376191116694,-2.75665350069476,-1.0618780980698,-1.73896817889716,-7.24691181903357,-16.746256621338,2.58152301093647,1934.75743088689,1979.67921945757,1999.73601449021,5.86,9.43623179736348,0.5,0,2.02765089523437
1.72,0.708613184652091,-0.0632690018577907,17.5097093494026,-3.10893861866715,0.622532410589165,0.3443675504819,14.7577757563852,9.92287637529783,-1.15457053489889,2044.88821815889,2107.51534701881,1999.73601449021,5.86,9.43623179736348,0.5,0,0.640220816336502
1.73,-0.766719267662869,-0.0144533704991902,15.3394020643158,-1.22991022708527,0.757766557516056,0.117716522351533,-14.8988532927797,-3.85150690219443,1.74375985653888,2104.73510656318,2138.90063005559,1999.73601449021,5.86,9.43623179736348,0.5,0,-0.893768777937908
1.74,-1.63629715969581,-0.00470813255514227,14.3421969675542,0.76649812753037,-1.63141056012881,0.126452147632754,14.2454012260307,-1.83157777476984,-1.64527528450375,2102.79412639877,2071.00294656648,1999.73601449021,5.86,9.43623179736348,0.5,0,-1.60702508610371
1.75,-1.33344099905822,0.0148791340322843,13.6385009124811,1.47086695440003,0.420088740239907,-1.26562701335053,-2.75066646453908,13.4389728304716,0.309321325838206,2015.86049357673,1956.05175336705,1999.73601449021,5.86,9.43623179736348,0.5,0,-1.31390605535064
1.76,0.259168196741506,0.259134270597531,15.9845811106231,-0.760092387907,-0.261995303637073,0.256275604130546,-15.9752810735574,-0.935397424136538,1.58176654169234,1903.94742263147,1851.02519459391,1999.73601449021,5.86,9.43623179736348,0.5,0,0.464349397884657
1.77,1.71493728497534,-0.00464318375181963,17.0406711229592,-1.69972256406638,-0.31228960682236,-1.68627004125219,-1.47798533145999,-17.061333138874,2.95576438488619,1878.01580556015,1882.78890772566,1999.73601449021,5.86,9.43623179736348,0.5,0,1.72476123012287
1.78,1.95925859920445,-0.0241694531623552,18.2721343194484,-3.10896526084475,1.95643214335349,0.107942991787513,18.1224475121818,3.88760257090638,-1.52801421445786,1950.89106554016,1994.65162305332,1999.73601449021,5.86,9.43623179736348,0.5,0,1.9787977234422
1.79,0.29827233558794,-0.0925983258158969,17.7442100202669,-2.75660282263118,-0.3028026820159,0.076494260470766,-16.5788665887761,6.8990601531399,1.02233735554124,2057.67244128631,2115.4501715906,1999.73601449021,5.86,9.43623179736348,0.5,0,0.317789882508123
1.8,-0.932833966775352,-0.112068152048694,14.7529249565267,-0.173466234227992,-0.716024458121554,0.608315260079166,12.3980236401397,-7.99799319366203,-2.15547834358566,2099.83687831794,2123.98862794662,1999.73601449021,5.86,9.43623179736348,0.5,0,-1.10872273382349
1.81,-1.50929475567623,0.00508597059613055,13.990345432353,1.00126109431037,0.464028020030424,-1.43620142154063,-3.30258146484567,13.6317733535882,0.309137242522939,2086.64981025101,2048.15065179987,1999.73601449021,5.86,9.43623179736348,0.5,0,-1.52886001123623
1.82,-0.630023045010839,0.376330367211363,13.8147648983114,-0.994755880910313,0.318095658906287,0.661338592791275,-10.9765030664005,-8.44710890728435,2.15481789295143,1992.69233175511,1937.88710880933,1999.73601449021,5.86,9.43623179736348,0.5,0,-0.678814822052322
1.83,0.356843758614227,0.229779212886839,15.7501207236384,-0.994779916749578,0.00781525628605892,-0.424352302345595,9.59568167378246,-12.5291174113498,-2.55108790332675,1911.85325457511,1885.04117716172,1999.73601449021,5.86,9.43623179736348,0.5,0,0.43503749480935
1.84,1.5097873233516,0.0735572750233683,17.7443542322213,-2.28699536981184,1.40267992899241,0.563344877729333,15.1700893835735,9.4847690026949,-1.14021203650169,1908.80597675399,1908.72968036396,1999.73601449021,5.86,9.43623179736348,0.5,0,1.63682552089695
1.85,1.45117009521082,0.00510060847384382,17.5684062253161,-3.46103796535104,-1.03292306267988,1.01930888744531,-14.97053112291,9.82399506276902,0.7955467147558,1968.90159139014,2013.51819440014,1999.73601449021,5.86,9.43623179736348,0.5,0,1.41210093065292
1.86,0.190782840149491,-0.21955243086192,16.864465501735,-1.58261481459299,0.276849378301759,-0.0891952001332689,8.0804752604673,-14.8869333939383,-2.7378711042226,2049.8017056821,2099.73921893864,1999.73601449021,5.86,9.43623179736348,0.5,0,0.112606560980971
1.87,-0.971915829540997,-0.0632603516547726,14.7529244502658,-0.055831432933596,-0.198758479725119,-0.953476438377588,2.01093919976318,14.6153351148377,-0.140516928380014,2104.60540270016,2095.05156872999,1999.73601449021,5.86,9.43623179736348,0.5,0,-1.08918146510662
1.88,-1.40180552528673,-0.0144343352348387,14.1075817371332,0.883758200774848,1.12736734836185,0.833252628322075,-11.7907117398051,-7.796409923558,2.21759030245054,2052.79862788586,2019.12140129003,1999.73601449021,5.86,9.43623179736348,0.5,0,-1.37252986150126
1.89,-0.415012248380917,0.239595206599296,14.2837066459579,-0.17298667497781,-0.475051947319523,0.0629815582490031,11.4297317525536,-8.56828057443099,-2.22618257620833,1950.93081804131,1909.05333462817,1999.73601449021,5.86,9.43623179736348,0.5,0,-0.375925156940815
1.9,0.962624281555938,0.0930813156193169,16.6299457376039,-1.46494468346446,0.789069058093034,0.55917766435962,11.6218291383155,11.9847505456335,-0.857889596505427,1896.06295367728,1884.98624376086,1999.73601449021,5.86,9.43623179736348,0.5,0,1.0505874593908
1.91,1.6075412310047,0.0930445823768063,18.6239444859122,-3.22623141544098,-1.0387457906317,1.23038745366437,-15.1571624032592,11.2924888860492,0.758957777258228,1932.86985819563,1952.59696854124,1999.73601449021,5.86,9.43623179736348,0.5,0,1.81269693934879
1.92,0.972440889692561,-0.112097210947649,17.626910432911,-2.63933941913032,0.0499033042630521,-0.977607655898792,1.51074962382496,-17.7592713688753,3.07782723412948,2008.01569874526,2062.74807914987,1999.73601449021,5.86,9.43623179736348,0.5,0,0.923569212731136
1.93,-0.385656263005995,-0.014400059710087,15.6913029237598,-1.93468636075047,-0.180260802039558,-0.341239150982795,5.06321353949351,14.9774452899404,-0.448672393211594,2073.93577980247,2117.84282638451,1999.73601449021,5.86,9.43623179736348,0.5,0,-0.502943403600478
1.94,-1.42135264915311,-0.219583320998024,14.3422483168292,1.58810690118937,1.17515848066847,0.829133724695866,-11.4221364780164,-8.81799118783662,2.33851502448682,2096.72093374593,2078.88290003267,1999.73601449021,5.86,9.43623179736348,0.5,0,-1.45069493636874
1.95,-1.45070903210352,0.132107891782647,13.1693809611197,0.883846959784672,-1.45365591421692,0.094306277416407,12.873310584331,-2.91404443115985,-1.72639466409566,2028.65387227062,1977.0668310599,1999.73601449021,5.86,9.43623179736348,0.5,0,-1.51908937687779
1.96,0.0930534855806282,0.259144824327258,15.3394487849363,-0.17300694619642,0.274312704486779,-0.0238229156792045,6.25648569486487,14.0066058407834,-0.431368561858529,1905.81973604493,1857.16552807002,1999.73601449021,5.86,9.43623179736348,0.5,0,0.249395441999072
1.97,1.68565495884653,0.132131216008025,17.1578197723364,-2.05191617194377,-1.1824311043976,1.20861407483147,-14.2706698644866,9.74418395431334,0.852673902673632,1879.79808923321,1874.81135717542,1999.73601449021,5.86,9.43623179736348,0.5,0,1.72476123012287
1.98,2.04716830963022,0.073507325522511,18.272258859561,-3.46114134858865,-1.0192634520025,-1.7769083910747,-5.45495760706658,-17.7791557946608,2.65669036345371,1937.80928649145,1984.56218842466,1999.73601449021,5.86,9.43623179736348,0.5,0,2.06673343266812
1.99,0.493666095919302,-0.209795603091393,17.7443020873785,-2.28711714195807,0.336342577905353,0.417844563952515,14.5675802405992,10.3863741181843,-1.07959913802497,2049.78644640407,2115.4539853428,1999.73601449021,5.86,9.43623179736348,0.5,0,0.493661300959966
2,-0.874188956785306,-0.0632985908521358,15.515337631671,-1.11251636377158,0.862696249358363,0.154816746872748,-14.758504659829,-4.91425830519854,1.82064532001256,2104.73510656313,2133.77351263996,1999.73601449021,5.86,9.43623179736348,0.5,0,-0.942621949730086
2.01,-1.5581331691148,-0.0242646535802021,14.0489310755843,1.11885520835337,-1.54261876100906,0.220669672342992,13.7954776605724,-2.88255051307425,-1.69730950071913,2099.746848578,2066.11997759936,1999.73601449021,5.86,9.43623179736348,0.5,0,-1.58748381738684
2.02,-1.05988416376716,0.0636511770378574,13.6972405312617,1.00154561545447,0.375787687608342,-0.993070756182407,-3.11473089411589,13.3759464430864,0.301773910017583,2013.71961687007,1952.95717178424,1999.73601449021,5.86,9.43623179736348,0.5,0,-1.06964019638975
2.03,0.229863955963019,0.249358756946004,16.1604851451736,-0.877511011068293,-0.249997171422624,0.229169461746787,-16.0296642071624,-2.23185373793583,1.65489313714332,1908.83051896352,1861.99368456236,1999.73601449021,5.86,9.43623179736348,0.5,0,0.444808129167786
2.04,1.5684040454924,0.0246831403439106,17.1578518114023,-1.81723168376713,-0.0804202797922922,-1.56653537653393,1.20616556922496,-17.211605805216,3.10603772883095,1887.78784720557,1895.86916084653,1999.73601449021,5.86,9.43623179736348,0.5,0,1.5977429834632
2.05,1.78333811073203,-0.0729959755838771,18.0964039322761,-2.87429452814124,1.70427655769872,0.530155302264666,16.7442362390803,7.44123357276673,-1.31012093378748,1955.77403450733,2000.69429715016,1999.73601449021,5.86,9.43623179736348,0.5,0,1.80292630499035
2.06,0.327575407745639,-0.209799554715606,17.2750265693589,-2.05223776044536,-0.377807835843211,-0.0926430790402487,-17.0109366418142,3.64228738097877,1.24162296968611,2052.79850052104,2109.70645841706,1999.73601449021,5.86,9.43623179736348,0.5,0,0.278707345074379
2.07,-1.03050528788031,0.0441422923709893,15.2220046240084,-0.642619177228037,-0.910600155522546,0.484455412899225,13.4460596708792,-7.16420710947335,-2.10253823225281,2120.74971884836,2115.74925343982,1999.73601449021,5.86,9.43623179736348,0.5,0,-1.08918146510662
2.08,-1.34323299387582,-0.141424920521735,13.4626571229407,1.58812890995485,0.360443233857898,-1.3016745212023,-3.45374755324402,13.1086581343386,0.375039068320923,2075.66313007467,2039.88012311177,1999.73601449021,5.86,9.43623179736348,0.5,0,-1.47023620508561
2.09,-0.590869041002887,0.171177490058146,14.2836461839787,0.061953665001691,0.40281684763625,0.464937139814269,-12.0213538674205,-7.71449530169997,2.14567508846322,1984.75750718335,1927.01639914589,1999.73601449021,5.86,9.43623179736348,0.5,0,-0.532255306675786
2.1,0.366637994292863,0.376289718476513,16.8057794742576,-2.05135943720607,-0.14601791246782,-0.504674291329335,10.0865094581909,-13.5979640471585,-2.6248439504133,1905.75412114946,1879.90185232376,1999.73601449021,5.86,9.43623179736348,0.5,0,0.630450181978066
2.11,1.59774044141191,-0.00462071490996504,17.6856032587419,-2.05215044937848,1.44993204595788,0.671187701938755,15.2141583553764,9.24777106280412,-1.14015067541304,1911.85325457511,1921.80993348485,1999.73601449021,5.86,9.43623179736348,0.5,0,1.67590805833069
2.12,1.2557937678076,-0.00466403820990107,18.1547577804758,-3.10882162474347,-0.967217590855228,0.800955599554076,-15.9313697312901,9.24399591341049,0.875438872331028,1979.86843450494,2026.63506978854,1999.73601449021,5.86,9.43623179736348,0.5,0,1.31439458706857
2.13,0.0540084162945267,-0.24886585193848,16.2192396624812,-1.23036893592254,0.239252950451711,0.0872304246914997,9.70129565351543,-13.0561252134992,-2.57827087238941,2057.73653025376,2109.80423872224,1999.73601449021,5.86,9.43623179736348,0.5,0,-0.0925767605461782
2.14,-1.13800112037345,0.0734647250793038,14.9287759060332,-0.40778337883904,-0.000867108122563215,-1.1403696172407,0.566150525842453,14.9236091787042,-0.0652268536558264,2102.78344490405,2084.08319968745,1999.73601449021,5.86,9.43623179736348,0.5,0,-1.15757590561567
2.15,-1.41159944772587,-0.0339840372974661,13.9317520505673,1.11863048736404,1.0888624122105,0.898969723008598,-11.2595462268429,-8.28055965085288,2.28502615589036,2044.86380331406,2008.09199513525,1999.73601449021,5.86,9.43623179736348,0.5,0,-1.40184176457656
2.16,-0.307517704984822,0.210258256488177,14.5768824958603,0.179392125013676,-0.371742543260121,0.024148598946469,11.3638389632464,-9.13131145290952,-2.23538674177372,1942.99599346951,1901.07575842715,1999.73601449021,5.86,9.43623179736348,0.5,0,-0.209824372847407
2.17,1.03103311898915,0.0149551184726841,16.9231014817326,-0.995423817724114,0.83820335045992,0.600556484686323,13.0207717851233,10.8554932848605,-0.934590976655471,1890.87479914981,1882.78890772564,1999.73601449021,5.86,9.43623179736348,0.5,0,1.1873763404089
2.18,1.81271269765757,0.0442016149327366,18.3307322575712,-3.22631047321878,-1.12213800320512,1.42431998117504,-14.1765399403313,12.0602877116822,0.691662365524896,1929.83326186907,1958.52375640724,1999.73601449021,5.86,9.43623179736348,0.5,0,1.92017391729158
2.19,0.835628226640488,-0.0437526115100029,17.8616272047369,-2.75653361087881,-0.00445004853904082,-0.836761029948379,1.72317390570381,-17.9907441658094,3.08396334452415,2015.93984182224,2078.54757770468,1999.73601449021,5.86,9.43623179736348,0.5,0,0.855174772222087
2.2,-0.493127711083283,-0.0534783202328739,15.6326353386348,-1.46498088208032,-0.259526068924374,-0.422706860272966,5.37145549350961,14.7537426606553,-0.44259764392061,2078.81874876975,2117.84282638451,1999.73601449021,5.86,9.43623179736348,0.5,0,-0.600649747184836
2.21,-1.47022022992065,-0.0437768393038886,14.3423285953053,0.531588339182922,1.16493741896417,0.897989279459642,-11.4304824919337,-8.67923070897779,2.2572738804823,2094.8882944553,2074.05489744604,1999.73601449021,5.86,9.43623179736348,0.5,0,-1.48000683944405
2.22,-1.39204973361545,0.171134082419522,13.5797633187445,0.531814363361466,-1.39309561790005,0.162400536982142,13.0701957042583,-3.7232757838473,-1.80917079348745,2021.63002659714,1969.1320064883,1999.73601449021,5.86,9.43623179736348,0.5,0,-1.39207113021813
2.23,0.190801188700387,0.210326337679843,15.7498126278912,-0.408029963817104,0.276451289584963,0.0649380198197237,7.27738591084748,13.9736444984711,-0.506045025570886,1903.98251897118,1857.16552807015,1999.73601449021,5.86,9.43623179736348,0.5,0,0.366643054300301
2.24,1.66612932796085,0.132123541663651,17.3923479982489,-2.40418159786865,-1.08832108242626,1.26846394875833,-14.0283722876982,10.5583440465568,0.788244743386203,1884.98624376086,1882.75228545843,1999.73601449021,5.86,9.43623179736348,0.5,0,1.74430249883974
2.25,2.08621777630629,-0.0534725373681703,18.2724007571631,-2.75675905584992,-0.913512619439569,-1.87634181762109,-5.96993737981201,-17.488287440556,2.66288783499668,1945.74411106306,1992.55805010859,1999.73601449021,5.86,9.43623179736348,0.5,0,2.08627470138499
2.26,0.444813574699534,-0.209810759018038,17.4510508046473,-2.16961801307296,0.256368492867821,0.419708073190623,13.3885966690342,11.4013988502708,-0.98907963710735,2055.89931317986,2128.56704697878,1999.73601449021,5.86,9.43623179736348,0.5,0,0.386184323017172
2.27,-1.06959917418813,-0.160979405495552,15.2807247155923,0.0616181762466783,1.04465595916852,0.280447302342768,-14.0288065037035,-6.05779932937738,1.98245455153007,2133.60871243743,2136.80705711087,1999.73601449021,5.86,9.43623179736348,0.5,0,-1.15757590561567
2.28,-1.62654712679355,0.200410420878677,13.8144093587352,0.062278294181731,-1.63873938971019,0.0187910906925201,13.6821331363726,-1.9081450037172,-1.70485691650039,2094.85777589942,2057.88607117825,1999.73601449021,5.86,9.43623179736348,0.5,0,-1.67541952661277
2.29,-0.942610914095798,0.00515717212389911,13.5798099670491,1.11837333240562,0.275417354494778,-0.901491659772806,-2.82530973748646,13.3296520036746,0.291035716785329,2000.91555668152,1934.99394969624,1999.73601449021,5.86,9.43623179736348,0.5,0,-0.962163218446957
2.3,0.5034097676671,0.23959709807651,16.0433241285788,-0.877542431465004,-0.504518452705323,0.237253650064977,-16.0390701027313,-0.952134472293856,1.57544634797999,1898.75469032057,1857.00683157872,1999.73601449021,5.86,9.43623179736348,0.5,0,0.649991450694937
2.31,1.71500172778035,0.151691881418696,17.6855335394237,-3.10881337145766,-0.450772051010221,-1.66163952504927,-0.0481295833800073,-17.9566283220386,2.96490718941008,1887.78784720568,1900.69719641301,1999.73601449021,5.86,9.43623179736348,0.5,0,1.80292630499035
2.32,1.69542137653208,0.0246373111364796,18.1549825601829,-3.46109791025554,1.66719150815253,0.309084318990888,17.1205441328229,6.96200826636854,-1.37295470440951,1968.90159139015,2018.7002452166,1999.73601449021,5.86,9.43623179736348,0.5,0,1.71499059576443
2.33,0.171238788428919,-0.141463617527685,16.8644789538018,-1.81710093437381,-0.1996889017355,-0.0972574946741528,-16.8191770926338,2.19722281882137,1.33356087558839,2062.8834847308,2117.80010040607,1999.73601449021,5.86,9.43623179736348,0.5,0,0.0930652922641002
2.34,-1.06960072833237,0.132051978701347,14.9287812579329,-0.759940643303288,-0.986968045000236,0.432871252541085,13.2221321190151,-6.97289336329341,-2.10695623183871,2112.82862762655,2099.93453769719,1999.73601449021,5.86,9.43623179736348,0.5,0,-1.10872273382349
2.35,-1.38228067749806,0.0343933558066646,13.9903520860614,0.414140177958648,0.314904945737435,-1.34637203233662,-2.44091906890662,13.7819946915536,0.204884726614979,2060.70903761283,2021.84976020045,1999.73601449021,5.86,9.43623179736348,0.5,0,-1.39207113021813
2.36,-0.317343999421495,0.151680568688457,14.1665524277134,0.0617193875735754,0.227945940759397,0.267870970763532,-12.9611718970667,-5.71865718719393,1.99067693947427,1971.93818771658,1914.19860560708,1999.73601449021,5.86,9.43623179736348,0.5,0,-0.317301350790199
2.37,0.747634977907005,-0.0925424970703846,15.808948431747,-0.173342869338749,0.415598994539081,-0.628330844135584,7.19081630899953,-14.0799523819583,-2.68037574971845,1903.98251897097,1887.67798040408,1999.73601449021,5.86,9.43623179736348,0.5,0,0.767239062996165
2.38,1.5782160514338,0.0637877972387286,18.0960907016082,-2.87412598739882,1.55088828588788,0.299299703935052,16.9571232236899,6.94154671877024,-1.33975834709052,1918.87710024883,1932.77830252738,1999.73601449021,5.86,9.43623179736348,0.5,0,1.71499059576443
2.39,1.06037537005958,-0.0534510323365703,17.7442185543775,-2.75687098197386,-0.807645197755099,0.689174994344665,-14.7937683891091,10.1785090541867,0.814016407104093,1992.69233175501,2041.58916225048,1999.73601449021,5.86,9.43623179736348,0.5,0,1.07012872810767
2.4,-0.0828090176203678,-0.190277321265286,15.7501586931792,-1.23019952641185,0.127976548517129,0.163354814489155,8.57449024033762,-13.2687228795189,-2.64582944809754,2060.79906735289,2107.67404351039,1999.73601449021,5.86,9.43623179736348,0.5,0,-0.24890691028115
2.41,-1.22594131132006,0.0246098786652681,14.6941794795872,0.179358532716154,-0.156515074851138,-1.21615820363694,2.34513923168065,14.5069432357616,-0.14806434421575,2094.8577758995,2074.05480217111,1999.73601449021,5.86,9.43623179736348,0.5,0,-1.23574098048316
2.42,-1.13804629901093,0.307923035724586,13.1693522489097,-0.407536649076973,0.871307067746868,0.794222870683464,-11.5256364081069,-6.38417028002263,2.04570086718503,2028.6934337247,1988.03532102852,1999.73601449021,5.86,9.43623179736348,0.5,0,-1.28459415227534
2.43,0.0050973797066186,0.259101669694385,14.6943719309466,-0.525033171674027,-0.220226472020972,-0.136601462435393,7.94996086404762,-12.3692501202158,-2.60606745263623,1929.87293599188,1885.20597736422,1999.73601449021,5.86,9.43623179736348,0.5,0,0.0442121204719221
2.44,1.41212150801507,0.0149296136282543,17.626803394958,-1.46498783221366,1.32976283766597,0.47543752725715,16.0264042724781,7.48363236457613,-1.21685205556603,1900.88030774905,1895.91188682497,1999.73601449021,5.86,9.43623179736348,0.5,0,1.55866044602946
2.45,1.81265266428372,-0.043747202122037,17.803136521543,-2.99134349104867,-1.12362724126831,1.42305492575239,-13.0840291391549,12.4381665599027,0.644230232035027,1958.81063083379,1997.64244154559,1999.73601449021,5.86,9.43623179736348,0.5,0,1.77361440191505
2.46,0.34711660417629,-0.29766524307902,16.6884816226504,-0.99573816651858,0.375561655471664,-0.260860071248082,5.17089864119788,-15.8983873587311,-2.88673314281286,2049.80170568208,2102.8276968104,1999.73601449021,5.86,9.43623179736348,0.5,0,0.220083538923765
2.47,-0.76670887055235,-0.160953346458416,14.9874643201705,-0.173348661123123,-0.374863291128461,-0.687914227854143,4.14865462155048,14.402874759498,-0.292017494456295,2073.96019464717,2102.82769681034,1999.73601449021,5.86,9.43623179736348,0.5,0,-0.883998143579472
2.48,-1.46040880226683,0.0246051198535924,14.1074937924401,0.766508263149766,1.20371700076319,0.827323796185697,-12.1826349701171,-7.15488093584325,2.15610647614247,2065.92008105724,2037.18838646864,1999.73601449021,5.86,9.43623179736348,0.5,0,-1.46046557072718
2.49,-0.835120972894947,0.288372984278796,14.1076188387988,-0.172628743040294,-0.844803875425329,0.258635708086116,11.5045108786522,-8.16706430896244,-2.20037237674546,1966.80199801115,1930.08015698724,1999.73601449021,5.86,9.43623179736348,0.5,0,-0.776521165636678
2.5,0.737918124193525,0.0637744725525696,16.6884991248034,-0.760383424776854,0.599225463876513,0.435338012129228,12.1085840924602,11.5094038623666,-0.856294207792203,1896.07668702737,1871.8632646615,1999.73601449021,5.86,9.43623179736348,0.5,0,0.89425730965583
2.51,1.76382562381657,0.0832976818623386,17.744342154289,-2.99144904621713,-1.04772104998574,1.4213725537143,-13.5121109355999,11.8841618950867,0.682396838786405,1918.85115947629,1934.57279362287,1999.73601449021,5.86,9.43623179736348,0.5,0,1.81269693934879
2.52,1.27530901363058,-0.170708439367008,17.6856520044063,-2.28713437248765,-0.110701944208631,-1.28191245062483,-1.61347192466942,-17.7597854380924,2.92238394425321,1992.74268737248,2047.79053283883,1999.73601449021,5.86,9.43623179736348,0.5,0,1.22645887784264
2.53,-0.18048503730336,-0.112093644846392,16.0433058308732,-1.69992035330448,-0.199495545917217,-0.0730846157856481,8.54645810957197,13.6834003439145,-0.663865785307473,2070.88392419792,2123.82446336947,1999.73601449021,5.86,9.43623179736348,0.5,0,-0.297760082073328
2.54,-1.30412012049396,0.0636585260996542,14.2836699059016,-0.0553727240731723,1.08420296177473,0.727520195115749,-12.2062111936632,-7.41853761970794,2.11303098105572,2104.65575831772,2091.99971312556,1999.73601449021,5.86,9.43623179736348,0.5,0,-1.39207113021813
2.55,-1.60700665322044,0.132049520987035,13.2278808293335,0.884092386386893,-1.59778452895864,0.216776517427683,12.7279170904082,-3.70925560219437,-1.78763304602494,2041.77685137008,1995.07277912641,1999.73601449021,5.86,9.43623179736348,0.5,0,-1.67541952661277
2.56,-0.121857821673683,0.102876021154678,14.987312948255,0.648718531792422,0.0438956184597901,-0.153316597639347,6.73424732585698,13.40486098759,-0.422287118442849,1916.80641622105,1865.14307862008,1999.73601449021,5.86,9.43623179736348,0.5,0,0.0344414861134865
2.57,1.2265022252394,0.190753058392707,18.0372412965938,-2.0519099457718,-0.801069142887649,0.948146964408267,-14.9651387435641,10.2760415726573,0.855803318990856,1879.81334851117,1869.67203233746,1999.73601449021,5.86,9.43623179736348,0.5,0,1.52934854295415
2.58,2.12529196472477,-0.1413646582444,17.9791832492598,-2.16982333161895,-1.01790579917878,-1.87102049318613,-7.78836437135726,-16.3493285495116,2.57692092812261,1924.9899670247,1966.55624035815,1999.73601449021,5.86,9.43623179736348,0.5,0,2.1155866044603
2.59,0.85520285526189,-0.0535379078410177,17.8028479529876,-2.87390705817342,0.812395327253692,0.272492318204475,16.4575325053864,7.37226972175884,-1.30969140604683,2036.95797137056,2102.6262743407,1999.73601449021,5.86,9.43623179736348,0.5,0,0.835633503505216
2.6,-0.708045283109337,-0.151263214403171,15.5151756282837,-0.760121346809107,0.718923674498414,-0.0857754814073234,-15.3803364766298,-2.17800576308154,1.66251775469366,2104.71984728515,2143.7835990228,1999.73601449021,5.86,9.43623179736348,0.5,0,-0.815603703070421
2.61,-1.4018826422077,0.102747882493944,13.3454893803186,0.766561113147622,-1.40170280267792,0.105172823700307,13.08641211324,-2.72681512809947,-1.71885014628983,2109.80729057783,2078.93786641329,1999.73601449021,5.86,9.43623179736348,0.5,0,-1.59725445174528
2.62,-1.35296018445784,0.112505553597702,13.8729965930651,0.766714160886658,0.431414531490291,-1.28726075926268,-2.55854687426993,13.6565633659374,0.240412805917521,2023.805999643,1967.03843354332,1999.73601449021,5.86,9.43623179736348,0.5,0,-1.30413542099221
2.63,0.141978666093878,0.15160988520735,15.6909821715033,0.0621460968463332,-0.155130573274905,0.138123148508069,-15.6320817064296,-1.35970775069454,1.66152043106739,1911.8929286978,1861.99368456258,1999.73601449021,5.86,9.43623179736348,0.5,0,0.308019248149687
2.64,1.5097754684787,0.0735303846989444,16.9232474294291,-1.8171639199609,-0.242102107774922,-1.49205068684177,-0.0889829650614493,-17.0202958347267,3.02939770980891,1882.9003004552,1884.94351778242,1999.73601449021,5.86,9.43623179736348,0.5,0,1.52934854295415
2.65,1.8127065172199,0.0148810616543988,18.0374806132257,-2.99140864855983,1.81195349462769,0.0543221582225797,17.9101511358275,3.67773284334088,-1.53261629727438,1942.97150024644,1984.52556615757,1999.73601449021,5.86,9.43623179736348,0.5,0,1.83223820806566
2.66,0.444824152524116,-0.0437684541517233,17.3336910445974,-2.52161803074702,-0.38248822799523,0.231272479324062,-15.3932196021764,8.35848030455983,0.928883609038495,2039.69090806446,2096.55352577127,1999.73601449021,5.86,9.43623179736348,0.5,0,0.395954957375608
2.67,-0.639709767586744,-0.0926410949228457,14.9289190331448,-0.87758224995089,-0.354876892877108,0.540253042671932,10.5568529535576,-10.5922438520166,-2.41658436310382,2083.96722917452,2112.95985741731,1999.73601449021,5.86,9.43623179736348,0.5,0,-0.805833068711985
2.68,-1.43111492245511,0.00506177894385378,14.4008594177455,0.883920949739304,0.109367495974518,-1.4269387841474,-0.168161658491069,14.4269813152881,0.0729583528060055,2081.76531535595,2049.94514289539,1999.73601449021,5.86,9.43623179736348,0.5,0,-1.39207113021813
2.69,-0.717897359486065,0.102829444994053,14.225033274998,0.414013917190618,0.602714363260066,0.403343414269853,-13.0035075174823,-5.78202139750519,2.01828943630527,2000.92623817606,1948.07420281721,1999.73601449021,5.86,9.43623179736348,0.5,0,-0.688585456410758
2.7,0.278665057870918,0.259091260535999,15.7501717113125,-1.11216306528291,-0.110082930480199,-0.364231031326584,7.9275890938296,-13.6549678424742,-2.68608233234158,1918.87710024889,1887.83667689544,1999.73601449021,5.86,9.43623179736348,0.5,0,0.366643054300301
2.71,1.54887022221479,0.0832848631775482,17.1578073327915,-2.16940864027936,1.47744204079493,0.47233499742228,15.2682125040301,8.12270726109793,-1.207647889923,1911.86698792531,1913.97887200365,1999.73601449021,5.86,9.43623179736348,0.5,0,1.56843108038789
2.72,1.40233029629449,-0.0339627852663703,17.9202494433743,-2.99140662144269,-0.957603606111232,1.02502637246619,-14.147620656372,11.3986263843924,0.727190444772987,1971.93818771666,2013.51819440009,1999.73601449021,5.86,9.43623179736348,0.5,0,1.42187156501136
2.73,0.190761768834117,-0.219575273177161,16.6300014986027,-1.46515434585207,0.269558334383671,-0.109277890736631,6.77714069758053,-15.2569325575587,-2.81144802898032,2049.80170568211,2102.72994215598,1999.73601449021,5.86,9.43623179736348,0.5,0,0.0832946579056646
2.74,-1.04028207858163,-0.102317685433523,14.7528190757358,0.0614526761769941,-0.328252578010531,-0.992424282653362,3.29947642008288,14.3792525002561,-0.221390863599923,2070.89918347599,2089.86951791356,1999.73601449021,5.86,9.43623179736348,0.5,0,-1.14780527125724
2.75,-1.51913244717664,-0.0729957346303762,14.2839453116703,1.35316352053103,1.37257147318448,0.655087261621911,-13.2216404030275,-5.57228590733792,2.06410919843917,2047.91413299082,2013.93334203725,1999.73601449021,5.86,9.43623179736348,0.5,0,-1.44092430201031
2.76,-0.307517415841868,0.180937823688017,14.3422807175178,-0.0554176103758941,-0.343494060409177,0.0965260977696337,9.97269947285157,-10.3077326563997,-2.37657692321114,1947.87888405837,1905.90366207411,1999.73601449021,5.86,9.43623179736348,0.5,0,-0.278218813356457
2.77,0.982179670100476,0.0247142352941984,16.7471110212589,-0.87793598282067,0.841499743266571,0.50711525304131,13.6499439491138,9.74246012741928,-1.00328594077362,1905.91135012175,1884.98624376086,1999.73601449021,5.86,9.43623179736348,0.5,0,1.11898189989985
2.78,1.72478132558016,0.0539492624015355,18.3307062213144,-3.10875270257842,-0.960000310176556,1.43393882311786,-13.1969169473803,13.0965841738168,0.621219818017576,1932.88511747359,1952.59705282319,1999.73601449021,5.86,9.43623179736348,0.5,0,1.86155011114097
2.79,0.933329763218223,-0.20979748252381,17.5684268373557,-1.93487285601371,0.0899095621481533,-0.952384219323609,-0.305606240466718,-17.6720106194583,3.01460968371067,2013.80049104346,2070.64282760527,1999.73601449021,5.86,9.43623179736348,0.5,0,0.884486675297394
2.8,-0.49318288925608,-0.239112662556625,15.4569672215177,-0.87797826279136,-0.452304509504472,-0.309555905018484,6.90692297816868,13.855796494271,-0.519176301838019,2078.81874876971,2125.74102868899,1999.73601449021,5.86,9.43623179736348,0.5,0,-0.620191015901707
2.81,-1.47020573661289,-0.102327082589467,14.2835847094711,1.11838390239249,1.26275668482892,0.759882421642069,-12.3394366276526,-7.28078831019762,2.1820008621003,2091.85169812886,2068.9093736217,1999.73601449021,5.86,9.43623179736348,0.5,0,-1.47023620508561
2.82,-1.43111969331762,0.122292259503774,13.6970247195919,0.766629311328085,-1.36940813976292,0.433336266757236,12.3668685161744,-5.93774113394593,-1.96251219267905,2015.83607873206,1963.8889185597,1999.73601449021,5.86,9.43623179736348,0.5,0,-1.40184176457656
2.83,0.268923072791989,0.376331861115014,15.8672805107453,-1.11214047735958,0.45999375045243,-0.0484875067917906,9.69567658989929,12.609571868709,-0.72547233385287,1896.05227218279,1851.02519459384,1999.73601449021,5.86,9.43623179736348,0.5,0,0.454578763526222
2.84,1.82243335842166,0.0833151870769998,17.0405639403562,-2.16952824050142,-0.932848150271274,1.56780071910342,-11.184986071959,13.0377819724746,0.582422728062098,1882.84994483771,1882.69115307136,1999.73601449021,5.86,9.43623179736348,0.5,0,1.82246757370722
2.85,2.01783905795918,-0.102289024105871,18.213663308088,-2.75691760579638,-1.20608959034324,-1.62095200679841,-9.47277278279109,-15.7988829222561,2.45125338689422,1950.91548038493,1997.70347865761,1999.73601449021,5.86,9.43623179736348,0.5,0,2.0081096265175
2.86,0.327581190610343,-0.141409258594572,17.5096099776766,-2.16965276373958,0.256534505504706,0.247983996143727,15.6151664900567,8.21342864906998,-1.20985688967847,2060.77312658029,2120.83364487695,1999.73601449021,5.86,9.43623179736348,0.5,0,0.327560516866559
2.87,-0.85463091775973,-0.0535737495575611,15.1047161743889,-0.760056334094812,0.855904621352262,0.0262950828166638,-14.9681745925806,-2.16422866302659,1.66411314342731,2099.85213759594,2123.94653759352,1999.73601449021,5.86,9.43623179736348,0.5,0,-0.981704487163828
2.88,-1.53859247868157,0.161307065120774,14.048945178547,0.414644931477472,-1.50977761032062,0.337429032669001,13.184303841111,-4.87020772393592,-1.89513770035777,2086.62386947855,2052.99699850003,1999.73601449021,5.86,9.43623179736348,0.5,0,-1.5484012799531
2.89,-0.942590613827667,0.0735135782464227,13.9316368401147,1.00111948533296,0.0702163464846803,-0.942841967749078,1.04984031771152,13.9280501354663,-0.00349758292360435,2000.91555668133,1943.16681900505,1999.73601449021,5.86,9.43623179736348,0.5,0,-0.913310046654779
2.9,0.48389066660153,0.0344484737424922,16.3951427568338,0.179079368982457,-0.477394448367807,0.0862056566291184,-16.2811328585984,1.9384241739165,1.46321688857539,1908.8563323714,1879.79808923321,1999.73601449021,5.86,9.43623179736348,0.5,0,0.620679547619629
2.91,1.55863941085706,0.122373689477341,17.5683890847792,-2.7565444704663,-0.468278276118531,-1.49165934082437,-1.24738158199544,-17.7395285067204,2.91575694498636,1908.83039159872,1924.8007519772,1999.73601449021,5.86,9.43623179736348,0.5,0,1.5977429834632
2.92,1.34370649014387,0.0148720741173274,17.9202283250738,-3.10882915405114,1.29241505566748,0.368010372309464,16.2953355417779,8.07845539151669,-1.28232435363356,1984.76666275011,2028.53332397437,1999.73601449021,5.86,9.43623179736348,0.5,0,1.35347712450231
2.93,-0.00461987157541087,-0.0828167160601652,16.6298209082063,-2.16952954365388,-0.0150879352770554,-0.0815616691923277,-16.671361724126,1.82304693937101,1.33214957020179,2062.88348473083,2109.7676164551,1999.73601449021,5.86,9.43623179736348,0.5,0,-0.0925767605461782
2.94,-0.903599626382051,-0.0340237944963969,13.2869728054929,0.179334786410908,-0.79411255204091,0.432475615590969,11.8198171569107,-6.07188024229108,-2.0318502402991,2107.64199902684,2091.99971312559,1999.73601449021,5.86,9.43623179736348,0.5,0,-1.23574098048316
2.95,-1.51907516066738,-0.0437840076482803,13.5798169823734,1.58843283352255,0.247996719646738,-1.49933452242214,-1.04211365739114,13.6326280396133,0.192735228009785,2049.72235743633,2006.04114816906,1999.73601449021,5.86,9.43623179736348,0.5,0,-1.5484012799531
2.96,-0.151207698897691,0.180976038786874,14.5183009027151,0.179250805630301,0.115910419789458,0.205379817424095,-14.3104327105292,-2.45452797712985,1.7530095057642,1937.8230198416,1887.9527793276,1999.73601449021,5.86,9.43623179736348,0.5,0,-0.0925767605461782
2.97,1.02122546224331,0.0442443238040386,16.6300136488558,-1.34753185208115,-0.0773290187610939,-1.0192542508032,0.807681347733933,-16.6649586526348,3.10916714513063,1887.79852870023,1879.76146696594,1999.73601449021,5.86,9.43623179736348,0.5,0,1.11898189989985
2.98,2.01782281774665,0.00516189479840306,17.6271953853106,-2.5219446870516,2.01741442376609,0.0409220204473087,17.5650023465675,2.92385271885253,-1.54795657331951,1924.96555217986,1950.74762832674,1999.73601449021,5.86,9.43623179736348,0.5,0,1.98856835780063
2.99,0.884504686513111,-0.151164544265357,17.9788384857823,-2.40460352891852,-0.722018977744542,0.53281127585979,-14.194536775359,11.2931783463343,0.76578657928547,2015.88490842146,2070.64282760539,1999.73601449021,5.86,9.43623179736348,0.5,0,0.89425730965583
3,-0.395444739911755,-0.278207970483491,15.1635804779204,-0.290894558627641,0.00629278385237647,0.48346315064936,8.80303922909979,-12.3501130717713,-2.54151557114154,2081.88128586871,2125.74102868901,1999.73601449021,5.86,9.43623179736348,0.5,0,-0.5908791128264
3.01,-1.40182363288381,0.083240262827389,14.3423170236323,0.414197516568196,-0.00408623463827852,-1.40428691575248,1.30520160246396,14.2888091164389,-0.0622201595608473,2099.75753007257,2075.89201924498,1999.73601449021,5.86,9.43623179736348,0.5,0,-1.42138303329344
3.02,-1.25526405726943,-0.0144298776092873,13.8730418672302,1.35349379669258,1.08249656439762,0.635686450152652,-12.5800591303445,-6.0029449759801,2.11327642548655,2018.93676402596,1974.01497545532,1999.73601449021,5.86,9.43623179736348,0.5,0,-1.23574098048316
3.03,0.210221643723273,0.132114975794703,14.5773268480195,0.0619581536332408,-0.00865908903259748,-0.248138119796365,7.26787957083777,-12.636464038274,-2.61539434048932,1918.87710024884,1872.08299826479,1999.73601449021,5.86,9.43623179736348,0.5,0,0.181001001490023
3.04,1.50001466498968,0.141907476611698,17.3923861847638,-2.40416769759195,1.49696184324728,0.171134353547474,16.5201462287168,5.94641808990262,-1.36264603891757,1892.9500609607,1887.67798040404,1999.73601449021,5.86,9.43623179736348,0.5,0,1.5977429834632
3.05,1.90058487969653,-0.072987722951131,17.8618161122695,-2.52199290361031,-0.965255408747648,1.63885084388912,-10.6881595770367,14.5316264709147,0.493895526980001,1950.88038404552,1987.6750811413,1999.73601449021,5.86,9.43623179736348,0.5,0,1.86155011114097
3.06,0.444804442591128,-0.307482790935211,17.0991610106136,-1.46527162935628,0.260530816715063,-0.473835786335196,-0.285696100158835,-17.1594494653249,3.03946093090309,2041.88214038835,2104.52452852665,1999.73601449021,5.86,9.43623179736348,0.5,0,0.34710178558343
3.07,-0.756924417556492,-0.0437235887540002,15.2220582876393,-1.23006052373268,-0.361526866077945,-0.666441783812077,5.36141818068834,14.2996259565108,-0.439345505409899,2084.02216257518,2115.81029055191,1999.73601449021,5.86,9.43623179736348,0.5,0,-0.854686240504165
3.08,-1.49951100144026,-0.0437978021953207,14.0489350533361,0.883916895511647,1.26423627717842,0.807563078888315,-12.1111223170174,-7.17458022697271,2.16844005807628,2081.77599685049,2052.99699849994,1999.73601449021,5.86,9.43623179736348,0.5,0,-1.52886001123623
3.09,-1.06959924647378,0.122313909105636,14.1075437675857,0.766578922858347,-1.00496883001928,0.386058144723898,12.1548081926161,-7.2021574684277,-2.05142443262151,2000.89114183663,1943.16681900494,1999.73601449021,5.86,9.43623179736348,0.5,0,-0.981704487163828
3.1,0.425251921382128,0.0931250485392468,16.0432568682412,-0.173385149326279,0.347158782502494,0.262663760416268,10.2952370565754,12.3054559972108,-0.70749353036265,1898.83556449367,1864.98438212895,1999.73601449021,5.86,9.43623179736348,0.5,0,0.581597010185886
3.11,1.76381753985326,0.0735015426586444,17.509739508068,-2.5215919677504,-0.922996063469341,1.50483655507411,-11.861040211724,13.1249810966754,0.591827849130631,1895.97292393708,1903.74905201742,1999.73601449021,5.86,9.43623179736348,0.5,0,1.81269693934879
3.12,1.70519364936776,0.0734977115089955,18.1549553667607,-3.34363483518626,-0.930987386226576,-1.43050682701209,-6.36011141588377,-17.3300686974313,2.60772420239694,1966.80191473416,2015.75215270279,1999.73601449021,5.86,9.43623179736348,0.5,0,1.70521996140599
3.13,0.19077540675863,-0.0633025665725947,17.0991625293966,-2.40429844699528,0.12363480435195,0.158483140779875,12.8947141410883,11.4842656468997,-0.982882165600244,2060.79906735284,2125.57622848631,1999.73601449021,5.86,9.43623179736348,0.5,0,0.122377195339407
3.14,-1.12822239000527,-0.102389007439704,14.9288088853018,0.179124834442715,1.10338989586698,0.256709968354074,-14.2313965515093,-4.51317766478022,1.88989011789858,2099.85213759597,2115.75563287331,1999.73601449021,5.86,9.43623179736348,0.5,0,-1.23574098048316
3.15,-1.49957467319804,0.0929362620838029,13.0521794436645,1.00162496277966,-1.49167545594873,0.179626510925513,12.6561903224838,-3.34417214221228,-1.75253449450035,2073.80607593945,2035.03377641174,1999.73601449021,5.86,9.43623179736348,0.5,0,-1.64610762353746
3.16,-0.629946422047568,0.093084327529818,14.0489767113536,0.883649315340023,0.0260001269169958,-0.636255593360492,2.36318334290544,13.8769574199992,-0.105862315791926,1953.07602622788,1914.23141412238,1999.73601449021,5.86,9.43623179736348,0.5,0,-0.581108478467964
3.17,0.855136581214976,0.0442426732776109,16.4539473939373,-0.642964801612484,-0.789179762532905,0.332281942150479,-15.6927702521469,4.9882612593871,1.22396994364516,1890.83512502693,1864.84399677114,1999.73601449021,5.86,9.43623179736348,0.5,0,1.00173428759862
3.18,1.89080454699216,-0.0827754770015491,17.5685559338102,-2.16967129742821,-0.731416620491187,-1.74557249685836,-5.52917916356795,-16.8163553992971,2.70105444174035,1903.9474226316,1926.63796905125,1999.73601449021,5.86,9.43623179736348,0.5,0,1.90063264857471
3.19,1.30465085508102,-0.112129558850574,18.3893654169805,-2.40434376766196,1.27308165131115,0.306512643665044,17.8208416949075,5.13490318091584,-1.42026411568329,1994.84236402842,2047.7355994378,1999.73601449021,5.86,9.43623179736348,0.5,0,1.37301839321918
3.2,-0.170699427733158,-0.209839793822137,15.9845776391206,-1.23010685796126,0.121815704630482,-0.241520118841316,-15.8773001114169,2.22063647521975,1.35503091601116,2078.76377252288,2123.94653759352,1999.73601449021,5.86,9.43623179736348,0.5,0,-0.268448178998021
3.21,-1.36266641215283,0.0734350758484823,15.3391056848866,-0.290262096411527,-1.20985812048829,0.631265229093811,13.3456418315885,-7.56744735030831,-2.10554492642108,2107.65268052118,2089.86951791356,1999.73601449021,5.86,9.43623179736348,0.5,0,-1.24551161484159
3.22,-1.41156972620806,0.093007102181906,14.1075585937939,0.883975682050609,0.255718888276387,-1.39132572145492,-0.754385882288805,14.1150814529845,0.115972486756635,2047.90039964064,2003.00760369829,1999.73601449021,5.86,9.43623179736348,0.5,0,-1.35298859278439
3.23,-0.22937731572342,0.132167286629745,14.6356067821718,0.296554461984818,0.20032721738443,0.173064007230163,-14.42878718097,-2.46962161424655,1.7605727990641,1939.97457804288,1896.16824269573,1999.73601449021,5.86,9.43623179736348,0.5,0,-0.151200566696792
3.24,0.913782964635816,-0.0241198650895918,16.3952241924685,-0.760628706599069,0.191006635409162,-0.893922557932304,3.74939339305401,-15.9788604579529,-2.9574752105552,1893.00041657823,1884.93713834892,1999.73601449021,5.86,9.43623179736348,0.5,0,0.991963653240187
3.25,1.66607869174542,-0.0143098831521875,18.0964227362493,-2.28743308346887,1.66531734625685,0.0523556692251688,18.0394630370581,2.70011838536812,-1.54795657329286,1921.92895585334,1942.80670004398,1999.73601449021,5.86,9.43623179736348,0.5,0,1.77361440191505
3.26,0.952845768042279,-0.0925571228994197,17.3339224780161,-2.52191370103559,-0.673081338266795,0.680766766780283,-12.8947098143021,11.8554365585703,0.682887727619662,2005.80005157653,2055.67042400959,1999.73601449021,5.86,9.43623179736348,0.5,0,0.874716040938958
3.27,-0.278214873779538,-0.131667177133759,15.5155807814046,-1.34753619591281,0.0277884130693726,0.306541295139207,6.60896577901955,-14.1021513293304,-2.78997164258019,2066.00095523078,2107.71062913334,1999.73601449021,5.86,9.43623179736348,0.5,0,-0.415007694374557
3.28,-1.28455463602774,0.0344019698658882,14.5181799787502,0.296650171127746,-0.353794870007562,-1.23535148780715,4.65231345495169,13.7557817202909,-0.305701020633162,2057.78688587113,2066.05894048719,1999.73601449021,5.86,9.43623179736348,0.5,0,-1.29436478663377
3.29,-1.08914182838335,0.219972556098598,14.0489006276187,-0.0551579938925754,1.03875724584536,0.394463220052934,-13.8522409662529,-2.34309015231191,1.73443296871096,2001.00558642148,1974.01497545543,1999.73601449021,5.86,9.43623179736348,0.5,0,-1.05009892767288
3.3,0.161423951294137,-0.0534345873140787,15.2808709525855,0.648505973526141,0.115540036645757,-0.124753545459578,5.74394169018131,-14.1750735774834,-2.71418571804972,1925.06931527039,1887.89771400747,1999.73601449021,5.86,9.43623179736348,0.5,0,0.229854173282201
3.31,1.4804834078596,0.0637533891887934,17.509648091869,-1.93463047009024,1.48069551051926,0.0586209920483625,17.2903127117321,3.37278189146718,-1.48819085789666,1905.76938042747,1905.64120249224,1999.73601449021,5.86,9.43623179736348,0.5,0,1.58797234910477
3.32,1.53909517842079,-0.0143956864174967,18.0963072365081,-2.87410513699556,-0.658388072056923,1.39123914213148,-10.1967729169435,15.2237524289148,0.432657145064797,1963.69970351232,2002.58644762483,1999.73601449021,5.86,9.43623179736348,0.5,0,1.57820171474633
3.33,0.278703333211513,-0.190283104130536,16.6885894561611,-1.34763349779218,0.161785946794341,-0.296156234242365,-0.30950384402255,-16.7400520145906,3.04252898609231,2041.89129595522,2099.73921893864,1999.73601449021,5.86,9.43623179736348,0.5,0,0.181001001490023
3.34,-0.844883414862261,-0.0925485931731432,14.9288514111929,-0.408207337029664,-0.541104046582004,-0.655438507855789,7.8529843766368,12.703065538199,-0.581028294766302,2066.05131084811,2089.86951791353,1999.73601449021,5.86,9.43623179736348,0.5,0,-0.903539412296343
3.35,-1.38228031606832,0.0148275701476787,13.5211572804479,1.0014171827555,1.35379817651624,0.279551831129284,-13.4623405918787,-1.60932170953511,1.76370221536735,2031.82017246021,2019.12140129002,1999.73601449021,5.86,9.43623179736348,0.5,0,-1.45069493636874
3.36,-0.258697784668795,-0.0632041373832443,14.0491881836473,0.883357409701741,-0.07588788667168,0.255265225660309,6.32245597811634,-12.5772238326902,-2.61300125736327,1947.97501751005,1911.9402324598,1999.73601449021,5.86,9.43623179736348,0.5,0,-0.287989447714892
3.37,1.23620921193406,0.220014518015882,16.923108497057,-2.28647628166937,1.25404285017172,0.0632149803572873,15.977410834243,6.02842583296946,-1.34429906876689,1911.87766941989,1895.91188682504,1999.73601449021,5.86,9.43623179736348,0.5,0,1.30462395271013
3.38,1.89077242799488,-0.131524918647834,16.9235484375196,-2.28750272959219,-1.01715510753811,1.59928567363686,-10.0800868268489,13.7851735577813,0.497024943269705,1952.7130233361,1981.57136993219,1999.73601449021,5.86,9.43623179736348,0.5,0,1.70521996140599
3.39,0.513133139147016,-0.346511150145181,16.7475388838107,-0.878413659763919,0.289740255848784,-0.547198483008211,-0.914831759792345,-16.745589033345,3.03461340365956,2031.82017246038,2086.61623983926,1999.73601449021,5.86,9.43623179736348,0.5,0,0.376413688658737
3.4,-0.756959415937904,-0.200008680328786,14.9875782288077,0.0613064337671431,-0.584207496076944,-0.521241432650382,8.31444886290103,12.4700120188256,-0.583973627767108,2066.04062935355,2091.99971312549,1999.73601449021,5.86,9.43623179736348,0.5,0,-0.825374337428856
3.41,-1.33343089109174,0.0832042765389039,13.8144506551351,0.414331017056836,1.29168436611409,0.341339114794227,-13.6305603485721,-2.28441276453935,1.76683163167374,2037.00832698789,2027.05622586175,1999.73601449021,5.86,9.43623179736348,0.5,0,-1.38230049585969
3.42,-0.522472311442817,0.161406168983507,14.1663493448902,0.179426006915355,-0.413846897400984,0.357435327187888,7.35819764786144,-12.1067987027305,-2.5828115941324,1958.86556423471,1925.16087093849,1999.73601449021,5.86,9.43623179736348,0.5,0,-0.493172769242042
3.43,1.10922366255947,0.073561214601395,17.3335118283356,-1.69977382130439,1.06001628631811,0.33489380199675,15.52829316466,7.88745679791753,-1.198566446513,1916.76674209831,1890.78476940942,1999.73601449021,5.86,9.43623179736348,0.5,0,1.27531204963482
3.44,1.55867702357714,0.0539661772826804,18.0374577591763,-3.10876428613376,-0.786252878189322,1.34691975397824,-12.2558416322696,13.5944342907507,0.5629881301824,1950.88038404559,1976.68840096496,1999.73601449021,5.86,9.43623179736348,0.5,0,1.61728425218007
3.45,0.542510316317661,-0.141409150165944,17.0991445209826,-2.05225861083852,0.0785888005184786,-0.555101604658832,0.0879546167515033,-17.221636761371,3.02725007116244,2023.88534788868,2078.68141526754,1999.73601449021,5.86,9.43623179736348,0.5,0,0.48389066660153
3.46,-0.68852292918001,-0.0730896820959552,15.0460574126643,-0.877625253906486,-0.450991891338153,-0.5253686701572,7.81786446769439,12.8854594375306,-0.603609181086403,2062.96435890427,2096.78502271343,1999.73601449021,5.86,9.43623179736348,0.5,0,-0.815603703070421
3.47,-1.34318451418683,0.0246165048664739,13.8143749330095,0.531615560558179,1.28586038454714,0.388990594893285,-13.4382454927862,-3.24547808028353,1.84623290038593,2044.92789228164,2034.97273929985,1999.73601449021,5.86,9.43623179736348,0.5,0,-1.39207113021813
3.48,-0.75701763011693,0.122377195339407,13.5800609999889,0.179230534401527,-0.547860117411985,0.536564219824913,7.91709537393341,-11.0349345801379,-2.50604885288271,1963.75005912973,1927.01639914605,1999.73601449021,5.86,9.43623179736348,0.5,0,-0.79606243435355
3.49,1.10923228866652,0.0540248010805697,17.4507152261864,-0.877826083820501,1.05767270139793,0.338590321878472,16.0333731201732,6.94470927600253,-1.21231133383748,1903.94742263162,1864.94165615042,1999.73601449021,5.86,9.43623179736348,0.5,0,1.40233029629449
3.5,1.95919320463649,0.014891784051438,17.8032200545291,-2.87395570911319,-0.755136588865306,1.80787956194071,-9.62982537135928,15.2473187493755,0.403265176228408,1926.77225069779,1952.48108231036,1999.73601449021,5.86,9.43623179736348,0.5,0,1.94948582036689
3.51,1.03100813219007,-0.121880206180626,17.5685290296832,-2.63930206216213,-0.233859882959807,-1.01150487316805,-3.45567928567257,-17.4263423677124,2.79671640302631,2018.98711964331,2078.62037815545,1999.73601449021,5.86,9.43623179736348,0.5,0,0.962651750164881
3.52,-0.678725765924388,-0.346511475433581,15.1632608105018,-0.0564398592637141,-0.655779550258197,-0.388190738426307,8.06169430377865,12.8427702937269,-0.564276713354513,2086.76425483602,2133.71247552793,1999.73601449021,5.86,9.43623179736348,0.5,0,-0.844915606145729
3.53,-1.55806134110698,0.0246113123372116,14.2831960459747,0.649099341220421,1.38560863398258,0.712916245277067,-13.0901294927882,-5.75148060107619,2.03019349053812,2094.89897594998,2071.00294656642,1999.73601449021,5.86,9.43623179736348,0.5,0,-1.55817191431154
3.54,-1.38230902558595,0.268766116190847,13.0520256127667,0.532286972445411,-1.32063668710333,0.488806923135743,10.874128804385,-7.23823353885454,-2.11732709336231,2013.69494729602,1956.05191093761,1999.73601449021,5.86,9.43623179736348,0.5,0,-1.45069493636874
3.55,0.532701069284028,0.0345398550657519,16.102003719312,0.178719554737964,0.39956994774554,0.353987694225288,11.4633184033349,11.3092349714623,-0.781065494170829,1890.92515476718,1843.98761556985,1999.73601449021,5.86,9.43623179736348,0.5,0,0.708615256845551
3.56,1.76383947859807,0.0344543529890934,17.6269541159691,-2.40434376766196,-0.727257315529322,1.60730009821132,-9.74949326855056,14.8807849714342,0.444438477080143,1884.98624376086,1895.75319033377,1999.73601449021,5.86,9.43623179736348,0.5,0,1.83223820806566
3.57,1.86149849906778,-0.170608504224603,18.0964177459636,-2.6398724075357,-1.03234469023369,-1.55838004488368,-9.27064542004102,-15.764022172668,2.46512099642468,1963.7500591296,2015.75215270265,1999.73601449021,5.86,9.43623179736348,0.5,0,1.84200884242409
3.58,0.132156455805175,-0.190291730237868,16.9818385692034,-2.05216246731473,0.0376669027880714,0.228598941034863,14.456375512436,9.14370925971401,-1.12708076023502,2070.84425007515,2136.54459752902,1999.73601449021,5.86,9.43623179736348,0.5,0,0.0637533891887934
3.59,-1.08906036226431,-0.0828839780149435,15.3389838207154,-0.290322041312757,1.08705560222152,0.105982754001084,-15.0596078241033,-2.92863854445149,1.7439439398727,2102.91314876723,2120.95571910105,1999.73601449021,5.86,9.43623179736348,0.5,0,-1.11849336818193
3.6,-1.61675668612048,0.0441167031922857,13.9316269318729,1.11897509818288,-1.57768196054983,0.356045077162255,13.225135148132,-4.52085551117083,-1.82003457008141,2081.73632272797,2039.91686630515,1999.73601449021,5.86,9.43623179736348,0.5,0,-1.60702508610371
3.61,-0.805793925942209,0.0735283727438708,14.0488821129471,0.766220990947097,-0.00237419609131412,-0.809138205671095,2.08054048728281,13.9150829861424,-0.093931813732605,1987.63653023275,1926.96326353889,1999.73601449021,5.86,9.43623179736348,0.5,0,-0.756979896919807
3.62,0.542497027775324,0.132182719651482,16.5711308306495,-0.877827966147445,-0.46898012419849,0.303039501758916,-15.9400412240466,4.61389691262698,1.23611944227465,1898.76994959852,1867.07795507355,1999.73601449021,5.86,9.43623179736348,0.5,0,0.757468428637729
3.63,1.7344881315608,0.00515582279047921,17.451201887281,-2.40439632805248,-0.749194157959473,-1.56434771541155,-5.3194028330375,-16.7937346207705,2.69792502540529,1898.76994959843,1916.62788266835,1999.73601449021,5.86,9.43623179736348,0.5,0,1.74430249883974
3.64,1.43164658470941,-0.112100487904597,17.9788770339098,-2.52187750242309,1.42016389898914,0.212868416883559,17.7560407909264,3.78456086866559,-1.50015627321391,1984.76666275011,2034.56989436012,1999.73601449021,5.86,9.43623179736348,0.5,0,1.44141283372823
3.65,-0.00462346177153362,-0.160975598442408,16.4539015411903,-1.46502287247401,-0.0556230067526959,-0.151131071631329,-15.817038485371,4.76429024056581,1.18942364204989,2065.94602182994,2117.74516700525,1999.73601449021,5.86,9.43623179736348,0.5,0,-0.0828061261877426
3.66,-1.05985192429234,0.0343488879838693,14.2250792000675,-0.642547938368803,-0.782242419337352,0.715934874776436,10.625900904133,-9.4792392140319,-2.34436234352612,2075.74247832033,2086.77493633067,1999.73601449021,5.86,9.43623179736348,0.5,0,-1.20642907740785
3.67,-1.35296206388885,0.141878670712982,13.9903308954367,0.296773391216833,-0.00486138422818444,-1.36037210735484,1.80385409046171,13.8767266828265,-0.108056904324941,2047.90039964045,2006.04114816905,1999.73601449021,5.86,9.43623179736348,0.5,0,-1.33344732406752
3.68,-0.141469834109723,0.229747768558555,14.3424936362634,-0.407476125001581,0.147969762936114,0.225616267980166,-14.348280602755,0.00205992871311372,1.54224999066308,1943.02032993605,1904.0664450001,1999.73601449021,5.86,9.43623179736348,0.5,0,-0.131659297979921
3.69,0.982161899837716,0.0637622803442321,16.8058784120468,-1.46491717251853,-0.15259755753568,-0.972327934043692,-0.0656916750189789,-16.8694758699455,3.05075137402137,1900.92150779958,1895.8691608465,1999.73601449021,5.86,9.43623179736348,0.5,0,1.07012872810767
3.7,1.67589914308012,0.0930118007607109,17.6856337790249,-2.63893254670236,1.67813343004564,-0.0340194623810081,17.5818939745378,3.25923479055172,-1.53562299139192,1939.91964464193,1966.66000344863,1999.73601449021,5.86,9.43623179736348,0.5,0,1.69544932704756
3.71,0.640252104048394,-0.0340021207999665,17.5682186195988,-2.75646758460256,-0.468996359917939,0.43717423910955,-14.18136728616,10.7298294910037,0.767443329096621,2018.93676402597,2070.58179049335,1999.73601449021,5.86,9.43623179736348,0.5,0,0.640220816336502
3.72,-0.424764883570921,-0.219568116881699,15.1636230038098,-0.643188219466253,-0.0162610268647952,0.477881725190759,7.97812682427658,-12.9111829846489,-2.63048917197048,2068.75830676933,2102.82769681034,1999.73601449021,5.86,9.43623179736348,0.5,0,-0.5908791128264
3.73,-1.32367219594082,-0.0143847230691429,14.1664257902411,0.648684649887614,-0.32245020935404,-1.28387727803405,3.93209377443356,13.6252357775735,-0.235197112038998,2049.85206129964,2055.98781699241,1999.73601449021,5.86,9.43623179736348,0.5,0,-1.36275922714282
3.74,-1.00123223843324,0.132098265723809,13.9903829679603,0.179458440870471,0.968997289601625,0.284535059052438,-13.8514874062298,-1.97466897409424,1.72522880311018,1987.88413325008,1956.00902738873,1999.73601449021,5.86,9.43623179736348,0.5,0,-0.962163218446957
3.75,0.571736018554127,-0.190138532493218,15.1638137194189,1.000426064647,0.369204232240956,-0.476154356638859,4.09175347304617,-14.6355612240828,-2.80309795795524,1911.94786209859,1878.06463524974,1999.73601449021,5.86,9.43623179736348,0.5,0,0.542514472752144
3.76,1.675894468597,0.102795157421471,17.5096720307628,-2.28669767239938,1.677010640138,-0.0826100909528902,17.4808712589048,2.49734677196192,-1.55875612764399,1908.80597675395,1913.81407180103,1999.73601449021,5.86,9.43623179736348,0.5,0,1.7345318644813
3.77,1.56839020275872,-0.0632148959241059,17.8031052056974,-2.87427541527786,-0.727908233057994,1.39068096823917,-10.2121470885747,14.8635145900731,0.441922671802023,1976.82268261161,2021.5506783513,1999.73601449021,5.86,9.43623179736348,0.5,0,1.51957790859572
3.78,0.0149138794156952,-0.297691771977928,16.3953023012472,-1.11312479008141,0.294871829550914,0.043513435165264,4.29374215574374,-15.8621802614762,-2.945026191748,2062.93841813162,2117.68412989325,1999.73601449021,5.86,9.43623179736348,0.5,0,-0.121888663621485
3.79,-1.04998934237196,-0.1511183777211,14.8111533244028,0.178695229271251,-0.516559343450697,-0.92654240478973,5.4627159000439,13.7681127893165,-0.36565081937515,2078.83400804752,2095.05156873007,1999.73601449021,5.86,9.43623179736348,0.5,0,-1.10872273382349
3.8,-1.55808493037794,0.0539095052020667,13.7554366431079,0.649177819820448,1.39883234776138,0.688333456893059,-12.8110394512936,-5.05081550461923,1.9934995502671,2052.79862788573,2016.13058279748,1999.73601449021,5.86,9.43623179736348,0.5,0,-1.57771318302841
3.81,-0.424773738583657,0.268840317579895,14.2249700647465,-0.172598770619339,-0.465347599120486,0.190156402310295,8.38969947084243,-11.4887991743044,-2.52298451769682,1945.74411106308,1901.11835248601,1999.73601449021,5.86,9.43623179736348,0.5,0,-0.366154522582379
3.82,1.26554141527639,0.0931067120386868,17.1576103974109,-1.81725745718305,1.22043709170072,0.347558971697603,15.4876006597341,7.6039624551699,-1.21992011076421,1896.01259805978,1874.81135717545,1999.73601449021,5.86,9.43623179736348,0.5,0,1.40233029629449
3.83,1.94943967791945,-0.00468257952295067,17.9790972572782,-2.87383524011619,-0.909812209464811,1.72411679648057,-10.8975569483856,14.5859562501297,0.483157333758357,1939.8937038693,1971.74439488581,1999.73601449021,5.86,9.43623179736348,0.5,0,1.94948582036689
3.84,0.698793733271691,-0.2390483763688,17.3926696907047,-1.81770255535436,0.163023659988183,-0.720333321586892,-0.0508696981391124,-17.4873215165591,3.03455204257408,2031.80643911009,2091.74335725494,1999.73601449021,5.86,9.43623179736348,0.5,0,0.640220816336502
3.85,-0.649465812258018,-0.0632694958107458,15.1634596986021,-0.995259620813408,-0.377174659280382,-0.532492391296666,6.65946779657707,13.6591559186615,-0.519176301856121,2078.83400804754,2115.81029055192,1999.73601449021,5.86,9.43623179736348,0.5,0,-0.737438628202936
3.86,-1.43116296842731,-0.0730215406661488,13.9905487321503,1.00096585840584,1.27678544192025,0.650675435912137,-12.6246494235943,-6.11192387122981,2.09308862223084,2078.72871902938,2050.00618000751,1999.73601449021,5.86,9.43623179736348,0.5,0,-1.46046557072718
3.87,-1.11846073113495,0.2297469372707,13.8729892884473,0.179695759011003,-1.04556156343953,0.458845376280596,11.2181216476786,-8.16369212189345,-2.18693526129547,1979.92336790573,1943.26613271839,1999.73601449021,5.86,9.43623179736348,0.5,0,-1.06964019638975
3.88,0.532715791496608,-0.0240607834830275,16.2778836703235,0.0612016025833297,0.38496418421127,0.369008960170652,12.2877304044417,10.6763722269553,-0.85169212501774,1896.08736852185,1858.86235978632,1999.73601449021,5.86,9.43623179736348,0.5,0,0.728156525562422
3.89,1.66611399132019,-0.0436720369194555,17.4510743819251,-2.0522840946606,-0.874095813817241,1.41908406627259,-10.534759753264,14.0630972417064,0.525864662214175,1898.7058606309,1908.58929500617,1999.73601449021,5.86,9.43623179736348,0.5,0,1.69544932704756
3.9,1.66611393108096,-0.0632366660013225,17.9789879773088,-2.63936982597179,-0.890406587080943,-1.40964911128688,-7.99462552334599,-16.3185858611563,2.54028834898046,1971.98854333403,2023.68697727449,1999.73601449021,5.86,9.43623179736348,0.5,0,1.64659615525538
3.91,0.0833558960413426,-0.219571454076736,16.9816171163472,-1.70005689447894,-0.0350460170314524,0.232231792699575,13.9651950109211,9.81013973588685,-1.05819327456819,2068.707951152,2125.54615401405,1999.73601449021,5.86,9.43623179736348,0.5,0,0.0246708517550509
3.92,-0.991503457562597,0.0831813137443329,14.2253362358114,-0.877321475125538,0.964647668956847,0.243830088567712,-13.8916015021291,-3.18642302569047,1.73467841313418,2091.92646859108,2104.82361037567,1999.73601449021,5.86,9.43623179736348,0.5,0,-1.15757590561567
3.93,-1.69489450923631,0.141752748822963,13.9901812592718,0.767017650056872,-1.60400526836087,0.56562208081796,12.4457406238802,-6.43560627026526,-1.99325410591187,2062.81939576322,2021.91079731238,1999.73601449021,5.86,9.43623179736348,0.5,0,-1.64610762353746
3.94,-0.493177516010839,0.278631396773628,14.3423035715637,-0.172692163024455,0.0638170616439743,-0.562838254039092,5.44418785832454,13.2699778781025,-0.401362981974014,1943.05084849192,1901.11835248632,1999.73601449021,5.86,9.43623179736348,0.5,0,-0.405237060016121
3.95,0.904018426381545,0.102797856091655,16.9816439481601,-0.994917905883419,-0.668542447444906,0.617144805065051,-14.2873540847003,9.23242146351249,0.938579448438968,1892.93632761061,1866.93756971584,1999.73601449021,5.86,9.43623179736348,0.5,0,1.12875253425829
3.96,1.92006418742125,-0.0728971367754071,17.5687841850234,-2.17006050493925,-1.09055068402999,-1.58197967178134,-8.77440919633508,-15.3746897071224,2.50009682578671,1911.87766941992,1939.77925928422,1999.73601449021,5.86,9.43623179736348,0.5,0,1.89086201421627
3.97,1.05058267647931,-0.0535420522273426,17.6856624912332,-2.40422880086216,1.04940470061485,0.0730786275363823,17.6378712841622,2.73285024178689,-1.55219048951622,2007.97602462237,2062.70800303349,1999.73601449021,5.86,9.43623179736348,0.5,0,1.03104619067393
3.98,-0.278223608315792,-0.248863755647129,15.2223132260184,-0.643322299146105,0.168701219051457,-0.332988654145461,-14.4144468733594,4.93522085287901,1.19868916875045,2073.89610567966,2112.89882030523,1999.73601449021,5.86,9.43623179736348,0.5,0,-0.434548963091428
3.99,-1.45053149813418,0.151650642359524,15.2801017980672,-0.407946707001283,-1.06183687425059,0.999770972217725,10.2844474830198,-11.3083186833436,-2.4302678893551,2062.92468478145,2066.05894048722,1999.73601449021,5.86,9.43623179736348,0.5,0,-1.2748235179169
4,-1.12825436443143,0.132133372534444,13.990379207166,0.414109771120565,-0.35383041743515,-1.07945410958205,6.25035622247055,12.5233878944583,-0.433332117177254,1992.78236149518,1972.12282498048,1999.73601449021,5.86,9.43623179736348,0.5,0,-1.10872273382349
4.01,0.259141920847339,-0.014315063638016,16.1019780446661,0.0611865439677781,-0.246537210300354,0.0811101727573528,-14.9723183352698,5.925126531258,1.19776875218645,1925.02964114728,1887.73291380492,1999.73601449021,5.86,9.43623179736348,0.5,0,0.376413688658737
4.02,1.32413131937791,-0.00457809037194467,16.9232491651862,-1.70006485817731,-0.551063927695474,-1.2040237777809,-5.55267689555007,-16.0765158576916,2.70890866306239,1908.84107309344,1916.67060864686,1999.73601449021,5.86,9.43623179736348,0.5,0,1.324165221427
4.03,1.20697587149502,-0.0437381543463132,18.271852332284,-2.16942876670788,1.20776761899425,0.0010765805848868,18.3370808213371,1.52265418869923,-1.60612690012225,1966.77597396157,2000.73702312872,1999.73601449021,5.86,9.43623179736348,0.5,0,1.324165221427
4.04,0.151762107089792,0.00518312273323585,17.3334180978077,-2.28726642504015,-0.0949141054655617,0.118532335222392,-13.0253226685107,11.6627586802482,0.709334363487792,2036.95797137059,2083.80242897189,1999.73601449021,5.86,9.43623179736348,0.5,0,0.181001001490023
4.05,-0.737414231740073,-0.268399386072296,14.6943426401531,0.530895208117331,-0.0644840103591701,0.782086818725892,5.66118545780008,-13.5704286800608,-2.71025860738352,2060.84789704258,2083.92450319608,1999.73601449021,5.86,9.43623179736348,0.5,0,-0.883998143579472
4.06,-1.23566271903662,0.0539631894687223,14.1660758195074,0.29656647992774,-0.608050686408371,-1.07705558992696,7.74750348325004,11.8634668448172,-0.557588352996328,2021.77498973799,2019.06036417783,1999.73601449021,5.86,9.43623179736348,0.5,0,-1.22597034612472
4.07,-0.219590103817867,0.0246757551430273,14.7528496683413,0.413994949114301,0.21550557845611,-0.0488472337079323,-13.7976845842274,5.23849837918683,1.23599672004288,1955.87016795855,1922.13343017887,1999.73601449021,5.86,9.43623179736348,0.5,0,-0.141429932338356
4.08,1.14819057882874,-0.141302131014216,16.4542556343229,-0.173737289452946,-0.265849588211917,-1.12589159957244,-5.54599378522535,-15.4924067226378,2.78726679300302,1916.7911569432,1905.79989898355,1999.73601449021,5.86,9.43623179736348,0.5,0,1.16783507169203
4.09,1.77358976449949,0.13209855486673,17.8029711912832,-2.99113006402705,1.76593726050179,-0.211036188618628,17.9186192669791,2.19447621600943,-1.61539242682958,1952.73743818085,1976.68840096514,1999.73601449021,5.86,9.43623179736348,0.5,0,1.75407313319817
4.1,0.493661300959966,-0.0144907181739923,17.5683852516657,-2.63890358779667,-0.332486517784685,0.365190602932356,-13.4437591259493,11.6136692332823,0.709211641275565,2036.94271209261,2089.60705833163,1999.73601449021,5.86,9.43623179736348,0.5,0,0.48389066660153
4.11,-0.815578945177845,-0.38557200183637,14.5184412092284,0.765328333090695,-0.146287140590605,0.89018810198482,7.62180439702074,-12.3805880448712,-2.53709757158245,2081.88128586885,2109.9080018128,1999.73601449021,5.86,9.43623179736348,0.5,0,-1.02078702459757
4.12,-1.72422306214412,0.0149151082748632,13.8729206539769,1.35330295759434,-0.392452491527932,-1.67903206353482,4.58931798538532,13.1615924870659,-0.238265167223983,2041.93097007795,2037.18838646849,1999.73601449021,5.86,9.43623179736348,0.5,0,-1.72427269840494
4.13,-0.561587112445693,0.151639341678215,13.7559408786729,0.531723142827411,0.572772802496812,0.101517936984761,-13.6554377655403,1.74288794522768,1.48248427523993,1955.84422718605,1912.10503266251,1999.73601449021,5.86,9.43623179736348,0.5,0,-0.561567209751093
4.14,1.45100889783434,-0.0632249556989109,16.8065436385028,-0.525610467191106,-0.276426921983385,-1.42583742881871,-3.40277868504545,-16.4668537570697,2.90655277938466,1892.9851573003,1871.72287930374,1999.73601449021,5.86,9.43623179736348,0.5,0,1.50980727423728
4.15,2.03738653120943,-0.0729054978339041,18.2722629819645,-2.63980131346311,2.03537807428663,0.116168773262173,18.2120631070332,3.0273590540389,-1.54955196211203,1939.91964464193,1976.6456749867,1999.73601449021,5.86,9.43623179736348,0.5,0,2.07650406702655
4.16,0.503451982584887,-0.131639250713435,17.6855736063358,-2.6393811199333,-0.450384748325488,0.260665244274788,-14.4248686739846,10.5673558764565,0.790392382007166,2041.82720698761,2099.73921893858,1999.73601449021,5.86,9.43623179736348,0.5,0,0.522973204035273
4.17,-0.844850295911275,0.0147947162486499,15.0460869204254,-1.22963786871109,-0.471645771706669,0.701099973014881,9.21058446089772,-11.9608475784049,-2.56691906816772,2089.75049554504,2117.90386349658,1999.73601449021,5.86,9.43623179736348,0.5,0,-0.981704487163828
4.18,-1.40181154910436,0.0539424675340872,14.1662778898182,1.00131973607603,-0.0546638092403515,-1.401783605613,2.0942270922613,14.0463619258314,-0.0774377133625836,2081.76531535594,2045.12321104023,1999.73601449021,5.86,9.43623179736348,0.5,0,-1.40184176457656
4.19,-0.83511973198933,0.0735038317088581,13.8729777167777,0.766402997584997,0.777958373901421,0.312423668294308,-13.4995150751378,-3.28785295003357,1.8648866760366,1979.93862718367,1943.1301967379,1999.73601449021,5.86,9.43623179736348,0.5,0,-0.854686240504165
4.2,0.601067438802515,0.0734835434899477,16.2194985062947,-0.525247322683372,0.127522058566982,-0.591962855026642,5.81081517186425,-15.1519782069575,-2.80776140178664,1911.93260282091,1882.84994483771,1999.73601449021,5.86,9.43623179736348,0.5,0,0.68907398812868
4.21,1.49027107757514,0.024620131207775,17.5682650509326,-2.1693042434764,1.47465201426876,0.216599797623928,16.9865628000428,4.98061261701678,-1.40843811052532,1918.87710024886,1932.74158498519,1999.73601449021,5.86,9.43623179736348,0.5,0,1.55866044602946
4.22,1.18738142451147,0.0246301789344703,17.9789033594617,-3.22615872862184,-0.714206376445491,0.948889110925952,-13.6443331794683,12.1441853674418,0.665952062872841,1984.75750718337,2023.68697727431,1999.73601449021,5.86,9.43623179736348,0.5,0,1.22645887784264
4.23,-0.102327010304088,-0.200058834639103,15.9847313977024,-0.995387619118031,0.154597096186874,0.163076951791219,6.25867778089568,-14.7421635726886,-2.80230026351589,2055.91457245794,2107.61300639825,1999.73601449021,5.86,9.43623179736348,0.5,0,-0.239136275922714
4.24,-1.16727502520632,0.0344261615203898,14.63535415813,-0.525367791673701,-0.397032790011798,-1.09821724113351,4.89084802788251,13.8039562524147,-0.376389012576988,2060.83874147574,2075.78825615441,1999.73601449021,5.86,9.43623179736348,0.5,0,-1.19665844304942
4.25,-1.34318723695435,0.151561092283057,13.7556984521695,0.414612931856032,1.26415321681375,0.478580570678068,-13.4320166923367,-2.99534161108042,1.82033851448896,2013.81422439369,1990.12877304706,1999.73601449021,5.86,9.43623179736348,0.5,0,-1.35298859278439
4.26,0.141846611952719,-0.0436414720642164,14.8704922834294,0.648484254347619,0.106417901804438,-0.10344210739316,6.57491006486149,-13.3537496688628,-2.6404910319758,1929.95381016497,1885.10221427382,1999.73601449021,5.86,9.43623179736348,0.5,0,0.132147829697843
4.27,1.40230971893181,0.0735806112946017,17.3337102825007,-1.93475412455992,1.38338841842777,0.24108740723853,16.4653542160599,5.75264254233243,-1.34583309637612,1908.81665824862,1905.70223960426,1999.73601449021,5.86,9.43623179736348,0.5,0,1.4609541024451
4.28,1.66609617286635,-0.0437029632010495,17.8617812526055,-2.75675268489769,-0.945305172315479,1.37265601569587,-12.0523173731871,13.4679085539511,0.5768557397492,1966.74698133339,2002.62917360345,1999.73601449021,5.86,9.43623179736348,0.5,0,1.65636678961382
4.29,0.20051642802648,-0.190288272566619,16.6887343913474,-1.23024687420901,0.223072052575937,-0.163264582639484,4.19415479585923,-16.199889768292,-2.96183913418343,2049.80170568203,2102.76665969827,1999.73601449021,5.86,9.43623179736348,0.5,0,0.112606560980971
4.3,-0.903456524557939,-0.053561569399889,15.0459276652953,-0.290384882112935,-0.441170972256443,-0.790234589676505,6.28245010964733,13.6746145579629,-0.449960976406126,2066.02537007563,2091.96309085829,1999.73601449021,5.86,9.43623179736348,0.5,0,-0.93285131537165
4.31,-1.411612398935,-0.0437339738164182,13.9318454918117,1.23593428851881,1.34539384947197,0.429508573949114,-13.5465206544433,-3.48075143208908,1.910784781943,2028.76984278357,2016.06954568535,1999.73601449021,5.86,9.43623179736348,0.5,0,-1.40184176457656
4.32,-0.375956384413473,0.219937810718025,14.5184472843533,-0.28975821170184,-0.38391034880729,0.20573936823893,7.82970900305019,-12.2296740879449,-2.59207712082637,1947.87888405838,1906.00132145347,1999.73601449021,5.86,9.43623179736348,0.5,0,-0.287989447714892
4.33,1.23619821244135,0.0442799366180007,17.1577485342386,-1.34767693613525,1.17133064663282,0.397657200976966,15.5605035857835,7.35359069062022,-1.20770925103363,1905.78006192215,1887.67798040406,1999.73601449021,5.86,9.43623179736348,0.5,0,1.36324775886074
4.34,1.76382808153404,-0.0142966548465333,17.9202808315326,-2.87449695081162,-0.955747945994069,1.48251130156771,-12.0160709244065,13.6019571143586,0.564522157819527,1947.83005436885,1981.53474766513,1999.73601449021,5.86,9.43623179736348,0.5,0,1.76384376755661
4.35,0.522967963313525,-0.170694668917933,17.2165282922488,-1.93494539804214,0.11318515492298,-0.538350519043457,0.0632590880258528,-17.3248047151761,3.03332482046068,2031.82017246021,2091.74335725479,1999.73601449021,5.86,9.43623179736348,0.5,0,0.444808129167786
4.36,-0.756906358149394,-0.219563490589952,15.1047353399681,-0.290949580509324,-0.522472321527129,-0.590032231869646,6.2037306765362,13.775028386246,-0.442413560602777,2078.81874876973,2113.01479081816,1999.73601449021,5.86,9.43623179736348,0.5,0,-0.874227509221036
4.37,-1.51904725834051,0.0148212451392125,14.0489329559714,1.00145729081885,1.31256971985632,0.764777727771674,-12.702873712799,-6.08378445898536,2.0886092616435,2073.85643155686,2048.11402953267,1999.73601449021,5.86,9.43623179736348,0.5,0,-1.52886001123623
4.38,-1.09891516141196,0.219993832223393,13.8143169300092,0.414506797539889,-1.01566049863385,0.473756867720399,10.8838991691395,-8.51750591452404,-2.20482719278939,1973.82576040787,1937.9847681887,1999.73601449021,5.86,9.43623179736348,0.5,0,-1.05009892767288
4.39,0.757436695163958,0.0833158135548454,16.4538380416453,-0.525490577375109,0.65695740687128,0.386081387179138,12.8748251575155,10.2588402761233,-0.929927532742538,1887.85346210135,1853.95497597423,1999.73601449021,5.86,9.43623179736348,0.5,0,0.943110481448008
4.4,1.95917694032751,-0.0827319127497871,17.2167524933706,-2.40459860590909,-0.940992185335413,1.72039314112676,-9.77365330481431,14.3761734112669,0.458306086605368,1900.84521140968,1916.46918617714,1999.73601449021,5.86,9.43623179736348,0.5,0,1.90063264857471
4.41,1.69540682298597,-0.0925076914460919,17.9790947259767,-2.99186851577912,-0.757383406860147,-1.51964875659376,-6.28355841091479,-17.1089455571632,2.62472122820312,1984.8078628007,2041.71123647454,1999.73601449021,5.86,9.43623179736348,0.5,0,1.64659615525538
4.42,-0.0436863133671344,-0.287904246830628,16.1019780446661,-1.7003498136759,-0.230746777224809,0.177632412918045,10.4487285607976,12.3688705184649,-0.806653074589654,2081.85534509622,2146.67675813591,1999.73601449021,5.86,9.43623179736348,0.5,0,-0.219595007205843
4.43,-1.38212970856901,-0.219525624869001,15.2214324048784,0.88326445166388,1.32494891315104,0.450537910528125,-13.8759634956733,-6.31900289718221,2.05608787646402,2125.69830271059,2115.81029055183,1999.73601449021,5.86,9.43623179736348,0.5,0,-1.32367668970908
4.44,-1.72422455605141,0.1710003536647,13.5210451798887,0.532457250733653,-1.7158607672258,0.240859436475733,13.0132137597804,-3.70923726967023,-1.8091094324125,2068.62860290652,2021.91079731257,1999.73601449021,5.86,9.43623179736348,0.5,0,-1.76335523583869
4.45,-0.571278870928914,0.22002456574315,14.2246987090506,0.0621020793451929,0.154587860281343,-0.592345297401703,1.65652628887059,14.1280511991501,-0.112352181614225,1966.73629983868,1901.01458939568,1999.73601449021,5.86,9.43623179736348,0.5,0,-0.502943403600478
4.46,0.943094361710592,0.0637910019094304,16.8643821857015,-0.99526845327698,-0.862903975419506,0.38586655234696,-16.1687831508784,4.89575297777237,1.2178338332455,1887.77411385554,1864.78295965909,1999.73601449021,5.86,9.43623179736348,0.5,0,1.07989936246611
4.47,1.86149625820724,-0.014422456265437,17.6272061614293,-2.87399234210987,-0.654201447428043,-1.7428128966551,-3.63959481760743,-17.4851816863218,2.77474912774293,1914.00328684842,1942.77007777649,1999.73601449021,5.86,9.43623179736348,0.5,0,1.86155011114097
4.48,1.01155349802544,-0.141424534997425,18.0960167875657,-2.75675847667539,0.920162067594245,0.443331870980904,16.3918922336596,8.14686503353722,-1.26072524499039,2007.96534312774,2062.64696592151,1999.73601449021,5.86,9.43623179736348,0.5,0,1.06035809374924
4.49,-0.40517755673958,-0.0633135419698597,15.8672000153035,-1.46472213437565,0.399220066327174,-0.0938125563235097,-15.9325564224772,-0.259023360253389,1.49500194050016,2078.79433392487,2117.90386349656,1999.73601449021,5.86,9.43623179736348,0.5,0,-0.444319597449864
4.5,-1.1478865928024,0.0929785492825952,13.5216613713747,0.179470314030034,-1.09578681447054,0.354316098695343,12.4191213469855,-5.35097755597935,-1.96435302590819,2096.67057812856,2068.90937362167,1999.73601449021,5.86,9.43623179736348,0.5,0,-1.33344732406752
4.51,-1.1868497743036,0.161307595223629,13.9902739772826,0.532147969780004,0.180729729208309,-1.18404784194796,0.302878344791968,13.9971144215308,0.0163834148002522,2023.79531814853,1974.01497545542,1999.73601449021,5.86,9.43623179736348,0.5,0,-1.14780527125724
4.52,0.112541214603328,0.220067202329354,15.8088719140803,-0.760085437780592,-0.102722771645113,0.224817994633453,-15.8270126753962,-0.0618937910478711,1.5266642702159,1925.0052263027,1885.10221427376,1999.73601449021,5.86,9.43623179736348,0.5,0,0.229854173282201
4.53,1.19711968687076,-0.0437126735953697,16.9232311567723,-1.23012611562474,0.169321112496377,-1.18589067935851,3.00241316798396,-16.7001340777435,-3.03627015356028,1903.95810412614,1911.72049885645,1999.73601449021,5.86,9.43623179736348,0.5,0,1.21668824348421
4.54,1.49026600552041,0.00505847788870297,17.8029087765827,-3.10858503059102,1.46391207229053,0.279069525406021,16.8840872344876,6.44472342757637,-1.37902945371423,1955.78929378535,1989.76865408592,1999.73601449021,5.86,9.43623179736348,0.5,0,1.51957790859572
4.55,0.32758244356436,-0.112189291030903,17.1576827203597,-1.81700450125931,-0.341662603838492,0.0562437506921011,-15.9737042757832,6.52137664914044,1.07768507145965,2034.80183538597,2078.62037815551,1999.73601449021,5.86,9.43623179736348,0.5,0,0.29824861379125
4.56,-0.600616784852781,-0.00468500109632808,14.7529709539187,-1.22992847118695,-0.351451245515502,0.487077502567884,9.71725333883383,-11.168610636974,-2.50874874154181,2060.77312658029,2081.87365622979,1999.73601449021,5.86,9.43623179736348,0.5,0,-0.776521165636678
4.57,-1.47987470096755,0.171131263274215,14.5177604333432,-0.0553140823145678,-0.0962444965825124,-1.48662437646879,2.54151109040833,14.2936751405991,-0.179777732539905,2028.8095169062,2027.07992090046,1999.73601449021,5.86,9.43623179736348,0.5,0,-1.39207113021813
4.58,-0.366165558217222,0.151628402423078,14.1663988137832,0.179410948299804,0.356584785163422,0.172961496975082,-14.152317979186,-0.656459789734093,1.6298122862181,1961.03238171389,1925.16087093846,1999.73601449021,5.86,9.43623179736348,0.5,0,-0.356383888223943
4.59,0.864867988470676,0.0735572027371631,16.5714085507522,-1.11263219933975,0.0381583597580363,-0.867151220454891,3.23227409195843,-16.2911612833893,-3.01277072709708,1908.87159164937,1890.83387482141,1999.73601449021,5.86,9.43623179736348,0.5,0,0.982193018881752
4.6,1.71501276341462,-0.0339862058708512,18.0374242013344,-2.52163888115362,1.70249826357159,0.209579348697052,17.68399581932,4.35702034974625,-1.46812577688122,1934.73149011428,1955.58787131546,1999.73601449021,5.86,9.43623179736348,0.5,0,1.78338503627348
4.61,0.943088265606437,-0.151161688974043,17.4511848190648,-2.52197234279769,-0.804442572670861,0.514915022321867,-14.702489526071,9.73349874519767,0.842487959413028,2015.90016769946,2065.79648090537,1999.73601449021,5.86,9.43623179736348,0.5,0,0.89425730965583
4.62,-0.571248787982163,-0.22922649136527,14.9286324173157,-0.408931888518294,-0.127835625806601,0.602102993589433,8.65538704849939,-12.1702738745455,-2.55078109784089,2073.93577980245,2107.81442886807,1999.73601449021,5.86,9.43623179736348,0.5,0,-0.717897359486065
4.63,-1.43112577737423,-0.141351839560967,13.8730622623005,1.47032165846055,-0.372100070544389,-1.38911585935556,3.7058202442291,13.4495575626289,-0.16327352112155,2048.01942200885,2048.13772457156,1999.73601449021,5.86,9.43623179736348,0.5,0,-1.48000683944405
4.64,-0.874171608190084,0.0343799949794391,14.1661303510195,0.883985238482561,0.860501518885386,0.157781876704415,-14.1486093187914,-1.13028021664572,1.71283386007219,1973.8349159748,1937.98476818861,1999.73601449021,5.86,9.43623179736348,0.5,0,-0.815603703070421
4.65,0.845392933561788,-0.00454581475442018,16.5711084828562,-0.760683873287832,0.166516787526223,-0.828843794704367,3.92313014320677,-16.1179814550437,-2.94870656966258,1909.0971812366,1877.9028997181,1999.73601449021,5.86,9.43623179736348,0.5,0,0.943110481448008
4.66,1.79314444223492,0.0344078009224918,17.6269461604454,-2.63899799379078,1.78811224480078,0.138583864413659,17.2905193603254,4.32567701113751,-1.47426188729588,1926.81192482054,1947.65304674372,1999.73601449021,5.86,9.43623179736348,0.5,0,1.79315567063192
4.67,1.07989373622004,-0.0730579968135732,17.7443552447416,-2.63920041644781,-0.795536061443634,0.733914386947444,-14.1166281256829,11.0701550237991,0.758116441260196,2007.95008384971,2057.5625744844,1999.73601449021,5.86,9.43623179736348,0.5,0,1.07012872810767
4.68,-0.483390858296338,-0.190283104130536,14.9876890275551,-0.643122193186871,-0.0704482971528007,0.514695462414712,7.89123004284772,-12.758248976757,-2.63055053316841,2070.88392419797,2109.96903892485,1999.73601449021,5.86,9.43623179736348,0.5,0,-0.639732284618578
4.69,-1.36270272372812,0.102835926622536,14.4594309579906,0.296575601978529,-0.213412011802183,-1.34981082166313,3.61501313131723,14.0033846186195,-0.2321290568448,2049.86732057735,2052.99699850004,1999.73601449021,5.86,9.43623179736348,0.5,0,-1.33344732406752
4.7,-0.991429822409961,0.161340822603356,13.9315452069466,0.297188227343177,0.954870864468,0.311746028029723,-13.8117991834115,-1.84674741445105,1.72504471978726,1984.83227764566,1955.94799027675,1999.73601449021,5.86,9.43623179736348,0.5,0,-0.981704487163828
4.71,0.757388986525255,-0.131545809247815,15.9262888092553,0.530818756637933,0.377600627434712,-0.669597000442301,4.83358297282032,-15.1843643078356,-2.80009126381547,1916.81557178795,1884.94351778243,1999.73601449021,5.86,9.43623179736348,0.5,0,0.7770096973546
4.72,1.58796097613642,0.0539600088936668,17.5096720307628,-2.63899538749567,1.57481754167143,0.210906270025098,16.8268589950146,5.51450157693315,-1.4036966175759,1926.79666554257,1939.77925928409,1999.73601449021,5.86,9.43623179736348,0.5,0,1.5977429834632
4.73,1.20684922674166,-0.0534942231124358,17.2753642451912,-2.87405706523367,-0.863399301010344,0.84491912927108,-13.8989446121661,10.6544710092142,0.751918969742632,1997.88964184947,2041.71123647459,1999.73601449021,5.86,9.43623179736348,0.5,0,1.09944063118298
4.74,-0.414984852056251,-0.19022599833477,15.1049300333322,-0.878255978575739,0.00350657659323222,0.456493222073673,6.98971599594387,-13.4191696901042,-2.71946277301219,2060.81280070312,2099.89791542999,1999.73601449021,5.86,9.43623179736348,0.5,0,-0.561567209751093
4.75,-1.29437050926092,0.0929393944669307,14.5770792865892,-0.0552270608579351,-0.312608730908774,-1.25948740670475,4.46324535285921,13.8770937690836,-0.314966547352045,2044.9675664044,2052.93596138781,1999.73601449021,5.86,9.43623179736348,0.5,0,-1.25528224920003
4.76,-0.971870771383566,0.0734093300529989,13.9901616597557,0.649412966010525,0.962802999278865,0.151433518707517,-13.997022502289,-0.479292746591568,1.65141139485443,1984.8322776454,1958.99984588127,1999.73601449021,5.86,9.43623179736348,0.5,0,-0.942621949730086
4.77,0.689033761070844,0.0540574622234813,16.5126244533673,-0.760554427037021,0.0841222817110626,-0.686012517988703,4.03090767813689,-16.0311257453981,-2.94128316435874,1916.81557178798,1884.98624376086,1999.73601449021,5.86,9.43623179736348,0.5,0,0.796550966071473
4.78,1.54888405290091,0.0344357273433711,17.6855992086575,-2.52177209205488,1.54463164484748,0.119752705122627,17.3471856341998,4.26789226974474,-1.47119383205547,1929.86378042506,1942.80670004397,1999.73601449021,5.86,9.43623179736348,0.5,0,1.60751361782164
4.79,0.913908223908675,-0.0339529543955646,18.9168117338212,-2.75662874084074,-0.650023493167946,0.643312135102266,-14.9526431107896,11.9106352554775,0.753452997341404,2000.92623817609,2041.71123647457,1999.73601449021,5.86,9.43623179736348,0.5,0,1.12875253425829
4.8,-0.463831951840484,-0.248860647359148,14.9876924990559,-0.760833735538078,0.0337909513439087,0.525290274952279,6.91560260645164,-13.3185673031685,-2.71338802369298,2066.0009552308,2112.85609432681,1999.73601449021,5.86,9.43623179736348,0.5,0,-0.678814822052322
4.81,-1.3433280617746,-0.0241823200371289,14.1669901985049,0.531433988297694,-0.427429683129034,-1.27374209796712,4.77133628149644,13.3499207285035,-0.30576238173852,2055.95424658064,2057.88607117826,1999.73601449021,5.86,9.43623179736348,0.5,0,-1.38230049585969
4.82,-1.12825238861906,0.112507842649851,13.6384787093378,0.649281203064791,1.09751915744115,0.284715939371156,-13.5760389991497,-1.45630789302303,1.72522880309362,1990.0097506785,1958.99984588128,1999.73601449021,5.86,9.43623179736348,0.5,0,-1.1380346368988
4.83,0.71839752922043,0.112612379989193,16.9816121260684,-1.11256226361603,0.0815463562577802,-0.722583386120888,5.56751282027139,-16.0815343231537,-2.87372458872337,1911.94786209885,1874.915120266,1999.73601449021,5.86,9.43623179736348,0.5,0,0.933339847089572
4.84,1.75400316052537,0.161331449539687,17.3926442330347,-3.22571131372622,1.76139830994476,0.0055603477697298,17.0088315138732,4.85890290385488,-1.47591863707697,1924.97470774666,1942.80670004395,1999.73601449021,5.86,9.43623179736348,0.5,0,1.72476123012287
4.85,1.20684164877864,-0.0536812024284514,17.5100578736742,-2.87321436146297,-0.86611847225798,0.842132548197976,-14.0917845927972,10.783278466985,0.75498702494126,2002.76345524997,2047.79053283873,1999.73601449021,5.86,9.43623179736348,0.5,0,1.13852316861672
4.86,-0.454060956052335,-0.258630703430042,15.1049669180335,-0.64341149252305,0.00671803171232921,0.522509388066656,7.86977942017495,-12.9089339537155,-2.63668664355,2070.86866491999,2117.74516700521,1999.73601449021,5.86,9.43623179736348,0.5,0,-0.649502918977014
4.87,-1.34307127845694,0.00510611424313824,14.5176531061133,0.766220990947097,-0.198721241301238,-1.32829830974609,2.9599420662896,14.2333442760519,-0.152306281619675,2061.04783008988,2063.0918170337,1999.73601449021,5.86,9.43623179736348,0.5,0,-1.32367668970908
4.88,-1.20639380192822,0.112559527008129,13.6383723946067,0.414289316260624,1.11341982423056,0.477861849765701,-13.1056776272842,-3.79711089398745,1.88317228506319,1997.94457525023,1966.97739643148,1999.73601449021,5.86,9.43623179736348,0.5,0,-1.22597034612472
4.89,0.483837644953974,0.102818252740017,16.219321242761,-0.17299319072003,0.100280405833645,-0.484370003176247,6.67619048905957,-14.7825839680924,-2.72805332755937,1914.08263509425,1872.02196115287,1999.73601449021,5.86,9.43623179736348,0.5,0,0.659762085053373
4.9,1.57818400472113,0.00519451979722821,17.8029416111996,-2.05234259162569,1.56087769524967,0.233136346942384,17.2890093217512,4.7166722164661,-1.41923862265113,1905.75412114949,1913.81397286166,1999.73601449021,5.86,9.43623179736348,0.5,0,1.68567869268912
4.91,1.69541383471176,-0.0241823200371289,18.272314982159,-3.10891371401952,-0.957936886024248,1.39906031961763,-12.6970482902569,13.502881322271,0.58612126643276,1976.82268261167,2021.48964123908,1999.73601449021,5.86,9.43623179736348,0.5,0,1.72476123012287
4.92,-0.131611878482768,-0.0926004702947546,16.2192147110622,-2.05213003335941,0.0534216155642249,0.151798104886328,6.37539350954446,-15.0541861658414,-2.86685214504551,2065.9856959528,2120.83364487695,1999.73601449021,5.86,9.43623179736348,0.5,0,-0.219595007205843
4.93,-1.20632810616775,0.0637296312499466,14.8111996834139,-0.407919485642446,-0.284235194779779,-1.17409510674307,3.84869297925965,14.308235276236,-0.290299383511366,2073.96019464728,2086.81766230905,1999.73601449021,5.86,9.43623179736348,0.5,0,-1.22597034612472
4.94,-1.41166001119316,0.0441645082137586,13.5801454731842,1.00129222512315,1.22883676773755,0.696200179003114,-12.4852479923006,-5.43521110571532,2.05498337656228,2039.69090806445,2001.15207549074,1999.73601449021,5.86,9.43623179736348,0.5,0,-1.45069493636874
4.95,-0.170765689733015,0.180893657052941,14.6942840585695,0.0622961039028235,-0.246234497413896,0.0353837283974569,8.41366307461859,-12.0472460946595,-2.52770932263926,1934.75743088694,1890.98619187926,1999.73601449021,5.86,9.43623179736348,0.5,0,-0.0828061261877426
4.96,1.21662848720738,0.0540664136179176,16.9818944025197,-1.23034779594869,1.15997544329356,0.370897592229892,15.5032295543259,7.03906006390069,-1.21691341664322,1898.74553475374,1882.84994483771,1999.73601449021,5.86,9.43623179736348,0.5,0,1.34370649014387
4.97,1.78333713487148,0.0442181081471726,17.8617752498049,-2.99141342677896,-0.669514503015811,1.65348024117351,-9.85612682462835,15.1936938688818,0.409524008807049,1937.75893087401,1966.61727747009,1999.73601449021,5.86,9.43623179736348,0.5,0,1.79315567063192
4.98,0.747565800377491,-0.200041739043353,17.5690102665453,-1.93484679301375,-0.00509755742065113,-0.773850979298903,-2.78746573273192,-17.4540479158061,2.87354050537128,2021.7353156153,2078.62037815546,1999.73601449021,5.86,9.43623179736348,0.5,0,0.708615256845551
4.99,-0.483311958327957,-0.131593168505778,15.3392606006389,-0.878136812727909,-0.397757420422592,-0.304460581289204,8.60511807730432,12.7285499139466,-0.651654925602726,2075.79741172121,2112.95985741731,1999.73601449021,5.86,9.43623179736348,0.5,0,-0.629961650260142
5,-1.38229447204147,0.132045424788075,14.1664711367288,-0.172626426342147,1.23688813207463,0.631095674503324,-13.1104217516088,-5.36987391339728,1.94735599999397,2086.65896581783,2066.1199775992,1999.73601449021,5.86,9.43623179736348,0.5,0,-1.42138303329344
5.01,-1.2845579370806,0.161290728531053,13.5797147177283,0.767018953226592,-1.1836287760481,0.524525226598041,11.237397761254,-7.66275808340962,-2.11284689775396,2015.83607873209,1963.92554082693,1999.73601449021,5.86,9.43623179736348,0.5,0,-1.29436478663377
5.02,0.171091265124584,-0.0435723909203009,15.7505265276734,1.11792446957437,0.0766220362648579,0.159059227368515,10.9824120043143,11.3452839358964,-0.698289364727527,1904.0374523719,1864.98438212886,1999.73601449021,5.86,9.43623179736348,0.5,0,0.34710178558343
5.03,1.56841290050515,0.0442484802374146,17.3923641985881,-1.81727497730989,-0.738330254736287,1.38446574151018,-10.1924773358805,14.209511832468,0.51813316311531,1887.73291380492,1884.88248067042,1999.73601449021,5.86,9.43623179736348,0.5,0,1.65636678961382
5.04,1.95911072651508,0.151658738370914,18.2141386868082,-3.93069305554139,-1.62471514530441,-1.10517686742402,-11.7695409013491,-14.4458680241318,2.24538688261602,1945.6784961678,1989.86631346525,1999.73601449021,5.86,9.43623179736348,0.5,0,1.96902708908376
5.05,0.39597929360092,-0.209769616340456,17.5096355076757,-1.70028566972664,0.322222907261141,0.311408559510626,16.3502623146393,6.49208974158725,-1.28962632501498,2055.87489833506,2120.67494838561,1999.73601449021,5.86,9.43623179736348,0.5,0,0.376413688658737
5.06,-0.903490643465249,-0.121919144140919,15.0462075550936,-0.290633928589255,0.905219893325568,-0.108335429407706,-15.0401451896157,-0.51658740468946,1.58581637459142,2099.86129316272,2125.83868806825,1999.73601449021,5.86,9.43623179736348,0.5,0,-1.03055765895601
5.07,-1.85110770052098,0.0538544836498202,15.1627086971627,1.00166492605569,-1.72624344271908,0.670509955784896,13.5786467087512,-6.82139437490777,-1.97036641400696,2089.66046580514,2053.03972447847,1999.73601449021,5.86,9.43623179736348,0.5,0,-1.62656635482059
5.08,-0.942609709331487,0.0637778699859899,13.8144018371465,1.23586073293149,-0.0814656112633617,-0.941246001323473,3.3388220662327,13.4616981499139,-0.153893649088468,1972.04347673494,1934.99394969614,1999.73601449021,5.86,9.43623179736348,0.5,0,-0.923080681013214
5.09,0.503389009590334,0.00527062471611467,16.4538647288115,0.178489765934869,-0.47425870250525,0.168840035415989,-15.4996837857351,5.52461090510368,1.23924885858532,1898.78520887651,1864.88672274956,1999.73601449021,5.86,9.43623179736348,0.5,0,0.718385891203987
5.1,1.80282185198512,0.102811349444834,17.2168081820401,-2.52162440170593,-0.980919607025062,-1.51609153025915,-6.32264444383136,-16.2111455744907,2.62429170047866,1892.97600173325,1908.63202098456,1999.73601449021,5.86,9.43623179736348,0.5,0,1.78338503627348
5.11,1.54887134264504,0.0148263412927001,17.9789033594617,-2.99118942975415,1.54777853951413,-0.0600320671198869,18.0585558085038,2.46510493178062,-1.59999078965139,1973.79524185193,2023.64425129598,1999.73601449021,5.86,9.43623179736348,0.5,0,1.52934854295415
5.12,0.0247387040432677,-0.121993526248729,16.9816016392365,-1.934408065795,-0.0905373850213071,-0.0854248549184801,-14.9913625988136,8.20827486318692,0.956425582919021,2062.89874400884,2120.71229045876,1999.73601449021,5.86,9.43623179736348,0.5,0,-0.00464105132025594
5.13,-0.952349321026683,-0.0438162953150827,14.6942840585695,-0.525119179581517,-0.601064996033431,0.740006734792633,10.170719961285,-10.6185775702686,-2.41345494675589,2086.71389921857,2102.9253561897,1999.73601449021,5.86,9.43623179736348,0.5,0,-1.05986956203131
5.14,-1.52881666384142,0.132067327393194,14.0489051116431,0.531810888275355,-0.0100436450947138,-1.53447753186458,1.83022839255551,13.9393264431221,-0.0927166282967565,2065.89566621242,2024.06540736924,1999.73601449021,5.86,9.43623179736348,0.5,0,-1.50931874251936
5.15,-0.483445566611328,0.151651871219526,14.3425095473075,0.414308863497723,0.459796117232217,0.212850737604334,-14.2757998252668,-1.44248788483362,1.70037755595155,1958.88082351266,1914.23522787421,1999.73601449021,5.86,9.43623179736348,0.5,0,-0.415007694374557
5.16,0.747598328993267,0.102786193979523,16.2195844259589,-0.877476694782487,-0.0248265025065409,-0.754222717742985,2.55215573543676,-16.0415518389827,-3.03786554215152,1900.92150779957,1879.79808923321,1999.73601449021,5.86,9.43623179736348,0.5,0,0.845404137863651
5.17,1.81269071072084,0.0344664006252636,17.8614833544001,-2.28691544326903,1.80859517253529,-0.126566375423079,17.9546422389077,1.37600579105096,-1.6216512593496,1916.73622354233,1932.77830252743,1999.73601449021,5.86,9.43623179736348,0.5,0,1.8713207454994
5.18,1.07013496878318,-0.0340028797996582,18.0962111916364,-2.99133538256635,-0.571249877508014,0.905548797522439,-11.7435465065717,14.0893598971454,0.531018994971081,2000.9155566814,2049.62774991276,1999.73601449021,5.86,9.43623179736348,0.5,0,1.11898189989985
5.19,-0.229321872502785,-0.200009969427479,15.6327842515745,-1.11308308928166,0.128587649178943,0.275785651470844,5.4037440719524,-14.7113033897327,-2.86065467348479,2070.88392419789,2117.74516700515,1999.73601449021,5.86,9.43623179736348,0.5,0,-0.395466425657686
5.2,-1.29440864003018,0.0734425815253263,14.5772394819152,0.0620275101926483,-0.307874339476874,-1.25940499096103,4.31752375504492,13.9233166648522,-0.296435493936555,2070.89918347608,2078.88283773739,1999.73601449021,5.86,9.43623179736348,0.5,0,-1.31390605535064
5.21,-1.32365785925363,0.0539639243749087,13.7557837209176,0.883800191168539,1.23730079091997,0.473359257104633,-13.319133433213,-3.55012297573484,1.89544450590729,2013.81422439375,1985.04438160994,1999.73601449021,5.86,9.43623179736348,0.5,0,-1.32367668970908
5.22,-0.0339466655295141,-0.0241382979747757,15.1047104608748,1.1183547987101,0.00180887976447799,0.0416144384041095,7.27161584935874,-13.2863312657036,-2.56691906811221,1925.0952560427,1883.00864132919,1999.73601449021,5.86,9.43623179736348,0.5,0,0.0930652922641002
5.23,1.55857223323504,0.190620413915176,16.3955502243085,-2.0513015194356,1.56968439438279,0.0396793453021062,15.9183852109241,4.43022768693609,-1.42382305970926,1896.01259805998,1890.66879889647,1999.73601449021,5.86,9.43623179736348,0.5,0,1.50980727423728
5.24,1.7540415683909,0.0345298675738475,17.9203252378208,-3.22664552760603,-0.472930768875214,1.68943500119092,-8.25899552410819,16.2277013443943,0.292631105509297,1947.7888543182,1981.53474766508,1999.73601449021,5.86,9.43623179736348,0.5,0,1.75407313319817
5.25,0.503387660255249,-0.12186968859442,17.2167062066921,-2.16963915306016,-0.0475227720649563,-0.515745037427038,-3.51641319606891,-16.992855701634,2.81217940129191,2031.82017246026,2091.74335725497,1999.73601449021,5.86,9.43623179736348,0.5,0,0.425266860450915
5.26,-0.600573702505765,-0.190264092960768,15.1633632197952,-0.525719063032096,-0.514367139699091,-0.36375217224017,8.73910615183203,12.402902415793,-0.648464148206144,2075.80809321553,2112.95985741731,1999.73601449021,5.86,9.43623179736348,0.5,0,-0.737438628202936
5.27,-1.40180366995001,0.0734287869808465,14.1662844712059,0.414470164546004,1.32193517148101,0.472157514230448,-13.6906563016758,-3.66351351380217,1.86151181533333,2060.79906735291,2052.99699849991,1999.73601449021,5.86,9.43623179736348,0.5,0,-1.42138303329344
5.28,-0.962156857294964,0.190701663176534,13.6385135689969,0.296966402232369,-0.820702471208013,0.537178179127819,9.5336754212491,-9.75737025934957,-2.34601909345581,1981.76058497961,1951.10774728783,1999.73601449021,5.86,9.43623179736348,0.5,0,-0.991475121522264
5.29,0.425222248053991,0.0247473301497775,16.0432858697413,-0.0560836648825932,0.351653407919978,0.240346148893419,12.6625574784922,9.85138594206863,-0.913114590224325,1904.02219309348,1872.02196115292,1999.73601449021,5.86,9.43623179736348,0.5,0,0.571826375827451
5.3,1.67583782061228,-0.0436533510355923,17.3339402694609,-2.05228901767347,-0.780861871536965,1.48343950116981,-9.51224256819206,14.6353891919954,0.458490169908418,1903.89248923077,1905.6412024922,1999.73601449021,5.86,9.43623179736348,0.5,0,1.69544932704756
5.31,1.75401555754349,-0.131588927735314,17.9791337803668,-2.28737675843081,-0.993167608268761,-1.45172460332284,-9.44742783992989,-15.4669793798483,2.46671638516139,1968.9366877295,2015.75215270281,1999.73601449021,5.86,9.43623179736348,0.5,0,1.72476123012287
5.32,0.161530235541002,-0.18055092582729,16.9815559311363,-1.5824225275654,0.0683208718484587,0.232428294923165,14.6556381927204,8.72293368438224,-1.12683531583272,2068.707951152,2130.76438301399,1999.73601449021,5.86,9.43623179736348,0.5,0,0.0832946579056646
5.33,-1.11840989011064,0.00500115523619341,14.8113606019687,-0.524950349242133,1.11340761083576,0.10577894868065,-14.7037716244682,-1.8577071260576,1.66104508821016,2096.81554126948,2110.06669830416,1999.73601449021,5.86,9.43623179736348,0.5,0,-1.18688780869098
5.34,-1.72415046308928,0.239296702319632,14.2244734230939,0.298208738681834,-1.63016966309579,0.610331549761421,12.3673350029944,-7.0337470483265,-2.06694879196059,2065.87125136778,2021.91079731235,1999.73601449021,5.86,9.43623179736348,0.5,0,-1.63633698917902
5.35,-0.51274626538643,0.181001001490023,14.1078222832477,0.296740088489588,-0.0719134998922439,-0.538979168188689,6.67854823499197,12.4304343338719,-0.471989612796585,1943.05084849186,1901.11835248627,1999.73601449021,5.86,9.43623179736348,0.5,0,-0.463860866166735
5.36,1.04077162230087,0.161401614975516,16.7471323565286,-1.46445151352831,-0.689885595023914,0.795810226675928,-13.7259814999711,9.70610592694178,0.868075539824126,1892.9363276106,1861.8531782787,1999.73601449021,5.86,9.43623179736348,0.5,0,1.20691760912577
5.37,1.978765375539,0.0442574075363887,17.8029416111996,-2.75678425009142,-1.33307668855927,-1.46300296376108,-9.6147053064338,-15.234895184535,2.42499083436297,1911.87766941989,1939.77925928425,1999.73601449021,5.86,9.43623179736348,0.5,0,1.9787977234422
5.38,1.15804499244898,-0.131626889838893,17.7444044243428,-2.28722704094492,1.15514986376703,0.154992370469713,17.6945822468325,2.6451947039008,-1.55059510080483,2010.70896131625,2065.75985863803,1999.73601449021,5.86,9.43623179736348,0.5,0,1.12875253425829
5.39,-0.356370900871842,-0.170741835413663,15.4569019139083,-0.995438007594646,0.272496286752261,-0.286179606287493,-14.802728652013,4.55915979737704,1.20770925105926,2081.81567097334,2123.94653759352,1999.73601449021,5.86,9.43623179736348,0.5,0,-0.483402134883606
5.4,-1.4700865734426,0.0539046861470449,15.2215053787224,-0.172892848158431,-1.08781891833922,0.99030815886172,10.9938402239716,-10.5289883208789,-2.34595773232714,2068.7186326466,2068.84833650969,1999.73601449021,5.86,9.43623179736348,0.5,0,-1.31390605535064
5.41,-1.21619971176629,0.0735566124031132,13.8731683600591,0.53136434216124,-0.355527043981589,-1.16539814446666,5.33974343387321,12.8153926381939,-0.35650801486963,1994.93239376846,1972.15944724794,1999.73601449021,5.86,9.43623179736348,0.5,0,-1.20642907740785
5.42,0.327403801216696,0.0735827919159274,14.9882200226056,0.178843933192231,-0.290365683471136,0.168212503041909,-14.2474437884589,4.65715257353456,1.26679999431239,1921.9777855431,1882.94760421702,1999.73601449021,5.86,9.43623179736348,0.5,0,0.288477979432814
5.43,1.29484677648511,-0.0143004739466748,16.8644396824424,-1.23053226409495,-0.535534743327038,-1.1789975474184,-6.02898890451615,-15.7979374680664,2.70418385804914,1903.9581041262,1908.72968036395,1999.73601449021,5.86,9.43623179736348,0.5,0,1.30462395271013
5.44,1.30464361445258,0.151767745384494,18.6825536341004,-3.22657834297418,1.26155345010743,-0.365528797488003,18.9589113763738,0.0910907085761585,-1.73701013506364,1955.70994553988,1987.67508114118,1999.73601449021,5.86,9.43623179736348,0.5,0,1.49026600552041
5.45,0.288464847509383,-0.0828586538814674,17.157866782252,-1.93447264412849,-0.237372717976684,0.183661965393006,-11.7042579592698,12.6942870044465,0.632571622254399,2031.76523905947,2078.71803753479,1999.73601449021,5.86,9.43623179736348,0.5,0,0.288477979432814
5.46,-0.610453271589686,-0.209738858726728,14.6359855374251,0.295954288953802,0.0381564694390061,0.64435057964938,3.64410346005159,-14.1781582571682,-2.86979747808026,2055.95424658072,2075.7882561544,1999.73601449021,5.86,9.43623179736348,0.5,0,-0.747209262561372
5.47,-1.0304851683276,-0.170610034271104,14.1661218892248,1.23522146537547,-0.744823687517771,-0.732287607740005,9.34195661037596,10.7206636053349,-0.629810372570037,2019.07714938344,2016.06954568556,1999.73601449021,5.86,9.43623179736348,0.5,0,-1.05009892767288
5.48,-0.15122697511554,0.0149134216059891,14.6357490414031,0.179000021617443,0.14499273375388,-0.0454875291170049,-13.3972070600583,5.89508558043025,1.16849950552938,1963.78973325263,1939.98068175401,1999.73601449021,5.86,9.43623179736348,0.5,0,-0.141429932338356
5.49,0.864813123535435,-0.00457490979771231,16.4543382994486,-0.878014027029839,-0.223561042983657,-0.835429906394805,-3.49058443878846,-16.1037876842701,2.87482908857086,1932.96446571922,1926.85770265462,1999.73601449021,5.86,9.43623179736348,0.5,0,0.904027944014265
5.5,1.49020636972201,0.0247437399530907,17.4512170027691,-2.16980566668523,1.48950550989721,-0.0519674226105862,17.4879487276863,1.8505893133628,-1.58906851304367,1958.85183088445,1979.74025656968,1999.73601449021,5.86,9.43623179736348,0.5,0,1.4609541024451
5.51,0.474120032243095,-0.141403379347689,17.2751360662992,-1.934869815338,-0.433546255446284,0.238374421978629,-13.5055635662461,10.9441217130268,0.778242883402308,2026.87158859777,2068.54925466059,1999.73601449021,5.86,9.43623179736348,0.5,0,0.43503749480935
5.52,-0.756966596329356,-0.219508553367909,14.4598680055471,0.178439956640189,-0.114583876747125,0.779777511954353,5.84114876450601,-13.2287794095631,-2.71344938480539,2062.96435890429,2089.80848080151,1999.73601449021,5.86,9.43623179736348,0.5,0,-0.962163218446957
5.53,-1.63629701512226,0.0929853441505827,13.9902770871693,0.414416445786817,-0.784548341783701,-1.43895729447725,7.73516578854351,11.6647676440665,-0.555931603185856,2023.92502201132,2021.8497602003,1999.73601449021,5.86,9.43623179736348,0.5,0,-1.61679572046215
5.54,-0.0437502863154424,0.0441787485201193,14.6356301424821,0.766461639337253,0.0560850735521152,0.0268386642391338,-13.5200075286473,5.65672427624218,1.22685391553207,1943.0615299864,1898.98205356309,1999.73601449021,5.86,9.43623179736348,0.5,0,0.0149002173966153
5.55,1.79304200118242,0.0442923577303882,17.3340313963781,-1.81736286755136,-0.910755022014766,-1.54514941699257,-6.84254248165267,-16.0296932169569,2.63367994942281,1900.92150779977,1895.91188682502,1999.73601449021,5.86,9.43623179736348,0.5,0,1.8713207454994
5.56,1.8908754111878,-0.0143112083922248,18.7998973384561,-3.22666406129466,1.89041976326633,-0.0439061495959527,18.8903195615495,2.64638012452518,-1.60158617841236,1968.90159139013,2013.51819440041,1999.73601449021,5.86,9.43623179736348,0.5,0,1.9787977234422
5.57,0.0148800857966196,-0.229385773164274,15.9263385674415,-1.93487242163281,-0.128529925135553,-0.190576253054088,-14.7285603510154,6.36093557892765,1.04221835327087,2075.69212270304,2141.73275205658,1999.73601449021,5.86,9.43623179736348,0.5,0,-0.209824372847407
5.58,-1.36269872391473,-0.112259203461935,14.4008530533238,0.0621358164364583,-0.992026161315458,0.940975045464253,11.1877178481319,-9.06771188744438,-2.24759588240838,2099.83687831794,2115.81029055186,1999.73601449021,5.86,9.43623179736348,0.5,0,-1.44092430201031
5.59,-1.61687653600708,-0.121942540651439,13.0524191219139,2.29295108826474,-0.0335047660961385,-1.62112218742439,1.57707629210204,13.1581191663614,0.0546113826821387,2057.6724412862,2010.98515424817,1999.73601449021,5.86,9.43623179736348,0.5,0,-1.72427269840494
5.6,-0.121827943534756,0.20038709665192,14.4592228848822,0.414827951649867,0.114548052254335,0.20463572526622,-14.4647907872351,-0.105053061299528,1.60674051106045,1934.78642351495,1880.01782283673,1999.73601449021,5.86,9.43623179736348,0.5,0,-0.0632648574708714
5.61,1.51949680390927,0.0247789913369813,17.099256910837,-1.34781376689343,-0.29138002739531,-1.49150334063899,-1.67761751917674,-17.0700553107594,2.96496855049777,1885.05491051197,1877.90593875844,1999.73601449021,5.86,9.43623179736348,0.5,0,1.63682552089695
5.62,1.98845325468618,-0.0631429835849859,18.2140067697386,-2.75727973672547,1.98944140755645,-0.00750122309486533,18.300424656161,2.1088128316229,-1.60631098330574,1939.91964464193,1979.63649347918,1999.73601449021,5.86,9.43623179736348,0.5,0,2.01788026087594
5.63,0.523000335312405,-0.0242569310492422,17.3922827629518,-2.75630266371049,-0.412091001560077,0.322953179074038,-14.9764309047643,9.26257099488406,0.859730429650464,2041.82720698761,2099.73921893859,1999.73601449021,5.86,9.43623179736348,0.5,0,0.48389066660153
5.64,-0.737404653868683,0.0245485441517391,14.8702865969722,-1.11214221488256,-0.466596256800542,0.571538439395711,9.89999575750153,-11.1513392820624,-2.49021768803735,2083.96722917452,2110.02397232573,1999.73601449021,5.86,9.43623179736348,0.5,0,-0.864456874862601
5.65,-1.29435797971936,-0.112077187776593,13.9904779279843,1.23568886190962,-0.122954082592568,-1.29337008209442,1.35325436494255,13.9795959255133,-0.00840647123759569,2075.65244858016,2042.01031832366,1999.73601449021,5.86,9.43623179736348,0.5,0,-1.34321795842595
5.66,-0.737465904050843,0.102842745584513,13.9905189350925,0.296671600702109,0.676031049808329,0.312113135981068,-13.4763118023144,-3.76983478665154,1.86476395382962,1979.93862718366,1943.16681900515,1999.73601449021,5.86,9.43623179736348,0.5,0,-0.737438628202936
5.67,0.464308411825725,-0.121642747267894,15.5740927998799,0.29535831493072,0.295123973311849,-0.378524899619081,5.879331138839,-14.4247380715681,-2.73560074335985,1911.93260282089,1882.89267081616,1999.73601449021,5.86,9.43623179736348,0.5,0,0.503431935318401
5.68,1.49989293567367,0.0443284524475422,17.3929803900745,-2.16998057839991,1.48824376374428,0.191766341823653,16.8363935545882,4.87446762582017,-1.41310251224297,1908.8166582486,1916.56675028133,1999.73601449021,5.86,9.43623179736348,0.5,0,1.55866044602946
5.69,1.50975243339769,-0.0241000587777509,17.7445346056417,-2.87438661742366,-0.757302303783618,1.30630258503433,-11.1629114273594,14.0897131007756,0.50941988629676,1971.93818771667,2010.56399817496,1999.73601449021,5.86,9.43623179736348,0.5,0,1.48049537116197
5.7,0.16144599846812,-0.190255635520474,16.7473772420143,-1.81753227706184,0.208244399819954,-0.137463766907119,3.81289638817914,-16.4085309884069,-3.02137514103729,2048.12143283797,2104.53745575501,1999.73601449021,5.86,9.43623179736348,0.5,0,0.0637533891887934
5.71,-0.91319310024865,-0.0731111630332731,14.8112202231295,-0.525242544460807,-0.460581940850272,-0.791916129564498,5.9272403498868,13.5836646772226,-0.446892921195476,2070.90986497059,2096.84605982548,1999.73601449021,5.86,9.43623179736348,0.5,0,-1.01101639023914
5.72,-1.54832547622589,-0.0340356493707027,13.9314935683646,1.35369390263868,1.42597231407389,0.604212847639775,-13.2603371691756,-4.48134560006324,1.99356091134794,2055.83522421235,2021.91079731259,1999.73601449021,5.86,9.43623179736348,0.5,0,-1.52886001123623
5.73,-0.444326500745351,0.288305397045641,14.1663988137832,-0.289555354660781,-0.493139547970678,0.193285869782373,8.48587079181095,-11.3472769667115,-2.51991646241357,1950.93073966301,1909.05317705792,1999.73601449021,5.86,9.43623179736348,0.5,0,-0.405237060016121
5.74,1.09928157829273,0.171264943846859,16.9822849464067,-1.69969070928549,1.09017510430285,0.221968266477189,15.3294567947004,7.50297973391884,-1.21537938904286,1900.89556702711,1874.97615737805,1999.73601449021,5.86,9.43623179736348,0.5,0,1.27531204963482
5.75,1.94940269167609,0.0442813943809172,17.861928212834,-2.99165190325834,-0.729813462615108,1.80817698414399,-9.80787655592965,15.2251114299485,0.406333231433794,1929.8241063023,1952.5970528232,1999.73601449021,5.86,9.43623179736348,0.5,0,1.95925645472532
5.76,0.991922016609386,-0.131680116295322,17.7445376432077,-2.28699884487853,-0.138838283488742,-0.990945443049152,-2.54980881901725,-17.708683036131,2.87041108905896,2018.98711964332,2081.61119664787,1999.73601449021,5.86,9.43623179736348,0.5,0,0.952881115806445
5.77,-0.483325668537324,-0.102361297876665,15.5153554231157,-0.995287421349858,-0.345476460404188,-0.353167881434085,7.47593900772074,13.6318445893996,-0.565688018749273,2086.76425483602,2130.92307950544,1999.73601449021,5.86,9.43623179736348,0.5,0,-0.629961650260142
5.78,-1.45066708223326,-0.0730981636341427,14.1077030950333,0.883816697740036,1.22040822688807,0.787643374088649,-11.9694134309777,-7.51941225702825,2.19427308292385,2102.83380052169,2084.08319968737,1999.73601449021,5.86,9.43623179736348,0.5,0,-1.51908937687779
5.79,-1.35307229976165,0.200270222530801,12.4659377470711,0.767478530851743,-1.3506020476054,0.216302841911305,11.6567729350213,-4.48422478813513,-1.87654528583075,2028.653872271,1974.07601256752,1999.73601449021,5.86,9.43623179736348,0.5,0,-1.5484012799531
5.8,0.122216479872276,0.346982995890333,15.4572883353969,-0.876935742681123,0.357506539689761,-0.0867360448052267,7.69276406101177,13.4357046738158,-0.576671656389696,1903.98251897108,1851.12895768432,1999.73601449021,5.86,9.43623179736348,0.5,0,0.278707345074379
5.81,1.56839608200507,0.190722638112507,17.3924062182182,-2.52126733857004,-0.793317413627562,1.36634141998723,-12.4964246050227,12.3568586276221,0.647052842844312,1879.79808923321,1874.81135717555,1999.73601449021,5.86,9.43623179736348,0.5,0,1.67590805833069
5.82,1.92013184694512,-0.307236224006569,18.2722992157615,-1.70120641772659,-1.00133697221803,-1.66692071649012,-10.4642267805315,-15.0755092713858,2.44198786017601,1934.75743088681,1981.47371055287,1999.73601449021,5.86,9.43623179736348,0.5,0,1.95925645472532
5.83,0.562083836556923,-0.190269056586582,17.626853370107,-1.81745539121155,0.490333650336986,0.334235642264711,16.4911558161079,6.484665271172,-1.29889185173662,2044.88821815885,2102.82769681038,1999.73601449021,5.86,9.43623179736348,0.5,0,0.562055741469015
5.84,-0.668987901137529,-0.141549541270612,14.8702880434309,-0.290380248694114,0.662405212980967,-0.169706859961398,-14.8692687920761,0.338574618700215,1.52850510335114,2091.91731302422,2123.94653759352,1999.73601449021,5.86,9.43623179736348,0.5,0,-0.864456874862601
5.85,-1.31392719895195,0.0928186169154874,13.4041094492568,0.297693559995464,-1.2118130768382,0.516264512237442,11.795109206757,-6.37449373550527,-2.044061100036,2089.66046580512,2057.88607117843,1999.73601449021,5.86,9.43623179736348,0.5,0,-1.48000683944405
5.86,-0.981718606993724,0.0540109944901504,14.1077448976958,1.11850596412588,-0.0922799350760208,-0.978863128545498,3.19979290603626,13.7855303506513,-0.148956134562948,1979.98898280128,1948.1561167442,1999.73601449021,5.86,9.43623179736348,0.5,0,-0.93285131537165
5.87,0.376321753146031,0.0833370896807594,15.9848400267658,-0.173375592894692,-0.344239518839833,0.17338479194059,-15.5359070061702,3.76573542261508,1.32214771023355,1911.90818797589,1875.01277964526,1999.73601449021,5.86,9.43623179736348,0.5,0,0.513202569676837
5.88,1.52934854295415,-0.111997601091635,17.0990520922601,-1.11322817333947,-0.452984810048273,-1.4650103038381,-5.19406571586912,-16.3290704193159,2.76861301733739,1898.76994959843,1908.69305809664,1999.73601449021,5.86,9.43623179736348,0.5,0,1.53911917731259
5.89,1.49032987003919,-0.0339884346837745,18.3891399863644,-2.52168680811854,1.48730947221639,-0.100741595573407,18.5417297222188,0.850666035840484,-1.66122917149659,1966.76071468354,2005.61999209578,1999.73601449021,5.86,9.43623179736348,0.5,0,1.58797234910477
5.9,0.220126187556687,-0.170727619202689,17.2163171092504,-1.81745843189726,-0.278393569340367,-0.0100239192330323,-15.0364602891303,8.57960325022951,0.947108641929175,2049.77729083727,2104.52452852662,1999.73601449021,5.86,9.43623179736348,0.5,0,0.190771635848458
5.91,-0.874142067384382,-0.00476209392218339,14.8700748353902,-1.11211875817803,-0.524001100778455,0.699692702471972,9.8649035978069,-11.1821111937046,-2.49334710429988,2081.83093025137,2104.78088439724,1999.73601449021,5.86,9.43623179736348,0.5,0,-1.0012457558807
5.92,-1.48975607720062,0.00504399663071579,13.9317403342509,1.35370548619408,-0.132905017484263,-1.48382440598128,2.6377452982105,13.7465707369552,-0.0927166282980128,2065.8956662124,2031.93919482889,1999.73601449021,5.86,9.43623179736348,0.5,0,-1.49954810816092
5.93,-0.581087045723396,0.200456539228621,14.6941553960533,0.0622520863890761,0.568596689958976,0.233543963730078,-14.6734144534945,-0.782934481038065,1.6283396197255,1961.03238171383,1922.07239306667,1999.73601449021,5.86,9.43623179736348,0.5,0,-0.444319597449864
5.94,0.786672987272651,-0.131487546875304,15.8676630991235,0.295733622175611,0.282463264738159,-0.745894005848835,2.80620305913991,-15.6203525886404,-2.94520298965253,1903.98251897087,1884.93713834889,1999.73601449021,5.86,9.43623179736348,0.5,0,0.816092234788345
5.95,1.69548516876553,0.0148643756786487,17.9786021343972,-2.16931481346666,1.69269058185658,-0.0984352643223456,18.0636888249734,1.28031539138053,-1.62011723174862,1918.87710024889,1937.62464922739,1999.73601449021,5.86,9.43623179736348,0.5,0,1.80292630499035
5.96,1.21664516113724,-0.0241895004282897,17.6858493013979,-3.10891371401952,-0.636982443789314,1.03685290487795,-11.6371210025198,13.675965222451,0.531018994969729,1997.87896035489,2044.74478094555,1999.73601449021,5.86,9.43623179736348,0.5,0,1.1873763404089
5.97,-0.287845598940329,-0.131601758470095,15.9842816213171,-1.34800750187755,0.047595444540188,0.312903795631756,5.68091528793394,-15.0013860914921,-2.86372272868183,2068.73389192457,2112.85609432673,1999.73601449021,5.86,9.43623179736348,0.5,0,-0.375925156940815
5.98,-1.27478749548408,-0.00464825580682038,14.3422308146814,0.179165956071313,-0.469182661912835,-1.18531531445645,5.39675980197778,13.2893441832609,-0.373259596280697,2066.02537007571,2075.89201924497,1999.73601449021,5.86,9.43623179736348,0.5,0,-1.31390605535064
5.99,-1.3431169269481,0.141817432578431,14.1073116832577,0.414456409063267,1.29982344027004,0.366789159821005,-13.9743981747899,-1.97590806871699,1.74063044024118,2005.87939982205,1977.06683105981,1999.73601449021,5.86,9.43623179736348,0.5,0,-1.2748235179169
6,0.11262824672607,0.102828698040836,15.7497073980112,0.179166245658584,-0.0576670977031068,-0.141185583342855,5.26458409049588,-14.8448488716002,-2.78941443174079,1918.98238926693,1875.11654273567,1999.73601449021,5.86,9.43623179736348,0.5,0,0.288477979432814
6.01,1.51955618670792,0.0148712548795475,17.3336668164118,-1.58217145397194,1.51961676750078,-0.00608594400919338,17.3242300731194,1.68235673558468,-1.56501496026358,1898.74553475366,1898.60362346817,1999.73601449021,5.86,9.43623179736348,0.5,0,1.5977429834632
6.02,1.82246757370722,0.00533991067442415,17.7442006182861,-3.34464202547268,-0.412428226289958,1.7751956314783,-7.32179912333023,16.505591278659,0.231208640294889,1958.77553449439,1997.74620463616,1999.73601449021,5.86,9.43623179736348,0.5,0,1.77361440191505
6.03,0.317811676682135,-0.20975899032537,16.8645225645374,-1.34801271448718,0.125885729386754,-0.359382635911355,-2.80708435512307,-16.6838106268152,2.89513961404399,2044.94315155963,2102.82769681042,1999.73601449021,5.86,9.43623179736348,0.5,0,0.239624807640636
6.04,-0.795916898908784,-0.033938400851088,14.8697216101345,-0.408149708836081,-0.509634660316324,-0.612297344453796,8.69253780638608,12.0712465566847,-0.651532203412942,2073.97545392504,2096.9070969376,1999.73601449021,5.86,9.43623179736348,0.5,0,-0.893768777937908
6.05,-1.39194722028158,0.122194974844481,13.7553400919854,0.18004297610415,1.3665955257215,0.291316571799194,-13.6743162569988,-1.50162292970089,1.69325966786844,2039.75652295986,2027.09895184008,1999.73601449021,5.86,9.43623179736348,0.5,0,-1.44092430201031
6.06,-0.571359746712455,-0.0241093113607093,13.8732607164607,1.35301163113415,-0.309687731014654,0.480756412663007,6.89235471727547,-12.1158346733573,-2.52715707277412,1955.91899764826,1919.08157457416,1999.73601449021,5.86,9.43623179736348,0.5,0,-0.561567209751093
6.07,1.07001172146432,0.190822826254925,16.3955110252667,-1.58234549691146,1.08577031055482,0.0494091874921691,15.6449710142885,5.15281292240563,-1.34883979049451,1903.94742263149,1869.83072882889,1999.73601449021,5.86,9.43623179736348,0.5,0,1.15806443733359
6.08,1.8614768615132,0.0832653580545564,17.8031614729488,-2.87379296013867,-0.281049615108307,1.84202072182927,-6.28775131508657,16.9019356231544,0.196110088741813,1924.91061877899,1945.55947379913,1999.73601449021,5.86,9.43623179736348,0.5,0,1.8713207454994
6.09,1.24602949460089,-0.20971431769224,17.8614633932699,-1.93533590869265,-0.498060372825538,-1.16125167878517,-8.039996324652,-16.0666069450951,2.56968031785267,2008.00501725056,2068.48821754868,1999.73601449021,5.86,9.43623179736348,0.5,0,1.20691760912577
6.1,-0.42469014003472,-0.297693940549623,15.6913123980615,-0.643537174123928,-0.516816180848501,-0.0434100506316503,11.6378307517339,10.5447769185524,-0.875622955618554,2084.00690329723,2138.79686696503,1999.73601449021,5.86,9.43623179736348,0.5,0,-0.551796575392657
6.11,-1.46039932077544,-0.0535531119584227,14.2834856993627,0.883826254171628,1.40416322116856,0.404919449075163,-13.8458393253506,-3.61826559943278,1.88820389561555,2089.79169559572,2089.90614018082,1999.73601449021,5.86,9.43623179736348,0.5,0,-1.50931874251936
6.12,-1.57772792933504,0.131956127711632,13.1107611091354,1.3542487550061,-1.43230120919783,0.674648860352484,10.67679189606,-7.72865844500073,-2.09443856659655,2034.75300569642,1981.99252600539,1999.73601449021,5.86,9.43623179736348,0.5,0,-1.64610762353746
6.13,0.0441825796684239,0.034567034528354,15.3393441336383,0.88320552032519,0.0547732193491695,0.0121191857964471,10.4356110844994,11.2771251537965,-0.6891465602351,1905.88382501218,1857.11059466933,1999.73601449021,5.86,9.43623179736348,0.5,0,0.200542270206894
6.14,1.53905260207411,0.0833390413979828,17.2751895852781,-1.93463047009024,-0.582098464902956,1.42716140815601,-9.12882667060722,14.7932245937494,0.441370421857945,1877.97613143732,1869.62930635904,1999.73601449021,5.86,9.43623179736348,0.5,0,1.63682552089695
6.15,1.99823526201105,0.171178502057577,18.3311382062613,-3.93046674180216,-1.82074642922904,-0.840909437668955,-13.9786573407311,-12.4930514965677,2.08891606716252,1932.86070262877,1976.6456749867,1999.73601449021,5.86,9.43623179736348,0.5,0,2.03742152959281
6.16,0.659680450270973,-0.0827987048438881,17.0995401274844,-2.5220396722165,0.648565801708661,0.14627481959497,16.7750541110695,4.16563515569607,-1.4738323595505,2041.85162183236,2104.46349141433,1999.73601449021,5.86,9.43623179736348,0.5,0,0.513202569676837
6.17,-0.669014454127087,-0.199964537788578,15.105039964211,-0.408687620271414,0.593299066020315,-0.368187960780069,-14.6849043287263,3.56129790210387,1.30582565652611,2096.80028199147,2125.77765095622,1999.73601449021,5.86,9.43623179736348,0.5,0,-0.825374337428856
6.18,-1.47016919613221,0.122168723039933,14.2834831680577,0.0627248403232461,-1.20326050684456,0.853514390513369,10.8853921114646,-9.24824655799394,-2.27066765757967,2068.73389192461,2066.05894048722,1999.73601449021,5.86,9.43623179736348,0.5,0,-1.47023620508561
6.19,-1.05006164023871,0.0345086034949976,13.8729053938335,1.23575503297591,-0.266069834790259,-1.01637942473796,5.13675111902872,12.9459793955088,-0.288888078145408,1987.90854809474,1956.0517533674,1999.73601449021,5.86,9.43623179736348,0.5,0,-1.03055765895601
6.2,0.200587087413254,0.0441299555935955,16.1015296424156,-0.0552386444135421,-0.169473718327213,0.116022805577066,-14.9510067397937,5.97743302765244,1.18703055897112,1914.0429609714,1875.07381675739,1999.73601449021,5.86,9.43623179736348,0.5,0,0.395954957375608
6.21,1.49992441614943,0.00518195411190501,16.923581995365,-1.46518692459436,-0.742115286895726,-1.30348187857189,-7.04656169484244,-15.4564021867517,2.62748247791319,1896.0217536267,1900.81316692585,1999.73601449021,5.86,9.43623179736348,0.5,0,1.50003663987884
6.22,1.29502567183703,0.131938008063521,18.7991135023785,-3.45993781702161,1.22791700668788,-0.432109885764493,19.0861341445673,-1.04753118738675,-1.8076367658873,1958.76180114437,2000.73702312844,1999.73601449021,5.86,9.43623179736348,0.5,0,1.50003663987884
6.23,0.308019248149687,-0.141489977757274,17.2165376219088,-2.16939691192699,-0.297475494555076,0.162491849566879,-12.0247268221563,12.51085111016,0.640241760266863,2041.8272069875,2089.64978431013,1999.73601449021,5.86,9.43623179736348,0.5,0,0.288477979432814
6.24,-0.649457812627421,-0.199956008064855,14.6357204015157,0.0610185823903034,-0.0483245519906902,0.677821948020958,5.23349658884794,-13.6681581931603,-2.77174750518264,2070.92385305033,2096.78502271343,1999.73601449021,5.86,9.43623179736348,0.5,0,-0.835144971787294
6.25,-1.3725825699107,-0.199955851442871,13.8734456462333,1.58776677899901,-0.801665022244263,-1.13194454186546,7.71686146019551,11.6380215950836,-0.471560085034795,2037.03274183269,2034.93001332124,1999.73601449021,5.86,9.43623179736348,0.5,0,-1.42138303329344
6.26,-0.415128363500072,0.0637986401108613,13.9909350813198,0.648702025220816,0.419892712431575,-0.00958825891897712,-13.6633097066501,3.07913082336448,1.39547422962133,1963.81414809701,1930.00721763848,1999.73601449021,5.86,9.43623179736348,0.5,0,-0.434548963091428
6.27,0.835512641618622,-0.0924483447916726,16.2196939952153,0.0611063278276095,-0.0918112280798295,-0.835582891853179,-3.59352954740583,-15.8167238287088,2.92195441652222,1911.90818797597,1890.82749538786,1999.73601449021,5.86,9.43623179736348,0.5,0,0.913798578372701
6.28,1.74421927376956,0.259029889879032,17.509944543614,-3.46038030891366,1.66083019525983,-0.592486642341543,17.848596151656,-0.00228426007399918,-1.76603393742982,1929.79358774632,1950.74762832688,1999.73601449021,5.86,9.43623179736348,0.5,0,1.7345318644813
6.29,1.06030504800603,-0.102150367858404,17.2753748043425,-2.52277392494722,-0.569639089633322,0.900107104761644,-10.0471109208167,14.2779033843107,0.468185224344636,2007.95008384984,2057.56257448436,1999.73601449021,5.86,9.43623179736348,0.5,0,0.962651750164881
6.3,-0.366040672419258,-0.22932010149903,15.5152110665165,-0.408609576048291,0.14909546298144,0.405393667605968,3.59232196148354,-15.0991376955519,-2.93434935958899,2070.88392419799,2112.89882030525,1999.73601449021,5.86,9.43623179736348,0.5,0,-0.502943403600478
6.31,-1.25530505537536,-0.0729822774202118,14.4011970212436,0.178896638373153,-0.697350323327823,-1.0463363328409,7.43206988533325,12.3365642247515,-0.529791772835722,2060.83874147564,2070.90528718718,1999.73601449021,5.86,9.43623179736348,0.5,0,-1.28459415227534
6.32,-1.29429625967968,0.161254151910892,13.7555014444698,0.29760581455482,1.29092891608156,0.186301484035446,-13.7586854863415,0.031030591377139,1.59017301295255,2001.00558642149,1974.01497545544,1999.73601449021,5.86,9.43623179736348,0.5,0,-1.29436478663377
6.33,0.210183259949802,0.14175068867148,16.3370515132603,-0.642002352815485,-0.0922620375000732,-0.236131270564278,4.20540284103036,-15.7995571492556,-2.92072907102939,1922.29061534448,1877.9669758705,1999.73601449021,5.86,9.43623179736348,0.5,0,0.395954957375608
6.34,1.52935618115557,-0.004518840097501,17.7441042841242,-1.58280449535592,1.52738160346797,-0.0778215017986655,17.8035832289929,0.625244851813048,-1.6246579534327,1908.81665824858,1913.81407180116,1999.73601449021,5.86,9.43623179736348,0.5,0,1.64659615525538
6.35,1.57801045852159,0.0927898833004739,17.8625140286776,-3.45981951996041,-0.302096399238553,1.55160070095806,-7.78843111986331,16.4432387085558,0.251028276903357,1973.73115288446,2015.70942672417,1999.73601449021,5.86,9.43623179736348,0.5,0,1.56843108038789
6.36,0.0539827548303577,-0.131697609462663,16.3368236959756,-1.81729423497337,0.121383476633566,-0.074326642313528,-0.815644696080896,-16.4173411531713,2.98116788198319,2055.92525395254,2115.54783097,1999.73601449021,5.86,9.43623179736348,0.5,0,-0.0828061261877426
6.37,-1.03042719510132,-0.00480988689690838,14.9284390257568,-0.759609353576765,-0.583440251810496,-0.849353172704761,7.76692071048134,12.7714619677184,-0.597227626254111,2075.78215244315,2096.90709693751,1999.73601449021,5.86,9.43623179736348,0.5,0,-1.06964019638975
6.38,-1.47023620508561,0.141810854568948,13.5212980208996,0.29715434544129,1.41450607533252,0.425296814078724,-13.320486027869,-2.3406095053095,1.76670890946801,2034.86745028133,2016.13058279762,1999.73601449021,5.86,9.43623179736348,0.5,0,-1.53863064559467
6.39,-0.356422380421542,-0.0826752527159077,13.9319680068786,1.47014327168332,-0.133774350420377,0.340553276076745,6.68063060522995,-12.3138226599391,-2.53936793243187,1945.84940008153,1905.95859547493,1999.73601449021,5.86,9.43623179736348,0.5,0,-0.346613253865506
6.4,1.25566283409873,0.141926174543367,16.8646641005368,-1.46473183561088,1.26276741171439,0.047441077870414,16.4559977248893,3.97019816289145,-1.4206936433825,1898.75469032053,1874.915120266,1999.73601449021,5.86,9.43623179736348,0.5,0,1.40233029629449
6.41,1.92011985954706,0.102750978738283,18.0963966276682,-3.22587797215848,-0.290637937000799,1.90077553336384,-6.84543089392489,17.05948227449,0.205191532132418,1932.84544335087,1960.81264811034,1999.73601449021,5.86,9.43623179736348,0.5,0,1.95925645472532
6.42,0.962597608087383,-0.0925380876336797,17.7446127144256,-2.75700057301847,-0.299547288692677,-0.919472062977073,-4.55818159686117,-17.3693786035833,2.73081457722006,2023.87008861064,2083.80242897193,1999.73601449021,5.86,9.43623179736348,0.5,0,0.913798578372701
6.43,-0.502912417080209,-0.121865423731284,15.3396631501425,-1.11291150785395,-0.42116062658846,-0.300658955240451,9.19290918586235,12.3302172845672,-0.713077390811667,2089.8313697185,2133.65754212709,1999.73601449021,5.86,9.43623179736348,0.5,0,-0.678814822052322
6.44,-1.51899627274618,-0.0145435831984794,14.4592957864157,0.766687229105599,1.36387679820768,0.668880610976122,-13.264736304731,-5.80567090974703,2.03632960091223,2104.65575831764,2084.12592566599,1999.73601449021,5.86,9.43623179736348,0.5,0,-1.50931874251936
6.45,-1.44092430201031,0.151409352297766,13.1693755368974,1.11981345812579,-1.39453929733077,0.392998453288707,11.8182291416531,-5.91742293301845,-1.95017861077765,2028.65387227062,1977.0668310599,1999.73601449021,5.86,9.43623179736348,0.5,0,-1.49954810816092
6.46,0.024639720662897,0.17121480158551,15.5154388837925,-0.172924992529721,0.151700204159051,-0.0831184225933896,9.17927907236493,12.5099793173844,-0.644168870903299,1908.87159164944,1864.98438212884,1999.73601449021,5.86,9.43623179736348,0.5,0,0.171230367131587
6.47,1.43160322526681,0.151626739849938,17.2751499523028,-2.40378167556757,-0.749677835834747,1.22900838292095,-12.4082036435591,12.257465258295,0.653250314324489,1887.73291380492,1882.78890772561,1999.73601449021,5.86,9.43623179736348,0.5,0,1.53911917731259
6.48,1.85168579436455,-0.0728247063888611,17.8619704494248,-2.52261653333918,-1.13220522841096,-1.46702250823598,-9.52553458072045,-15.3191962407269,2.44499455428279,1937.80928649145,1976.68840096503,1999.73601449021,5.86,9.43623179736348,0.5,0,1.83223820806566
6.49,0.474166945739152,-0.131628022315882,18.0961173164536,-2.05234070930218,0.440643239012098,0.219074792258976,17.3795925953168,5.44346631648598,-1.38019531467472,2039.701589559,2096.64463735572,1999.73601449021,5.86,9.43623179736348,0.5,0,0.562055741469015
6.5,-0.717795556959561,-0.180543793626408,15.3392890958746,-0.173299720596298,0.709170504711998,-0.211904974586324,-15.3320918617474,0.500781292497838,1.52684835354741,2089.77643631767,2117.90386349653,1999.73601449021,5.86,9.43623179736348,0.5,0,-0.825374337428856
6.51,-1.37256907655698,0.170971547763813,13.5214882302412,0.180210503305728,-1.25692422641724,0.57733753481881,11.4005457676648,-7.2725976092062,-2.1253032018878,2089.66046580517,2057.94100457928,1999.73601449021,5.86,9.43623179736348,0.5,0,-1.51908937687779
6.52,-1.01107923070883,0.307697190742491,14.2839895733121,-0.0540779720330785,0.0765507071226708,-1.05408669529627,3.10520858963697,13.9424876608298,-0.222924891208034,1979.97372352321,1948.11692879548,1999.73601449021,5.86,9.43623179736348,0.5,0,-0.913310046654779
6.53,0.347070317157236,0.0833182592253096,16.1018835908998,-0.407967702198079,-0.302811899680555,0.188956848999485,-15.4020964839152,4.71301567163664,1.24851438530924,1911.89292869785,1872.02196115276,1999.73601449021,5.86,9.43623179736348,0.5,0,0.513202569676837
6.54,1.56850987192905,0.00522413288757163,17.215929458269,-1.93500925240121,-0.677922084642177,-1.41445118581651,-5.64134851505158,-16.3800999646125,2.69798638651465,1898.7699495984,1908.72968036391,1999.73601449021,5.86,9.43623179736348,0.5,0,1.5977429834632
6.55,1.55866833723113,-0.0533837462889892,18.272030825314,-2.63967461830417,1.55531272675965,0.115321861909109,18.1526123090522,3.36417284469565,-1.53102090864628,1968.90159139011,2007.83563926464,1999.73601449021,5.86,9.43623179736348,0.5,0,1.61728425218007
6.56,0.151712808162442,-0.151002985465737,16.8645738415033,-2.05319861646204,-0.211235320160651,-0.0346167199013256,-14.9136547937382,8.13709875246497,0.950176697140174,2055.8596390571,2109.70657934311,1999.73601449021,5.86,9.43623179736348,0.5,0,0.073524023547229
6.57,-0.835105395301858,-0.0242377271167386,14.5183698264823,-0.995108744984946,-0.484948050264873,0.680304253420745,9.55994744812395,-10.9718142812374,-2.49328574321285,2081.83093025137,2099.89791543003,1999.73601449021,5.86,9.43623179736348,0.5,0,-1.01101639023914
6.58,-1.41158861690104,-0.131635515945956,13.6971198965869,1.82298063572793,-0.261760432500821,-1.39333836823649,3.08328279719908,13.4695107205945,-0.0927166282929879,2065.89566621245,2028.89344293556,1999.73601449021,5.86,9.43623179736348,0.5,0,-1.46046557072718
6.59,-0.493141011673153,0.229639809692201,14.2248144257707,-0.171965150057431,0.479117845656947,0.257621019256071,-14.1913801225444,-0.989771528132054,1.62833961973,1961.0171224358,1919.08157457418,1999.73601449021,5.86,9.43623179736348,0.5,0,-0.4540902318083
6.6,0.815909351673183,0.0246708517550509,16.0439446594313,-0.407966688639404,0.0649361035837457,-0.813695289113458,2.16460286872933,-15.9024869587943,-3.03172943174943,1903.98251897083,1879.79808923321,1999.73601449021,5.86,9.43623179736348,0.5,0,0.864945406580523
6.61,1.90051319626032,0.102899634523545,17.56875619605,-2.87415277437331,1.89283768095771,-0.199259272033531,17.6920232055176,1.97844973201556,-1.62158989824161,1918.87710024888,1937.62464922742,1999.73601449021,5.86,9.43623179736348,0.5,0,1.89086201421627
6.62,1.09945658225337,-0.0340167586771127,18.0375093977599,-2.8738653573671,-0.655713060946039,0.88317738752525,-12.6586774356912,13.166956100241,0.607720375109778,2002.76345524992,2055.73146112179,1999.73601449021,5.86,9.43623179736348,0.5,0,1.12875253425829
6.63,-0.239024449764182,-0.190163290389252,15.3979392511711,-1.23092451227398,0.093565401333436,0.290758112990937,6.58620166764578,-13.9726037634642,-2.78088523815727,2075.75773759829,2120.83364487692,1999.73601449021,5.86,9.43623179736348,0.5,0,-0.434548963091428
6.64,-1.3724658644587,0.0538547607452423,14.6354380527453,0.17965623010513,-0.246785764981537,-1.35116974158015,3.36741775292215,14.2439046975914,-0.219874019067584,2073.96019464737,2081.94317119297,1999.73601449021,5.86,9.43623179736348,0.5,0,-1.36275922714282
6.65,-1.38213225061824,0.151456759747942,13.7550518850374,0.650044414680558,1.21413148838461,0.677579100316226,-12.9229665944164,-4.75614807388571,1.97067321954577,2028.7042278882,1984.94061851944,1999.73601449021,5.86,9.43623179736348,0.5,0,-1.37252986150126
6.66,0.219898993231922,0.122441385145265,14.0497653207414,0.179079368982457,-0.0123858486110119,-0.251384269147633,6.06199718960995,-12.6759680127974,-2.68276883267987,1924.98996702462,1875.17147613681,1999.73601449021,5.86,9.43623179736348,0.5,0,0.112606560980971
6.67,1.38276492025772,0.0540550767900552,17.1576520554317,-1.69996697711376,1.36372939467783,0.234953004053435,16.4279923366954,5.2341168848256,-1.36111201130817,1892.95006096083,1884.94351778241,1999.73601449021,5.86,9.43623179736348,0.5,0,1.47072473680354
6.68,1.85165875946952,-0.0241662243953946,17.7448191240981,-2.87405706523367,-0.643914098096046,1.73626000420297,-8.66011136426436,15.7525007830413,0.342088155422458,1942.94555947383,1976.68840096512,1999.73601449021,5.86,9.43623179736348,0.5,0,1.82246757370722
6.69,0.630417942503217,-0.229333402089429,17.3340005868018,-1.70025815878085,0.060327031897469,-0.668117684817834,-2.79331867040931,-17.1917371127902,2.88274467097327,2031.80643911007,2094.73417574716,1999.73601449021,5.86,9.43623179736348,0.5,0,0.562055741469015
6.7,-0.600560956105854,-0.121920951286569,15.2807263066977,-0.52558758966393,-0.42615285163979,-0.440377028693226,7.78630775113254,13.1586568607615,-0.568694712861881,2081.89654514692,2117.84282638451,1999.73601449021,5.86,9.43623179736348,0.5,0,-0.7276679938445
6.71,-1.45065451654955,-0.0339448704317261,14.0489939242181,0.766123833864642,1.31818272183275,0.606584777649289,-12.9581429669499,-5.48157886558421,2.02546868551289,2086.65896581774,2063.06812199476,1999.73601449021,5.86,9.43623179736348,0.5,0,-1.50931874251936
6.72,-1.14777288721054,0.288113658907453,13.8142809131817,0.18092810468954,-1.10653113304742,0.419500813660039,11.2328067828584,-8.04308049856097,-2.17910659997295,1990.07229181529,1953.06013088814,1999.73601449021,5.86,9.43623179736348,0.5,0,-1.11849336818193
6.73,0.347020704991006,0.0345793231206068,15.8088058109131,-0.0562645131681866,0.26684420813013,0.224528991151116,10.9872476341917,11.3667012051672,-0.77198405077265,1900.98559676761,1864.98438212891,1999.73601449021,5.86,9.43623179736348,0.5,0,0.48389066660153
6.74,1.72469626926839,0.0637777495092228,17.3338565194939,-2.28681785180244,-0.803548870860543,1.52740107198453,-10.614942865201,13.8929876446444,0.52126257941358,1895.97292393708,1898.5608974898,1999.73601449021,5.86,9.43623179736348,0.5,0,1.76384376755661
6.75,1.81254242841562,-0.219359174728903,17.686317230842,-2.17065995399881,-0.856797394507264,-1.61224276308194,-8.33562541410781,-15.7491247623972,2.53267957208161,1960.9911816632,2007.83563926472,1999.73601449021,5.86,9.43623179736348,0.5,0,1.7345318644813
6.76,0.386135457803839,-0.0145664255209123,16.7475622441162,-2.75623721661196,0.343548729383035,0.176881437876163,13.9998903722851,9.59587173105089,-1.13303278734479,2060.77312658029,2123.72680399002,1999.73601449021,5.86,9.43623179736348,0.5,0,0.239624807640636
6.77,-0.971835977807915,0.0244995705094648,14.8700989189305,-0.99441966814017,0.965331806274715,0.11489081996143,-14.7128855581622,-2.37480754748374,1.66405178231409,2096.81554126947,2117.90386349657,1999.73601449021,5.86,9.43623179736348,0.5,0,-1.10872273382349
6.78,-1.59721361025854,0.0733034795188176,13.697069415172,0.884729192427996,-1.53520307449143,0.446784329376856,12.6762381066267,-5.26359608747486,-1.89986250548673,2078.68904490674,2042.07135543565,1999.73601449021,5.86,9.43623179736348,0.5,0,-1.64610762353746
6.79,-0.766709629553663,0.0442693828863342,13.9315376130404,1.11850596412588,-0.0831687580037651,-0.763469967977499,3.40763630007589,13.5545863345861,-0.166182742075741,1961.0567965584,1925.16098820015,1999.73601449021,5.86,9.43623179736348,0.5,0,-0.737438628202936
6.8,0.728131948384166,0.00517873739469304,16.512457098072,-0.408160713217044,-0.686046578172388,0.244014438418471,-15.7306632537897,5.03726792808892,1.23618080337004,1900.91082630514,1874.85408315394,1999.73601449021,5.86,9.43623179736348,0.5,0,0.855174772222087
6.81,1.73442520675714,0.0148509907546959,17.5687692141783,-2.40414655760496,-0.630996591343156,-1.61564063190868,-4.00423925055694,-17.2744794536855,2.77781718298625,1911.89292869786,1934.572793623,1999.73601449021,5.86,9.43623179736348,0.5,0,1.7345318644813
6.82,1.20699977400465,-0.0340104698107759,18.037162681566,-2.75633249137435,1.16830986630276,0.305052819694633,16.9525324924232,6.74894425059347,-1.34356273554121,1997.90490112751,2047.79053283874,1999.73601449021,5.86,9.43623179736348,0.5,0,1.24600014655952
6.83,-0.180504241236644,-0.112159171940323,15.6329443022489,-1.46491717251853,0.150725267611575,-0.149811063203539,-15.5628883277362,2.08121041174786,1.34442179101465,2070.83356858054,2112.95985741731,1999.73601449021,5.86,9.43623179736348,0.5,0,-0.307530716431764
6.84,-1.28449526527574,0.004948290205587,14.400717664765,0.532057618050379,-1.09767270100012,0.667133580005418,11.9991353333739,-7.98025725278181,-2.12076248026151,2094.83336105457,2074.05480217094,1999.73601449021,5.86,9.43623179736348,0.5,0,-1.29436478663377
6.85,-1.21615019598108,0.10276165294473,13.6969693202157,0.884046052165508,-0.0567620664415068,-1.21916337064154,2.66324835918637,13.4646059785859,-0.130821873958871,2026.84259596961,1977.10955703843,1999.73601449021,5.86,9.43623179736348,0.5,0,-1.23574098048316
6.86,0.0929330574092827,0.210329433922182,15.3985279599348,-0.525291919375307,-0.052585384988265,0.223852186094079,-15.2316458243432,2.32111189200807,1.3854723696595,1925.00522630273,1880.01782283663,1999.73601449021,5.86,9.43623179736348,0.5,0,0.210312904565329
6.87,1.34357406252798,0.0345573602773959,16.806321896336,-1.700072242685,-0.437119739061672,-1.27094917536852,-3.43420933994172,-16.5393139979586,2.8360488707806,1892.98515730016,1892.92106833257,1999.73601449021,5.86,9.43623179736348,0.5,0,1.35347712450231
6.88,1.80291801621652,0.014842195979807,18.0375075173628,-2.75632988506954,1.79246400368409,-0.194438832223441,18.2224001527532,0.945073831606385,-1.67061742043797,1945.72885178507,1981.53474766494,1999.73601449021,5.86,9.43623179736348,0.5,0,1.83223820806566
6.89,0.503415333675607,-0.112142931727242,17.5684754383767,-2.52177209205488,-0.434983222632562,0.277114834219126,-14.1950993053665,10.654098714762,0.784378993821532,2036.94271209251,2086.61623983927,1999.73601449021,5.86,9.43623179736348,0.5,0,0.513202569676837
6.9,-0.649461354632189,-0.229373954433244,14.929049431413,-0.0560770043364139,-0.175411575778173,0.6660654931882,8.4390613931468,-12.3151087838755,-2.5445836263219,2078.83400804766,2109.9080018128,1999.73601449021,5.86,9.43623179736348,0.5,0,-0.815603703070421
6.91,-1.4115874241854,-0.190124930716423,13.8730292830386,1.70484716232008,-0.412964326629329,-1.36315333338913,3.89700256528999,13.4231448007179,-0.16027598887343,2048.03010350344,2048.13772457157,1999.73601449021,5.86,9.43623179736348,0.5,0,-1.47023620508561
6.92,-0.727684667773255,0.0539077221509631,13.9905371604773,0.649193457627265,0.712261733987958,0.158474731475542,-13.9375463145282,-1.37890714499003,1.71577919306821,1973.85017525284,1940.07834113332,1999.73601449021,5.86,9.43623179736348,0.5,0,-0.717897359486065
6.93,0.58168884931728,-0.0044740710813587,16.4533001035828,-0.291436669084543,0.156555553180898,-0.560243066445561,4.58737466775725,-15.8035443267725,-2.87679264395438,1911.93260282073,1887.67798040408,1999.73601449021,5.86,9.43623179736348,0.5,0,0.698844622487115
6.94,1.63683388195646,-0.00460760708220675,17.8027910348301,-2.28701593062457,1.62877891560655,0.162251752653777,17.4997161107302,3.99120865661132,-1.4743232484026,1924.97470774665,1937.62464922731,1999.73601449021,5.86,9.43623179736348,0.5,0,1.70521996140599
6.95,1.18736796730183,-0.0339697006097067,17.8030421400909,-2.75662874084074,-0.768700503649696,0.905591611060249,-13.2798416152607,12.1734595793583,0.675217589609341,1997.87896035485,2044.70205496702,1999.73601449021,5.86,9.43623179736348,0.5,0,1.17760570605047
6.96,-0.258677544639585,-0.239153046232546,15.3397288193796,-0.408364583820316,0.110128909284218,0.334633941737744,6.74191283097715,-13.784797904392,-2.71333166039882,2066.00108259553,2112.95985741731,1999.73601449021,5.86,9.43623179736348,0.5,0,-0.405237060016121
6.97,-1.24543604001932,-0.0632312686609716,14.4007624326711,0.413734174289158,-0.431612486667187,-1.1699657193561,4.68769268759881,13.6227263011424,-0.302694326569987,2057.78688587109,2068.75067713047,1999.73601449021,5.86,9.43623179736348,0.5,0,-1.28459415227534
6.98,-1.20638703115764,0.0539491178301882,13.6970160408398,0.649095866153801,1.15836966842435,0.341262197634684,-13.4539479082479,-2.64969046279588,1.81260701534809,2002.82754421761,1974.0149754554,1999.73601449021,5.86,9.43623179736348,0.5,0,-1.22597034612472
6.99,0.2102876406725,0.00516326822861894,16.1605814070161,0.0615498332626829,0.0812909881240185,-0.194008573027657,6.55313095956851,-14.772428859924,-2.7202604673671,1922.01898559364,1882.84994483771,1999.73601449021,5.86,9.43623179736348,0.5,0,0.366643054300301
7,1.48050380450743,0.131979162788748,17.5095201525781,-2.40343156254763,1.48300871288062,0.0999758575434918,16.922347630269,5.09842425948636,-1.41457422092577,1913.99264944164,1918.72137133142,1999.73601449021,5.86,9.43623179736348,0.5,0,1.54888981167102
7.01,1.57802436149286,-0.0535195592915029,17.1586104067684,-2.87385406339877,-0.917524275530817,1.28498032378062,-11.8859737597747,12.7043526419461,0.586182627545001,1976.8226826117,2015.75215270267,1999.73601449021,5.86,9.43623179736348,0.5,0,1.43164219936979
7.02,0.0246370219926916,-0.219595007205843,16.2782951878747,-0.995610457791161,0.218464834792723,0.0331973794355959,5.18611146458942,-15.462159690163,-2.87906300478798,2055.91457245791,2109.76761645508,1999.73601449021,5.86,9.43623179736348,0.5,0,-0.121888663621485
7.03,-1.01101639023914,0.014764705586238,14.9290522520062,-0.407451509954494,-0.354921608443042,-0.946785503545247,5.06452057255416,14.0496707878253,-0.373259596255689,2068.75830676935,2084.08319968737,1999.73601449021,5.86,9.43623179736348,0.5,0,-1.01101639023914
7.04,-1.47998139483607,0.0539488286863839,13.8143734865524,0.766526796851849,1.38127780188255,0.534160125059943,-13.3077044590874,-3.78542998691563,1.90336122896232,2023.88534788849,2006.07122264134,1999.73601449021,5.86,9.43623179736348,0.5,0,-1.48000683944405
7.05,-0.199951815486342,0.171306809383559,14.9283388584852,-0.173409764386559,-0.250009197911826,0.0825963220545847,7.86607739689104,-12.6889794075908,-2.59827459239376,1937.80928649141,1896.13162042842,1999.73601449021,5.86,9.43623179736348,0.5,0,-0.0925767605461782
7.06,1.2753460721593,0.132088290280003,17.3919557186015,-2.16897599443235,1.25890230995488,0.243145829064625,16.0172158764225,7.11571332687728,-1.27680185424466,1908.81665824857,1898.60362346828,1999.73601449021,5.86,9.43623179736348,0.5,0,1.40233029629449
7.07,1.72470160637205,0.0538805426861096,17.9205051049786,-3.34325851439346,-0.884044750101254,1.48187841057251,-12.4735338479922,13.2940901928121,0.569124240600291,1955.76487894061,1989.76865408591,1999.73601449021,5.86,9.43623179736348,0.5,0,1.72476123012287
7.08,0.415402399100624,-0.22940829019694,17.0411063624496,-1.46501968699789,0.297741422501634,-0.369509623848069,4.38780088861668,-16.5315695595266,-2.96791388352767,2044.91873671489,2102.66900031903,1999.73601449021,5.86,9.43623179736348,0.5,0,0.327560516866559
7.09,-0.844761854211931,0.0830981971013666,15.2803617267348,-1.34656491466869,-0.225651296224098,-0.81829664132603,4.22777733898766,14.7454599908318,-0.367123485848867,2081.87060437415,2109.96903892483,1999.73601449021,5.86,9.43623179736348,0.5,0,-0.923080681013214
7.1,-1.59719457499361,0.0342960711451416,13.9315777522733,0.766940619413472,1.30678083459348,0.918983449918532,-11.9928310969521,-7.13085260409455,2.16222556703676,2070.80457595244,2042.07148735521,1999.73601449021,5.86,9.43623179736348,0.5,0,-1.59725445174528
7.11,-0.971856759982358,0.297965940106788,13.8727692820582,0.0631952774918502,-0.960996030385918,0.331324452719138,11.1764136235226,-8.21860692041265,-2.20030181145338,1963.76545067114,1925.19016875219,1999.73601449021,5.86,9.43623179736348,0.5,0,-0.93285131537165
7.12,0.913601286280068,0.171238945048658,16.5718787945433,-1.34728266081136,0.837222392089136,0.403792957811942,12.5459595414242,10.9106020243663,-0.936125004242484,1887.8382028231,1861.7311040546,1999.73601449021,5.86,9.43623179736348,0.5,0,1.04081682503237
7.13,1.78339362623811,0.0441519907195122,18.1547619752052,-2.8737473498817,-0.983528294392375,1.48832601217638,-12.7385469426308,13.2507821655064,0.608702152747163,1913.96819050907,1937.56361211525,1999.73601449021,5.86,9.43623179736348,0.5,0,1.88109137985784
7.14,1.20689180308918,0.0734810134862418,18.0963661073818,-3.69584856949558,-0.411783507245782,-1.13684723110327,-1.57256015693138,-18.402848081041,2.8548867297283,2000.98117157686,2057.56257448441,1999.73601449021,5.86,9.43623179736348,0.5,0,1.21668824348421
7.15,-0.268387880579667,-0.258479421264994,15.6914523429589,-0.878914358971068,-0.363003303290087,-0.0840967743734356,7.81710713279124,13.6340384023304,-0.576548934167872,2075.78215244316,2128.76846944869,1999.73601449021,5.86,9.43623179736348,0.5,0,-0.434548963091428
7.16,-1.37251260928604,0.0440654766425521,14.4597201774485,-0.0551552427940223,1.15060180109858,0.74956529014464,-12.3340238579893,-7.5470792483894,2.11609903625478,2107.70761392216,2089.9061401809,1999.73601449021,5.86,9.43623179736348,0.5,0,-1.40184176457656
7.17,-1.52886001123623,0.200239934775684,13.1693859514002,0.532921606589199,-1.53612206446313,0.133558857833335,12.7459317292537,-3.35528778630252,-1.78775576820888,2041.77685137,1992.88154680244,1999.73601449021,5.86,9.43623179736348,0.5,0,-1.60702508610371
7.18,-0.121836762405016,0.151663147806481,14.9870862881439,0.649208516242828,0.100424352518136,-0.166615895091735,5.77103768699179,13.8466368162508,-0.351599126517329,1918.94118921649,1875.07381675731,1999.73601449021,5.86,9.43623179736348,0.5,0,-0.00464105132025594
7.19,1.19713831251675,0.190814947101407,17.2748483656222,-2.05185058004491,-0.847640989532609,0.866634430539739,-15.0951681044556,8.64675527329733,0.932381976910467,1890.78476940942,1879.79808923321,1999.73601449021,5.86,9.43623179736348,0.5,0,1.36324775886074
7.2,1.91022112267202,-0.0241649714408314,17.8037226990037,-2.40434376766196,-0.882143990370093,-1.69450602347735,-6.30179349211767,-16.8238167393377,2.64895886433781,1926.83633966546,1963.56542186567,1999.73601449021,5.86,9.43623179736348,0.5,0,1.90063264857471
7.21,0.747793344082172,-0.112178833683063,17.8025765973,-2.40423937085566,0.672621622459528,0.345483905819073,16.0981855983096,7.97248523971545,-1.2452008856364,2026.88227009229,2083.76580670476,1999.73601449021,5.86,9.43623179736348,0.5,0,0.757468428637729
7.22,-0.57118127303058,-0.06354320605567,15.5149689293049,-0.994158458948517,0.571444368824244,-0.0611319804662724,-15.5106349220219,-1.05963023482377,1.57501682023019,2086.72915849655,2125.74102868896,1999.73601449021,5.86,9.43623179736348,0.5,0,-0.688585456410758
7.23,-1.63614535947438,-0.00477170793705357,15.0453709232619,0.884068060927219,-1.55478183034913,0.509556539102776,14.0378473471195,-5.48485226910036,-1.88458359048167,2096.67973369497,2068.84833650977,1999.73601449021,5.86,9.43623179736348,0.5,0,-1.48000683944405
7.24,-1.1576282405478,-0.0633346373803716,13.5215199076943,1.70596207966183,0.0392096116173841,-1.15869626130522,0.504428087545143,13.6193744179354,0.0884827121419944,2018.90777139775,1966.97739643133,1999.73601449021,5.86,9.43623179736348,0.5,0,-1.18688780869098
7.25,0.14190099498377,0.190701759558418,15.9257541257313,-0.524860721470686,-0.117841211287005,0.206437647725584,-15.8726405531476,1.40157237442979,1.44977880678173,1914.01854612641,1869.8917659408,1999.73601449021,5.86,9.43623179736348,0.5,0,0.327560516866559
7.26,1.51947294958985,-0.190081932702621,16.9235004150887,-0.526331543596746,-0.182909640926411,-1.52035300142151,-3.58076376679959,-16.548716628176,2.89740997486603,1885.05491051167,1892.81730524203,1999.73601449021,5.86,9.43623179736348,0.5,0,1.52934854295415
7.27,1.83217689764399,-0.0533628436374266,18.0964215067615,-2.52240368550293,1.83295189462225,0.00267008279467238,18.1592610521085,2.02094773420709,-1.59845676198829,1950.89106554013,1989.76865408602,1999.73601449021,5.86,9.43623179736348,0.5,0,1.85177947678253
7.28,0.405769445130175,-0.0633613349423606,17.3336049802932,-2.52156127131847,-0.349467027244294,0.215722734629348,-14.8081214442368,9.35583626142492,0.862859845994537,2044.87753666429,2104.52452852666,1999.73601449021,5.86,9.43623179736348,0.5,0,0.356872419941865
7.29,-0.805727675990461,0.0536402284854025,15.4566267974263,-1.5808677246457,-0.531154356632475,0.608234668034712,10.6282367417397,-11.3334477754687,-2.49021768801173,2086.71389921857,2115.74925343982,1999.73601449021,5.86,9.43623179736348,0.5,0,-0.864456874862601
7.3,-1.48973349993072,0.0733657176088843,14.2248943426243,0.532104241848831,0.0677891034827315,-1.48999767341601,0.585344558420025,14.2228030194806,-0.00374302733429003,2081.7653153559,2049.94514289542,1999.73601449021,5.86,9.43623179736348,0.5,0,-1.48000683944405
7.31,-0.82529507602908,0.141724713967938,14.2246297852869,0.4149944652917,0.721522324659872,0.424974578162686,-13.4486704772817,-4.65248055645411,1.93301889151957,1980.10977203367,1945.87951664416,1999.73601449021,5.86,9.43623179736348,0.5,0,-0.756979896919807
7.32,0.395884406417487,-0.0338118524793238,15.926122177195,0.295871756099529,0.21164567474127,-0.336264498536379,7.0427678896575,-14.2873485346796,-2.66503547361034,1908.89600649393,1879.85912634529,1999.73601449021,5.86,9.43623179736348,0.5,0,0.513202569676837
7.33,1.73451420264664,0.13203302777252,17.8029416111996,-2.8733141248564,1.734362075147,0.134016535910575,17.156554776479,5.55457399568652,-1.4177036740905,1908.80602574046,1916.56675028129,1999.73601449021,5.86,9.43623179736348,0.5,0,1.81269693934879
7.34,1.34370649014387,0.0441413767527228,18.1548651077238,-3.57809561592501,-0.79531001988575,1.08396382092103,-14.0283011630843,12.0668414174611,0.665829340701306,1984.75750718335,2031.62180184622,1999.73601449021,5.86,9.43623179736348,0.5,0,1.39255966193605
7.35,0.0246619967423061,-0.278103698190774,15.6917195762431,-0.761305041532885,0.263795890538121,0.0914418348782583,7.12337141773053,-14.0024008038184,-2.71946777073867,2062.93851120583,2117.80007475507,1999.73601449021,5.86,9.43623179736348,0.5,0,-0.151200566696792
7.36,-1.17708170609133,0.0344148849325751,14.6355769127949,-0.0555641423559088,-0.228156115917255,-1.15527075349865,3.19986650092219,14.2815984161622,-0.224211487477914,2068.75830676948,2078.89833064731,1999.73601449021,5.86,9.43623179736348,0.5,0,-1.20642907740785
7.37,-1.28460303138321,0.219808286579756,13.5213123408418,-0.0542832905600778,1.09768686613859,0.702569694048143,-12.4334687514779,-5.31391464931981,1.97067321954695,2031.74082421471,1992.91816906957,1999.73601449021,5.86,9.43623179736348,0.5,0,-1.34321795842595
7.38,-0.0632470751600114,0.249253183512192,15.1045945995197,-0.641957176969847,-0.246407935153686,-0.0735559073124332,8.29865919776596,-12.6369752137226,-2.60299939734872,1932.92479159632,1890.94346590086,1999.73601449021,5.86,9.43623179736348,0.5,0,0.0246708517550509
7.39,1.24579537288419,0.102969474671659,17.041295848567,-2.28734345570054,1.20114639707216,0.346202479214673,15.1179094573437,8.19063599009757,-1.20770925103626,1908.81665824864,1903.84671139672,1999.73601449021,5.86,9.43623179736348,0.5,0,1.30462395271013
7.4,1.54892547267439,0.00527222705166086,18.1546510318079,-3.10955660142862,-0.922305670197717,1.24440755663039,-13.3515717590069,12.6884288983428,0.641223537951445,1952.72828261405,1987.61404402931,1999.73601449021,5.86,9.43623179736348,0.5,0,1.61728425218007
7.41,0.425231151257275,-0.0925767605461782,17.1579628994447,-2.28702273596418,0.0744562614475938,-0.428775295141942,1.55716906986388,-17.2395298178748,3.09916257464131,2028.90113098337,2083.84797317401,1999.73601449021,5.86,9.43623179736348,0.5,0,0.376413688658737
7.42,-0.620074804404,-0.0633095542007586,15.0458855733494,-0.994988999969252,-0.368018541099873,-0.503053889873121,6.7457327442842,13.4856874329444,-0.529853133960913,2062.96435890436,2089.8695179136,1999.73601449021,5.86,9.43623179736348,0.5,0,-0.708126725127629
7.43,-1.3334025670984,0.0245813378168277,13.9903295936246,0.41425876462557,1.24513653715204,0.477704565565896,-13.2933873369806,-4.38027231702794,1.91870150496786,2042.01772162888,2032.01199527978,1999.73601449021,5.86,9.43623179736348,0.5,0,-1.35298859278439
7.44,-0.698374017651973,0.200488489558554,13.9318369577045,-0.407523617585233,-0.608160746622652,0.397570634283027,9.41339328082263,-10.2786275083551,-2.42934747270641,1966.80191473413,1933.10179922152,1999.73601449021,5.86,9.43623179736348,0.5,0,-0.708126725127629
7.45,0.757495355104575,0.0345671429587693,16.7467939574744,-0.878099166172656,0.653879711770492,0.383973205982237,13.5607327093457,9.86573334250502,-0.994222821079065,1904.28466727798,1882.84994483771,1999.73601449021,5.86,9.43623179736348,0.5,0,0.904027944014265
7.46,1.86139732302019,-0.0436696635349029,17.2169959323996,-2.40455980099506,-1.114232560944,1.49170802565118,-11.9365872599997,12.6382254037993,0.618090401697749,1929.82410630226,1950.64386523635,1999.73601449021,5.86,9.43623179736348,0.5,0,1.77361440191505
7.47,1.1482488050534,-0.11208203092564,17.6272499891371,-2.28723992765928,-0.129608660460191,-1.14640276303605,-1.43548965525587,-17.7169630048682,2.93171083205119,2005.86414054398,2057.56257448432,1999.73601449021,5.86,9.43623179736348,0.5,0,1.09944063118298
7.48,-0.434359718821106,-0.42451699140731,15.3388279647809,0.76459639709126,-0.594037626399499,-0.126500354740662,9.13277294837055,12.3473361198723,-0.587041682991513,2070.89918347609,2115.74925343981,1999.73601449021,5.86,9.43623179736348,0.5,0,-0.551796575392657
7.49,-1.45064981797131,0.0636270576759679,14.2248902202156,0.414586724072451,1.32918866556701,0.584543230374692,-13.409866539643,-4.76391260603345,1.94128125067463,2083.90161427907,2063.06812199477,1999.73601449021,5.86,9.43623179736348,0.5,0,-1.46046557072718
7.5,-1.27481448218985,0.102709426443766,13.1693364825056,1.11915753919183,-1.09602405393734,0.659114909156312,10.0523685258917,-8.5810153249277,-2.19261633319093,1987.85819247742,1956.00902738863,1999.73601449021,5.86,9.43623179736348,0.5,0,-1.34321795842595
7.51,0.630441134203166,0.151725289514315,16.3362135072936,-0.525381836733816,0.593703031153501,0.260755245340765,12.6869214368398,10.3048494547813,-0.92078472823668,1893.05077219521,1851.02519459391,1999.73601449021,5.86,9.43623179736348,0.5,0,0.82586286914678
7.52,1.87128450620953,0.0638168079460661,17.5684347205587,-2.8741659506686,-0.634957811625166,1.76142183068465,-9.18670609440491,15.2484477760045,0.380070678859285,1895.95766465906,1905.54354311291,1999.73601449021,5.86,9.43623179736348,0.5,0,1.89086201421627
7.53,1.86149567992081,0.0539555392202789,18.0963745691666,-3.81337463014863,-1.08590972274745,-1.5129036455171,-6.96068963154854,-17.1338670028308,2.54801984810711,1979.90810862773,2034.67365745074,1999.73601449021,5.86,9.43623179736348,0.5,0,1.82246757370722
7.54,-0.0633102770588401,-0.141393596667981,15.9851609959847,-1.81763884578569,-0.132593299674268,0.0801208914170614,12.1006634753613,10.6020340735785,-0.964535195466386,2075.75773759828,2141.89144854801,1999.73601449021,5.86,9.43623179736348,0.5,0,-0.219595007205843
7.55,-1.24515687218982,-0.12212515872267,14.8100083798654,0.884523873891714,1.22021524076992,0.276414465879358,-14.3343732558073,-3.82680990622269,1.89133331192892,2094.97832419556,2102.98639330173,1999.73601449021,5.86,9.43623179736348,0.5,0,-1.24551161484159
7.56,-1.53862153758167,0.20996680007142,13.5212057368222,0.298368591789512,-1.48535942683319,0.452934505375991,12.1564493977459,-5.92728997384834,-2.00239874010479,2055.79555008955,2008.19589014499,1999.73601449021,5.86,9.43623179736348,0.5,0,-1.57771318302841
7.57,-0.327053745027505,0.180882440702677,14.5767572325209,0.297274959218994,0.0364319041185077,-0.371961457483666,6.05072603080363,13.264951500755,-0.407560453482281,1934.81236428748,1893.14080193609,1999.73601449021,5.86,9.43623179736348,0.5,0,-0.239136275922714
7.58,1.06027590477604,0.112551768332176,16.571373835738,-1.58190648011201,-0.793221341433652,0.712497577748554,-14.3552413021252,8.42851743032905,0.944715558855925,1898.73027547575,1884.88248067036,1999.73601449021,5.86,9.43623179736348,0.5,0,1.10921126554141
7.59,1.6659545408527,-0.0142653791830536,17.393187595316,-2.28746493825319,-0.772987450294553,-1.47583821434401,-6.18442933171261,-16.4167080869048,2.6505542530656,1926.83633966535,1958.71907516579,1999.73601449021,5.86,9.43623179736348,0.5,0,1.61728425218007
7.6,0.90398216299654,0.0343590802815809,17.4512379764264,-2.87361689007179,0.896875146735014,0.118233956978298,16.7189203960092,5.76897579581333,-1.40173306223802,2010.72269466642,2057.62361159644,1999.73601449021,5.86,9.43623179736348,0.5,0,0.864945406580523
7.61,-0.46370500589797,-0.1219253366259,15.9841198348893,-0.877665361969896,0.406945361978794,-0.253542092304462,-15.5293117986205,3.88623962783169,1.27072710497998,2065.97501445817,2099.89791543,1999.73601449021,5.86,9.43623179736348,0.5,0,-0.4540902318083
7.62,-1.2942913442444,0.102633960051768,14.3420850116316,0.0626440449882334,-0.982160648741914,0.849166811412664,10.0292596847093,-10.2524766244018,-2.36283203596239,2052.85356128658,2052.99699849987,1999.73601449021,5.86,9.43623179736348,0.5,0,-1.29436478663377
7.63,-1.02071348582551,0.0638085432678396,13.9901059710798,0.648792666554169,-0.379499499890526,-0.94968820142343,6.57807439095838,12.364179484027,-0.442597643930254,1979.97372352298,1958.9998458813,1999.73601449021,5.86,9.43623179736348,0.5,0,-0.991475121522264
7.64,0.29828543136755,0.0150382833077425,16.629421251617,-0.173758719037004,-0.261647323162446,0.144017453153763,-15.0296406107899,7.11883040721367,1.11799931685427,1916.79115694322,1879.85912634527,1999.73601449021,5.86,9.43623179736348,0.5,0,0.493661300959966
7.65,1.49988917681256,-0.014291871937338,17.1583571318101,-1.93518430889909,-0.706863804232884,-1.32295705243532,-6.53174799176439,-15.9840678784917,2.6413500874467,1911.8929286979,1924.80075197736,1999.73601449021,5.86,9.43623179736348,0.5,0,1.48049537116197
7.66,1.26557832923434,-0.053457309154486,17.9200278458698,-2.28702635582777,1.26595955575889,-0.0435039597319716,18.042463466165,0.909615095027132,-1.64736156198392,1979.89895306093,2021.55067835118,1999.73601449021,5.86,9.43623179736348,0.5,0,1.2948533183517
7.67,-0.199822725062593,-0.180512469772099,17.5087290118853,-1.34771096283035,0.0575843336252506,-0.263054970900759,-15.02741796275,9.08562743148669,0.95017669711772,2052.82304273055,2102.73003743106,1999.73601449021,5.86,9.43623179736348,0.5,0,-0.0828061261877426
7.68,-0.923034418090101,-0.317218077528596,14.3424161060665,1.35247299574366,-0.322315267758732,0.921266906959914,7.81701196081723,-12.100760594616,-2.47401835658968,2066.05131084818,2081.8736562298,1999.73601449021,5.86,9.43623179736348,0.5,0,-1.05009892767288
7.69,-1.46039145366966,0.0638182416141235,13.8141972355403,0.648569972674881,-0.528052646669657,-1.36307606840531,6.14179867851936,12.3907625780015,-0.413267036172115,2015.97493816159,2005.99842219069,1999.73601449021,5.86,9.43623179736348,0.5,0,-1.47023620508561
7.7,0.0441564603917648,0.0344322094334603,15.3982424289536,0.414047509504819,-0.03294331376492,0.045278119649398,-14.6864035106318,4.64616585625781,1.29128307485014,1939.99899288772,1898.82335707166,1999.73601449021,5.86,9.43623179736348,0.5,0,0.14191846405628
7.71,1.34360431414034,-0.102198775263111,16.9235231968221,-0.76101704534184,-0.37842589304522,-1.29325596310813,-5.25890433716574,-16.1036862087293,2.78100796039061,1911.90818797593,1913.93614602522,1999.73601449021,5.86,9.43623179736348,0.5,0,1.33393585578544
7.72,1.4709479554072,-0.0925767605461782,18.798829851801,-2.28680366194535,1.47196770601008,0.0746285238583467,18.8253238998949,2.05734169483292,-1.58299376377765,1968.91227288472,2002.62917360324,1999.73601449021,5.86,9.43623179736348,0.5,0,1.63682552089695
7.73,0.376180868090734,-0.121981791848686,15.5753786294948,-1.81686636734539,-0.375494729213835,0.124077844084844,-13.6348038937485,7.74503361051028,0.938087774665306,2049.76203155921,2102.74843274541,1999.73601449021,5.86,9.43623179736348,0.5,0,0.073524023547229
7.74,-0.932758066666,0.0927109471826311,14.8114799348249,-1.22837946001851,-0.574705987095495,0.740503854854645,8.91944899768372,-11.8883255143538,-2.58066395552307,2070.84425007515,2086.77493633062,1999.73601449021,5.86,9.43623179736348,0.5,0,-1.02078702459757
7.75,-1.56808260244196,0.0247081994275816,14.1671274674513,1.00096542402504,-0.374275105330755,-1.52296148629234,4.56552868401846,13.4486200145037,-0.256734859553756,2023.92502201131,2013.93324676219,1999.73601449021,5.86,9.43623179736348,0.5,0,-1.51908937687779
7.76,-0.229318896735778,0.0540201506931582,15.1630664064308,0.766108630445548,0.234365600663494,0.0240436749825353,-14.9382051139066,2.71210863615908,1.44167914101441,1945.79446668027,1898.98205356308,1999.73601449021,5.86,9.43623179736348,0.5,0,-0.0534942231124358
7.77,1.35325246018389,0.0931963464498459,16.7480140455354,-1.69999883189476,-0.488275432227887,-1.26552948692159,-3.31654298098002,-16.5041362437786,2.84212362007812,1900.92150779975,1890.78476940942,1999.73601449021,5.86,9.43623179736348,0.5,0,1.40233029629449
7.78,1.83219134276014,0.0540764854413951,18.2722292071499,-2.87428236541776,1.81768169900675,-0.236395058871453,18.4677080022285,1.03904786184142,-1.67061742040555,1947.85446921364,1981.53474766516,1999.73601449021,5.86,9.43623179736348,0.5,0,1.88109137985784
7.79,0.806096357821794,-0.209739906869364,16.1032175152919,-2.05273556379729,-0.749229916835045,0.363918532568051,-13.5794541007767,8.89526637963037,0.864087068047596,2041.82720698763,2099.57441873598,1999.73601449021,5.86,9.43623179736348,0.5,0,0.48389066660153
7.8,-0.932710358028197,-0.0341502946763987,15.1631205039937,-0.759782527764891,-0.538372758198065,0.762410406428047,9.79803248888971,-11.5972433041129,-2.49015632695463,2089.75049554506,2115.81029055185,1999.73601449021,5.86,9.43623179736348,0.5,0,-0.981704487163828
7.81,-1.56786727503959,0.141749098387923,14.224770308776,0.649584257864114,0.00564091437061159,-1.57425181566321,1.8772009305466,14.1153167414641,-0.0865805178671419,2073.8304907843,2037.18838646846,1999.73601449021,5.86,9.43623179736348,0.5,0,-1.52886001123623
7.82,-0.825204754899291,0.112521769716189,14.4588200460734,0.179758744601364,0.802296372731494,0.223482810234591,-14.3494208391525,-1.78435195852474,1.70694319406952,1968.95194700742,1930.04994361696,1999.73601449021,5.86,9.43623179736348,0.5,0,-0.717897359486065
7.83,0.786733165216985,-0.0436386890611083,16.571209373365,-0.525830699565475,0.241170425673558,-0.750126812089624,4.69928887898164,-15.8996277331385,-2.88593544844084,1903.99777824912,1879.70042985391,1999.73601449021,5.86,9.43623179736348,0.5,0,0.904027944014265
7.84,1.75417703201273,0.0147868732352836,17.8609718142171,-2.75606114655529,1.74744457372651,0.15425035823237,17.5124462765646,4.4636770270985,-1.4743232483688,1924.97470774666,1945.49843668717,1999.73601449021,5.86,9.43623179736348,0.5,0,1.80292630499035
7.85,1.02131338589287,0.0148056434531646,18.0373869550169,-3.34331570820249,-0.691412088145735,0.751830807860375,-14.8287217642076,10.7997267988337,0.758055080145294,2007.95008384983,2055.67042400955,1999.73601449021,5.86,9.43623179736348,0.5,0,1.0505874593908
7.86,-0.47362203108299,-0.278086241165919,15.2810506027825,-0.291772013065133,-0.0320355508858296,0.548291445613013,8.73516748547076,-12.5416301744702,-2.55231512540121,2070.88392419802,2112.95985741731,1999.73601449021,5.86,9.43623179736348,0.5,0,-0.581108478467964
7.87,-1.31390605535064,-0.131526557123435,14.2251096480279,1.23525056907145,-0.335611295257954,-1.27711135615149,3.44711780785241,13.856297026464,-0.157207933680029,2052.91765025417,2057.9106775649,1999.73601449021,5.86,9.43623179736348,0.5,0,-1.33344732406752
7.88,-1.05003247291172,0.14179504807128,14.1074029548167,0.53204893036977,0.990783449631629,0.375529207602681,-13.8623921762638,-2.67132501679213,1.79886212802052,1990.00975067851,1958.9998458813,1999.73601449021,5.86,9.43623179736348,0.5,0,-1.0012457558807
7.89,0.42527636603579,0.00522463888693126,16.336365457806,-0.0561200082885685,0.165561551025199,-0.391760969447234,6.59511689727471,-14.9460502788399,-2.72946463295762,1916.81557178806,1884.94351778242,1999.73601449021,5.86,9.43623179736348,0.5,0,0.562055741469015
7.9,1.60755168835252,0.190486106866857,17.0988089425183,-2.87257002610402,1.61720620559099,0.0717737851330739,16.4099443081963,5.59773647196022,-1.40849950846444,1918.87710024886,1929.68972938071,1999.73601449021,5.86,9.43623179736348,0.5,0,1.56843108038789
7.91,1.333888207384,0.024527906550735,17.7444593174596,-3.10834105192455,-0.806365951399252,1.06284209571405,-13.4245538115356,12.0128670818104,0.667424729375688,1987.8032590767,2031.57907586758,1999.73601449021,5.86,9.43623179736348,0.5,0,1.31439458706857
7.92,-0.200044196761117,-0.170741835413663,15.6329758350538,-1.34771820255086,0.0944003062083428,0.245477162290096,6.47553455477898,-14.292436112949,-2.80218246543175,2057.7472950254,2104.68320303135,1999.73601449021,5.86,9.43623179736348,0.5,0,-0.317301350790199
7.93,-1.15752813673856,0.0246326366533605,14.5769188743005,-0.407832608969657,-0.409278045743316,-1.08303722715448,5.06352569205712,13.6752915460971,-0.382586484089183,2055.95424658071,2066.01621450878,1999.73601449021,5.86,9.43623179736348,0.5,0,-1.16734653997411
7.94,-1.21620927758955,0.0344414861134865,13.6972249095026,1.00107763973295,1.17159596911276,0.328198275466712,-13.531435984424,-2.34869471445471,1.81561370943808,2005.87939982195,1981.89486662631,1999.73601449021,5.86,9.43623179736348,0.5,0,-1.23574098048316
7.95,0.259137342745028,0.0149959961048802,15.9845552190097,-0.0561226145936959,0.0937834815879084,-0.242036569314189,6.67776148354826,-14.5229699740197,-2.71412435691788,1926.90195456101,1887.73291380492,1999.73601449021,5.86,9.43623179736348,0.5,0,0.366643054300301
7.96,1.45115469833148,0.0344510760318804,17.4510181146754,-1.93463047009024,1.42035683438229,0.299371505245248,16.5417971036293,5.88640610872983,-1.33932881933833,1916.73622354231,1916.62788266843,1999.73601449021,5.86,9.43623179736348,0.5,0,1.51957790859572
7.97,1.53906156551687,0.034364670385865,17.7445182606557,-2.99113918607481,-0.816761304180822,1.30491088010439,-12.2472502647889,13.1840700424734,0.581580544726432,1973.77082700716,2013.55481666735,1999.73601449021,5.86,9.43623179736348,0.5,0,1.50003663987884
7.98,-0.0338279722161965,-0.180464399703111,16.3949013428425,-1.11320992924424,0.165740181737897,0.0790058442265679,5.28318288352714,-15.5602058150692,-2.88206969885592,2052.86271685344,2104.6832250179,1999.73601449021,5.86,9.43623179736348,0.5,0,-0.102347394904614
7.99,-0.962105462078765,-0.00473731193390846,14.811476318679,-0.525027814276969,-0.428010020375634,-0.861670926017701,6.05231939449126,13.5286701080194,-0.456097086812949,2060.82348219772,2075.89201924489,1999.73601449021,5.86,9.43623179736348,0.5,0,-0.981704487163828
8,-1.34313121544556,-0.014459876223355,13.8141860254834,1.00130931086929,1.30364354462015,0.323610967822258,-13.622357789997,-2.50314284930002,1.8248792361947,2019.00237892134,2001.09714208966,1999.73601449021,5.86,9.43623179736348,0.5,0,-1.35298859278439
8.01,0.0246419012855505,-0.0436463875019992,15.222111372678,1.00072969864754,0.0499775330607207,0.00380481669808904,7.63681517663845,-13.2058013210041,-2.55164015322781,1940.03866701,1903.94437077604,1999.73601449021,5.86,9.43623179736348,0.5,0,0.0930652922641002
8.02,1.3827213921472,0.132254113945637,17.1578065372405,-2.16960324403487,1.35959365842564,0.284455063104574,15.7388445229885,7.16842217556227,-1.26919307734687,1916.75148282033,1908.79071747599,1999.73601449021,5.86,9.43623179736348,0.5,0,1.44141283372823
8.03,1.46090573118563,-0.0241919942890243,17.627270239559,-2.75651247088854,-0.898651813300194,1.15206585161221,-12.8112729403592,12.4173387949361,0.645890049887304,1963.63622491574,1997.69340753408,-0.144963141214248,5.86,9.43623179736348,0.5,0,1.44141283372823
8.04,1.45115440918828,-0.112098656664124,18.2722892351921,-2.75686157033241,0.36354557628766,-1.40934376292449,5.90233728324536,-17.5111180170572,-2.96623699900666,2044.90347743687,2086.5473012222,-0.144963141214248,5.86,9.43623179736348,0.5,0,1.44141283372823
8.05,1.36325745720777,0.141656608686464,19.3864809056197,-3.34248820787122,0.180537231396426,1.35865514296192,-2.78739274724143,19.4740419789098,-0.0285666619961958,2157.15744065309,2170.77207369022,-0.144963141214248,5.86,9.43623179736348,0.5,0,1.44141283372823
8.06,1.44133515056923,-0.30706461747776,19.5629671398753,-1.93708126115543,1.28325702009872,-0.724559946409224,15.9400075230425,-11.505569403272,-2.29470284244993,2218.08651705441,2248.60083382128,-0.144963141214248,5.86,9.43623179736348,0.5,0,1.44141283372823
8.07,1.40236918606426,0.0341109230704321,20.3248265444918,-3.1076283735887,-1.39256922615546,-0.16897881364254,-19.6620751895787,-6.01321273624744,1.71586816666616,2295.38696766092,2327.57977169072,-0.144963141214248,5.86,9.43623179736348,0.5,0,1.44141283372823
8.08,1.46086649203501,-0.0144506236387324,20.736046474138,-3.9306779969226,-0.424798663475035,1.39781465995462,-9.60486965996004,18.7930926594928,0.285141256417555,2387.4389754744,2397.49277749633,-0.144963141214248,5.86,9.43623179736348,0.5,0,1.44141283372823
8.09,1.49016854014463,0.229600763305182,21.263932225182,-5.10378956409118,1.1146085952771,1.01536518941783,9.38394269508797,19.752091056062,-0.679083339125039,2457.41944245684,2476.57441415834,-0.144963141214248,5.86,9.43623179736348,0.5,0,1.44141283372823
8.1,1.39261821344859,-0.190214794032577,22.2603463259124,-2.87476076631956,0.836743159227381,1.12934850324591,13.4935334658721,17.9363268987415,-0.773404560336175,2515.99614855826,2557.64482199291,-0.144963141214248,5.86,9.43623179736348,0.5,0,1.44141283372823
8.11,1.07037299393243,0.0442218911049123,22.5539088142759,-4.40050785403378,0.650272186127301,0.851351869523985,9.33434481111776,20.9979351157023,-0.610990921911599,2604.86099560687,2633.7449777902,-0.144963141214248,5.86,9.43623179736348,0.5,0,1.44141283372823
8.12,0,0,0,0,0,0,0,0,0,0,0,0,5.86,9.43623179736348,0.5,0,0
8.13,0,0,0,0,0,0,0,0,0,0,0,0,5.86,9.43623179736348,0.5,0,0
8.14,0,0,0,0,0,0,0,0,0,0,0,0,5.86,9.43623179736348,0.5,0,0
8.15,0,0,0,0,0,0,0,0,0,0,0,0,5.86,9.43623179736348,0.5,0,0
8.16,0,0,0,0,0,0,0,0,0,0,0,0,5.86,9.43623179736348,0.5,0,0
8.17,0,0,0,0,0,0,0,0,0,0,0,0,5.86,9.43623179736348,0.5,0,0
8.18,0,0,0,0,0,0,0,0,0,0,0,0,5.86,9.43623179736348,0.5,0,0
8.19,0,0,0,0,0,0,0,0,0,0,0,0,5.86,9.43623179736348,0.5,0,0
8.2,0,0,0,0,0,0,0,0,0,0,0,0,5.86,9.43623179736348,0.5,0,0
8.21,0,0,0,0,0,0,0,0,0,0,0,0,5.86,9.43623179736348,0.5,0,0
8.22,0,0,0,0,0,0,0,0,0,0,0,0,5.86,9.43623179736348,0.5,0,0
8.23,0,0,0,0,0,0,0,0,0,0,0,0,5.86,9.43623179736348,0.5,0,0
8.24,0,0,0,0,0,0,0,0,0,0,0,0,5.86,9.43623179736348,0.5,0,0
8.25,0,0,0,0,0,0,0,0,0,0,0,0,5.86,9.43623179736348,0.5,0,0
8.26,0,0,0,0,0,0,0,0,0,0,0,0,5.86,9.43623179736348,0.5,0,0
8.27,0,0,0,0,0,0,0,0,0,0,0,0,5.86,9.43623179736348,0.5,0,0
8.28,0,0,0,0,0,0,0,0,0,0,0,0,5.86,9.43623179736348,0.5,0,0
8.29,0,0,0,0,0,0,0,0,0,0,0,0,5.86,9.43623179736348,0.5,0,0
8.3,0,0,0,0,0,0,0,0,0,0,0,0,5.86,9.43623179736348,0.5,0,0
8.31,0,0,0,0,0,0,0,0,0,0,0,0,5.86,9.43623179736348,0.5,0,0
8.32,0,0,0,0,0,0,0,0,0,0,0,0,5.86,9.43623179736348,0.5,0,0
8.33,0,0,0,0,0,0,0,0,0,0,0,0,5.86,9.43623179736348,0.5,0,0
8.34,0,0,0,0,0,0,0,0,0,0,0,0,5.86,9.43623179736348,0.5,0,0
8.35,0,0,0,0,0,0,0,0,0,0,0,0,5.86,9.43623179736348,0.5,0,0
8.36,0,0,0,0,0,0,0,0,0,0,0,0,5.86,9.43623179736348,0.5,0,0
8.37,0,0,0,0,0,0,0,0,0,0,0,0,5.86,9.43623179736348,0.5,0,0
8.38,0,0,0,0,0,0,0,0,0,0,0,0,5.86,9.43623179736348,0.5,0,0
8.39,0,0,0,0,0,0,0,0,0,0,0,0,5.86,9.43623179736348,0.5,0,0
8.4,0,0,0,0,0,0,0,0,0,0,0,0,5.86,9.43623179736348,0.5,0,0
8.41,0,0,0,0,0,0,0,0,0,0,0,0,5.86,9.43623179736348,0.5,0,0
8.42,0,0,0,0,0,0,0,0,0,0,0,0,5.86,9.43623179736348,0.5,0,0
8.43,0,0,0,0,0,0,0,0,0,0,0,0,5.86,9.43623179736348,0.5,0,0
8.44,0,0,0,0,0,0,0,0,0,0,0,0,5.86,9.43623179736348,0.5,0,0
8.45,0,0,0,0,0,0,0,0,0,0,0,0,5.86,9.43623179736348,0.5,0,0
8.46,0,0,0,0,0,0,0,0,0,0,0,0,5.86,9.43623179736348,0.5,0,0
8.47,0,0,0,0,0,0,0,0,0,0,0,0,5.86,9.43623179736348,0.5,0,0
8.48,0,0,0,0,0,0,0,0,0,0,0,0,5.86,9.43623179736348,0.5,0,0
8.49,0,0,0,0,0,0,0,0,0,0,0,0,5.86,9.43623179736348,0.5,0,0
8.5,0,0,0,0,0,0,0,0,0,0,0,0,5.86,9.43623179736348,0.5,0,0
8.51,0,0,0,0,0,0,0,0,0,0,0,0,5.86,9.43623179736348,0.5,0,0
8.52,0,0,0,0,0,0,0,0,0,0,0,0,5.86,9.43623179736348,0.5,0,0
8.53,0,0,0,0,0,0,0,0,0,0,0,0,5.86,9.43623179736348,0.5,0,0
8.54,0,0,0,0,0,0,0,0,0,0,0,0,5.86,9.43623179736348,0.5,0,0
8.55,0,0,0,0,0,0,0,0,0,0,0,0,5.86,9.43623179736348,0.5,0,0
8.56,0,0,0,0,0,0,0,0,0,0,0,0,5.86,9.43623179736348,0.5,0,0
8.57,0,0,0,0,0,0,0,0,0,0,0,0,5.86,9.43623179736348,0.5,0,0
8.58,0,0,0,0,0,0,0,0,0,0,0,0,5.86,9.43623179736348,0.5,0,0
8.59,0,0,0,0,0,0,0,0,0,0,0,0,5.86,9.43623179736348,0.5,0,0
8.6,0,0,0,0,0,0,0,0,0,0,0,0,5.86,9.43623179736348,0.5,0,0
8.61,0,0,0,0,0,0,0,0,0,0,0,0,5.86,9.43623179736348,0.5,0,0
8.62,0,0,0,0,0,0,0,0,0,0,0,0,5.86,9.43623179736348,0.5,0,0
8.63,0,0,0,0,0,0,0,0,0,0,0,0,5.86,9.43623179736348,0.5,0,0
8.64,0,0,0,0,0,0,0,0,0,0,0,0,5.86,9.43623179736348,0.5,0,0
8.65,0,0,0,0,0,0,0,0,0,0,0,0,5.86,9.43623179736348,0.5,0,0
8.66,0,0,0,0,0,0,0,0,0,0,0,0,5.86,9.43623179736348,0.5,0,0
8.67,0,0,0,0,0,0,0,0,0,0,0,0,5.86,9.43623179736348,0.5,0,0
8.68,0,0,0,0,0,0,0,0,0,0,0,0,5.86,9.43623179736348,0.5,0,0
8.69,0,0,0,0,0,0,0,0,0,0,0,0,5.86,9.43623179736348,0.5,0,0
8.7,0,0,0,0,0,0,0,0,0,0,0,0,5.86,9.43623179736348,0.5,0,0
8.71,0,0,0,0,0,0,0,0,0,0,0,0,5.86,9.43623179736348,0.5,0,0
8.72,0,0,0,0,0,0,0,0,0,0,0,0,5.86,9.43623179736348,0.5,0,0
8.73,0,0,0,0,0,0,0,0,0,0,0,0,5.86,9.43623179736348,0.5,0,0
8.74,0,0,0,0,0,0,0,0,0,0,0,0,5.86,9.43623179736348,0.5,0,0
8.75,0,0,0,0,0,0,0,0,0,0,0,0,5.86,9.43623179736348,0.5,0,0
8.76,0,0,0,0,0,0,0,0,0,0,0,0,5.86,9.43623179736348,0.5,0,0
8.77,0,0,0,0,0,0,0,0,0,0,0,0,5.86,9.43623179736348,0.5,0,0
8.78,0,0,0,0,0,0,0,0,0,0,0,0,5.86,9.43623179736348,0.5,0,0
8.79,0,0,0,0,0,0,0,0,0,0,0,0,5.86,9.43623179736348,0.5,0,0
8.8,0,0,0,0,0,0,0,0,0,0,0,0,5.86,9.43623179736348,0.5,0,0
8.81,0,0,0,0,0,0,0,0,0,0,0,0,5.86,9.43623179736348,0.5,0,0
8.82,0,0,0,0,0,0,0,0,0,0,0,0,5.86,9.43623179736348,0.5,0,0
8.83,0,0,0,0,0,0,0,0,0,0,0,0,5.86,9.43623179736348,0.5,0,0
8.84,0,0,0,0,0,0,0,0,0,0,0,0,5.86,9.43623179736348,0.5,0,0
8.85,0,0,0,0,0,0,0,0,0,0,0,0,5.86,9.43623179736348,0.5,0,0
8.86,0,0,0,0,0,0,0,0,0,0,0,0,5.86,9.43623179736348,0.5,0,0
8.87,0,0,0,0,0,0,0,0,0,0,0,0,5.86,9.43623179736348,0.5,0,0
8.88,0,0,0,0,0,0,0,0,0,0,0,0,5.86,9.43623179736348,0.5,0,0
8.89,0,0,0,0,0,0,0,0,0,0,0,0,5.86,9.43623179736348,0.5,0,0
8.9,0,0,0,0,0,0,0,0,0,0,0,0,5.86,9.43623179736348,0.5,0,0
8.91,0,0,0,0,0,0,0,0,0,0,0,0,5.86,9.43623179736348,0.5,0,0
8.92,0,0,0,0,0,0,0,0,0,0,0,0,5.86,9.43623179736348,0.5,0,0
8.93,0,0,0,0,0,0,0,0,0,0,0,0,5.86,9.43623179736348,0.5,0,0
8.94,0,0,0,0,0,0,0,0,0,0,0,0,5.86,9.43623179736348,0.5,0,0
8.95,0,0,0,0,0,0,0,0,0,0,0,0,5.86,9.43623179736348,0.5,0,0
8.96,0,0,0,0,0,0,0,0,0,0,0,0,5.86,9.43623179736348,0.5,0,0
8.97,0,0,0,0,0,0,0,0,0,0,0,0,5.86,9.43623179736348,0.5,0,0
8.98,0,0,0,0,0,0,0,0,0,0,0,0,5.86,9.43623179736348,0.5,0,0
8.99,0,0,0,0,0,0,0,0,0,0,0,0,5.86,9.43623179736348,0.5,0,0
9,0,0,0,0,0,0,0,0,0,0,0,0,5.86,9.43623179736348,0.5,0,0
9.01,0,0,0,0,0,0,0,0,0,0,0,0,5.86,9.43623179736348,0.5,0,0
9.02,0,0,0,0,0,0,0,0,0,0,0,0,5.86,9.43623179736348,0.5,0,0
9.03,0,0,0,0,0,0,0,0,0,0,0,0,5.86,9.43623179736348,0.5,0,0
9.04,0,0,0,0,0,0,0,0,0,0,0,0,5.86,9.43623179736348,0.5,0,0
9.05,0,0,0,0,0,0,0,0,0,0,0,0,5.86,9.43623179736348,0.5,0,0
9.06,0,0,0,0,0,0,0,0,0,0,0,0,5.86,9.43623179736348,0.5,0,0
9.07,0,0,0,0,0,0,0,0,0,0,0,0,5.86,9.43623179736348,0.5,0,0
9.08,0,0,0,0,0,0,0,0,0,0,0,0,5.86,9.43623179736348,0.5,0,0
9.09,0,0,0,0,0,0,0,0,0,0,0,0,5.86,9.43623179736348,0.5,0,0
9.1,0,0,0,0,0,0,0,0,0,0,0,0,5.86,9.43623179736348,0.5,0,0
9.11,0,0,0,0,0,0,0,0,0,0,0,0,5.86,9.43623179736348,0.5,0,0
9.12,0,0,0,0,0,0,0,0,0,0,0,0,5.86,9.43623179736348,0.5,0,0
9.13,0,0,0,0,0,0,0,0,0,0,0,0,5.86,9.43623179736348,0.5,0,0
9.14,0,0,0,0,0,0,0,0,0,0,0,0,5.86,9.43623179736348,0.5,0,0
9.15,0,0,0,0,0,0,0,0,0,0,0,0,5.86,9.43623179736348,0.5,0,0
9.16,0,0,0,0,0,0,0,0,0,0,0,0,5.86,9.43623179736348,0.5,0,0
9.17,0,0,0,0,0,0,0,0,0,0,0,0,5.86,9.43623179736348,0.5,0,0
9.18,0,0,0,0,0,0,0,0,0,0,0,0,5.86,9.43623179736348,0.5,0,0
9.19,0,0,0,0,0,0,0,0,0,0,0,0,5.86,9.43623179736348,0.5,0,0
9.2,0,0,0,0,0,0,0,0,0,0,0,0,5.86,9.43623179736348,0.5,0,0
9.21,0,0,0,0,0,0,0,0,0,0,0,0,5.86,9.43623179736348,0.5,0,0
9.22,0,0,0,0,0,0,0,0,0,0,0,0,5.86,9.43623179736348,0.5,0,0
9.23,0,0,0,0,0,0,0,0,0,0,0,0,5.86,9.43623179736348,0.5,0,0
9.24,0,0,0,0,0,0,0,0,0,0,0,0,5.86,9.43623179736348,0.5,0,0
9.25,0,0,0,0,0,0,0,0,0,0,0,0,5.86,9.43623179736348,0.5,0,0
9.26,0,0,0,0,0,0,0,0,0,0,0,0,5.86,9.43623179736348,0.5,0,0
9.27,0,0,0,0,0,0,0,0,0,0,0,0,5.86,9.43623179736348,0.5,0,0
9.28,0,0,0,0,0,0,0,0,0,0,0,0,5.86,9.43623179736348,0.5,0,0
9.29,0,0,0,0,0,0,0,0,0,0,0,0,5.86,9.43623179736348,0.5,0,0
9.3,0,0,0,0,0,0,0,0,0,0,0,0,5.86,9.43623179736348,0.5,0,0
9.31,0,0,0,0,0,0,0,0,0,0,0,0,5.86,9.43623179736348,0.5,0,0
9.32,0,0,0,0,0,0,0,0,0,0,0,0,5.86,9.43623179736348,0.5,0,0
9.33,0,0,0,0,0,0,0,0,0,0,0,0,5.86,9.43623179736348,0.5,0,0
9.34,0,0,0,0,0,0,0,0,0,0,0,0,5.86,9.43623179736348,0.5,0,0
9.35,0,0,0,0,0,0,0,0,0,0,0,0,5.86,9.43623179736348,0.5,0,0
9.36,0,0,0,0,0,0,0,0,0,0,0,0,5.86,9.43623179736348,0.5,0,0
9.37,0,0,0,0,0,0,0,0,0,0,0,0,5.86,9.43623179736348,0.5,0,0
9.38,0,0,0,0,0,0,0,0,0,0,0,0,5.86,9.43623179736348,0.5,0,0
9.39,0,0,0,0,0,0,0,0,0,0,0,0,5.86,9.43623179736348,0.5,0,0
9.4,0,0,0,0,0,0,0,0,0,0,0,0,5.86,9.43623179736348,0.5,0,0
9.41,0,0,0,0,0,0,0,0,0,0,0,0,5.86,9.43623179736348,0.5,0,0
9.42,0,0,0,0,0,0,0,0,0,0,0,0,5.86,9.43623179736348,0.5,0,0
9.43,0,0,0,0,0,0,0,0,0,0,0,0,5.86,9.43623179736348,0.5,0,0
9.44,0,0,0,0,0,0,0,0,0,0,0,0,5.86,9.43623179736348,0.5,0,0
9.45,0,0,0,0,0,0,0,0,0,0,0,0,5.86,9.43623179736348,0.5,0,0
9.46,0,0,0,0,0,0,0,0,0,0,0,0,5.86,9.43623179736348,0.5,0,0
9.47,0,0,0,0,0,0,0,0,0,0,0,0,5.86,9.43623179736348,0.5,0,0
9.48,0,0,0,0,0,0,0,0,0,0,0,0,5.86,9.43623179736348,0.5,0,0
9.49,0,0,0,0,0,0,0,0,0,0,0,0,5.86,9.43623179736348,0.5,0,0
9.5,0,0,0,0,0,0,0,0,0,0,0,0,5.86,9.43623179736348,0.5,0,0
9.51,0,0,0,0,0,0,0,0,0,0,0,0,5.86,9.43623179736348,0.5,0,0
9.52,0,0,0,0,0,0,0,0,0,0,0,0,5.86,9.43623179736348,0.5,0,0
9.53,0,0,0,0,0,0,0,0,0,0,0,0,5.86,9.43623179736348,0.5,0,0
9.54,0,0,0,0,0,0,0,0,0,0,0,0,5.86,9.43623179736348,0.5,0,0
9.55,0,0,0,0,0,0,0,0,0,0,0,0,5.86,9.43623179736348,0.5,0,0
9.56,0,0,0,0,0,0,0,0,0,0,0,0,5.86,9.43623179736348,0.5,0,0
9.57,0,0,0,0,0,0,0,0,0,0,0,0,5.86,9.43623179736348,0.5,0,0
9.58,0,0,0,0,0,0,0,0,0,0,0,0,5.86,9.43623179736348,0.5,0,0
9.59,0,0,0,0,0,0,0,0,0,0,0,0,5.86,9.43623179736348,0.5,0,0
9.6,0,0,0,0,0,0,0,0,0,0,0,0,5.86,9.43623179736348,0.5,0,0
9.61,0,0,0,0,0,0,0,0,0,0,0,0,5.86,9.43623179736348,0.5,0,0
9.62,0,0,0,0,0,0,0,0,0,0,0,0,5.86,9.43623179736348,0.5,0,0
9.63,0,0,0,0,0,0,0,0,0,0,0,0,5.86,9.43623179736348,0.5,0,0
9.64,0,0,0,0,0,0,0,0,0,0,0,0,5.86,9.43623179736348,0.5,0,0
9.65,0,0,0,0,0,0,0,0,0,0,0,0,5.86,9.43623179736348,0.5,0,0
9.66,0,0,0,0,0,0,0,0,0,0,0,0,5.86,9.43623179736348,0.5,0,0
9.67,0,0,0,0,0,0,0,0,0,0,0,0,5.86,9.43623179736348,0.5,0,0
9.68,0,0,0,0,0,0,0,0,0,0,0,0,5.86,9.43623179736348,0.5,0,0
9.69,0,0,0,0,0,0,0,0,0,0,0,0,5.86,9.43623179736348,0.5,0,0
9.7,0,0,0,0,0,0,0,0,0,0,0,0,5.86,9.43623179736348,0.5,0,0
9.71,0,0,0,0,0,0,0,0,0,0,0,0,5.86,9.43623179736348,0.5,0,0
9.72,0,0,0,0,0,0,0,0,0,0,0,0,5.86,9.43623179736348,0.5,0,0
9.73,0,0,0,0,0,0,0,0,0,0,0,0,5.86,9.43623179736348,0.5,0,0
9.74,0,0,0,0,0,0,0,0,0,0,0,0,5.86,9.43623179736348,0.5,0,0
9.75,0,0,0,0,0,0,0,0,0,0,0,0,5.86,9.43623179736348,0.5,0,0
9.76,0,0,0,0,0,0,0,0,0,0,0,0,5.86,9.43623179736348,0.5,0,0
9.77,0,0,0,0,0,0,0,0,0,0,0,0,5.86,9.43623179736348,0.5,0,0
9.78,0,0,0,0,0,0,0,0,0,0,0,0,5.86,9.43623179736348,0.5,0,0
9.79,0,0,0,0,0,0,0,0,0,0,0,0,5.86,9.43623179736348,0.5,0,0
9.8,0,0,0,0,0,0,0,0,0,0,0,0,5.86,9.43623179736348,0.5,0,0
9.81,0,0,0,0,0,0,0,0,0,0,0,0,5.86,9.43623179736348,0.5,0,0
9.82,0,0,0,0,0,0,0,0,0,0,0,0,5.86,9.43623179736348,0.5,0,0
9.83,0,0,0,0,0,0,0,0,0,0,0,0,5.86,9.43623179736348,0.5,0,0
9.84,0,0,0,0,0,0,0,0,0,0,0,0,5.86,9.43623179736348,0.5,0,0
9.85,0,0,0,0,0,0,0,0,0,0,0,0,5.86,9.43623179736348,0.5,0,0
9.86,0,0,0,0,0,0,0,0,0,0,0,0,5.86,9.43623179736348,0.5,0,0
9.87,0,0,0,0,0,0,0,0,0,0,0,0,5.86,9.43623179736348,0.5,0,0
9.88,0,0,0,0,0,0,0,0,0,0,0,0,5.86,9.43623179736348,0.5,0,0
9.89,0,0,0,0,0,0,0,0,0,0,0,0,5.86,9.43623179736348,0.5,0,0
9.9,0,0,0,0,0,0,0,0,0,0,0,0,5.86,9.43623179736348,0.5,0,0
9.91,0,0,0,0,0,0,0,0,0,0,0,0,5.86,9.43623179736348,0.5,0,0
9.92,0,0,0,0,0,0,0,0,0,0,0,0,5.86,9.43623179736348,0.5,0,0
9.93,0,0,0,0,0,0,0,0,0,0,0,0,5.86,9.43623179736348,0.5,0,0
9.94,0,0,0,0,0,0,0,0,0,0,0,0,5.86,9.43623179736348,0.5,0,0
9.95,0,0,0,0,0,0,0,0,0,0,0,0,5.86,9.43623179736348,0.5,0,0
9.96,0,0,0,0,0,0,0,0,0,0,0,0,5.86,9.43623179736348,0.5,0,0
9.97,0,0,0,0,0,0,0,0,0,0,0,0,5.86,9.43623179736348,0.5,0,0
9.98,0,0,0,0,0,0,0,0,0,0,0,0,5.86,9.43623179736348,0.5,0,0
9.99,0,0,0,0,0,0,0,0,0,0,0,0,5.86,9.43623179736348,0.5,0,0
