t,iq,iq_ref,id,vq,vd,ia,ib,va,vb,theta_e,omega,r,"T_ass:0.12,S_pct:-0.04,kp:0.6556,ki:0.2950"
0,0,0,0,0,0,0,0,0,0,0,0,0,0
0.01,0.0011685655764772,0.00035844961530529,0.00061640857825153,-0.0405009732317005,-0.0308809234683075,-0.000523709891426303,-0.00121294393584032,0.0276393118758487,0.0427788347901149,-3.06378325345939,-0.00463164833852971,0,0
0.02,0.0012468325617822,0.000152698121382855,0.000689134801810296,-0.054700010132756,-0.034524384138033,-0.0005901646014882,-0.0012966124923572,0.0301694697657434,0.0572173688899443,-3.06380815879565,-0.00294003693837001,0,0
0.03,0.00125654904733764,7.48239835957065e-05,0.000706946830130754,-0.0590784778801688,-0.0354167353004732,-0.000607186368200091,-0.0013076750526293,0.0307197673294158,0.0616515010620823,-3.06382240267602,-0.00173008759826308,0,0
0.04,0.00122076871570262,1.76107241713908e-05,0.000697551093999985,-0.0601498203100723,-0.0349460144921943,-0.000600605130545766,-0.00127126994109862,0.030167543265675,0.0626828855871861,-3.06382732521298,-0.00104115376412283,0,0
0.05,0.00123578307441506,5.14119346917141e-06,0.000706995280719955,-0.06152366410093,-0.0354191557032014,-0.000608859526613915,-0.00128697016702894,0.0305327823250659,0.0640892115618676,-3.06383134366108,-0.000784719487163221,0,0
0.06,0.00123141153244824,-1.02811081887921e-05,0.000707056907570549,-0.0620760268571932,-0.0354222450968725,-0.000609263137452546,-0.00128261539914787,0.0304930830225391,0.0646400838942712,-3.06383335195792,-0.000574400153079556,0,0
0.07,0.00126978082237347,1.3806940842187e-05,0.000726189025541818,-0.0627898751030355,-0.0363807130972297,-0.000625358121267457,-0.00132235436167831,0.0313932637898401,0.0654262003293731,-3.06383429071335,-0.000755690178174546,0,0
0.08,0.00122818587105038,-2.24869982048403e-05,0.000707184400182487,-0.0625248069715799,-0.0354286199808942,-0.000609642893694918,-0.00127940839917383,0.0304646826051903,0.0650879536807615,-3.06383497489045,-0.000406559298108071,0,0
0.09,0.0012274795707681,-2.33536848099902e-05,0.000707056639807049,-0.0625327824762688,-0.0354222198257719,-0.00060957045287741,-0.00127869427602031,0.0304576857477249,0.0650954062933975,-3.06383502851783,-0.00039686419699959,0,0
0.1,0.00122742206154111,-2.35219777096063e-05,0.000707055762061534,-0.0625382790226038,-0.0354221764431834,-0.000609574071756911,-0.00127863685965325,0.0304572168876432,0.0651008822255131,-3.06383504939694,-0.00039459343665756,0,0
0.11,0.00122739947696872,-2.3595277525601e-05,0.000707055747388043,-0.062540772872175,-0.0354221765983417,-0.000609575823688102,-0.00127861433636282,0.030457023943473,0.0651033682609417,-3.06383505894417,-0.000393580631205653,0,0
0.12,0.0012273891160051,-2.36281575780595e-05,0.000707055743255468,-0.0625418572426544,-0.0354221767128048,-0.000609576630011413,-0.00127860400370962,0.0304569401102155,0.0651044492301139,-3.06383506333286,-0.000393115197135639,0,0
0.13,0.00129185988439302,1.62479918799363e-05,0.000739530993090586,-0.0637712944539616,-0.0370491441195494,-0.000636947962982788,-0.00134540155459163,0.0319836009285376,0.0664564996668427,-3.06383673695421,-0.00068910567241044,0,0
0.14,0.00139288772598744,-3.57428070856258e-05,0.000800197576398707,-0.0714220193191072,-0.0400884036069299,-0.000689583889140214,-0.00145083646160381,0.0344194000368639,0.0743201846638809,-3.06383690522048,-0.0013729994075419,0,0
0.15,0.00122524382284237,-3.70255911548156e-05,0.000707679855328642,-0.063104204583506,-0.035453445853193,-0.000610368000796769,-0.00127651247806464,0.0304445606384425,0.0656674667283158,-3.06383702159657,-0.000202681941335654,0,0
0.16,0.00122526196410231,-3.07786867779214e-05,0.000707059092060958,-0.0627927984273753,-0.0354223586206266,-0.000609746377227828,-0.00127648297904808,0.0304376885974354,0.0653546183328677,-3.06383598222481,-0.000296003215343642,0,0
0.17,0.00122638922480427,-2.69432421191595e-05,0.000707055375031376,-0.0626573807928231,-0.0354221775296745,-0.000609654476587464,-0.00127760684612037,0.0304479948542445,0.0652196108399653,-3.06383548825375,-0.000348094318188586,0,0
0.18,0.00122692415321076,-2.51641922659473e-05,0.000707055559230224,-0.0625951484810137,-0.035422178739152,-0.000609612816888136,-0.00127814031117715,0.0304528153726458,0.0651575735879425,-3.06383526079277,-0.000372189356118732,0,0
0.19,0.0012271704880312,-2.43448339460883e-05,0.000707055656668406,-0.0625664628811456,-0.0354221779990472,-0.000609593645206013,-0.00127838597303239,0.0304550360902101,0.065128977793283,-3.06383515615415,-0.000383275100880504,0,0
0.2,0.00122728376013908,-2.39671335293679e-05,0.000707055701571983,-0.062553203267712,-0.0354221777019436,-0.000609584829548694,-0.00127849893570963,0.0304560626552505,0.0651157596879528,-3.06383510801761,-0.000388374617098105,0,0
0.21,0.00122733591420315,-2.37925996771082e-05,0.000707055722229132,-0.0625470443369775,-0.0354221776082968,-0.000609580770542902,-0.00127855094728922,0.0304565395409038,0.0651096200342079,-3.06383508587231,-0.000390720415972564,0,0
0.22,0.00122735989575939,-2.37115291383816e-05,0.000707055731733399,-0.0625441491364474,-0.0354221776084395,-0.00060957890412182,-0.00127857486333229,0.0304567637746194,0.0651067338921484,-3.06383507568308,-0.000391799493122954,0,0
0.23,0.00122737083879962,-2.3673446776229e-05,0.000707055736107216,-0.0625427510382755,-0.0354221776519901,-0.000609578052439548,-0.00127858577650535,0.030456872115945,0.0651053401646734,-3.0638350709937,-0.000392295873056671,0,0
0.24,0.00122737596107377,-2.36551422858611e-05,0.000707055738121402,-0.0625420506129566,-0.0354221777149158,-0.000609577653792218,-0.00127859088477485,0.0304569264466051,0.0651046419264156,-3.06383506883428,-0.000392524209869052,0,0
0.25,0.0012273782893802,-2.36459345615003e-05,0.000707055739050007,-0.0625416652361992,-0.0354221777871404,-0.000609577472583881,-0.00127859320672513,0.0304569563895684,0.0651042577500467,-3.06383506783862,-0.000392629245741211,0,0
0.26,0.00124040705487459,-1.43089018820319e-05,0.000712714753082818,-0.0627261790635857,-0.0357056904975041,-0.0006142074838564,-0.00129202211583987,0.0307252876943427,0.0653102332710613,-3.06383519265975,-0.000471578386451614,0,0
0.27,0.00118672560646013,-5.71378841414116e-05,0.000686314122827202,-0.0621835920986649,-0.0343830774528564,-0.000592056817968879,-0.00123645196611789,0.0294488325535088,0.0646665400547893,-3.06383540651249,-8.09948047180306e-05,0,0
0.28,0.00117053018867159,4.65730190626346e-05,0.0006730887685936,-0.0561882541755916,-0.0337205161308399,-0.000580129621002889,-0.00121927807978058,0.0292539919313273,0.0586378467503109,-3.06383553234837,4.2340481389117e-05,0,0
0.29,0.00122692460364092,-2.30870755331125e-05,0.000706827619386638,-0.0624908834626825,-0.0354107422655631,-0.00060938509133393,-0.0012781232636202,0.0304494902966747,0.0650527457100576,-3.06383491695985,-0.00040301355645193,0,0
0.3,0.00122674657006663,-1.40862666739849e-05,0.000705769956976479,-0.062032030521611,-0.0353577765178145,-0.0006083425047728,-0.00127786453751075,0.0304322294716214,0.0645912113240212,-3.06383339133911,-0.000538577063456927,0,0
0.31,0.00122919833737599,-1.74328251887346e-05,0.000707047834847282,-0.0623218393401882,-0.0354217766095056,-0.000609427185948467,-0.0012804076297793,0.0304735803248942,0.0648850893433936,-3.06383426625932,-0.000477088208611916,0,0
0.32,0.00122824699192988,-2.07569792110007e-05,0.000707056025597626,-0.0624404094453796,-0.035422204732717,-0.000609509805134501,-0.00127945953197576,0.0304648246986771,0.0650033212683171,-3.0638346981775,-0.000431779608112062,0,0
0.33,0.00122777957299752,-2.23112183448393e-05,0.000707055897717245,-0.0624946957149189,-0.0354221799964369,-0.000609546241225334,-0.00127899339410913,0.0304605960538195,0.0650574355185195,-3.06383489728661,-0.000410690525418309,0,0
0.34,0.0012275640882373,-2.30257610382978e-05,0.000707055812687818,-0.0625196010104717,-0.0354221807922495,-0.000609563012314193,-0.00127877849802221,0.0304586681794532,0.0650822628319064,-3.06383498888152,-0.000400985878438446,0,0
0.35,0.00122746478596412,-2.33536738960538e-05,0.000707055773395214,-0.0625309872133391,-0.0354221782924421,-0.000609570740747593,-0.00127867946706666,0.0304577839570874,0.0650936131527488,-3.06383503101334,-0.000396521648890903,0,0
0.36,0.00122741915115807,-2.35037259699311e-05,0.000707055755320486,-0.0625361652493239,-0.0354221785243254,-0.000609574292384826,-0.0012786339569341,0.0304573832236334,0.0650987749705681,-3.06383505039187,-0.000394468084155942,0,0
0.37,0.00122739819640019,-2.35719635384157e-05,0.000707055747007905,-0.062538487244004,-0.0354221786740481,-0.000609575923242522,-0.00127861305941491,0.0304572035822262,0.0651010896893091,-3.06383505930377,-0.000393523435908444,0,0
0.38,0.00122738853392849,-2.36025625781622e-05,0.000707055743186143,-0.0625394922324287,-0.0354221787861859,-0.000609576675244687,-0.00127860342334489,0.0304571258940044,0.0651020915249832,-3.06383506340099,-0.000393088893826342,0,0
0.39,0.00122738411014628,-2.36158521147445e-05,0.000707055741430092,-0.062539893812799,-0.0354221788808833,-0.000609577019536958,-0.00127859901164566,0.0304570949165032,0.0651024918419609,-3.06383506528344,-0.000392889002679164,0,0
0.4,0.00122738201467049,-2.36211781157181e-05,0.000707055740624374,-0.0625400136852088,-0.0354221789678316,-0.000609577182612899,-0.00127859692191253,0.0304570857478133,0.0651026113326151,-3.06383506614706,-0.000392797051926701,0,0
0.41,0.00122738108334791,-2.36228406720329e-05,0.000707055740256022,-0.0625400086097842,-0.0354221790509052,-0.000609577255095129,-0.00127859599313465,0.0304570862506057,0.0651026062669493,-3.06383506654205,-0.000392754754201619,0,0
0.42,0.00122738061768663,-2.36228170251707e-05,0.000707055740088429,-0.0625399425070854,-0.035422179132429,-0.000609577291329649,-0.00127859552875802,0.0304570914783711,0.0651025403648549,-3.06383506672145,-0.000392735297072684,0,0
0.43,0.00122738038485599,-2.36220184888225e-05,0.000707055740013513,-0.0625398492934699,-0.0354221792131778,-0.000609577309443646,-0.00127859529657618,0.030457098804863,0.0651024474367226,-3.06383506680168,-0.000392726346711218,0,0
0.44,0.00122738038485599,-2.36208652495407e-05,0.000707055739980836,-0.0625397499746937,-0.0354221792931517,-0.000609577309455323,-0.00127859529655254,0.0304571066018569,0.065102348423206,-3.06383506683629,-0.00039272222950983,0,0
0.45,0.00122738026844066,-2.36195446632337e-05,0.000707055739967967,-0.0625396364546391,-0.0354221793735131,-0.000609577318502963,-0.00127859518047968,0.0304571155010153,0.065102235251991,-3.06383506684991,-0.000392720335580455,0,0
0.46,0.00122738026844066,-2.36181513173506e-05,0.000707055739964372,-0.0625395251034314,-0.035422179453487,-0.000609577318504453,-0.00127859518047698,0.0304571242306846,0.0651021242433333,-3.06383506685388,-0.000392719464364375,0,0
0.47,0.00122738026844066,-2.36167215916794e-05,0.000707055739964845,-0.0625394119189415,-0.0354221795334609,-0.000609577318504346,-0.00127859518047729,0.0304571331024741,0.0651020114070676,-3.06383506685342,-0.000392719063599804,0,0
0.48,0.00122738026844066,-2.36152736761142e-05,0.000707055739966722,-0.0625392978105132,-0.0354221796134348,-0.00060957731850301,-0.00127859518047897,0.0304571420459006,0.0651018976497178,-3.06383506685092,-0.000392718879245974,0,0
0.49,0.00122738026844066,-2.36138221225701e-05,0.000707055739969751,-0.0625391835056744,-0.0354221796934087,-0.000609577318501595,-0.00127859518048132,0.0304571510045216,0.0651017836965802,-3.06383506684745,-0.000392718794442211,0,0
0.5,0.00122738026844066,-2.36123705690261e-05,0.000707055739973401,-0.0625390691862944,-0.0354221797733826,-0.000609577318500282,-0.00127859518048396,0.0304571599642458,0.0651016697289578,-3.06383506684357,-0.000392718755432748,0,0
0.51,4.24873864796322,4.59999990463257,0.0179960316726733,17.5650241033311,-0.825643539922928,-1.81547951663022,3.84137190083808,-8.31761106516298,15.4928727218129,0.445733958005015,137.497339737097,698.196535599292,0
0.52,4.1183138023146,4.59999990463257,0.0310780543964091,24.0891955216274,-1.39696133200008,-3.665077711917,-1.87847805028679,-20.7074169593834,-12.3872403994005,2.05196718542278,297.779999706481,721.913490077386,0
0.53,3.96233592769794,4.59999990463257,0.158101718952546,31.8918654193711,-7.68376153828034,3.958752857857,0.231036724073638,30.9851562119233,10.7727139490077,-1.47262147973552,453.188764099367,818.721140661761,0
0.54,3.83226675049478,4.59999990463257,0.190466693991775,38.3996412751271,-9.26850385222062,-2.681850847026,-2.74412500494673,-18.5009300091505,-34.9020515516436,2.41733095903728,606.837034225507,957.957308195216,0
0.55,3.70377014107134,4.59999990463257,0.10496242914833,44.8288615658932,-5.03775455828867,-3.32147057359815,1.64218257150229,-42.8361641232059,14.1445693993609,1.13995901323657,758.768000302885,1093.73392784147,0
0.56,3.59271558364362,4.59999990463257,0.249473436549259,48,-12.1812947987144,-2.81417866042824,2.24727406599411,-46.4164537668396,17.2596860540401,0.966265017901742,907.944803797424,1180.20023293379,0
0.57,3.52402301455937,4.59999990463257,0.182555901866938,48,-8.76329691729499,-3.41483351434494,-0.889368840109185,-43.1179788714426,-22.8393360433814,1.87733611430109,1054.64200654894,1187.12956208158,0
0.58,-1.64668566621609,-0.640778839588165,-0.142843220905494,48,6.83978517333267,-0.802553972165925,1.44495155311203,21.1756932672982,-43.6161974026467,-2.54806899103228,1126.06771793498,1110.49975989437,0
0.59,-3.88091406859844,-3.16874742507935,-0.23352959874187,35.6406949152097,11.3551490593804,-3.2015602147025,-2.20591075816043,35.0737213490702,13.0012543597752,-0.907382155479684,1022.76628880062,974.359074426078,0
0.6,-4.22710795313202,-3.61675596237183,-0.136676675251597,30.5541568208752,6.49578131783657,-1.09093143270345,-4.08619514586973,13.2500198384599,28.2876059122049,-0.228572567135192,875.63199324632,823.192419225823,0
0.61,-3.19314276991594,-2.6410276889801,-0.0490333987525819,27.6461863264435,2.26803814449689,-1.85713834811456,-2.5979996495808,17.5950969346779,21.4445372829681,-0.605257775817501,743.264106459303,707.238894103601,0
0.62,-1.16124456080972,-0.593018412590027,-0.0171380238093127,28.4556087311629,0.749744309092999,1.11672273744358,-0.318924708272611,-27.2787541801726,8.13347128646588,1.30736894467536,670.094740784408,665.651855912287,0
0.63,1.12352842826412,1.85422015190125,0.0979184274013246,36.5830095245269,-4.75858467237372,0.17985897485434,1.11335299734933,-2.0692341955313,36.8331234597315,-0.073230457988686,682.13468564649,713.189925787561,0
0.64,3.00143399318359,3.85527610778809,0.115132429379739,42.7447587954584,-5.49508970687229,2.66688793634855,1.38187200083491,34.4574824009706,25.8842098962919,-1.05438692889089,775.929660187264,834.989717153513,0
0.65,3.56082461700802,4.59999990463257,0.241120389499593,48,-11.6465767411997,3.3325821915215,1.27730455729106,38.6642389968732,30.7362875536608,-1.13717673817109,918.969610868225,991.269348653415,0
0.66,3.40571573070058,4.59999990463257,0.136600563600357,48,-6.56659044436745,0.621255463537808,3.35135808312716,0.351039517564838,48.4458138678789,-0.14320587813354,1066.05933038902,1130.45654050796,0
0.67,1.36045906768661,2.57886981964111,0.165171689075664,48,-7.99728125553446,-1.35881204068244,-0.17821447701924,-44.5051101619001,-19.6787112626122,1.82202407911184,1172.00824690642,1206.36772896446,0
0.68,-1.07674755382223,0.155052304267883,-0.0168156219371782,48,0.712999304371711,-0.96573250584184,0.476475379178947,43.0667818469621,-21.2075616079315,-2.01352003757845,1195.25222825094,1193.66684123457,0
0.69,-3.14040190350187,-2.17438793182373,-0.130740574005294,48,6.11006406527399,0.737947945303435,-3.05526595294614,-7.32609641262762,47.8295012961105,0.278601875402916,1130.98904764596,1096.38824998927,0
0.7,-4.29991328541774,-3.62228322029114,-0.219593992134644,33.9563080254204,10.5414881152805,4.20805886393617,0.910887688544439,-35.5308547813863,1.3085048360128,1.8349951900046,1000.17996377062,946.636301974424,0
0.71,-4.27918659094238,-3.70107579231262,-0.140850516580972,28.9845226158424,6.59561816468389,-3.4488778406116,-2.53702944181979,26.8511776025471,12.7522151643962,-0.903665153884701,845.37463346807,793.886254340308,0
0.72,-2.88171829569866,-2.36748099327087,-0.163261669338092,25.7947215198784,7.89806377579411,-2.88488605387549,-0.0915814642501141,26.3908793974178,-5.59182924681529,-1.48246794213776,718.903852912679,688.483445138789,0
0.73,-0.741375096220384,-0.0940647795796394,0.00469236931532641,32.4522188648696,-0.227645538309755,-0.284413456655924,0.68466636933517,12.4702307866175,-29.9615032311967,-2.75420670758148,662.053782713729,664.890980756767,0
0.74,1.56080016267384,2.34331011772156,0.0436100795930809,39.2163554265207,-2.1293218606299,-1.32431294343825,-0.827160331910756,-31.4902096520563,-23.4696237846901,2.15703852473508,692.59472347413,730.308647790891,0
0.75,3.15800166723344,4.15839147567749,0.10019544689956,48,-4.83250107443643,-3.02146420583025,0.923995514445364,-47.5896254323934,7.91079122711039,1.30573419375481,800.100646185612,862.456362242882,0
0.76,3.60079781978718,4.59999990463257,0.123695834296471,48,-5.81077190353105,-3.53833854859158,0.679121427991482,-48.3211392936676,1.68302331440712,1.41550891381788,945.689806147764,1017.21112162667,0
0.77,2.85994977734007,4.00269031524658,0.211491770848323,48,-10.1649340450528,-1.65992955980132,-2.33851990680898,-16.1209424491971,-46.3404909198203,2.59812117092934,1087.04233020967,1143.46573354455,0
0.78,0.995518670042102,2.05124282836914,0.0842701336396652,48,-4.03166045704006,0.987809439927558,-0.149637522754313,48.1612984151638,0.862334625536611,-1.63668934326096,1173.73171322751,1200.16782365483,0
0.79,-1.33105161055213,-0.318859189748764,-0.0603822396663806,48,2.95001445126192,0.86530167584329,-1.01321143627742,-30.6401466944975,37.0659411832794,0.752155828457044,1178.1848242477,1169.80959409889,0
0.8,-3.2153267018044,-2.4003164768219,-0.155525650842989,40.8633631345578,7.4700913062824,-1.25686778453774,-2.96357847873102,21.1286580331421,35.7658569100402,-0.352779717343901,1101.45924039136,1063.8920338816,0
0.81,-4.26862520898933,-3.48225522041321,-0.156390494247217,39.4357837154703,7.34753311909474,3.44503489874831,-2.52534229519807,-28.5139287635018,28.2156542837392,0.974860244290202,969.483351777561,918.639194298709,0
0.82,-3.78750863459787,-3.18036007881165,-0.116756754312761,30.4788441982789,5.55053601966448,3.58138215608179,-1.23796431650109,-27.4486952285778,14.3644534882885,1.2688042069153,827.498567807351,782.540358202134,0
0.83,-2.23622072325465,-1.70832073688507,-0.0735250015856425,26.5202539268654,3.53508104435549,1.25474654215328,-1.85248486199647,-12.7258845219936,23.5344965841308,0.628217018138009,721.866772059576,700.024501668006,0
0.84,-0.193883966541793,0.453426629304886,0.00647448199586387,32.4948004322014,-0.407528958941203,-0.0947730507771161,-0.169266004399856,16.4637356292869,28.0182716117522,-0.543797944047183,686.125384183679,696.80498700487,0
0.85,1.81765548016383,2.58724570274353,0.126577941909638,38.6130167160705,-6.13199811533245,1.79314963221615,-0.32327668711299,39.0506291953285,1.90126806393387,-1.67963882313415,730.720278068905,771.775095535091,0
0.86,3.02685813999977,3.95542001724243,0.200220086696706,46.5657095777659,-9.68016056090831,2.25444447118482,-2.02963997032576,42.5759416031011,-21.1981134437743,-2.2377166335996,838.472226578009,898.03821370706,0
0.87,3.11316581693211,4.20392179489136,0.166767912584724,48,-8.03715435939323,2.90867676437487,-1.1221463455219,48.1305683315902,-7.21416954852299,-1.88547793922624,972.180987337998,1032.52659571071,0
0.88,2.0537565472097,3.17498683929443,0.142543575777148,48,-6.80481668189755,1.27325754198675,1.6177298470313,21.378229725423,43.5118009726243,-0.597508310151952,1086.72507788372,1130.77756105742,0
0.89,0.355510372642104,1.35205781459808,0.0537902866110393,48,-2.61770798179843,0.322837718047795,-0.158293486270024,46.5622905274118,-11.9501253515964,-1.87650382494927,1145.38985982271,1161.77238070117,0
0.9,-1.6194216207668,-0.714318156242371,-0.0930223054775842,45.4067522309071,4.44982385843466,0.277094552653066,-1.59824846128922,-5.97593044877737,45.2312097539018,0.229046073547362,1131.21760004206,1117.84346749273,0
0.91,-3.13206876345302,-2.29482173919678,-0.155493805317993,42.0180815910251,7.32122527214628,2.93609769955997,1.10152773960942,-41.46874878221,-9.97308350077912,1.97931862292023,1051.31945419491,1016.44945223693,0
0.92,-3.56513477676326,-2.88992595672607,-0.226187657890651,33.9205311202893,10.8893438354736,0.769741870267471,3.48838706083858,-15.9578396608555,-31.8516497847146,2.98777387074174,934.829942942258,893.456867939348,0
0.93,-2.8751703627638,-2.28282833099365,-0.148221009128703,29.7813768220367,7.24103863029094,0.180184311356576,2.87334434003365,-7.5717657475135,-29.6990136086418,3.13047222527486,822.471551057027,790.458217253538,0
0.94,-1.518870208278,-0.818840205669403,0.0235220090742244,35.1698887299301,-1.23388013934851,0.795307264631852,1.29422036351201,-17.8340220127835,-30.337949705303,2.57508931192475,750.004765556908,740.60913732499,0
0.95,0.334887419466745,1.00379657745361,0.116799802698766,33.6180423718297,-5.7967462362901,-0.348092939944127,0.0679932554642047,-32.4521580935194,-10.5181973225124,1.71347603985228,740.385155338859,757.836199128156,0
0.96,1.7868269749769,2.56868982315063,0.0840902723824344,39.2699880942098,-4.05246828108505,-1.47744485391623,1.00845352696637,-35.5642567125342,17.1387895889279,1.01889368796862,793.574797981177,832.96527133531,0
0.97,2.43535997342151,3.36860179901123,0.148981811054684,46.8429681281278,-7.14765667388311,-1.79014209432536,1.6578796887269,-40.7750670865903,24.1401442221161,0.884836601407663,888.304854740038,937.839670668127,0
0.98,2.09743905810347,3.17081236839294,0.19659715301554,48,-9.55995841103443,2.04355705451892,-0.511640115665064,48.8938015747218,2.18837208729257,-1.72266183520176,990.676831982615,1035.72395527521,0
0.99,1.02043685918772,2.10002017021179,0.0939042588976075,48,-4.64647668349293,0.52059354384872,0.882661744685378,16.2920466591317,45.3889740050039,-0.44112030798728,1066.10294709953,1094.18877110838,0
1,-0.360753009535713,0.53781121969223,-0.000659590592342052,45.1197800009042,0.0247599498219578,0.338169898885812,-0.125635538110774,-42.3152932356074,15.6592183320134,1.21691195920734,1091.11485998059,1095.95232333558,0
1.01,-1.93121287450775,-0.9343141913414,-0.109628052851376,48,5.15836540520894,0.663063213782839,1.81712648188408,-18.8100714557584,-44.4611059858267,2.84841464351044,1059.69098402086,1044.02443902552,0
1.02,-2.57614061507742,-1.82422435283661,-0.148557291814158,37.7955857013975,7.14123265558254,-1.99885738799447,1.63191264474007,26.414631123622,-27.9601638935794,-2.19786841607436,986.984522671623,959.610063841353,0
1.03,-2.50825361092116,-1.8479905128479,-0.0983322013284249,33.2173671752555,4.61426241425749,-2.50876722385927,0.0842164770490909,33.2428061388908,-4.42727226353783,-1.56516920763517,899.893673147505,873.806856503931,0
1.04,-1.70708115636165,-1.03921520709991,0.0582205855285473,33.6017979788537,-3.00367388523388,-1.70266980429539,-0.135761734391694,33.4305189079803,4.52805584812128,-1.52532216341953,830.350358664896,816.260140455473,0
1.05,-0.652103397100536,0.216418489813805,0.0573833886822239,43.6389368446418,-2.85708802063933,-0.641063995973928,0.132546772396214,42.6175169774276,-9.81157518276171,-1.86245521557004,799.970938981123,804.88420828032,0
1.06,0.604220776945272,1.48302662372589,0.0411138977301887,44.1573778816772,-2.09279863417268,-0.41300059867207,0.442948761568907,-33.6664066523984,28.6500766250944,0.818363958110764,817.328418156403,840.224647003267,0
1.07,1.46308796832519,2.31811618804932,0.0995308805611743,42.9726617910031,-4.88385877594212,-0.879078249915463,1.17377775995662,-31.7365080513153,29.3818956954123,0.710739737176247,872.316123947825,906.255635559336,0
1.08,1.33689604936272,2.43462944030762,0.051779958908438,48,-2.55995609793301,-1.15358857462648,0.677647114239757,-43.5076347978258,20.4362200399771,1.07838636941909,942.659493243703,977.048262698089,0
1.09,0.834270856213174,1.85280132293701,0.0112060971617503,48,-0.580570464164533,-0.783271806016134,-0.287434716136523,-44.6282189904852,-17.682169883845,1.93593702047488,1001.77963209337,1026.66774160999,0
1.1,-0.140064557920862,0.811314046382904,0.0364869887688704,47.801604419144,-1.90875941724059,-0.033462928587561,0.140817659209809,0.879144127456589,-47.8316198048989,3.12006089997694,1029.13425598679,1038.59409354099,0
1.11,-1.12603774304727,-0.239693030714989,-0.0761543687013325,44.5538568451985,3.73851544135812,-1.03047566857413,0.460304663365467,40.5222966786692,-18.8935472946089,-1.92336789180855,1017.06552350691,1011.26586797804,0
1.12,-1.73076377480345,-0.954197585582733,-0.0203840381011968,39.0692034368411,0.920904277775325,-1.36555647475469,-1.06358557128082,31.1126287531533,23.6485740362196,-0.897298504159799,973.393349361565,957.873001922318,0
1.13,-1.79526825827023,-1.0371185541153,-0.0205123070075425,38.1526536747458,0.894322481365914,-0.472249959789699,-1.73216305507595,10.4797603263428,36.6960409121772,-0.254741803768359,916.372369173271,900.689027387968,0
1.14,-1.29152473658279,-0.532372117042542,-0.0581356345006491,38.2071688567377,2.70892291866823,-0.0658326979913958,-1.29115527845384,2.93660753357604,38.1903436960221,-0.00596050665023324,869.221845963142,862.232361262038,0
1.15,-0.302502901036653,0.383316487073898,0.00417866662019073,34.5448601251662,-0.194484748955416,0.0212594270385261,0.301783868277129,-2.70946369841297,-34.4389894139165,3.0574502072994,850.417239246485,856.655083134347,0
1.16,0.399639593787611,1.2912859916687,0.0714010718698448,44.8404397636814,-3.6293911880195,-0.110483679833159,-0.390644690834796,-0.812563497462568,-44.979742764478,3.0427654488585,865.321021196244,884.58722529221,0
1.17,0.942295974907984,1.84171998500824,0.0884496059085495,45.2334254503362,-4.30663038501102,0.00833224265654631,-0.946401400487911,8.90769279946698,-44.55628858236,-3.03919692536987,906.822896659883,933.301142348721,0
1.18,0.892851586784574,1.83487689495087,0.112504105731786,47.3673980183009,-5.58474659042162,0.451448199149056,-0.778482917805725,33.1415239388723,-34.3001338264521,-2.49073317978982,956.746363051155,982.026395044936,0
1.19,0.386171759851549,1.25260412693024,0.0343628362258085,43.5916160889734,-1.70923463718917,0.384532885552235,-0.0494357416167271,43.625112767415,0.00351051784251855,-1.60990594988012,994.25044378991,1010.30342883181,0
1.2,-0.528443627586737,0.377497971057892,0.00759529240051066,45.5710712438837,-0.404649719324859,-0.270687780215356,-0.453914619334697,23.5562841800404,39.0126614234361,-0.552096481756933,1003.12589609056,1006.13509959286,0
1.21,-1.37007965803864,-0.47302833199501,-0.0262049230524571,45.1307137370495,1.23843257198104,0.573935319675281,-1.24434851074475,-18.567879180402,41.1527508241289,0.451280643045808,979.97822837714,970.793448355719,0
1.22,-1.74535314054851,-0.929500460624695,-0.0585404868197478,41.0751047182039,2.80637011203119,1.59779934398034,-0.704784953156374,-37.0701335228135,17.9121506642252,1.18889871680599,933.358833627161,918.422484218231,0
1.23,-1.58354803988042,-0.806058943271637,-0.0481936523953349,39.1613218735884,2.20290657606541,1.58267398853571,-0.071344717763736,-39.124921580645,2.77532693174152,1.55617280854942,882.182095644291,870.563613075179,0
1.24,-0.904819623601,-0.094831645488739,-0.0751523258814599,40.7906062881414,3.75440696793781,-0.900228971693366,0.118043305031475,40.5662488053958,-5.68758216589343,-1.61831073684103,848.731620497455,847.675114333158,0
1.25,0.0439123130136906,0.892189919948578,0.0100770736638195,42.7093493025877,-0.591809422217565,0.0421275971321104,-0.0159719819594498,42.3909722077945,-5.2387242264376,-1.70760982124555,847.349890408677,860.890640604757,0
1.26,0.981797999673289,1.78619360923767,0.152077830733061,40.5194145746385,-7.50779400717594,0.960630579389673,-0.253463742386179,41.0808509665709,3.24863235654628,-1.67509255909938,881.084977731776,907.217750922868,0
1.27,1.35304528271738,2.24486422538757,0.00040818658034758,44.894482717868,0.0293546664474566,1.30315450263538,0.364033028667986,43.2433488744289,12.0635077123452,-1.29809105504321,938.580670847354,970.120085837721,0
1.28,1.00127481307251,2.01925039291382,0.0350771837382051,48,-1.7444000406839,0.490645904244379,0.87352633432577,20.4770847939835,43.4480371230041,-0.476751292607008,998.223733142276,1025.41228368872,0
1.29,0.269590241730895,1.1711790561676,-0.0413383479465162,45.3903755735696,2.09104258398453,-0.208183958259782,0.176202148031058,-28.2245604553653,35.6094487587097,0.716256675627241,1036.21915192297,1050.36899617636,0
1.3,-0.974646483918782,0.00417400896549225,-0.00821759998702598,48,0.398149099104388,0.867026986862552,0.445272390359918,-42.696843369119,-21.934860132174,2.05366599530901,1035.89818031527,1032.66781994635,0
1.31,-1.94893041058668,-1.08985185623169,-0.101422237868758,43.2728402612427,4.76497422809651,-0.0761710563239859,1.95008055880325,-0.811397208208093,-43.526834461513,-3.05055898696361,993.96377550292,975.745029441469,0
1.32,-2.50310161862872,-1.63391172885895,-0.0991532985393639,43.7827955619348,4.62645650592555,1.67025143212786,-1.86697864028161,-27.137632136288,34.6682305440428,0.769430700375102,923.471641375624,898.385517035357,0
1.33,-2.02621767487466,-1.39005267620087,0.0156501221323151,32.1358701475919,-0.941002637641824,1.68775839346647,-1.12128256812488,-27.1557119992886,17.2095015011659,0.976667291201971,849.15631960948,828.462368782732,0
1.34,-1.17494024012929,-0.444401383399963,-0.0240193003812532,36.8588041644216,1.17611183386817,0.747977473392754,-0.906416677893154,-23.144254713038,28.7105931191776,0.710360782162029,798.827185775118,792.930891909708,0
1.35,0.148516191944351,0.940457999706268,0.00714659569549127,39.9332599507967,-0.270652300259422,-0.0268418094366885,0.146245172111255,-9.35197541632356,38.8236919776831,0.22960240558674,792.938098123366,807.658144185446,0
1.36,1.33615075631995,2.2663836479187,0.0204954252411066,46.8519963029533,-0.995579199426363,0.161785618151491,1.32647816409828,3.96837455150051,46.6942473858749,-0.106028895102059,837.634891126983,870.8668365277,0
1.37,2.13624340320019,3.03332591056824,0.127786148940844,45.1983932765152,-6.16074739991374,0.0529698497334236,2.13940631311508,-7.73827538597887,44.9551849885508,0.0349928874541532,919.287794095471,962.782075283096,0
1.38,1.97022881156505,2.94992399215698,0.134716841316124,48,-6.51204110807502,-1.36609737983455,1.42608840752052,-39.8757412983055,27.5014896924488,0.832186119941641,1011.34881597125,1051.88661459907,0
1.39,0.850716595676715,1.98173069953918,0.127983631327537,48,-6.27499734949001,-0.746959347989828,-0.426790661212464,-33.7814127710887,-34.6726368037597,2.23922112660818,1080.63652050022,1105.7838112605,0
1.4,-0.527354591854642,0.406151086091995,0.0425442835330062,47.0300234377897,-2.15055991794329,-0.42306222023069,0.317696772764522,36.6396886265964,-29.563173541854,-2.29540300192678,1101.31528739714,1102.90803063245,0
1.41,-2.14466406619001,-1.22896111011505,-0.185503767094567,46.1437713998021,8.94287557413086,1.50977297487697,1.53446445665715,-36.2994610584787,-29.8591994098229,2.45058595222933,1062.2649251267,1040.86909201727,0
1.42,-3.03881062087231,-2.34027028083801,-0.164009282550108,35.2899563810177,7.88483807587043,-1.35438593024735,2.72523536345707,10.5245176662362,-34.5945981440732,-2.62644519105481,974.764065345252,938.274579212573,0
1.43,-3.23257817974024,-2.51291656494141,-0.0855629292500587,36.3503838358999,3.90156721271393,-2.63813691681415,1.87005783630799,28.0300663987403,-23.4710035877205,-2.16097811574785,865.84298674166,829.105753211802,0
1.44,-2.23788541746669,-1.60481715202332,-0.0305454143621773,32.0248327996899,1.32005324713803,-1.39686412166596,1.74866657475089,19.3072855773201,-25.5843932908167,-2.45392524856536,773.93783238335,751.361610803743,0
1.45,-0.589000103595369,0.051525916904211,-0.0636215935760504,32.4018279833,3.08162045226559,0.131027207467644,0.577754878912972,-6.79249292949236,-31.8313820163998,3.02617720822239,731.410064416562,733.796797562798,0
1.46,1.09289638291311,1.95542812347412,-0.0556625959058469,43.506322364686,2.79745570088154,-0.882617207849614,-0.646921705289976,-37.8896523867491,-21.5638606494684,2.15241401415617,755.770511719539,785.392099161857,0
1.47,2.46179369160632,3.44514489173889,0.156823833223121,48,-7.72120208243895,-2.46268177227335,-0.142198393844818,-46.7130935784982,-13.472336468643,1.69209067788589,841.791415453311,891.383877049414,0
1.48,2.90778238115189,3.95312166213989,0.22566761620357,48,-10.918913481819,-2.72961029087843,-1.0273032215811,-38.8556556826036,-30.2235122561624,2.00820755082022,961.338036763586,1017.4841943114,0
1.49,2.11841337418302,3.32755756378174,0.0682925678604413,48,-3.29232920110111,0.0782083418224782,-2.11807047900013,6.60025408542519,-47.6579067687226,-3.07245864534976,1076.43818502477,1121.08663288321,0
1.5,0.618969345192733,1.7134051322937,0.0872446074528305,48,-4.19249832344393,-0.61509777539085,-0.111307675059479,-44.2625672564046,-19.0368637665016,1.88984727155132,1145.83934412467,1165.75972474848,0
1.51,-1.33971637664665,-0.378719002008438,-0.0688165226642973,48,3.37249369507719,-1.01246191210144,0.880054862034593,35.7159096532159,-32.2451160854889,-2.23502345511478,1145.00078768554,1134.06841387366,0
1.52,-3.11197903981765,-2.28171467781067,-0.12253392312585,41.9149402507839,5.76954078926048,-1.19905386979044,-2.87431694910662,20.0110094378425,37.2788052172317,-0.355857941211929,1071.38535272747,1034.20835504402,0
1.53,-3.92591207205544,-3.22427248954773,-0.0698094051020627,35.4880708808749,3.16115747302618,2.71148400603173,-2.83998475974529,-22.7116800222349,27.4513329727882,0.780034962749277,947.917117138584,897.973113728678,0
1.54,-3.66993322388144,-3.01426482200623,-0.195323080851948,33.1935910133693,9.38843446125836,2.86157140589728,-2.30607243221313,-21.4218072879,27.0381833434913,0.945654910428753,813.793177743503,770.524685820919,0
1.55,-2.14393779636811,-1.5630259513855,-0.0895201772988938,29.459558690417,4.24491616114327,0.418438058502499,-2.10461225123205,-2.8198465115702,29.6299405517534,0.237991037969576,716.109452884636,695.293007604543,0
1.56,-0.0480415931633992,0.646071672439575,0.0123810907217163,35.1235644247762,-0.569667394558489,-0.0317826259584559,-0.0380939728608322,28.18738582309,20.9633150837861,-0.947548817841254,687.726582998157,699.093289482833,0
1.57,2.067016190132,2.82157897949219,-0.025949569919075,38.1502169353199,1.42859527045915,1.85178648185241,-0.918757931163299,33.3086061611956,-18.6552055002649,-2.04391008537363,740.416117852608,782.586126963773,0
1.58,3.31064187350783,4.26256132125854,0.124234992947169,48,-5.9297665081369,1.88460816244342,-2.72470842883192,33.5132421777504,-34.8715461311436,-2.49896858999249,857.969976312664,919.469241280838,0
1.59,3.42806245538864,4.50579929351807,0.169444100493308,48,-8.20677983837081,-2.97436627999515,1.71273720507993,-46.4675008904954,14.5644291445735,1.09772485490111,1002.61462395504,1064.85122659028,0
1.6,2.18536433037786,3.36650705337524,0.2260976355021,48,-10.9709401165817,-1.24507748437369,-1.81017111212538,-13.3567304720013,-47.3915528141876,2.64217908606135,1125.70951248359,1170.11287218428,0
1.61,0.136595763106368,1.29117369651794,0.114418998524437,48,-5.62152701129591,0.153888321877045,-0.0898247967535307,46.3716015148107,13.611617791076,-1.40186668361388,1186.48421249655,1199.29294010082,0
1.62,-2.06409071804094,-1.09148788452148,-0.0365543887207079,48,1.67884170933515,1.69226473975508,-1.18239027660886,-38.8906875041633,28.1839126974684,0.978649261911203,1163.40262582771,1141.43739943771,0
1.63,-3.82265458520478,-2.99965119361877,-0.124311791166279,41.593954654089,5.82777144984527,1.06091047753821,3.67458983532309,-15.8812803012224,-38.8819356492453,2.89302893264561,1062.76930784006,1014.65221374952,0
1.64,-4.32723618784731,-3.70686841011047,-0.200481641012969,31.4664423296753,9.6817957655944,-2.7571426011771,3.3411570736158,13.9551159754282,-29.8182645411468,-2.40537301881217,917.131286349586,860.376045126337,0
1.65,-3.76483985013617,-3.0849769115448,-0.177518984187233,34.4451590362821,8.50082015679013,-2.08265470932238,3.14135025883098,13.5084273316633,-32.8063304165221,-2.50902928582056,773.762664697712,729.70434500179,0
1.66,-1.67946351693231,-1.18915259838104,-0.0730885943693656,24.9713350903549,3.59802678307367,0.655788721812788,1.54786330135342,-12.1034213464923,-22.1364081240787,2.78433763774934,682.389465728608,666.319390054452,0
1.67,0.637915057156149,1.24577033519745,-0.0426171423439361,30.852495201821,2.11846776946992,-0.636481213825537,0.0603614563713208,-30.1120536279768,7.0447563601956,1.40953512482474,671.874152330733,691.77441581879,0
1.68,2.61984818677981,3.43281769752502,0.128783344575712,41.1123777454451,-6.17004621396322,0.400667851135818,-2.59222972451898,14.3112255821871,-39.0318574564722,-2.93912396711212,747.138758190588,798.124113945876,0
1.69,3.49549068959714,4.59999990463257,0.14488150662878,48,-6.9981977475652,-0.589268581110068,-3.44850813415596,0.822566905802899,-48.5004964448768,3.01377526352006,883.192302827615,950.433748451313,0
1.7,3.44796783033105,4.59999990463257,0.178081177441445,48,-8.46231237321842,1.81631116770317,-2.93618950458472,34.2810291736327,-34.6471033348889,-2.53601038196282,1030.7914495247,1098.36523933455,0
1.71,1.97031082119589,3.09839367866516,0.180875773039423,48,-8.77437851067066,1.50666428146335,1.28249893581115,27.2794231762859,40.4576666333791,-0.774051844988335,1153.17438007017,1192.96370798473,0
1.72,-0.260762564294262,0.770541191101074,0.0383510156959796,48,-1.87543059289567,0.258959314736594,0.0490712609720383,-47.8818367001151,-3.85317455253224,1.61204425466117,1197.90242489642,1203.00049806211,0
1.73,-2.63339038613749,-1.64041745662689,-0.119224804549985,48,5.74626689517928,-1.9214484354533,1.80471476685802,32.697195800303,-35.6077655859965,-2.2796332527975,1155.05973939144,1125.37284959373,0
1.74,-4.07539584331439,-3.35574889183044,-0.240591485862222,36.4679466534132,11.5817758717017,-2.12988625774426,-3.48286090331581,27.378807272426,26.7291896210468,-0.489890229042651,1038.27704219796,986.068774703091,0
1.75,-4.33898563167472,-3.74531388282776,-0.190990347382002,30.1734327837183,9.12883891057136,1.05753866592624,-4.21246787462453,0.12090512134632,31.5239135857267,0.289955228015068,886.96144319195,831.394893940986,0
1.76,-3.20876015112657,-2.70820116996765,-0.0909318734386499,25.5216564292493,4.33412587277032,0.379645648819815,3.18751933239581,-6.61579748311485,-25.027401336057,3.05137835367204,751.714055781173,712.44967003561,0
1.77,-1.21980907586716,-0.690217316150665,-0.0578550915149786,26.9770626637665,2.75644506007548,1.15313088425449,0.401958402027577,-26.0540881678781,-7.51960032677479,1.95359969395915,675.941774872438,668.088818408238,0
1.78,1.0204309517141,1.74078381061554,0.105880157241012,36.5191678933936,-5.17239425783769,-0.493465731943182,0.899433992192487,-25.0301420702187,27.0905015444352,0.605188949705518,684.7751472309,712.108816497441,0
1.79,2.90427268988452,3.70333814620972,0.145251533640377,40.4589462005192,-7.04280651527931,1.18872556990978,2.6538329609598,8.11100035957438,40.2584043950471,-0.371157937823332,774.505308873843,828.914568713155,0
1.8,3.52467728387705,4.59531831741333,0.25162684936275,48,-12.1761849762204,1.86260080428285,3.00289598066333,11.5540501636781,48.1535399050822,-0.483920286844306,913.339471161433,979.045536796059,0
1.81,2.97907974275252,4.13518190383911,0.234388810205188,48,-11.3058059531048,-1.12549352066815,2.76823383458873,-31.6174743133608,37.8438444967373,0.464677755379843,1055.94165653389,1112.60237782788,0
1.82,1.46519407742245,2.50318551063538,0.108307165970631,48,-5.19718868181235,-1.14202376425651,-0.924286670134231,-31.4249171286853,-36.6535858225307,2.32499292845458,1155.07831110516,1185.97738491373,0
1.83,-0.809452342864811,0.227984070777893,-0.0156550035809171,48,0.747677306510739,-0.806695816306601,0.068556797328034,47.8483539064895,-3.88510614964441,-1.63623947496681,1178.91759208632,1176.23528027428,0
1.84,-2.80430902791066,-1.92950594425201,-0.117013931651667,44.263385167241,5.57098048175854,1.38333764133068,-2.4421749229528,-18.6737181734192,40.5163589130537,0.557077246181716,1121.61806293969,1088.35776441547,0
1.85,-4.07856141522653,-3.23866391181946,-0.283533043820816,42.5223931046244,13.6566841277855,-3.81348385695339,-1.47390470433771,44.2993065632263,5.67718017396056,-1.13257708972273,1002.85752562455,953.038824601921,0
1.86,-3.91514628979098,-3.24538803100586,-0.123499015834495,34.0196189569261,5.90390816218118,-2.22879502141278,-3.2211946898475,23.423777659952,25.3676417055084,-0.573746142815908,864.449742495687,815.937836588597,0
1.87,-2.74334163945257,-2.0644907951355,-0.112536593268078,34.4781514682958,5.33952192961676,-2.31908400992192,-1.46984257337415,31.3815098898805,15.2464507390716,-0.964893008395531,750.998290497438,722.160227961725,0
1.88,-0.660569539891911,-0.0345721840858459,0.0335421190729943,31.8393313557558,-1.66900357727084,-0.620992320545026,0.227696571359828,29.9521800430225,-10.9268250097145,-1.97297425185358,700.47849632768,701.273990287667,0
1.89,1.32421330278016,2.07499074935913,0.0412258987427707,38.0825098826941,-1.98756251447215,0.0509268805581135,-1.32387571124472,4.63007044659892,-37.8522180509143,-3.07202127123411,726.721097222001,757.883375797831,0
1.9,2.7740721840926,3.61781597137451,0.116948062435511,42.7349080392912,-5.65701756176151,-1.62005189067431,-2.25490248201254,-18.7218104765604,-38.8299887368063,2.5607187236517,818.943538384334,870.798069056398,0
1.91,2.97523394868977,4.05150413513184,0.211883214769343,48,-10.2240553695586,-1.37793681196062,-2.64541144028314,-9.71396469111064,-48.1058229134442,2.7324780514399,944.100445122031,1000.86326397457,0
1.92,2.22038059725888,3.3270149230957,0.043137258887721,48,-2.0213054164707,1.35266340077268,-1.76132124951644,31.5490736266234,-36.2317765074878,-2.46725648298895,1060.52721704012,1104.58543650162,0
1.93,0.64330332588142,1.693403840065,0.111549386844273,48,-5.42109850103832,0.493861443036659,0.427063589968962,26.2151997498585,40.572793976173,-0.686111113014898,1129.55759509654,1148.79859750374,0
1.94,-1.18224016518151,-0.261850476264954,-0.0896893364086944,46.581046246549,4.3883096484598,-1.10664605912987,0.425523777298236,43.3571242810165,-17.5843937932015,-1.86216525220512,1130.65453925845,1121.38908565889,0
1.95,-2.80228053335769,-1.91246223449707,-0.22128066074601,45.0564247815095,10.6770534216674,-0.384645463628195,-2.78456265610345,13.2915479851628,44.3555592459286,-0.0584653122800101,1066.27032826944,1034.573321763,0
1.96,-3.34832145381242,-2.64628148078918,-0.129870719043507,35.6718568659022,6.16308943174182,2.93130941539289,-1.62343711703115,-29.0773439640602,21.563235184007,1.10378735803112,961.024622039782,919.856817712904,0
1.97,-2.96518779766776,-2.33132004737854,-0.0938982792254295,32.267517937098,4.34610649493585,2.93356714658272,-0.441972124426235,-31.5324595680444,8.11081679462123,1.4529169780455,850.858543402619,816.662756988907,0
1.98,-1.6863509075366,-1.06625032424927,-0.10117591848321,31.5832727292686,4.88113620096709,1.45435033572398,-0.85958190465481,-25.8754388836037,18.7560728694639,1.09691486524486,773.735482693923,758.716763684854,0
1.99,-0.0341466020066019,0.639525234699249,-0.0323927304067119,34.265978779321,1.55390429563386,-0.0177437800030457,-0.0435940097146695,-11.0235831067389,32.481572248795,0.372499555856068,753.133633869424,762.909213719237,0
2,1.36266546216797,2.20325922966003,0.0194793726050654,42.6162868881073,-0.936401956535751,0.393548177150957,1.30474382160012,10.8219249343593,41.2299732896926,-0.27865626247911,792.833366378164,824.348478318502,0
2.01,2.16223370352869,3.07949829101562,0.130990000779331,46.4538623502351,-6.36423546586532,1.08555781334772,1.87456053592816,15.115988971849,44.3843632118622,-0.46440308014143,875.884025849708,919.061796987758,0
2.02,2.0239985654589,3.077317237854,0.127816103295596,48,-6.27905155525938,0.0730953163586908,2.02671266438234,-7.5733811830106,47.812868413121,0.0270162228349153,972.007744176459,1013.11214423564,0
2.03,1.18994589489118,2.18425989151001,0.104858137610706,48,-5.13757254045094,1.00547368363993,-0.644972195756613,44.9047996180097,-17.7187364920525,-2.05325226692034,1047.53601739008,1074.72537751207,0
2.04,-0.37048192769658,0.764379560947418,0.0607967416785121,48,-3.02742860857702,-0.1281220382426,-0.352899200714679,20.8297966202435,43.3507196796007,-0.510910061938434,1078.8853210578,1085.10378159662,0
2.05,-1.53875337768168,-0.639998435974121,-0.0220110208494555,45.5428464942275,0.91876384027801,1.33755494766751,-0.761047438952242,-39.4590767529343,22.759091712918,1.06779841625473,1057.94123467243,1044.22279527614,0
2.06,-2.39173657177267,-1.53396916389465,-0.0750814838754357,43.4976016635981,3.59289761533603,1.78634538457893,1.59217185786251,-34.0210823640334,-27.3407428307827,2.33016637570275,995.910961441005,969.803313570253,0
2.07,-2.44583917290295,-1.65778207778931,-0.0701458129171097,40.0164090840847,3.34046892534981,0.277193765094136,2.4310930281191,-6.72009300254108,-39.5892924749009,3.05673451557503,916.720621212541,890.117707983661,0
2.08,-1.75312816638893,-1.0462988615036,-0.0572727660806502,35.9592914813536,2.6349904616465,-0.0990455772275573,1.75126483181511,0.57713294242012,-36.0510850896431,-3.0524389600081,849.285026896372,833.436900985619,0
2.09,-0.629547452213617,0.1067775785923,0.00784208376263878,37.4383274103534,-0.439915644129152,0.062184272050033,0.626517844259846,-3.72429226019343,-37.2552215430191,3.03020681917423,817.122598455891,818.007549415516,0
2.1,0.515115316973268,1.29027009010315,0.0648089903801088,39.3840805812031,-3.13308750737898,-0.255794065919096,-0.451789099973801,-12.0764467016535,-37.61756870955,2.75156882052709,828.224400762874,846.110382452999,0
2.11,1.16375219364191,2.09236216545105,0.0735391914689234,47.060955515093,-3.66749630937449,-0.567061412256335,-1.01890555775209,-16.9361014578337,-44.0607822284489,2.69684995666441,875.763097324894,904.155334907489,0
2.12,1.36211627309885,2.24321913719177,0.158762762266877,44.6895064359931,-7.73230111294576,0.37038949333742,1.32037039475617,-0.628972143367488,45.3491439835064,-0.157457865288221,938.699120781629,968.523658455142,0
2.13,0.753717239255491,1.75188446044922,0.0684386203021314,48,-3.26209522995452,-0.403460237468819,0.640307237411371,-31.7477115949578,36.1486386157581,0.652814417363553,993.26300712993,1014.79703360119,0
2.14,-0.166409803241433,0.819619953632355,-0.00515253661133508,48,0.260773462678182,0.164208716086499,0.0274639547335594,-47.1256508762428,-9.12365235469405,1.76746584635103,1019.48215691234,1026.86150715797,0
2.15,-1.06222354532071,-0.187684297561646,-0.0673304617539898,44.3726229414827,3.16071084668222,0.277133055388533,1.02764270100299,-11.9179191368989,-42.8588726311096,2.94148222847834,1009.13551165775,1002.53424657893,0
2.16,-1.65143234135184,-0.859073042869568,-0.0772018683752428,40.267793423712,3.62961356896005,-1.10922202847919,1.22589371402253,25.8073939084689,-31.1231055893823,-2.35940254047938,969.201854723345,953.744052639239,0
2.17,-1.76429251194272,-0.933058142662048,-0.100751589521592,42.2158233445243,4.78062970265754,-1.72701725223304,0.374553548878824,40.9544702541469,-11.3031644778005,-1.727323658192,917.028758374678,901.36978320203,0
2.18,-1.26710028463924,-0.414562940597534,0.030686592490902,43.2852719507661,-1.57843242838481,-1.25510799209298,-0.176603302562235,42.8144677847229,6.55954000625613,-1.45521963476023,874.656502948695,866.829480937204,0
2.19,-0.308218754402959,0.436460018157959,0.0339599084757661,37.8965812211817,-1.80734512635539,-0.298423307430814,-0.0842354173222168,37.0820394151623,8.02120424074383,-1.40542408523741,858.584078560137,863.685711857196,0
2.2,0.434988632219134,1.30770242214203,0.0483725300557322,44.3025192344787,-2.32309943309475,-0.437488768300046,-0.0125932297356043,-43.5489029633931,-8.46185867185053,1.71032274384696,875.035908039449,892.468086112102,0
2.21,0.895813074768009,1.82310152053833,0.047951728448554,47.0352429351534,-2.38293640928639,-0.839760772846138,-0.315566597686408,-42.125551180931,-21.0577871962456,1.98372969133211,916.610684493216,940.651688214905,0
2.22,0.796289670635881,1.78364658355713,-0.0110783063846895,48,0.535640841048119,-0.400952179255768,-0.68806781525065,-25.2004757012485,-40.8561248228633,2.6000630213653,965.295255520864,987.751858423938,0
2.23,0.272824744980927,1.17878830432892,0.0448615644315715,45.9766252415001,-2.31416443643496,0.0634901764990268,-0.269100165227148,19.814567785421,-41.5522361505751,-2.74691949482204,1000.59193172404,1013.54490707364,0
2.24,-0.611615461667926,0.271598398685455,-0.0317591711342879,44.8429956119093,1.48470931418647,-0.606927724366441,0.0819808227439865,44.5687345831797,-5.16976932284462,-1.65317870772683,1006.61147742248,1006.23085168849,0
2.25,-1.35618125366715,-0.591269135475159,0.0189979818336129,38.9320143546531,-1.08363227970199,-0.790770322652208,-1.10193956863545,22.2678451638307,31.9533890595064,-0.636459239455368,980.054738883002,967.365109338517,0
2.26,-1.83770641856773,-1.04083096981049,-0.0767259080384191,40.5344426532158,3.64343736468736,0.0868320454851368,-1.83725663468286,0.0281119485896557,40.6978486747836,0.0889533245697646,929.743632370591,911.600144950707,0
2.27,-1.66101588707802,-0.882528901100159,-0.0542592157405455,39.6192850937022,2.46834894546981,0.626881553114738,-1.53913526305611,-13.8802960107803,37.1902928262977,0.419433676602991,875.959745881817,861.245807672703,0
2.28,-0.829333748514607,-0.114610180258751,-0.0174603368201127,36.4353769270288,0.804603558229271,0.315780017597908,-0.767060825667057,-13.8388810847321,33.7145287527977,0.411580961674641,840.841516128189,837.645161068007,0
2.29,0.162040346601797,0.936812460422516,0.0773645771702303,39.4420905968352,-3.78218485433705,-0.0456125235683222,-0.173671671326351,11.1099282684515,-38.0335763081937,-2.95299125479096,840.246165639777,852.623865773957,0
2.3,1.10441557723182,1.91883563995361,0.0105044203272937,41.4285312618007,-0.501741948728924,0.187153570399173,-1.08849329403793,7.90179581398688,-40.671077812214,-2.96180834251368,877.391706209016,903.321298392598,0
2.31,1.36259322284889,2.39165711402893,0.19995835136121,48,-9.7929466450756,0.541140361948993,-1.26641649622174,33.4207372956497,-35.8183768840586,-2.59206672888002,940.464076267879,972.511245627586,0
2.32,1.12187631821216,2.18712544441223,0.1436718752085,48,-6.98611625125189,1.08413062057324,-0.32234900128074,48.4986304195688,-0.829860049697145,-1.7324349219691,1006.68697061735,1034.49487289243,0
2.33,0.268565773929424,1.3019917011261,0.0578547179557412,48,-2.96367018257615,0.169946423702256,0.215854016378807,18.4224198213578,44.4229421456609,-0.45478339462176,1050.57236611582,1064.53858469613,0
2.34,-0.878022751725956,0.0456831455230713,-0.0692220660017781,46.9075705643446,3.43557722154976,0.701720995972376,-0.532262426610699,-37.6305438706971,28.2146333502625,1.00054684184258,1053.19399695817,1048.42008592528,0
2.35,-2.07108760396081,-1.16976749897003,-0.120421950181502,45.7923006195821,5.73821028207842,1.61761711435601,1.29893039871587,-37.8276167787511,-26.4373459733666,2.30543670851968,1010.25256040211,988.47996707303,0
2.36,-2.70600466602466,-1.85143065452576,-0.0961453319344222,43.4592608990424,4.4498404118977,0.041100779583451,2.70740021114678,-3.56520730502486,-43.54075946116,-3.12125696591858,934.001226739816,903.748471588526,0
2.37,-2.32469886767881,-1.67004525661469,-0.0515630270610635,33.4674904475586,2.41039018467853,0.399916342969666,-2.29062229312748,-4.12094663604164,33.3001606080619,0.195023262662558,850.666777949517,823.831296219769,0
2.38,-1.33885775891047,-0.720567286014557,0.0139864459465484,31.6534571834656,-0.739605537718043,-0.116494127187953,-1.33385337934711,2.34717855418867,31.5749761813318,-0.0975616549041491,790.287844508608,778.541416225702,0
2.39,0.0261575284887055,0.759241342544556,0.0577357588597213,37.3973277474401,-2.81603570495067,0.0614715597916574,-0.0154557912940751,21.0692293248861,31.0254372313489,-0.67171638612296,776.451287050969,786.914351194884,0
2.4,1.40947186640015,2.24460864067078,0.145158066618732,42.5041114959662,-7.07333012386878,1.3424975486442,0.453191061653178,35.7298331649913,24.0834074645729,-1.14260909837795,818.091963589365,849.616886260186,0
2.41,2.33239542902437,3.21029186248779,0.0479396563101723,44.64594398156,-2.22698574913246,2.13434445141055,0.941775138084402,39.5265930158802,20.8774573185626,-1.13469345417222,903.609825541039,947.678300280982,0
2.42,2.22125573468604,3.2761595249176,0.0136809815172081,48,-0.530266937608709,0.923160077125778,2.02038107299886,19.195632578236,43.9978280480581,-0.422437728935639,1004.98130879203,1048.28691448037,0
2.43,1.23301086368144,2.34600329399109,0.134772232366906,48,-6.54255862209906,-0.952192472738523,0.79486403833216,-43.5947930442757,21.1257921212525,0.984080504809865,1087.13647462561,1115.86211461884,0
2.44,-0.319491262658843,0.72248512506485,-0.000266795452693695,48,-0.0797493370793285,0.0987961775200377,0.303832278407981,-14.7290341404185,-45.6843727465657,2.82804493693358,1120.16270169499,1124.63810779449,0
2.45,-2.12066314217732,-1.0696542263031,-0.143246814534144,48,6.80928436169364,-2.11571197097393,0.203702401412353,47.7861481091328,-8.17620953807001,-1.59933557643238,1089.71397585747,1068.30932466316,0
2.46,-3.13811786132645,-2.41059899330139,-0.0627065030813219,37.145171652152,2.80565074119059,0.873237376125684,3.01482541816966,-12.3293253193123,-35.1514322655556,2.87963973559193,1003.00270633797,963.174503559934,0
2.47,-3.39601695107015,-2.80955648422241,-0.17798546466397,30.0965043152601,8.5521993330393,-1.12089629222176,3.21063879308635,3.47799661923776,-31.0941027358417,-2.75334039181355,886.800201912524,843.406774804535,0
2.48,-2.60191551123911,-2.03171277046204,-0.137964002503435,29.2876077957905,6.74153600299199,-0.381334769679054,2.57751473071392,-0.79294227954255,-30.0430278204611,-2.94173703293967,781.138735200121,749.827122825048,0
2.49,-1.01307167145422,-0.392480731010437,-0.0627051664693987,31.8109916136744,3.06687465045458,0.634385269768075,0.792339244835372,-20.8178345315405,-24.2479416236567,2.52827359594351,721.890327745107,715.905932783089,0
2.5,0.850566028191656,1.6259218454361,-0.016369349352229,39.553329169248,0.819905024260588,-0.850528398361412,0.0182199751019469,-39.4873062991993,2.42708340460612,1.53013478788944,732.441610156814,755.817733104397,0
2.51,2.4161961658975,3.35635280609131,0.0726526573582,47.7974842814146,-3.51075429389744,-1.79793189289671,1.61577326046195,-38.7621481182375,28.1854709487709,0.868768542679569,811.743761700089,858.804338469895,0
2.52,3.09909307862398,4.13768672943115,0.182518508728078,48,-8.77745800892429,-2.45363668869942,1.90193530801432,-44.5607641939739,19.8842164428845,0.970219067585692,934.463225331569,992.018267910025,0
2.53,2.64605143402799,3.75172924995422,0.279263791408815,48,-13.5925873985913,-2.50944087136778,-0.884467619431346,-37.5068020854097,-32.8937414946103,2.0148080477712,1061.42339999771,1111.11600755762,0
2.54,1.18400270619071,2.24942588806152,0.0329663850175,48,-1.49440742149915,0.764058418607621,-0.905076750205673,33.0867534013607,-34.8066086095583,-2.41264422217996,1149.22394730867,1175.14796988366,0
2.55,-0.979313601115198,0.0700265020132065,-0.0342862512034285,48,1.60476714870392,0.263771240325739,0.943745415420824,-12.8548531535164,-46.2744857130048,2.90404936579772,1166.64851401706,1160.70644163621,0
2.56,-2.87449647646258,-2.02418637275696,-0.184206263769326,43.3225192205944,8.84617046299214,-2.81189263266544,-0.624437157101897,44.0711477550516,3.58180667142943,-1.28827692891039,1105.9725407006,1070.42394161189,0
2.57,-4.01265269460777,-3.27628612518311,-0.212810423658214,37.6296252537783,10.3270952977043,0.270246774073171,-4.00919400940683,5.73690512985186,38.5969624913508,0.120290152575105,985.65152711468,932.753436173087,0
2.58,-3.84188973158115,-3.31711745262146,-0.231156449044766,27.0539941161305,11.2417708026325,1.77365483169401,-3.41580130446314,-4.23896781506574,28.9883969939247,0.539023682079584,843.882631275776,792.904030883269,0
2.59,-2.57763993023162,-2.06480741500854,-0.0556510617733841,26.4607359763101,2.60377561541151,-0.0820064250121602,-2.57693608707272,2.87422005626515,26.4327269673707,-0.0102259171214979,728.893951737524,697.851124746583,0
2.6,-0.619014867281221,0.0565236061811447,0.0355133799690937,34.5999171565713,-1.89346320103476,-0.559157150966519,-0.267925151105718,31.2889330439807,14.8910086664593,-1.18126812069249,679.049396659308,680.435389099313,0
2.61,1.71312962751551,2.37415599822998,0.0770989773000839,33.8783269289517,-3.67879248431419,1.08564366943205,-1.32745440448788,25.3451256482127,-22.7793581016651,-2.411094263935,713.190304400975,747.969448354247,0
2.62,3.25649506015031,4.09172916412354,0.129537439124371,42.5927214216392,-6.16143221348008,-0.0136372687083749,-3.25904189138778,7.67235706696972,-42.3466421580223,-3.10601985303197,820.960170418387,879.31815690485,0
2.63,3.55477754761456,4.59999990463257,0.158191346865248,48,-7.64534934228695,0.891940637127438,-3.44469299286428,21.3945870802915,-43.6431324520758,-2.8437536824434,966.808615922069,1031.58115501865,0
2.64,2.7810249782845,3.85780739784241,0.19645150401278,48,-9.48145023363815,-2.77536506612802,0.264654251784041,-48.2182660596692,-8.300404612542,1.54624825791082,1104.07243377642,1154.24241644305,0
2.65,0.905500038614605,1.90354931354523,0.0989980198125177,48,-4.84541833128252,0.396321589738695,-0.820158597690011,29.5654826346848,-38.1229630981549,-2.58255727096347,1185.65327238266,1206.07706326208,0
2.66,-1.44527207684757,-0.535393953323364,-0.0374378122389443,46.3383258634068,1.7526427764179,-0.219128561649655,-1.42905410652287,7.5736169784394,45.748798086823,-0.126255213968077,1184.46704636717,1169.11213359488,0
2.67,-3.52024331645022,-2.66718101501465,-0.181376688039593,43.5014357025473,8.69411286412459,3.26707643657129,1.32333747304959,-43.0999760751042,-10.5049782961434,2.00712908866701,1099.91384381853,1054.88191607184,0
2.68,-4.45047413963932,-3.72864174842834,-0.158525279467237,36.9441572074933,7.57404523541068,-0.51105301101988,4.42387558050133,-1.94491029992813,-37.662371631713,-2.99097609432744,959.596591023998,900.794304464218,0
2.69,-3.97655810029573,-3.41558742523193,-0.201440109197947,28.9050142977943,9.72317600736291,-1.13091096014179,3.81767374756571,0.430448014447443,-30.4935192743099,-2.8029841636142,808.979485492581,757.764445111383,0
2.7,-2.32541114590635,-1.80915772914886,-0.102574533568991,26.672789796607,4.91144517016144,1.11068974061629,2.045587160825,-16.0973903668883,-21.8273688879236,2.68824550263886,698.929269613899,673.240026996517,0
2.71,0.0208825201717269,0.590739965438843,0.0882550354298963,29.356740024606,-4.36062620328718,-0.00164447080883578,0.0906770458452067,-29.6127454831994,1.97953295106399,1.35658733057564,666.143307795004,675.323922215537,0
2.72,2.13620920443901,2.94054698944092,0.0379095496862141,41.0847899879262,-1.78447669397115,-0.188798666641753,2.1281874829445,-6.13048978460073,40.6640064482613,0.106226044177693,721.109388685425,763.34921518106,0
2.73,3.6033373920153,4.49020051956177,0.169568254538398,45.2149825586172,-8.2256968994613,-2.01803654096785,-2.99003716916051,-16.4779531565157,-42.9014428315592,2.59492177337181,845.624735968895,908.092142658789,0
2.74,3.47665438555386,4.59999990463257,0.142012762732474,48,-6.84531068363034,-0.455807245257584,-3.44956998719268,2.47687011736771,-48.4223439413781,3.05104402713486,993.495800107261,1061.55487926304,0
2.75,2.48239433335107,3.58802127838135,0.16268464729029,48,-7.838051946184,2.43358242161177,-0.516163266747739,48.6275921082595,0.890137103941584,-1.71435734661326,1127.29251960561,1173.0183515797,0
2.76,0.298636445152118,1.37874209880829,-0.0252897548825284,48,1.32190934166938,-0.179383272424532,0.240093606015192,-24.2603875543172,41.4388831898487,0.557184968091651,1193.11914133412,1205.95421233095,0
2.77,-1.90226102013823,-1.04103016853333,-0.0181055256936498,43.9466787222954,0.737417571419628,0.292524064131411,1.87972191313025,-7.07378480389036,-43.379902304449,2.99672766285886,1172.61042499983,1150.11068623502,0
2.78,-3.77874267887313,-2.9793848991394,-0.230047308289301,40.8570369009204,11.0801114610782,-3.70138032325859,-0.794733728856762,42.3316192003773,0.316780976917832,-1.29849041394974,1073.2950273615,1024.73786235625,0
2.79,-4.28681540446054,-3.67871785163879,-0.175808159731116,31.298258551508,8.43122095889563,-1.14508144249315,-4.13478939137243,15.3210473462251,28.5645231612483,-0.229178918097341,929.402045350904,871.926571588926,0
2.8,-3.61917488031648,-3.07326698303223,-0.189274006111895,28.1925961374538,9.09578685819816,-1.03419381096579,-3.4734269281307,15.4642442435459,25.2668352888782,-0.237136301478625,787.588327998798,742.373435907711,0
2.81,-1.81862742789743,-1.22579646110535,-0.0973037308298492,30.5424735909368,4.80777789700852,1.73155060235994,0.564452167150736,-30.2234921769553,-6.51904456109614,1.93936799816108,696.082777823989,678.417969153684,0
2.82,0.476429403007627,1.12642657756805,-0.00836304696796722,33.4046814535602,0.421306411133967,-0.298211707863012,0.371651306870052,-20.1121175699732,26.6749502147138,0.658648726818174,683.165322658229,700.071707717247,0
2.83,2.43426939029212,3.23458671569824,0.046229074652733,40.9247548267688,-2.19214481737932,1.00789998799226,2.21629018994843,14.2189224245435,38.4377848167179,-0.407824050887046,752.575449247247,798.69116735679,0
2.84,3.46249442096681,4.40219783782959,0.119837164129352,47.8978863847562,-5.75791980918038,2.40781106194354,2.49111911620363,27.8009419509796,39.426752177858,-0.733798188115325,879.473574130793,940.316459318894,0
2.85,3.11760016261806,4.2518949508667,0.11042426265291,48,-5.29829379026874,0.261731411888637,3.10855608921077,-2.96043822372583,48.2007025115973,-0.0485941461578906,1020.64104551584,1077.41444165867,0
2.86,1.78055659014172,2.8741397857666,0.149506707574771,48,-7.20320518598865,-1.78198626106236,0.131373481692224,-47.9241866639809,-7.69145613959883,1.58097617307056,1129.55960303571,1164.9512157957,0
2.87,-0.250758680109886,0.767674922943115,-0.0214923266880603,48,1.1026140259223,-0.131799798398625,0.214407669869807,27.6504269882745,-39.2513648814441,-2.5049226195523,1171.31220601676,1175.32316506202,0
2.88,-2.26983105361789,-1.38479244709015,-0.061194104003343,45.1780735039049,2.83282295057133,-0.71361097784602,-2.15560597109734,15.7496431953245,42.438566783216,-0.292739921370025,1133.99380653051,1107.15316777859,0
2.89,-3.70315368889358,-2.88777446746826,-0.191737110358626,41.6992393055853,9.09436315197932,3.61007536783253,-0.847033766519154,-39.418165714673,16.3628301798657,1.39206507825948,1031.49524238773,985.119172385941,0
2.9,-3.83262022454512,-3.20178651809692,-0.249479470078478,32.4762225402275,12.0384453205905,-3.40688366633226,-1.77323474916927,34.0128821064755,6.53858142338414,-1.02589266531898,899.800702232332,851.064725791106,0
2.91,-2.78271296685516,-2.24558472633362,-0.138914990743285,27.7948579531956,6.72834085173224,-2.60668487873412,-0.983861155618997,28.1693584384842,4.930714392419,-1.16001090877075,783.629659622504,749.581023998984,0
2.92,-1.05601455435499,-0.476255059242249,-0.1279831891812,29.9303102717005,6.2910367254152,-0.922012069562337,0.530509358356593,25.091328238594,-17.4878776089016,-1.97231147973228,719.951152016118,713.04920221872,0
2.93,0.748366782374562,1.57719230651855,0.0653731243965173,42.3876538652999,-3.28849533288836,0.0485083686084846,-0.749648867490615,9.65842299482216,-41.4034088815401,-2.98984141341993,728.762058560599,751.19851413472,0
2.94,2.30739390122446,3.18585801124573,0.102194993339436,44.8736832283958,-4.89294507660437,-1.28884762968587,-1.91660695488788,-19.1914033009482,-40.8568035625088,2.59384909809371,803.94802616964,848.582627786522,0
2.95,2.86790914531951,3.83126211166382,0.0611767289305584,48,-2.8163436389414,-1.50233252667817,-2.44369442387028,-21.8308201604191,-42.8409510003693,2.61170514294298,918.612475622237,970.603226745874,0
2.96,2.35189344555279,3.37205338478088,0.226813083721116,48,-11.1296269975986,0.591545512422389,-2.28755783772,26.8805431213883,-41.2953387031134,-2.79240214817316,1032.2361356644,1075.7900908315,0
2.97,0.786663795463653,1.95993971824646,0.156188394865928,48,-7.68581921020364,0.789786737759083,0.139540856540081,41.9509687973121,24.5598866833477,-1.19992299381501,1107.82560805537,1129.98280874291,0
2.98,-0.832926978073996,0.154100999236107,0.0147472004580613,48,-0.750511321709167,0.566287486093022,-0.610985526685596,-32.5600285826265,35.2761648417534,0.729745528531234,1122.1377021957,1117.53844174318,0
2.99,-2.36381057267761,-1.49396550655365,-0.0969937782924133,44.4602958836087,4.55023180162314,-1.58476439006061,-1.75656768856931,31.9045173144962,31.2973528343141,-0.693015997735534,1073.07270892246,1045.85251359112,0
3,-3.0777130006084,-2.34083032608032,-0.177429830361074,37.8163544530289,8.63884702806015,1.50644216007378,-2.6896896990486,-13.0657903936054,36.5238478734335,0.568135589477643,980.652390736477,941.884557241738,0
3.01,-0.812484898147159,-0.113814860582352,-0.0094220961200267,35.9097682719558,0.429238112008746,0.765507601816242,-0.272430903485709,-33.8293378727565,12.0528669532706,1.24048656944686,931.908665400351,926.852629197315,0
3.02,-0.923539093838121,-0.111559092998505,-0.0116890937439647,41.5794252896669,0.444749567283681,0.91581844490273,0.119740004742929,-41.2202375778903,-5.47160155885537,1.7134614711219,911.381190540208,906.10910721706,0
3.03,-1.09653194835032,-0.233480840921402,-0.0221780714687737,44.1371977374963,1.00080649748598,0.994047989969588,0.463403468097131,-40.0596992385779,-18.5557089511272,2.0272451626068,887.627627062996,880.447348298642,0
3.04,-1.11230843719357,-0.334311425685883,-0.0654668987877988,39.888773031162,3.17564213773379,0.966011929284948,0.555280943998677,-35.0964523230119,-19.2207687478169,2.15128270308896,859.970730316285,851.442599261537,0
3.05,-1.11020183712504,-0.387077510356903,0.013274488180631,37.1494158593474,-0.683310253025142,0.971952687253174,0.536686412100787,-32.4102673486448,-18.1692207312804,2.0633503827968,830.223654808823,820.843936608914,0
3.06,-1.07398633408048,-0.395842909812927,-0.0931824097243021,34.9045900241379,4.49671850710674,1.07309811966374,0.1029078852557,-35.1416978922644,-1.90051343960539,1.7529482824712,799.515980185511,790.458942262666,0
3.07,-1.0028658352852,-0.348948955535889,-0.115194449190069,33.6974570117645,5.60906492848157,0.903276155144106,-0.450668206394201,-29.7576093468427,16.7769158188369,1.22237211516004,770.26804230179,762.037324356436,0
3.08,-0.948797249635117,-0.264099419116974,-0.00174962756948388,35.2405494161714,0.0170744937409692,-0.376902573624409,0.870725979919682,14.0429764996884,-32.3216866162821,-2.73123922908622,744.198910597003,737.16141144703,0
3.09,-0.72326903687729,-0.119440481066704,-0.0440797897323003,31.2011623073701,2.21600499096868,0.38648956239143,0.612933067904422,-16.9484958413455,-26.2901444683506,2.63987681923261,722.228108233334,717.150766122929,0
3.1,-0.555797337468908,0.0320837795734406,-0.0540107270364459,30.4078321157131,2.64786146952107,0.556547773979198,-0.0456334773092302,-30.4442636235692,2.1895745609116,1.58585836332482,705.775475675239,702.986985161752,0
3.11,-0.509068747802287,0.194061696529388,0.0012615777224754,36.1742716495712,-0.168934007792648,0.215450453787529,-0.461230618595606,-15.3817629293355,32.7415307715091,0.434521880779647,695.423156817855,695.263175666652,0
3.12,-0.20269456561307,0.395221710205078,-0.0584842210293779,30.9176311206961,2.94675786111129,-0.183014786794427,-0.104933687884658,23.6240464410882,20.1615407585028,-0.769289689851502,691.647569357882,694.160744294473,0
3.13,-0.0327322856708884,0.556705713272095,-0.0545171572389821,30.4977680178,2.661417220902,-0.00858958428608685,0.0630058886172773,26.9787192901222,-14.4687836792195,-1.97601782093807,694.390238892989,699.454150997084,0
3.14,0.110571865885841,0.723850429058075,0.106462702013676,31.6938796846048,-5.26109749641915,-0.106315520828148,-0.110713388876724,5.30325327134777,-31.6868531266356,-3.14026241435643,703.216204774882,710.54230690662,0
3.15,0.203458635549171,0.853712499141693,0.0782599584391724,33.5467738240477,-3.92232502152338,-0.216279600419148,-0.0272611796693616,-27.7035832546792,-19.3205109256286,2.06338335233917,717.327057940542,726.503480372431,0
3.16,0.176221692799132,0.96193265914917,-0.0281647817752991,40.3237765505565,1.35255581005508,-0.170001048159324,0.0542861268665668,-35.3858773006088,19.3823644116188,1.10321745436407,735.564706875095,746.169042540748,0
3.17,0.222520537045913,1.03422629833221,0.0728248033358528,41.6277792365876,-3.67358616825741,0.00679736223624627,0.234035546989632,-15.3168717980991,38.8813667175716,0.287249741475527,756.639199280642,768.210236661327,0
3.18,0.239977152316255,1.07202696800232,-0.0366281111370029,42.6492603561576,1.88925279076187,0.0519316474694366,0.237136576998138,17.0688246146158,39.130345146832,-0.367053888152412,779.190141269538,791.231464531861,0
3.19,0.222200822928499,1.06300020217896,0.032425161456922,43.0909660394276,-1.68485067141199,-0.197719272352486,-0.106450392888016,-33.5896004120391,-27.044570992264,2.20958795215527,802.122989649749,813.863384385303,0
3.2,0.219786704922548,1.02479815483093,0.0280614651401074,41.3058053710775,-1.46056477061314,-0.217650397989951,-0.0414963340710513,-38.8154560701931,-14.2008160633606,1.88618010333922,823.753862282286,834.849404931649,0
3.21,0.187975251245264,0.954327702522278,0.0297755153400032,39.3770412806536,-1.46536516969743,-0.190300700766509,0.00263052889328336,-38.7643467663186,-7.07277137192124,1.71407022891452,843.145052122667,853.119901897239,0
3.22,-0.0373393095823596,0.86081326007843,0.0597868257206816,45.9712626589398,-2.91647274456225,0.0310509044964248,0.0632813550723778,-45.4345660554044,-7.58702913425891,1.67290136830431,859.210656551031,867.849605791175,0
3.23,-0.0529061395255486,0.751104712486267,-0.0287491255652289,41.268354605955,1.39234324615,0.05689903270447,-0.0196995405417934,-40.9394806439388,-5.38280932251119,1.73525450326482,871.479964086703,878.495016385644,0
3.24,-0.129658272508239,0.645710468292236,0.0764850990421902,39.8404154764492,-3.75873853608278,0.101107074917116,0.111528460076427,-36.9284970371928,-15.4166444887584,1.87220773703321,879.503441252668,884.810276274572,0
3.25,-0.29096659853169,0.522655844688416,-0.0403983862575287,41.7572724941935,1.97019753828036,0.276591593091972,0.0989478736717419,-37.9217029326115,-17.5924964455001,2.05230977853751,883.256745142636,886.841559924439,0
3.26,-0.405417109727187,0.415327966213226,0.0858774988862789,42.1176266828554,-4.31343359990544,0.263184400129691,0.320112400888943,-30.2172992947987,-29.6549323072187,2.24474382970644,882.862030934184,884.901583757933,0
3.27,-0.442592756583865,0.324935674667358,0.013734407988211,39.4609961991992,-0.724794448531406,0.281796121118364,0.341566872319221,-25.5000168739175,-30.1238225903646,2.42076484616483,878.904920568748,879.527204972917,0
3.28,-0.664149239735561,0.238456100225449,-0.000224259748429212,46.2190660159,-0.121737821816782,0.367171884885897,0.553424854775331,-25.4375278466561,-38.5894941730256,2.55615522880772,871.939021642627,871.424158150606,0
3.29,-0.564565079969415,0.190860778093338,0.0510008618985803,38.864307079744,-2.60977563045534,-0.27067936321988,-0.498063750700802,19.3832017036976,33.7866361945627,-0.587902783764648,862.629100330802,861.40371009742,0
3.3,-0.588792691467785,0.152654945850372,0.0701047981139997,38.1696616191009,-3.48463062971348,-0.26724145085111,-0.529314200821664,18.2076223315061,33.7275585801203,-0.5860533622729,852.044598194455,850.31635473775,0
3.31,-0.563347736190513,0.140320181846619,-0.105442276449989,36.2848958929951,5.16315914254426,-0.430553633171176,-0.378288665567753,26.4502519164292,25.3699833633009,-0.664895498062314,840.64839743735,838.987612286989,0
3.32,-0.504244323830415,0.159300610423088,-0.00680111665002719,34.2829881409223,0.319635649609899,-0.375283798620845,-0.336854068990697,25.4183237879522,23.0072653444502,-0.825822839250097,829.7795257411,828.160562118502,0
3.33,-0.617985028495562,0.180781215429306,-0.0615828577512187,41.0482501185751,3.10884230395892,-0.570335518379892,-0.245795321940446,37.4072440583621,17.1849303235747,-1.06455999376453,819.764325174427,818.448976310947,0
3.34,-0.503603736984878,0.218824684619904,-0.0582414091365718,37.2355880254724,2.82125918387055,-0.505214105576895,-0.0420415647839831,37.0623057750175,4.56442872924788,-1.37263448932075,810.889708154421,810.303903472094,0
3.35,-0.512300773032064,0.269987732172012,-0.0938485356384783,40.2328473505317,4.5774701752853,-0.489353853213784,0.178304335436803,38.8983742041598,-11.2495210302469,-1.73903098219583,803.763393864941,803.995369291179,0
3.36,-0.354976677236159,0.321646004915237,-0.0546812755992732,34.9537755984858,2.65196126536296,-0.267157305502835,0.240053030389647,27.8019099763124,-21.3507172903232,-2.14996680411609,798.625957858556,799.609609612796,0
3.37,-0.301258617195531,0.367963850498199,0.0121582193684387,34.5879550478262,-0.662812750808836,-0.167914126869922,0.250418495184134,18.6536256628248,-29.1343131850449,-2.59125360015675,795.47957741375,797.061032950614,0
3.38,-0.305278918468534,0.416365683078766,0.0336887653425413,37.2132768028345,-1.71271788572228,0.0378982083707783,-0.304784968090468,-2.22607384926494,37.1860991255882,0.0137997882482658,793.945094455488,796.117014862485,0
3.39,-0.173621710864789,0.450629889965057,0.0460248139783424,32.3478499885233,-2.29215326786198,-0.0342565891498669,-0.176321490707102,12.036987500297,30.1122615789826,-0.451020984505285,793.804334544303,796.432735419018,0
3.4,-0.187430599253789,0.483377397060394,0.02017605614294,34.6799138101837,-0.973996949335633,-0.13604036908041,-0.130500271105402,26.8572463393118,21.9620903151,-0.913412922411941,794.575504353562,797.592642751042,0
3.41,-0.200534257192817,0.48840469121933,0.0754819128667149,35.5907221021277,-3.72752358684702,-0.18110749608902,-0.11450581792319,34.0997662046391,10.8535651576032,-1.36699920408667,796.061450324831,799.154796800482,0
3.42,-0.250359967155819,0.47570276260376,0.00595493817390735,37.451128689724,-0.241618588058111,-0.244707982652347,0.0532313598279879,36.4526202493388,-8.59371262225258,-1.80877059030318,797.742963949632,800.694329255729,0
3.43,-0.353105013436755,0.475234866142273,0.0475210133546821,42.5692323331277,-2.41800575222693,-0.306441076596939,0.181756055741027,34.8897845948259,-24.5089621195239,-2.23991759371304,798.911168556662,801.842534593039,0
3.44,-0.330503391175198,0.450808435678482,-0.0481371081959155,40.2220606365899,2.30018011405194,-0.109317140550473,0.315593782488882,16.4629703514782,-36.7705805993996,-2.66351054243328,799.62055336999,802.318646698987,0
3.45,-0.29406910822629,0.422468960285187,-0.0290537021434279,36.9876118071644,1.35823073908082,0.0120842458716355,0.295253668940724,0.772359909505088,-37.0044818651506,-3.08401887831402,799.65337054145,801.952100274959,0
3.46,-0.31351652015918,0.395117729902267,-0.0266887149893741,36.5966033919695,1.26488992563573,0.137076950340785,0.283222184169559,-14.2729001141517,-33.7223316021377,2.77575642341511,798.84781548871,800.693956949661,0
3.47,-0.311840002228855,0.374468415975571,-0.0869266237177431,35.4845092790571,4.3163345694935,0.284094798635565,0.155211372937927,-28.4388159783732,-21.6567515717275,2.34267540205443,797.132198214523,798.617115976206,0
3.48,-0.338966975315187,0.366091370582581,-0.065667533946905,36.4262672037389,3.28061343241225,0.342270313788664,0.0454077930316393,-35.5817310854292,-8.46024703275896,1.8940505617396,794.649635486244,795.90585069385,0
3.49,-0.343777098625877,0.358121514320374,0.00360203528698298,36.272515136363,-0.165580054438237,-0.336023128574205,0.072691988974286,35.4068376838979,-7.8789984324287,-1.79432111467775,791.68400420097,792.836041946628,0
3.5,-0.386013200897639,0.351272881031036,0.0290391776886404,38.0460666681058,-1.42719730490316,-0.310628860332792,0.230996052426063,29.6758259713217,-23.8513193341773,-2.28530163153194,788.741145575853,789.748156599811,0
3.51,-0.388142206837283,0.363308966159821,0.0436769026977884,38.75854437089,-2.15133975465371,-0.171796027312595,0.350782225258633,15.0738784390456,-35.7719333178272,-2.79823432763858,785.799313001826,787.015496804983,0
3.52,-0.376369030866037,0.382871598005295,0.042906168748765,39.152204792942,-2.10696531868443,0.0285282990488214,0.377731019199004,-5.2821704890307,-38.8514236280657,2.95270010401994,783.510983947294,785.010495831265,0
3.53,-0.305710798080416,0.407035768032074,0.0323776841175967,36.8316845386361,-1.57146799996662,0.180881150661034,0.248574769088345,-23.5210068904722,-28.3866999224441,2.40701843480907,782.157697826989,784.071851095464,0
3.54,-0.327403073401518,0.449285447597504,0.0961994369645646,40.0330282808345,-4.7702471612741,0.287222199969991,0.184256647069943,-37.0832580445764,-15.8186783301607,1.85539910194349,781.975892427451,784.475076095496,0
3.55,-0.193385873731498,0.489148199558258,0.0578709459930482,35.329493871744,-2.8394022619115,0.201779025502425,0.00568923688353524,-34.8555433112651,6.42856460767661,1.30821460285261,783.363348716592,786.408649605296,0
3.56,-0.285889569541521,0.52539074420929,-0.0436361589639987,41.7709697367876,2.23480705225327,0.1693070700004,-0.234461247095649,-27.6900924785863,31.3539001376188,0.776875937210941,786.233259880855,789.957386475699,0
3.57,-0.144749314824739,0.577635884284973,0.0363854671184715,37.3303972264375,-1.86207338528169,0.0739511865638603,-0.129643697746778,-11.8269224313785,35.4563080449437,0.272117912059348,790.711295321643,795.094003517168,0
3.58,-0.128538765116466,0.619824290275574,0.0281963696165663,38.6334944948726,-1.50633067219412,0.0029093393361057,-0.131562856239318,5.9634242642557,38.2001767014739,-0.193830476862688,796.726276229661,801.67916507386,0
3.59,-0.02649453394672,0.656387090682983,-0.027035397056758,35.3636610577087,1.27695957960415,0.0377118522028275,0.0032694382548929,-23.4637767143557,-26.4890606000158,2.4527771010911,803.962039499481,809.469624711139,0
3.6,-0.0225452893428553,0.686687111854553,0.0277002310079354,36.6854176028337,-1.42794891700704,0.00573651488263017,0.0352517413250384,-31.0908217124361,-19.5248484769894,2.09264119503758,812.18458898179,818.133485451422,0
3.61,0.0094365207945468,0.70319664478302,-0.0381796144272344,35.9160289195387,1.94096482596997,-0.000672053472322727,-0.039322757108938,-35.4424515295374,-6.12871172279982,1.7960123981836,821.238211870333,827.271125262114,0
3.62,-0.0814524636225082,0.69172865152359,0.0231444875769836,39.8912391584339,-1.08672034920958,0.0815339634999193,0.0228557198830184,-39.8948394549687,-0.945361081824629,1.56725287355263,830.568206948426,836.440008319326,0
3.63,-0.206285886795621,0.683293104171753,-0.0261624828225684,45.715304957846,1.20512275113885,0.199120028499034,-0.0599129105372187,-44.8867124490847,8.74782680140315,1.40467749383751,839.374119758574,845.181442443417,0
3.64,-0.103462975670193,0.671206414699554,0.0220776173796001,39.9739935874701,-1.12044048711257,0.105630779943767,-0.00584353079589344,-38.867378888902,9.40757187178492,1.3052987369191,847.468275765702,853.047350092533,0
3.65,-0.217347645269307,0.637819528579712,0.109112666554729,44.0030692287255,-5.4034983830288,0.240247732836248,0.0377703557547314,-43.5595716317138,8.24812800488684,1.26147257946503,854.712435785664,859.625280795509,0
3.66,-0.197010805087003,0.586080491542816,-0.0684120156435139,40.4033862046315,3.34287653141325,0.167327817541798,-0.124478362305005,-37.5290544423699,15.3355310624223,1.26542125048803,860.338668776529,864.560180648447,0
3.67,-0.211407325638387,0.546203136444092,0.0585322590608108,39.1335532261512,-2.88406383745706,0.21935992641974,0.000552598826936451,-38.5034380391145,7.56558467605848,1.30321194413836,864.139680543015,867.571813674351,0
3.68,-0.311550949757152,0.480404525995255,-0.0588030572217308,40.8549691810727,2.83100892251008,0.292519344960509,-0.122287475471042,-39.3738088772261,11.2626059509068,1.36137622938839,865.774077930474,868.467158898108,0
3.69,-0.383305520599338,0.423280239105225,-0.024406875519696,41.5906557739821,1.23433326483022,-0.368349461140759,0.108800239760197,40.2813975935983,-10.4266597827393,-1.79441328371371,865.51301528998,867.147542809562,0
3.7,-0.426426212539609,0.354321002960205,-0.0178192052273255,40.3029054865774,0.762756793182358,-0.417162697378135,0.0901782830398069,39.5842921193958,-7.6151038070322,-1.74192801911774,862.810305308744,863.610668958619,0
3.71,-0.448861591253628,0.29777267575264,0.0666079984643699,38.6014220396761,-3.36788251338985,-0.453776177751789,-0.000730798977179148,38.6813702366313,-2.27244641869461,-1.71650396016835,858.039897599736,857.948040559099,0
3.72,-0.593865187868683,0.237290948629379,0.0224611581405904,42.8317448997159,-1.10041354990066,-0.5896649846211,0.0739971006129312,42.444679544311,-5.84965464928426,-1.73343778549701,851.332241415394,850.338513293498,0
3.73,-0.607031661163327,0.19412836432457,-0.0559547340739869,41.3361555002235,2.68598634167307,-0.576885340807802,0.197032163569973,39.5475163072759,-12.3242130820618,-1.80800099387386,842.436412985203,841.038850414679,0
3.74,-0.494896990399798,0.160934686660767,-0.00290596251703046,34.0739146973338,0.137360631220369,-0.458460375021426,0.186401610132909,31.5885148235312,-12.7756120005163,-1.95109191042066,832.546673740797,830.372179224859,0
3.75,-0.639451855720956,0.122165411710739,0.0127636701074835,39.3674012340083,-0.615792619394367,-0.53453441039972,0.351190192286474,32.8120734215897,-21.7609585782822,-2.17203582934174,821.328585863328,818.715177241534,0
3.76,-0.623744748144683,0.0977213084697723,-0.0690193276122728,37.3640113040658,3.32024902904575,-0.329661981154341,0.533988910562307,20.3892153043825,-31.4860809504258,-2.47830322756676,809.309301908262,806.4846681012,0
3.77,-0.62820320831879,0.0940079838037491,-0.093082807227944,37.4054537763234,4.53414791507865,-0.0763300405680054,0.630458091272007,5.51741081422,-37.2731089048876,-2.87400554487721,796.867290041838,794.124109327674,0
3.78,-0.537251559402082,0.0963639467954636,0.0272042805991827,32.9798602938759,-1.46903809845849,0.0897781968414212,0.530395311380852,-5.70731050877128,-32.5154711590462,2.92332259953203,784.82121028635,782.090238617452,0
3.79,-0.582867660355956,0.106373354792595,0.00261454641210673,35.7652477720512,-0.236344435231351,-0.443275055149337,-0.378482193536392,27.1506944029939,23.2819372115705,-0.868567726447982,773.368326664893,770.839945026915,0
3.8,-0.56165299794445,0.145225197076797,-0.0865980405896775,36.6512312796312,4.22756705943917,-0.565219003046395,0.0589982146272135,36.81424761988,-2.42821945820965,-1.52182127182216,762.735002798472,760.817276112112,0
3.81,-0.556279746979134,0.185889452695847,0.0491652381358058,38.4199064678248,-2.58459069419987,-0.464506702353705,0.309996614511524,31.5736690182727,-22.0425213344009,-2.24743703410019,753.737699972745,752.440405036029,0
3.82,-0.503876893656571,0.249865263700485,-0.045482847947772,39.0026594593622,2.18498349574843,-0.00966657438329861,0.505833145175489,2.07591976808143,-39.0086164186345,-3.03246294942525,746.639297592949,746.088377264967,0
3.83,-0.399916379405654,0.30942377448082,0.0135352612585646,36.7866372095815,-0.637133016253379,0.253640921339677,0.309487635998959,-23.7882529821026,-28.0674479732172,2.42121118698662,741.796154726879,742.087538329629,0
3.84,-0.217682061902622,0.385799467563629,0.0427674320723092,31.4978140893367,-2.11342103332071,0.217950174719756,0.0413793989790119,-31.5106421900515,-1.91266035694961,1.56442384891357,739.351440739046,740.697704492165,0
3.85,-0.17769614863411,0.456258356571198,-0.0809729688007734,33.0255885637131,4.03620902743217,0.0524812849915538,-0.188091088681634,-18.1793948233831,27.8655717175933,0.699669430311108,739.61702233562,742.098358551872,0
3.86,-0.0993691276285751,0.539478838443756,-0.104573373371939,33.2744329141258,5.17570601281692,-0.11848617381237,-0.0822851174840008,10.1825569433899,32.09815185618,-0.152880455611473,742.634541215851,746.375405940857,0
3.87,-0.103971632486036,0.612156450748444,-0.0454896044874206,37.1425226979562,2.19341630406243,-0.111510663164114,-0.0210897244868854,31.906061226039,19.1410899504539,-0.971449977843529,748.68248658821,753.509277931716,0
3.88,-0.0955807856737339,0.689275741577148,0.0474249986481459,40.5830319900745,-2.41723325026677,-0.102060302102001,-0.0311209225704067,40.4305336068383,-4.26584743748865,-1.73541030081006,757.44282113491,763.365382631377,0
3.89,-0.0254546703199484,0.764897346496582,0.0356664890624118,40.8619558510955,-1.717299310796,0.0438114803196307,0.000769983986207978,-25.6981819221564,31.8159079517698,0.637425325846472,768.831540818956,775.688045005606,0
3.9,0.143746668867006,0.823709487915039,0.131584743130816,35.3466773770644,-6.5068203614741,0.126016229845809,0.148652478117964,-7.84791385822863,35.0733026800812,0.0380838336126559,782.479958527255,790.099114061466,0
3.91,0.147284939720752,0.87615966796875,-0.0191599843928791,37.79650532868,0.94970639667452,0.0474629364758976,0.140738154498223,17.4506944527229,33.5402895100582,-0.454626398713935,797.713980519324,806.102326773788,0
3.92,0.0898380121557165,0.908689558506012,-0.0339782046167222,42.2995353556295,1.62670444959902,0.0433989499117235,0.0856849926394712,32.3233765215783,27.3330603649275,-0.830416937881281,814.30351107999,823.09429421907,0
3.93,0.248639896736258,0.919668793678284,0.0224779951874559,34.9125516121292,-1.13877129536938,0.230075193133849,0.0969147255121035,30.2888935458723,17.4001720652285,-1.0819639411519,831.478651123491,840.382618996899,0
3.94,0.148861290168165,0.918783068656921,0.0244390859256403,39.8613456554151,-1.14598441590121,0.147835042028708,0.0300292021169671,36.8550402076861,15.2297790211089,-1.20767445149652,848.415312553594,857.211181842136,0
3.95,0.0159627580060629,0.884648084640503,0.0166399157847136,44.8036547510251,-0.922585968353181,0.0207916237349619,-0.00997019673558419,41.6227610141131,16.6061557706799,-1.21176864307383,864.563755401326,872.792080294335,0
3.96,0.093384655417517,0.834808945655823,-0.0151711556821925,38.4447238157208,0.809754471256945,0.0765374930260497,0.0556135774201687,34.6874807027825,16.5961192471272,-1.10347963972513,878.882300514938,886.343105777814,0
3.97,-0.0698899937679152,0.754274785518646,-0.0547983822469762,42.5858224301958,2.649340996747,-0.0888090300774034,-0.0006558219848352,34.9679243163874,24.4502668446913,-0.898462410040071,890.80169995467,897.129058062056,0
3.98,-0.143827697638324,0.664320528507233,0.0494500126911372,41.7890471966152,-2.40974818592974,-0.0429411186408299,-0.145903292262269,22.2269524391775,35.4696199188413,-0.617384033673783,899.71470746795,904.504672457768,0
3.99,-0.173213616775739,0.563378572463989,0.000996725593968364,38.2152880727976,-0.0879242201443154,0.0606602054837422,0.162247619301832,-13.5065227665435,-35.7489834248785,2.77805506461561,904.614674514782,907.956529123244,0
4,-0.345973867185905,0.446583479642868,0.0543976313325839,41.0176037541897,-2.85490761200149,-0.0509694733843435,0.346495500480293,2.4486518679536,-41.0438597020108,3.13169147932233,905.488778169255,907.141073580151,0
4.01,-0.470707353349927,0.326009184122086,0.0480217426388886,41.2296579780604,-2.37446340300458,-0.200108071616892,0.428751979514424,15.7976662874015,-38.1569982219768,-2.80658850908162,902.234301555416,901.915840463669,0
4.02,-0.53232789437377,0.195713073015213,-0.0334892020719855,37.7999726582988,1.58860728901845,-0.290556626985497,0.44729337162386,21.2657846736936,-31.2910212089499,-2.50267871793807,894.316391312331,892.361161476151,0
4.03,-0.749002326395871,0.0812293738126755,-0.0205727737274745,42.9136682145372,0.995370926153755,-0.559114274791098,0.498817553510393,32.1523870357343,-28.439368678161,-2.27180118410242,882.446643727896,878.790058584645,0
4.04,-0.742518178700803,-0.0175850689411163,-0.0297870315120858,37.6528956936316,1.41483835230186,-0.608502434712709,0.42655046582575,30.9087155046336,-21.5497941412968,-2.14208765035851,866.77113079123,861.744660464734,0
4.05,-0.863549413887739,-0.0859583616256714,0.0764753568160392,40.2899749190689,-3.8287449794313,-0.769098528884233,0.400066898523367,36.023486660061,-18.4458606724958,-2.13878335325282,848.103202735527,841.978300431096,0
4.06,-0.867891789268746,-0.156321495771408,-0.0151057881705247,36.993152824547,0.600616171962267,-0.648267897183943,0.577246114059737,27.6600690873589,-24.5718268301085,-2.28090319475934,827.134449280895,820.423406259608,0
4.07,-0.833474629042921,-0.172171592712402,-0.0656285939147864,34.4839496864087,3.18903342607085,-0.387969232537507,0.740585541447931,15.6506452137008,-30.8928798360112,-2.58045446801918,805.186616077465,798.14631056852,0
4.08,-0.872561384549058,-0.167939752340317,-0.0323414663740158,36.6540433233862,1.54899183156847,-0.0136458577223429,-0.873053910603699,0.763594067545013,36.6788112095655,0.0214192599326153,783.248232033299,776.29111914396,0
4.09,-0.806849968023553,-0.128422617912292,0.0395560596879641,35.348406211411,-2.05160449021056,-0.42148909761421,-0.689143303928874,18.2022381751054,30.3709964948124,-0.597900917314653,762.332390237904,756.015694040813,0
4.1,-0.662264876326047,-0.0625915229320526,-0.00998415538941097,31.4147537418736,0.408939509118437,-0.650060236511209,-0.126949354787588,30.8224736969278,6.08515401504945,-1.36286040282987,743.646590972026,738.42356101633,0
4.11,-0.599066063908233,0.020515501499176,-0.0695781538206561,32.4141280408105,3.36473026549759,-0.421166473081124,0.431671252654148,23.0405370999107,-23.0462742445118,-2.25288499153745,728.34597159131,724.496068177552,0
4.12,-0.489594779697468,0.150784701108932,0.0779402408903449,33.4579918938283,-3.87212033487194,-0.0289398159510811,0.494914352701328,0.530709628585468,-33.6771270262969,3.04213187225726,717.138754306195,715.02935079122,0
4.13,-0.335040313452291,0.292961895465851,0.0105260583497951,32.8431080136579,-0.53810969431129,0.301954130355764,0.145555874851162,-29.8000783743939,-13.8171862157203,1.98857114269462,710.660260610733,710.580562120383,0
4.14,-0.172839682534721,0.435383379459381,0.0287579666399434,31.8581933666745,-1.52136681206347,0.153800376362459,-0.0839405785942242,-26.0183128043678,18.4473965745669,0.906326957342081,709.183311372354,711.427401696367,0
4.15,-0.0651863639270743,0.585013628005981,-0.0113818523602075,33.9610596387708,0.635347605227648,-0.0220071136315366,-0.0624058935901984,6.24386502360051,33.3881923430226,-0.166166850634124,713.413757899477,717.544226020782,0
4.16,0.103492985034513,0.715268015861511,0.00625913367762336,32.0438202849177,-0.287072877524312,0.0983875208776686,0.0327088740450437,29.6349261496455,12.1926199561116,-1.18943626264356,722.51158344966,728.597003317904,0
4.17,0.189519170086886,0.842250287532806,-0.000998346027192468,34.0957224209267,0.0154518945406728,0.161251735201938,-0.0995810746054487,28.9068640862655,-18.0807006187288,-2.12928842167706,736.064057070053,743.958138091254,0
4.18,0.274779946344961,0.935679614543915,0.0118463292868388,34.5082436615524,-0.648416231811919,0.0394693913686363,-0.272188393536354,7.05562573077311,-33.7854624026666,-2.95450338919355,753.566157044013,762.740826723899,0
4.19,0.242776065176245,1.00081491470337,-0.00389646546441144,39.3693045437035,0.134946982551202,-0.11284950282704,-0.214989278749583,-18.9731692084571,-34.4960751554467,2.64216985279589,773.87210432254,783.851209611426,0
4.2,0.277526985788493,1.04112112522125,0.0316197114672823,39.6512273865292,-1.64357081988146,0.262546174093914,0.0953443258026846,34.7657519999373,19.1380157324909,-1.10900801258904,795.563778466009,806.055262189023,0
4.21,0.335246749766515,1.04747974872589,0.0447335546698987,37.0873241906831,-2.2761196056269,0.337928146605221,-0.0140014954336117,36.7256666575854,5.64586084134856,-1.47955484985123,817.597403856225,828.056219117907,0
4.22,0.245634986667879,1.00940084457397,0.0885395468517032,39.6681272676739,-4.39799708515102,0.233216766443999,-0.117412681944666,39.9091781899803,-0.400244282623611,-1.69124370898469,838.695913809282,848.577445716559,0
4.23,0.150956153440999,0.93924206495285,0.0885287131204245,40.8983039458084,-4.34072352684079,0.132174615348718,-0.114695093033135,41.001115860485,-3.22825720401587,-1.75510877744012,857.60782228352,866.445134217524,0
4.24,0.0840762060429382,0.850943684577942,0.0122316227724736,39.8314835704046,-0.646898985624367,0.0819781566779631,-0.0223159773683794,39.6170455702971,-4.17794949682473,-1.6921058139227,873.249345991442,880.665061721418,0
4.25,-0.134345871031098,0.731334388256073,0.071904186057456,44.7762078132027,-3.53144966571591,-0.131193082572916,-0.0775074197784049,44.5873803125652,5.41714313409494,-1.52859986393273,884.938511814814,890.487925421791,0
4.26,-0.147254433701967,0.59965968132019,-0.0794033514009717,38.8419618328307,3.9584017307606,-0.163245590444512,0.0366010609001411,38.4642778470354,6.69822909366563,-1.29682389431644,891.855821950084,895.458461116042,0
4.27,-0.411690603879988,0.457067430019379,-0.0213933204547773,44.938248609582,0.937814242965822,-0.364435637331902,-0.192700528607579,39.0636950578573,22.2340597300099,-1.03248514815868,893.761718919985,895.444613825231,0
4.28,-0.464031680699447,0.331159770488739,-0.0439896921292004,41.2639979756938,2.2185538590096,-0.355116650156166,-0.301914985531091,30.365127014033,28.0285313847342,-0.771678208235277,891.008960140959,890.644395501831,0
4.29,-0.56667223108327,0.195871889591217,-0.0194393132873709,39.6356962149479,0.844213051559822,0.347858069333511,0.447761172927642,-23.9131532043431,-31.6205979378264,2.51539809252012,883.622985890162,881.569640085432,0
4.3,-0.698562762291187,0.105155780911446,0.0415994970014722,41.6985705132948,-2.07225889945045,0.279613815114107,0.641511157664466,-17.0569378768459,-38.1067698718218,2.6710734494417,872.600949410621,869.00753768059,0
4.31,-0.757919252604749,0.032596081495285,-0.0515068600947199,41.0425305223379,2.43371295712203,0.34845006480965,0.675038593296641,-18.5429304507278,-36.6956673291844,2.73292879105392,858.195143938123,853.962473998718,0
4.32,-0.698951761782876,-0.00160282850265503,0.0747115767059435,36.388316035278,-3.76725016941951,0.241375623123998,0.660191785434185,-12.676097136386,-34.3164432759453,2.68458917695757,842.587821815245,837.582193785012,0
4.33,-0.7953587491757,-0.00842645764350891,0.059878074847044,40.8716478833958,-2.99289780525994,0.416609790321294,0.680159691797573,-21.4768286874358,-34.9026484311371,2.51687722107595,826.074733091361,821.073531410852,0
4.34,-0.663808446535013,0.007081538438797,-0.0926914515231068,35.0737153434392,4.5012501322048,0.581684578392286,0.332981095765625,-30.4919744518748,-17.9071565239009,2.22944537684332,810.066686844349,805.613809313221,0
4.35,-0.615825841907202,0.0638315379619598,-0.0801618987165417,35.5162198862899,3.89801759909822,0.615699402469442,0.0811273281042062,-35.3221970219352,-5.37948080745422,1.83124805384901,795.952583546348,792.26442221951,0
4.36,-0.580183871617074,0.139529809355736,0.0160715536765735,37.5231102362739,-0.902032685186543,0.568342812027583,-0.117720294506665,-36.725715518154,7.74721139819567,1.33886171205967,784.405178562637,781.893060656648,0
4.37,-0.348873903979897,0.238836467266083,-0.0144243453521916,30.9270367517366,0.651105802892239,0.23347129468778,-0.259638628046418,-21.1457349841574,22.5779412921021,0.773703872840275,776.216246923258,775.110475459017,0
4.38,-0.313081285995668,0.340904802083969,-0.0317863509346457,34.2449113389161,1.52049560730005,0.0191198565538587,-0.314109367628222,-4.02203152635511,34.0418730669017,0.161975819804503,771.744490820022,772.226677305296,0
4.39,-0.292857539875016,0.456008166074753,-0.0304019679742052,38.9930352041017,1.44601355419247,0.178105238374076,0.234453284007848,-21.4908133614664,-32.5682773675526,2.59537745278668,771.09805557859,773.230068720859,0
4.4,-0.165614946083929,0.550908923149109,0.0533275667099482,37.380084404743,-2.74359770415272,0.131340053321726,0.114113671972436,-33.2954696691102,-17.2107448409795,1.97461391530811,774.318294838754,777.79131868023,0
4.41,0.00769252205739996,0.63336306810379,-0.0160564661007673,32.8415290086833,0.747371384126442,-0.0104645569973823,-0.0144040982396404,-32.1671167524472,6.66342190232816,1.38928817822327,780.826512227565,785.291934498782,0
4.42,-0.0140935292200239,0.689734935760498,-0.0317865074920893,36.7535672217833,1.54375024088215,-0.0100466282972379,-0.0332877587752234,-26.8548317173478,25.1401249353558,0.860342602163575,789.586244025417,794.875600163003,0
4.43,-0.0467262801656705,0.726320505142212,0.0504575520222144,40.2186291987032,-2.55287003506162,0.0647082404413601,-0.0232841884801326,-18.071415358131,36.0205389603294,0.40161493679015,799.729631922074,805.518577876359,0
4.44,0.0557889767174377,0.725988149642944,0.0566741389193098,35.0803667559881,-2.8087390365947,0.0555234264273648,0.0569343223652397,-3.52430041687701,35.0157172321506,0.0204158773240157,810.483638465697,816.1139479738,0
4.45,-0.143729734016913,0.694136381149292,0.0665004423950194,43.4678487356611,-3.27109318410748,0.0235211812044904,-0.156611938606389,9.05114786542495,42.6407158317451,-0.284272493327342,820.425495722204,825.563312696876,0
4.46,-0.160029798953712,0.635476648807526,0.0479437280601373,41.3539930069781,-2.49544641759636,-0.0382642154016316,-0.162616073723256,18.4633855775986,37.0875098039381,-0.522182949682871,828.598016456478,832.868906824337,0
4.47,-0.170612236457951,0.555281221866608,-0.0208964558430811,37.877496798995,0.973814433360615,-0.12700369288716,-0.115824259501236,25.4151843822659,28.1019835798814,-0.709531929189909,834.120992028845,837.21890416858,0
4.48,-0.249702630214274,0.467081964015961,0.0405904332514002,37.4262100150281,-2.01846833594738,-0.16434322878474,-0.192328598913603,27.2591832441566,25.7241586718343,-0.868241642423447,836.417292774429,838.059105580872,0
4.49,-0.449483222339273,0.357594311237335,0.035521375561897,41.9449990377356,-1.74182826718255,0.384693682917931,0.235175903547418,-36.6111116482776,-20.5436952339483,2.04064395077436,835.015218594099,835.145121740801,0
4.5,-0.467253720892895,0.24713271856308,-0.0422506933787551,37.314558342143,1.99633531708802,0.459703876044281,0.0937203666718483,-36.3159478287137,-8.80417811437201,1.86208958422154,829.861242346964,828.57056198099,0
4.51,-0.509031450347034,0.168786123394966,0.0663916836905205,35.4902685035638,-3.38162152469231,0.503945413907928,0.0977747048414529,-35.2128741792179,-5.57207453556448,1.63273848428647,821.427526281903,818.76851087052,0
4.52,-0.617041692723542,0.0902247875928879,0.0153911084344845,36.9668077375423,-0.773799849742879,0.603050317809309,-0.131558545781213,-36.0933813045643,8.0256754553878,1.33106814815729,810.259526942462,806.48558899422,0
4.53,-0.594000238744481,0.0538265407085419,0.0417528349511238,33.9989548078316,-2.06804341542521,0.503810015074444,-0.317419362304263,-28.6465194191503,18.427768632184,0.938406994164639,796.985741427553,792.730003897069,0
4.54,-0.689667879850246,0.040389358997345,0.0442928549339844,38.1145964527299,-2.20092347872796,0.337329143538417,-0.603168873877768,-18.4197491356993,33.4406843334817,0.445790593233212,783.002111997573,778.697041960612,0
4.55,-0.718497257719108,0.0666314959526062,0.0521184822599,40.8722892367432,-2.59552594224544,-0.0544224369861943,-0.718326418764783,3.46110062923074,40.8081066064477,-0.148029711808079,769.439760133895,765.677274374332,0
4.56,-0.645280397984559,0.121171474456787,0.0339525774651758,39.9424667148479,-1.68217948773068,-0.455555886271794,-0.458266738944428,28.4801693288102,28.0554866309244,-0.834999979101931,757.991422210586,754.954206666251,0
4.57,-0.508172146690571,0.219981342554092,0.062479889179644,38.0315706847732,-3.11904710115142,-0.509609775109964,-0.0494018657175538,38.0991573041532,2.14080271942393,-1.59649398064425,749.258517136681,747.699072978182,0
4.58,-0.278447942782986,0.342215567827225,-0.00859110425233089,32.6611092148569,0.41962708441207,-0.180137800880757,0.212502791996238,21.5662773819442,-24.5320162628315,-2.40759385476081,744.572967378235,744.870879637253,0
4.59,-0.162704742847034,0.482840448617935,0.0463126522482436,33.9092862235649,-2.37008285139169,-0.0308014914347591,0.166339902694995,-0.830305535296186,-33.9818713085693,3.04738241923111,744.637549170993,747.129595536923,0
4.6,-0.0675334049544754,0.628681659698486,0.0114488331539961,36.4468525303315,-0.648836307589081,-0.0496797717998372,-0.0471567263415232,29.8946463308952,20.8591507179096,-0.979378777438846,750.249485413857,754.769573020808,0
4.61,-0.00842733740713537,0.772913634777069,-0.0618070129613139,40.7072067967665,3.016436866696,0.00125079159796939,0.0623663562135241,39.7482578762514,-9.2871724635916,-1.72636274009013,761.033695437775,767.678912185463,0
4.62,0.182877489451128,0.917960286140442,0.0122208433776204,38.3984122842745,-0.676729982412084,0.117864532695893,-0.140361950304156,27.0865164137151,-27.2252944518835,-2.37637177480291,776.735148434578,785.328646823899,0
4.63,0.216138303532216,1.02448570728302,-0.0335512029826674,42.0658221067104,1.61604218353048,0.08526479082622,-0.201423347506513,8.69480145656564,-41.1891418881634,-2.89515431057503,796.685667572694,806.793461548597,0
4.64,0.333528547311619,1.09749436378479,0.0672692458640011,39.8508924710292,-3.40584351520194,-0.104696959659456,-0.323735988034967,-1.14009566710548,-39.9799147404972,3.02782617220728,819.783638686037,830.803304540469,0
4.65,0.355295355559511,1.12681376934052,0.0357887164728954,40.2325794820276,-1.73924725044785,-0.138555841129292,-0.329116849762954,-10.1532032661696,-38.9691916289227,2.84351184452779,844.419432783812,855.822912612014,0
4.66,0.259156857765833,1.11578941345215,0.107637973686414,44.4923543215019,-5.34924866320924,-0.179557584170249,-0.215655475871404,-8.06687454938172,-44.0807167516075,2.84093895457104,869.013301818538,880.154091859611,0
4.67,0.334990730295807,1.06280624866486,0.0187476689214197,38.0555003577595,-0.902471135884614,-0.0614593155632898,-0.329837864722347,-3.97456991804758,-37.8581346027124,3.0132797927457,891.835212980514,902.05376504812,0
4.68,0.0229680153846124,0.945720672607422,-0.0175978020398016,47.8063093336487,0.789625281611677,0.0218232259024186,-0.018998925720994,8.75632957843075,-47.0041850530755,-2.94089983562214,911.365474953374,919.859450101827,0
4.69,-0.0796147522909469,0.80321204662323,0.0302687253733307,45.8139431016839,-1.43641357896607,0.0687801365048053,-0.0502394002796142,-26.1817056814768,37.6231172831637,0.576622084847766,925.924803470185,932.113082656246,0
4.7,-0.139675410371222,0.628171026706696,0.0366593770541447,40.0688373749683,-1.78826087413555,0.141543594228234,-0.0286101576598274,-36.7602907534956,16.0433983075309,1.11468182474824,934.173867867207,937.674006625897,0
4.71,-0.314894093922023,0.416976600885391,0.0146541029155018,38.273944694835,-0.764427648631277,0.311028729458848,0.051324093469294,-37.9228488584648,-5.2284535563885,1.68783351329713,935.247951174046,935.812548614143,0
4.72,-0.533588557338296,0.1898203343153,-0.0468476080048166,37.8548391615528,2.22766432734334,0.446975802517281,0.295167882504464,-31.0286335484271,-21.7985145461743,2.24199733801307,928.898464700308,926.276832453309,0
4.73,-0.841163256311955,-0.0161951184272766,-0.0364785368897661,42.9368413711435,1.6492859775622,0.376438477396319,0.753113789648345,-19.0209107381396,-38.5291765530779,2.72141046058322,914.906136681699,909.327297897153,0
4.74,-0.967316400191005,-0.191166698932648,0.0381099573423517,40.4999685238773,-1.93353679092818,0.0288604140291536,0.967636534773871,-0.87121268380695,-40.5367364672651,3.07239856845433,894.112735957748,885.735637544272,0
4.75,-1.17073868789417,-0.352322071790695,-0.086007007497698,42.6174117911758,4.12685821423296,-0.0379678645580491,1.17327947307185,0.391651216970575,-42.8149664933103,-3.0359113344241,866.979054816034,856.747398638622,0
4.76,-1.05552782163373,-0.44536104798317,-0.0164263937523896,32.2090544777697,0.77513878000458,-0.0534729700115971,1.05430045534122,1.35841594199434,-32.1897302972351,-3.0753561669241,835.999007850789,824.010128301151,0
4.77,-1.16259587370964,-0.51579749584198,0.0064906335933024,34.0447072551427,-0.347710491226785,0.238462320372423,1.13789587206111,-6.82886826214628,-33.3546031745594,2.92943499736219,802.271264164997,789.47147886598,0
4.78,-1.23548950087122,-0.522774040699005,-0.0520853343806628,37.3445985199873,2.58072974823283,0.873215017640569,0.875581362174608,-27.1361598184583,-25.7858107291499,2.39968031870294,767.856292071653,755.253945549603,0
4.79,-1.10031478184615,-0.46089032292366,0.0524355937693036,33.6839413916218,-2.64740999280706,-1.10130520742501,-0.0238526883524261,33.7413177830331,1.77205011458593,-1.59676020779011,735.289965665189,723.514711401379,0
4.8,-0.955389215610415,-0.346011728048325,-0.0426027248228794,32.185427179358,2.06093224728611,-0.455160552467203,0.841078127729385,14.7970867041662,-28.656506931499,-2.6009967317495,706.073250437636,696.300285524547,0
4.81,-0.733955626613221,-0.18928787112236,-0.0856686878302768,28.9536981151655,4.16871628844257,0.516094250853303,0.5288446937882,-20.9842188093384,-20.3803187168276,2.48459208656912,682.527536516669,675.406143213349,0
4.82,-0.555301694237127,0.0343635380268097,0.0105289901024181,31.2073129531624,-0.556073409339273,0.509017837360976,-0.222197372854756,-28.5913371877113,12.519626081149,1.14024866806621,666.316826697829,662.251364023773,0
4.83,-0.365767973304835,0.260536730289459,0.0718251463163585,33.0430236217902,-3.56314128344557,-0.0370225452224828,-0.370910222404482,6.14501894657425,32.6615389720421,-0.29338673875984,658.374082356722,657.777322806352,0
4.84,-0.0408970685496839,0.515429019927979,-0.0344205883712128,29.5478566056857,1.68177725838873,-0.0339977469430654,0.0412492463273367,28.7564844817731,-6.99777143000107,-1.75264680914863,659.304505840265,662.377880162984,0
4.85,0.171233051412714,0.762393057346344,-0.0275224287880304,31.2933230938782,1.44870460831705,0.0223539132693649,-0.171984140385232,-2.39032774723601,-31.2355110180833,3.11147688433316,669.265238233284,675.866353296475,0
4.86,0.288536057121633,0.999852418899536,-0.0315097548437552,37.3050984028786,1.54042556140672,-0.274162496815918,-0.0952934743268046,-36.7033905942375,-6.84867845978523,1.79653929733806,687.530139573007,697.481978571524,0
4.87,0.508533505075107,1.19447088241577,0.060755359806968,36.0401484583249,-2.93510012206446,-0.256525811079129,0.443274235411267,-23.9727796177286,27.0705181151831,0.643523658749089,713.215630288939,725.93578722707,0
4.88,0.611833936385879,1.33051788806915,0.0324108771233471,37.6815533955107,-1.5444443669637,0.210728101315521,0.575312869650332,9.59397423103221,36.4724612982955,-0.298183889644695,744.843138126515,759.493007283823,0
4.89,0.708284312179876,1.4252268075943,0.0293401856767723,37.5986256546786,-1.40085610962714,0.609500044958672,0.361990619451726,30.740109848231,21.6948080304765,-0.99346319684742,780.217074311544,796.086482467169,0
4.9,0.69637557920807,1.45569705963135,0.0652260886990383,39.7216886482577,-3.16242525150644,-0.699251490722406,0.015515884984168,-39.3960315636467,-5.98048322267048,1.64200331130907,817.284879055158,833.453355444202,0
4.91,0.566815773557225,1.42796504497528,0.0561339875036379,44.8171346332943,-2.68409277062253,-0.559881245359003,0.104709774145423,-44.8818459154259,1.18313902991197,1.48462280845817,853.749797731762,869.285563885863,0
4.92,0.541974986125439,1.33936190605164,0.0971904684785667,41.6329693038953,-4.84118593789692,-0.54332927877536,0.0893093924187156,-41.5582727415037,-5.4452898074539,1.58531932793438,887.348257067102,901.383670881577,0
4.93,0.283995109038246,1.19049346446991,0.0297478584152138,47.092454939446,-1.55931597517933,-0.277342512916199,-0.0679653409265706,-43.7955821851413,-17.3803843340342,1.91548665467894,916.00652280981,927.803274524995,0
4.94,0.0928633019527357,0.996639430522919,0.122342500090757,46.9601983299087,-6.03066527960762,-0.153320957702015,0.00916319307658273,-25.9955882489683,-39.5709305234174,2.43263489362258,938.197481983608,946.983738844134,0
4.95,-0.0494510893965851,0.766858398914337,0.0787525160034194,42.590671928361,-3.87614351479194,-0.0757764928517764,0.0539007620582729,1.4189508302235,-42.7431445076044,3.08401843523042,952.47847591719,957.850226729571,0
4.96,-0.249013352982917,0.525148630142212,-0.0199702361825497,40.4871499602575,1.02954510394473,-0.138366280213322,0.207993347963126,24.2391385719968,-32.445853915608,-2.47454959710296,958.096811194964,959.881907615865,0
4.97,-0.533463720626545,0.291042149066925,-0.0190996917652333,43.0081861400178,0.93331306404081,-0.522374788077955,0.109876841193924,42.2177161702178,-8.26072573693521,-1.74232722398643,954.716026059961,953.141622554794,0
4.98,-0.756941275270481,0.0635522902011871,-0.0478806664344094,42.8114589608444,2.31280414496401,-0.685442583924367,-0.324686181672999,38.5761838153654,18.7095730472977,-1.06524741284728,942.956086063188,938.265042659506,0
4.99,-0.958338369669634,-0.142223060131073,-0.0956963948746224,42.5965189163137,4.62745314138131,0.604507930649507,0.749760223374715,-27.1823163239105,-33.1209665564038,2.56256787616651,923.862022753095,916.410253637998,0
5,-1.15059796296062,-0.292238503694534,-0.0225305278387589,44.7127751019598,1.01633640132302,0.225609160194957,1.12848739642494,-8.90584899780163,-43.8286555877254,2.963851427342,898.931501892601,889.171528190964,0
5.01,-1.11434359272716,-0.397947311401367,-0.0574601602363983,37.6187126642349,2.78905820861128,0.0316511161923757,1.11537505777664,-1.91755270371589,-37.6731917924903,-3.11844364195191,869.690741282165,858.463602896352,0
5.02,-1.20779484073182,-0.442940473556519,0.00972131918884567,40.0457725526257,-0.520151347549346,-0.00864916386888188,1.20780299441156,0.484602775243782,-40.0462185095074,3.14070496008886,838.166281984197,826.384870155127,0
5.03,-1.08860538472219,-0.438708394765854,-0.0909299577527586,34.301947794489,4.37981978966778,0.364744590249299,1.02970448418318,-12.9579350450442,-32.0608540630818,2.88449642328304,806.318931157639,795.069375832925,0
5.04,-1.02008265999172,-0.36052143573761,-0.157234385989728,34.789285019631,7.72539143655827,0.80395469408211,0.647262029796819,-29.1633528973865,-20.4810857331263,2.40157312976507,776.515709076562,766.538271470272,0
5.05,-0.823978107227176,-0.24693489074707,-0.0680057474398085,30.6673865712381,3.2660546932826,0.825234689702832,0.0505213794902445,-30.8192550258655,-1.15292324979959,1.71428743662508,750.837176929758,742.561351531108,0
5.06,-0.774898135800651,-0.0867608785629272,-0.0117462918966814,36.2260296955965,0.508842094152533,0.578192328746808,-0.516041400683113,-27.0565188463441,24.0941680848385,0.857293125153145,730.541787572424,724.538513518276,0
5.07,-0.453868081438937,0.103871390223503,0.031807713448831,29.7100088872349,-1.57269950673313,-0.0253443131018686,-0.454274841673296,2.16442826524636,29.6727697073033,-0.125699937414052,716.807780135691,713.409471387297,0
5.08,-0.351728317650448,0.297643929719925,-0.0479907170460627,34.295561760489,2.3487369287017,-0.343873508831008,-0.0881301780553123,32.6511582492587,10.7519294365999,-1.18430444634708,709.912693537871,709.597942707251,0
5.09,-0.194356134938741,0.492045521736145,-0.028495395218651,36.1509362957781,1.34071684972762,0.119275596120777,-0.15607570889484,-24.9496675658237,26.195453901153,0.798114759921981,710.54500853266,712.99397399681,0
5.1,-0.0207804548639038,0.676499247550964,0.0748159488407758,36.6987721400748,-3.6935024873702,0.0672109628305463,-0.0388836724177031,5.63051954433137,36.4518735715223,-0.253559297577896,717.937887457864,722.975255904875,0
5.11,0.205002287212681,0.839150726795197,0.0229282140451086,33.5462475986894,-1.14490992952185,0.200830931459489,0.0471017805485422,31.2225348148024,12.3213175609487,-1.22904474107552,731.173483804824,738.465418400898,0
5.12,0.264275436279383,0.950048685073853,-0.0109902824928706,36.1315435095091,0.510121447408863,0.235025791736174,-0.1213473104305,31.1356669572385,-18.3389995201097,-2.08897300015348,749.223656184624,758.024597118594,0
5.13,0.352649247290086,1.02158641815186,-0.00313350902451176,35.2937813475742,0.108807768284971,0.119561342525947,-0.33177763014776,11.5672622970586,-33.3445840263732,-2.80459858683531,770.232857865822,779.965224233716,0
5.14,0.310707302342291,1.04244828224182,-0.0390813215361809,38.4380457194301,1.90768500907703,-0.029207704549166,-0.311790454338818,-10.195463733269,-37.1103104283224,2.92306320108629,792.641867697702,802.4841923188,0
5.15,0.316578692136544,1.01352524757385,0.0143498292397303,36.7024024836638,-0.739998996369628,-0.193417013699071,-0.251033552988097,-20.4552052881027,-30.4827578018961,2.53040780152686,814.325212336038,823.801399148985,0
5.16,0.162596167561812,0.935043334960938,0.0119546506624579,40.4815189732777,-0.555394447055593,-0.130130292707169,-0.0982167719801292,-30.0699096467818,-27.1083451211991,2.29072659658743,834.063309940204,842.294287428194,0
5.17,-0.0276822945588313,0.835897445678711,0.061292916068187,45.0422218938481,-2.99533774729874,-0.0125385695673439,0.0660750729503086,-35.1533561917582,-28.3198755260404,2.18254541545799,849.958048472904,856.61837219859,0
5.18,0.0235177946327547,0.689238429069519,-0.0225159702203038,35.1532621387263,1.0769904639006,-0.00657379671971963,-0.0318879409187523,-29.5480875175451,-19.0741257075871,2.17464896656846,861.367716432868,865.804869113298,0
5.19,-0.198391481813917,0.538221180438995,0.0577659841058086,38.7019221832384,-2.83473392023306,0.121481632105525,0.167147545710407,-28.8627676920589,-25.9386803486647,2.2297724567921,867.186619238553,869.328312552598,0
5.2,-0.424887227702316,0.379181325435638,-0.0129515784296506,42.0787959832981,0.535378514067042,-0.34426038458594,-0.249362561851453,33.637293188363,25.2872341017648,-0.913446029699357,867.141314453012,867.139348993872,0
5.21,-0.490932889844494,0.241116762161255,0.0633027806560715,38.4819514664002,-3.15270882898942,-0.329542630708346,-0.369356195177067,27.0162522180325,27.5848196969715,-0.856729804283328,861.847603854325,859.660535000096,0
5.22,-0.759688626571954,0.106427252292633,-0.0516521634199207,45.1893305829607,2.42789804992623,-0.608364501567433,-0.457916355420232,35.7662846373897,27.7262181105568,-0.857682293162063,851.496209979472,847.745762219396,0
5.23,-0.648668439528551,0.0215573608875275,-0.0205085644990747,35.3989230230829,0.963235407517774,-0.538740301202608,-0.36187046510919,29.3089563286918,19.8745227003639,-0.947713105346404,837.760769811747,832.606664960684,0
5.24,-0.716949643830014,-0.0278160572052002,0.0397607058697132,36.3484240950615,-1.98611864378257,-0.637598773090863,-0.330250677625753,32.3376147893976,16.7161978689582,-1.14828555348275,821.600601926168,815.711835440854,0
5.25,-0.793412731257869,-0.0446938276290894,0.0752490399314444,39.3317593683248,-3.76657958082263,-0.782074379246612,-0.153381372593617,38.7660961678102,7.6396468933173,-1.47169253443624,804.54039596258,798.666694235193,0
5.26,-0.682945904106444,-0.00741958618164062,-0.0108432175342046,35.6761940825034,0.404769105827958,-0.638504341891987,0.242579654314503,33.4096350217128,-12.5200219631366,-1.91799638546987,788.251318888175,783.083289321941,0
5.27,-0.581605498105059,0.0756218433380127,-0.0319561417762628,34.7653116064266,1.471755143183,-0.334176705956311,0.477087077606853,20.3200694362132,-28.2469065987924,-2.47567373323366,774.352023351982,770.450021937112,0
5.28,-0.536006283291232,0.182388871908188,-0.0244340251614172,37.8277473222902,1.10387789321647,0.0139512325647526,0.536381506414225,-0.364190905310837,-37.8420979712628,-3.12204289962124,764.344371497419,762.011269474672,0
5.29,-0.457222793066696,0.322905123233795,-0.00418705762850136,40.9183763792312,0.229582793722651,0.292077080187143,0.351797090921242,-26.0264352791172,-31.5751627142842,2.45783827252238,758.967457872318,758.666099487976,0
5.3,-0.283598333909998,0.471475720405579,-0.00922590884548531,39.6696200469102,0.512221721242405,-0.283336213840707,-0.0152879794925653,39.5657744704938,2.91386621311847,-1.48437143648533,759.039516899276,760.893804930763,0
5.31,-0.0805347088027538,0.628483831882477,0.0300470017238544,37.3708755450661,-1.44366753782771,-0.0830883115552469,0.0220225819884021,31.3321739387574,-20.4196324951271,-2.18698750482567,764.56343791928,768.71195072562,0
5.32,0.0773326339010265,0.779247879981995,0.0319555837238918,37.0197612001277,-1.53060102864679,-0.00665286081635807,-0.0834100416026933,12.8294447898107,-34.7593268808327,-2.82933221093281,775.464912697798,781.670159806854,0
5.33,0.127832942255604,0.90313333272934,0.0314894650952205,40.6931352602795,-1.49694722531392,-0.0601653130948883,-0.117102445055182,-7.9430093262838,-39.9384615521097,2.90850343524035,790.821717057935,798.880168163536,0
5.34,0.180502881019864,0.989100217819214,0.0672678357677418,42.3620372052067,-3.27760554580529,-0.162880776832441,-0.102840188271937,-23.0596103243468,-35.6866819132642,2.49069818149833,809.983677001689,819.07994534809,0
5.35,0.286029505028055,1.02741372585297,0.0234440457872898,39.0054061044113,-1.23718982576207,-0.241779113916045,-0.154613586412846,-30.2849531689643,-24.612475608696,2.22152344707591,831.115516911954,840.727113530859,0
5.36,0.270573954756057,1.03006982803345,-0.00623865973404308,39.9150470376116,0.323979775583319,-0.229087141002923,-0.144111997053391,-34.4330227856433,-20.1911585787716,2.10926444975336,852.598476957801,862.114695224567,0
5.37,0.0910421090319616,0.988615274429321,0.051621474455836,46.8229062737329,-2.49600899477303,-0.104442954704023,-0.00671650613604198,-37.7970258490709,-27.7488639368432,2.15082204843553,872.679076441696,881.50054049271,0
5.38,0.154165609838596,0.879993200302124,-0.029919803696913,38.2395697372691,1.49450252120259,-0.0911655430972153,-0.127871316807006,-28.7535595491967,-25.2533372988235,2.33053709113076,890.108393415653,897.240752420372,0
5.39,-0.0762852891287681,0.742976665496826,-0.00426770930347663,42.915275005363,0.110808816676987,0.0415816364288034,0.0640985662246945,-21.4044685536985,-37.1965298558014,2.62200782855929,902.83414780875,907.91711985766,0
5.4,-0.194149870851461,0.586977601051331,-0.00561329737535731,41.0125215454567,0.334397027987202,-0.0503891760332473,-0.187580948920069,9.8160326722559,39.8219066277103,-0.233526894617347,909.771155533291,912.448999930719,0
5.41,-0.399295695416831,0.391014158725739,-0.00245301880796885,41.4756246738489,0.0572623759187167,0.0604925116504219,-0.394694471349557,-6.47854545243417,40.9665616068327,0.158224015845227,910.212353185264,910.181235215926,0
5.42,-0.651077856599155,0.19293300807476,-0.0108690629566689,44.1646557271333,0.384036596177403,0.318861133444735,-0.567757069054754,-21.9344188957832,38.3346523045106,0.528409654271341,903.904134359293,900.941454946475,0
5.43,-0.791596783668938,0.0267057120800018,0.0174290224463838,42.8833103520157,-0.880235461321563,0.594034300797355,-0.523500227521098,-32.13739643231,28.4067046974339,0.826416348483992,890.630101191239,885.062363536071,0
5.44,-0.874234002627932,-0.165224492549896,-0.0372577648582004,37.4226810350227,1.71220972692438,0.717662546440807,-0.500633300759328,-30.6574657704173,21.5292477930305,1.00428233942519,871.203741171546,863.367194735723,0
5.45,-0.972998477848746,-0.281090468168259,-0.0715743499203831,36.5716476511215,3.55596713762741,0.792332712053444,-0.569260747700502,-29.3288471555916,22.1347924933941,1.02121542965005,847.046113871892,837.11921456073,0
5.46,-1.21825358525855,-0.39046037197113,-0.0270057517873052,43.3699192850562,1.23876280760525,0.893616086286667,-0.828445169552345,-31.6287907074966,29.7002362022117,0.845388790905103,819.044945312286,807.938790741559,0
5.47,-1.16390073713384,-0.427887767553329,-0.113845249455694,38.7848930988473,5.52148956944049,0.41081155471847,-1.09492444179227,-12.1386367103924,37.2479298561352,0.456446095744146,788.980792181163,777.693917089955,0
5.48,-1.1123942945076,-0.401027113199234,-0.0902639124496366,37.556582054388,4.35098593645767,-0.258238239072207,-1.08576316580765,10.00698900324,36.4594035238684,-0.15253548847816,759.156816199042,748.372014604385,0
5.49,-1.04888996954797,-0.325239449739456,0.00364000356532077,38.1746322216512,-0.217324912120601,0.908449145919849,0.524312470881425,-33.0210939613671,-19.1561251032229,2.09077542656822,731.751526669556,721.942187391299,0
5.5,-0.775147342271534,-0.194161295890808,0.0807618826181918,31.0451905985301,-4.06215558552899,0.722263645895127,-0.292764597813561,-29.315855197641,10.9947988308588,1.08187781167382,708.214327868162,700.217793967909,0
5.51,-4.87167366328334,-4.59999990463257,-0.122192074437308,15.5819725018449,5.88638796632359,-2.63657957357561,-4.09836349495597,13.1279206187874,10.2520793288555,-0.546591538054098,547.434717971777,0,0
5.52,-4.70998698658619,-4.59999990463257,-0.115645484836435,7.49894968094488,5.58034400393931,1.58695593519559,4.43609311801745,-7.650626854635,-5.37051154460937,2.82258993918803,372.12835341264,0,0
5.53,-4.60865811562265,-4.59999990463257,-0.00200611875281864,2.43257866942335,0.0196994776927167,-4.49747974804754,-1.00618565240676,2.37797324344821,0.512903797801545,-1.35026323884846,204.911125288311,0,0
5.54,-3.19313233259795,-3.38900995254517,-0.0179730194017178,-7.7953146024936,0.886180112124198,-1.47643239986268,-2.83135382662509,-2.77730069259458,-7.33749588114965,-0.475037770215001,43.0075216347258,0,0
5.55,-0.235782144904216,-0.259428024291992,0.00938101925429922,0.815878044043878,-0.468222814266829,-0.0696198642966019,-0.225464626656168,-0.170017548194909,0.925193828264438,-0.339261716092553,8.03319436290191,0,0
5.56,-0.0342019362127509,-0.0493859350681305,0.0118953074642703,1.23863648449316,-0.593956513246216,0.0015295720532512,-0.0361791540766851,-0.211629145637433,1.35728323686029,-0.292457725179159,5.70999938331858,0,0
5.57,-0.0546841775091703,-0.0387326776981354,-0.0588085479656474,2.79510088828937,2.94842817493014,-0.0705815747698913,-0.0383020350201467,3.55200291282358,1.97207834168187,-0.251880718198161,5.53023998006358,0,0
5.58,-0.081198761249766,-0.0306790769100189,-0.00496653824787962,4.52323543953329,0.250987506603562,-0.0219336398784995,-0.078337862954924,1.19672647704262,4.36926759412446,-0.21190822734278,5.37549702505986,0,0
5.59,-0.0268774589258376,-0.0382210910320282,0.0159045197028392,1.42971610941677,-0.794543622254723,0.011068237286851,-0.0292035215111132,-0.5380430762201,1.54463502787005,-0.172049297455757,5.50071855051722,0,0
5.6,0.0489279688618453,-0.038640558719635,0.069717592015454,-2.38187970132538,-3.49045105560959,0.0755447228107826,0.0393380684429347,-3.77328611443958,-1.90234365501332,-0.131844307958935,5.41739631974881,0,0
5.61,0.0125547958590525,-0.0331754684448242,0.0264270823954015,-0.290291766684984,-1.32158150249041,0.0274731821700505,0.0100617018663367,-1.34273563170841,-0.167056879147561,-0.0924417855353448,5.43553534246696,0,0
5.62,-0.0247513253170248,-0.0385567545890808,0.0162022387475338,1.30561400378857,-0.809276205535458,0.0148690671265979,-0.0255744303585828,-0.739016041235814,1.34662956841547,-0.0529692948152904,5.44316961910194,0,0
5.63,-0.0452916785121071,-0.0381581783294678,0.0194242132044283,2.35225684676454,-0.97066695465134,0.0188025547374087,-0.0455532670222663,-0.938384234250705,2.36532062074309,-0.0136859295811828,5.32069747655333,0,0
5.64,0.0417055271039886,-0.0363652408123016,0.0418478174295596,-1.90830293261693,-2.09391921544652,0.0407707972658765,0.0427590096347434,-2.04458020674958,-1.96107356863999,0.0255009223842558,5.35194365571925,0,0
5.65,0.0425126700255696,-0.0331538021564484,-0.0303191664691787,-1.78843681007827,1.52173399410803,-0.0330052435978127,0.040462734251874,1.63421717126736,-1.68627246007335,0.0647213341139901,5.30535618362617,0,0
5.66,-0.0184178219302564,-0.0411145687103271,0.0242682845345905,0.859685610557305,-1.21308927447435,0.0260422355731902,-0.0158103689159027,-1.29546134567792,0.729674474473598,0.103561727215725,5.41088841641582,0,0
5.67,-0.00949399612754892,-0.0345608592033386,-0.0127059058375693,0.740843729485213,0.639392778190797,-0.0112291496906093,-0.0112018838973175,0.527724420653677,0.824123469005613,0.142468689374748,5.29013886818385,0,0
5.68,-0.0179844849408547,-0.0375231504440308,-0.00900216746052986,1.01690713889571,0.453952574475199,-0.00561849560552971,-0.0193109612579461,0.263526717776406,1.08200126526161,0.180956864828395,5.32252459617465,0,0
5.69,-0.0191691012659313,-0.0348345637321472,-0.00575783810579106,1.2102271812859,0.291484290930673,-0.00144724939445271,-0.019962780672699,0.0210655875083283,1.24465624298659,0.219426163120716,5.25476742899848,0,0
5.7,-0.0192166513027357,-0.0314513146877289,-0.00332083425469626,1.38145970190399,0.169425233352262,0.001679771203001,-0.0194289988456345,-0.187779102504999,1.37908477851927,0.257362649595599,5.18434258103921,0,0
5.71,-0.029033240045815,-0.0334442257881165,0.000209485271309936,1.7723245944251,-0.0074450462839123,0.00864655015260622,-0.0277166030042513,-0.522713980816742,1.6935052379538,0.2951801878956,5.14532899855882,0,0
5.72,-0.0452783779411604,-0.0386704802513123,0.000788758239573404,2.32293884825391,-0.0367299718832675,0.015543291208285,-0.0425342185417519,-0.793894178840721,2.18337491429314,0.332936059358667,5.12097270907196,0,0
5.73,-0.0504113770304826,-0.0361320078372955,-0.000330788890957039,2.70619828624833,0.0190520301912501,0.0179434913276599,-0.0471110122410254,-0.96204105164547,2.52949583104947,0.37047464391137,5.03210544731908,0,0
5.74,0.0726970163283042,-0.0357375741004944,0.00245830153271685,-3.42982313181348,-0.120914228026277,-0.0265723374428386,0.0677112273724779,1.24914691010969,-3.19655110439759,0.40777174397789,5.02680205722237,0,0
5.75,-0.0719381477205953,-0.0351987481117249,-0.00298038636826722,3.82853368679418,0.151368074096852,0.0282832430730442,-0.0662120680967257,-1.51176980896249,3.5206724541603,0.445106156722061,5.01140229271316,0,0
5.76,-0.0699288292743081,-0.0354327857494354,-0.00175193393845478,3.7160415072025,0.0897865425300106,0.0308676409370591,-0.0627718024209981,-1.64325121547609,3.33417929171598,0.482068673458946,5.00166405898579,0,0
5.77,0.0703698277018769,-0.0392607450485229,0.0155380159597077,-3.49063864371669,-0.776424073408617,-0.0214223045280546,0.0688071759300094,1.05771035630132,-3.41593929760902,0.519144206289853,4.99942570633688,0,0
5.78,-0.046198704148352,-0.0385047197341919,0.00363101945085644,2.37524576385098,-0.180017597403631,0.0274691728281107,-0.0373222334725407,-1.40662929745297,1.92239246607293,0.556046430854569,4.97096483198476,0,0
5.79,-0.0315090579325677,-0.0383441150188446,0.00816452546830179,1.6484330817923,-0.407242434661521,0.0243757234073491,-0.021570913663748,-1.2587448046436,1.13962254387979,0.592826864676917,5.01530840061223,0,0
5.8,-0.00405691324917697,-0.0350631773471832,0.0156468594966399,0.439527739636079,-0.782212424810591,0.0150369916660456,0.00593056817296742,-0.891061916803786,-0.105116943732338,0.629361522354957,5.01782584650562,0,0
5.81,0.0641363249886875,-0.0255167186260223,0.0334161565579129,-2.4930489672884,-1.6725281837639,-0.0132911938017728,0.0710876351377734,0.222682367959261,-2.99383637525206,0.665155062944777,4.81331208984683,0,0
5.82,-0.042460667481945,-0.0340396463871002,0.0606172466811814,2.41035468628891,-3.03544752326682,0.0737135978612569,0.00660790197932692,-3.87438108040126,-0.113677720113893,0.700446439322644,4.97921204354507,0,0
5.83,-0.0474290175791778,-0.0372310280799866,0.0590854226503905,2.49882260879927,-2.95865542294482,0.07562861299433,0.00457293941082713,-3.87026054816965,-0.137257536218415,0.736789144183555,4.98679069730843,0,0
5.84,0.0791486242781405,-0.0307733416557312,-0.0311318475413396,-3.50748403199397,1.56135039310303,-0.077541271414203,0.034943495588283,3.5663882168006,-1.42166605495154,0.77266044201532,4.83887331717865,0,0
5.85,-0.0346488108489838,-0.0342859625816345,-0.069536159687944,2.00642060509059,3.48535604595857,-0.0229840040646052,-0.0742128907572944,0.957007956534695,3.90609346825717,0.808186534569225,4.85813690151534,0,0
5.86,-0.020834505424366,-0.0375871956348419,-0.0152202950278987,1.15028523636495,0.764212181868934,0.00545090998758106,-0.0252194682204344,-0.351532842717005,1.33551527299666,0.843789971885782,4.88356536184122,0,0
5.87,0.0120970909779696,-0.0334747731685638,0.0284028062411671,-0.291004266732651,-1.42125568094502,0.00879698852086427,0.0295917557009775,-0.682296456928635,-1.28028228869173,0.879195602961344,4.79842778939408,0,0
5.88,0.0479078480402309,-0.0281623303890228,0.0770348336781408,-1.81623078509616,-3.85769171597127,0.00907418261314372,0.0902617677290225,-0.916092601740315,-4.16428312981251,0.914235197966963,4.72494460427329,0,0
5.89,0.0541413214697498,-0.0303643941879272,0.0195449079364249,-2.23834599710871,-0.977394871614141,-0.0326296617245436,0.0474193134964644,1.25036657574801,-2.09811271481835,0.949139627803319,4.76994194979839,0,0
5.9,-0.0355460720240034,-0.0352051556110382,0.0193712188812769,2.00362474481788,-0.968757480092424,0.0403270717119523,-0.00353477643154832,-2.20497443823921,0.30181269024548,0.984400904570523,4.69995988638605,0,0
5.91,-0.0235127574171757,-0.037099152803421,0.0147515666499363,1.30690277332956,-0.737211738266535,0.0277561090955891,0.000238511761170426,-1.49940167014921,0.0571894879172864,1.01907624045234,4.75689153281299,0,0
5.92,0.00679981001669743,-0.0297944843769073,0.00474843142639833,0.156174105779507,-0.235981181882261,-0.00356294182617742,0.00748935663576395,-0.252422099134461,-0.127908378877734,1.05364345055498,4.71106660774334,0,0
5.93,0.0523554826795056,-0.0357404947280884,0.0073002158815955,-2.41922480309115,-0.363752923641877,-0.04298443047962,0.0307689527749096,1.9739431935329,-1.44516888495933,1.08807643363195,4.57478736788192,0,0
5.94,-0.0364136404994614,-0.0351119339466095,-0.0264538810306107,2.05032853874335,1.32737933549155,0.0213348450454994,-0.0396306121942401,-1.27162736203755,2.0853649247057,1.12212851785405,4.60594332767834,0,0
5.95,-0.015617851443066,-0.0369082987308502,-0.00552985882733307,0.920388802656281,0.279126791186607,0.0120626348792207,-0.0113573527777611,-0.729725428154834,0.626520640615645,1.15580227254945,4.70062470147476,0,0
5.96,0.0327602569822906,-0.0303788185119629,0.0485356069694328,-1.17235510889916,-2.42947190401973,-0.0123664571612018,0.057236442226235,0.185045390658745,-2.69119089571497,1.18985304069994,4.55628385296767,0,0
5.97,-0.0354245258328674,-0.0313872992992401,0.00804701383272237,2.18616692784214,-0.401014896971855,0.0360472699388878,-0.00449953242687186,-2.19203991289677,0.367559252708473,1.22324667028953,4.49532087544439,0,0
5.98,0.00968883372135598,-0.0294991135597229,-0.0242743631201937,0.0246076377275273,1.21842184199814,-0.0167219093287094,-0.0200872086705327,0.35346337367981,1.16628511280885,1.25633391415542,4.54642632794878,0,0
5.99,0.0590273877340548,-0.0351055562496185,-0.060518046983165,-2.72298821591075,3.03432717634484,-0.0734923780751509,-0.041779622763042,3.45752718071137,2.16039626729352,1.28985688471831,4.53202808019819,0,0
6,0.0790381066342377,-0.0370090305805206,0.0195488418003155,-3.81904518722416,-0.977019802875027,-0.0718338844710552,0.0383284823317854,3.46299179877496,-1.88344408966323,1.32312221599983,4.56804456371424,0,0
6.01,-0.00349375397001166,-0.0335696339607239,0.0238773746636136,0.47917477960653,-1.19391648035626,0.00849613583282736,0.0225865228297694,-0.722326271629971,-1.0645608431604,1.35629914330527,4.5772254925098,0,0
6.02,0.0434979076201313,-0.036292552947998,0.033691543176532,-2.0068947609447,-1.685511652564,-0.0367024466536848,0.0409892480850652,1.66971222233816,-2.02005871375336,1.38930926833295,4.58624364466812,0,0
6.03,0.00311790482118487,-0.0355353355407715,-0.0231686290541801,0.049621717570238,1.16326135081865,-0.00650769547943689,-0.0224534318595417,0.122838358202811,1.15782123962082,1.42246575423105,4.50281945236292,0,0
6.04,-0.0337513357020144,-0.0371897518634796,-0.0122271703362293,1.81004038031286,0.615279213265923,0.032116216377153,-0.0160376120952319,-1.72701528887627,0.819898091611304,1.45522501916835,4.44371561262552,0,0
6.05,-0.0769884562886108,-0.0336394011974335,-0.000919139074337431,4.14907470811798,0.0489109110794252,0.0766478818867626,-0.00729173646083031,-4.13077204928379,0.392346132417171,1.48788694967316,4.42525339206281,0,0
6.06,-0.00563314353260496,-0.0366524457931519,-0.0145977895266784,0.430281874468269,0.734424542248317,0.00489231444554487,-0.0148624703360526,-0.392824630936958,0.755122976131584,1.52051347162844,4.52506856792947,0,0
6.07,-0.0361642592202114,-0.037616640329361,-0.00682561498964601,1.90830086293659,0.345139576629273,0.0360376727368097,-0.00746517304877295,-1.90188747679147,0.378889873794661,1.55308097443617,4.38062132593336,0,0
6.08,-0.0819630661542444,-0.0340822339057922,0.00124404816487554,4.37461882769902,-0.0590673867739083,0.0819362144325452,0.00243898210439275,-4.37329256315418,-0.122845434995935,1.58537738858095,4.35060882989258,0,0
6.09,-0.0076472830794652,-0.0338678658008575,-0.0075893858164695,0.66918724240492,0.383617553917203,0.00799333474287001,-0.00722400963849927,-0.686370651287124,0.351950738204381,1.61750928137079,4.41431131799552,0,0
6.1,-0.0477541699085848,-0.0393097400665283,-0.00090665444908225,2.40210042219799,0.0488382947297211,0.0476771122609351,0.00285932376729553,-2.39847903288094,-0.140605640663533,1.64968083988136,4.28838583670991,0,0
6.11,0.0316707191102257,-0.0276686251163483,-0.00589836487686936,-0.987423356056628,0.298996941843167,-0.030826937888943,-0.00935548275455373,0.948421345603577,0.406080049400608,1.68131561373758,4.30196518942277,0,0
6.12,-0.017099843791993,-0.0307568907737732,-0.000831765032391817,1.2963917852532,0.0451426356722997,0.0170458632360331,0.00159218005204393,-1.28976845066905,-0.138444436819175,1.71253512037598,4.27241252705477,0,0
6.13,0.0765627116111982,-0.0334745347499847,-0.00233381679969146,-3.52289869654158,0.120304998546439,-0.0750219052637862,-0.0154599236966268,3.44978055361239,0.724087460661616,1.74355061075005,4.1715426710609,0,0
6.14,0.021275679067746,-0.0245167315006256,-0.000350556953203981,-0.310959860329615,0.0207147066442714,-0.0207658306020786,-0.00464302588587864,0.300357176020005,0.083130623845002,1.77429262707349,4.2093294053074,0,0
6.15,-0.0231028544092074,-0.0306904315948486,-0.000346192639834242,1.59900073250844,0.0202716250152333,0.0225533476086065,0.00502078109882042,-1.56011261446077,-0.35108818200511,1.80482611361622,4.18444085909065,0,0
6.16,0.0783364093504259,-0.0313049852848053,0.0029033863883635,-3.50395671613779,-0.142683119174624,-0.0763725528578667,-0.0176707626437002,3.41946359904336,0.778035883415384,1.83521711956558,4.09076246319644,0,0
6.17,0.0226299504058221,-0.026419460773468,0.0023957547753349,-0.474676701605499,-0.11735374633472,-0.0223498076136062,-0.00428256884921823,0.488296375365022,0.025622697579519,1.86559067271347,4.18505701847916,0,0
6.18,-0.0141864677299104,-0.0307894945144653,0.00212079110837159,1.14734296502839,-0.103620513785972,0.0127657989762062,0.00654125355541488,-1.05413447530587,-0.464686559143933,1.89592326611621,4.1711326746504,0,0
6.19,-0.0439272265390723,-0.0385371148586273,0.000421992392763103,2.24668356353226,-0.018559783381528,0.041031950878492,0.0156894332625355,-2.09965559397528,-0.799611084774003,1.92640731245862,4.12223029210682,0,0
6.2,0.0447214142268253,-0.0358324348926544,0.013013711977698,-2.05090515321895,-0.649431465878321,-0.0463281359985844,-0.00480264560242044,2.14442548537621,0.171500769799855,1.95726827393542,4.18781406244521,0,0
6.21,0.0229865166295402,-0.0290300697088242,0.0124638045520583,-0.62438154863746,-0.621956529762904,-0.0260646313606456,0.00208838758512048,0.822749872697676,-0.315855805977324,1.98769603271131,4.14504883683651,0,0
6.22,-0.00334965426537086,-0.0339324921369553,0.0109371658320842,0.44695993461277,-0.545573062882378,-0.00170877988878532,0.0113102542600823,-0.16711764366615,-0.685196937578814,2.01793778474794,4.1828341081664,0,0
6.23,-0.0182166430785847,-0.0379709750413895,0.0101771463496879,0.988032418206704,-0.507598139260951,0.0115038212542555,0.0174092644711273,-0.644338402707043,-0.904815977536594,2.04819388030404,4.15470658575249,0,0
6.24,-0.0298087279408039,-0.0407998710870743,0.00921220859752024,1.42583785378849,-0.459370752618074,0.0215720286710463,0.0225404664483379,-1.02275096463157,-1.09453896139071,2.07841153054578,4.12522779293229,0,0
6.25,-0.0279080340254593,-0.0373108685016632,0.0109027783135575,1.50494392743543,-0.544187018514874,0.0183954713676209,0.0236502763468805,-1.01436802994725,-1.23776138074582,2.10809226246475,4.0640028927022,0,0
6.26,-0.020711564580182,-0.0319722890853882,0.0138208637796653,1.4117493011747,-0.690513986157404,0.0100533642647837,0.0227797069764886,-0.820312472660468,-1.34049733369519,2.13753002541427,3.99870077849378,0,0
6.27,-0.0191717899098664,-0.0335708856582642,0.0157735962606349,1.25452823985476,-0.788505547765194,0.0070153745189882,0.0238148774445703,-0.595805027194056,-1.35668657877192,2.1666562227633,4.01147315251094,0,0
6.28,-0.0408127577079728,-0.0376862585544586,-0.0130756267692006,2.13050890377724,0.656865892948287,0.0407492384986208,0.0132722556078328,-2.11215285899093,-0.71368851094106,2.19571469095587,3.95339782235251,0,0
6.29,0.0473800382428008,-0.0350035727024078,-0.0325515930975152,-2.14534925697261,1.63258978380239,-0.0177975049433525,-0.0546600681930311,0.709330355439463,2.60090816512636,2.22484573214082,4.05499573549916,0,0
6.3,0.0413678921003309,-0.031807616353035,-0.0773675729905202,-1.68525571052471,3.87784190004029,0.0167592047627751,-0.0861172044540896,-1.14107491271135,4.07132566311576,2.25401835890462,3.92240736019935,0,0
6.31,-0.0751902260186544,-0.0266182422637939,0.0155703494606647,4.40181534308504,-0.778360296000458,0.0467567438815841,0.0609082323882043,-2.82424422939722,-3.46489070501874,2.28269198931267,3.8825546649876,0,0
6.32,0.0102376408488198,-0.0291339159011841,-0.0703935596359576,0.00429984510916803,3.52849242373332,0.0399424652081573,-0.0588613795409664,-2.38403543545496,2.60127897687013,2.31142673738678,3.90865861633941,0,0
6.33,0.0114357872200797,-0.0310641974210739,0.067361930181071,-0.152448182676415,-3.37307001651097,-0.0550710831869912,0.0404423375149598,2.45573448255698,-2.3173713418154,2.34000950617995,3.91816290132744,0,0
6.34,-0.00158109371676072,-0.0327084511518478,0.0697892670488348,0.41585326243254,-3.49469748309036,-0.0488494455549156,0.0498675578059734,2.21102264302628,-2.73810578798902,2.36853279345164,3.91060817039899,0,0
6.35,-0.00316172712412665,-0.030562549829483,0.0713563010048131,0.601885595206201,-3.573236639136,-0.0503113186038594,0.0506999943968229,2.21867913765945,-2.8649169679234,2.39662671295982,3.86404227950354,0,0
6.36,-0.0252126900031847,-0.0378012508153915,-0.00580340989937416,1.34215807539393,0.2925301348938,0.0209374226732164,0.0151981457901919,-1.10220137072966,-0.819825784863937,2.42492145183261,3.88312802987176,0,0
6.37,-0.0196956443292317,-0.0317072719335556,0.0228291306896236,1.37070420719218,-1.14197158297028,-0.00510969225245561,0.0297149568176147,0.0106276784428493,-1.78404489079645,2.4529327716147,3.79649573545711,0,0
6.38,-0.0355357771624193,-0.040134459733963,-0.0672452367244627,1.74101115053336,3.37076409566422,0.0749018435975128,-0.013207086974798,-3.72985024452109,0.693820991572366,2.48091331144657,3.84043039474007,0,0
6.39,-0.0211508757095078,-0.0297971814870834,0.00477886639610331,1.53836158068526,-0.237607119829371,0.00866259727925685,0.0198785441038388,-0.718709795743138,-1.38074969702148,2.50841929621199,3.73032801595303,0,0
6.4,-0.031670331125745,-0.0385997742414474,-0.0659931011874572,1.62386963499639,3.3080820637781,0.0722860929471967,-0.0115247578881961,-3.64420261025754,0.547856612213269,2.53604902591449,3.78831151181261,0,0
6.41,-0.0323683790637397,-0.0369856208562851,0.0094804995765055,1.7391633753784,-0.47314401316041,0.00974358356610041,0.0322901597197115,-0.553884437414481,-1.71515787420202,2.56360561799683,3.75291905025108,0,0
6.42,-0.0325915591460516,-0.0384687930345535,0.0091122486326253,1.6758281189145,-0.454581653826122,0.00928251965304788,0.0325434729493357,-0.489197924432385,-1.66605214650408,2.59110892398003,3.75669524218561,0,0
6.43,-0.0103091266931794,-0.0276395231485367,-0.0160554407032317,1.10291840306911,0.806374643644429,0.019059129825641,0.00089712855287003,-1.24989037379981,-0.55176364797236,2.6178303492954,3.67603466644773,0,0
6.44,-0.0123835592282875,-0.0316941142082214,-0.0210101397246402,1.00355775518151,1.0546742596372,0.0243720945163683,0.000882903898856344,-1.40532997634087,-0.380149469977265,2.64520745342026,3.71036916882364,0,0
6.45,-0.00620283232895898,-0.0306921303272247,-0.0201592641566278,0.744291273525959,1.01210899836056,0.020785252962404,-0.00358389725393326,-1.23928814147954,-0.206152920904617,2.6723484504801,3.70491395670213,0,0
6.46,0.00786194379496976,-0.0271955579519272,-0.0242286729171033,0.215565935648079,1.21602324520292,0.0185326833936858,-0.0174750793356895,-1.1912825670834,0.325617952282808,2.69932747526117,3.65119786253697,0,0
6.47,0.00880500232473158,-0.0302129834890366,-0.0215529603988132,0.0171961728605001,1.08200097547007,0.0161680765550475,-0.0167526555626702,-0.996956942650638,0.42083093253696,2.72627617861279,3.68353717004441,0,0
6.48,0.0462974320623923,-0.0288939774036407,0.0237248239704998,-1.7916934473991,-1.18632137213028,-0.0395245591108088,-0.0338249717678997,1.77768915968883,1.20720547503346,2.75219871775601,3.54702541106617,0,0
6.49,0.0368977287886882,-0.0351506620645523,0.0259291233537263,-1.63488258303274,-1.29675935821245,-0.037340763063334,-0.0252869381599333,1.79275620057629,1.06791905063569,2.77860718104985,3.67109872186544,0,0
6.5,0.0402101981030486,-0.0303332805633545,0.0270992288668329,-1.55996194117398,-1.35540583093345,-0.0388594200693351,-0.0290029948201623,1.79457915447566,1.02473990981182,2.804982298242,3.69120750360529,0,0
