t,iq,iq_ref,id,vq,vd,ia,ib,va,vb,theta_e,omega,r,"T_ass:0.23,S_pct:-1.40,kp:0.1500,ki:0.0045"
0,0,0,0,0,0,0,0,0,0,0,0,0,0
0.01,0.00096728790856683,8.00392153905705e-05,0.000518381447844681,-0.0443593718414207,-0.0259501324946806,-0.00109720122678213,2.26868128422054e-05,0.0513057525832515,-0.00298043596191636,2.04208527785048,-0.00485361757111058,0,0
0.02,0.00106026181458114,5.9198442613706e-05,0.00057556645378028,-0.0500497774832298,-0.0288128137581863,-0.00120600245615324,3.14632154819027e-05,0.0576754744751363,-0.00294925530475747,2.04205301823728,-0.00412658153987929,0,0
0.03,0.00108756529340767,4.64811928395648e-05,0.000598111943187606,-0.0520506936942249,-0.0299414355808885,-0.00124056459531333,3.91873559154945e-05,0.0599706103475699,-0.00304797854888383,2.04202714513107,-0.00324793837987654,0,0
0.04,0.0010484831120913,3.00323044939432e-05,0.000585293961757067,-0.0509191290988288,-0.0292997728329186,-0.00119992201855223,4.55302910542139e-05,0.0586710176786981,-0.00299099996484919,2.04200945268166,-0.00228598470567538,0,0
0.05,0.00106494272894448,2.34902945521753e-05,0.000598517263740906,-0.052069139758637,-0.0299617431818631,-0.0012205900979727,4.98572327611391e-05,0.0599961689007911,-0.00305958933978795,2.04199563119981,-0.00182832968099388,0,0
0.06,0.00105878009617575,1.61777625180548e-05,0.000599078629248677,-0.052126639293109,-0.0299898453151266,-0.00121535333150522,5.31674306278412e-05,0.0600601281750137,-0.00305914197448171,2.04198538881038,-0.00137438150162571,0,0
0.07,0.00108272316924995,1.49258139572339e-05,0.000615083322740824,-0.053386300485454,-0.0307910354149405,-0.00124395217665264,5.65679887012737e-05,0.0615461975501596,-0.00320164154208841,2.04197833533477,-0.00123801792799469,0,0
0.08,0.00105092711385904,7.02976876709727e-06,0.000599781902000636,-0.0521913904093388,-0.0300250478663789,-0.00120867460996339,5.73743482877458e-05,0.0601337642325033,-0.00306188364704963,2.04197260581852,-0.00080681913403864,0,0
0.09,0.00104643244747026,4.0338964026887e-06,0.000599127254202798,-0.0521164584957466,-0.0299922642044158,-0.00120437231545691,5.88358700806325e-05,0.0600521040485324,-0.00306691336535543,2.04196882725272,-0.000625461433276395,0,0
0.1,0.00104429598213271,2.04303296413855e-06,0.000599098420481749,-0.052109180246883,-0.0299908198110447,-0.00120245539708737,5.97832228781528e-05,0.0600449549469811,-0.00306909178026619,2.04196613598401,-0.000502947998761082,0,0
0.11,0.00104282757240382,6.24075084942888e-07,0.000599096558675622,-0.0521067084073146,-0.0299907345977032,-0.0012011460266058,6.04504354964697e-05,0.0600427078388258,-0.00307025375762113,2.04196420625509,-0.000415500227714312,0,0
0.12,0.00104177790864372,-3.93419441024889e-07,0.000599096026432925,-0.052105100102309,-0.0299907066137907,-0.00120021040955647,6.09280938328055e-05,0.0600412578224141,-0.00307104200044808,2.04196282180452,-0.000352786016569802,0,0
0.13,0.00109426256838665,5.32386820850661e-06,0.000627572083461403,-0.0544432984205822,-0.0314162267527513,-0.00125990220010259,6.24798742706456e-05,0.0627717583864268,-0.00327999929404206,2.04196072412778,-0.000595891472367193,0,0
0.14,0.00114160777557248,-2.970866034957e-06,0.000656517476437976,-0.0572251470100959,-0.0328652311147051,-0.00131522760477359,6.67821664636549e-05,0.0659082309320249,-0.0033084682197272,2.04195927139417,-0.000833017233758697,0,0
0.15,0.00104424480209733,-3.08952849081834e-06,0.000601546517502367,-0.0523632323966452,-0.0301133839996586,-0.00120352055397577,6.19975449866369e-05,0.0603269356725214,-0.00306346785513457,2.04195804072634,-0.000174298659897505,0,0
0.16,0.00103873125181871,-3.64994207302516e-06,0.000599199174626331,-0.0521155918208661,-0.0299958727774024,-0.00119754225930204,6.2408345303268e-05,0.0600529376016875,-0.00307115286579144,2.0419583245436,-0.000151333414489986,0,0
0.17,0.00103859783470676,-3.49501988239354e-06,0.000599099025069581,-0.0521011743127543,-0.0299908531074956,-0.00119737793606855,6.23793420381454e-05,0.0600378133049132,-0.00307320816863702,2.04195859749008,-0.000161569082876949,0,0
0.18,0.00103872926738685,-3.35077425006602e-06,0.000599094813916616,-0.0521005322007217,-0.0299906404058302,-0.00119749314894,6.2315690075352e-05,0.0600371452210572,-0.00307329810723708,2.04195879743881,-0.000170499794088908,0,0
0.19,0.00103883695155044,-3.24531265505357e-06,0.00059909468119127,-0.0521006418650458,-0.0299906314789286,-0.00119758904866919,6.22665194618822e-05,0.0600372393259989,-0.00307323174645126,2.04195894114054,-0.000177001578046345,0,0
0.2,0.00103891506623128,-3.16952673529158e-06,0.000599094709321581,-0.0521007568785045,-0.0299906313585259,-0.00119765867125054,6.22309630155687e-05,0.0600373420699648,-0.00307317324114113,2.04195904425681,-0.000181672006301142,0,0
0.21,0.00103897089238512,-3.11514190798334e-06,0.000599094734771165,-0.0521008275515371,-0.0299906560642407,-0.00119770843080279,6.22055563271981e-05,0.0600374164843887,-0.00307315873306918,2.04195911824052,-0.000185023225818999,0,0
0.22,0.0010390110556711,-3.07611821881437e-06,0.000599094753254766,-0.0521008831592393,-0.0299906560421627,-0.00119774422963134,6.21872781924815e-05,0.0600374661862391,-0.00307313028493959,2.0419591713217,-0.0001874276411933,0,0
0.23,0.0010390400430862,-3.04811601381516e-06,0.000599094766525698,-0.0521009310634347,-0.0299906560484872,-0.00119777006699994,6.21740863544518e-05,0.0600375089907517,-0.00307310625928418,2.04195920940602,-0.000189152735499981,0,0
0.24,0.00103906064859813,-3.02802118312684e-06,0.000599094776047245,-0.0521009552524722,-0.0299906560761166,-0.00119778843337722,6.21647087986443e-05,0.0600375306406887,-0.00307309366345733,2.04195923673044,-0.000190390436998291,0,0
0.25,0.00103907554975931,-3.01360000776185e-06,0.000599094782878747,-0.0521009779150721,-0.029990656118258,-0.00119780171524262,6.21579274266836e-05,0.0600375509133704,-0.00307308223692453,2.04195925633504,-0.00019127844926917,0,0
0.26,0.00105077222311303,-1.37832819291361e-06,0.000605174862084071,-0.0526040103128822,-0.0302950215697286,-0.00121098382393116,6.22660159432338e-05,0.0606239321509939,-0.00311594022083579,2.04195935919905,-0.000268588756603234,0,0
0.27,0.00101528380610632,-6.43637986286194e-06,0.000585550908816736,-0.051082600858751,-0.0293126308903866,-0.00117045440053585,6.08898187228679e-05,0.0588223630149329,-0.00293121980580911,2.04195889460037,-2.78377348548478e-05,0,0
0.28,0.0010131803135893,6.19504498899914e-06,0.000583595584402888,-0.0503458603273169,-0.0292147489359747,-0.0011676925381223,6.01023326748909e-05,0.0581214661386997,-0.00317842435456975,2.04195892375299,-1.58664920628038e-05,0,0
0.29,0.00103761718132587,-3.15504917125509e-06,0.000598432945089676,-0.0520351313484574,-0.029957524626502,-0.00119620183122589,6.22300869610878e-05,0.0599638400457593,-0.00307344483686889,2.04195934206513,-0.000185635426810706,0,0
0.3,0.00103103006827829,-3.05358730656735e-06,0.000595165239051826,-0.0517007263391187,-0.0297939401301972,-0.0011888492540598,6.23066175538627e-05,0.0595916215286612,-0.00307938566259855,2.04196089887455,-0.00020758874797778,0,0
0.31,0.0010395125112146,-2.12865393223183e-06,0.000598927406730133,-0.0520785735929461,-0.0299822814370211,-0.00119811517062625,6.18088781598735e-05,0.0600137902984081,-0.0030757115702435,2.04196056128688,-0.000246937545518563,0,0
0.32,0.00103976822055924,-2.31466287914373e-06,0.000599087949250298,-0.0521006569408161,-0.0299902969616346,-0.00119841587057091,6.1836272410536e-05,0.0600371048235401,-0.00307285045501716,2.04196021334595,-0.000234422784982581,0,0
0.33,0.00103960512304282,-2.49858931056224e-06,0.000599094721077153,-0.0521016972455298,-0.0299906408598194,-0.0011982736021128,6.19166468648567e-05,0.0600381870944179,-0.00307270002818037,2.04195995742795,-0.000223023176660781,0,0
0.34,0.00103946752014739,-2.63354559137952e-06,0.000599094949976872,-0.052101563787827,-0.0299906558407289,-0.00119815108483318,6.19795324460254e-05,0.0600380744130109,-0.00307278500253752,2.04195977344173,-0.000214700506291591,0,0
0.35,0.00103936740297075,-2.73054661192873e-06,0.000599094916493236,-0.0521014068030853,-0.0299906561752977,-0.00119806185295849,6.20251063027831e-05,0.0600379342793748,-0.00307286448627011,2.04195964141536,-0.000208720706300497,0,0
0.36,0.0010392956911326,-2.80014842246601e-06,0.000599094884024956,-0.0521013000854418,-0.0299906564376743,-0.00119799793416571,6.20577425174357e-05,0.0600378390176104,-0.0030729188488106,2.04195954668938,-0.000204429878545471,0,0
0.37,0.0010392441191451,-2.85008241007745e-06,0.000599094860368326,-0.0521012169405102,-0.0299906566488381,-0.00119795196645914,6.20812125694838e-05,0.0600377648190825,-0.00307296085870705,2.04195947872652,-0.000201351313143082,0,0
0.38,0.0010392070990728,-2.88590490526985e-06,0.000599094843379543,-0.052101155796266,-0.0299906568229905,-0.00119791896932068,6.20980601061823e-05,0.060037710266269,-0.00307299169616679,2.04195942996544,-0.000199142536576217,0,0
0.39,0.00103918067279478,-2.9116022233211e-06,0.000599094831189939,-0.052101118068018,-0.0299906569702013,-0.00119789541471926,6.21100866468557e-05,0.0600376766081707,-0.00307301105343753,2.04195939498105,-0.000197557808088226,0,0
0.4,0.00103916158068203,-2.93003540718928e-06,0.000599094822444077,-0.0521010838308027,-0.0299906570987667,-0.00119787839733589,6.21187752685661e-05,0.0600376460826356,-0.00307302821599938,2.041959369881,-0.000196420814756624,0,0
0.41,0.00103914784367407,-2.94325695904263e-06,0.000599094816169057,-0.0521010567596199,-0.0299906572137217,-0.001197866153132,6.2125026791507e-05,0.0600376219579432,-0.00307304168783781,2.04195935187265,-0.000195605057457123,0,0
0.42,0.00103913818120237,-2.95273912342964e-06,0.000599094811667078,-0.0521010464399541,-0.0299906573183167,-0.00119785754062759,6.2129424273809e-05,0.0600376127704718,-0.00307304724106994,2.0419593389524,-0.000195019777009056,0,0
0.43,0.00103913107986775,-2.95953827844642e-06,0.00059909480843696,-0.052101030023364,-0.0299906574164001,-0.00119785121100531,6.2132655957675e-05,0.0600375981586532,-0.00307305533686383,2.04195932968268,-0.000194599856519245,0,0
0.44,0.00103912607400892,-2.96441248792689e-06,0.000599094806119476,-0.0521010221298872,-0.029990657509159,-0.00119784674911477,6.21349341329289e-05,0.0600375911469097,-0.00307305940183124,2.04195932303208,-0.000194298576650087,0,0
0.45,0.00103912246513394,-2.96790608445008e-06,0.000599094804456854,-0.0521010150528468,-0.0299906575983686,-0.00119784353240809,6.21365765177822e-05,0.060037584866808,-0.00307306298021664,2.04195931826065,-0.000194082417728427,0,0
0.46,0.00103911990399687,-2.97040833174833e-06,0.000599094803263966,-0.0521010107939694,-0.0299906576849111,-0.0011978412495758,6.21377421139887e-05,0.0600375811007376,-0.0030730651960515,2.04195931483746,-0.000193927330436264,0,0
0.47,0.00103911804135172,-2.97220003631082e-06,0.000599094802408317,-0.0521010059316218,-0.0299906577696781,-0.00119783958934164,6.21385897905177e-05,0.0600375767991173,-0.00307306762615714,2.04195931238159,-0.000193816060134161,0,0
0.48,0.00103911664436786,-2.97348151434562e-06,0.000599094801794523,-0.0521009988402941,-0.0299906578532619,-0.00119783834418366,6.21392254769618e-05,0.0600375705129799,-0.00307307102532866,2.04195931061971,-0.000193736227159959,0,0
0.49,0.00103911571304529,-2.97439714813663e-06,0.000599094801353928,-0.0521009967378963,-0.0299906579356625,-0.00119783751405855,6.21396493469371e-05,0.0600375686731767,-0.00307307212895948,2.0419593093558,-0.000193678949486898,0,0
0.5,0.00103911501455336,-2.9750501653325e-06,0.000599094801038169,-0.0521009931456389,-0.0299906580174716,-0.00119783689147394,6.21399672131011e-05,0.0600375655066768,-0.00307307388689789,2.04195930844911,-0.000193637854539905,0,0
0.51,4.37491989416738,4.59999990463257,0.00146822744841957,11.255231259477,-0.0557042271599593,-1.10668732076111,4.23263149945043,-2.90468469347763,10.8741041238673,0.256075920370538,78.524983878395,2107.74388534727,0
0.52,4.43314189562653,4.59999990463257,0.0639533486757411,8.34582023246636,-3.15722847593235,-4.03879414265865,1.82892836677443,-8.91228365536282,0.438186088592138,1.16000818575017,169.256139640114,2065.26036753785,0
0.53,4.30274514101244,4.59999990463257,0.0372082499349342,14.8677732720885,-1.81529859353851,-1.64611390285315,-3.97558916655166,-3.88564373241903,-14.4653988482394,2.75767598043049,264.683883334081,1990.58080349904,0
0.54,4.34115009738085,4.59999990463257,0.0720917599281057,12.9497274430146,-3.55334803218802,4.15517605299225,1.25908433334666,11.2424154243127,7.34369243047359,-1.2599698930868,355.927162174417,1902.20035783297,0
0.55,4.20010996266542,4.59999990463257,0.0459224368335223,20.0042704344549,-2.20802418067278,-4.18026929364418,-0.410342785121986,-19.6463088510131,-4.36677855264558,1.6795778479593,446.290353851533,1823.57059891598,0
0.56,4.23003931796164,4.59999990463257,0.0124806906473256,18.5106248270894,-0.544428185515957,3.56463082527578,2.27745372700174,15.2747897703125,10.4699776031852,-0.999311196954119,537.466923675262,1776.56444733714,0
0.57,4.16282786208447,4.59999990463257,0.0285803295038443,21.8742321542329,-1.31197269740006,0.493676377662166,-4.13355008179647,4.04471010868431,-21.5370291552179,-3.01585862900838,626.984169190979,1775.23200317564,0
0.58,4.14698430450459,4.59999990463257,0.121619641440456,22.6696861124187,-5.95362481354992,-3.95538511900135,-1.25187807688057,-19.4410822585629,-13.0921593891878,1.90663970560909,716.375356147905,1821.65115494807,0
0.59,4.03936296676243,4.59999990463257,0.0889176029018379,28.0542231669881,-4.26343502423902,-3.73534844330232,1.53997776752669,-27.70340847398,6.14308347923829,1.20176524649392,804.949524372241,1905.09214595087,0
0.6,4.0110530441515,4.59999990463257,0.104937657683198,29.4734814046308,-5.05153398210036,-3.61403309537181,1.74307866160834,-28.9475922068148,7.49940044999525,1.14755802733547,893.527446216403,2004.7731186769,0
0.61,4.03398805637231,4.59999990463257,0.114675750373707,28.3305566298137,-5.50548074889806,-3.99512044009027,-0.570283119030538,-26.9886209559581,-10.2247296358968,1.7410031300868,981.925959838283,2095.45526106467,0
0.62,4.01259031545185,4.59999990463257,0.148996233050047,29.4045252154709,-7.30719388766014,-0.789783955158171,-3.93691785808338,2.50301797942126,-30.1952990820395,2.98072603157522,1070.49610132573,2154.30891795526,0
0.63,3.9229628837592,4.59999990463257,0.145609077313987,33.8901257447625,-7.02447501911173,3.90047520584316,0.443996575832825,32.4545206304382,12.024473499426,-1.42035270663836,1157.26480636732,2167.113112237,0
0.64,3.96235206610828,4.59999990463257,0.167624094567863,31.9250673149679,-8.15170898086613,-3.45878878247973,1.94038962352015,-32.1625477177746,7.15756988620006,1.1018240384241,1244.69284538838,2132.03826885302,0
0.65,3.92134577357827,4.59999990463257,0.0625174347452451,33.9798451399628,-2.88666646378127,3.50310491162156,-1.76326886315734,31.8480446050706,-12.1928164852264,-2.02117451566529,1331.69743473941,2059.95251936575,0
0.66,3.88054219312652,4.59999990463257,0.169732365673507,36.0245167280352,-8.19904465282185,-3.83443618837668,-0.620093465422443,-33.615866953243,-15.3285233368813,1.77483674980547,1418.00399092407,1971.18685407626,0
0.67,3.69853413443149,4.59999990463257,0.18497515027082,45.1293736298482,-9.0338908614063,0.479553928999112,3.67197475194943,-5.40343741829693,45.7063935613475,-0.0798919266252639,1504.40192254374,1889.70626709743,0
0.68,3.25877677081065,4.07031202316284,0.210817688581831,40.6372221199146,-10.2937171633397,3.19980483063966,0.65216499876118,36.5090195121577,20.6018428525946,-1.30513391544645,1588.1345068377,1836.3705211029,0
0.69,2.03002899808399,2.83836436271667,0.113832387724045,40.481624280428,-5.61144657766015,1.7992611478559,-0.946908056451687,39.1540825667679,-11.713584226461,-1.99922753342454,1647.05330282838,1823.21669606832,0
0.7,1.57303072045481,2.50836825370789,0.0391678992622904,46.8360592740037,-1.93162890757942,1.11584570226764,-1.10943595604164,35.3524644449932,-30.7823146663807,-2.32841958152069,1690.86681582671,1850.3853654842,0
0.71,1.72788970265397,2.68376421928406,0.0545929241929481,47.8671322345002,-2.68802978833621,-1.65441514969885,-0.501491499784888,-44.4868691162479,-17.8719425002415,1.89670054735579,1734.07304815882,1906.53443343883,0
0.72,1.96143747884117,2.96721792221069,0.0520384211959571,48,-2.54173200972489,-1.59824184951931,-1.13823019250433,-36.8170884380204,-30.9024659300232,2.21617227290722,1782.68446341277,1972.56646300442,0
0.73,2.08873220356253,3.04432034492493,0.0967703583594188,47.860837692585,-4.75196057455437,-0.577834806609336,-2.00954563439772,-6.46050911345255,-47.6602846816201,2.90789786896797,1834.96227441529,2027.53346484613,0
0.74,1.77208115411167,2.74036884307861,0.094345710606933,48,-4.56569660564545,1.25024382583141,-1.25938997369286,38.6450002920314,-28.834173092421,-2.30664904500545,1884.14492015185,2054.9575525349,0
0.75,1.08876351990429,2.05401206016541,0.0914247186169196,48,-4.39604817999716,0.916279733775391,0.595143622095594,35.230469663706,32.8958849535249,-0.910982768375854,1922.69405608376,2047.69820725218,0
0.76,0.238244318005905,1.13778471946716,-0.0093205139382928,45.0703134204092,0.418717119115394,-0.161703595062433,0.175211798649685,-28.9305186968155,34.5620248795259,0.70622414764299,1943.97982798885,2009.93740939009,0
0.77,-0.644616281460646,0.241951450705528,0.0615678375066086,44.4257961079719,-3.06329863783292,0.38595517525618,0.519960913562128,-27.4755621306144,-35.0446664127137,2.40783044654319,1945.8534034734,1955.71268335771,0
0.78,-1.31231067943225,-0.386354953050613,-0.0934452302350975,46.3993448680494,4.46564710874822,-0.987602371624857,0.86921394717675,34.2149998702772,-31.6571475682979,-2.22143520000197,1931.80538797744,1904.4529476424,0
0.79,-1.43810584240232,-0.55653190612793,0.0095022268057644,44.1844852118405,-0.554295934552509,-0.924233863932971,-1.10183050920979,28.1963588133786,34.022659024327,-0.704573027838223,1910.16577428361,1874.86205701889,0
0.8,-1.21710399521505,-0.232837498188019,-0.0519435326199426,48,2.38058976664815,0.699840110426804,-0.997127918367187,-27.3368040119584,39.5267802135318,0.654622538606453,1890.53286456892,1878.98840604843,0
0.81,-0.352098609836193,0.484296262264252,-0.0180259342520649,41.9338002453691,0.817010226650251,-0.065038647243302,-0.34650878736188,6.42806172575344,41.4462438729841,-0.134387176775523,1882.38809261896,1918.27012164613,0
0.82,0.493980636588228,1.35679686069489,0.0864971293681386,43.2589232370943,-4.22489301820599,-0.407064215108333,0.292911842524805,-40.7841077320041,15.0279977758977,1.12040037297191,1891.45560675086,1982.7671329808,0
0.83,1.12367708328256,2.09700465202332,0.0486428080851822,48,-2.44536126579362,-0.707277541754106,-0.874514030306592,-26.5760171966944,-40.0461621342326,2.50479111858766,1917.30310957611,2053.85200998008,0
0.84,1.57124657704455,2.44445896148682,0.0814922732004607,43.7864002779627,-3.92992534482104,1.26165068571743,-0.940050181476671,38.6011903951237,-21.0390413896937,-2.15933282853583,1954.08282338564,2109.60563641719,0
0.85,1.15000293081923,2.25016641616821,0.00995540111817306,48,-0.505975144122054,0.3051632738299,1.10881974513879,11.8466635663009,46.5178736959607,-0.259908988421205,1991.9047134352,2131.35267119889,0
0.86,0.594968567327663,1.5217924118042,0.0365109746593462,46.4744816059562,-1.71617345592857,-0.577134349316541,-0.149119382433943,-43.6698647787258,-15.9926733875546,1.88493477264193,2019.27032812842,2109.41488666805,0
0.87,-0.486038639961118,0.430185705423355,-0.00450879877613997,45.9483554227976,0.101657934826152,-0.412203669291796,0.257569454369179,39.1377038202688,-24.0728444532914,-2.12001837398874,2027.09145023472,2046.36550143131,0
0.88,-1.73644220841959,-0.735094130039215,-0.005262009223585,48,0.0962134708785064,0.217985063465301,-1.72271348286016,-6.07453617399244,47.6141708664851,0.128897287019862,2011.05593935421,1956.77832392243,0
0.89,-2.47583805598063,-1.64942348003387,-0.105435578148045,41.4662154295107,5.05485915829931,2.09444993849192,1.32445090348134,-36.9531254605279,-19.4798650368865,2.17723237441225,1973.44579842102,1863.47755907969,0
0.9,-2.98114878090363,-2.05247235298157,-0.186579480884337,46.5836677742735,8.95552154083216,2.91504754106288,0.651580992596915,-47.2339611148799,-4.38091163688723,1.85320967402592,1922.66759563554,1791.31410106449,0
0.91,-2.59053233487949,-1.79790306091309,-0.123730507938109,39.7856406326909,5.91191927579868,0.00265705769935244,2.59348413465268,-4.0480877447299,-40.0182580291565,-3.09489085606791,1871.18784975809,1760.22478622415,0
0.92,-1.72927600396794,-0.932904481887817,-0.00565239064335632,39.9770637960313,0.170823179400902,-1.49134384806496,0.875397609237141,34.4563822530826,-20.2719641954111,-2.09832293946923,1832.4114298446,1779.55793585009,0
0.93,-0.530404919632914,0.328395575284958,0.0637689389469189,43.1027445271351,-3.16264424153239,-0.49566953345719,-0.199267583785084,40.8042341458633,14.2430116246367,-1.30820495674792,1816.28409439264,1845.30266696847,0
0.94,0.651555833732087,1.66474747657776,0.0528142875178337,48,-2.65906976042827,0.378016574558501,0.533308374953356,22.2162053136467,42.6322750208421,-0.535735210999342,1827.68383203537,1941.03813627332,0
0.95,1.7542095483823,2.73085355758667,0.0780296624869205,48,-3.84153428355154,-0.637003455962478,1.63632709595463,-22.8978233624746,42.3609144248872,0.415690507493069,1864.07481450638,2042.35778962559,0
0.96,2.36909117741186,3.24953866004944,0.152329230651343,44.196888318228,-7.38455607999024,-2.36916880298352,-0.151117121370096,-42.8938598570563,-12.961997997055,1.69870510567687,1916.17192698387,2123.528860946,0
0.97,2.02638567504892,3.09432244300842,0.124034881350013,48,-6.1331336036621,0.366943965951706,-1.99674126558415,17.4969527835692,-45.1162051938095,-2.89871544136349,1971.59179995046,2164.50649299284,0
0.98,1.34630822705329,2.31716012954712,0.083175082691103,48,-3.99137351664263,1.05751948932302,0.837326976941524,33.0571889025967,35.030748270732,-0.83938357892757,2016.06536548995,2156.32070592242,0
0.99,0.209333347128038,1.14217269420624,-0.00756740923919397,46.8276098795963,0.313484387412199,-0.209077617571253,0.0128166194119202,-46.575381204336,4.86386524973731,1.47343786011897,2039.43245668597,2103.32274891017,0
1,-1.16784120596397,-0.112945035099983,0.0235545836789137,48,-1.33593353893314,1.12537059228908,0.312967938886035,-46.1630131994388,-13.2197174995871,1.82187764996998,2037.0579529995,2021.67997970491,0
1.01,-2.01107021408517,-1.11448168754578,-0.0787972866184322,45.0231612305427,3.79489998207484,-1.6066538686809,1.21213685886194,34.8105365174757,-28.8047367707272,-2.17797637148973,2011.26388200482,1934.58434050708,0
1.02,-2.48662745077677,-1.61843931674957,-0.131040122299352,43.6073328276844,6.22104390024711,-0.491394526131947,-2.44111020076857,12.4987495601464,42.2383963117208,-0.145995639567782,1970.11156431535,1865.57758946996,0
1.03,-2.3653515460647,-1.5060441493988,-0.033966525549218,43.1675644708863,1.53941608015169,2.36515389429975,-0.0457024901649841,-43.1593948256261,1.75358561287133,1.56583451428424,1926.00070277549,1831.92571524468,0
1.04,-1.73128741439337,-0.869510471820831,-0.140450668452118,43.2952431951984,6.76214020139062,0.419862085579853,1.68546679901981,-13.7063558046501,-41.6213939457939,2.97840207173393,1890.36083475061,1839.94327598777,0
1.05,-0.783206095881551,0.0876532271504402,-0.0642825046385934,43.7534854810109,3.10136933004093,-0.646809092211501,0.446298137192131,36.3779561957036,-24.5077597197667,-2.09288661875086,1872.12301986889,1883.58666805902,0
1.06,0.161731491295734,1.05847668647766,0.0492187853870535,45.0518614856772,-2.39248837873347,0.159594886369108,0.0557587334553997,34.9497702564396,28.5290690873205,-0.939257807650321,1874.49598630799,1946.67424676562,0
1.07,0.771834433155941,1.75638735294342,0.038774649780547,48,-1.97818002281323,-0.189564425515697,0.74919770037665,-15.9849850156244,45.3033492167292,0.298016836362319,1894.0048263444,2008.03155321487,0
1.08,1.08190126146646,1.98593962192535,0.0234362637651729,45.4243115868354,-1.11703442952603,-1.07365191016677,-0.135392665300741,-44.7700076944087,-7.7628770502464,1.71789770382268,1922.71338523667,2048.01067013742,0
1.09,0.675534924028269,1.70125710964203,0.13336808884586,48,-6.53179223042961,-0.61787814727874,0.30390965075112,-48.0525673225113,6.13311368368646,1.30860100081983,1950.24931613674,2054.4411716213,0
1.1,0.0769447901001832,1.02477848529816,-0.0310610891544706,47.6218405655176,1.50017313822809,0.0284669814233221,-0.0779417920737485,-3.09406693481617,-47.5448942379213,3.10809891671735,1966.89073123882,2026.2496298193,0
1.11,-0.800608032688696,0.192013457417488,0.0340660763043306,48,-1.69956071835169,-0.7650049687133,-0.238539551027499,45.9534913472409,13.9701517398494,-1.31106080474427,1967.47795649701,1973.68165750464,0
1.12,-1.41431225168186,-0.511235237121582,-0.0199272627762097,45.3920932578214,0.813769590070214,0.655115908905236,-1.25359458636292,-20.8725813970199,40.3167421438942,0.495644591367003,1951.65963535031,1915.07014517196,0
1.13,-1.71853170375567,-0.835857629776001,-0.0622767179354734,44.3761711647517,3.03923514917257,1.47778230075043,0.879425424921827,-38.9354291760989,-21.5061356921297,2.14382616460971,1925.63803370487,1871.11930092746,0
1.14,-1.5237264916954,-0.66325968503952,-0.165745995617533,43.2699723659515,8.06305966364135,-0.511788722662763,1.44474442719563,11.5095880459744,-42.4833240542876,-2.69279331748328,1898.27832628909,1858.41494084281,0
1.15,-0.857112736774011,-0.0145075563341379,0.00901791921970024,42.3810330223087,-0.508697935137642,-0.845691656551935,-0.139746872758329,41.8067176823601,6.97202196315218,-1.41755145919583,1880.49237757074,1884.10895610125,0
1.16,-0.0144010583233988,0.917134523391724,0.0195794962894078,46.8316113860645,-0.903572299710958,0.0160605785148237,-0.0182429431164506,9.09780206067424,45.9482999204646,-0.21476422985336,1879.5507191278,1943.38884353993,0
1.17,0.926578399632661,1.84999752044678,0.00920128846175078,46.4296597282027,-0.473724147711835,-0.801031795122983,0.465811397002297,-40.60054821642,22.5284975435773,1.05401027006684,1898.41624334067,2020.52867181958,0
1.18,1.60649543635584,2.48771810531616,0.103287671671162,44.3236365737868,-4.98310009980309,-0.652725616689062,1.47154517411777,-24.9504171909988,36.971512380817,0.481694941202202,1933.25855355715,2093.26312986675,0
1.19,1.59034544668176,2.60557842254639,0.00659905524022664,48,-0.297074898202946,-1.25002203993821,-0.98320246489733,-37.41990764164,-30.0639113487629,2.24143032592327,1975.71802089709,2139.23985282724,0
1.2,1.12867929213033,2.12392163276672,0.115864963916465,48,-5.62902515691461,0.98895657599267,-0.556153328811435,46.2657359234233,-13.9702399292652,-1.98078526825954,2013.39393553963,2142.67678850573,0
1.21,0.199828379273709,1.14004898071289,0.0547244842206736,47.2846836567097,-2.78541765569793,-0.00769525670576681,0.207043312764765,-16.8319550731476,44.2751075486816,0.304453928504259,2035.14508147941,2099.26723496371,0
1.22,-1.07987788960726,-0.0998945981264114,-0.00963669573705495,48,0.258101668692616,0.504500781467028,0.954834060906138,-22.2735636917368,-42.5200538210093,2.66443511818177,2033.13151071914,2017.86340592845,0
1.23,-2.15691396609612,-1.26141250133514,-0.00666054814241335,45.0567912558285,0.181859745646961,-2.11337957489967,-0.431218033527029,44.156051671078,8.96608119857749,-1.36642935097681,2006.13449116323,1918.39104701324,0
1.24,-2.90499561621027,-2.0269980430603,-0.103185474917136,44.1857969976941,4.79400515202611,1.57726084961071,-2.44169920029475,-21.3458333798939,38.9836188550638,0.609041009516235,1958.97784312355,1826.53675006634,0
1.25,-2.94868987624506,-2.15896916389465,-0.05592831614963,39.7763170885736,2.58334004591522,2.41436624626526,1.69373421519211,-33.6471017794174,-21.3705776423826,2.2015088201816,1903.76306806516,1766.69020831236,0
1.26,-2.536403802959,-1.61862468719482,-0.131134140174713,46.1835680874567,6.28817760338528,-0.515209310346116,2.48698608378031,5.60767117023053,-46.2711266656327,-2.88566519781248,1853.31090400774,1755.14157256684,0
1.27,-1.35270382433407,-0.52114337682724,-0.115904407684549,41.8768435302149,5.58726446939844,-1.18248703566868,0.667057627618651,35.7773032963594,-22.4693595179171,-1.99893635459612,1820.97852094052,1795.4769068577,0
1.28,0.0808883222912972,0.852334678173065,0.00178262867866527,38.8752782403054,-0.131219456052894,-0.0143026329493521,-0.0796337437197503,-5.89789627757494,-38.425503201725,2.98591674953896,1815.15525952094,1877.49652695344,0
1.29,1.29521529763836,2.1430869102478,0.164663697985315,42.7005666338722,-8.11006556246184,0.651251946345015,-1.1316217137597,32.2592752643534,-29.1281773150994,-2.49292633403515,1837.24365147174,1979.9785679637,0
1.3,2.02393062884765,3.01879215240479,0.156267892594286,48,-7.56159473537214,2.02691927942143,0.110964315674993,46.5906767793199,13.8016865703778,-1.43904839153328,1881.61928478579,2076.51213091582,0
1.31,2.25049016061946,3.2639102935791,0.120517696268826,48,-5.92390674708807,0.146723288092159,2.2489336928621,-5.36439961994354,48.0657454729014,-0.0116482893687454,1937.00891123768,2142.74772688382,0
1.32,1.84542665571404,2.82604575157166,0.173161379381969,48,-8.42252523880924,-1.83195094121928,-0.28202864020369,-44.4976720276311,-19.8719932447592,1.81710575553391,1988.9012735982,2163.01073439828,0
1.33,0.85106275268045,1.84740447998047,0.0431325316150052,48,-2.14219887612031,0.602045753167868,-0.603083025276021,37.0253853854234,-30.6220484795797,-2.30641774110218,2025.38031516654,2134.41226523089,0
1.34,-0.464501764974387,0.603289902210236,-0.0702015281945458,48,3.35052560351849,-0.0535628705183131,-0.466713148654512,1.63363632620651,48.0890554510434,0.0357315741352796,2038.00677064545,2067.31626959553,0
1.35,-1.52021005679789,-0.559740662574768,-0.0024594775402631,48,0.0373670489964149,1.05477118928814,1.0947613457128,-33.2749019537337,-34.5945414229725,2.37641431436569,2025.31400989938,1982.07187028916,0
1.36,-2.22498091919246,-1.34396481513977,-0.107455912575154,44.3845988613028,5.08991897471481,-2.17608048099388,0.476193872446237,42.9188454144677,-12.404539472989,-1.73797361783204,1992.49374729587,1902.99159401623,0
1.37,-2.42116605492402,-1.54851484298706,-0.0825938234982131,43.9706071487073,3.98909066008155,-2.27015398312857,0.845735004645005,40.4391537119174,-17.7201011392207,-1.89331310365251,1950.34122238915,1851.33931770129,0
1.38,-2.01177343128139,-1.17138516902924,-0.0833356995560874,42.3615992537429,3.90358825839947,-0.700739178301372,-1.88762861326685,16.7990539653244,39.0836906969639,-0.314058628800051,1910.49558441278,1839.36050360683,0
1.39,-1.1803966038486,-0.350078344345093,-0.00132275385206138,41.8623111163731,0.00172525505534725,1.004022462497,-0.620706683431494,-35.6309877107468,21.9746629038338,1.01820804087064,1884.36307420303,1867.06553623411,0
1.4,-0.355419080208241,0.632273852825165,0.0665952691450058,48,-3.34978948359203,0.241094403225837,0.269501653393342,-36.0017206235672,-31.9233018612893,2.22654922210508,1877.3608185557,1922.66031270774,0
1.41,0.613584259746875,1.47144818305969,0.048417205254907,43.2475848031662,-2.4510348618391,0.144062118883378,-0.598394498200516,15.7291488328261,-40.3603151647234,-2.82659513997485,1889.63698150353,1986.44605933608,0
1.42,1.02401800284695,1.91619944572449,0.0453558931982748,44.967361977771,-2.12993850334657,1.02228600005546,0.0748422427048466,44.4087672179742,7.37981540742721,-1.45345288039209,1914.92523256911,2036.99598365872,0
1.43,0.878460319459538,1.84558928012848,0.0578669620990109,48,-2.93148906129451,-0.0513022204987964,0.87886813592223,-8.84975836911258,47.2681225026424,0.124085024966832,1943.61324030115,2057.75576797949,0
1.44,0.41791616972923,1.30181491374969,0.0805147652158765,44.5608767212243,-3.96885963821699,-0.422037268053287,-0.0549645041189003,-41.0532614717211,-17.7778880502301,1.89062932267148,1965.09155492719,2042.10035776742,0
1.45,-0.468946665528757,0.477676272392273,-0.0432194967930465,47.7010317114711,2.0010899166487,-0.238038203127379,0.406345559672396,26.1599822534403,-39.9380534790189,-2.51977467769935,1971.57099562505,1995.34357949703,0
1.46,-1.23103799975541,-0.344479024410248,-0.0779231822101213,44.7019355201496,3.82400778596201,-0.819193865193491,-0.922197370630006,30.5305865730218,32.8750567802085,-0.66310245479473,1960.81477516355,1933.10322125085,0
1.47,-1.81333100733388,-0.884569346904755,-0.122850022761971,46.8162195818948,5.86582119195297,-1.57800262952411,-0.901758932013492,42.2323073473709,21.0380248672103,-0.98398470730102,1935.64186371759,1876.50637418128,0
1.48,-1.67981745211656,-0.936496436595917,-0.0176062921518753,37.5483992664564,0.727250147252139,0.828754298549189,-1.46125390216586,-18.2363416544837,32.8305806118449,0.526397623937817,1904.92311102369,1845.66040814232,0
1.49,-1.34586688214521,-0.462220072746277,0.0207194408360798,44.5688820480581,-1.08019652817552,1.29801202649763,0.356302875025374,-42.8857008273037,-12.1806705933706,1.82330296011917,1879.27224226006,1853.33737153225,0
1.5,-0.461483744440568,0.422408431768417,-0.0732892244205428,44.5852275550013,3.52096375869771,0.146000973167535,0.443871910164616,-10.5914751042665,-43.4518164987036,2.98131085404811,1868.39018458489,1900.76928221435,0
1.51,0.614288369964447,1.46542310714722,0.0376419277425014,42.9513393298413,-1.8488018463457,0.493769891243671,-0.367366861187781,36.9743789114616,-21.9346967748789,-2.14924828432154,1878.20784153424,1976.84151781951,0
1.52,1.40558845976441,2.3507091999054,0.118512671579033,47.6544659041822,-5.72620451469907,1.13313491537215,0.84007704117673,31.9769568061014,35.7940186648238,-0.848722208489008,1908.12095965134,2060.97811603008,0
1.53,1.86174734984326,2.7923219203949,0.0682556029150581,46.9308700130107,-3.33892824714863,-1.18615099455058,1.43659592095493,-33.6813108197811,32.8515494836851,0.726842973352859,1951.73174494697,2128.92577706652,0
1.54,1.59293025804063,2.62585067749023,0.159821642334161,48,-7.77057243764114,-0.911157036669795,-1.31634441498678,-16.4434830707244,-45.7601754860209,2.63612651030417,1997.04280898144,2159.78069248304,0
1.55,0.978351336980612,1.85732901096344,0.0501015403871516,44.3583087211985,-2.45575206423178,0.976224749710137,0.0816501131309491,43.6274616163332,8.38658832431326,-1.4361864221546,2031.94699937872,2142.21767574101,0
1.56,-0.317106353554198,0.662263691425323,-0.0504009444663132,48,2.36878211498538,-0.303905089078774,-0.103626210485373,43.5435526445388,20.3364242628972,-1.08455596919214,2045.57462999438,2078.08959537443,0
1.57,-1.52884126151651,-0.64799553155899,-0.0682329751627122,44.4594796384048,3.34696585092873,1.46130390644651,-0.454535185457751,-42.1491358754174,14.5360880253464,1.31383603668587,2032.92643967219,1982.30944354524,0
1.58,-2.59535103670146,-1.72469341754913,-0.121575223928169,43.9542215776722,5.8003152719916,-0.856184343538485,2.45307478660152,11.029309745762,-42.9414901730907,-2.75897748290098,1995.2146839154,1878.99380587523,0
1.59,-3.17324170892364,-2.26406812667847,-0.122049170721856,45.8843484485051,5.84727616068694,-2.54392030008087,-1.90074418325113,39.3519523819885,24.3102430010249,-0.890665024618773,1941.40221860293,1794.92674416126,0
1.6,-2.90432482060585,-2.11173796653748,-0.160716812848694,40.0593299350063,7.7197077828161,1.41142934913415,-2.5433835239543,-14.8110297807027,38.0128557192024,0.561909920335056,1884.13963452539,1752.18371946604,0
1.61,-2.10272624399026,-1.29104602336884,-0.0551999990467212,41.0183249419348,2.61265177032547,2.10238654747883,0.0668991931206871,-41.1008130390679,0.228249518546284,1.62885179513561,1838.4542406124,1762.00869290059,0
1.62,-0.899003581384723,-0.0173368100076914,-0.0201226635426661,44.5218655930857,1.00374343410966,0.597870046069186,0.67168725530848,-29.6141401249936,-33.2596861294202,2.43665271372362,1815.11930105468,1821.68873415123,0
1.63,0.448094918977538,1.38039326667786,0.056511227057382,47.0574695718322,-2.82268255215352,-0.0407307266842559,-0.44980393851187,4.47449112085312,-46.929222330053,-3.10644643240065,1820.18472926931,1915.3185501199,0
1.64,1.66180970028304,2.53952765464783,0.024365499327511,44.3323664715528,-1.17266635512262,1.30138154760377,-1.03373653561664,35.8297988643884,-26.133491475231,-2.22741417310119,1852.16645848098,2018.23744388262,0
1.65,2.20466161879306,3.16595244407654,0.132070793405517,48,-6.41440071901404,1.97034790305948,0.997850033200937,38.2132873493297,29.7470873623225,-1.04218149586444,1901.83810483337,2103.87344708516,0
1.66,1.99898329931541,3.11498141288757,0.124004594606767,48,-5.96363939441432,2.00282208511755,0.00388146762211318,47.5212871953744,9.01622194277363,-1.50690388735143,1956.80253328686,2151.04607083058,0
1.67,1.48564916060975,2.42550086975098,0.0678389724924743,47.4501696898487,-3.26396932201857,-0.583220943063792,1.36806757368965,-23.5208179554653,41.3393664929251,0.448610891215269,2002.83100612928,2149.65715557275,0
1.68,0.291453988014885,1.30603384971619,-0.0127080533299232,48,0.543900468203344,-0.119796247344081,-0.26599958810399,-22.0842136389667,-42.6213952806309,2.674862626009,2029.25314731901,2103.17296471415,0
1.69,-0.836131805876946,0.0813753455877304,-0.0114121355949571,46.3405972041913,0.570709483715408,-0.803907875737126,-0.230171155807375,44.53684880011,12.8158401016885,-1.27829318489902,2030.89575059711,2027.23178080036,0
1.7,-1.74880899558447,-0.912648618221283,-0.0723804673821398,42.2772632186233,3.42428178565838,1.40650138187737,-1.04178966105097,-33.0618462634163,26.5707924732888,0.974641376485497,2009.11571517627,1944.82936034225,0
1.71,-2.35275291440926,-1.41917431354523,-0.141298631297598,47.1523164082625,6.73782069803075,0.455924521460634,2.31247581829492,-13.007974493045,-45.8206478567469,3.00691535993345,1972.298252892,1879.5155318457,0
1.72,-2.08535719190362,-1.32899868488312,-0.0639982501031869,38.2954395654938,3.00526938728563,-2.08630082725902,-0.0126195094497777,38.3799665760809,-1.59702887370674,-1.53406793436431,1932.08498644447,1848.59531748238,0
1.73,-1.65572445013975,-0.716044127941132,-0.00156401711918019,47.4657235341723,0.00398818402598713,-0.106369050936646,-1.65230491312681,3.00858378482264,47.37027918577,-0.0633428409466252,1900.03374813761,1858.30640025776,0
1.74,-0.646384644372467,0.204248517751694,-0.0700237454330085,43.0174054928348,3.35558034385332,0.585482678993216,-0.282712691621573,-39.4017696098487,17.5857227998009,1.22885602686621,1884.37940263868,1902.35015172961,0
1.75,0.296196995640522,1.12918078899384,0.0186820108512535,42.1388954610693,-0.885615176346676,-0.108551953260593,0.276221199764297,-18.6530901159698,37.7959396502457,0.437437512412463,1888.55294510693,1964.16108291644,0
1.76,0.809869555798989,1.7630398273468,0.0595800026986467,48,-2.8539163272004,-0.804413608391773,-0.111163036868156,-46.3408588030178,-12.8323670381355,1.78155310556636,1908.90071080882,2022.20023718075,0
1.77,1.0098550177717,1.91916847229004,0.0359443841189657,45.9630519629072,-1.76628514916636,0.132853552312135,-1.001723060185,9.40146107683861,-45.0259307354524,-2.974158526958,1936.85744556923,2056.67308208483,0
1.78,0.524235987801873,1.55500662326813,0.119141050090153,48,-5.83382104372427,0.534814005288154,0.0546986331715107,43.6162687637948,20.8723397609041,-1.24540446182635,1962.01099770823,2055.66015809696,0
1.79,-0.0689541035157399,0.801437616348267,-0.0323204250784281,44.0245938196124,1.55174339990039,0.0142812629177131,-0.0748018970239714,-24.5721864292759,36.5620079132137,0.626965862400814,1974.82612377174,2018.82899883102,0
1.8,-1.01370388311933,-0.0902853533625603,0.0362118589364664,46.6799821836941,-1.82942385419066,0.551479670966555,0.851338378019847,-25.2623924007983,-39.2960438020976,2.53107275920777,1970.28376650074,1957.61521949896,0
1.81,-1.60466658094764,-0.817051708698273,-0.0791668520881477,39.8939274130388,3.76943137478331,-1.46384876996927,0.662094408025922,35.732497748311,-18.1362251307421,-1.94626337614959,1948.58044408948,1891.80803383329,0
1.82,-2.05068136079625,-1.12122404575348,-0.0113328328195431,46.9902964943743,0.458335420957041,-0.700203998508415,-1.92746902363948,16.2318933476368,44.1001550375761,-0.342926720323567,1916.58623788734,1843.54357393757,0
1.83,-1.66129250997654,-0.879483759403229,-0.117026458592757,39.6120017718005,5.60867383436259,1.35216894113344,-0.972227931273837,-30.7608388622992,25.580044938136,1.01775001931989,1884.2308378982,1830.4846302837,0
1.84,-0.977579678275425,-0.122160091996193,-0.00755508242420222,43.2966846210505,0.290187571639529,0.124160794219253,-0.969692324310327,-5.54306091631792,42.9413737982314,0.135076706961715,1863.28828032567,1860.21941976825,0
1.85,0.0479382473318927,0.942271411418915,0.0953054002933568,45.246413656968,-4.69255610691543,-0.0110482944317574,0.106109048023625,-43.9724428373984,11.6482746596111,1.20850291792102,1861.87002940445,1927.56844128429,0
1.86,1.03541291704919,2.01246881484985,-0.0150687183407811,48,0.735566165494315,-0.722813149878934,-0.741517447823603,-34.5206752037841,-33.3596169201426,2.35441475622871,1883.00997834578,2015.6457526063,0
1.87,1.81284054103222,2.76443552970886,0.0829943365463272,48,-4.01009022760461,0.934486838783908,-1.55563917257455,29.9126872433785,-37.7533040343934,-2.55490237761159,1922.89840190994,2100.42374466526,0
1.88,1.88328168844483,2.95445275306702,0.130106080099103,48,-6.26359126569017,1.49776480352322,1.14907706592613,31.8331055679153,36.467601586142,-0.847406014892507,1972.03881458889,2157.51854762983,0
1.89,1.59192978552057,2.4876024723053,0.0987544522219139,45.3282812291168,-4.78992809322782,-1.45816944550961,0.646324030222783,-44.1638393674553,11.2761599248059,1.21553038622596,2017.61513605826,2169.24849468151,0
1.9,0.443418296699876,1.46074032783508,-0.046031798277584,48,2.23443008494429,0.221571534499571,-0.386839459466577,17.3853829908024,-44.7966643408594,-2.72487368358559,2046.52194527268,2129.91649962374,0
1.91,-0.923849748571831,0.125599011778831,0.0382272783572531,48,-1.92326892693297,-0.199726599020857,-0.902811701513887,10.4378831425238,46.8908259563459,-0.259075298847466,2050.22894344557,2047.76130654993,0
1.92,-2.01188601386594,-1.16823756694794,-0.120225127525385,42.738537549387,5.85088837603424,1.76771831629347,0.968148422670029,-39.3050595638126,-17.7743573536238,2.13154498843014,2026.35574183205,1942.97161083882,0
1.93,-2.94703909375156,-2.07939624786377,-0.147978716151029,43.9424158614437,7.01950393460718,-2.5846191668392,1.4236154266308,36.4307335931477,-25.5540798522099,-2.02408512979127,1979.66136513998,1842.2875534652,0
1.94,-3.13287108214399,-2.34464168548584,-0.132712748022323,39.9760540474738,6.40951755055124,-2.18226851269628,2.25171002336359,24.6015423109001,-32.1547963508147,-2.32951835928852,1922.02736715067,1771.69904487262,0
1.95,-2.80212724888012,-1.90070760250092,-0.150455977041449,45.6398535688204,7.17271456469246,-2.46193131964748,-1.34664334449876,42.5838562810496,17.918126359774,-1.0166276660186,1866.50373924204,1749.30414247177,0
1.96,-1.65980778102819,-0.852584183216095,-0.0851400451024064,40.934222920771,4.03397030135136,-0.177606682945859,-1.65247286314019,6.31137249977187,40.6454191722595,-0.0558181136382595,1827.77939804024,1780.35203499816,0
1.97,-0.317401925785836,0.522402107715607,0.0264349528756709,42.5673530537097,-1.37434391153583,0.227518703900922,-0.222885685052541,-28.8702961902588,31.3109304408711,0.712590504954612,1815.12233780384,1855.87418359369,0
1.98,1.06577063485879,1.85740458965302,0.0997736281378391,40.1628539739309,-4.8609817514776,-1.05485866673216,0.181920356802505,-40.4185367064959,-1.7395037870449,1.49336112670668,1831.03864499155,1955.28254365278,0
1.99,1.79857512702531,2.81047391891479,0.115133108159872,48,-5.52514837875455,-1.19134872357716,-1.35233736137835,-24.9931479517305,-41.3505721855231,2.48332598454895,1870.66727029136,2052.1811421958,0
2,2.22628521435926,3.15501093864441,0.148071456982276,47.0249304565708,-7.30252579130289,1.27711508847891,-1.82954859537182,35.1135026871317,-32.1202879255269,-2.4657643566187,1922.92854850935,2121.72342781292,0
2.01,1.82146747223075,2.81554913520813,0.116281367035458,48,-5.58259874161563,1.31944866159724,1.2610790372231,28.410054284792,39.0900783351103,-0.744260692578429,1974.05399102666,2147.41602657206,0
2.02,0.992363769112506,1.92481088638306,0.0236134577597714,47.2183341077568,-1.16859378247484,-0.952717577498755,0.278698157797025,-45.9229407547845,11.0462753800883,1.30999773269285,2011.719492001,2125.44328150729,0
2.03,-0.328467086428964,0.750108003616333,0.0119879183051542,48,-0.596490775005919,0.328646272124276,-0.0050955736909766,-47.9661528104179,1.89841665930005,1.51881246583859,2026.97229728862,2065.31417448226,0
2.04,-1.21692457601154,-0.365474909543991,-0.0380412885402611,43.1762005578104,1.81707809966999,-0.705982213336868,0.991938343742511,24.6759522374118,-35.4765196800016,-2.49179423641519,2017.96407465294,1986.701675123,0
2.05,-1.95338485271326,-1.1242663860321,-0.119872812414375,42.0636779927229,5.70701481028018,-0.801281565962996,-1.78550545392996,20.1793289094498,37.3459195774382,-0.360540862612807,1989.55004910757,1913.44359751863,0
2.06,-2.17105855981659,-1.32791841030121,0.0385835769290828,42.7689390637607,-2.06694271190562,2.17038608580874,-0.066394285065455,-42.8188555899351,0.00260427739576752,1.52244495169172,1952.20776862767,1866.48499967926,0
2.07,-1.85437314053322,-0.96775084733963,-0.145945073382322,44.9471635217673,7.0277835735026,0.164053055202139,1.85285895411779,-7.46652676484125,-44.8763660369062,3.13182372769001,1916.8801081234,1857.83091420725,0
2.08,-1.00102695750689,-0.180205270648003,0.0272473963324958,41.6612053277311,-1.44119632317493,-0.98868075968504,0.159084083713646,41.2044127254466,-6.31897524543012,-1.75754699867284,1894.62674712302,1887.26309214981,0
2.09,-0.200337429617102,0.755669593811035,0.092841102875158,48,-4.58977153510007,-0.00618154645065049,-0.220717793963562,17.2850956731619,45.0143473829629,-0.461960033749066,1890.62482747054,1942.74976255439,0
2.1,0.625937390014886,1.53413832187653,0.0526410481972362,46.0380143583458,-2.6685667874859,-0.445652475694906,0.442676594232124,-36.9820903090266,27.5489566251343,0.872650235874615,1904.72479887254,2004.38564932056,0
2.11,0.963400096851855,1.90517866611481,0.102425761467385,47.7207429865408,-4.9885254454449,-0.752015870488642,-0.610821507283059,-30.1160911475725,-37.3520515005326,2.35887863349224,1930.48129939724,2050.66047560761,0
2.12,0.722497792159732,1.75423192977905,0.0152652761577855,48,-0.812635328031933,0.558913456500542,-0.45809588131141,38.2599922907207,-28.9971268592313,-2.23626056484065,1958.05666971414,2065.17176209739,0
2.13,0.195382300470788,1.13131189346313,0.0615295277602327,47.4358793268509,-3.01376704169788,0.0838461390535397,-0.186895561984411,33.7723808700167,-33.4465503402625,-2.4147954387645,1976.79528187156,2041.77112439567,0
2.14,-0.665030999954455,0.236260131001472,-0.0635800819308497,45.7078400427731,3.01208842657009,-0.357982135977485,-0.564054472581996,23.3938074376472,39.3828527615191,-0.470199847343281,1979.16294748011,1986.59905696768,0
2.15,-1.46084706117078,-0.629225015640259,-0.0668532848275806,42.2284480082333,3.27755744753378,1.43515902923617,-0.280823892547311,-41.2882116994786,9.44816271372294,1.42329489234162,1963.09668117145,1916.38461959426,0
2.16,-2.00183820656327,-1.17896974086761,-0.111474247063778,41.7949069640059,5.29196550992483,0.115891701338153,2.00158732674241,-5.38418706843134,-41.7831266984686,3.13938581724685,1931.92044537653,1853.49340816921,0
2.17,-1.97429147843328,-1.2009049654007,0.0198278208429287,39.3250648066546,-1.13982958821815,-1.96440133148967,0.198361773371913,39.2103429984549,-3.21075310188739,-1.68147609991407,1895.72364844783,1819.1750525112,0
2.18,-1.60121351034769,-0.657278597354889,-0.0173660667494369,47.856663626971,0.797628246438261,-0.741166664572762,-1.41945703045932,22.4001426129022,42.2981095942385,-0.470363478716264,1865.36525134711,1827.00584960372,0
2.19,-0.509079896966498,0.332582086324692,-0.0357074938185825,42.7470446839299,1.64092681767477,0.246378780372707,-0.446917065228306,-21.8282019638461,36.7903801156826,0.573855970680075,1851.73193851826,1878.48198175759,0
2.2,0.641047674464584,1.49849200248718,0.0407105880196149,43.540114004984,-2.00357318124478,-0.641999654571827,0.0208786120948747,-43.4573906521796,-3.34828773606101,1.60170773014718,1861.22686179143,1962.10361758229,0
2.21,1.61583697178691,2.50613141059875,0.132949987593262,45.1864385252589,-6.43715021810074,-0.689401461630099,-1.4674230621388,-9.76452165537948,-44.5859310362475,2.78448659240211,1893.3397024749,2056.27765430728,0
2.22,2.07341986314266,3.0526168346405,0.0473292621488696,48,-2.28709010702686,-1.67328397901284,-1.22532881852548,-36.6764330146341,-31.049477330234,2.22568893905147,1941.60483403745,2135.25111754004,0
2.23,1.98857220772259,2.95099353790283,0.118795834150108,48,-5.69801759095908,1.5382862448046,-1.26578327709883,42.169410010939,-23.6264314655471,-2.19964910852871,1993.35114328814,2176.39351310744,0
2.24,1.21701931204402,2.1998987197876,0.00777052145713941,48,-0.34742652193318,-0.00484083100593508,1.21703449139578,-0.844791014342969,47.993822866388,0.0103623343055077,2035.51381112708,2166.73628412938,0
2.25,-0.0493496804047302,0.969635546207428,-0.0414541414361833,48,1.94974650994079,0.0633393071176957,0.0119150733153569,-31.9209568450587,-35.9006131639687,2.45540301151279,2055.86212076446,2106.87255668378,0
2.26,-1.3687015685347,-0.42049366235733,-0.00211148636720626,48,0.0444483986893257,-1.33095937960797,-0.319210858082209,46.6694435192525,11.2234137972119,-1.33386452078034,2048.52755007255,2011.0665133799,0
2.27,-2.49218479219962,-1.61506843566895,-0.120655514480783,44.5499783228442,5.75938283438334,2.03868378794892,-1.43851006405933,-34.5110278117035,28.7551737706226,1.00469279011572,2014.25532570171,1903.50471088201,0
2.28,-3.244229445033,-2.28864169120789,-0.158210651592024,48,7.55291198320009,0.558781675666819,3.19965909765951,-13.439434470027,-46.6950541337283,3.01742655476093,1961.22555758135,1811.72888903824,0
2.29,-2.97222039133217,-2.26242733001709,-0.148628618734391,36.1922711133931,7.13540769105741,-2.94172504705623,0.449931404193652,35.279685251416,-10.7767499657349,-1.6726039942277,1902.262860719,1759.10110207627,0
2.3,-2.33546439271759,-1.54388034343719,-0.102708715396784,40.2860416515406,5.00010617308542,-1.18590697331101,-2.01458870753375,23.3079617885196,33.2371047318611,-0.48808969869343,1852.24665373374,1758.43241427724,0
2.31,-1.23275376407987,-0.332207590341568,-0.0507701310692718,45.7382982192044,2.44817914796987,0.432453755495531,-1.15552723828549,-15.5250548864484,43.0924375720635,0.39927228112542,1822.84186283925,1808.57451278744,0
2.32,0.144982225690139,1.05118548870087,-0.016589326311932,46.025158760131,0.736259621582062,0.100166718953413,0.106121062601438,35.6667894069395,29.0987534187749,-0.870469609579912,1821.29500878261,1894.92512976862,0
2.33,1.35733043255171,2.24094247817993,0.0388402936719327,44.8995030332308,-1.88497820687319,0.0486215560410621,1.35701525998483,-1.56133884351755,44.9119219861187,-0.00720705550371081,1846.83744517871,1993.67827547164,0
2.34,2.02839405902082,2.93445515632629,0.140122079122435,46.0257490689281,-6.78840470669509,-1.76393962516219,1.01120406175569,-44.374748769208,13.9761828654139,1.11923799133428,1891.35730572823,2078.58240155975,0
2.35,1.94548660106812,2.97785782814026,0.0965106555436168,48,-4.76507250896418,-1.07566208675113,-1.6239407306596,-20.3932634428085,-43.7129354101037,2.60613206261641,1942.7887000164,2128.2616715602,0
2.36,1.49181520743633,2.38863015174866,0.0848843627038038,45.5707001369225,-4.09036641282073,1.4198949787126,-0.465420473976667,45.091318972458,-7.75839942800636,-1.83070645946601,1987.47364097144,2132.01069585275,0
2.37,0.345196419685694,1.36858093738556,0.00142750210667071,48,-0.154535715139898,-0.0955717060975856,0.331705675139396,-13.6281917050209,46.0249527119632,0.284659559737291,2014.61019053723,2092.43107111395,0
2.38,-0.783355798297235,0.228640824556351,0.0402705008728222,48,-2.01171906205628,0.426588008250485,0.658248198769529,-26.5084208105385,-40.0668271730624,2.5152160390879,2018.68851424782,2024.20380147767,0
2.39,-1.52084462905558,-0.704959332942963,-0.0649864160292383,41.5357090236337,3.06918179918939,-1.51921740907354,0.0957605553628259,41.4650659048962,-3.90938748591882,-1.5910413664326,2000.82981372657,1949.41493069829,0
2.4,-2.12088373606929,-1.17901647090912,-0.116232187263532,47.8389070145353,5.56512344722127,0.715024851738065,-2.000099298704,-13.4149666505577,46.2554893292957,0.398084816724555,1968.9623728268,1890.84579940882,0
2.41,-1.92079642245224,-1.0869175195694,-0.0656661533237759,42.4435718706601,3.09041687970043,0.112613839896816,-1.91861644506174,-0.856065702556077,42.5473221383336,0.0928017033181865,1933.91073816877,1865.21617205779,0
2.42,-1.39788621948041,-0.49269688129425,0.0382135908741023,46.0131987229114,-1.9630521147544,1.39655237956762,0.0720250808035928,-45.95223088253,-3.07579375739595,1.59499427488458,1906.75286965589,1878.36223174688,0
2.43,-0.471422364965502,0.38257896900177,-0.120464192914963,43.4577751722112,5.89437660342778,0.20673739549819,0.440466022829168,-13.9398685903705,-41.5812693666835,2.95293542593449,1895.47696314019,1923.7465381416,0
2.44,0.364932120632961,1.24617910385132,0.0378170433397764,44.8239610587635,-1.82861276144323,0.31861747279271,-0.181902411935134,41.7482565505417,-16.419938630184,-1.98629359891038,1902.7294732576,1984.70651113631,0
2.45,0.813018305942121,1.80673241615295,0.0634533781270053,48,-3.18325967651502,0.466245984372687,0.66905887562237,21.5505636298561,43.0082125808973,-0.530732335295646,1924.80278870075,2039.7427516538,0
2.46,0.981861464171971,1.88290250301361,0.0397112531005221,45.8211794222348,-1.92070236633102,-0.864003011257134,0.468110793495883,-41.9832224060449,18.4574813457642,1.1146987266949,1952.83208939017,2069.25233584399,0
2.47,0.369136908809248,1.44162392616272,0.0493094962148961,48,-2.45218192074136,-0.116741210782802,-0.35364526515589,-6.4691419035774,-47.6252390986522,2.95554188227465,1976.41823012354,2061.68730610559,0
2.48,-0.256886719009237,0.617010056972504,-0.0511171519243071,44.471557289594,2.53763126054691,-0.261895991876257,-0.00377346834295091,44.017911105147,6.82513605106335,-1.35996759242369,1986.18678817998,2017.28905257794,0
2.49,-1.33936105433584,-0.328827232122421,-0.0949609609285226,48,4.50722547290993,0.690772686280986,-1.15140727540703,-23.8517272614061,41.8976155420705,0.611155476011411,1976.90788311481,1948.26503315504,0
2.5,-1.95215704709031,-1.08408331871033,-0.0580936834216227,44.1884075075919,2.75484090204355,0.715504567665224,-1.81723560008274,-14.8724742589476,41.7014869743217,0.404841574000793,1950.09229089942,1875.32566654721,0
2.51,-2.33437580056081,-1.3958261013031,-0.13209231346699,47.7164137575946,6.28591216755159,2.17881650554205,0.848243710674296,-46.0242774480637,-14.0760334983898,1.99858223634854,1912.35219710585,1821.57824685224,0
2.52,-1.86378864417297,-1.12033843994141,-0.131994365278405,37.9655885845916,6.39175681261679,-0.182387914259371,1.85953361662152,0.0646733272919118,-38.499821935781,-2.97312035112825,1875.07016483837,1805.56490758079,0
2.53,-1.04282835182361,-0.300139844417572,-0.000713502671177701,37.9316081673951,-0.00861492755600472,-0.987644575226709,0.334738216339972,35.9354391754556,-12.1429478978091,-1.89688741880134,1850.13271597085,1835.50048251421,0
2.54,-0.0790883139580401,0.859031319618225,0.0398806385029527,47.7071901921885,-1.92956730384514,-0.0396441034813082,-0.0792071448247698,37.1225955118562,30.0268567864976,-0.931102309475023,1846.043642513,1906.43294970339,0
2.55,1.09930446624703,2.0378041267395,-0.00676826919459284,47.7300395679944,0.330678036368332,-0.11225062690419,1.09357940531914,-4.2520805143958,47.541411805132,0.096130138331849,1866.96550418503,2001.20902063732,0
2.56,1.9431917048529,2.90031290054321,0.136686676634313,48,-6.67112902284746,-1.87055106600058,0.543797718699268,-48.3266015991679,3.61158418353822,1.35810492115986,1908.75885875614,2095.02356876849,0
2.57,2.08633065126791,3.18716979026794,0.163848316212457,48,-7.970720845269,-0.504846672987114,-2.03094847150771,-0.0345597579255079,-48.657283076805,2.97632726235511,1962.06822166004,2162.28476456416,0
2.58,1.78213428461056,2.79050183296204,0.128194732042616,48,-6.24689738314428,1.75056050706422,0.357735109843764,44.5307147469153,18.9746981805877,-1.29740759452756,2013.19410379849,2183.84205202522,0
2.59,0.790400374473619,1.79019951820374,0.0480692791328064,48,-2.44386163158196,-0.656200704850915,0.443220083612586,-42.5767085404568,22.2979001149282,1.03749031187583,2048.82794840707,2152.50197935004,0
2.6,-0.634231596752006,0.43117094039917,0.0371980717888285,48,-1.84503690406511,0.635292748267701,-0.00604473836301004,-48.0142929954107,1.42542250866801,1.50269822687029,2059.18829988235,2075.23488333649,0
2.61,-1.83158839790855,-0.930134773254395,-0.0358058763803563,45.8998212732922,1.65325242229236,-1.33822811451683,1.25105700655617,33.0307952667612,-31.9138433996485,-2.30299451512943,2040.89761946465,1971.41688494186,0
2.62,-2.84334989482759,-1.9464772939682,-0.119705274483693,45.6748370129028,5.62783355818695,-0.272395481211997,-2.83280226612634,8.07525145552522,45.3062198891491,-0.0537876322440513,1998.00975898226,1867.58529205045,0
2.63,-3.11875134371772,-2.33959197998047,-0.144256737700706,39.7934013201422,7.00816747547928,3.05568832026318,0.640459865815421,-40.2813728851024,-3.16862722351492,1.82362319658817,1941.66111326456,1790.18400960447,0
2.64,-2.7590518363425,-2.02387475967407,-0.18796470547142,37.5984974627907,9.05638208859296,-0.186123101844647,2.75917668102055,-3.89914194011051,-38.4767690967542,-3.00621720793944,1884.68020878542,1758.35050685688,0
2.65,-1.82000219768002,-1.08238554000854,-0.141009865501501,37.7246469947112,6.88170725814595,-1.6586922645058,0.762254388900094,33.0107506994227,-19.5140263380717,-1.92424138643825,1842.29501714285,1778.78139528336,0
2.66,-0.625125983667151,0.214889392256737,0.0541800020003866,42.8486840999913,-2.71546979145343,-0.5222472651231,-0.347815701405252,36.2764933710116,22.9651809048414,-1.06971118877743,1823.96110622845,1844.11441829119,0
2.67,0.619754607764128,1.52108108997345,0.0627896287546053,45.9182121043947,-3.01321702509649,0.213289306289344,0.5852742802709,8.37290798972525,45.2488242001945,-0.248499286179452,1833.1331840107,1935.25444353008,0
2.68,1.54447740377736,2.49763822555542,0.0495441587642911,48,-2.45317825302202,-0.99379379118836,1.18331693769758,-33.8593441996878,34.1110377137397,0.730631740553221,1865.9386696793,2026.94224607618,0
2.69,1.92783761041702,2.89766955375671,0.1153284274914,48,-5.61849679806907,-1.79541080396592,-0.711588745925988,-41.1088865055243,-25.4091903953242,2.00789292743938,1912.43260637789,2094.94351474023,0
2.7,1.66768424338624,2.6569230556488,0.0972975289251562,48,-4.63694553393262,-1.66952989205938,0.0575107319886801,-47.8758076146508,-5.77999213923396,1.59463951480279,1959.57252568479,2122.78675598418,0
2.71,0.976509831363719,1.87441968917847,-0.0160234828966289,45.7621843910268,0.871102964181643,0.388922989617529,-0.895861100227653,16.727851153498,-42.604170410876,-2.74841911891311,1995.41313475353,2106.13012575099,0
2.72,-0.187296662509037,0.813001811504364,-0.0521445449640898,48,2.47097541819746,-0.150850740935495,-0.122650508827923,29.773143209772,37.731494310824,-0.6166131965406,2011.10010722857,2053.54190252258,0
2.73,-1.10455940319615,-0.20651376247406,-0.0304347177136567,45.7766005393229,1.47381608357016,1.10359058044297,-0.055367661941772,-45.7316511000424,2.50706570494621,1.54821463180767,2004.80627312507,1983.53025510189,0
2.74,-1.74696097973244,-0.897054076194763,-0.063482829788393,43.3736298243132,2.9185363002464,-0.712363579007401,1.59638368373315,16.4814030584406,-40.2262721551182,-2.68555040410635,1980.68506141126,1918.74835741791,0
2.75,-1.96404205550838,-1.06727886199951,-0.0970436112593752,45.7205513458719,4.74950187027093,-1.53754621277299,-1.22589979275602,37.4390136557961,26.6692114594214,-0.848328251837926,1948.74388220204,1879.1136526304,0
2.76,-1.59434881440483,-0.705804586410522,-0.0451211097691847,45.3136130855707,2.01132425818927,1.06134694620433,-1.19059930972751,-29.6347855726773,34.3387309055216,0.756358317130844,1918.99919290212,1875.87999251216,0
2.77,-0.761923961315645,0.0507489070296288,-0.0252133335073657,41.5240664728569,1.22462945577535,0.637041611182398,0.418738367761556,-34.6319202574496,-22.9429272985781,2.18537781344959,1902.0276971079,1908.40345248385,0
2.78,-0.0637247473094329,0.930221855640411,-0.0506253036547713,48,2.50239629788727,0.0210190037059703,0.0786254810668735,16.8435372896435,-45.0172993281924,-2.73147516138221,1902.36833198675,1964.5363741718,0
2.79,0.773804159501325,1.63903021812439,0.0063986116045513,44.1593652052633,-0.307651596881914,-0.160153541060385,-0.757076391639468,-8.48025479268454,-43.3385447781537,2.94139278214837,1919.28452376868,2024.50721941069,0
2.8,0.926157372116165,1.93438279628754,0.0918493442582775,48,-4.43389965133026,0.896606024086803,-0.249602519091958,48.0480512225758,-3.87869047886025,-1.74345841364876,1946.27574918205,2067.11224761072,0
2.81,0.834488278722262,1.70617830753326,0.0268311266476056,44.4899299844979,-1.34396960144812,-0.0232587423654585,0.834595487398297,-4.00946922529322,44.3292711517634,0.0600027880809215,1973.43602617056,2076.36113225925,0
2.82,0.0184226549557815,1.01143896579742,0.0553534593306461,48,-2.68800861981024,-0.0410649561477547,0.0414375319254447,-41.8267827921658,-23.7011736333279,2.03039145986477,1990.32064036623,2046.58265016323,0
2.83,-0.752500254395158,0.0583760291337967,-0.0489851682586963,41.4568498658928,2.34872140465734,-0.569420769852987,0.49438463409995,31.5824029570064,-26.9580918557145,-2.22077070574997,1989.46214155137,1984.44833344374,0
2.84,-1.80160134139062,-0.853846073150635,-0.111329452624042,48,5.33885330834633,-0.583605678822276,-1.7080884204187,17.8372932944615,44.8813360159365,-0.267520081202071,1968.99051629067,1907.27932776994,0
2.85,-2.16334031685417,-1.42663562297821,-0.0410927474139077,37.756423269539,1.83996461861378,2.14964052284465,-0.246527002498504,-37.4106055100828,5.42029180720901,1.47560503670356,1933.26954399731,1838.09914750167,0
2.86,-2.31277947643633,-1.45321953296661,-0.058502262565713,43.9034147556631,2.79627860698593,0.545707142363897,2.24823822939729,-12.0068367441909,-42.322155812931,2.92876103030792,1891.93199709426,1798.86118291275,0
2.87,-1.71706347176965,-0.884190917015076,-0.0947840475652983,42.5731730587251,4.48686788611631,-1.34466610967076,1.07199068804789,32.1020068196115,-28.3208087078959,-2.18869273381149,1856.74376863441,1803.83122943201,0
2.88,-0.656052920416117,0.161750704050064,-0.047650148122314,41.8238085447537,2.29110981420547,0.126675225548595,0.645468324733915,-7.33449564793962,-41.2393661318808,3.02030661175876,1839.4235658158,1855.07916530434,0
2.89,0.587475129819795,1.40662741661072,0.0155539332263439,41.8951970865621,-0.682944581721719,0.413181474483889,-0.417911500366901,30.7062643880867,-28.5096348547732,-2.33541604350757,1846.45705649291,1941.43566368176,0
2.9,1.51669641561651,2.512855052948,0.199816762250427,48,-9.79409573946642,1.50635372234291,0.266820574176488,42.8125851819965,23.8119058747537,-1.26449425823643,1878.00261897725,2041.2718263229,0
2.91,2.21313349142142,3.16379070281982,0.120274020554446,48,-5.89873123267825,-0.121987715948187,2.21303969418292,-11.1022544229491,47.0694696898476,0.109358688731786,1927.57725977533,2128.35108915284,0
2.92,2.19003222784573,3.15953540802002,0.130684447197328,48,-6.25687734231134,-2.12812313840303,-0.533302439086733,-43.902847360786,-20.3884405409599,1.8759390177181,1982.82212693373,2179.10572892738,0
2.93,1.56752275120984,2.48378372192383,0.105297458508404,46.7650251869312,-5.16786981681171,1.14696006717479,-1.07363761793038,39.4771793550644,-25.5973977065229,-2.25611357131944,2030.14862692659,2179.26603673181,0
2.94,0.285026535777243,1.29159772396088,-0.0122834097837428,48,0.518001084318406,-0.0611816643112376,0.278653570235872,-7.75536648431389,47.3721713225955,0.173063223499093,2057.04044286686,2127.94314521868,0
2.95,-1.06935056481124,-0.109113126993179,0.0103039495972891,48,-0.538261302021058,0.447145671778628,0.971430671766676,-20.0025537331163,-43.6369977127557,2.70057420927421,2056.43781751454,2037.98795932228,0
2.96,-2.19217484948787,-1.35593640804291,-0.0145699517774831,42.7752861870876,0.518537321959342,-2.01874767647505,-0.854693320992136,39.4840060864332,16.4622979169987,-1.16365409570509,2028.10267542241,1932.51095697712,0
2.97,-2.96541031764556,-2.13049817085266,-0.136687349362126,42.7131153579468,6.44294043238625,2.36303250307695,-1.79678022386608,-31.4954045030138,29.5628347792982,0.966752368835012,1979.17716737682,1838.54428241799,0
2.98,-2.98273161426032,-2.22570896148682,-0.134873256597062,38.8228562116157,6.51167115910272,1.71876784741338,-2.44145771307861,-18.6098059255779,34.6884872706263,0.658587704185035,1922.30010721539,1779.642102296,0
2.99,-2.52443138291599,-1.6479424238205,-0.0736555202583318,44.8003562650786,3.44005245448563,2.33806838674894,0.954785400810502,-42.3566331797853,-14.9940490875776,1.98766188258379,1871.12425306695,1769.5129838249,0
3,-1.4199119338967,-0.558899283409119,-0.0860234152605023,44.0306387416229,4.08708612921903,0.281093996948695,1.39446623941735,-10.1225364773356,-43.0457393511596,3.00318972208406,1838.32700002274,1808.4741530129,0
3.01,-5.18210529208951,-4.59999990463257,-0.168122517457481,30.0894091324944,7.92724827514393,-2.09032852948028,4.74478735856721,5.87039850727809,-30.5573596458227,-2.69419135912678,1741.95428620215,746.27332266214,0
3.02,-5.16391085467831,-4.59999990463257,-0.178608814854706,29.1836182690776,8.45379768548057,-1.19340568748132,5.02729144658389,-0.434868798747524,-30.3802758333454,-2.87394720479452,1637.17232288521,760.279447788577,0
3.03,-5.26388523939717,-4.59999990463257,-0.122800960637592,34.1860857085894,5.82448447245562,3.39716180652433,4.0227925064275,-25.9780089109291,-22.9729434001954,2.46363757555731,1533.40528151505,781.321993735939,0
3.04,-5.05195957399691,-4.59999990463257,-0.144142827862697,23.5933615438436,6.808159400981,3.35611799598566,-3.77882848104336,-11.2045374372299,21.8507685033135,0.754746576832153,1429.01536110702,805.66240822549,0
3.05,-5.05707451043883,-4.59999990463257,-0.120787715336452,23.8524702967277,5.70835073301942,-4.9881522323628,0.840791046027718,22.7945172945279,-9.05182791799046,-1.71390392142941,1325.79661643375,827.425340854014,0
3.06,-4.96062828316889,-4.59999990463257,-0.165468758760113,19.0332205288562,7.96052806119472,4.79725923765315,-1.27338787517874,-16.7640482391157,12.0249813866692,1.3446829023143,1222.82289042343,840.084272195718,0
3.07,-4.96095521244628,-4.54848432540894,-0.196013776749932,21.628232329777,9.48176743812438,-2.24942279690353,4.42601345471796,2.27617233062087,-23.505390594134,-2.63189378587505,1120.37276973702,838.283506255385,0
3.08,-3.79768698249453,-3.40480065345764,-0.0846397492412438,20.6517645580221,4.05584839309745,-3.30433353856517,-1.87375830086845,19.8117647904174,7.1020603656224,-1.03266547555541,1033.98812383727,819.499058183542,0
3.09,-3.18761356415302,-2.82006812095642,-0.103411638703621,19.3874437085916,5.07222148628272,-0.102215675756457,-3.18765213864708,5.06494718508099,19.3893453827625,0.0003751884200243,964.55037886821,785.065652588366,0
3.1,-2.84062102359994,-2.54684329032898,-0.0734622225052255,15.7016897659766,3.54453978687899,-2.83627807003782,-0.173352840403456,15.9500723482022,-2.1684132205046,-1.48389686978337,903.2408584167,740.2518911104,0
3.11,-2.70681347519447,-2.39385843276978,-0.0502743703604562,16.6630019010308,2.38819930352841,-2.65501722086294,-0.529386681671123,16.7884088507512,1.22819238197863,-1.35541522851131,846.610559705591,693.310946832994,0
3.12,-2.53553322826397,-2.19842028617859,0.0110272712652979,17.8731643950154,-0.612956315293256,-2.53191961471256,0.13576972039483,17.8786751503868,-0.422724263136736,-1.62871731939643,794.108697606855,653.705295954915,0
3.13,-2.16771944458389,-1.84639275074005,0.0174264841099746,17.086130462426,-0.930831980886713,-1.6702625052199,1.38185905085579,13.6758364389239,-10.2846390336019,-2.27002036359236,747.021342023975,629.928693223063,0
3.14,-1.52925588317861,-1.31096434593201,-0.0159004723497098,11.936574462027,0.718565412747828,0.140811056262799,1.52284228588895,-1.69156430243826,-11.8379371661886,3.05978603571702,709.135003108881,627.466167579436,0
3.15,-0.935035448529897,-0.630028903484344,-0.0393709910876669,16.2745659535939,1.97045505245656,0.903304646100474,0.244708155319817,-16.1102201255119,-3.03397389560004,1.87743139528841,684.808847521407,647.410556798099,0
3.16,-0.131410673625565,0.128041684627533,-0.050277631998145,13.9992067387433,2.50890666910415,0.0284612151405995,-0.137791743783095,-5.43039812646808,13.1447015248124,0.569104301060542,675.35238816646,686.096196280079,0
3.17,0.551512483898013,0.831156134605408,0.0288901668544466,15.0112342523729,-1.46461222285333,0.397478535429639,0.383420755188009,9.17332508142154,11.972148917112,-0.751062571453676,681.198552037712,735.856987449403,0
3.18,1.00974193418439,1.36081480979919,0.0122825233247218,18.5852485542722,-0.566157766233019,0.921706845429963,-0.412536210673923,17.2797070140263,-6.86612874549782,-1.97947132466347,699.577549434958,786.732824222569,0
3.19,1.29373885651856,1.63163733482361,-0.0718500834138192,17.9292425433012,3.60945142775192,0.203052254957599,-1.27972358152421,-1.76731203524526,-18.2033646877686,-3.03971537630836,726.318622945296,828.709024513245,0
3.2,1.19562096238353,1.61301410198212,0.124747844544653,21.9067548285661,-6.18379705823652,-0.908622155397002,-0.787068795678728,-10.468528743567,-20.2127474411934,2.38859434488825,754.741350715169,853.940387556602,0
3.21,0.880448819397009,1.3148432970047,0.0273900751613799,22.7596046619615,-1.3099484701475,-0.873288318911424,-0.115359663001383,-22.2481507882191,-4.97346517710623,1.73323312244562,779.557533627586,858.419263368192,0
3.22,0.511877403644796,0.823566734790802,0.076303969832995,16.6270950999448,-3.79656858936795,-0.45725225462387,0.242406987968167,-16.9423795754968,1.95703828173379,1.23130692914106,796.021659957857,842.693052752733,0
3.23,-0.129361417605473,0.256206214427948,0.0596777684394848,20.3237571326003,-3.0143410924769,0.134783717254331,-0.0461428431494939,-16.7834965303582,11.8513965599911,0.808722745492264,800.99599755357,811.482049430169,0
3.24,-0.651652687581492,-0.267423093318939,0.0325650111578915,20.2595092726538,-1.69566338545977,0.271928280939538,-0.593099245665649,-9.08860232466944,18.185716869828,0.379957824438407,794.496376790406,772.328771735018,0
3.25,-0.992203750283716,-0.649798214435577,-0.0706096772901112,18.1708733969848,3.46510024049701,-0.200221082786855,-0.974353902138101,5.81997049457971,17.558915203627,-0.131625150037163,778.819787583843,733.651506195898,0
3.26,-1.16883563472147,-0.824823617935181,-0.0366784313607436,18.2536255344043,1.82564198842938,-0.84894273618163,-0.804250134601342,14.1476086543625,11.6778843624683,-0.781055671014972,757.909393643547,702.715090763287,0
3.27,-1.09695324128908,-0.78416633605957,-0.0807101960433985,16.6948421676719,3.99995950732251,-1.09494688221337,0.104459917916845,16.6042518979451,-4.36076254493192,-1.59246592046166,735.403959845961,684.03572140697,0
3.28,-0.929039745123982,-0.580898463726044,-0.0337077622244104,18.4649421320255,1.61677598301455,-0.48355514075095,0.793993379763043,8.82053077687886,-16.3023399956091,-2.55830321195514,715.923726920134,678.60500083759,0
3.29,-0.582733465375723,-0.283338248729706,-0.00932171226544458,16.0299922255202,0.477257901893341,0.290420411839173,0.505293152907819,-8.18216233708749,-13.7927751139757,2.63593672053903,702.350277711666,684.088698734196,0
3.3,-0.276088915652451,0.0245896466076374,-0.0513337771050139,16.0966095184209,2.54516071250594,0.269454941175424,-0.0790840103571041,-15.7552641313416,4.16537311565998,1.4691497377201,694.784176789487,695.890615584255,0
3.31,-0.020400754168071,0.261914491653442,0.030050905547238,15.1808995357587,-1.51291692192341,0.034398973022182,-0.0116601179176834,-5.50154379618284,14.229604498584,0.269593446183823,693.062849457403,708.743099447703,0
3.32,0.0972987725376724,0.393452733755112,-0.0047470255874402,15.8752990931218,0.250935569090752,0.0750011327676975,0.0621644228866298,12.8523497581435,9.32229562126497,-0.927461375013456,695.080308393917,718.354168334302,0
3.33,0.0216503885776314,0.415500164031982,0.0142035297639239,20.7625614321973,-0.747179494676338,0.0114531889391711,-0.0232229207129671,18.2720102998285,-9.88816838580294,-2.10280230277971,698.573521223531,722.640976515702,0
3.34,0.0855099080805712,0.365148067474365,0.0522171490758577,15.0544044544339,-2.58102479081568,-0.0426210673501052,0.0906753530762129,-13.9874425144433,6.13581570401422,0.987611934048515,701.64143394587,722.208773403139,0
3.35,0.0167386166186152,0.301487416028976,0.0283363398858295,15.3124396053437,-1.43223245542717,0.0304634720386002,0.0124541686106964,0.802592172168587,15.3583183414999,-0.145472900247904,703.275729691259,719.956579035645,0
3.36,-0.0795706678181873,0.281297743320465,0.0256621394968307,19.1208886129337,-1.32403309803048,-0.0684080258456946,-0.0480663976233073,17.8719954117197,6.92482671237118,-1.27027485813708,704.06180856895,719.943568263651,0
3.37,0.117765112130344,0.344678848981857,0.00748905714200106,12.4255819632308,-0.353305846180204,0.0750827822736186,-0.0910345177281725,8.75630282314572,-8.82309883290913,-2.38842023413366,705.432203829554,725.863550311068,0
3.38,0.165944907867192,0.496290028095245,-0.0562097449264811,17.5996661817891,2.78860184307985,-0.0037009237995146,-0.175167208788578,-8.61889117947163,-15.5961298015265,2.79387236479915,709.011931997331,739.589865915948,0
3.39,0.321657788625312,0.702673971652985,0.0604378889310675,20.135753548394,-2.98272153639087,-0.327191330643162,0.00789332336388896,-19.393434464172,-6.18384171928532,1.73240602092665,716.341506908583,760.23747252174,0
3.4,0.550467636489515,0.89866304397583,-0.00303419083842363,18.4972885566795,0.178794231971248,-0.373699943536533,0.40419324256745,-12.350195446141,13.7715040488892,0.74070640161367,728.003578594612,784.046717108724,0
3.41,0.677556756686343,1.01052522659302,-0.00112570652947031,17.7386088949575,0.0462939502773049,0.102200855221978,0.669805502320191,2.75052377133512,17.5241264444599,-0.153076452070465,742.884425312709,805.162908466598,0
3.42,0.61472585206365,0.977105736732483,-0.00682279494579128,19.2118949474374,0.365167755566932,0.490431733102767,0.370690084696191,15.6709780697522,11.1198336902322,-0.934663743016589,758.165315802248,817.130321689235,0
3.43,0.451639167045019,0.759070813655853,-0.0269109537671503,16.467157502383,1.39281629681731,0.452358284004996,0.0086092702264085,16.3972913848912,-2.058166340202,-1.61128136065943,770.742205698313,814.709087278487,0
3.44,-0.00501240268207348,0.373356699943542,0.0361908428005643,20.0166573817907,-1.81151503477207,-0.0257870533779437,-0.0258829898069273,17.0746632264798,-10.6020769268809,-2.21671409271132,776.973950060509,795.517177534286,0
3.45,-0.468910668808553,-0.110548749566078,-0.0549834553702253,19.0189746489898,2.70444450244366,-0.100544481524391,0.46129296864566,3.62955280763951,-18.8642986400839,-2.81026196672658,773.622982726323,761.028289357823,0
3.46,-0.959116301109531,-0.60696542263031,0.0027815038716334,18.7109046024761,-0.216564852273729,0.301881334482333,0.910373261749807,-5.73534287795629,-17.8115325969014,2.81850130353861,760.241982683945,716.614387636151,0
3.47,-1.2642360354975,-0.996331512928009,0.0714075882014526,14.5008686164411,-3.58855628990912,1.10061400272429,0.626131467114055,-11.3925872802522,-9.66239524853784,2.0316059835083,738.241593312448,670.568428810088,0
3.48,-1.47025802399381,-1.17760515213013,0.0291735930317632,15.7405016872596,-1.51932516112747,1.29520874219607,-0.696379257149037,-14.458984596991,6.40386654575474,1.05763824895771,709.976637786787,632.313275155987,0
3.49,-1.45420044178272,-1.10373950004578,-0.0669630587475036,18.6330832240486,3.2676477349212,-0.251746693319735,-1.43380841764876,5.61568411124155,18.0647004989457,-0.12779191715304,681.027365356632,610.224832544332,0
3.5,-1.03584553601648,-0.757416129112244,-0.0638529326229113,15.0336302954201,3.17347480079602,-1.03781019483372,0.00178072710410048,15.1965309953732,-2.26857397439916,-1.51094678176062,657.18238821395,609.610975008111,0
3.51,-0.549536361559007,-0.209221363067627,-0.0571758029513772,18.1300384883091,2.80974381196691,-0.000845032924197346,0.552502100482888,-0.890443280895391,-18.3248483387984,-3.03639248514029,642.7657181881,631.361178204829,0
3.52,0.195839058335023,0.446024388074875,0.0743694102597578,13.6257885671788,-3.71220798771015,-0.201774561866594,0.0563096096192902,-13.2331575077612,-4.93215415374069,1.66157489086531,641.208727297621,671.620282343417,0
3.53,0.687705755096321,1.07420933246613,-0.00292942474558455,20.4441028892265,0.133459718049277,-0.0809931046093886,0.682925987298531,-2.18864198387093,20.3270509594495,0.113786122462616,652.994754170182,722.584543948494,0
3.54,1.15207132981119,1.54478979110718,0.0338302857719355,20.7574067659478,-1.64994199810224,1.12040256657042,0.270390321629212,19.5925052890915,7.05166510414649,-1.30463483731885,675.779619549952,774.235246030621,0
3.55,1.38654383083568,1.77080547809601,0.0465319383334758,20.3372531606746,-2.32145433180407,0.761588964349017,-1.15959099060631,13.6248050002084,-15.2760500471267,-2.5269232057653,705.891724723129,816.588319411896,0
3.56,1.36714221558558,1.71044826507568,0.0194248649502662,18.2921891013953,-0.892096430669956,-0.52534796610102,-1.26232510769932,-5.95933894686452,-17.3172254555747,2.7614280830706,736.679497648604,841.909445637116,0
3.57,0.989020935857621,1.38104820251465,-0.00239951210008083,20.7309828203929,0.15866372545851,-0.905652138560995,-0.39744480515274,-19.0669871140777,-8.13933813456591,1.98191258831224,763.529295715738,846.356427854822,0
3.58,0.547046097565359,0.872134864330292,0.0577195894815003,17.3868125560424,-2.89964298419227,-0.523984079327208,0.167426606257846,-17.6136105207967,0.68549596381622,1.36664572801356,781.137369646182,830.660555139751,0
3.59,-0.0428412890438921,0.292444944381714,-0.00414507523916027,17.8993486320065,0.16143575335451,0.0290887337334212,-0.031723859561326,-13.2033305396753,12.0865547453628,0.83854732429551,787.074982547131,799.706465024743,0
3.6,-0.583929602053007,-0.237102389335632,-0.0282773555375053,18.4789763907796,1.42809088051004,-0.571918694219666,0.121170937901999,18.0137211134824,-4.36094756442473,-1.73118822642778,781.547149029021,761.150359081946,0
3.61,-0.866187693808377,-0.615747332572937,-0.0504413298753716,13.6620620200699,2.51779834430694,-0.590161705865229,0.636030352730837,8.11618587734452,-11.2746961798189,-2.33541642364182,766.865592764531,723.455958971544,0
3.62,-1.0839551683058,-0.782365202903748,-0.00983664167089909,16.2219372781575,0.4416308891784,-0.0675341648809603,1.08189403500992,0.717012844450483,-16.2120997862598,-3.07017686004775,746.427856600837,693.864269487098,0
3.63,-1.0523273984996,-0.739101588726044,-0.0399843062458324,16.8061203302042,1.92444518413146,0.795666132489845,0.689860206119725,-13.5857693600391,-10.0784939706215,2.32306782814026,725.066080175618,676.812733346352,0
3.64,-0.884945902411052,-0.527045369148254,-0.0220479795898215,19.0421033055254,1.10252719181135,0.843412724217257,-0.268831434595231,-17.9726166424082,6.38766902179634,1.28714388154374,707.309670211907,673.184060424614,0
3.65,-0.495255621718978,-0.216175958514214,-0.039370796074873,15.103429143771,1.93605217331176,0.0291196829075978,-0.495963944753226,-0.159637965966888,15.2261743599145,0.137975059612611,694.636134614621,680.532984310959,0
3.66,-0.258594908040145,0.0920814275741577,0.0247960931151268,18.6855952680092,-1.23717600435102,-0.216173141673381,-0.144067156274862,15.8823603747886,9.92132571337805,-1.07854384891632,688.856010675306,694.173847067583,0
3.67,0.061599561206872,0.333590626716614,-0.0143164300991921,14.7537125213865,0.723410602356314,0.054978332360374,-0.0312545849842303,10.3518240534477,-10.537319148141,-2.31608102539578,688.735493048272,708.784803709421,0
3.68,0.139283331043593,0.466273218393326,-0.0431651293645093,17.5061329453268,2.12700416134381,-0.0141314707915265,-0.145132271507485,-8.73936117815583,-15.3170624990424,2.74400657328274,692.256121449323,720.056046665727,0
3.69,0.229492773920471,0.488783597946167,0.0527555175589797,14.1236043364222,-2.60780282853494,-0.228553505997981,0.056686619326426,-14.1662826279664,-2.36500984118361,1.55363209939142,697.303862496527,725.912991055191,0
3.7,0.157694657709082,0.439197599887848,-0.0348916700411919,15.2367123852066,1.72834051064639,-0.0934502947687693,0.131727279315555,-4.33079784088298,14.7101582347592,0.399269105930645,701.834694537587,726.978022982256,0
3.71,-0.0371055060730213,0.37323871254921,0.0418876610785881,21.6812417015908,-2.07586987638141,0.00664609946013501,-0.0555627941480239,12.8557376566034,17.581680430808,-0.726814621617014,705.047348886372,726.15833940719,0
3.72,0.0647226683364913,0.350018680095673,0.0184346287315447,15.4312164883624,-0.911939006432149,0.0577386327122568,-0.0345703576143559,15.1407680797525,-3.11628256377818,-1.83281071120375,707.474329925775,727.500131303399,0
3.73,0.1283141072508,0.40935081243515,-0.048568294940403,15.2206718264488,2.39924399517745,0.0755093994991761,-0.114550076299676,0.994918018712867,-15.3764547517589,-2.92063455342619,710.288960634689,734.660853536226,0
3.74,0.245347939606394,0.556811332702637,0.0171529620565714,16.74444294036,-0.818156333613933,-0.19405484016793,-0.151104449252217,-11.9154599725594,-11.7926910758969,2.30219365930344,715.243339270232,749.463057565605,0
3.75,0.403384559431411,0.757490158081055,-0.0190381617599955,18.8791273492701,0.964342160181248,-0.392952482481208,0.0931123026389626,-17.8784585057017,6.14102000743879,1.29097082989558,723.791371961398,770.974131272542,0
3.76,0.559420588731294,0.94818788766861,-0.0126441136406031,20.6148285639237,0.612926623691177,-0.207654957047411,0.519606281255204,-6.64153399778714,19.525287755171,0.357596856348125,736.555473513799,795.411094194977,0
3.77,0.688789147266359,1.05449557304382,0.0271668147790262,19.4644534516214,-1.30120709685026,0.336704648686336,0.601496886750186,7.67118310168063,17.9363050236028,-0.470898232522002,752.069420715118,816.937794415041,0
3.78,0.664172080541717,1.00945138931274,0.0495444582937158,18.4458382632902,-2.43922053371775,0.63316665408474,0.206589433596846,16.1347790591691,9.26647995515939,-1.18094949524571,768.17687125018,829.166912341586,0
3.79,0.401124041544631,0.786798596382141,0.00860322716943514,20.4683683278833,-0.431888558812149,0.390432323310403,-0.0923964995942416,20.1051359382329,-3.86317727244089,-1.78172852378525,781.356823683648,826.971387445521,0
3.8,0.0008663934716827,0.399987697601318,-0.0138028523001836,21.143382838411,0.650972918898624,0.00991900061316404,0.00963757210631966,15.2174442627304,-14.693392858814,-2.30789705877204,787.973001911643,808.107270211159,0
3.81,-0.437524103224243,-0.0868604332208633,-0.0652490424918654,18.7231017878585,3.2120457204106,-0.0770213333682633,0.43560589143681,2.8978900646438,-18.7742912367353,-2.81854579923684,785.360914047785,774.182473937668,0
3.82,-0.873416936327473,-0.575883090496063,-0.00431221391433384,16.0691244146203,0.217270859193114,0.215199560776919,0.846501558707326,-4.09309008201165,-15.5406106591517,2.89758117658789,772.653988215691,730.666942844851,0
3.83,-1.23863674862483,-0.952373087406158,0.0381204256600893,15.5079815054136,-1.94534526531486,0.977227331976173,0.762037337362891,-11.3683602390961,-10.7257747527939,2.20232897214568,750.94278684976,685.887902525224,0
3.84,-1.40070000599856,-1.12453067302704,-0.0331446656942408,15.005581670286,1.57776341522321,1.35063428653957,-0.372620584096088,-14.1720315966732,5.17787012978655,1.32526545864599,723.403563309747,649.22362363381,0
3.85,-1.30443130375595,-1.04169869422913,0.00851573429980368,14.3358980458722,-0.438735806732953,-1.27272021815944,0.286001381530409,14.065258196276,-2.8069509724689,-1.79836924362906,696.107071779299,628.928429022788,0
3.86,-0.941889064718218,-0.685519993305206,-0.0324756202994676,14.0199036590099,1.58863259397144,-0.0369610399330989,0.941723716212276,-0.552076605203345,-14.0988178067714,-3.06789891614655,673.225226487186,630.13114529003,0
3.87,-0.413517550023284,-0.133296623826027,-0.0352292184390312,15.2146986892131,1.7413606007616,0.409901339583943,0.0649519346622778,-15.1883866822454,-1.95762686332624,1.81293600418724,660.345995982951,653.518189728951,0
3.88,0.199071482464993,0.521507441997528,-0.00564721156065786,17.3278042945169,0.288358262673027,-0.0755889814953354,0.184248886036575,-5.8498494991113,16.3130381288856,0.360955152732741,660.072267147549,695.047432070838,0
3.89,0.763556141608966,1.14019882678986,0.0129796270351465,20.0406046089661,-0.661316290162975,0.666304754543133,0.373127895204791,16.9837465384457,10.659058393985,-1.04331388727243,673.198218526596,746.78190778598,0
3.9,1.25947346551027,1.59753620624542,0.0624460866251323,18.1141780133503,-3.07119642015382,0.889531335930974,-0.893815935445378,15.4649027197654,-9.91929818176177,-2.30905650893105,697.140251910975,798.65000275057,0
3.91,1.45554263720155,1.80488467216492,0.0372131663902828,18.6809283303995,-1.84653819025699,-0.36833325892161,-1.40865886531715,-2.46447382784592,-18.6094910012462,2.9114016656813,728.001658724567,840.704490011177,0
3.92,1.2854175835481,1.72959136962891,0.052789298983013,23.4252863595006,-2.5735997122102,-1.14797423569713,-0.580723883060924,-19.1964501770797,-13.6698118897881,2.0801723787254,759.363553297715,865.327896087684,0
3.93,1.02424717002854,1.38499593734741,0.029683133314273,19.256814226111,-1.41858600586533,-1.0155754545558,0.136271236211481,-19.2997902161179,0.596135897953479,1.46638406131351,786.067376457291,868.848539549689,0
3.94,0.479160229789121,0.861672699451447,-0.0139190662679938,20.3477911817339,0.722459593380517,-0.414707650633677,0.240428431603321,-16.9192421728828,11.3266852227321,1.01635589764388,803.524017158146,852.185393972767,0
3.95,-0.135994690048959,0.274451583623886,-0.0211877312387723,21.7471969504991,1.03929440052676,0.0655883882330799,-0.121002640489973,-12.3564789585129,17.9259068334796,0.651267802586526,809.135473121176,820.389929928953,0
3.96,-0.643968999009381,-0.256446093320847,-0.0270719622038943,20.6036385538097,1.29465992580241,0.154300991426041,-0.625795627076167,-4.52546147800344,20.1421514340107,0.283760160952944,803.011465851716,781.233481579178,0
3.97,-1.00891486187465,-0.633863925933838,0.0469926876668941,19.9825656195261,-2.43555017315874,-0.118925543541185,-1.0029826650043,0.870956338604454,20.1115953728412,-0.164564662571632,787.616731050059,743.226107921991,0
3.98,-1.05675860970187,-0.79855614900589,-0.0415302891762586,14.1425522577143,2.07447103353309,-0.748743370970596,-0.746891483768343,11.1343267904183,8.96336886194704,-0.747356877889403,767.212334898792,713.585928797585,0
3.99,-1.00265038383172,-0.745578706264496,0.0255121924514609,14.0883685840026,-1.29778738775938,-0.996989821878858,-0.109407308857981,13.9301519040386,2.47330737939076,-1.48693529703102,745.794215251698,696.673185887074,0
4,-0.811355546732141,-0.525284647941589,-0.0240261067747639,15.5406309514954,1.147037996005,-0.546438856361624,0.600232999157797,9.97245120448249,-11.9740186866846,-2.37346975085297,727.440500300149,693.264262562441,0
4.01,-0.533655897193991,-0.219141095876694,-0.0463789093889082,16.9651347977179,2.31122329267675,0.167492806660887,0.508808195259163,-6.13919289960832,-15.9833620479156,2.91026892345519,715.114135777042,700.80663427634,0
4.02,-0.247167245677705,0.093348391354084,-0.0296111295767844,18.2675077385373,1.48655708063721,0.246003532936481,0.0380884249278714,-17.9923523198334,-3.49098108423704,1.84363914090665,709.305967009733,714.53015393508,0
4.03,0.0391648063776433,0.337097853422165,-0.0231126829949198,16.140910115352,1.12387829628272,-0.0436772525853743,0.0126639559544151,-10.2483710109472,12.5205021224672,0.755453315322886,708.922473905647,729.0647553412,0
4.04,0.170433699390697,0.466640621423721,-0.0274511240197081,16.0570442852085,1.4121905822793,0.0275204376536404,0.170422520839518,6.38849510993368,14.7989892779264,-0.319796233722544,712.52500473109,740.089507368512,0
4.05,0.214868139621725,0.483161240816116,0.0177572935928392,14.6638030686702,-0.882188945525247,0.213879907207216,0.0271849994165178,14.1621269823913,3.90378497191812,-1.36191483489393,717.527914435128,745.54525502957,0
4.06,0.0781137906201698,0.427339017391205,0.026097168980573,18.7129069405183,-1.34341619658582,0.035839480645513,-0.0741509146330119,14.0243287070814,-12.4617758589008,-2.36893553002094,721.864050513648,746.078976133277,0
4.07,0.0961918548016633,0.357518911361694,0.0521251264205384,14.3204796171586,-2.57424714476842,-0.0708415627417701,-0.0833749046346995,-0.434279674270702,-14.5435307264886,2.93388054014239,724.740415212142,744.613719137451,0
4.08,0.0610857562470661,0.331227242946625,-0.0118755368136775,14.7636914476483,0.593556450704202,-0.0516630037454929,-0.0346905179390878,-13.8329735250086,-5.19304707064631,1.97010922135395,726.587393294031,745.190618283679,0
4.09,0.0963292738513163,0.385441839694977,0.0414428753119643,15.7147305720857,-2.1115162490184,-0.0603980863782396,0.0857257958650232,-14.4961131182605,6.42448147991028,1.02005749892826,728.796869671512,751.439030586406,0
4.1,0.141475260266882,0.525688767433167,0.0194843998556877,20.4722680899907,-0.937980451367756,0.124295060868359,-0.0703251658302286,19.3730284444285,-6.68426039042193,-1.94882107082582,733.063435857456,765.139348620664,0
4.11,0.397184248211945,0.719283759593964,-0.0271667585185418,17.3691736200162,1.37711620521448,0.146734310493733,-0.370084317311638,3.97329830927247,-16.9645967187689,-2.83240879113638,740.802951245881,785.320337166668,0
4.12,0.58456112005805,0.898964285850525,-0.0105923233504033,16.9869986949837,0.515902281227699,-0.27240864460361,-0.517317533766937,-8.63779637524573,-14.6360088004533,2.63879034121487,752.583206876906,808.184751752785,0
4.13,0.612069249525101,0.99613082408905,-0.015838825111115,20.472603411499,0.800389816129846,-0.568838893228634,-0.226499333653642,-19.4865643750853,-6.32786876902027,1.92385960168488,767.035035616258,827.923828299617,0
4.14,0.562580462999059,0.943324983119965,0.057808040373206,20.3095055169867,-2.84130539103546,-0.530217623319188,0.19674302732696,-20.374369262187,2.33111729385068,1.31787935440689,781.702492381613,838.226879978752,0
4.15,0.431996689333684,0.713638484477997,0.0562771460885729,15.357157654406,-2.79024194968397,-0.27423309538222,0.33850327349115,-13.0505643729028,8.56215573957724,0.810432528517975,793.326691840342,834.08687661266,0
4.16,0.0235973290194446,0.324153125286102,0.00305391286841099,16.3055821824945,-0.167954932952072,-0.00559394451034896,0.0231272156879056,-5.99265114825785,15.1653668397724,0.366021490272587,798.311687345171,813.403906485613,0
4.17,-0.432410932143491,-0.161985337734222,0.0144029836562295,14.8016629606285,-0.775483915851032,-0.0178040410822938,-0.432284254046507,0.327762816496434,14.8183390850631,-0.0744589396894235,794.057897923077,777.924760848256,0
4.18,-0.951753159165112,-0.649701416492462,-0.0792994792886494,16.3854029195557,3.89046355564164,-0.589833202708233,-0.751145309763145,12.2633135726326,11.5424553598116,-0.582551728335849,779.822529229347,733.220954578087,0
4.19,-1.35461879926154,-1.02017295360565,0.013180289741955,18.0074916501105,-0.67620934952524,-1.27202307729813,-0.465964700563756,16.7417723319518,6.66633886014485,-1.22938866717061,756.903199132658,687.656977801881,0
4.2,-1.45704906117444,-1.17841994762421,-0.0267864426534349,15.2188942775798,1.29222589197175,-1.26787876056163,0.718465676769638,12.7601366139384,-8.39425424809507,-2.06796399310313,728.480051861048,650.569548402048,0
4.21,-1.32173070602174,-1.07954585552216,-0.0499551196885291,13.3988466366799,2.41811864047619,0.0187043522807312,1.32254214315823,-2.10078472828333,-13.4522523198941,-3.11795718602545,699.639434986069,630.095163607324,0
4.22,-1.02381255634559,-0.720815300941467,0.0335562506291135,16.4415991086511,-1.68724132389662,0.949942033074618,0.383312282982471,-14.8607042146982,-7.23411603293125,1.92156191426359,676.575404072408,631.188640620964,0
4.23,-0.43005015758614,-0.157333016395569,0.0497572774651124,14.9298214064521,-2.53263440087164,0.263739687678253,-0.343307882000954,-9.84681945174587,11.5045187175193,0.539878163725587,662.844328727695,654.339973576799,0
4.24,0.244384242525696,0.493796139955521,-0.0130765133519321,13.7667992701307,0.690814806445198,0.182354899733024,0.163221762457278,11.1663514513695,8.08174377875049,-0.894164547177958,662.287567633528,695.32828117349,0
4.25,0.759858064945346,1.10371804237366,0.0767504930520128,18.4916088450275,-3.84038207244555,0.524526020409778,-0.55511023316031,16.4986289871946,-9.19148375849968,-2.28385022920108,674.923518843205,746.092825733257,0
4.26,1.2094350184926,1.55566275119781,0.0678736953082225,18.6125428390048,-3.32737552708296,-0.531906873300419,-1.08830831137448,-4.15647933512731,-18.4451039131982,2.74304967191429,698.092550088903,796.519135760353,0
4.27,1.41544749691108,1.74493861198425,0.042706666466074,17.7783299234582,-2.08284462136354,-1.41111478084788,-0.118619354007362,-17.4258935560488,-4.09212540830917,1.68482260332113,727.871198452107,836.706664967696,0
4.28,1.29035738911643,1.65028154850006,-0.0253155509218184,19.3027511803457,1.27973040106714,-0.985876740759982,0.832892622607687,-13.6530427327457,13.7050478717724,0.849698204615561,758.306348732357,859.163630399015,0
4.29,0.928693046912133,1.3022518157959,0.0139708500858881,19.9872731807172,-0.707420155081409,-0.189657858296888,0.909228165435553,-5.06545547717112,19.3476792738879,0.220685853277315,783.268440872208,860.396084430331,0
4.3,0.421095398676202,0.771296501159668,0.0334062864059943,18.8220912874841,-1.62094101587608,0.139298319905064,0.398789785262029,3.21440205636031,18.6162882882545,-0.256887345591319,798.833972583149,841.515917154284,0
4.31,-0.14915135452629,0.180342957377434,0.00529351913861442,17.789415584765,-0.245267338180292,-0.0876375239289569,-0.120804852143858,10.7568884466518,14.1708437949526,-0.66307719124618,802.64430730074,807.744647747161,0
4.32,-0.719076850122682,-0.344934433698654,0.0484213946081109,20.0244664752042,-2.44879058357841,-0.613578352778498,-0.378071094954082,16.5736047905074,11.5018023451488,-1.08580567928645,794.587710419253,766.970221605144,0
4.33,-1.04521359884929,-0.71148818731308,-0.015256186927547,18.0061064513495,0.698495455876458,-1.0441968553846,0.048550444529008,17.9747096065976,-1.27184118414952,-1.60266315312831,777.402286548762,727.749280984158,0
4.34,-1.2263695897901,-0.869292378425598,-0.0277555397590981,19.1760942303364,1.30175920996883,1.13832954113877,0.457119892938445,-18.1409641036263,-6.35000695766708,1.9752845159918,755.188458070022,697.27667599188,0
4.35,-1.07506308835919,-0.807725131511688,-0.024095750183395,14.6913964314953,1.19996278731685,0.969063349670141,-0.466108864381912,-12.8831209076175,7.16255788653807,1.14488239778231,732.875661196756,679.834995596509,0
4.36,-0.794883239352368,-0.573241114616394,0.0426238265430335,12.4088874968682,-2.16715627547435,0.167887421060469,-0.778119507943446,-4.10371405837677,11.9095166215653,0.158931460295293,713.470945186742,676.094191430545,0
4.37,-0.600248986297436,-0.257541060447693,0.0170598838021068,18.4644695194183,-0.914235771612623,-0.477188570348586,-0.364528398777261,14.4514365743322,11.5294597712849,-0.946866745795279,700.162513626728,683.394921555959,0
4.38,-0.266088375955692,0.0620424598455429,-0.0184167377926368,17.7379118760174,0.935228945899469,-0.216549360410472,0.155719538130177,14.5894985206093,-10.1318657620275,-2.12512037011554,693.778494929497,696.88351872487,0
4.39,0.0404617290396874,0.306870400905609,0.0288890039800645,14.6541684265432,-1.47411227795907,-0.0359014550338854,-0.0343920280630725,-1.27331414458946,-14.6729796009779,2.95477387065054,693.084830762954,711.143008808491,0
4.4,0.0694099957491138,0.437665611505508,0.0370825412672991,19.7488918656209,-1.82333663735103,-0.075196542108202,0.0232022074747713,-19.0414645976971,-5.54670283932217,1.76218378909563,696.190024104648,721.842730474678,0
4.41,0.175216631456851,0.456474155187607,0.0161448362514897,15.4013946095495,-0.806097920465914,-0.0853892638592754,0.153851218046022,-9.34399430714827,12.2695770165243,0.598565706134636,700.715394538412,726.940180942193,0
4.42,0.05323696226539,0.400912404060364,0.0223290691746948,18.7247089978707,-1.15645167266834,0.046280048861366,0.0345096878983923,8.51718249986273,16.7155529310337,-0.532929965198173,704.656940153463,727.107815785372,0
4.43,0.0341479903206669,0.332543104887009,0.0477585357664951,16.2631190497052,-2.36475315594442,0.0307178059455963,-0.0500337823813935,16.3888391915625,1.21944604904797,-1.64092000751439,707.117640328124,725.285037424151,0
4.44,0.0322167744445007,0.307827442884445,-0.0283713755458685,15.1263817986699,1.39887534998601,0.0387850285435561,-0.018400463767201,4.68599516025202,-14.450111692372,-2.73578815272392,708.481964569614,725.508096822201,0
4.45,-0.0125933295156821,0.362093895673752,0.0291440845286485,20.0826456670153,-1.46249470528372,-0.0148026028368403,0.0280865191961967,-11.4555632581365,-16.5596382263836,2.46371190326624,710.269163323726,731.378198015428,0
4.46,0.209752786207033,0.503922164440155,0.030814572510625,16.0592516672943,-1.52178245873223,-0.201413571660717,0.0661690437553623,-16.083307146782,1.24202141184137,1.3992466692017,714.088728694838,744.633361155958,0
4.47,0.391643870754357,0.693866074085236,0.0173053868082371,16.4644361410339,-0.885493237217665,-0.127508070206655,0.370710250659747,-6.86100008722081,14.9929461253784,0.375438243210454,721.54049899394,764.263326255564,0
4.48,0.444661009111586,0.871521711349487,0.020726294110755,22.698895294353,-0.991595263276888,0.26089661147965,0.36067429962521,11.6033334130774,19.5342202929913,-0.579653283168521,732.805350797323,786.455827251441,0
4.49,0.568803393916979,0.961477220058441,0.0491593824427628,20.9921509109683,-2.42403255456999,0.570372198955274,0.0250898479978102,20.499897983065,5.12840290718347,-1.44062437296065,746.796942672754,805.428077865486,0
4.5,0.54952441716353,0.903892695903778,0.0154418981035017,19.0795476798856,-0.775103064630556,0.436473319474229,-0.33422534114442,15.9220403560593,-10.5412786382796,-2.19620245890789,761.070969908297,814.943595088415,0
4.51,0.24831489186319,0.673791110515594,-0.0544479075448239,22.6376202802045,2.69092173569348,0.121810527719205,-0.223130131299666,3.7564950270003,-22.4853653928611,-2.85774312126433,772.044127764647,810.111590260124,0
4.52,-0.0936333628850193,0.285564810037613,0.0495038817055174,20.326312361973,-2.44848333901439,-0.0176404025767795,0.104434942169758,-4.04990767802594,-20.0686893617245,2.82258351934774,776.409674218362,788.970832196157,0
4.53,-0.525060167150364,-0.194248721003532,0.0555985168185578,17.9094899065811,-2.77909819140723,0.384817129118116,0.36151784373345,-12.5926245419095,-13.0345319293756,2.21948968319743,771.719084263383,753.400076624543,0
4.54,-0.97749022418094,-0.663715481758118,0.0106918539200982,17.0601089209936,-0.581007667572913,0.977430870229191,-0.0151772208443626,-17.0695093019301,-0.129377344479119,1.54433227661338,756.868809078651,709.064214849002,0
4.55,-1.23764642369847,-1.0214204788208,-0.0350993701222422,12.1849656153549,1.67272259248578,0.797881161996588,-0.946776788481623,-6.86516485934475,10.2049448490823,0.728612901477025,733.547447123743,664.35604525123,0
4.56,-1.48435902038422,-1.17156302928925,-0.0381333015768707,17.0155870157669,1.88902375952738,-0.442842356334246,-1.4172743197848,6.47289593688604,15.8492974748232,-0.277164525001915,705.910828358016,628.561693491932,0
4.57,-1.27606274552221,-1.04865789413452,-0.0321547348469706,12.7481653207178,1.55334804685512,-1.27464980681412,-0.0681023308814122,12.8307581284032,-0.547955335257379,-1.49222574571188,677.547236879244,609.691417359925,0
4.58,-0.987383263822584,-0.679497301578522,0.0631645350936078,16.7743136397875,-3.16622471634009,-0.301781920472993,0.942254286615966,7.156962294091,-15.4977568622456,-2.89552349481141,655.141291085985,612.518826984907,0
4.59,-0.391514968517193,-0.105282753705978,0.0105392706950614,15.6937784122914,-0.551554342526943,0.373027793409656,0.119353726978781,-14.9167083774938,-4.90822821674664,1.85354968571627,642.679174211549,637.331853042057,0
4.6,0.249386977097965,0.548621952533722,-0.0297057870634671,16.3461198530834,1.52285511239882,0.250404376395524,-0.0193376940996035,15.7383069423517,-4.67123287077943,-1.76642584068105,643.328049551115,679.726790936815,0
4.61,0.868419133517242,1.15728151798248,-0.0163383373886436,15.82991161791,0.829110046249068,-0.113202935811067,-0.861164228269624,-3.17787042589794,-15.5297992535588,2.99207703916646,657.041383251883,731.516295198904,0
4.62,1.27885255264723,1.60296189785004,0.0464927486966463,17.5947674843935,-2.2570093886747,-1.27969536697906,-0.00227921609836149,-17.4959685799306,-2.92592167709888,1.60891643252112,681.387812306574,782.540833122596,0
4.63,1.42765134523099,1.7803658246994,0.0734775591896911,19.0276329553397,-3.62809695734161,-0.530466047422411,1.32747620987209,-11.2549270239401,15.7651679693171,0.431587826874914,712.041177374839,822.944208932643,0
4.64,1.30374452457178,1.67522370815277,0.0629254058590315,19.9685885745529,-3.14295676054091,0.698884891050937,1.1023925349503,7.13392650297793,18.9137463107789,-0.516796663797285,743.180266701239,845.357125032369,0
4.65,0.953627781177576,1.31581783294678,-0.00795782391400685,19.5068214324605,0.465362261168865,0.903919776759178,0.303970901861924,18.685264879875,5.62081140058342,-1.25473996286496,768.622721158258,846.458702045796,0
4.66,0.419817658646592,0.777071952819824,0.0199911527865309,19.2626486016676,-0.957389886006128,0.399670327726852,-0.130039001210992,18.8327907962857,-4.15839119954933,-1.8377762072885,784.647353842321,827.547314283953,0
4.67,-0.154561983163835,0.186791107058525,-0.0375523760010869,18.4702271424871,1.87685998365547,-0.0839419745194871,0.135104894421462,11.8606493778406,-14.2827479999209,-2.34730961287269,788.622649845928,794.006354428075,0
4.68,-0.693625649656164,-0.336768299341202,-0.0583774510493842,19.2479643852407,2.86980342875256,-0.128914619617587,0.684036175579049,2.37287298750362,-19.3155216983738,-2.87135094397313,780.912892262581,753.830792921581,0
4.69,-0.987560542991809,-0.695904910564423,-0.0642719169588635,15.9903610350903,3.13736345598198,0.394526811516562,0.907609663004102,-8.3611901188073,-13.98660771183,2.79653492690555,764.076953970361,715.613409934304,0
4.7,-1.1208901026327,-0.839238166809082,0.0428152206761516,15.4924872603848,-2.15096797423129,0.981521814186627,0.542994192949869,-12.8640500317054,-8.8971929011983,2.03792680894755,742.851845253827,686.51512496258,0
4.71,-1.08309742242893,-0.761572003364563,-0.0162225763241823,17.4884175772329,0.776377710707588,0.966869023930783,-0.488392761021216,-15.3866735705806,8.34852011662825,1.11803144664804,720.973000484778,670.730596498283,0
4.72,-0.773248041176615,-0.519806504249573,-0.00957302051045172,14.0864998928983,0.414057694593435,0.0287536411503719,-0.772772543524782,-0.28444541138698,14.0897130494208,0.0495708963518536,702.644047459426,668.813891733619,0
4.73,-0.517944515413398,-0.19313046336174,0.0225357433943174,17.6573511485837,-1.11832703828342,-0.458801592262097,-0.241403147690579,15.4917183289297,8.54630728244958,-1.12992275858719,690.919241401839,677.990446930379,0
4.74,-0.160918465138349,0.132620498538017,0.000250716234974524,16.0959069190896,-0.0407481644744429,-0.11223072406106,0.115321636555516,11.2371512920491,-11.5241620433116,-2.37133498861084,685.769109815255,693.315721303497,0
4.75,0.0920165985694551,0.377848923206329,0.00881104727303247,15.7128309128564,-0.408933129504719,-0.0506900223058473,-0.077299486447017,-6.9629878549908,-14.0917380663874,2.65664178734851,686.803844058875,709.319365304516,0
4.76,0.220886663471199,0.510199725627899,-0.0210493938363981,15.8892393565993,1.05921216812295,-0.221585249868135,0.0115746326591579,-15.5620663426024,3.37815761870954,1.42360008874958,691.480477245161,721.655159961813,0
4.77,0.189296467675344,0.530638456344604,0.0338507077005419,18.493130505409,-1.72852603787498,-0.0103631920453156,0.192019861828984,-5.91435410294826,17.6069331145047,0.230870455583897,697.484504110416,728.291834593381,0
4.78,0.20365094852783,0.475967794656754,-0.044261682706237,15.0443103321722,2.24587825828119,0.135048755890347,0.158728191965831,13.3224036762103,7.34089931887258,-0.918981156093871,702.867390553104,729.922162766436,0
4.79,0.116046859084712,0.40362137556076,0.00801431700238344,15.8095992610428,-0.422987113645455,0.10023570175118,-0.0590246293922304,14.3324592193355,-6.68602719252313,-2.03403159001326,706.973027405792,729.496971558074,0
4.8,0.043178174728313,0.3743596971035,-0.00310357482799573,17.9923455554815,0.174504597269308,0.00387137058385589,-0.0431161157733875,0.145668266342545,-17.9926021241649,-3.12379830145398,709.922186585444,731.043000446077,0
4.81,0.0825310284722043,0.428361594676971,-0.0141848236788747,18.7272663416748,0.722954768539395,-0.0645817451641982,-0.0533083302592299,-16.6123873272697,-8.67535333678955,2.0906482791149,713.032112735783,738.12908794872,0
4.82,0.228728202966807,0.565084993839264,0.0313667943069018,18.2561075333722,-1.59811813157617,-0.182987356868191,0.140769648162911,-16.6413365347698,7.67498287744391,1.05135144851079,718.191861256006,752.447167317655,0
4.83,0.423679298318403,0.753319442272186,-0.00559405244593281,17.9228590397844,0.32647343068703,-0.0315115580299036,0.42254285339699,-0.770967430023839,17.9092453856316,0.0612354717338578,726.653106348384,772.944718429466,0
4.84,0.603037116687554,0.921427607536316,-0.031590205217689,17.3629474190254,1.61144081930446,0.432880039943378,0.421030374423453,14.1244637784653,10.2258597467784,-0.851611550714693,739.042556476192,795.791539710171,0
4.85,0.605492007787623,1.00453770160675,-0.0211435358560784,21.3983696899209,1.04880209199244,-0.305685509247006,-0.523090804774451,-12.3211586442889,-17.5265302007259,2.57782978664368,754.066064762602,815.227943974422,0
4.86,0.58469736683861,0.942093551158905,-0.0316362227284077,19.3185467759795,1.56256854014635,-0.5478474789173,-0.206724457238334,-18.8885241908595,-4.34413672317978,1.87756213210235,769.08030247525,825.088453074319,0
4.87,0.357526033952864,0.704332947731018,-0.0263817938038447,18.7917196651279,1.3678235103395,-0.34991338171673,0.077983904069592,-17.5961970481381,6.73598682980341,1.27785732475084,780.724621698242,820.594671197017,0
4.88,0.0010426207443947,0.313721835613251,0.0866549257270256,17.087952384786,-4.32235149830733,0.0632224974600281,0.059271232699259,-14.7249915631983,9.68790290224729,0.741121181926677,785.744853926468,799.919351856621,0
4.89,-0.465485269038544,-0.163429021835327,0.0176077143418596,16.5593086043968,-0.913145308345957,0.113448524570888,-0.451791987057007,-4.31642069492929,16.0129025536969,0.20821254328561,781.594010580866,765.067693465622,0
4.9,-0.93366326069821,-0.631438732147217,0.0277610634249433,16.5701491610877,-1.46440760685052,-0.330203744281734,-0.873763840109226,4.96191108944514,15.877461106869,-0.391043838437984,767.423584773519,721.791896168493,0
4.91,-1.33625106200695,-0.980744123458862,-0.0123276096754869,19.2365797386352,0.594533037082548,-1.21128177473122,-0.564371626571553,17.617152393076,7.74825213401012,-1.12554961155885,745.190048213662,678.506970291403,0
4.92,-1.37358378205332,-1.10909938812256,-0.0168624936474949,14.6877484048351,0.81184484100995,-1.21403576369487,0.642754941234786,12.6930752360784,-7.43470821894603,-2.04543928083236,718.02099804208,644.442993549298,0
4.93,-1.30061461524945,-0.980610311031342,-0.0189463279379253,17.4658770915495,0.872178059077148,0.0506827231531259,1.29976482577295,-1.2981802413446,-17.4393888999825,3.11718481591898,690.967369322776,627.479859887551,0
4.94,-0.931373762081354,-0.603989899158478,0.0122773269704806,17.8369254285475,-0.616064435637105,0.899904857870962,0.240372761001238,-17.1408119630143,-4.97272655401529,1.81863052542742,670.279297511045,632.207743869451,0
4.95,-0.306675991099677,-0.0298394151031971,0.0595062314088624,15.3117004379304,-3.0117459810329,0.174535069250351,-0.25909200044623,-8.75166585153125,12.9200282112048,0.401161081548095,659.364800651731,658.712489467194,0
4.96,0.384700999055574,0.622735619544983,-0.0255976042902316,13.3738562527432,1.32284210076121,0.320732207759555,0.213964826374425,12.2530764384042,5.52015036817015,-1.04892537393847,661.469115722356,702.409726307868,0
4.97,0.885563285453802,1.22223913669586,0.0267593450424322,18.3083768143192,-1.32843379059171,0.554460469162558,-0.691022418758515,12.8944592175663,-13.0650036126136,-2.43519590041715,676.595816959387,754.989473694503,0
4.98,1.26298394518982,1.65105640888214,-0.00503438715546361,20.8806801637421,0.302863665745222,-0.632353760630533,-1.09328976592562,-10.7880324757652,-17.8805169333092,2.61322430773956,702.257036826081,806.252285925993,0
4.99,1.48595111313434,1.81611716747284,0.0134889208343658,17.9880608995574,-0.609107877392533,-1.48592329808923,-0.0162669544197681,-17.9722584979499,-0.969160366168628,1.59082064603195,733.452838872178,846.391856553412,0
5,1.29177547690359,1.69181752204895,0.0183514488801829,21.4846032935897,-0.897584433061801,-0.915630194838564,0.911395635662899,-16.064956525291,14.2937401801597,0.801921313837193,765.098725742394,868.166531514346,0
5.01,0.85163701192492,1.31682622432709,0.00932160625802131,24.7447621440988,-0.47967626153769,-0.181069253600625,0.832217770673126,-5.992635236296,24.0129478783553,0.225180555999503,790.723236713379,868.432673996181,0
5.02,0.333485652915324,0.769868612289429,0.0303784274870497,23.307133088822,-1.49594678383768,0.0951426350285692,0.321066050146642,3.1005633552525,23.1483653090278,-0.197246735797355,806.428344991724,848.678011648858,0
5.03,-0.259632982231048,0.173319041728973,0.0128827194181229,23.1382701733256,-0.620099975973652,-0.124370484523933,-0.228270086741727,11.5343490618429,20.0679561070273,-0.548450630532921,810.049025836542,814.449383758306,0
5.04,-0.65533704018124,-0.352378129959106,-0.0518526013305535,16.6411192392805,2.59386682974638,-0.551631513345999,-0.357572373068525,14.7847586710318,8.0663440111219,-0.916722303211804,802.206387486437,773.849377279426,0
5.05,-0.986962803223672,-0.707513630390167,-0.0173202509670365,15.4680787472493,0.827778705728203,-0.972006128980314,-0.172045491848508,15.3402321668635,2.15033829512668,-1.37806310542122,785.14757996813,735.50704982043,0
5.06,-1.10858292761825,-0.842371821403503,-0.0117850858251536,14.808542269946,0.516428272789564,-1.01038997855662,0.456297147577012,13.3526007740195,-6.4239921303942,-1.98435378925281,763.212530142327,706.549692875732,0
5.07,-1.0648878480832,-0.763723134994507,0.00974968794794517,16.5585818022851,-0.553908184680578,-0.411554648153538,0.982193441738217,6.77196639328764,-15.1206453813389,-2.75395685401276,741.260563294808,691.085063540621,0
5.08,-0.875549776726824,-0.514237582683563,-0.0155098201161238,19.5682186579344,0.768604244532842,0.457104763307829,0.746915792715431,-10.5798844170965,-16.479441120691,2.61011634379292,723.301630221896,689.553500910205,0
5.09,-0.512857870909614,-0.179208308458328,-0.0343239597409111,18.1874383990252,1.67667137373283,0.513159401193985,-0.0294747168344072,-18.202474362123,1.50468252800561,1.5802488125022,711.242941017298,699.068680826348,0
5.1,-0.200302235481512,0.143081858754158,-0.0192429808684288,18.6764672650158,0.965807407416935,-0.200620736230188,0.0155755592532435,18.6910098560558,-0.623990392757805,-1.55250194314708,706.477474876774,714.599910317007,0
5.11,0.147397472035888,0.389346450567245,-0.0544463123716677,13.6070424965885,2.74098996982309,0.116946493225447,-0.104947288748752,3.92660264634287,-13.3133926245856,-2.65600901717057,707.594212222681,730.629232300579,0
5.12,0.132411955816043,0.518166720867157,0.0176212803225151,20.7997799277937,-0.913698084646939,-0.0887672191615903,-0.0998189178740815,-10.8939814905551,-17.7422336958451,2.54703231675375,712.333817928346,742.80139131195,0
5.13,0.191361440859665,0.53187084197998,0.0945038056427005,18.5399325930483,-4.69267627529363,-0.184977094373703,0.10645959273782,-18.8004073133358,-3.50642211265972,1.50728028322206,718.385921219016,749.103344559856,0
5.14,0.211844108859677,0.471323102712631,0.0795318740318091,14.4909012294147,-3.97339274515931,-0.0340775776228345,0.22370061275938,-10.5452879350616,10.7037830095056,0.510317872687333,723.706350183634,750.25546275074,0
5.15,0.072392847622501,0.39390555024147,0.02990867767128,17.5950625028034,-1.53385660800871,0.0585708882814933,0.0520067729517608,6.32002131895661,16.4923094531792,-0.452904729800488,727.473338764419,749.227487143826,0
5.16,0.029090223383751,0.358923703432083,-0.0298460339188987,18.0135149498216,1.52740187283978,0.0233689566532907,0.0345096899745739,18.0004587746272,1.67426438519853,-1.39346119303515,730.108257601799,750.044373839062,0
5.17,0.0798230880659131,0.406378477811813,0.0161530365318885,17.8521317204881,-0.801866326919969,0.0477221441591529,-0.0659942644055684,13.6659113928469,-11.5145326598504,-2.31584995047848,732.722052029825,756.2506350747,0
5.18,0.147927055182475,0.5355264544487,-0.0195510983632483,20.9068741703317,0.947362491423823,0.00895931755037722,-0.148944250413367,-2.43488896254886,-20.7862021303627,3.07026686443389,737.31812536297,769.50050848906,0
5.19,0.334318709918078,0.712576806545258,0.0594183828310412,20.4423280909648,-2.93195155351037,-0.302459393240003,-0.154330358194471,-14.5330928213443,-14.6722299169885,2.21850453410728,745.195528409803,788.707897921624,0
5.2,0.554919035643905,0.872279822826385,0.0312510337591555,17.4000095375965,-1.5246133407653,-0.545920140160152,0.104321444576356,-17.4488671649126,0.788550828115592,1.43823676422895,756.649960760705,810.033447383485,0
5.21,0.612595175162865,0.944489598274231,0.0624305118771383,18.1293191526513,-3.1186432277064,-0.372754603308309,0.490126945962501,-14.6591620951292,11.1133755083294,0.751765089886897,770.57176172501,827.749125602319,0
5.22,0.572216313500051,0.872847139835358,0.0517589835602915,16.56878993299,-2.61126219428977,-0.0446546174333962,0.572814513570196,-5.34509440406898,15.8988507730108,0.168007197256131,784.319633855448,835.768405067325,0
5.23,0.217558617581013,0.630828499794006,0.0102399187953131,22.2034221864175,-0.539031955893682,0.0793073017516056,0.202847134339077,6.59305438167148,21.2088223661309,-0.325665721361026,794.40632452592,829.432260465991,0
5.24,-0.153836066844895,0.237817794084549,0.0454025420110938,21.1252156058086,-2.24395246777774,-0.0742171831909893,-0.142192601785646,13.062237378918,16.7537461997711,-0.768040001340309,797.841845439062,807.053217323915,0
5.25,-0.555100432974498,-0.236897885799408,-0.0560660221242833,17.4552336715018,2.80809855584327,-0.540358483612095,-0.138897799528116,17.3522488044754,3.38674791704953,-1.21853557662603,792.049117699304,770.767511414561,0
5.26,-1.00667230793533,-0.695524632930756,-0.0120283765479546,17.1049270391626,0.558554078819583,-0.988838485202202,0.189029806086854,16.7395629384768,-3.56055393201921,-1.74773289231723,776.478529500412,726.418309689754,0
5.27,-1.35845633907948,-1.03398752212524,-0.0106787573709465,17.773282686155,0.448426305605299,-0.887768256510857,1.02829236298627,11.3829823090486,-13.6571731095941,-2.42154274672747,752.658156365141,682.446045780922,0
5.28,-1.46795007077772,-1.16209745407104,-0.0378667117868762,16.8446477674729,1.87461218079651,0.251694898493469,1.44670694206886,-4.31286048577295,-16.3907157765876,2.99512890016389,724.767230862322,648.028152405403,0
5.29,-1.27865108299706,-1.02110767364502,-0.0281295584611549,14.4312538512869,1.37234808882938,1.2107162529524,0.412196578037327,-14.0263750008658,-3.66131551935679,1.92094009339612,697.249493754247,630.918409212473,0
5.3,-0.888972341782729,-0.632510721683502,-0.0638230134305682,14.3792390410043,3.12808069739032,0.497531541617998,-0.739464378177371,-6.39707828464752,13.2523504959618,0.66392645683431,675.37304129431,635.529176375512,0
5.31,-0.346654460803772,-0.0549130700528622,-0.029440013569224,16.1453848945851,1.48228227476049,-0.249907731012427,-0.242037508610401,11.7232011800766,11.1998735808854,-0.716672155994428,664.152487665579,661.751471851776,0
5.32,0.256331673360765,0.596678078174591,-0.0575310436198888,18.5779181638242,2.85352174426553,0.247443698279093,-0.0882460420069269,14.1832351906394,-12.3335910899362,-2.13414727847657,665.738021049211,704.829094647684,0
5.33,0.876778316950398,1.19083631038666,0.0443272173196493,17.2658386878941,-2.1646601569544,-0.342022274815576,-0.808533167408521,-3.8814805871568,-16.9625778596006,2.79191779072857,680.171538672622,756.339436225194,0
5.34,1.21298444211335,1.60466623306274,0.0166203652188401,21.1496553362198,-0.81501191440432,-1.21309055612094,0.00433543530023201,-21.1403170131018,-1.02915589055898,1.58092365173695,705.056443271429,806.053648388468,0
5.35,1.33227276490581,1.76329922676086,-0.000780436090711415,23.1195666801939,0.0733708785779753,1.32514817114925,0.13759961369883,23.0048562080038,2.30137732995407,-1.46791576671936,735.270650551074,844.225521603601,0
5.36,1.2294199684859,1.62401926517487,0.0604761646297448,21.3009537336887,-2.9561074124755,0.919083496503693,-0.8187895650622,18.4373336182728,-11.0695045077612,-2.24939650502034,765.112345020408,863.750167160282,0
5.37,0.893979429895335,1.23182713985443,-0.0184350763132343,18.466079247649,0.955116589258837,0.292368732966194,-0.845020471407886,4.76796193899093,-17.8654658329377,-2.82911301147094,789.472291947502,861.668620608272,0
5.38,0.364455850312821,0.679197013378143,0.00538970668529307,17.3135129069471,-0.283443975427047,-0.0511331866714114,-0.36089127585219,-1.89387893220991,-17.2119520176057,3.01563094369732,803.351939897052,839.663382977082,0
5.39,-0.215354983561017,0.0813959687948227,0.0415699240497342,16.4166558554746,-2.13288185960834,0.0681326467869336,0.208479663209325,-6.09971924224445,-15.3899057719639,2.63504258326583,805.008163755025,803.448167120545,0
5.4,-0.770576125491119,-0.442772924900055,-0.0669409880284686,17.9717944266697,3.278427976338,0.652768479123044,0.414924057772648,-16.2673565729734,-8.31303765408592,2.22366226881871,795.124426050196,761.234933329621,0
5.41,-1.1103048266355,-0.791289150714874,0.086203650085051,17.5348182226185,-4.32313550870308,1.08875571297157,0.234134309339405,-16.7978205621484,-6.6326898833542,1.7051338038399,776.611023346772,721.689640216731,0
5.42,-1.16683069377189,-0.914267182350159,-0.0181228282330494,14.2145098168273,0.876213567403619,0.990800178675409,-0.616552763977375,-11.7324715112072,8.07274128082236,1.02968750357935,753.352093964135,691.906060915191,0
5.43,-1.14789674677782,-0.821188628673553,-0.0322427408512054,17.9239742466803,1.54398547673027,0.176010045471333,-1.13478059531078,-1.72498128884128,17.9074616710789,0.181959904116797,729.976039770342,675.905211286887,0
5.44,-0.810007263172394,-0.565924525260925,0.0244877449935184,13.7949298432509,-1.23207015384327,-0.577226501546631,-0.56878904873348,9.27627816294667,10.2843935012155,-0.822982762675798,710.974087870832,674.014312334721,0
5.45,-0.54289704710834,-0.220832645893097,-0.0499533928132691,17.696338496751,2.48985967819623,-0.486781326703529,0.245512698623236,15.5513128045981,-8.80434367015743,-1.94617102104092,698.139403460341,683.236514590752,0
5.46,-0.225496461575454,0.110709249973297,-0.0128887711152446,18.4057338159739,0.599372165834672,0.0117512127971875,0.225558603475253,-0.506526819045834,-18.4085228869469,-3.13654867561721,692.48423179226,698.456786338918,0
5.47,0.0987812570157567,0.359796106815338,0.00464904084565304,14.6484745940601,-0.202636315598998,-0.0938399307906391,-0.0311996427480442,-13.5947917930985,-5.45898392665934,1.93880550885667,693.057964973521,714.111742116189,0
5.48,0.145619241626575,0.490060687065125,-0.00360502269958527,18.8222200334729,0.163345663212809,-0.101890330218495,0.104097648045139,-12.7094836660481,13.8842239155314,0.749931369240254,697.266736658119,725.839346074102,0
5.49,0.206422557844568,0.503684818744659,-0.03389965375302,16.4656062628819,1.71737934587067,0.0495151797598987,0.203242972535371,8.01906009161209,14.4831024531691,-0.401741872342315,702.916072198198,731.64684651641,0
5.5,0.131485286376941,0.439517319202423,-0.0581160724827259,17.0064378588424,2.92317269775559,0.127937592674151,0.0655578431248825,17.1460419945483,-1.94347914543883,-1.51344031832843,707.883143886457,732.283903110201,0
5.51,-4.76638238353578,-4.59999990463257,-0.0868041793209364,9.9251803046487,4.16843361824572,-1.07512402792181,4.64435617887055,-1.62916164306238,-10.6409997298319,-2.89589943572167,618.949132775969,0,0
5.52,-4.67737867215533,-4.59999990463257,-0.0912626465062851,5.47580881330906,4.44261651364437,4.46170849877559,-1.40689636623832,-4.0003395976597,5.80677248999947,1.28484722739986,521.257636132764,0,0
5.53,-4.58249061377221,-4.59999990463257,-0.0722523213477799,0.731828182590712,3.52347091413621,-4.58195371521474,-0.100701414490584,0.864251407045911,-3.49334929215746,-1.53305629568499,424.421840947048,0,0
5.54,-4.52128315854574,-4.59999990463257,0.0204403409575469,-2.32851847611462,-1.10357225237098,4.25551558061364,-1.52741819762707,1.8105374278781,-1.83352781055071,1.2216703383181,327.078293668429,0,0
5.55,-3.77569683170077,-3.80873847007751,-0.000988616522656249,-0.0449756490668938,-0.00695042338118163,-0.545187714165793,3.73612873153489,0.000371458639296538,0.0455080148176709,-2.99643036265782,236.779497301731,0,0
5.56,-2.70546774448047,-2.72871851921082,-0.0196738655170641,0.444384018404697,0.960817849729399,-2.70295071199975,-0.118322550296376,0.492804643612713,-0.936905373773616,-1.51977716752519,171.32220647104,0,0
5.57,-1.96648261494672,-1.98391008377075,0.0420672253730366,0.735262592041552,-2.11345379586079,-0.80035389584591,-1.79673514123328,-1.59826615315531,1.56615558938829,-0.440451737845638,125.045384076663,0,0
5.58,-1.30394152958058,-1.39588475227356,-0.0324090932500379,-2.99076675489832,1.61060226460252,0.398896359513411,-1.24185166435335,2.50583394283608,-2.29336470886738,0.335650627374329,88.6659704287781,0,0
5.59,-0.979625968924381,-0.995746433734894,0.00820225700282101,0.800190753732846,-0.418141761278259,0.766220862467947,-0.610442385430311,-0.884935921864019,0.178986561168996,0.889702782474295,64.2273862104738,0,0
5.6,-0.679537899523873,-0.728796720504761,-0.0172777135200801,-0.857058267978956,0.860616699348163,0.649572709492591,-0.200313682399017,1.05777996743915,0.596918351529282,1.29709168279167,47.869779744411,0,0
5.61,-0.447618169008651,-0.537127137184143,0.062783018457906,-2.86974645726758,-3.14572014389674,0.445428188354909,0.0767949324643678,2.96702239633768,-3.05414113170105,1.60217378947319,35.9606103472147,0,0
5.62,-0.37238578262552,-0.398320436477661,-0.0602233035812114,0.308708573736255,3.01310483429938,0.375269118532106,0.0383550006125919,-1.07913745821479,2.8301173248214,1.83298399415792,27.4415823225174,0,0
5.63,-0.23210200701798,-0.297157108783722,0.0278447452711127,-1.64757476292735,-1.39544711658472,0.198241738711289,0.123882543296918,2.08453613936497,-0.562569407541066,2.00993128504324,21.2079127267449,0,0
5.64,-0.185402687516152,-0.222624033689499,-0.0555964517823576,-0.256120650749866,2.78195891152132,0.185724223862816,0.0545127018185184,-1.30252215862396,2.47150342897335,2.1476285763456,16.5730748076259,0,0
5.65,-0.168036613628156,-0.167945072054863,-0.00723417479097853,1.60930098498639,0.360788429932228,0.134685528568367,0.100739491753653,-1.4743723639898,-0.739083272543936,2.25601566505593,13.1634952948288,0,0
5.66,-0.0548050029037631,-0.128134056925774,0.0282031469645339,-2.06195562313174,-1.41324730558894,0.0195778868558043,0.0584440945540771,2.46313946372615,0.426465614972443,2.34309008557542,10.6817930527065,0,0
5.67,-0.0655546202398122,-0.0986474007368088,0.0710891930565272,-0.0503826123797162,-3.56037197679128,-0.00955296269796482,0.0962279715462478,2.6938587705855,-2.32849993448367,2.4146630379219,8.89151435287077,0,0
5.68,-0.039674256238878,-0.0765266269445419,0.0646047924436303,-0.238562700862892,-3.23564903180798,-0.0262253149025578,0.0711340893879606,2.69003350911856,-1.81385130016278,2.47473751311761,7.53854058969963,0,0
5.69,-0.0310365979187438,-0.0612505003809929,-0.00715220946904285,0.0931094612116599,0.356608536106262,0.0237521210968838,0.0212193603592994,-0.344966938316729,0.129756815849336,2.52642505615502,6.64300733022088,0,0
5.7,0.000992114543029863,-0.0498889796435833,-0.0488750975808338,-0.940426407735893,2.44535911358457,0.0406274173742376,-0.0271877253977233,-1.55241477707848,2.11049553012237,2.5721368641671,5.86311129291751,0,0
5.71,-0.00661929245205691,-0.0407195426523685,0.0667091935902374,-0.101569179618691,-3.34104003540141,-0.0542717341598505,0.0393511170528632,2.93648942323502,-1.59683896609279,2.61313717345468,5.32687730747302,0,0
5.72,0.0223955167582669,-0.0341612659394741,0.068967157755922,-1.22457308668797,-3.45397207777539,-0.0713785297421951,0.0127723729840076,3.62329464092041,-0.548851804925481,2.65054280838843,4.93507016194936,0,0
5.73,-0.0233734995273501,-0.0296740159392357,-0.0254184529606544,1.28806685998514,1.27132432001738,0.0331151471621404,0.00978801611654889,-1.70870612832624,-0.596410202360746,2.68547408448076,4.64306585949813,0,0
5.74,0.00520225056516976,-0.025653999298811,-0.0370901882725598,0.0601009844442026,1.85570573018598,0.0316868813163489,-0.0199671487569047,-1.71686325963957,0.706849653799186,2.71865663097746,4.44170040391325,0,0
5.75,-0.00186632739854717,-0.024342093616724,0.0652730541281816,0.478963778224196,-3.26885654663072,-0.0596372571710284,0.0265979760563791,2.83972220020263,-1.68843337119876,2.75065829916012,4.25559505228054,0,0
5.76,0.0142318741111559,-0.0225010067224503,0.0734203861697438,-0.234103893888497,-3.67662580897871,-0.0737299338053402,0.0125298127316516,3.52362612823935,-1.07537941247315,2.78179246371981,4.22482331465456,0,0
5.77,-0.0266546256360723,-0.0216486193239689,-0.0179535242218802,1.85267582938542,0.897896755388777,0.0256084013729786,0.0194166907300196,-1.44876746169661,-1.46277105319179,2.81229538366529,4.11426623744762,0,0
5.78,0.0108611870481413,-0.0185488797724247,-0.0333927064999001,0.131726357595845,1.67085201927453,0.0286988853294023,-0.0202339371436456,-1.6352865675184,0.367336556434493,2.8419540615691,3.99656048354679,0,0
5.79,0.00044595141513399,-0.0191263556480408,0.0697796240278069,0.623461338482677,-3.49423071367103,-0.0673594634341453,0.0182235421362254,3.20040945148844,-1.53483929574663,2.87098524964804,3.92604941340722,0,0
5.8,0.0640009167750577,-0.0184359103441238,-0.0281146483699211,-2.5199671685063,1.40675685803546,0.011987995088997,-0.0688682711759076,-0.763083407595573,2.78332590636307,2.90002939083867,3.96943115550238,0,0
5.81,-0.0248703158907904,-0.0190479904413223,-0.0167240238894825,1.89281593328559,0.836532785566508,0.0215948069597747,0.0207819609260953,-1.21705672775849,-1.67371209592488,2.92901065019296,3.94693073827652,0,0
5.82,-0.0142382984202103,-0.0198891311883926,-0.0119222467803279,1.31893578060154,0.596203575693142,0.0143198283815333,0.0118241966034668,-0.826827910130877,-1.18802605360694,2.95812193783316,4.02689393399292,0,0
5.83,-0.0106306624842036,-0.0212676785886288,-0.00481045045341906,1.06938569178641,0.240226507606811,0.0063825737632869,0.00976801774026108,-0.401251081732949,-1.01994710753186,2.98775704665355,4.12397515737173,0,0
5.84,-0.0043520280025083,-0.0218019410967827,-0.00251289292393824,0.728511770524821,0.125239574161098,0.00303089562450508,0.00400854715516123,-0.214210452887419,-0.70748019944238,3.01783528456335,4.17069221424296,0,0
5.85,0.00394932948149408,-0.0217792205512524,-0.00221294562867698,0.314360261895114,0.110243964374059,0.00183455054631056,-0.00413869013117803,-0.139112635118004,-0.302694203264943,3.04809155317008,4.18586128537878,0,0
5.86,0.0138327258486244,-0.0213200934231281,-0.00194521492847974,-0.157064935205191,0.0968524854176293,0.00106796034205213,-0.0139279440776083,-0.0867424465957013,0.162866650242384,3.07841242379815,4.17853865044808,0,0
5.87,0.024570071630838,-0.0205614790320396,-0.00157614756327547,-0.656207968728466,0.0783806625965514,0.000767553905766032,-0.024608606666926,-0.0567654425754182,0.658430035023487,3.10871170465808,4.15801778734431,0,0
5.88,0.0370550761627688,-0.0198954567313194,-0.00134701810601486,-1.24735570595043,0.0668748866901672,0.00124914693454353,-0.0370585045454137,-0.0635802517982867,1.24752797933281,3.13895154210537,4.12191545057062,0,0
5.89,0.0384630992115715,-0.0204707831144333,-0.000994580036516632,-1.34675622204739,0.0491888733914262,0.00205860058779746,-0.0384208453060074,-0.086439244036009,1.34487922282239,-3.11391580541536,4.16133457751353,0,0
5.9,0.0448622672920052,-0.0209674686193466,-0.000711425275371852,-1.69176675030483,0.0349681275739303,0.00331890356247252,-0.0447449888998172,-0.13328297920938,1.68687081747123,-3.08341114438862,4.15463759383977,0,0
5.91,0.058554983192006,-0.021325159817934,-0.000343524578644755,-2.39448250549703,0.0165074342951072,0.00553035318652831,-0.058294247223757,-0.22860217352161,2.38360231808486,-3.05287275495755,4.09344387945753,0,0
5.92,-0.0439778351135067,-0.0214847847819328,-0.000180205332097941,2.72398172106245,0.0082668057251287,-0.00504734362763451,0.0436876043922882,0.315506420761782,-2.70566081673542,-3.02247236842457,4.03834338253857,0,0
5.93,-0.0418813596164389,-0.0219111405313015,-0.000589517085023177,2.5976085838478,0.0287139783110011,-0.00565450003506914,0.0415020775753265,0.358471304221302,-2.57291530592829,-2.99210528893261,4.07009135014069,0,0
5.94,-0.0380017813211061,-0.022060003131628,-0.000914422778760965,2.3959597336674,0.0449363945476819,-0.00589841648979932,0.0375523665766667,0.384398566220958,-2.36534988261732,-2.96173584527364,4.08885932818436,0,0
5.95,-0.0330229858183515,-0.0221373774111271,-0.00112360299593435,2.14292774266694,0.0553644371412847,-0.00578859226120297,0.0325310970562792,0.392795847206073,-2.10734808553529,-2.93148376158186,4.10601397662124,0,0
5.96,-0.0298242957589838,-0.0224938988685608,-0.00131153627928957,1.96493822284295,0.0647283066266503,-0.00582582078681126,0.0292791488450602,0.404884713461301,-1.92386079072092,-2.90123567681737,4.13625229137044,0,0
5.97,-0.0277076519100066,-0.0228888466954231,-0.000992900462795447,1.83912454307194,0.0487696713786423,-0.00645610370247388,0.0269632815265133,0.445041200921032,-1.78513189856064,-2.87075713883915,4.16613253683739,0,0
5.98,-0.021076397797757,-0.0227715745568275,-0.000184052964437758,1.5132016621935,0.00826614110884446,-0.00607772583098349,0.0201819143875503,0.441081889615422,-1.44751316616026,-2.84035133255308,4.17524350714089,0,0
5.99,-0.0135760363731507,-0.0226874276995659,0.000899404492869488,1.14216695295732,-0.0459909667129937,-0.00527018892466626,0.0125436358662562,0.415326627927986,-1.06497150646436,-2.80999124379411,4.18812958521677,0,0
6,-0.00496256578778191,-0.0225819610059261,0.0024359511530512,0.716542925791331,-0.122936343571713,-0.00403549183342067,0.00377832276023503,0.368719965821955,-0.626572179303102,-2.77960741257694,4.19906643773401,0,0
6.01,0.00941753232240387,-0.0218223631381989,0.00439449120102463,0.0353087553282769,-0.221011222164679,-0.000460369090759083,-0.0103821735806948,0.217721431182146,0.0518656623360323,-2.74930987856094,4.18065052801623,0,0
6.02,0.0202627932160273,-0.0215659253299236,0.00612326607781332,-0.494355060172661,-0.307592814312644,0.00272718956810419,-0.020991369975178,0.0777447974355882,0.577023406290237,-2.71892961843831,4.18979899761246,0,0
6.03,0.0307704622659336,-0.021632082760334,0.00835336960583824,-1.02327285501028,-0.419278122539698,0.0059656180053158,-0.0313211036466731,-0.0711893186372206,1.10354590332858,-2.68829574956568,4.19490469951976,0,0
6.04,0.0526057769134352,-0.0215000547468662,0.0123423685725215,-2.10863092978852,-0.619015181983499,0.0135476604893398,-0.0523083427563105,-0.433020049840366,2.15452960759956,-2.65771325289744,4.12955073781375,0,0
6.05,0.0683623374016739,-0.0224026627838612,0.0155830546286107,-2.94180400393276,-0.781300632259028,0.020078234639302,-0.0671796491532049,-0.767631223899806,2.94540044469632,-2.62705085733629,4.10889921449349,0,0
6.06,-0.0353400831701361,-0.0228007175028324,0.00183731814502624,2.22318289027658,-0.093229384014583,-0.0198936064986086,0.0292667325972117,1.23235789604789,-1.85270826028026,-2.59654047323347,4.13052752962149,0,0
6.07,-0.025720336603828,-0.0230126976966858,0.00385301189207019,1.73135750016684,-0.194208983601484,-0.0172332623257762,0.0194780924442213,1.10539667664219,-1.34663065090762,-2.56596491568514,4.16785444984103,0,0
6.08,-0.0139158492541814,-0.0230277478694916,0.00932267786303923,1.14014638242866,-0.468100900727483,-0.015589791587397,0.0061254862063861,1.03425840260942,-0.670344525791676,-2.53544142325733,4.19598604675903,0,0
6.09,0.0181181981295986,-0.0212242119014263,0.0413127612420345,-0.37155184420501,-2.06960063552375,-0.0224554998859385,-0.0391249775690333,1.44355677761584,1.52886931857886,-2.50513703686372,4.09185442080306,0,0
6.1,0.00306408486982993,-0.0214872844517231,-0.0674441325195648,0.36780033162006,3.37500918576998,0.0549105435550323,0.0392801710013721,-2.42568514524289,-2.37529275335053,-2.47523959900272,4.07705378673828,0,0
6.11,0.00720468134442488,-0.0224823169410229,-0.0700930244928888,0.110752976391833,3.50750372749854,0.0583834037880449,0.0394501923690812,-2.61914314420276,-2.33558082933807,-2.44492835089576,4.1869199700339,0,0
6.12,-0.0600741616818269,-0.0231241695582867,0.0186775208820708,3.44235317206595,-0.936745911035307,-0.0538976766149122,0.0324468048286548,2.98871789100182,-1.94803840595597,-2.41412420998732,4.23518199927413,0,0
6.13,0.062452925250323,-0.0238352827727795,0.0417649956152898,-2.71980717038484,-2.09267331906827,0.0126505938484661,-0.0740583905195675,-0.352196328022025,3.41358908056386,-2.38296730999409,4.27408559597235,0,0
6.14,-0.0229161666512617,-0.0232939906418324,0.0232932870837211,1.57551991826401,-1.16804023961026,-0.0326735510603576,-0.00040862973368519,1.94122356776202,-0.279699971685234,-2.35184963315629,4.1845387474823,0,0
6.15,-0.00134700233574827,-0.0221246965229511,0.0355251976385514,0.555312882934406,-1.78049638468772,-0.0252097181942705,-0.0250663956546631,1.62029517906679,0.923679222745573,-2.32114653132092,4.15978936763414,0,0
6.16,0.00566691896116034,-0.0213901214301586,-0.0608725643240366,0.241186373178883,3.04538736842984,0.0444120282812369,0.0420137453917518,-1.82752380505258,-2.44800159974731,-2.29110975040166,4.0498881080817,0,0
6.17,0.0211363133185086,-0.0204008892178535,0.0118924497358629,-0.483057304857948,-0.597372722541765,0.00872033037352441,-0.022630288102337,0.00806670835939116,0.76820144339218,-2.26128158918459,4.09401157727545,0,0
6.18,0.0232385593515548,-0.0203970111906528,-0.0676594219731641,-0.588158700316528,3.38518960466,0.0598682855925853,0.0391614147175899,-2.541743796475,-2.31192080083574,-2.23148216384245,4.04052538282028,0,0
6.19,0.0539197510162986,-0.0196731463074684,0.0192093965356356,-2.08621432490642,-0.963615018668422,0.0321924654641299,-0.0473284864776355,-1.11550246487508,2.00910387100959,-2.20204475946733,4.00124686060107,0,0
6.2,-0.0407793102380458,-0.0210582725703716,0.0137733309489972,2.57925158901585,-0.691576667334257,-0.0414170777089354,0.0117167599178866,2.51798544153286,-0.889137988430652,-2.17221212360396,4.04712397568571,0,0
6.21,-0.0397100259198339,-0.0212037228047848,-0.00692444087075671,2.5183181393975,0.344735504080526,-0.0296557298447444,0.0273014967960004,1.93175240660924,-1.65199923079631,-2.14224535486099,3.99960283814734,0,0
6.22,-0.0309644267337189,-0.0222887210547924,0.0593757924718669,2.02653144987889,-2.97443551510435,-0.0571348966170604,-0.0349268384364785,3.26955866517171,1.50468683979853,-2.11220356824253,4.08150264135552,0,0
6.23,-0.0219375243541648,-0.0206312760710716,0.0226511275143494,1.65788150946264,-1.13583011829579,-0.0302180187754749,-0.00901109836512352,2.00168084193445,0.17875951465177,-2.08239007744378,4.00530584145244,0,0
6.24,-0.0158015741874502,-0.020125575363636,-0.0123219639493487,1.37617873683861,0.615081627712823,-0.00828217801626208,0.0182462618000917,0.933798013290091,-1.1833066360213,-2.05319328574217,3.9839692376851,0,0
6.25,0.0274267101536655,-0.0186447985470295,0.0573076597087396,-0.711343478603755,-2.87077176500293,-0.00047028468200146,-0.0635308674855283,0.619076900770891,2.89207258937635,-2.0245697173273,3.90155922092573,0,0
6.26,0.0174037277431902,-0.0187305882573128,-0.0647886189280912,-0.214662884917035,3.24186546281276,0.042562399263669,0.0518545759879351,-1.53188091700997,-2.86515491539983,-1.99566586241855,3.86445775239317,0,0
6.27,0.0229820551798542,-0.0187780298292637,-0.0673186785721165,-0.496153617258211,3.36865842943679,0.0471738949530954,0.053240989659661,-1.75734409705786,-2.91646528363872,-1.96686188616693,3.87866244257126,0,0
6.28,0.0258986452266589,-0.0184857174754143,-0.0731247032098552,-0.627580595263887,3.65943802176071,0.0504361088082122,0.0589420136438512,-1.90014095239142,-3.18979754838841,-1.93819889604593,3.92186651523149,0,0
6.29,0.0286787074592834,-0.0194320492446423,-0.071682636324983,-0.814116482726524,3.58737231601451,0.0508416911454291,0.0581032791975438,-1.95846575794244,-3.11391034811879,-1.909064852745,3.95069511188004,0,0
6.3,0.0643657020158005,-0.0188218764960766,0.0406112511133186,-2.56812512460821,-2.03429119491512,0.0489351029239973,-0.0582887040068112,-1.8263607232286,2.7199290119415,-1.88034526072407,3.89947896020296,0,0
6.31,0.0632490300571658,-0.019818052649498,0.0421689492833859,-2.56232977478023,-2.11216219993628,0.0491005395972714,-0.0580327243724937,-1.87733877123684,2.73904402512554,-1.85134196185741,3.96066464622329,0,0
6.32,0.0621212921285026,-0.0206210985779762,0.0434562329742299,-2.54632706962891,-2.17650190397779,0.0493734803423631,-0.0575305011181685,-1.92557808914056,2.74100184351738,-1.82193309904312,4.00946147233955,0,0
6.33,0.0611299069006811,-0.0212617889046669,0.0447505368562277,-2.5290260473245,-2.24119885323089,0.0498104108742991,-0.0570823881345205,-1.97512059071902,2.74186865110037,-1.79220246675271,4.04820637304471,0,0
6.34,0.0602534630041704,-0.0217817276716232,0.0460508907406433,-2.51143624049433,-2.30620588270414,0.050391683009248,-0.0566731208378105,-2.02680559997832,2.74188924345678,-1.76221504597655,4.079510331432,0,0
6.35,-0.0300531399953544,-0.0213455744087696,-0.00402504786446004,2.02551557521402,0.200810047769978,-0.029014252898094,0.00880711999787712,1.96683290369772,-0.524028958791384,-1.73236313502937,4.01656890623875,0,0
6.36,-0.0245126717498414,-0.0214253403246403,-0.00376664227772777,1.74428424689248,0.187951970631524,-0.0238038694126623,0.00695948786540801,1.70438415070818,-0.415846298572299,-1.70276811677845,4.03351476912279,0,0
6.37,-0.0139359463426072,-0.0209351181983948,-0.00368828674538677,1.23975395740722,0.184100997321528,-0.013485548096967,0.0050945119594139,1.21441782230483,-0.309955488723876,-1.67327027823601,4.02576206267567,0,0
6.38,-0.0203735636594999,-0.0226009786128998,0.00137374021760821,1.47808187727599,-0.0692439190166574,-0.0204195284539611,0.000110073116790602,1.47920653045429,-0.0383248811333378,-1.64351253321825,4.1160485615611,0,0
6.39,-0.0210225333138418,-0.023142296820879,-0.00254531800304345,1.48322055509807,0.126999017454473,-0.0208959818808056,0.00343270912039591,1.47651717010582,-0.189654981169865,-1.61312886595839,4.14795196964845,0,0
6.4,-0.0156129098521274,-0.0228901691734791,-0.002743425741016,1.22511999564524,0.136965383961025,-0.0155790530315841,0.00292958111104967,1.22339795103196,-0.151578275304128,-1.58273229636716,4.14321589532121,0,0
6.41,-0.0146986078726301,-0.0232815258204937,-0.00213851308452703,1.15959620607419,0.106723534759989,-0.0147355378229403,0.00186714666663638,1.16136679159086,-0.0853255495340103,-1.55235796391228,4.16914970878137,0,0
6.42,-0.0224794266760334,-0.0245672352612019,-0.00162965016714706,1.48408219886572,0.0812809975408341,-0.022532412142986,0.000520371376098456,1.4862843961491,-0.00807881891539781,-1.52151798873067,4.23196183355886,0,0
6.43,-0.0227544925125961,-0.024682592600584,0.000675451439651305,1.49182084257802,-0.034086741834657,-0.0226267464407944,-0.00250070183290904,1.48426453035951,0.153786007932305,-1.49039891293981,4.23736329801738,0,0
6.44,0.0634029617558763,-0.025905005633831,-0.0577260087587691,-2.8774637168409,2.88970847311746,0.056547596426801,0.0644561632816152,-2.53615121984897,-3.19345416303433,-1.45869838271923,4.30770525780555,0,0
6.45,-0.0421389183510776,-0.0263607911765575,0.000265892005382563,2.37657627015868,-0.0135585119776997,-0.0416621505811514,-0.00632647985144752,2.34989406318583,0.35538217869274,-1.42640545836951,4.29685771589213,0,0
6.46,-0.0145676433705542,-0.0227848887443542,0.00223903387891003,1.17664718128749,-0.112326277273115,-0.0139531577454996,-0.00474751461417041,1.138975488667,0.315991484083995,-1.39534246630756,4.13120526018061,0,0
6.47,0.0144226395197357,-0.0197728201746941,0.00081344974894503,-0.122418626692335,-0.0409632912884291,0.0142850817005822,0.00214724754464742,-0.128202236279356,0.0151161505480163,-1.36525811631218,3.99557706770151,0,0
6.48,0.0303337703707503,-0.0192584469914436,0.00461790753787047,-0.892450847455325,-0.231427304826195,0.0305761324529643,0.00256179998292429,-0.921801647649003,0.0175737000778755,-1.33613072186461,3.9796862185466,0,0
6.49,0.0531478729158101,-0.0202348157763481,0.00219841204031129,-2.08214699347983,-0.110327297392507,0.0518809509181799,0.0117429273522193,-2.03882705481532,-0.436683472964235,-1.3068627849116,3.91333905142722,0,0
6.5,0.0525132314981223,-0.0214701481163502,0.0167571472376074,-2.1124269474746,-0.839166183874445,0.0551153190851648,-0.000862013955050693,-2.26481998520237,0.19271203180704,-1.27754588328292,3.99108675129014,0,0
