t,iq,iq_ref,id,vq,vd,ia,ib,va,vb,theta_e,omega,r,"T_ass:0.49,S_pct:-1.22,kp:0.0922,ki:0.0002"
0,0,0,0,0,0,0,0,0,0,0,0,0,0
0.01,0.000653195091709247,1.87499481398845e-05,0.000371727524856664,-0.0317202656552752,-0.0186104888725542,0.000513456295828393,-0.000548824027210269,-0.024768492142921,0.0271854252547712,-1.87209409689935,-0.0018912462235884,0,0
0.02,0.00072316597143941,1.77321908267913e-05,0.000411622870437701,-0.0352694009937753,-0.0206078465250757,0.000568427271291338,-0.00060769469881476,-0.0275645878653096,0.0301464339628491,-1.87210814093673,-0.00200379856066278,0,0
0.03,0.000749911692382534,1.78643731487682e-05,0.000426939100950057,-0.0365999059616266,-0.0213746367132555,0.000589413623860226,-0.000630266707275607,-0.0286071428832391,0.0312739442200932,-1.87212237908701,-0.00198479980892742,0,0
0.04,0.000733843385713978,1.6320895156241e-05,0.000418149251568612,-0.0358736259695434,-0.0209345831242043,0.000576669884999127,-0.000617111622867888,-0.0280437852431548,0.0306385365189451,-1.87213553801583,-0.00184439324996098,0,0
0.05,0.000749412888504838,1.6085503375507e-05,0.000427153780371498,-0.0366637402053957,-0.0213853835076043,0.000588857141442785,-0.000630339032993086,-0.0286640951091561,0.0313038995204962,-1.87214845861996,-0.00180094459797657,0,0
0.06,0.000749549511091576,1.52574102685321e-05,0.000427455163450902,-0.036711894484748,-0.0214004710757897,0.000588890355714495,-0.000630674666753718,-0.028705213804507,0.0313329548456975,-1.87216082250198,-0.00171490566604263,0,0
0.07,0.00076967231196195,1.52960747072939e-05,0.000439173310918079,-0.0377159649468206,-0.0219871479382504,0.000604620524076332,-0.000647844647032963,-0.0294895198403709,0.0321915657573949,-1.87217243659474,-0.00169430741482004,0,0
0.08,0.000749498189717588,1.37117631311412e-05,0.000427856054074484,-0.0367864596966614,-0.0214205562311115,0.000588707907654958,-0.000631055733562933,-0.0287697385708326,0.0313749261167297,-1.8721837143332,-0.00155468740162444,0,0
0.09,0.000748425384323128,1.2954249541508e-05,0.000427471521047882,-0.0367706288177667,-0.0214013027875293,0.000587790932934345,-0.00063037629743383,-0.0287600047060936,0.0313521456038173,-1.87219429894838,-0.00147744646584983,0,0
0.1,0.000748049219513811,1.2261653864698e-05,0.000427456325584277,-0.0367863855720266,-0.0214005326022336,0.000587429905507983,-0.000630256020369592,-0.0287749648853607,0.0313563766235726,-1.87220434264401,-0.00140608580040217,0,0
0.11,0.000747714818741173,1.16051141958451e-05,0.00042745371495123,-0.0368024309435176,-0.0214004045243514,0.000587105346570794,-0.000630159853226735,-0.028790025935987,0.0313612921252212,-1.87221387700147,-0.00133841268043878,0,0
0.12,0.000747398229523083,1.09818920464022e-05,0.000427451635275427,-0.0368177041331593,-0.0214002983301106,0.000586797944943259,-0.000630069191283184,-0.0288043581928562,0.0313659856429259,-1.87222292799023,-0.00127417285879652,0,0
0.13,0.000783030121629588,1.18306270451285e-05,0.00044789375153352,-0.0385566977484198,-0.0224237267012441,0.000614748485368288,-0.000660173676981606,-0.0301608136293392,0.0328598201707093,-1.87223192128944,-0.00131861235922296,0,0
0.14,0.000821869141245125,9.70943710854044e-06,0.0004705673533609,-0.040604538852284,-0.0235588854518871,0.000645098805658531,-0.000693361413923516,-0.0317790073004697,0.034552052820903,-1.87224043044661,-0.00137609767277517,0,0
0.15,0.000749167473288022,9.32339571591001e-06,0.000428902019017109,-0.0369889175363053,-0.0214729228561566,0.000588040604639091,-0.000631994534980646,-0.0289454830876127,0.0314869091102758,-1.87224859599559,-0.00110002614824464,0,0
0.16,0.000746339588137594,8.71519478096161e-06,0.000427493288563044,-0.0368778936774988,-0.0214023893116341,0.000585753899465904,-0.000629813989879811,-0.0288601782798963,0.0313868032776238,-1.87225590319965,-0.00104041507307077,0,0
0.17,0.000746006261290952,8.23490790935466e-06,0.000427444188755973,-0.0368851972343403,-0.0213999222537693,0.000585445824789147,-0.000629672186636437,-0.0288676677548627,0.0313868157970575,-1.87226282416533,-0.000991018031790931,0,0
0.18,0.000745773199206781,7.7824197433074e-06,0.000427441083586236,-0.0368961261026099,-0.0213997718318155,0.000585220059118789,-0.000629603865138623,-0.0288779421996381,0.0313901068833449,-1.87226939369812,-0.000944380741989904,0,0
0.19,0.000745554980159018,7.35299317966565e-06,0.000427439604922714,-0.0369066461824147,-0.0213996985304095,0.000585008194680634,-0.000629541306391333,-0.0288878138077429,0.0313933407434688,-1.87227563015536,-0.000900116896156145,0,0
0.2,0.00074534787877337,6.94534219292109e-06,0.000427438250669072,-0.03691663540634,-0.0213996266916382,0.00058480710934283,-0.000629481980194098,-0.0288971879565551,0.0313964093563203,-1.87228155044218,-0.00085809741552656,0,0
0.21,0.000745151225294516,6.55835765428492e-06,0.000427436966590879,-0.0369261156398541,-0.0213995740796078,0.000584616169457574,-0.000629425645628683,-0.0289060797527141,0.031399336623028,-1.87228717058828,-0.000818208206794087,0,0
0.22,0.000744964729417864,6.19099228060804e-06,0.000427435747526609,-0.0369351246336668,-0.0213995037025444,0.000584435089666983,-0.000629372220793235,-0.0289145357558557,0.0314020988541062,-1.87229250580969,-0.000780341260678022,0,0
0.23,0.000744787517294233,5.84225062993937e-06,0.000427434590139389,-0.0369436683742776,-0.0213994510866111,0.000584263027345064,-0.000629321451757776,-0.0289225506840294,0.0314047321543524,-1.87229757055145,-0.000744394054272157,0,0
0.24,0.000744619327354566,5.51119001102052e-06,0.000427433491313399,-0.0369517808293064,-0.021399397010352,0.000584099724934562,-0.000629273266155251,-0.0289301622538765,0.0314072286397277,-1.87230237852588,-0.000710269262635029,0,0
0.25,0.000744459693941466,5.19691229783348e-06,0.000427432448090868,-0.0369594835381684,-0.0213993443838845,0.000583944730395222,-0.000629227530729564,-0.0289373897638682,0.0314095978503739,-1.87230694275041,-0.000677874494903667,0,0
0.26,0.000751917943025847,5.2123396017123e-06,0.000431745467471804,-0.0373315745500421,-0.0216152710242909,0.000589782997539322,-0.000635563338732026,-0.0292284370925929,0.0317264064300267,-1.8723112310624,-0.000670353902911325,0,0
0.27,0.000726310624053453,3.8781786315667e-06,0.000417166116120537,-0.036117963785779,-0.0208853541220656,0.00056965784492734,-0.000614039600322934,-0.0282862052286451,0.0306691362545132,-1.87231550819752,-0.000563318052808299,0,0
0.28,0.000722960097769221,6.40524513073615e-06,0.000415210699754208,-0.0358240682303753,-0.0207874657275574,0.000567036777579505,-0.000611179614376258,-0.0280345187798928,0.0304884954159564,-1.87231943106565,-0.000525797024399409,0,0
0.29,0.000743149761913234,4.06060325985891e-06,0.00042701611809978,-0.0369507007455526,-0.0213785080946093,0.000582807433276267,-0.000628450339698079,-0.0289346867372388,0.0313875580024396,-1.87232300152621,-0.000561643081472274,0,0
0.3,0.000739407267478515,3.71083342542988e-06,0.000425015007483152,-0.0367810568622281,-0.0212783201583362,0.000579826244330906,-0.000625429764378915,-0.028802358875454,0.0312415936833041,-1.87232592211711,-0.000529949286636495,0,0
0.31,0.000743522956976997,3.65345249520033e-06,0.000427345848643138,-0.0369896763183859,-0.021395016902715,0.000583061929041655,-0.000628879677527081,-0.0289668043450694,0.0314150783612088,-1.87232926582162,-0.000518966036936416,0,0
0.32,0.000743561526600069,3.43924034496013e-06,0.000427423860220692,-0.0370022942610121,-0.0213989055369052,0.000583073577482805,-0.000628967489912783,-0.028977597575009,0.0314226316138028,-1.87233246598391,-0.00049670561436977,0,0
0.33,0.000743460595447106,3.23021367876208e-06,0.000427425824552884,-0.0370076793574547,-0.0213990044264335,0.000582974705567308,-0.000628941161911024,-0.0289826148406817,0.0314244134211507,-1.87233550483011,-0.000475153362148184,0,0
0.34,0.000743359751043682,3.03158253700531e-06,0.000427425254544369,-0.037012550024171,-0.0213989915430436,0.000582876766204409,-0.000628912349308816,-0.0289871789136015,0.0314259312826505,-1.87233838964865,-0.00045467881204718,0,0
0.35,0.000743264000162941,2.84301404462894e-06,0.000427424631170538,-0.0370171731786065,-0.0213989551040467,0.000582783798533452,-0.000628884912711704,-0.0289915182259649,0.0314273489278606,-1.87234112821657,-0.000435241729615551,0,0
0.36,0.000743173138727324,2.66400525106292e-06,0.000427424036589558,-0.0370215637163305,-0.0213989201095347,0.000582695578598372,-0.000628858874360728,-0.0289956393446592,0.0314286948639459,-1.8723437279473,-0.000416790029954751,0,0
0.37,0.000743086729816118,2.49407162300486e-06,0.000427423472027858,-0.0370257239724404,-0.0213989028213391,0.000582611684380715,-0.000628834109835199,-0.0289995394495082,0.031429985513151,-1.8723461958795,-0.000399273775303604,0,0
0.38,0.000743004890566923,2.33275318350934e-06,0.000427422936057287,-0.0370296827594704,-0.0213988678049403,0.00058253222393534,-0.000628810656518433,-0.0290032563679568,0.0314311957878619,-1.87234853869477,-0.000382645542067399,0,0
0.39,0.000742926921763635,2.17961337511952e-06,0.000427422427234277,-0.037033426903706,-0.0213988490370574,0.000582456526019306,-0.000628788309116473,-0.0290067672311047,0.0314323544002581,-1.87235076273626,-0.000366860310260489,0,0
0.4,0.000742853289793581,2.03423701350403e-06,0.000427421944184705,-0.0370370004448015,-0.0213988139999658,0.000582385032580554,-0.000628767208395862,-0.0290101235607768,0.0314334435520804,-1.87235287402551,-0.000351875342252198,0,0
0.41,0.000742783062611057,1.89623074220435e-06,0.000427421485604238,-0.0370403764113692,-0.0213987966640052,0.000582316850410141,-0.000628747079664319,-0.0290132893342917,0.0314344878337159,-1.87235487827861,-0.000337650067079397,0,0
0.42,0.000742716560718656,1.76522109995858e-06,0.000427421050254673,-0.0370435894666606,-0.0213987793156527,0.000582252282491011,-0.000628728020133162,-0.0290163027417999,0.0314354807816059,-1.87235678092206,-0.000324145970604454,0,0
0.43,0.000742653318455091,1.64085338383302e-06,0.000427420636959726,-0.0370466340295202,-0.0213987619566276,0.000582190881273963,-0.000628709893410993,-0.0290191582921348,0.0314364208873981,-1.87235858710707,-0.000311326491237934,0,0
0.44,0.000742593539904138,1.52279062604066e-06,0.00042742024460297,-0.0370495371209233,-0.0213987254268066,0.00058213283887969,-0.000628692761928825,-0.0290218873245338,0.0314372980214362,-1.87236030172382,-0.000299156920953119,0,0
0.45,0.000742536584067421,1.41071336656751e-06,0.000427419872124338,-0.0370522826339744,-0.0213987080482879,0.000582077540622626,-0.000628676437023064,-0.0290244629313111,0.0314381441257706,-1.87236192941461,-0.000287604311315622,0,0
0.46,0.000742482538613574,1.30431794787e-06,0.00042741951851743,-0.0370548901066228,-0.0213986906598422,0.000582025067735176,-0.000628660946364249,-0.0290269093217352,0.0314389468334624,-1.87236347458627,-0.000276637384276037,0,0
0.47,0.000742431287127276,1.20331662856188e-06,0.000427419182826689,-0.0370573680781114,-0.0213986732617106,0.000581975306701641,-0.000628646256922945,-0.0290292345184798,0.0314397088012784,-1.87236494142223,-0.000266226447488723,0,0
0.48,0.000742382392692294,1.10743576442474e-06,0.000427418864144722,-0.0370597083592205,-0.0213986735546019,0.000581927838088936,-0.000628632240394523,-0.0290314253199157,0.0314404446129671,-1.87236633389401,-0.000256343313920392,0,0
0.49,0.000742336147064653,1.01641569472122e-06,0.000427418561610417,-0.0370619384964529,-0.0213986561382446,0.000581882938366227,-0.000628618984828009,-0.0290335184257562,0.0314411287561208,-1.87236765577151,-0.000246961225535445,0,0
0.5,0.000742292346158595,9.30010116917401e-07,0.000427418274405806,-0.0370640605777219,-0.0213986387132814,0.000581840410645212,-0.000628606430926283,-0.0290355104600162,0.0314417788557975,-1.87236891063375,-0.000238054780849916,0,0
0.51,1.86010123796509,1.88341629505157,-0.0110879661787733,1.16624665656288,0.556583846939535,-0.110952562993366,1.85682230901033,0.493157715119705,1.19445063130965,0.0537221583263002,16.5186433462982,213.503962500229,0
0.52,2.15482700328773,2.2265202999115,0.0196928455831724,3.58573411990595,-0.982193533158224,-0.508360603841268,2.09409568041369,-1.83002340294298,3.23623356077965,0.247290783695059,36.8644806924429,272.819035475143,0
0.53,2.76726506290984,2.84462451934814,0.0175156405451746,3.86986971306826,-0.868516198610546,-1.56414609894057,2.28287312552277,-2.92084403445039,2.68307325837136,0.607029945401464,62.4075523544687,364.325659003039,0
0.54,3.41324453835263,3.55898642539978,-0.018058929290337,7.29006152543915,0.920571371036386,-3.16583007410988,1.27596408467581,-6.39837969790649,3.61291930926751,1.18237906485532,96.1300430832337,471.739788408171,0
0.55,3.99142448354479,4.1429557800293,-0.0304208345277384,7.58085105993577,1.54563390060029,-3.54218007155798,-1.83993347044715,-7.4558480520893,-2.06606310933872,2.04224963238848,139.836100026593,573.562357493228,0
0.56,4.30117133331784,4.46572113037109,0.00809053522647507,8.23322810611184,-0.370158053662693,0.386872590795782,-4.28374484461976,1.12456059701274,-8.16446112708044,-3.04964421515667,184.829991680431,648.677563882314,0
0.57,4.26494037396381,4.39432287216187,0.033604209014328,6.4763233188025,-1.63465116761467,4.26275879602233,0.140474493287247,6.40421861305621,1.89758586778922,-1.52997534445975,230.472210538956,681.907682629403,0
0.58,3.7305792092173,3.86805319786072,0.0313050849246264,6.88242435570108,-1.52297265990718,-1.17792662698541,3.53987148156897,-3.66874438480657,6.01893058389299,0.329625493644955,274.689767376522,667.970648352843,0
0.59,2.87452346649404,3.02019762992859,0.0404323352720835,7.29376359448223,-1.99049482859907,-1.80707389290191,-2.23584522692265,-2.93902119960789,-6.96586042231176,2.47591924259934,310.417631713525,612.73648505612,0
0.6,1.87462939652691,1.99768733978271,0.0298154784146887,6.16403066674762,-1.46022823514485,1.86085724447949,0.2287676829103,5.90403792193487,2.29562121781325,-1.43256999310015,335.382834064152,531.44085025902,0
0.61,0.887286533393925,0.998498380184174,-0.0222255518344944,5.57255331196396,1.12608523401144,-0.796334037481407,0.391948297923487,-4.41415043860358,3.58283327470243,1.08837189735982,350.37682066718,444.37204017137,0
0.62,0.128384021909162,0.213447630405426,-0.0276523921279763,4.26573018677857,1.38045754781825,0.0896298374630408,-0.0959875205863789,1.0048223561554,-4.36949071406413,-2.60257975507309,355.642673354522,371.258234644434,0
0.63,-0.295448316304754,-0.247403711080551,0.0314823181414509,2.41521059741883,-1.58831631168329,0.0323370418316554,-0.2953559880694,-1.59529787687353,2.41060482449659,0.00289342202679213,354.365835763523,325.943104171424,0
0.64,-0.382126544354928,-0.366478085517883,0.0556402015547986,0.79577166194572,-2.78719763668694,0.15414244995891,0.354057386662618,1.94907736709884,-2.1454185188378,2.58638913802876,350.381720564656,312.848011060966,0
0.65,-0.271968707889439,-0.219975516200066,0.0489420471971856,2.61340334374653,-2.45445315132293,-0.227246339516687,-0.1572304144597,1.36154319767915,3.31668771969841,-1.14358032671591,346.619031158052,326.204028860398,0
0.66,-0.0410521543075362,0.042957779020071,-0.00103536656131591,4.21478286073718,0.0456663744757905,0.040199983018385,-0.008385268184597,-4.13817186306345,0.801257519572597,1.39037147852107,345.170542707874,352.243774743368,0
0.67,0.230434185328805,0.251933395862579,-0.00042446490853161,1.08977877386973,0.0176176361049155,0.162725559002107,-0.163157857261182,0.755647474770794,-0.785445765760724,-2.35936305230894,346.446843460783,373.697484854284,0
0.68,0.249768722262905,0.268317610025406,0.00238393178481677,0.942797009561927,-0.110909662002941,-0.0445958796185761,0.245766770074077,-0.286107099974431,0.905157379525097,0.189047249411661,348.857579881027,375.280513594938,0
0.69,-0.0523641422445133,0.0256960261613131,-0.00327929815543871,3.91894029729746,0.163534384304612,0.0229183666449993,0.0471964581268687,-1.63945921949348,-3.56328640671075,2.75207847147871,349.965515872497,348.577511286989,0
0.7,-0.508497235649815,-0.44689816236496,0.00172498151476955,3.09628804080523,-0.0997499061640624,-0.419378666109067,-0.28756555537357,2.5034162434318,1.82478951869388,-0.973128474671929,347.080680474225,294.902133071726,0
0.71,-1.06827508512127,-1.03444468975067,-0.0198775751072946,1.70806838099434,0.971965130366354,1.06737277190926,-0.0481886010354187,-1.68170314953043,1.01690133526323,1.54428505751306,338.474598006719,225.290846407008,0
0.72,-1.62308503004192,-1.56573128700256,-0.0190550094618266,2.8842766779146,0.934233919254469,-1.18973793594894,1.10421544632184,1.50949539308266,-2.6293095346326,-2.30719059005996,324.27791219268,157.610242675597,0
0.73,-1.87616796223186,-1.85493957996368,0.00604980269874433,1.07795995115854,-0.330886562491117,0.00513821824298977,-1.87617068022375,-0.330362769279155,1.0781205935391,-0.000485875356508063,305.004253869804,111.58552759059,0
0.74,-1.77240433530694,-1.78454458713531,-0.0391166502507908,-0.590520739159901,1.9296589186416,1.49247574145217,0.956798516574139,-0.587044481986479,1.93071931202862,2.16294258763318,284.826466219162,103.157597668136,0
0.75,-1.30606295827605,-1.30863857269287,0.0115147486393131,-0.112212648666656,-0.590148745809698,-1.13517633696243,0.645993594718696,0.199359693147877,0.56667709804573,-2.09697798646236,268.319165263971,139.776162704015,0
0.76,-0.485945041563705,-0.484536200761795,0.0562146141924561,0.0871445155664219,-2.82509185300659,-0.0278063325156542,-0.48839479331908,-2.76846713559424,0.56949790487072,-0.172041829756475,258.322906443445,217.979135465112,0
0.77,0.522516736532486,0.527735829353333,-0.0225268359857927,0.278048061762713,1.13725603349725,-0.513748201135917,-0.0979488852703232,-0.439790338436258,1.0850098933162,1.71610529239878,258.611472461247,323.966367373371,0
0.78,1.44013212323572,1.52409636974335,0.021121629611036,4.21610507663706,-1.04334985560445,0.678780716363407,-1.27030838567098,2.95419754733651,-3.18384010115859,-2.63618398548594,269.769967902694,437.030680189173,0
0.79,2.17392775324474,2.30860829353333,0.0413788676603792,6.75297110018441,-2.04177699406601,1.24651458302516,1.78153739262531,2.07049504818634,6.74422139530272,-0.59148251798922,289.910641056145,534.900863061871,0
0.8,2.57905841868757,2.7170422077179,0.0524096594636567,6.91930544867686,-2.58583182883397,-2.577602097993,-0.101274497433516,-6.75303009482014,-2.99330898464453,1.63038476733471,316.231146888936,599.509511422072,0
0.81,2.60527961685801,2.69315338134766,0.05984485181391,4.41507696865252,-2.96090606436174,2.02520274497991,-1.64000522256189,5.30408275194321,-0.35577453764785,-2.22851662998861,345.175590333112,621.577452508979,0
0.82,2.14083448354222,2.29608774185181,0.043324506145202,7.78521734201568,-2.1416965194896,-0.786695388440964,1.99152194679394,-4.98176382961721,6.35440809123346,0.396442264496781,371.002396489893,602.740855152257,0
0.83,1.53837293833557,1.65505838394165,0.0343495487533773,5.85785071552521,-1.68802183997509,0.0436093061774588,-1.53813829590108,1.98254101438384,-5.76483858090563,-3.09092345773934,390.740061538825,554.642420596351,0
0.84,0.838057259421946,0.952712297439575,-0.0220857886848034,5.75719293000084,1.12569693603826,0.123576787828151,0.829190285544716,2.10700018442483,5.47476156995822,-0.174291634719256,403.510588751637,495.267132476323,0
0.85,0.306454716691004,0.374921470880508,0.00440360793881643,3.44849604464479,-0.212185266240127,-0.10398222733726,-0.288308136449571,-0.92263397755292,-3.32954863316412,2.80981833706591,409.521238975074,443.582038259377,0
0.86,-0.0264007799244457,0.0492172762751579,0.0137416181733508,3.80669582599755,-0.688774817798997,0.000443639051821694,-0.0297596444036698,1.09139285216112,3.71136167781487,-0.465006852359879,410.723270326006,414.017115706521,0
0.87,-0.0424283388986717,0.0114708784967661,-0.00917704030867471,2.72130955411546,0.455092730998636,0.0314593104350301,0.029911432554794,-1.90739381365239,-1.99361077514355,2.54399175609675,410.171993457596,412.364581087822,0
0.88,0.117822135500507,0.202540367841721,-0.0426652221340745,4.26290872556476,2.13171540110527,0.0470299202285763,0.116148884613429,4.43508400921957,1.74546016424623,-0.732159621760891,410.58837232286,434.265322341833,0
0.89,0.445226513642002,0.485958486795425,0.0122340138033372,2.06434456469193,-0.613028069571413,-0.34390049324647,-0.283034927682762,-1.15488306576352,-1.81757173180819,2.28688479429159,413.704338558533,466.709428956009,0
0.9,0.596265617981501,0.6922886967659,-0.0208725359653683,4.82970017618738,1.04657651431928,0.470744427314268,0.366562455929476,4.52585260902902,1.98443552516434,-0.9441781824086,419.491354183155,492.113825757182,0
0.91,0.560526843787233,0.67239773273468,0.0393901427622431,5.62288023782867,-1.96978251270853,-0.489197438608445,-0.276455768635498,-3.60235100921812,-4.74551288300029,2.15533271047444,426.227486262455,493.799645781549,0
0.92,0.306806988664352,0.343673795461655,-0.015156349629824,1.87341211628248,0.769084636697378,0.247031934124014,0.182580028344664,1.98573411388888,0.397522533670615,-0.983671277691857,431.004008143661,461.286273916695,0
0.93,-0.313480048322826,-0.279702216386795,0.00366119719105976,1.71952219785688,-0.184134243946179,0.255236552692413,0.182036939193798,-1.30634950287526,-1.13318709181394,2.17865364312165,430.671538064288,393.864209389758,0
0.94,-1.1363989979633,-1.08633089065552,0.0266414918625246,2.53434225891413,-1.35072593866739,-0.923734371155938,-0.662440384642865,1.33233239454331,2.54406006948683,-0.972103515041111,422.701891127659,301.393251491037,0
0.95,-1.87790752142566,-1.89449298381805,-0.0114114350460468,-0.798237625226357,0.540079294246295,1.65527055065179,0.886987194959297,0.443307355103054,0.855773065311199,2.06879246307629,406.015549723818,202.059311907841,0
0.96,-2.48876474684895,-2.50226330757141,-0.0530410264123352,-0.643973783019439,2.61228717721337,-2.42728322099391,-0.552321899549896,0.00900941245553954,-2.69047679044755,-1.32574962925043,381.558227147773,117.689391070713,0
0.97,-2.68045137147964,-2.74426507949829,-0.0260159297567989,-3.15993609813952,1.25453534097552,2.61924541963516,-0.570131401685998,3.34893060913925,0.586275397106112,1.36617494498424,352.359422978806,67.9238005788598,0
0.98,-2.56399875368615,-2.54478931427002,-0.0100584978163242,0.990999335572744,0.458644024083293,-1.65192723815772,1.96095058125264,0.291835070643651,-1.05226722626686,-2.43759770678724,323.604045712043,64.8782041429607,0
0.99,-1.91068705116854,-1.91874301433563,0.0268839121342153,-0.372343932504748,-1.36910400821164,-0.271682780995775,-1.89146404109229,-1.41044168113514,-0.154078075958126,-0.156729842375113,300.104637025688,109.799609320732,0
1,-1.01495148557994,-0.983900308609009,0.00781131890187087,1.58310908752425,-0.408062551549172,0.929055433624465,0.408709598659931,-1.29251180740319,-1.00108074434683,1.97753965688521,284.095485688474,192.665136274876,0
1.01,-0.00308787294923195,0.0485389791429043,0.0317889856680836,2.61222057488567,-1.5921465305065,-0.022288348692024,-0.0228758405690147,3.03408903303692,-0.391063480863437,-2.24635453574878,279.419590841597,294.846552068604,0
1.02,0.936514194000858,0.976214647293091,0.0361181174531106,2.01651466051915,-1.7960860301895,0.206626517302522,0.914149241820428,-1.3974000060988,2.31074222424001,-0.183748572689237,284.823512643493,394.100675542764,0
1.03,1.50242897494117,1.61270773410797,0.0467175288619333,5.54626818480555,-2.32525051916241,-1.41226700934964,-0.514759406469048,-4.28556394529194,-4.21922059454885,1.95140709428829,299.038641592202,470.490359793403,0
1.04,1.76440952610788,1.87650096416473,-0.04434597244146,5.63781461873381,2.24930014919055,1.56518862657014,-0.815654402518305,3.84335156580753,-4.69818620086115,-2.07632680241534,316.941556531991,511.57904845134,0
1.05,1.65688284221947,1.76178288459778,0.0142201445992478,5.27925592311955,-0.686697107282734,-0.506423505291615,1.5776559189639,-2.30862837431908,4.79711695169423,0.319189726229644,335.905472667281,515.448789053961,0
1.06,1.30553111220466,1.38351702690125,0.0260831102774142,3.93447637180048,-1.29102529725339,-0.408423725264334,-1.24027491880521,0.0783438864294332,-4.14013440287434,2.84345188093766,352.204782463061,490.709203298223,0
1.07,0.792710036002503,0.915258288383484,0.0334964533044038,6.16335008025043,-1.67273584723597,0.599572592612935,0.51963825855153,3.33504783624031,5.4463185140368,-0.814466866258316,363.531288937496,453.518756250051,0
1.08,0.514830254146717,0.533765614032745,0.0178198863723604,0.983374421007915,-0.879351412974258,-0.496245461515447,-0.138232343756512,-0.672485953790447,-1.13492149567582,1.87706518524707,370.161377970733,422.487866321622,0
1.09,0.315191918837165,0.376785129308701,-0.0411128297235224,3.11695371012119,2.06643565077907,0.31777577265266,0.00740059343122642,2.87982351844514,-2.3858275781077,-1.67721696666112,374.031243159314,412.93520717593,0
1.1,0.469300329259431,0.498107314109802,-0.0126924583938776,1.47832338049516,0.641732420731882,-0.419481721565814,0.210805556888976,-0.998927563787159,1.2646755471042,1.07808138086504,377.883672061195,432.152655635456,0
1.11,0.777321729209667,0.850850284099579,-0.013137223165662,3.71517793518447,0.664940309929348,0.527145147295894,-0.571418980273146,1.97632063287443,-3.21540813302531,-2.41337325452082,384.48609041741,477.047612015975,0
1.12,1.19130990699282,1.30221498012543,0.0204549150522642,5.58485895602687,-1.01195344045932,-0.89111004030354,-0.790923886426035,-3.42800362650559,-4.52365896825076,2.31387068930975,395.576801134252,534.854266994067,0
1.13,1.58170801452575,1.67436099052429,-0.0118232542313049,4.6732525966953,0.611905413196883,1.3389373908899,0.842132231797703,4.29624916345261,1.93803023525221,-1.01683241001275,410.924142838314,586.729243735034,0
1.14,1.65550054082147,1.79148745536804,0.0455342280474987,6.84108348972392,-2.24319401725566,-1.48290417145176,-0.737394483892443,-4.98584237070776,-5.19362287491881,2.05975041530336,428.661688810069,613.220316932902,0
1.15,1.41722402462822,1.53917706012726,0.00853042477560328,6.14048155874968,-0.393418422514384,1.20934638422186,0.73897092439403,5.01318815542348,3.56766539165885,-1.01627249499905,445.681651825932,600.054662487697,0
1.16,0.813322334277304,0.90093719959259,0.0238003389658962,4.42447247300745,-1.16947974850329,-0.621971954935494,-0.524605149462807,-2.51735530630566,-3.82185319032203,2.30073295347765,457.939124442722,542.590323712888,0
1.17,-0.118664826926011,-0.0313826203346252,0.015833968122897,4.40853962026108,-0.789967412282736,-0.0545224207069409,-0.106580304635295,1.8597184596405,4.07439778945954,-0.605505087767326,461.65870314801,447.64206541813,0
1.18,-1.08939090082228,-1.08065354824066,-0.0643268620082411,0.481637425015328,3.20352471401418,0.465598350812407,0.986979561941873,-3.15230622208744,0.74666638109924,2.7597870167995,454.806176818792,332.128016039147,0
1.19,-2.0094485256216,-2.02704238891602,-0.0141880201612908,-0.834810157076532,0.675504366056313,-0.509056219900639,-1.94395124476397,0.448891055253305,-0.975556747418037,-0.249055286149539,437.267870555098,218.879380440273,0
1.2,-2.61364309377434,-2.66662120819092,-0.00958162055972611,-2.60415192834454,0.434695715801705,0.727824574520565,2.51027755792279,0.298060343714142,2.62330472167111,2.86305851125153,411.387026590693,130.75878573027,0
1.21,-2.85354419191938,-2.86420059204102,-0.0053932989112363,-0.488286014324845,0.221133377733094,-1.41622579781861,-2.47730660849702,-0.0493524533424553,-0.533748571784479,-0.517445342436969,380.972630696829,84.715715171406,0
1.22,-2.51310061314723,-2.59139037132263,0.0156340418246492,-3.87008624834126,-0.827473943735328,2.07688331513636,1.41508826946341,3.67342523233251,1.47249032581672,2.16267586575226,350.810551910793,87.4322762158626,0
1.23,-1.92810172026869,-1.94077599048615,-0.0192582743863075,-0.589425615046428,0.927948321130285,-1.92215829346609,0.1524946546439,-0.652161252098794,-0.884983809808014,-1.63997775125037,326.382393582358,133.770832563649,0
1.24,-1.08130024458067,-1.07711064815521,-0.0411360460633355,0.253847643380953,2.04761556808721,0.656003763247877,-0.860558804394314,1.41860396909708,1.49824261038897,0.689351381912778,310.7435345514,208.450421449551,0
1.25,-0.211363512919621,-0.205876916646957,0.0369555906106933,0.31908902030167,-1.85586622955416,0.00714260122283605,0.21445100493791,1.7510903458395,-0.692632561741321,2.93520445151291,303.698576502889,290.472340884362,0
1.26,0.434667161809064,0.468464702367783,-0.027345951937216,1.73512255814787,1.36769368073545,0.379369603464187,0.21392065493992,2.15757662825438,-0.475499094980989,-1.12018531937393,305.323022447473,359.042826296549,0
1.27,0.719892802629789,0.828126966953278,0.00850896001156995,5.45763328294251,-0.412862598769425,-0.650623465089317,0.308232309068697,-5.13175594747809,1.90297069658671,1.14018828139931,311.903594391015,399.320995794874,0
1.28,0.746766374083963,0.843126237392426,-0.00744109471265625,4.86463937415821,0.380620524872608,0.240288191634533,-0.707090497966164,1.15767137022645,-4.74018831093478,-2.82397363819932,320.63389871859,406.372563440014,0
1.29,0.571136281262412,0.598133683204651,-0.0441032407748318,1.39718918686466,2.20888324163845,0.206764753662287,0.53421913505983,2.59560994338914,0.306776499853139,-0.446352454904078,327.822444068918,386.220216719955,0
1.3,0.169902700309049,0.248162388801575,-0.0135764586102125,3.96079894887434,0.68615772122817,-0.151055672381698,-0.0789520844690907,-3.91362140604823,-0.917773513415061,1.97267623471748,331.57972389839,353.706382537944,0
1.31,-0.0507331309022899,-0.0237851794809103,0.0100873835070395,1.39567889190504,-0.505602032351187,-0.051416040965531,0.00565655448111458,1.4831458692113,0.0618976176308541,-1.87664352362586,332.034078433248,327.790420799024,0
1.32,-0.0874557214554517,-0.0620787665247917,-0.0411634155495783,1.31753610637901,2.05369385060623,0.0109164039552074,-0.0960404191977917,1.05536268268352,2.19994759747346,0.553094370423097,330.812487088196,325.633565798464,0
1.33,0.18477645185791,0.209750041365623,0.0131814450844301,1.29786330504801,-0.662748653178598,-0.0433102137199047,-0.180111945864921,0.440895581162949,-1.38899100875102,2.97682678452673,330.978583086666,357.173628243924,0
1.34,0.699937506901906,0.766125619411469,0.00975566619511953,3.35922334357864,-0.474867936872418,0.53987906859691,0.445576343494467,2.2534049413264,2.53614810291491,-0.866865207122924,335.5307898866,421.757833157164,0
1.35,1.37126279483187,1.47769379615784,-0.0166002005900501,5.3722246842489,0.850070855186613,-1.36770379048266,-0.100117733939108,-5.41403711519795,0.521172363187112,1.63176214055706,347.212579472972,507.822747759741,0
1.36,2.04094947433131,2.15618371963501,0.00879091657779602,5.81351040222666,-0.414089063940583,1.81527678181913,-0.93291062936162,5.36973504218184,-2.26590346803149,-2.0412121422884,366.523497535909,595.747866438842,0
1.37,2.42491988130056,2.6024158000946,0.0165611314973718,8.92788285484752,-0.795531130475647,-1.60761818827802,1.81550942231675,-6.55615192672719,6.11202372075791,0.731570744462756,391.365191424635,663.107397531967,0
1.38,2.49688296275445,2.65237140655518,-0.0121531883180281,7.82880282777861,0.660195065439162,1.33294282823081,-2.11135872043284,3.5870676821858,-6.98991821726712,-2.58332888211532,418.516732797583,690.858349641457,0
1.39,2.09262915016037,2.23927712440491,0.0692739427473609,7.38803895486209,-3.42137870523185,-1.09160438761174,1.78669961106826,-6.91726476794993,4.2942286819931,0.58153204723403,443.769581064779,668.727088404326,0
1.4,1.35106961620476,1.4140282869339,0.0180492030691285,3.20466779718161,-0.870220662973982,0.925298864880737,-0.984650644753525,2.85170267431713,-1.70146159223539,-2.37390114430723,462.313991185444,598.270541005081,0
1.41,0.220192504794342,0.329871386289597,-0.00405245008615945,5.54149788195739,0.212977660081553,-0.193321915686957,0.105488380565976,-4.70932900094792,2.92844303688204,1.05288785729554,470.527063955324,492.73331970162,0
1.42,-0.83959506110646,-0.794177949428558,0.0342869428876445,2.32883151454968,-1.72895866860212,-0.827399384162062,0.146648287324407,2.64555051306632,1.18904027842151,-1.78702942273492,466.972962384538,373.71741751982,0
1.43,-1.80310223217962,-1.72801280021667,0.0132719796398882,3.81264579544942,-0.696119288370447,1.80261985883804,0.0437658503561702,-3.80032702983837,-0.760502788607254,1.58771007831647,452.420385648857,265.574849988343,0
1.44,-2.33492192236654,-2.29323363304138,-0.02391888983827,2.14263839959283,1.15690456667515,-2.32311060007151,-0.235774546281648,2.25795910599895,-0.911563581677105,-1.45940815124652,429.998217358135,189.073593131345,0
1.45,-2.41624532941832,-2.40648770332336,-0.0146343273325216,0.546033146110274,0.691658928030916,2.41584740272354,0.0462275050838405,-0.563280515266459,0.677686749536327,1.59598566717886,404.165177048934,156.092379833432,0
1.46,-2.08004361614276,-2.09984040260315,0.023984460471323,-0.93176760884392,-1.23716719940681,-2.02219227501635,0.487744915160086,-0.599284395117498,1.42815677358876,-1.81900220652198,379.449999522499,166.811670394169,0
1.47,-1.47803442859462,-1.50877964496613,0.00462343842182755,-1.47907143165732,-0.261124541391447,1.14803157368722,-0.930929994205308,0.980811384308654,-1.13747411156134,0.88632083167347,359.622033716138,210.16685115816,0
1.48,-0.863247137651935,-0.833695650100708,0.0457901953825123,1.53597741018885,-2.31455964606253,-0.32463881709209,0.801187868788885,2.6887837789861,-0.697749775817058,-2.80960872594367,347.123200945781,267.41256271305,0
1.49,-0.290563323891432,-0.271007210016251,0.0251840852636104,1.03655905753579,-1.26157958009005,-0.0588532714242292,-0.285652893883588,-0.912975439354359,1.35370364696095,-0.289644793281438,341.379536694157,317.772380121838,0
1.5,-0.00420971022652611,0.0321324393153191,-0.0200589009589187,1.87630305693146,1.00433283172611,0.0152867130839013,-0.0136527495751409,-2.10632607867241,-0.304282843153966,2.2057308078196,339.99695618883,344.562632905742,0
1.51,-0.0483556694768112,0.0189306177198887,-0.00747439932934261,3.42400637763044,0.367534437150016,-0.0482449698741745,0.00815844946819445,3.418458088962,-0.415987416342577,-1.58495852510338,340.003858407091,340.048459751331,0
1.52,-0.333744466781998,-0.25770103931427,-0.00685370728542598,3.86227528346138,0.329959594660818,0.257831245590529,-0.212026864355417,-2.82857358836907,2.65051224379861,0.903109564061213,338.247215029795,307.651619178008,0
1.53,-0.705495327651561,-0.65579491853714,-0.0104928421349287,2.54539267259099,0.518031691488677,-0.146369499636587,0.690224403111327,0.0598989126358166,-2.59688136258312,-2.91775565927734,332.963354980416,260.881627830844,0
1.54,-0.990323441732247,-0.982863247394562,-0.0165146137844718,0.433534114326089,0.810283684652391,-0.498382176741572,-0.85593718088373,0.918801598022815,-0.0177510948699668,-0.510602470076786,323.489469100607,219.29254230187,0
1.55,-1.10136891943439,-1.06366777420044,-0.0272692495025746,1.94566882328925,1.34242154181477,1.07425042335789,0.244424091651979,-2.21605145076347,0.822702092751214,1.81927181288349,311.745481084928,202.614427137495,0
1.56,-0.813310569262141,-0.790518641471863,0.0333049848280402,1.20038664690133,-1.67533285387809,-0.669141768760655,0.463500374743933,1.96749624899353,0.613699261478066,-2.21751890495106,301.634757755405,224.731847250518,0
1.57,-0.144864841110254,-0.146456763148308,-0.0426819303053261,-0.0184820785868604,2.13288059707992,-0.0472387493435412,-0.143443612353237,2.13123114996795,-0.0858779019024785,-0.031608089148277,296.077608351635,289.233084008098,0
1.58,0.683445951059039,0.75781512260437,0.0146356460412459,3.78016836939558,-0.730867907504125,-0.582040638533174,-0.358526519590859,-2.77881914270822,-2.6649587185014,2.14429566065797,299.256374207281,387.817662278283,0
1.59,1.65729634679883,1.74200558662415,0.013372091978757,4.29803373814123,-0.643151151784033,1.56153530247458,-0.55535348480248,4.27165765784428,-0.79979889498655,-1.9044234952658,312.006579199619,502.048209176899,0
1.6,2.45690654978125,2.56776547431946,0.0186319161630967,5.60665584202146,-0.8981843536225,-1.08315400558953,2.20533769360461,-3.31294335150105,4.6114782026711,0.464126792655717,335.11903650556,607.991004048825,0
1.61,2.89081829041493,3.04160308837891,0.021420588081779,7.60426638262984,-1.03278692761103,-0.354680575650587,-2.8690574966437,0.148882371967838,-7.67263645008389,3.02600375350755,365.219675235765,682.47310575516,0
1.62,2.87389488104405,3.04620909690857,-0.015376803230944,8.68212008300957,0.811930150441894,1.27812454266929,2.57408350423898,4.62802223334946,7.39052433272619,-0.466222847876687,396.965329817555,709.223097301497,0
1.63,2.45611290579239,2.56058716773987,0.0395480006251709,5.29143239177437,-1.92858063485358,-1.3976169258281,-2.0200795971922,-1.33672272161855,-5.47100104070178,2.55244960928834,425.742517065376,683.187833358184,0
1.64,1.54542067728781,1.6904913187027,0.0194873257929665,7.32234990038464,-0.939620435476347,-1.50303126412644,0.36000256209328,-7.34920429087583,0.699207349360634,1.34831650110054,447.349708537637,611.822857544648,0
1.65,0.546694452474494,0.63304740190506,0.0145135361966404,4.38728227226808,-0.710380017274922,0.545828480825747,-0.0340108309039158,4.40983558438892,0.553385601690659,-1.60648477716943,458.629744734548,512.997893161533,0
1.66,-0.430595629993911,-0.378861099481583,0.0535482402758225,2.65693252551561,-2.68500545107069,0.412497081544325,0.134633459154496,-2.0964984519876,-3.14217105808002,1.7625583681828,458.790414195779,410.104023196544,0
1.67,-1.17097195235666,-1.13917803764343,0.0362922143861995,1.66018057793614,-1.83602635087658,-1.0721242662833,-0.472273221427508,0.851570408138237,2.32422463467988,-1.18685201127044,449.635387401478,325.730071279922,0
1.68,-1.53521936351223,-1.5174834728241,-0.0352653493684043,0.957485829852427,1.73981463730433,1.37534051253492,0.683067063727386,-1.65701325793003,1.09455066104346,2.05472964197104,434.506255480582,275.672543009502,0
1.69,-1.50896840744806,-1.49548649787903,0.0444210870330394,0.744880546626938,-2.24966245125741,-1.32931227758501,-0.715463315838961,-0.341426939845644,2.34504921442779,-1.10647127227466,417.751047647846,264.944564644609,0
1.7,-1.19186980416357,-1.16281974315643,-0.00610018133129361,1.52353098308992,0.283894287493628,1.13052052300581,0.377510515551354,-1.53389840529304,-0.221129611644208,1.89819855661724,402.940082703672,286.882403273503,0
1.71,-0.725015296947869,-0.6927530169487,0.0023678604668923,1.68445750488392,-0.135141783650605,-0.721282667882274,-0.0735125879304106,1.66306185892206,0.299809340826347,-1.47249372485481,392.63992238148,325.573007544761,0
1.72,-0.302193453170087,-0.283783107995987,-0.039272582321475,0.992297126995322,1.95343888587066,0.289598512818787,-0.094846825113998,-0.611266951841855,2.10402703943194,1.38352870867138,387.209990662092,360.889092798229,0
1.73,-0.12955097022321,-0.0993975177407265,-0.0187777443213658,1.58003250460448,0.928306750913046,-0.104701865884731,0.0785721124052887,0.941809562383724,-1.57202127453798,-2.0706344073423,384.872426158455,374.683587113772,0
1.74,-0.296960568121321,-0.225751057267189,0.000876197125660227,3.63325394917951,-0.047123289225242,0.201857178577656,-0.217807314379038,-2.49645563784722,2.64016365248005,0.744459031597724,382.886195501789,356.369808845248,0
1.75,-0.665607248056391,-0.637600481510162,0.0283630208264664,1.47348664524457,-1.42797741769782,-0.281458206350692,0.603836689588713,1.88388224649341,-0.813185145287331,-2.74800390366233,377.891407703611,306.289320230568,0
1.76,-1.21672363728065,-1.20951056480408,0.0156107006157906,0.433974428876271,-0.802034837643234,-0.00083602726113142,-1.21682348947971,-0.796095953306259,0.444775132894469,-0.0135164651639247,367.453361171195,235.896560654463,0
1.77,-1.77221519746265,-1.74958860874176,-0.0655804567850913,1.20468996177325,3.24976925810323,0.936728163346621,1.5058512046092,-3.41908642108524,0.567561609043933,2.62209898952464,350.666610787508,164.691363560754,0
1.78,-2.11359847068141,-2.0624852180481,-0.0484630469982562,2.62891746273231,2.38661669915984,-1.96010903561247,-0.792224545631783,3.35895282923642,-1.15090494200528,-1.16377196064495,329.511756913187,114.753019598741,0
1.79,-1.97561526084034,-1.99500155448914,-0.0159550300317271,-0.896128831044026,0.773959272257375,1.81364025675206,-0.78359379842932,1.12669441030462,0.364169662011848,1.17104036672705,307.871617565651,104.412477821078,0
1.8,-1.46455924539323,-1.4788144826889,0.0217275359932441,-0.639608651091075,-1.11055748554052,-0.326993803287611,1.42775380290112,0.952561597922788,0.857358476603228,-2.93128327803119,288.499060428687,142.849802550776,0
1.81,-0.612461516202001,-0.589836418628693,-0.0403745556351886,1.20455580963209,2.0067686243837,-0.491084952565074,-0.368204811124667,2.22096814840335,-0.738495425921548,-0.861610619614215,277.430032929557,227.151102378304,0
1.82,0.512999363840442,0.520667612552643,0.00136527346387506,0.457156810321556,-0.0617395481847628,-0.470418483942932,0.204637878304979,-0.444170782889193,0.124564989708341,1.16313708456236,276.96520972456,342.67358715292,0
1.83,1.54587099843527,1.61712872982025,-0.0268152330300537,3.63741887383962,1.35595066145733,0.162364813267327,-1.53755450893241,-1.03152970418286,-3.74237421023869,-3.0537278016552,288.828320177243,466.641840291783,0
1.84,2.33082946367833,2.48432230949402,0.0327662647207356,7.7502414970221,-1.60497254130088,1.79484002035286,1.48741013785522,4.85595528486529,6.24995027115272,-0.864733212519394,310.101334157169,573.993105887317,0
1.85,2.78794951122695,2.92688918113708,0.0182475862738973,7.02382058984597,-0.87149544883749,-2.78242364674609,0.176391897726482,-7.06195132056499,-0.471596799882222,1.51403106563396,338.814672630372,643.859008000072,0
1.86,2.74462223129836,2.87976717948914,0.0138200313786025,6.83543927959462,-0.652401493680766,2.25562095772115,-1.56375070931834,6.0060534041655,-3.32808959619386,-2.1719548597261,369.776109289388,664.892904823271,0
1.87,2.24870894270828,2.39472365379333,0.0403503585225535,7.38016248310047,-1.9896805690414,-1.31003079554128,1.8281519015614,-6.00195958106444,4.733086543795,0.639713844217426,397.172645008146,637.976033661153,0
1.88,1.48803030119645,1.61694407463074,0.0213832721902495,6.52618919640592,-1.05294029754694,0.677380569902116,-1.32508376532484,3.98428975227098,-5.27496576931378,-2.65465739273933,417.309883883784,575.570421547551,0
1.89,0.631587799375573,0.752956509590149,0.00928771533874928,6.14976907857527,-0.453189367696992,-0.267159543359399,0.572376788809862,-3.09050401777786,5.33608707189951,0.451403712210347,428.631628455598,497.925375870236,0
1.9,-0.0581533679485395,0.0184444729238749,0.000712331967045524,3.91185145457982,-0.0324229937910591,-0.0268409112563547,0.0515934792732375,1.79169834180659,-3.47756381755851,-2.67413427251968,431.551495223592,427.223133285547,0
1.91,-0.45944871382616,-0.427852630615234,-0.0233405567485559,1.66219654043257,1.16406347394703,0.191516087804222,-0.418281592157736,0.264685166112893,2.01193510661835,0.480131952241523,428.374805579508,381.320972983824,0
1.92,-0.539474558927031,-0.52449893951416,-0.0280008947148644,0.83159054205795,1.39507863633183,-0.212806466206767,0.496518134386787,-0.88528151542647,-1.36164013955007,-2.68482130362785,422.4192243004,368.851485787995,0
1.93,-0.340516084710304,-0.321154147386551,0.00671273754223357,1.05140853702613,-0.341015397056826,0.135799245141317,-0.312337685543698,-0.715493088588641,0.842508785083655,0.390417147838845,417.142772664327,387.051149322362,0
1.94,0.0181027782898179,0.0389920622110367,-0.000662228701276829,1.12830669221853,0.0323207760513863,0.00592603152923241,-0.017118156412933,0.298976370773129,-1.08845475514098,-2.8448867436165,415.124183106326,422.910963610714,0
1.95,0.252401602157978,0.367061078548431,-0.0003242431070168,5.81749294876468,0.0168269251184776,-0.0511222622372559,0.247170362724279,-1.1544915217334,5.7018117016069,0.202669590408778,416.895877482723,457.300969631364,0
1.96,0.442098587507399,0.486247420310974,-0.0459690552561748,2.29268038064857,2.30310842372885,0.103615624307845,-0.432236182562818,-1.98215865764027,-2.57521626183188,-3.0099193906942,421.09540903424,470.878694380069,0
1.97,0.236982621808915,0.285258769989014,0.00613046475050197,2.49976684666613,-0.311347470320817,-0.0154802346117744,0.23655592990633,-0.537740896786587,2.46101732275282,0.0912099558857708,424.690886004181,450.087112249315,0
1.98,-0.285950481547978,-0.24653597176075,-0.0412163799993953,2.05719170561956,2.04793511979119,0.0226243713322236,0.288018412084361,-1.91050858533835,-2.18541367111412,-3.07683126859221,424.254991933101,391.522453634191,0
1.99,-1.07728015876689,-1.01127362251282,0.0188231557829482,3.38710105117788,-0.973059713239238,0.0310156195432045,-1.07699808867556,-1.01133577174697,3.37587006462105,0.0113191818147377,416.734389372847,303.41281945517,0
2,-1.81929089877058,-1.82708489894867,0.0296889035665278,-0.302770198947531,-1.52038024191744,0.202768174806462,1.80819962189746,1.54658997367037,0.106232418432194,3.0136035311249,400.799600127082,203.764836781311,0
2.01,-2.45128368692054,-2.47722434997559,-0.0372734563761388,-1.21016722324941,1.82823649882694,-1.02250379374146,-2.2281532748214,1.18507103372872,-1.84460295155552,-0.415027532225297,377.287062353079,115.67717732494,0
2.02,-2.70254914074201,-2.7671799659729,0.0291782874978803,-3.14484868712468,-1.50328788076623,2.09535123636772,1.70708125958869,3.39630474886661,0.784258739316668,2.24364007224474,348.430070041097,61.1212130329192,0
2.03,-2.57100721602017,-2.58903908729553,0.0241333188559545,-0.815159662242955,-1.25121395737882,-2.57082898879022,0.0387147556191035,-0.784333810109598,1.27076438272662,-1.59524088023484,318.693911951732,54.9246692555925,0
2.04,-1.92188915404476,-1.95864307880402,0.00368306661731432,-1.75141906702053,-0.211447144530047,1.16674562550537,-1.52721188142925,0.892315228464083,-1.52182527785028,0.650466392136683,294.54218081451,100.641383534568,0
2.05,-0.940456900463084,-0.972502648830414,0.0410173662316008,-1.5159490569188,-2.065723390541,0.32618383084308,0.883032114058001,2.49146664038585,0.598254669221799,2.74416211788446,278.914964115727,189.464356498469,0
2.06,0.0927101864093789,0.157189056277275,-0.0261535976499167,3.31062027246032,1.30382043601691,0.0911664195346789,0.0311106618914229,3.37605907003052,-1.12355661782808,-1.51689209183306,274.690197020684,302.488564991205,0
2.07,1.17752454972808,1.20207393169403,-0.0137226947108547,1.31478058831067,0.704498626663078,-0.593322952072186,1.01721199958848,-0.0365189556979366,1.49118499061768,0.516383926523415,281.853005573648,415.694115509781,0
2.08,1.87717973343779,1.94773900508881,-0.00847138392843091,3.61618064365702,0.445680945809302,-0.891838295241064,-1.65181717242458,-2.12356502087812,-2.96072044528356,2.64201361406958,299.014723061886,506.26250152926,0
2.09,2.12210590789609,2.28156805038452,-0.00817653579931932,8.06241550675071,0.432049470722315,2.07838137872442,0.428638757739837,7.98808925877002,1.17458100723999,-1.37126409428811,321.526673069348,558.471704015758,0
2.1,2.05651676003491,2.18724179267883,-0.0140440332313863,6.62665103335875,0.738397678403847,-1.81110310200633,0.974353104924975,-5.45988203609731,3.82719521337607,1.07039261213312,344.280220697704,567.541986332334,0
2.11,1.67866681281559,1.75147891044617,-0.000446541399650391,3.73203828480121,0.0493327795672324,0.852324286162663,-1.44619009091646,1.85153786614199,-3.24073309802029,-2.60930061153177,364.729157166867,540.386824213609,0
2.12,1.04803162126634,1.15826499462128,0.0610617998560671,5.60402148564243,-3.04506369330354,-0.0666995596899883,1.04768792649003,-3.7032596020637,5.1926234243916,0.12177529876929,379.434720074558,493.097390484394,0
2.13,0.48964097039888,0.608188986778259,-0.0497360848246882,6.02049942199855,2.48953637902268,-0.0510118875778843,-0.489509698936178,-3.66333308143298,-5.38741082592009,2.93652784194598,387.762121930921,445.907612195719,0
2.14,0.213219480867841,0.268030315637589,0.00508157647740159,2.83425844305437,-0.260212903766472,0.104687383061549,0.185819593339271,1.10226338795539,2.62407071186824,-0.489230988706486,391.354347097685,417.091266309596,0
2.15,0.146509036803695,0.224817857146263,0.0210133634478241,4.00974964315313,-1.04544636133185,-0.115757643604384,-0.09223137891031,-1.98856474178396,-3.63547253640051,2.38601576812002,393.060304885959,417.535053449619,0
2.16,0.426848534077777,0.463866233825684,-0.00427657755565757,1.9458992193399,0.22482841062116,-0.327674248293618,0.273582797641134,-1.33532805833639,1.43316801620385,0.865101940824825,395.898764465823,447.530834185133,0
2.17,0.802921119132623,0.867760539054871,0.0475626593391832,3.33772984930977,-2.36654918654476,0.44637564906402,-0.669098879116737,3.90083448128897,-1.23470075277216,-2.49410176176107,402.43674091961,496.694210991376,0
2.18,1.14705488177985,1.25978684425354,-0.0307530583551555,5.7332766109775,1.55798392784993,-0.570740184319645,0.99545783156092,-1.34548155583187,5.78683454060479,0.493785141081153,413.352421376084,547.025974436433,0
2.19,1.35414996229786,1.45367646217346,0.0074749778769502,5.07398665105784,-0.35416562576022,0.560763690568876,-1.23260783667196,2.44816400426983,-4.45839285323544,-2.70911750022441,427.462033508478,578.239616313086,0
2.2,1.18446053519743,1.31234121322632,-0.00461625400938115,6.49270441627252,0.246802967156069,-0.547517367344744,1.05032985375888,-2.7594754155123,5.88229698101558,0.476630057160483,441.67371956275,573.834370726116,0
2.21,0.68523125553066,0.788275301456451,-0.0167937629623595,5.25176089069173,0.845842659357245,0.408353300341894,-0.550519287700661,2.33299030451263,-4.78054374485139,-2.52788916646365,452.115823815786,526.180377393327,0
2.22,-0.126744504243516,-0.0552233085036278,-0.0386819907639624,3.67632892451152,1.9246623179628,0.0642118945896538,-0.115919361448401,-1.30449827955128,3.93928973776158,0.802077449239256,455.001390389183,439.159950132961,0
2.23,-1.06308125787746,-1.05941319465637,0.0208938775126364,0.28404735183941,-1.07736083520752,-0.892680299800359,0.577667895348344,0.838367815292106,0.73384512917125,-2.16479315246762,447.922770495393,327.597530777529,0
2.24,-1.99122686875494,-2.00878357887268,0.0111975415280913,-0.777106520470517,-0.609434296211939,1.74427022993645,-0.960536929402169,0.381624128235271,-0.910860982974792,1.06180684634275,430.367429299924,213.615812752491,0
2.25,-2.69573004979415,-2.6907274723053,-0.0313072449747166,0.350682992590194,1.50812539907105,-2.2307280371854,1.51386692581153,-0.539887190496671,-1.45118661865139,-2.15543103253458,404.310434363927,120.921181649852,0
2.26,-2.91359775397662,-2.95037150382996,-0.0431586957682897,-1.73848138260913,2.11513737085443,1.84260542146981,-2.25737010828266,2.73772632947889,0.0312755518185257,0.699390203434279,373.984041873563,68.604055035437,0
2.27,-2.73433009017933,-2.72414779663086,-0.0149394765718667,0.609035493414107,0.707924408270433,-0.483461756165878,2.69129131837215,-0.585120380526511,-0.72781545762351,-2.95838547768264,343.51603161414,66.1752807293699,0
2.28,-2.08734081491813,-2.06929802894592,-0.0537751154562022,1.00192750979357,2.65871922051127,-1.12418372432297,-1.75957221921487,2.79411537140918,-0.515330883658414,-0.542772824942599,317.162518415924,111.211182852567,0
2.29,-1.11245007239639,-1.15755581855774,-0.0183208073361711,-2.15550825130584,0.894458779343998,1.10350934770575,0.141943422116762,2.00437028935845,1.19531254177735,1.71519037740509,300.005527997747,190.246419645719,0
2.3,-0.190194461074434,-0.191276043653488,0.0537065860254363,0.0459962070796146,-2.68953304102785,-0.168004303423641,0.104081143522921,2.01547759887349,1.78144707423078,-2.40065321191041,293.101845951344,282.643089644122,0
2.31,0.569904505205058,0.618890464305878,0.0377374440772102,2.54994491506887,-1.88666139643757,0.176710686660217,0.543128523425697,-1.20174121867387,2.93556269529941,-0.248434183451416,295.478196067106,366.333503151208,0
2.32,0.995836881773586,1.12114000320435,0.0237000902026127,6.36648620004178,-1.17827853708468,-0.934639606800196,-0.344530977963558,-5.48574878901412,-3.43904740736545,1.94776043778034,304.766927135779,423.816562448127,0
2.33,1.15387088131076,1.25853335857391,0.0132414726263653,5.33523024754176,-0.645001515651344,1.01430282622176,-0.550257325305829,5.01951764504277,-1.91967480594535,-2.05638646594693,316.982790735638,446.728512750396,0
2.34,1.02265475397634,1.07795131206512,0.0253607301605354,2.86766358527863,-1.25955299858998,-0.291576611297142,0.980535054044046,-2.08329586536126,2.33877030337714,0.313831265792227,329.273182187309,437.722971570812,0
2.35,0.641742436513019,0.72478199005127,0.0178371794829859,4.25547298021797,-0.891957503431808,-0.254565388713525,-0.589362352600424,-0.749859940533213,-4.28279681316743,2.76165165855916,338.203552054062,409.164036617002,0
2.36,0.33036961653488,0.37588757276535,-0.00917953546912813,2.38002165120826,0.468065236617251,0.277116465304857,0.18009667419965,2.27492402085888,0.841610851444359,-1.02227325401539,343.090974132152,379.041546515827,0
2.37,0.138375523239226,0.196685954928398,0.0311558627995884,3.02013538149938,-1.55824002932897,-0.13592560351737,0.0405302791373943,-3.11947217560545,-1.34841501668106,1.50247164062516,345.389611741492,365.303001029479,0
2.38,0.231265979624581,0.293896675109863,-0.0150032792925725,3.23675121944615,0.748454691635617,0.190311045842229,-0.132252627768543,2.06680319576459,-2.60097432359391,-2.24289446934926,347.20688300582,380.240625059562,0
2.39,0.628098686851826,0.671836853027344,-0.0154616911893586,2.29267984214042,0.775168872262573,-0.210135387569015,0.592106530288801,0.0232888815086799,2.42006720300903,0.316416870349027,351.880810094273,426.550098145487,0
2.4,1.20961149100112,1.24197018146515,0.0183044577909821,1.72450884082511,-0.893160015975531,-0.275510154378653,-1.17795974768717,0.505377806596851,-1.87516901340139,2.92696651093518,361.364592490278,496.197136200793,0
2.41,1.70964488917638,1.83111524581909,0.0122627596341043,6.18102741702522,-0.58374662027798,1.04549868883421,1.35276328823882,3.28018104733795,5.27126857059933,-0.650800084163486,377.333822864584,572.426555011415,0
2.42,2.10296993322471,2.24807620048523,0.0466909712206684,7.36397819974157,-2.30295833395378,-1.73684450936095,-1.18660597383605,-4.64569192426576,-6.16030344699092,2.19235423124256,398.867535174832,634.353312345972,0
2.43,2.15655942993572,2.33103179931641,-0.00593917176269554,8.833568316492,0.332002577990248,1.89918695612671,1.02170091234377,7.94728582272667,3.87076258194832,-1.07999200444513,422.896474458303,662.83988887223,0
2.44,1.87646426874563,1.99519777297974,-0.0203675999873103,6.0477998337569,1.04892571673782,-1.60651004407248,-0.969875491649607,-5.74340006332576,-2.16552157712953,2.10308973513525,445.332938572247,645.996972858026,0
2.45,1.17734189589999,1.26108741760254,-0.0245324777485286,4.29945080704119,1.24340119701208,0.86982475894538,0.793814002793781,4.05430726377826,1.89576274617186,-0.85189002906972,461.714024447601,582.74804781775,0
2.46,0.199983816324812,0.253491073846817,0.0234784844164599,2.78835599711041,-1.18070924285665,-0.12890808508651,-0.154685072394396,-0.534167110974643,-2.9805484361677,2.56370660545069,468.558941502003,483.44301058718,0
2.47,-0.899613081639188,-0.830017507076263,-0.00984250438368761,3.5931975015126,0.4647997742334,-0.269647408494515,-0.85830696527588,1.48431196497833,3.30513617051189,-0.29345787752094,464.232835176834,367.33663550752,0
2.48,-1.76420474089143,-1.7688375711441,0.0175415097972619,-0.118044656948495,-0.923125116849783,0.124475619884137,1.75989542087143,0.929630373429902,0.0433807698133027,3.06103857194108,449.079983959409,257.629251531019,0
2.49,-2.35653446074526,-2.37782287597656,0.0236665394532249,-0.950821631679932,-1.23994373002002,-0.000109893481899957,-2.35665329603085,-1.24947352282321,-0.938263366358404,-0.0100892357668971,425.756620240516,175.450272235058,0
2.5,-2.55881382941347,-2.55712890625,-0.0492224254365387,0.197768955477649,2.40816280036225,0.372299991341397,2.53206314637109,-2.41384413973836,0.108245562727036,3.01483850572122,398.530242686766,134.457711989982,0
2.51,-2.33788821869537,-2.31322979927063,-0.025091631861925,1.34633341333067,1.21831564977322,-1.02549833959187,-2.10111971781677,1.67804705981916,0.693588312592741,-0.443327807163819,372.425221902204,137.546975363669,0
2.52,-1.80278503243423,-1.74806714057922,-0.0178634265436621,2.84925540746695,0.868186175487894,1.46624425468613,1.04903801684051,-2.81284965304252,-0.979734883356988,2.20173092372026,350.753546441697,176.562202814064,0
2.53,-1.02682521177336,-1.03950214385986,-0.0405861042122325,-0.520349623418878,2.01337962704852,-1.0267902437655,0.0414613397818351,-0.522065608794505,-2.01293535746189,-1.57164871180617,335.55164384497,235.054128851282,0
2.54,-0.388088942535759,-0.389183610677719,-0.0246399155123536,0.059060034626787,1.21966040559521,0.277150635637274,-0.272777707888373,0.754114322820324,0.960401572668453,0.856755087523663,327.924523361765,293.270624774598,0
2.55,-0.0390290414083903,0.0476764589548111,-0.0138114442902949,4.44946281577071,0.69374716424872,0.00944190685982398,0.0403097067899553,-0.200930054591794,-4.49873666599759,-3.03155493136787,326.187350006187,333.942425998121,0
2.56,0.126128533543467,0.194807276129723,0.048265692256724,3.54862808097802,-2.41506456231392,0.113846685994468,0.0726423850855893,0.170846601721321,4.28906860937553,-0.637373445338212,327.278623431402,347.212604610052,0
2.57,0.0238713487130583,0.0725081264972687,-0.0384155048345511,2.54704894547198,1.91703008105762,-0.0159498526583742,-0.0423225058479529,-2.87106607791421,1.38543936661264,1.76639747240108,328.320659010332,333.313268629095,0
2.58,-0.257759050651173,-0.207835629582405,0.0173744418292247,2.61181052709897,-0.880335163333168,-0.229769232121378,0.118100378457578,2.69155308574228,-0.593368532951527,-2.11288157776991,327.007191080779,302.242931932196,0
2.59,-0.516395288618376,-0.483000367879868,0.0176507050265334,1.78568298713688,-0.889546238336083,0.1548931788434,-0.492933813653493,-1.33404717324797,1.48333218809445,0.270290260637513,322.815013523632,270.557467146952,0
2.6,-0.591292731866195,-0.583655595779419,-0.0121970986154027,0.498063568599889,0.597699551383797,0.308652714297724,0.504489212896639,-0.767286524838726,-0.128776787084314,2.61315779581416,316.329217850003,256.21209597737,0
2.61,-0.448152952543031,-0.398914933204651,-0.0257157788513084,2.57834404985817,1.27300208249146,-0.44446212625932,-0.0628950592336917,2.77830021604496,-0.74124236993793,-1.37290258673249,310.54666976559,272.947550615046,0
2.62,0.0393550419115006,0.102182149887085,0.0509770640971165,3.2581802104191,-2.54968983701596,0.00131696759872607,0.0643874676017111,-4.13682941443632,0.0574364379428955,0.892903115319433,308.563496275399,325.843188135867,0
2.63,0.781709850520353,0.846409916877747,0.0331564487147957,3.35255688848721,-1.65315408132666,-0.0130650864043314,-0.782303613700701,1.73872843730593,-3.30898466730411,-3.11590200869765,313.191518346292,409.327446497933,0
2.64,1.57824149686034,1.67520976066589,-0.0410465632181234,4.96680179213992,2.0698264907138,1.07798188602606,1.15346698962896,4.95949111527208,2.08728283220128,-0.777585136240745,326.664882486611,508.236711106082,0
2.65,2.25469321224918,2.39624571800232,0.00729248087627932,7.19706830263195,-0.326530521953778,-2.23971602452083,-0.25955113396877,-7.10786855719518,-1.17584816543338,1.68940178275551,347.602991703565,601.646442856069,0
2.66,2.66204928768502,2.81175780296326,0.0618150450238774,7.60613340763742,-3.04967591825419,2.45556336150341,-1.02982332829359,8.19451488010312,0.0609467056222308,-1.94468366748634,375.086884530011,668.40962652533,0
2.67,2.70047591364826,2.80576086044312,0.0483923088439657,5.38626100163086,-2.37770353938375,-2.11052643312457,1.68540504058583,-5.71863362688864,1.40089654875224,0.914845381877973,404.860013798084,692.850930042094,0
2.68,2.24543217276024,2.35792231559753,0.0411475617169997,5.74778306985204,-2.02363081278267,1.64691615530253,-1.52686801712052,5.63429847759865,-2.32094216857094,-2.30006463508766,431.774786500949,669.018102685987,0
2.69,1.42635819267712,1.55109071731567,0.0230897708773814,6.36102136776927,-1.1357330845096,-0.481472977372404,-1.34283826404987,-0.974554290646724,-6.38770118391968,2.81350892121368,451.559425510124,602.297853026591,0
2.7,0.481949417258934,0.552722692489624,0.0358333519535048,3.6639496682728,-1.79335749395769,0.0921401304323706,0.474414867254764,-1.35102147689747,3.84907771313238,-0.117615963632594,461.452496076394,507.94617374163,0
2.71,-0.470141286734666,-0.429208248853683,-0.0357417728894836,2.17245892347016,1.77035764284269,-0.0242197768840141,0.470875467856948,-1.48030121901956,-2.37959077547082,-3.01432479362377,460.809104152224,406.951901848911,0
2.72,-1.23092796261115,-1.1985696554184,0.00197768446555646,1.7440530161145,-0.133634709922539,0.403807160414465,-1.16281010383119,-0.695799501265747,1.60481843607073,0.332632559424524,450.836892999335,320.400905536051,0
2.73,-1.65394266967476,-1.62587034702301,-0.00463158928601765,1.52990782481758,0.189317106736612,-0.701263677595082,1.49792425064688,0.48131602898136,-1.46451145423544,-2.70094207903756,434.681971504244,263.924869775807,0
2.74,-1.67705259138667,-1.67865002155304,-0.0373985362150869,0.0465151786097487,1.83022438723608,0.649524361649913,-1.54661635463067,1.65227380593765,0.788591300793439,0.419894494435122,416.27182946576,243.785932254364,0
2.75,-1.50481758015673,-1.42522656917572,-0.00143103452743498,4.10603276190275,0.0342642840747021,-0.396108273639084,1.4517493698856,1.05153644634739,-3.96925058228691,-2.87427639727131,399.379180074091,255.676753403446,0
2.76,-1.02949266688819,-1.00665247440338,-0.0229122436359519,1.26873067611354,1.13257431219487,-0.020489346022543,-1.02954373816004,1.12958531278315,1.2713925917276,0.00235342754423937,386.290037330445,286.53983538846,0
2.77,-0.602622537215582,-0.598655343055725,0.0092498021665039,0.325426088745911,-0.4715004532956,0.194144021142118,0.57056777008085,0.334439671386491,-0.465150430395709,2.79826893129032,377.502698275542,318.850913577955,0
2.78,-0.416395267914255,-0.357616454362869,0.0402353021414391,3.06637937325475,-2.0239353584131,-0.250750670841625,-0.334855192213398,0.569679992950738,3.6296641031077,-0.739082514536679,372.170158667713,336.113124875224,0
2.79,-0.416389572741406,-0.369122743606567,-0.0534090575379797,2.49120095815058,2.65979582219322,0.403971329910347,0.114192680699474,-3.33483094301108,1.46952325983043,1.97385449206762,367.946355216783,327.969398154057,0
2.8,-0.644760855828926,-0.626735687255859,0.0295639405691119,1.02947295828628,-1.50039390487603,-0.645371287685852,0.00929993666266072,1.11791988584646,1.43570594846608,-1.63102601429968,362.15712770867,293.455845336649,0
2.81,-1.01985549157482,-1.03362929821014,-0.0245585900789319,-0.560279889173082,1.21641068438062,0.840799583342468,-0.577723470782623,1.13381517823341,0.712763389137417,0.992848315815125,352.991547748023,241.455279953139,0
2.82,-1.43950651200215,-1.42552518844604,-0.00397740500743363,0.827570098930712,0.177106433955524,-0.543165015218034,1.33310411599784,0.150550367549245,-0.83281062938907,-2.75192269218048,339.319329023887,188.214154197429,0
2.83,-1.60972131955628,-1.62940955162048,-0.0221130210368773,-0.855931365545766,1.07748185976721,-0.537435717825149,-1.51751591805133,0.745880140458357,-1.15639460251346,-0.326635185391419,322.053973740773,152.62900954338,0
2.84,-1.51796387953772,-1.52097833156586,0.0326783126119746,-0.02226153221935,-1.66390187938769,1.38464695961372,0.622924561186066,0.670331220514326,-1.52306306332023,1.97202580557321,304.835171892514,150.650007699477,0
2.85,-1.05589409393265,-1.03798639774323,0.0270405153066349,1.0239083030125,-1.36753930497576,-0.908616453970443,0.538571876952448,1.59433894298534,0.613706198854081,-2.13146283795328,291.048322889533,190.406672800205,0
2.86,-0.263072995529764,-0.231517866253853,-0.0169958072960166,1.70654352533974,0.840760814866739,-0.0247628263689329,-0.26245582651728,0.890826079658192,1.6809516493627,-0.0295567181100027,283.873773683307,269.461295130767,0
2.87,0.677284241188391,0.753715693950653,-0.0127224162172385,3.95086779906183,0.647647023361713,-0.593520510158784,-0.326510654125398,-3.79824040910788,-1.2657696580156,2.05495349191143,286.609903845094,374.995202340364,0
2.88,1.64961120542538,1.7198132276535,0.00960620720973904,3.64021953644171,-0.461049062787899,1.43235896320575,-0.818325857349056,3.39758890918285,-1.38569625675586,-2.08403235880485,299.721354272028,486.902831921371,0
2.89,2.3083935339778,2.46151351928711,-0.00585710178953558,7.78723229853706,0.318167529946661,-0.441237192472319,2.26583864238631,-1.1566299294519,7.70742659094378,0.189790290453414,322.39736313795,582.94413301505,0
2.9,2.6798502873781,2.83635950088501,-0.00794851233137828,7.95793678503937,0.442777090781283,-1.25844564022833,-2.36600408118817,-4.14811928527957,-6.805726693153,2.64979640805249,349.729602202171,644.521496916733,0
2.91,2.59192028254181,2.75992393493652,0.0531253288490019,8.53395871196888,-2.61408876038407,2.15285867626669,1.44432426125167,5.4873811821127,7.03921580198756,-0.959384202681927,378.86763309891,661.469150638495,0
2.92,2.16113545248312,2.27986860275269,-0.00978394894315704,6.07167855752342,0.527347513293082,-2.02791744388665,-0.747096386296027,-5.88684809328259,-1.5774648751339,1.91924601925642,405.151892647984,634.521368876765,0
2.93,1.45067075217175,1.53318583965302,0.0428693953185927,4.26184818782301,-2.12368802458542,1.41529020018932,0.321305252850952,3.59527341884123,3.1220842150063,-1.3180131410744,424.56416499873,574.781867295251,0
2.94,0.640366940367414,0.708375871181488,-0.0286789396925641,3.53740784658732,1.44114038436886,-0.609999757686707,-0.196958359862108,-3.79255031625586,0.45464489354216,1.83835673705728,435.319206015713,500.364008754115,0
2.95,-0.060980495181187,-0.00404149061068892,-0.011628647091152,2.98454940961734,0.572139081147833,-0.0614539204709449,-0.0087898739731642,3.0086942576192,0.427360703379604,-1.24029577145711,437.824666563525,431.169385380292,0
2.96,-0.49843289780032,-0.461524337530136,0.027519939914078,1.98349985207365,-1.3977642435699,0.450945142552191,0.214105532649398,-1.30698421359802,-2.04445807224905,1.9589187137808,434.203665874774,383.294426284078,0
2.97,-0.669954900820939,-0.607988595962524,0.00346509319494581,3.23680312581412,-0.197546457643275,-0.613961787351416,-0.268146414626596,2.89477182052949,1.46157968830845,-1.16418955916425,427.557861159152,364.652864388092,0
2.98,-0.53522898634299,-0.485177308320999,-0.0219158054770748,2.64153037389272,1.07554404012657,0.506087120153603,0.175573907987737,-2.85190155546754,0.0336929721373986,1.94565219297961,421.024254862398,373.048631224059,0
2.99,-0.260415732434467,-0.216689422726631,-0.0220566560182569,2.32578091440966,1.09078222049862,-0.255163915769524,-0.0565174828106395,2.54512067419289,-0.34845870369967,-1.26832447240343,416.790293337617,397.229828570967,0
3,-0.0247671294148464,0.033164918422699,0.00618206535065318,3.03660725250672,-0.306848257241639,0.0229400781386066,0.0111973856969438,-2.90641062574018,-0.931620487931201,1.78028106538179,415.443599598805,420.600336797586,0
3.01,2.42211095111816,2.54276514053345,0.0317648042625213,6.17398126508598,-1.53849323601289,2.37572986109097,0.472798148724222,5.71886128042439,2.78919912414888,-1.3612374304073,443.01548313122,692.490757768579,0
3.02,1.06134141329731,1.16773152351379,0.0191418394306079,5.46183450321478,-0.932794248108243,-0.987649462739236,-0.389050824890045,-4.68738462722499,-2.95468553424321,1.96408037015743,461.436563011237,567.882849608904,0
3.03,-0.239848212040902,-0.153883412480354,0.0254457394085428,4.4412000689582,-1.27551887731984,-0.174207312918511,-0.166812657190566,2.73384536711359,3.72522428420426,-0.912774352505175,465.506806908424,437.066276781974,0
3.04,-1.18211176177298,-1.19112324714661,-0.0204518933306954,-0.307277049621562,1.00304028324971,0.747272731758049,0.916182275332635,-0.598061036485562,0.861877016565355,2.47468846768075,457.068638448882,325.136627624201,0
3.05,-1.84404282626175,-1.80577111244202,0.022417536920633,2.05700334418887,-1.15606360041009,-0.893816779705272,-1.6130988981976,0.014443685056966,2.3595629226955,-0.518141061539078,440.045705732493,249.080326580078,0
3.06,-1.99513424090308,-1.98444008827209,0.0230142457498625,0.678205068234869,-1.18837096461769,0.957609146948695,1.75044994684554,0.703572002465007,-1.1735306137776,2.62947125009471,418.98590055654,213.564246894582,0
3.07,-1.8155017073378,-1.82816922664642,0.0282524956747743,-0.489853410616839,-1.44837203756869,-1.09362750853387,-1.44942179003777,-1.44355900718757,0.503860413082305,-0.661952493277265,398.03064706424,211.32121005823,0
3.08,-1.50858968637629,-1.5006560087204,0.0132108669611862,0.540317199850517,-0.692797729380943,1.22422855259882,0.881635877133278,-0.0412772679503498,-0.877614697598125,2.18616542091434,379.744901306979,227.785896525756,0
3.09,-1.17009045456193,-1.16115546226501,-0.0325302840021527,0.59051762008767,1.60000162546858,-1.15254317175322,-0.20448503240884,0.901527714901496,-1.44774446654117,-1.36740849453275,365.262897456152,248.055102122225,0
3.1,-0.896359859959633,-0.899045288562775,-0.0143190986895394,0.00964575646729968,0.695192683208357,0.851591184315603,-0.280104426830572,0.197428108813303,0.666639369715488,1.26899738157332,354.292952355612,263.408162509429,0
3.11,-0.711671474837633,-0.70158177614212,0.0202009693055077,0.648642081202317,-1.0207867826606,-0.469063696219385,0.535596504980627,1.20002856770399,0.150577693751015,-2.45069974828865,345.63379657501,274.839743584348,0
3.12,-0.51536356976995,-0.476976007223129,0.0234928617024959,2.06385815042967,-1.18740073001577,0.0523002521220073,-0.513240886158705,-1.30105091050769,1.99416586246081,0.0559979340632956,338.824539775487,292.241872958355,0
3.13,-0.111732735264071,-0.103270500898361,0.0172392059748082,0.568007835319443,-0.873655203330274,0.0506063334724242,0.101095961169132,0.383738813124222,-0.968839944775377,2.52440083557597,335.210705794496,329.573574441278,0
3.14,0.419138047756339,0.513679385185242,-0.020479252681208,4.87252271851747,1.03218344011989,0.398286149557908,0.132152358804948,4.9708326446893,0.312574975034408,-1.29924568585155,336.953341204142,397.928397066075,0
3.15,1.28807735515878,1.37983667850494,0.0760358561468319,4.73425908330405,-3.78614738691014,-1.17325305354755,0.537030722244254,-5.7835532877208,-1.81621377358154,1.20049652702703,346.38103923011,499.255058296943,0
3.16,2.24313226436913,2.38012337684631,0.0137443689118091,6.99693085284892,-0.655709595494342,1.37473829781794,-1.77254784861882,4.83756049898965,-5.09754890626736,-2.47579815372291,366.319401773803,623.281200878464,0
3.17,3.18292353413643,3.31973695755005,0.0534363904349539,6.98942974248621,-2.62780386582764,-0.930311040025727,3.04440126146153,-4.65435330880925,5.83904757295108,0.313355922851428,396.811328426651,749.008144988948,0
3.18,3.76211160386088,3.9689347743988,0.0612404279836603,10.4915285454376,-3.00405409135964,0.741112581483792,-3.68890041224899,5.16881770345192,-9.61144295889166,-2.92705183645485,435.42958349427,850.427984144807,0
3.19,3.91069533727861,4.13506078720093,0.0668663391896644,11.3703916561957,-3.27647156456611,-2.98899633915209,-2.52267913394959,-6.40687897370817,-9.94851617805144,2.28888681159665,478.055335334803,904.508887838305,0
3.2,3.52386043202698,3.7359561920166,0.0248721267572627,10.7586638439668,-1.17566892877458,1.1964226595893,3.31463177241698,2.47255389221034,10.5364852957559,-0.339339931707851,519.078886180312,898.605671846249,0
3.21,2.67641603628887,2.83415722846985,0.0145731308980163,8.04248838891373,-0.671808862710002,1.15517863645687,-2.41432754474658,4.1150748105359,-6.94255759338883,-2.6898735271743,552.716353375681,834.618369647864,0
3.22,1.44795251585474,1.61423993110657,0.00450700162837669,8.4710801805662,-0.188797343713309,-1.4368991948383,0.178626720024728,-8.43229296066521,0.831432070641097,1.45022947456754,574.763635610268,728.384210076151,0
3.23,0.259020036660201,0.326332271099091,0.00681524510447844,3.52323643639449,-0.32980178434552,0.147424999759496,0.213081431389971,1.65164793788567,3.12954042839731,-0.578944250469383,583.583012238357,604.516482412891,0
3.24,-0.866400917611964,-0.783496201038361,0.0248440838754691,4.30348094302299,-1.28256412118117,-0.473941877883917,0.725704399139437,3.34239929829668,-2.99888077166285,-2.59172357697938,579.509758231035,488.55334375313,0
3.25,-1.61567310774304,-1.54945266246796,-0.0788801585852144,3.46965842271813,3.89760600183848,1.6175362263899,-0.0140793046276964,-3.62304307966586,3.75545216435937,1.61087550056817,565.640249799451,399.236122711279,0
3.26,-1.9341563286919,-1.93339920043945,-0.0137005555196932,0.196699308198372,0.635599675287916,-1.09565832519674,-1.59395145580647,0.636598253128077,-0.193443090303332,-0.595125892934891,546.14869889876,343.645493001914,0
3.27,-2.00776857111898,-2.00697040557861,-0.0216268563193004,0.198918605348693,1.03738954873561,-0.351431257312252,1.97689110157118,-0.982438057008334,-0.388022101846564,-2.95488972637855,524.453458494782,316.823294091233,0
3.28,-1.94232555598543,-1.91492426395416,-0.0195027570363594,1.52922110408617,0.935966866716793,1.39179032941777,-1.35496442828043,-0.460246446169655,1.73283708684988,0.808845012122637,503.006338945866,305.814119591197,0
3.29,-1.81356712738065,-1.80516648292542,-0.0281451081341597,0.57939993919348,1.37312041786536,-1.72822739075425,0.550497918683044,0.158330941843097,-1.48192283346712,-1.86365026289751,482.665649065608,296.411663599163,0
3.3,-1.8047110206178,-1.76867485046387,-0.00237658972677901,1.96130608146613,0.0844419362682426,1.80389888339873,0.0541879561422256,-1.96298910949972,0.0229290597764296,1.60214352994611,463.235165837346,279.909120865972,0
3.31,-1.82327494177405,-1.7979394197464,-0.0364364866718254,1.42637836263973,1.79087818663444,-1.78962007812293,-0.350598212832607,1.77335725987563,-1.4481035672963,-1.35735847323466,443.843119645254,257.198223115822,0
3.32,-1.82352242886008,-1.79847073554993,0.0303189161377273,1.41223128317472,-1.5501425907922,1.75830437775231,0.484271618421482,-0.98086901063948,-1.85343875888372,1.82292762912723,424.286537371819,238.61599693801,0
3.33,-1.69118270877983,-1.63112080097198,0.022084271865816,3.16280591689707,-1.13538603045733,-1.66916204311147,-0.272918931874771,2.95919149003278,1.59236567139408,-1.42178165704082,405.508314815776,239.599642871266,0
3.34,-1.20912062118604,-1.18140888214111,-0.0426862134225178,1.54542085582833,2.11393419828879,1.20165523057435,-0.140781732575518,-1.36856233421049,2.23250544315224,1.48946032576678,389.946368810683,273.846981812774,0
3.35,-0.47399258091961,-0.420226812362671,-0.0440754009096359,2.84846979496791,2.1921756602852,-0.418880264509364,0.226165717421416,1.76256064289582,-3.13253799314646,-1.97315392674194,380.913707683431,346.670977412402,0
3.36,0.47224363298648,0.568194687366486,0.0348832128778797,4.95834543635534,-1.74856764563604,-0.319806834744985,0.349219810273338,-4.80801859174719,2.12735410757221,0.815195697078982,381.579090612005,451.204053006361,0
3.37,1.54628930085865,1.60434591770172,0.0327694265797927,3.06451188593419,-1.62451367242614,0.719671687624898,-1.36899857534602,2.9047049556852,-1.89551230313845,-2.63641414851299,393.100456839692,569.059913293341,0
3.38,2.31554757939047,2.45750212669373,0.0562640731886335,7.2606363571176,-2.7712684941348,-0.66859125184222,2.21763657444427,-4.89715157392358,6.03445737733724,0.317115160271327,414.240954305421,675.389596898667,0
3.39,2.75187342069842,2.92000961303711,0.0574036032095713,8.5711203710133,-2.81612384084147,0.795259548055299,-2.63508344240458,5.32547212663688,-7.28244495549184,-2.82763150340993,442.353034854018,746.602986242434,0
3.4,2.73268829986239,2.88412928581238,0.0923038027970902,7.73780112828335,-4.5599207497146,-1.29858178943134,2.40619838591354,-7.8401481089339,4.38161170969326,0.528651788322196,472.676261007766,767.995213142892,0
3.41,2.21700418933719,2.37728238105774,0.0342358825201123,8.18100774062424,-1.66065475243363,1.79251778459957,-1.30505159403176,7.64396638768818,-3.3550618061114,-2.18466291242783,499.9276453525,738.510770176885,0
3.42,1.41978824641427,1.55255055427551,0.0538287328532618,6.80641582661486,-2.66937598904497,-1.41906335399681,0.0703945628583926,-6.83710498375847,-2.58976060993062,1.55912566252061,519.830103773005,670.903711106313,0
3.43,0.547784446341527,0.639278173446655,-0.0271482423781573,4.74392634179148,1.35733426294622,0.401089491752147,0.37407492073637,4.50066739526406,2.02266814750168,-0.869753748247534,530.203249841678,587.229608760522,0
3.44,-0.177829506102185,-0.130997255444527,0.00957975937078957,2.51159033901197,-0.496557531535428,0.0109162514618325,0.177752469699217,0.204687786590626,-2.55201064323084,3.0264385775174,531.457931009509,511.308512809317,0
3.45,-0.659286451099131,-0.601819813251495,-0.0213063614961386,3.04386144773963,1.0430717972252,0.367480362843511,-0.547787156263719,-0.929506344613796,3.08043978070095,0.623195892401035,526.311977764431,460.892387668265,0
3.46,-0.789894156340194,-0.733995974063873,0.00294004912702439,2.96591726760565,-0.169005900369514,-0.764097452362683,0.200241118160365,2.90966836441928,-0.599214687519191,-1.83081717031436,518.226950873614,442.348191436488,0
3.47,-0.636990055097822,-0.605151951313019,0.0214461930085298,1.76342887885829,-1.08819649887493,0.586867149323761,0.248602531227437,-1.25547435208955,-1.64852576024775,1.93783335857641,510.324950215991,449.702828579158,0
3.48,-0.432057978614208,-0.371211647987366,0.0469629438604956,3.21439325683581,-2.35874334000837,-0.215696882377394,-0.377298913214592,-0.0217082961664727,3.98691897378199,-0.627611770686265,504.530190063243,468.253281914823,0
3.49,-0.297879092306935,-0.197608456015587,-0.00756920425016011,5.18628109977781,0.375619010502199,0.0329971949489551,0.296142586623547,-0.817445955684524,-5.13521016088905,3.05603188277957,500.907949050857,481.242253927288,0
3.5,-0.2427099337996,-0.193999752402306,0.0416116685386363,2.60890453270089,-2.08563651131701,0.139995469144341,-0.202585565978012,-2.99066369517513,1.48734433822409,0.434894376174043,498.247986595867,476.975459039047,0
3.51,-0.434515229619808,-0.369896501302719,-0.0265803034879438,3.40490314813309,1.31556782243906,-0.333398403634404,0.279920527577197,1.95365394265946,-3.08339430108036,-2.20812404058279,494.588908446062,453.630890210413,0
3.52,-0.687498909480718,-0.634895086288452,-0.0110071483791255,2.80466351177586,0.522250668509452,0.675206933172666,-0.129890358565139,-2.67185929456591,1.00002554221742,1.39675586549677,488.424490821685,419.925771163572,0
3.53,-0.876063104981046,-0.84033465385437,-0.0274063231184457,1.96132176173108,1.3394432240166,-0.858461464868628,-0.17686600518899,2.21883384054133,-0.84715263764713,-1.33633930689434,479.683859668095,391.413954121275,0
3.54,-0.900036308892237,-0.844146072864532,0.0314028665767702,2.96979656496687,-1.60488047684942,0.73880373101145,0.514995674153834,-1.62276204448618,-2.96006356844519,2.14467457881406,469.8835084505,383.875361603766,0
3.55,-0.655327413560785,-0.574004471302032,-0.000795808148970317,4.24190428544175,0.0129111354965358,-0.435507635659511,-0.489681275481451,2.82482564696508,3.1645345200388,-0.725696440045272,461.602894110774,406.38951067693,0
3.56,-0.171038204592562,-0.0662961006164551,-0.032483611537172,5.41344263231859,1.60960791647805,0.110626639856501,0.134428415905287,-4.01144095232518,-3.97549245555839,2.64070398880729,457.659042144077,456.828054751856,0
3.57,0.458143576453071,0.539777934551239,0.0374466523746073,4.25881598387727,-1.87869024760183,0.164323887549482,0.429296457474204,-0.610054114242262,4.61463157886509,-0.284015158898918,459.789535572678,521.600389413057,0
3.58,0.927915489424463,1.04569363594055,-0.0369528746975872,6.06689063697909,1.85620140041543,0.00985382602560289,-0.928598714502079,-2.03248646642854,-6.01012848479578,3.11240125366015,467.929449293023,579.879769476655,0
3.59,1.15182594746701,1.26586985588074,0.0187005373893221,5.88121119607987,-0.925173174566657,-0.959902028361001,-0.636899379262816,-4.32322190486235,-4.09320692088139,2.17284072010256,479.810577229294,610.830354894305,0
3.6,1.01965098713227,1.09675323963165,0.0224292223937779,4.03512739109832,-1.11413771497116,0.55104903807744,0.858216850924593,1.15444504525777,4.02378087720901,-0.548798239475281,491.799514991169,601.192807588376,0
3.61,0.511460217428804,0.560120046138763,0.00747195725764298,2.61391532741103,-0.375376562020813,-0.0346021448318004,-0.510343096093813,0.236139856785139,-2.63015187208389,3.08850256358387,499.729970648893,550.408740998175,0
3.62,-0.266901123477498,-0.200649589300156,-0.0508001462592252,3.4941596085172,2.52658728293646,0.0772816842966627,-0.260469587180116,0.64241893205479,4.26381197801063,0.476511313304144,500.587690937063,471.343884607943,0
3.63,-0.969242943370927,-0.963878214359283,-0.0594844777153453,0.45021039080418,2.94830400824082,-0.773433783699054,0.587171583607697,-1.26096080882312,-2.7028066448803,-2.15884839135766,493.287033432224,386.280471824721,0
3.64,-1.5492151814936,-1.50301921367645,-0.0489644593429994,2.49200424121802,2.41149452638936,1.52095803938662,-0.298583052556922,-2.06971916587145,2.7823827133374,1.40854441468712,479.07222830896,319.590125376544,0
3.65,-1.6822113521839,-1.66125535964966,-0.0324393917486313,1.2301972846695,1.58327393339713,-1.66954345424724,-0.208595306595359,1.44408321704617,-1.39095843562222,-1.42721751814013,461.22653509765,289.718833422173,0
3.66,-1.38354730091466,-1.40362691879272,0.00203592034300748,-0.821442728349388,-0.13611802562308,1.31310791871034,0.435838126671006,0.822689418227663,0.128368196971996,1.88979688508795,444.193209202552,303.359613157839,0
3.67,-0.847073840281777,-0.820984661579132,-0.000269936431996826,1.48731127923361,-0.0109148960616795,-0.785159177669797,-0.317898143241325,1.37432263876997,0.568727756361419,-1.18576830755797,431.850192943572,353.866137883417,0
3.68,-0.160780501062658,-0.0941039025783539,-0.0287656676268823,3.5171832141048,1.4273333068995,0.159777100548503,0.0338985441618536,-3.79576779016821,-0.00223912635162948,1.95689731772335,426.736657712761,424.381473933789,0
3.69,0.521490456421282,0.575075566768646,0.0330861985890114,2.8633889746118,-1.65790914500576,0.497074231782508,0.161134108038545,2.05239445285929,2.59525262024616,-1.19395924052332,429.083533675415,494.412699496879,0
3.7,0.939549266837869,1.0318284034729,-0.0172394996862298,4.79892179678771,0.869170575255678,-0.855696117228269,-0.38837376343604,-4.7501822836376,-1.10493265531884,1.9785162489209,437.435374368066,547.327378339244,0
3.71,1.14488498565195,1.222412109375,-0.0114021938189939,4.06226694289702,0.580971416142938,0.991910314715984,0.571844006661953,3.82448123128926,1.48757648988052,-1.05778857279064,448.975915661249,575.949414327327,0
3.72,1.08799554580893,1.19970345497131,-0.0145023860777832,5.77229033924806,0.735307668176276,-0.818059731509339,-0.717441915826557,-4.86753915635307,-3.18858521743187,2.27743172349171,461.158124452174,584.196900803359,0
3.73,0.969386651836411,1.09084212779999,0.03452830611468,6.26061377878101,-1.72179437571946,0.5630905235185,0.789830201375851,2.01388046801522,6.17285559687481,-0.583744924250081,472.498095290937,584.239996560794,0
3.74,0.935448397701581,1.03778862953186,0.0319313743596181,5.30580532320737,-1.59220896106638,-0.238882406644345,-0.904996416140282,0.374111185268071,-5.52691055876003,2.91764097743492,482.880226739397,590.379887475626,0
3.75,1.02941487075851,1.12956488132477,-0.0176878154134071,5.19732503810641,0.894948048364972,-0.233423179061963,1.00275692689179,-0.216197514412631,5.26938119666454,0.21152774422702,493.447554833565,612.108068973435,0
3.76,1.27476966870636,1.3581907749176,0.0150338813156792,4.36197146610566,-0.735898615512156,0.839052891292888,-0.959819759878997,3.45767198154578,-2.75913869014698,-2.41143578996061,505.805843071703,649.122236839782,0
3.77,1.47639658620361,1.61592221260071,0.0124767960862399,7.16830730840701,-0.599352620387504,-1.43759797833969,0.336473777385214,-7.12488832228262,0.989858387006711,1.34933286214852,520.881981881145,690.330428472237,0
3.78,1.58821962349322,1.73561823368073,-0.0452592154038036,7.56317189900322,2.3001946857352,1.35840573858781,0.824150361523686,7.71190637597828,1.73751685295481,-1.05395101547768,537.901965975102,717.349357719331,0
3.79,1.4618734535203,1.55342209339142,-0.0134789703624941,4.77186946918184,0.712997112910404,-0.262350169251171,-1.43820306822204,-1.59978983897635,-4.55189802006112,2.95194117581863,554.574936751209,711.272381440278,0
3.8,0.865903144176642,0.978558421134949,0.0591349562999162,5.82829414845169,-2.93495114565308,-0.570050222666949,0.654467678185065,-6.19523234549844,2.04988953203252,0.784754660445142,567.231321815639,660.202063960837,0
3.81,-0.0760650425164356,0.0431292504072189,-0.00726623925623789,6.15614066141505,0.345665798345574,-0.0754651072796128,-0.0119877649807035,6.04696211242444,1.20490742307326,-1.31802317829618,571.585535668815,564.698556466021,0
3.82,-1.1347483897748,-1.09563541412354,-0.0433994307246889,2.1525748498821,2.13365639097412,0.363042718861,1.07598206442567,-2.65599600232099,-1.46005250410545,2.85440849057867,564.750230462423,439.022921550101,0
3.83,-2.19604825266745,-2.20122385025024,-0.0679982007413152,-0.0616766569552075,3.34787791742975,1.273880288519,-1.79010633591151,2.70362805776425,1.97547105402657,0.649437912897156,546.085093298385,307.585963577674,0
3.84,-3.06546850870487,-3.02336120605469,-0.0655448385387931,2.30240829887034,3.21195557865329,-3.01467646790664,0.559570458092911,1.75367292058894,-3.5415214105723,-1.73294467461756,517.208284959358,197.777147002458,0
3.85,-3.36104754403291,-3.37718796730042,-0.028899100390523,-0.610273155635525,1.37659285985232,3.15674345327369,1.154316473705,0.0874754434633615,1.50325954947129,1.92995755005712,482.235995922845,131.685352631324,0
3.86,-3.1820128590067,-3.20028066635132,-0.0603045320049047,-0.716935799668656,2.95765399440288,-2.62910692934001,-1.793499156833,1.12824695303077,-2.82644173908302,-0.953187545486274,446.559012691972,119.633236570873,0
3.87,-2.52270649123899,-2.56776738166809,0.0364140521048689,-2.0567794033318,-1.86924325907547,2.01961917481693,1.51212182473564,2.76266096215845,-0.303506645289302,2.19904185479267,415.464904064747,157.776594714567,0
3.88,-1.69111467358365,-1.66031014919281,-0.0147303967547913,1.73652833981464,0.705851369566875,-1.53578493801291,-0.708131660054228,1.87170092233427,0.102432847426468,-1.13004991080819,392.647267556523,230.520772106571,0
3.89,-0.71165325891257,-0.699556767940521,-0.0485774762668449,0.801390920805617,2.41383191432871,0.712175062281426,0.0402096106146821,-1.09505999558635,2.29557302751359,1.6953510499457,379.952719017564,316.739251361062,0
3.9,0.0847152043869198,0.126737296581268,-0.0297800554714204,2.29810176241849,1.48224633717743,0.0894281963105426,0.00813112924762071,1.8652232718252,-1.99981700681552,-1.81816055201193,377.058995026956,397.405657265565,0
3.91,0.620901958418144,0.728563249111176,-0.0442419897903971,5.58071328336853,2.21419346676896,-0.533469235501112,0.32076030053914,-3.29329797882234,5.02007986810299,0.958307636086838,381.588290441451,461.781048621684,0
3.92,1.02784475880545,1.12007582187653,-0.00336095780643346,4.81001698224063,0.188358301241531,0.621032742369145,-0.819020437563478,2.74322970849561,-3.95555722819389,-2.49609417933594,390.9347719464,509.904101889665,0
3.93,1.32774659033243,1.39351713657379,0.0213984823710046,3.48788239502372,-1.04576968017675,-0.516791661799013,1.22323149137119,-2.36563324380907,2.76816494835094,0.415849814975658,403.690666877956,550.578658344421,0
3.94,1.5708085439865,1.67247879505157,0.00516298436921864,5.28388735456261,-0.22938696482263,0.444815221589027,-1.50652101110847,1.73269312304931,-4.99698494060917,-2.85120342058953,419.312427442191,595.791235353165,0
3.95,1.921926817809,2.03886198997498,-0.0120956375669891,6.04827491634253,0.641011738501682,-0.563280678778622,1.83757010053393,-1.12213838952869,5.97773627281274,0.291148520576318,438.3511745236,653.862147196893,0
3.96,2.30580149839488,2.48742341995239,-0.00417275304664821,9.28391651410921,0.253372974906524,0.999286943504802,-2.07801914486101,3.77976308241745,-8.48343649390722,-2.69516382764227,461.710466025779,724.119158083652,0
3.97,2.71445396356663,2.91538286209106,0.0354287889843782,10.2507399441284,-1.71668856906035,-1.90324962891039,1.9357573116132,-8.48982072382637,5.99563450541978,0.789981795194365,489.693881448908,795.298516550975,0
3.98,2.95924862715888,3.15359234809875,0.0647534423449779,9.92303358025684,-3.17250241196187,2.87564872645097,-0.701419879742611,10.3737112942694,0.9578522704236,-1.7881635324472,521.185628795769,848.445492872799,0
3.99,2.84409432632672,3.0323371887207,0.0206555799045323,9.6195797659894,-0.959821310452982,-2.38773091601048,-1.54532852906842,-7.51029795953727,-6.08711724720353,2.15245993312557,553.293519828002,863.347016774958,0
4,2.26050080137885,2.44714713096619,0.00257392943276979,9.54129249400521,-0.0860095985028302,-2.13531946588317,-0.741809461228147,-8.98102323532238,-3.22255826228082,1.90629144890024,581.791523947745,826.14157344945,0
4.01,1.28915234719294,1.41833972930908,0.0519912458478347,6.66959929537815,-2.58118366072343,0.096836127480287,1.28656116385211,-2.34744533926055,6.75540999721543,-0.0348178094883142,601.180284304746,735.24374343081,0
4.02,-0.00713429778775891,0.0983402952551842,-0.00527655944018905,5.4849112119513,0.263151942795058,-0.00519756765285434,0.007192049425878,5.14665410387869,-1.91453688473597,-1.87899045323376,607.737504293726,603.289907716175,0
4.03,-1.32686173484259,-1.2764744758606,-0.0760519918025299,2.73104189657332,3.77523367617808,0.79643659339404,1.06397120334599,-4.65559857447451,-0.190738207862728,2.55627416952994,600.00498617252,454.249767702368,0
4.04,-2.45440441323781,-2.43233227729797,-0.0201514900544582,1.31546405350729,0.929218567068821,1.36990255992235,-2.03663302599924,0.0236179581099633,1.61038349889397,0.600330569577469,578.481261988805,316.61999348558,0
4.05,-3.11681106745485,-3.16228199005127,-0.0394133340519689,-2.06179233203348,1.88796953084655,-3.11696683959296,-0.0241321774393964,-2.02287694328085,-1.92960758761457,-1.55040955282832,547.527977899008,215.059424666044,0
4.06,-3.30943208791267,-3.3698353767395,0.00724222933151109,-2.80860340142405,-0.441875399430807,2.38723401358307,2.29205300086708,2.33554799431863,1.62133355647352,2.33366801608797,511.954433805858,163.399748854344,0
4.07,-3.07697930767335,-3.09256935119629,-0.0117280466993214,-0.568141072553282,0.520256619334381,-1.00367172355888,-2.9087080084219,0.30917422796183,-0.705593739376591,-0.328453471287341,476.984244777762,161.456360606279,0
4.08,-2.47879021321263,-2.48524236679077,-0.0201137694548871,-0.111392421810639,0.956117443677058,0.240912177860376,2.46713737100288,-0.942388152230512,0.19614639501136,3.0523669624558,446.974647014551,196.661824319348,0
4.09,-1.78084697504596,-1.75346422195435,-0.00470600978135294,1.58044035345367,0.198901393550386,-0.0828013279529002,-1.7789272146852,0.268020951182088,1.57019688093834,-0.0438695202812824,424.156227881331,249.773838913219,0
4.1,-1.14001672592754,-1.08431315422058,0.0306759877178732,2.9967064549697,-1.56244715716489,0.124988026499844,1.13355950212095,1.13943307143026,-3.18169498411157,3.00487283739665,408.881312551563,302.432612479135,0
4.11,-0.591456891039405,-0.580956399440765,0.00640164029652895,0.73691626804644,-0.340030149985841,-0.178289113202689,-0.563981583981147,-0.0933722062354856,0.806193351568719,-0.317007732526856,399.842749452226,343.709306113821,0
4.12,-0.31383404342234,-0.240164026618004,-0.0103149742405665,3.89576805310861,0.499399462630001,0.1717463528557,0.262871443456995,-2.44935570332708,-3.07035261582052,2.59572368686137,395.298138649187,373.229864428006,0
4.13,-0.023963140801363,0.0305727832019329,-0.0379761031293346,2.93954052059858,1.88909081067708,-0.0436831734306343,0.0104017731654237,3.42251454098978,0.704241989616532,-0.796671655893336,393.837941889583,399.804497436076,0
4.14,0.222661510121208,0.35665500164032,-0.0346203262028363,6.91303959000895,1.73920773696904,-0.175612255513605,-0.141198621768315,-6.85773910832774,-1.94586079858664,2.09374454894522,395.311183307123,436.230454784427,0
4.15,0.746546421259389,0.827958941459656,0.0481357712722564,4.28472500774068,-2.39526081316273,0.727923277096734,0.172558147393648,3.39563087779236,3.5448319701806,-1.27364862095996,400.952722609598,492.406551004344,0
4.16,1.33799058223555,1.44990837574005,0.0107907481467009,5.8109317850084,-0.516382452521068,-1.32746235810733,-0.167865798198231,-5.69003991255656,-1.28725476919136,1.70464954143227,412.463946746111,569.546019615412,0
4.17,2.02397224552447,2.12574124336243,-0.00897556670433819,5.30463476562247,0.48527764892028,2.01669871292842,0.171669778132011,5.32647817139758,-0.0572248444055435,-1.49031148730063,431.04534433222,657.854899955848,0
4.18,2.53182385249651,2.68529677391052,-0.00958386266439071,7.8911767281576,0.527048281221043,-2.48546674241319,-0.482368057453837,-7.85072541857285,-0.956326538337353,1.75870341946025,456.238552056109,738.715019959002,0
4.19,2.80580387252632,2.94257521629333,0.0185268183667007,7.05760303576019,-0.870640530285328,2.47494847977458,1.32193367327714,5.78790791692648,4.13133120053655,-1.07361934459223,485.598383844637,790.676144535668,0
4.2,2.60187834165537,2.76529383659363,-0.00290222198708517,8.39125772538456,0.203878163299832,-1.3464056381714,-2.22642565228844,-4.52460607303835,-7.06984528848553,2.59658070363123,515.2144873094,797.07779608927,0
4.21,1.97610055888522,2.13446497917175,0.0272698013873863,8.14005653265192,-1.31511100242917,-0.341297907498757,1.94659518113837,-2.8083517946517,7.75262520059857,0.187365456163174,540.303408007554,752.451230352674,0
4.22,1.01642971379675,1.15854847431183,0.0739035692193057,7.32890681763284,-3.67152912780978,0.858267479828325,-0.549516181473689,8.19280546957015,-0.266345294086856,-2.06771421146399,556.747245032109,665.253913557638,0
4.23,0.00254100201101669,0.051489569246769,-0.00336151255430644,2.67122495416757,0.152023073975914,-0.000748370603911824,-0.00414685414645262,-2.45179339434663,-1.0711036001372,2.03952400803671,561.85152684445,555.817083542337,0
4.24,-0.949113217686659,-0.933850586414337,0.00883378577595617,0.987439508927285,-0.477748803624341,-0.124710309786583,-0.940925753920889,-0.334156838703021,1.04480615920038,-0.141079127446889,555.696309806548,450.146892661158,0
4.25,-1.61183715294587,-1.5901997089386,-0.00540176744153988,1.30644599821017,0.226438616784339,-1.08445298372602,1.19248057124461,0.715200453590865,-1.11649626268698,-2.40025197156692,541.086639085934,371.752968973157,0
4.26,-1.81231097880236,-1.81096076965332,0.0114852205701526,0.292293744920053,-0.617516287128307,1.80817881737462,-0.122850960829993,-0.3372521948891,-0.594157348882098,1.49662150998697,522.012172420554,334.410459807648,0
4.27,-1.67161768537694,-1.62363469600677,-0.0673411648394975,2.62411584372909,3.33595290681145,-1.46964640077055,-0.799362230311814,3.9634699712281,-1.51837793218515,-1.03237390354693,502.994001591131,338.417866188294,0
4.28,-1.17208227594051,-1.17076396942139,0.0112796604496949,0.291156676706825,-0.587780873572546,0.600397728956839,1.00669094531401,0.350358446148599,-0.554533610289771,2.59419579412644,487.59161470355,371.621404856157,0
4.29,-0.740207030925246,-0.652438700199127,-0.0113031758402703,4.61410036407643,0.552519701235916,-0.126151325135866,-0.729465594515402,1.26257684606689,4.47225892562136,-0.155973812121371,477.485262465476,414.720375033863,0
4.3,-0.283048739270931,-0.254042536020279,0.000805386610743752,1.67652865269705,-0.043998539160599,-0.0516630507232956,0.278295107108297,0.344595296165777,-1.64132211239076,-2.96088632329659,472.345531556523,448.803688105073,0
4.31,-0.156389993788614,-0.0792613923549652,0.00841116232285477,4.08326873527042,-0.422284301893507,0.0813552971185281,-0.133827850014787,-2.30273573345925,3.39835485756159,0.492483951243353,470.155927121744,462.278864433325,0
4.32,-0.175301206254598,-0.119945980608463,-0.0202984630384782,2.99524525970554,1.0144714206944,-0.110426708777753,0.137653487077352,1.41750931955984,-2.82689118258118,-2.35022836797938,468.505624438503,454.632820282591,0
4.33,-0.364673628875746,-0.273196697235107,0.0440770638664315,4.80187128567619,-2.21425708935734,0.341727917626696,-0.134728146543374,-5.27706144006428,0.336934503661166,1.07496812026433,465.736197190606,435.698874702964,0
4.34,-0.431143988929122,-0.387034893035889,-0.0304086564131494,2.43401253835109,1.51363934760756,-0.411734110154414,0.131471852918869,2.00718486834762,-2.04615004722345,-1.80946195698857,461.419294610715,420.827466271671,0
4.35,-0.416107757237867,-0.333751559257507,-0.0393232906896601,4.34688459237711,1.96200242076961,0.415453634628785,-0.0457194083286618,-4.31618981259038,2.02863615767894,1.55541323765698,456.797709127835,423.917558479238,0
4.36,-0.132392759147506,-0.0644262433052063,-0.0357302892679052,3.6279596556844,1.78833880151681,-0.136641959248877,0.0115529744432376,3.88867974467314,-1.11284175678897,-1.39154405231673,453.989066576556,451.073171880573,0
4.37,0.275166296352923,0.364355206489563,0.0153309758306308,4.68973713302748,-0.7596165783175,-0.26238962641087,-0.0842805637170762,-4.10618410840116,-2.38954049785002,1.93724870288141,455.017208693771,497.401084652144,0
4.38,0.741161362666022,0.808150887489319,0.0142563058024146,3.58056688426927,-0.695941881927455,0.628288163572411,0.393417578761922,2.61698496576135,2.54090220290461,-0.992120666435512,460.771465385585,548.256596781446,0
4.39,0.984268107650028,1.09078621864319,-0.0234972026140116,5.55794559476203,1.1998545886748,-0.632900018338844,-0.754170665734449,-4.57384592581742,-3.37792002794352,2.41953382738683,470.382908636416,584.532426272364,0
4.4,0.977289275853411,1.07241380214691,0.0413943456306411,4.98924881043401,-2.04894514507862,-0.971612421150889,0.113035939477584,-5.12621819521759,-1.67710074681832,1.49730944911397,481.349788454329,590.01964744618,0
4.41,0.583592213086404,0.710605621337891,-0.033567185736683,6.58461222060937,1.68946067407274,0.537084541538744,0.230752729937231,6.76582239690262,0.65957771233377,-1.22245747586724,490.145298383828,558.043326373844,0
4.42,0.0019541298378612,0.0848850607872009,-0.0188815943379501,4.3812242683157,0.931090169036956,0.0124167033149746,-0.0143582278486597,-3.67961530516924,-2.5539158557243,2.38693515933235,493.480819957095,494.805172118859,0
4.43,-0.633957066879687,-0.622706174850464,-0.0245377462100834,0.797698915224545,1.19994841616008,-0.20378188057675,-0.600813289453861,1.37723478214643,0.423584838776808,-0.288313971269565,489.572937156769,418.069456692994,0
4.44,-1.23664677408823,-1.18741548061371,-0.00650495627576206,2.69701074838243,0.284831769135945,-0.146244389151001,1.22798621204019,0.0503714287819454,-2.71154178148926,-3.01779797807489,478.831304135991,351.557562795662,0
4.45,-1.47978060843357,-1.41763627529144,-0.0445655804568897,3.34288471300532,2.18674141637301,0.590184763435685,-1.35772555587124,0.553983680766208,3.9559851248419,0.440153623639811,463.930005920817,317.022803184377,0
4.46,-1.22371564161988,-1.22197997570038,-0.033816572282512,0.322694614570872,1.65500564051424,-0.708495417163698,0.99832748933611,-1.12873412513315,-1.25265109235049,-2.49677066327265,449.082185834958,326.857255609926,0
4.47,-0.664502731042582,-0.641024827957153,0.0283797241941516,1.41013502606099,-1.44729000911806,0.47558200560032,-0.464963487015447,-2.02033371459762,0.0371597077109753,0.754005153641937,438.728816080359,379.904438853349,0
4.48,0.081468054595984,0.167643666267395,-0.00832274884143656,4.54558276443512,0.405364852232475,0.0648998055250569,-0.0499432408914524,3.02341232370646,-3.41842379652012,-2.32849503603946,435.96662952693,461.980332023989,0
4.49,0.906500777723448,0.982075035572052,-0.0262072990944108,4.01636155138691,1.32295010612489,-0.71718222403797,0.55504967350949,-2.26427281774162,3.57133388268183,0.883252017321871,441.823060628389,550.877502218916,0
4.5,1.46721214299102,1.58928728103638,0.00211513939802997,6.3424445207735,-0.077157458725986,1.25325366262436,-0.762935910462732,5.46231692039709,-3.22422853310222,-2.11619354831777,455.173304851933,623.98829834836,0
4.51,1.71665808739385,1.85623168945312,-0.0199121785771202,7.21847372760187,1.03191085260178,-1.65251305928461,0.465308578004137,-6.63393191335566,3.02690441420887,1.28472761861645,473.111694657125,665.744577700643,0
4.52,1.59985179072493,1.76931989192963,-0.012146805483202,8.71433554738731,0.633862213387745,1.58888247289741,0.18741874102822,8.73130944519388,0.325054934260498,-1.46097485763199,491.826533777349,672.181207483077,0
4.53,1.31829966330147,1.42581081390381,0.000823057458154891,5.6175573369309,-0.0259888798152687,-1.0619014378349,-0.781204208903484,-4.50749579303201,-3.35262695977035,2.20568436425478,508.032323945114,651.042775378037,0
4.54,0.870775239081918,0.987976908683777,-0.0327819279053819,6.10307249601062,1.6470759680711,0.232669379564629,0.839755399868543,3.41929257183037,5.31684036288323,-0.307916889643617,519.810871954532,617.545636466785,0
4.55,0.537880502371054,0.614319026470184,-0.0119707428226155,4.06583042611639,0.600359352564684,0.215425341503085,-0.493001679259759,0.989351233350251,-3.98905910500384,-2.75188160129497,527.147042377598,587.541757169833,0
4.56,0.30919578348291,0.394801020622253,0.0148766015775554,4.52500053248104,-0.744304078595252,-0.273159394943485,0.145627232179347,-4.40887212522212,1.26153278348466,1.12908047368499,531.407165696279,570.791572452932,0
4.57,0.213547250057691,0.320252060890198,-0.0225846542262133,5.58077663929461,1.13442340872013,0.195338161429774,0.089193594517517,5.65228162069743,0.695483176126274,-1.24782596907381,534.259322537324,566.980197575424,0
4.58,0.247530865540745,0.290640860795975,-0.0238028032611527,2.40180989221415,1.20023115200005,-0.0894303461993671,-0.232035161165503,-2.1477876121623,-1.61128953003838,2.67785431732884,536.730650441438,566.035279851949,0
4.59,0.0613508441016552,0.162452846765518,0.0187558408729734,5.30220949718755,-0.934864231775746,-0.00253549451138796,0.0641036575120377,-2.63184742870014,4.69689001318574,0.336223581241633,538.410001495845,552.634739212314,0
4.6,-0.261244979650007,-0.184863582253456,0.0110104742365523,4.06687775282497,-0.573530395223835,-0.242037551193726,0.0989342900484514,3.93556100229482,-1.17464520936516,-2.00094931364358,537.550463211579,513.162187404091,0
4.61,-0.83187701214663,-0.786432921886444,-0.0179115991803456,2.52055095677874,0.862941656677306,0.787384752944571,0.269008251831831,-2.6635969809183,-0.0556466691733564,1.92153934550675,531.517407373907,442.395952782303,0
4.62,-1.59166376921772,-1.5660742521286,-0.00933355728953569,1.52806971153768,0.420414753909186,-0.783628280545201,-1.38542678892167,1.11163505824803,1.12960750081489,-0.50889416994507,518.149179005153,347.27537878235,0
4.63,-2.35404499359402,-2.34460520744324,-0.0591116959416578,0.720618070625896,2.90073863576017,-0.113462793492877,2.35205191672185,-2.84016801492557,-0.931139454484716,-3.06828468719785,496.445476496238,246.158264719494,0
4.64,-2.84883703050156,-2.89717125892639,-0.0305115173043289,-2.16824711439592,1.46302677686768,1.25840493458429,-2.55601651005213,2.28407075315799,-1.274662187988,0.468202977607118,467.64523422181,163.666649206557,0
4.65,-3.04211897937909,-3.02725481987,-0.0731574592658959,0.991434895693159,3.59792471106975,-1.74748381815891,2.49121259707345,-2.30629600907394,-2.93411044397686,-2.50584452210589,435.193136457783,122.882971909928,0
4.66,-2.62222937285153,-2.63800597190857,0.00520575566525006,-0.540827802412741,-0.316052576228247,1.41607416327871,-2.20699976162932,0.024813223081159,-0.625913929197482,0.568482461070513,404.244031692492,137.678507863621,0
4.67,-1.80051421979081,-1.77072060108185,-0.00298302846738818,1.73765227532977,0.10782845824298,-0.527134384275751,1.72162414453387,0.40843036959188,-1.69240865028539,-2.84281507399602,380.339287656206,207.945208233609,0
4.68,-0.596704839619452,-0.593419075012207,-0.00515073499110333,0.412507012033573,0.236561310130349,-0.0687693222350691,-0.592751192335835,0.279212084426477,0.384920641610287,-0.106869064569883,367.937491685287,319.461164628117,0
4.69,0.593807296607278,0.656161844730377,0.0470931864637966,3.36653270950943,-2.34652030860731,-0.354352741535506,-0.478809991835623,0.208150129650403,-4.09833790291015,2.58361886368341,368.329025972941,448.435575755953,0
4.7,1.63931322320739,1.72766613960266,0.0258586809284336,4.66738372502965,-1.26745766605586,1.35679552335494,0.920392537434962,3.0927439705208,3.71831339517296,-0.958970834832505,380.932404423566,569.07931744796,0
4.71,2.28975269400765,2.44452810287476,0.044623758391712,7.98970447873,-2.19749909479734,-2.17289133945318,-0.72353431601939,-6.79513073791682,-4.74242323962037,1.91171689675501,403.181221383974,661.465525712548,0
4.72,2.63596417206378,2.75345945358276,-0.0082445175095831,6.12700125005498,0.455863276339034,2.54981022352972,0.668463097303176,6.04577141081067,1.09389382168204,-1.31753202010525,430.686881611253,716.882310230988,0
4.73,2.60092082836593,2.71824908256531,0.0484469171304758,6.12001288807102,-2.38152752072153,-2.44033980430163,-0.90104267310059,-4.83433425409146,-4.44470959701839,1.94312203494823,459.192270784915,738.855503199039,0
4.74,2.32726368418163,2.48017263412476,-0.0113084344235759,7.90042680742023,0.607643550596171,1.78028658345331,1.49895424118814,6.45727682657265,4.59233605140054,-0.875839590860068,485.843809226059,739.662719707611,0
4.75,2.02643417438998,2.19395303726196,-0.0125358147309333,8.63228090792039,0.666837844457605,-0.717839898038069,-1.89507215972671,-3.729827006138,-7.81340750814467,2.77331478034989,509.460778303998,733.851030622238,0
4.76,1.85705667440105,1.96126270294189,0.0432066884185606,5.46791500577375,-2.12199933928795,-0.512185539289918,1.78555097468649,-3.65509433159603,4.58707544448953,0.302611491888148,530.297709294897,731.373280030674,0
4.77,1.61560220036414,1.7931147813797,0.0101795315591342,9.13445936542825,-0.46796381560171,1.44914755020395,-0.71431468585079,8.42271166064512,-3.565847208309,-2.0224637141634,549.129258235553,733.059806574135,0
4.78,1.4546563308545,1.60917365550995,0.0367965621237235,7.98593012894364,-1.80298950732154,-1.29629426654306,-0.661059908334184,-6.16079202241891,-5.39170593081456,2.06767149666391,566.308235171908,730.20865252267,0
4.79,1.16412400283055,1.28024470806122,-0.0385248154902152,6.0673075246782,1.9426562832458,-0.0279156565612889,1.16442671366365,1.99786126006709,6.04935404976219,-0.00911217904384848,580.821500728029,708.464748700981,0
4.8,0.60099641230972,0.696465730667114,0.00999525728070198,5.03579834156405,-0.493076096096814,0.543198763948171,-0.25735519350198,4.78977606454356,-1.63108375780245,-1.99661689168279,590.247621166275,654.479783601511,0
4.81,-0.284021938338274,-0.17882314324379,0.0184038734536328,5.52306234212698,-0.9275802251303,-0.258268139032195,0.119602392853885,5.29458322246479,-1.82537974390763,-2.06919251497484,591.97342013673,562.737368632197,0
4.82,-1.29397695242412,-1.26817762851715,-0.00815897501286122,1.55358046857202,0.364782682530187,1.0163071875036,0.80097604390305,-1.44169055793669,-0.684256540311133,2.24455897792642,583.069973171974,439.815094143026,0
4.83,-2.42309969095404,-2.38425326347351,0.0050342038983533,2.20610193438843,-0.328936281532323,0.407444085209667,-2.38860351941006,-0.690803152737289,2.1208196119399,0.166874638578794,562.180582947033,304.283558574885,0
4.84,-3.261435829817,-3.29412889480591,-0.0278259933231,-1.37107134042341,1.30580507289816,-2.79573027566929,1.67977087235868,-1.84417663009338,-0.428924312617545,-2.10329750136798,530.896985202167,182.066575133289,0
4.85,-3.70804406407369,-3.77773308753967,-0.00527588777161855,-3.22122578993155,0.176682462376091,3.69685570966072,0.287882750530183,3.19717623032758,0.430785833633981,1.64993463522127,492.378513975097,98.7971376423731,0
4.86,-3.67428391040276,-3.70407032966614,-0.056195396547696,-1.22656269938014,2.73442188653562,-3.41076626961857,-1.36755022974294,-0.0750348079414938,-2.99597878608526,-1.17417731785909,451.849795148962,71.8565779176567,0
4.87,-3.04848435031714,-3.07931876182556,-0.0189713095708677,-1.27926213606972,0.886767116335158,2.78155673376564,1.24762128931754,0.796006768674088,1.3376250429848,1.99865312863382,415.091795512285,104.943728976076,0
4.88,-2.01423105013407,-2.04845190048218,-0.00530252474983706,-1.44860830157743,0.220992949576464,-1.96598340464219,-0.438251175428443,-1.36441913642378,-0.534475738759141,-1.34883284601253,387.38772587172,187.122954500445,0
4.89,-0.887135298708239,-0.848112046718597,-0.028999659338012,2.21376670013749,1.4252238422864,0.874146082836171,-0.154008585208925,-1.99027465006172,1.72361040278276,1.4290817274415,372.200516978117,296.677238195631,0
4.9,0.17866381648182,0.276456266641617,0.0263344016766977,5.15269278017938,-1.31641130091585,0.135980248572771,-0.118842888005999,5.04524058317917,-1.68188259338563,-2.14270096244092,369.495142800027,408.349630793631,0
4.91,1.03521640506728,1.13609433174133,0.0454459275277976,5.30775973843668,-2.25723992274057,-0.536347366322465,0.886605797571981,-4.82208810328364,3.16463454982619,0.587919047585557,376.877445723843,501.342736578249,0
4.92,1.56345987326855,1.64491939544678,0.00824001267493904,4.33779186500087,-0.387759281613264,0.395391698158371,-1.51265993473657,1.49372813393673,-4.09091331934947,-2.88065426496979,391.543016546188,565.212362830272,0
4.93,1.7515000519267,1.84473609924316,0.0212088321223117,4.92766567389863,-1.03608995490286,-0.0763503852288921,1.74996367537576,-1.30886281647164,4.86232963876652,0.0557104063756847,409.836492143846,601.620971067112,0
4.94,1.78317237810453,1.86192882061005,-0.00276986908561849,4.20474673781876,0.163644691604888,-0.0188871450497966,-1.78307450151742,-0.214699698747647,-4.20244913754416,3.12944725331573,429.009585339482,621.49365089041,0
4.95,1.68735166695675,1.84343934059143,0.0240331551702556,8.07237880140985,-1.18045908713484,-0.0764461663178942,1.68579038560091,-1.65886051382327,7.98780100938477,0.0595584866381814,447.958143416412,638.848984879529,0
4.96,1.7682817606513,1.89223384857178,0.0120878682790817,6.46675195202677,-0.579948476999836,0.459476073405837,-1.70758549993233,2.28193573605409,-6.07848585928566,-2.8719032369289,466.934429425149,663.80890118725,0
4.97,1.93036852848072,2.02046394348145,0.0285235012659304,4.77509196836589,-1.39740465981837,-1.10188566540076,1.58523948545878,-3.91856451925034,3.06579438288136,0.622198834844847,486.903652113403,697.564142943947,0
4.98,2.01129033601393,2.14786767959595,0.0425392569400618,7.1005046347295,-2.09356426241775,1.79738412250062,-0.903608720800487,7.31054788209831,-1.16450292066438,-2.01548282378278,508.161583962213,731.286572557493,0
4.99,2.01237283794275,2.1337354183197,0.00963462881687671,6.34105951686631,-0.440003814864706,-1.96644857284746,-0.42757136867236,-6.09421368909377,-1.80643257975446,1.78968475327327,530.047867681981,749.436716986162,0
5,1.70801466976004,1.84399557113647,0.0391087454038364,7.07322785595241,-1.91583697433667,0.899499822958223,1.45249567110566,1.93393532862806,7.06830091034195,-0.531581439638615,550.280665428492,736.200991910139,0
5.01,1.06047975105236,1.21219515800476,0.0202266011561512,7.86108296088631,-0.98279493073905,0.41557178250526,-0.975872179832897,4.11405013006177,-6.77031038588056,-2.71993445079345,565.637124605832,682.558716578897,0
5.02,0.222234720068395,0.285595655441284,-0.00537454035364377,3.44428615147392,0.25746083774783,-0.221426828415412,0.019680349229186,-3.39340025829034,0.643605362970105,1.45797020732321,572.536437794408,591.194251340469,0
5.03,-0.818664982211717,-0.774694204330444,-0.0516258809793813,2.47542973249569,2.55133724488786,-0.527700891120087,-0.62802018613869,3.52277790393745,0.476560528375662,-0.635835183849193,568.561625286068,477.246027847593,0
5.04,-1.75790270865222,-1.74461615085602,-0.0486080267354082,0.941496263740587,2.38561598056922,-0.54536902775968,1.67187239253191,-1.9300775496945,-1.68889889382106,-2.79862937600977,553.996439988775,364.432880599503,0
5.05,-2.42213901692334,-2.39912986755371,0.0171978443783138,1.42773543468532,-0.918034074688211,2.24649540738807,-0.905710531979141,-1.6696532123011,-0.305733845684977,1.18046348398352,530.845165346982,277.837667512165,0
5.06,-2.56794250662564,-2.58883547782898,0.00267048428229233,-0.767375319079254,-0.18974514041801,-2.48248380215108,-0.656970334854335,-0.790393847768919,-0.0120691363932814,-1.31312474373415,503.266271171763,235.903756516705,0
5.07,-2.27440059268163,-2.29259037971497,-0.0426068760485366,-0.63225950978135,2.08620019702204,1.76164859746022,1.439203814942,-0.86785472265111,1.999702860461,2.27452707142968,476.541260983128,244.529431788251,0
5.08,-1.58617101800388,-1.62320029735565,-0.0365720655979769,-1.57416779628889,1.80009172453392,-0.924370056798377,-1.28950223436493,0.599413035123862,-2.31495971475362,-0.59888773332267,455.331471937683,295.400959639524,0
5.09,-0.812937074939766,-0.788085222244263,0.0139796285007232,1.52022129946269,-0.714570395538443,0.346097693841185,0.735716320426871,-0.0294034826501909,-1.67952942359699,2.68469081144392,442.286466994346,369.162152949263,0
5.1,-0.115726794820532,-0.0208457782864571,0.0334833757562466,5.02223996144057,-1.67731570463582,-0.0116179238592862,-0.119911848191359,0.295810597691843,5.28666041027809,-0.378226158237131,437.794190810442,442.251833021438,0
5.11,0.457380749711019,0.496717810630798,0.0152057753184151,2.24573912237501,-0.751353590895779,-0.152016016764055,-0.431647421463905,0.0413982220895209,-2.36773364454819,2.83621339550117,440.111650585916,494.909714343231,0
5.12,0.570634564685105,0.688465356826782,0.0308204877550574,6.17119788158445,-1.53139406392043,0.14335534053284,0.553193415741305,-0.277348152467558,6.3523168273478,-0.199605223609887,446.065981188628,517.451677117021,0
5.13,0.536558089706309,0.601910054683685,-0.00777675491461585,3.54803399887022,0.400021164265021,-0.0175489876022606,-0.53632741360145,-0.566986877709563,-3.52520752148071,3.09439089700774,452.381423729947,512.593519391409,0
5.14,0.322204093049049,0.375133067369461,0.0376789249704208,2.92760111297238,-1.8805005408204,-0.00943590058800324,0.324262459659733,-2.28510487528344,2.62400957880469,0.145503807672914,456.849975206361,493.100422158963,0
5.15,0.103764609916413,0.17719392478466,-0.0315246875816498,3.95329793834376,1.57963088450245,0.0662020954026098,-0.0858963489476109,-0.0785637383249027,-4.25648047800145,-2.77990983051888,458.920842375553,475.7929879805,0
5.16,0.0569043155355278,0.135677695274353,0.0695039287907754,4.22116807331615,-3.4798686753546,0.0263394742031651,0.0858785732451401,-5.23555202837586,1.58642392161338,0.587146334760259,459.694642945082,474.290909675415,0
5.17,0.248880653542082,0.28768265247345,0.0062790559754443,2.22324961070219,-0.310517971024784,0.17766006001776,-0.174407308694225,1.83718199904507,-1.28996997802333,-2.3217319166407,461.190379801361,493.316585572473,0
5.18,0.499380211358911,0.567619502544403,0.0397389227879264,3.69590907631514,-1.98048773435361,-0.419332888543956,0.274079743991776,-4.19297819924638,0.0317708507641441,1.07129736759451,465.026994668897,526.751141751331,0
5.19,0.731134795586368,0.834391891956329,-0.00217898729297397,5.44768872665449,0.123615054960859,0.715728189476819,-0.149318438549892,5.30392480447795,-1.24938977616071,-1.77945103091146,471.862288913549,560.176097439703,0
5.2,0.842022620691184,0.933832049369812,0.0564847994434291,4.87619583217792,-2.81012700332714,-0.841601109705228,-0.0624515689694133,-4.43270819705801,-3.46773666940158,1.71184816410241,480.725986447704,576.899528763381,0
5.21,0.674111162899598,0.76692807674408,-0.0132146319035576,4.92744185392942,0.677234733845368,-0.518328873035025,0.431202580952893,-3.2822886127018,3.73696555663952,0.857298550332903,489.17133444192,565.113657766162,0
5.22,0.253536537815697,0.335692584514618,0.0426403526328701,4.39512797330604,-2.12757951388113,0.235412329197074,-0.103344138402883,4.78196062697841,0.988229250554844,-1.81783545291728,494.365403462636,523.374373465491,0
5.23,-0.327496492766345,-0.245806112885475,-0.0223739450934296,4.3724617589636,1.11498540444185,0.323560561059691,0.0553453658406754,-4.5120565632439,0.0544045568408915,1.80841993977864,493.972598709252,462.207287437752,0
5.24,-0.838400753382418,-0.788975179195404,0.0183057879069723,2.75963786137367,-0.933326155647545,-0.631296364624898,-0.552010711086741,1.51772595848022,2.48660546804235,-0.874132315617325,487.502067877094,401.100309919822,0
5.25,-1.11782630579194,-1.09466743469238,0.0103839560017681,1.44656563955273,-0.547330367052358,0.507703019313476,0.995932287177541,-0.183631832435718,-1.53570896668235,2.66086520312228,476.530655662565,361.89199505626,0
5.26,-1.08269288862655,-1.02689456939697,-0.0284260164247462,3.07885278819953,1.39435484375756,-0.215966803790146,-1.06131534859012,1.90771661612433,2.79001384123401,-0.174499942756784,464.352563739964,360.948397766193,0
5.27,-0.607641894176036,-0.567330300807953,-0.0496366225617283,2.30489805560298,2.46815390731273,0.0185122633318528,0.609384740507595,-2.34711317584543,-2.42804417107231,-3.09045560278728,455.2428135426,403.01536812375,0
5.28,0.084793972677835,0.173698559403419,-0.013965418942305,4.73510383664763,0.700339949919222,-0.0331201627864778,0.0792975759132695,-0.409105334290235,4.76910025211709,0.232412275374496,452.734299271595,479.047943303266,0
5.29,0.930145762744689,0.99058985710144,0.00370717579820484,3.31291637939382,-0.164891645444129,0.38061407382564,-0.848715388048402,1.51785078675454,-2.94936148695642,-2.71603537906902,458.579054823727,568.869029654291,0
5.3,1.56592766763431,1.64782452583313,0.0199234386478466,4.38662921973641,-0.962638182668816,-0.983660652832662,1.21858037229352,-3.53980106192464,2.76387348194058,0.691849413866404,472.278046574673,647.736073861118,0
5.31,1.82265883555202,1.95835793018341,0.0241732055448861,7.07791351528688,-1.17513916982712,1.59585436191747,-0.880862321949999,6.7956174541091,-2.30160709413018,-2.06188824993567,491.130014210527,694.459321724667,0
5.32,1.69647589035568,1.84568250179291,-0.00467375415717475,7.75454277144375,0.257554224032081,-1.69491623256277,-0.0728783584559879,-7.75862776942563,-0.0544326002014678,1.61101309253722,510.81160992173,698.154509131579,0
5.33,1.19528260539278,1.36134803295135,0.0239884904149398,8.59859435592403,-1.18821108658067,0.925792598884151,0.756428462102177,5.77798456361945,6.47785187130558,-0.865672321109362,527.026597439461,661.234693501888,0
5.34,0.593150750402378,0.664455533027649,0.00151258663871098,3.86150049625085,-0.0737497260617306,-0.0635189181315979,-0.589741848320632,-0.330378959683264,-3.84804818676148,3.03685003904684,536.646686652978,597.652942358523,0
5.35,-0.100827018841138,-0.0454288832843304,0.00950350404789334,3.06685981636607,-0.484908721727435,0.0722003445528577,-0.0710177059896201,-2.34594854108644,2.03403319644067,0.699677701371195,538.745348288864,527.17096089552,0
5.36,-0.690502352353837,-0.596162557601929,-0.0121678737595756,5.01449810631868,0.591478995663096,-0.687521527294012,0.0652357667642564,4.95415840232208,-0.975373356866873,-1.64777856684378,534.208325590591,467.887263979705,0
5.37,-0.939053864555841,-0.902631461620331,-0.00833764837842443,2.11902006304916,0.397228445970688,0.743422670316695,0.573772089053605,-1.91142550440885,-0.997240696616676,2.23698133049418,525.30793961774,429.867117519089,0
5.38,-1.06656648906109,-0.984710276126862,-0.024541840173551,4.39117830720136,1.20618491379227,-0.273134542081871,-1.03129234430831,2.19906325520399,3.98766219375557,-0.235896559877951,514.325492118556,412.250962929758,0
5.39,-0.946619302190205,-0.953233242034912,-0.000314274072381455,-0.0319312297655859,-0.0182627145276171,-0.325938541121278,0.888736332923886,0.00613944918069755,0.0362689583530807,-2.7897478716874,503.282230744429,404.85888014553,0
5.4,-0.989444846988393,-0.949150860309601,-0.01145385185101,2.3138547067926,0.536201781246347,0.742669097714498,-0.653892122030877,-1.40457402164514,1.91536100306903,0.860456533635068,492.574984519662,393.5725757701,0
5.41,-1.08300890222657,-1.07740390300751,-0.0115561401471914,0.579747742150576,0.54016332041456,-1.03732911324757,0.311432396333635,0.407217447773608,-0.679748341284274,-1.85178976648565,481.240870976145,367.321416798172,0
5.42,-1.34060946099408,-1.35436618328094,-0.0281763119644589,-0.3881255480817,1.36807679312558,1.339967492437,0.0501472898058506,0.307584096921445,1.38840468750416,1.62921757345265,467.72695493791,323.876376813346,0
5.43,-1.70609220687606,-1.69339656829834,-0.0619768177228099,0.934598363321295,3.05427177583922,-1.65381902458861,-0.423644164608727,1.76117500512984,-2.6646412108794,-1.28371660125394,450.82558239399,272.102033659399,0
5.44,-1.95898940425755,-1.93107235431671,-0.0184844247172172,1.69568352717133,0.873590175425945,1.82610242985268,0.709458297320294,-1.89875328954481,0.182313917087217,1.95079351176062,430.830803424577,229.664686076216,0
5.45,-1.87439709210535,-1.88977491855621,-0.0166997750832915,-0.469117641480607,0.790061671274633,-1.7838992521227,-0.575627309686491,-0.195842006592965,-0.89772752793887,-1.24975570197453,410.017237475253,216.935934333145,0
5.46,-1.42620310733594,-1.44459223747253,-0.0204986172749406,-0.619609008957035,1.00214583577867,1.41909911506742,0.143642606143602,0.500257549733988,1.06674926017476,1.68604559594313,391.950412536085,249.30769036444,0
5.47,-0.594499399125002,-0.585517942905426,0.0119503460987492,0.749162029195358,-0.608931314572289,-0.58490631680387,0.107037128580689,0.855694589716317,0.447021096800885,-1.77189120567914,380.740095738086,330.786679010792,0
5.48,0.474034919469497,0.563916862010956,-0.022098323802405,4.79477665897728,1.11005827191596,-0.413207367558396,0.233360476916699,-3.47036603532675,3.48979543202361,1.0101125693362,380.308003326594,451.313398995223,0
5.49,1.70008173928599,1.77783906459808,0.0122539940597521,4.18944765243089,-0.592428796205517,1.07900134519892,-1.31384328505458,3.13724200529267,-2.83904140710547,-2.4468168418736,392.933560414839,588.905606346951,0
5.5,2.63815862274303,2.80084753036499,-0.0102919717284887,8.43729625355216,0.552792984642495,-1.30877691745221,2.29065270693306,-3.67601615740817,7.61448969823647,0.515189817861044,417.479491823115,715.959959083438,0
5.51,-3.7008680736397,-3.74792385101318,-0.00904156819036817,-2.0503272085834,0.376003511377321,-1.22696196511022,3.49157136324233,-1.03890661405596,1.80717828398204,-2.80122200981728,384.043031451127,0,0
5.52,-3.33233193842129,-3.38423919677734,0.0191274348255061,-2.29334757786978,-1.00924600836334,-0.393649566998769,-3.30905455152787,-1.28545515392426,-2.15072677613128,-0.124144777754315,346.865645553049,0,0
5.53,-3.03211039167114,-3.04774403572083,-0.0187167707419507,-0.480114597018583,0.891703692176032,2.29918768776315,1.97681049198588,-0.223390286222631,0.987796679955979,2.28711735550413,312.709759088837,0,0
5.54,-2.70385728013805,-2.74091076850891,-0.00878159146905411,-1.55149692205343,0.396237555923671,-2.61775015207905,0.676982606123935,-1.60129534110943,-0.000361118949479711,-1.82061640349012,281.078642719148,0,0
5.55,-2.46543018382148,-2.4801721572876,0.00686421671584725,-0.436269704495144,-0.372549815947766,0.352773897689655,-2.44007042641765,-0.307640877519519,-0.484233116279768,0.140796256558181,254.283375972288,0,0
5.56,-2.16047204085907,-2.22623705863953,0.020388769650163,-2.98771552896105,-1.05012125311189,2.03327964593854,0.730636039813022,3.16688144253181,-0.00778827194929932,1.90632944203631,228.415647493998,0,0
5.57,-1.99541656725349,-2.01591968536377,-0.00366888145908362,-0.724944037366399,0.163817985741603,-0.697958440243676,1.86937282350351,-0.408183663977809,0.621100866387403,-2.78241749930091,206.728496464072,0,0
5.58,-1.79421706129085,-1.80708122253418,0.0324893812084014,-0.343207057781545,-1.6492315814086,-1.74259453513037,-0.428526205794063,-0.699480864617796,1.53247590965082,-1.34777402912039,185.352262599654,0,0
5.59,-1.63536264089975,-1.63591873645782,-0.0550447540481293,0.27198923107249,2.74036305652184,-0.144118387891007,-1.62992968635783,2.75111577421844,0.122187643465144,-0.05454430438815,167.869304244286,0,0
5.6,-1.48242079857606,-1.47421813011169,-0.0211335825213695,0.709715740358311,1.04457337670104,1.3216378002128,-0.671782388433746,-0.177200690881935,1.25037189930673,1.11478962094385,151.059637396113,0,0
5.61,-1.28629462552425,-1.32217979431152,0.0299243476973537,-1.49484191655749,-1.51263343801569,1.0503159591388,0.743159280515306,2.08476045372482,-0.419983480491232,2.16331687422721,135.626499672424,0,0
5.62,-1.17919288541837,-1.19734883308411,-0.00820834792737485,-0.608570730533014,0.400289285534488,0.0457528302847556,1.17833353364738,-0.380707781997368,0.621008398414902,3.109744604246,122.905622702014,0,0
5.63,-1.06605640832671,-1.08348560333252,0.0368519818527869,-0.57244181569559,-1.85320585631969,-0.808616972051914,0.695681627478058,0.835658486224339,1.75035324225018,-2.31581472882993,111.152985913695,0,0
5.64,-0.939760008308403,-0.970810770988464,-0.0556547984164475,-1.25366559260361,2.77594606662868,-0.940916098482294,0.030384624721113,-1.17862706759681,-2.80862817375984,-1.54392444496768,99.5263321722278,0,0
5.65,-0.860083195481121,-0.872206926345825,-0.026626459316301,-0.307494826619149,1.3236254608903,-0.664960293849838,-0.546150051806165,0.639875070530468,-1.19878994124418,-0.852237415381485,89.4889629038845,0,0
5.66,-0.761114893890763,-0.789905607700348,0.00304123299390185,-1.14105150795239,-0.160145034594628,-0.16885737608656,-0.742153836708827,-0.413601012008923,-1.07544371250704,-0.227710703545336,81.0834958081577,0,0
5.67,-0.680562679535012,-0.715815722942352,0.00919758208228977,-1.46425141136681,-0.467022762958807,0.234616364430547,-0.63890947546067,0.0455832916291556,-1.53625018155755,0.338413133831763,73.4994927618557,0,0
5.68,-0.629225862900083,-0.647742986679077,0.00606168469288662,-0.627543131439536,-0.30915651326487,0.477225924890316,-0.410143081346317,0.268210468379363,-0.646104694428661,0.85121884196502,66.4836364423289,0,0
5.69,-0.617575514301208,-0.582878232002258,0.00304879334443155,2.03312766396389,-0.15801593542924,0.598083173740661,-0.153965347703816,-2.00655531495902,0.363748404580116,1.31389911785992,59.7936882707804,0,0
5.7,-0.519628606717711,-0.521678745746613,-0.000206931170806466,0.195657645535595,0.00411868034593733,0.513178354404084,0.0816205140330264,-0.193865199503765,-0.0267425168166761,1.72892243742439,53.5006312850374,0,0
5.71,-0.441344482363838,-0.46726730465889,0.000880354657384133,-0.998115800754225,-0.0506763384302243,0.380466176370106,0.223676587455277,0.887038902394723,0.460396816485851,2.10027756934095,47.9549366977885,0,0
5.72,-0.356330434161823,-0.420110881328583,0.026800066031428,-2.89107959837404,-1.34803660105909,0.211302795208592,0.288167920814024,2.90386967826737,1.32025937359631,2.43381979825729,43.1663689005578,0,0
5.73,-0.402447960757781,-0.379651367664337,0.00554269921221333,1.43768444160845,-0.283513752603524,0.154178813939705,0.371784851715073,-0.30859725138886,-1.43250980380365,2.7347076871462,39.0165464693569,0,0
5.74,-0.33130380501395,-0.343715637922287,-0.00200322231434899,-0.322799399411499,0.0946918803484318,0.046491989905424,0.328031582307246,-0.0504690882335489,0.332594160497776,3.00684656026016,35.3374020773702,0,0
5.75,-0.313318391871655,-0.312047362327576,-0.0444251088198613,0.361264663360493,2.21889534376369,0.00908597337347375,0.316321750859079,-2.16453438963414,-0.607288711948695,-3.02945845016285,32.0686359108828,0,0
5.76,-0.271022369577821,-0.283155173063278,-0.0430866286762289,-0.309012449915129,2.1521753970778,-0.0487481157391568,0.27006148113743,-2.13361191812111,-0.41838716142001,-2.80534947362946,29.1294409186409,0,0
5.77,-0.289309057395403,-0.257384657859802,0.0222912825357523,1.89374085377153,-1.12097885338047,-0.167843477021258,0.236696428341283,1.93502441076299,-1.04810712273166,-2.60167778058101,26.4831396054347,0,0
5.78,-0.206934513438089,-0.234051272273064,-0.0175249999336106,-1.05843509110923,0.872721220784262,-0.124133218507267,0.166493130601713,-1.355149271832,0.213301716710777,-2.41644214137111,24.0810535717772,0,0
5.79,-0.160225849357772,-0.212184235453606,0.00773673123494996,-2.30058280825504,-0.392001069878108,-0.129690450724847,0.0944063917508103,-1.54679304993095,1.74750603921976,-2.24827544908579,21.8331794499551,0,0
5.8,-0.145938563167488,-0.192341059446335,-0.0558631809904635,-2.02288870622874,2.79233194014609,-0.0982930986139995,0.121479323239071,-3.14991107366481,-1.4025892519735,-2.09572785042112,19.8103368311112,0,0
5.81,-0.188361842560897,-0.174466550350189,-0.0329327818194438,0.991890206812564,1.64427016568392,-0.162041729144286,0.101524528401924,0.298702737041258,-1.89690464573551,-1.95740908988723,17.9731385694803,0,0
5.82,-0.210299459753852,-0.158253192901611,0.0282465633521501,2.89932329033665,-1.41885393953865,-0.210463405175928,0.0269978924311164,3.16732219391677,0.622328019259246,-1.83189471611155,16.2970638337104,0,0
5.83,-0.0959218606728665,-0.143316566944122,0.0135569364545338,-2.07282675743011,-0.68341330705901,-0.0968727781597832,0.000677298001260689,-1.94998403636356,0.980421731965805,-1.71819103727685,14.7476952027079,0,0
5.84,-0.112022545621513,-0.130093455314636,0.0131176517078991,-0.606806630448729,-0.661542814807249,-0.112492898230941,-0.0081529970843108,-0.576970728133609,0.687719391508348,-1.61501462715137,13.4082098891625,0,0
5.85,-0.138689119935344,-0.117855399847031,0.0344701390212073,1.33829261223552,-1.73066209167178,-0.136818785936283,-0.0412732635916203,1.25124307740566,1.7946055702461,-1.5214203037779,12.1559109455762,0,0
5.86,-0.0570601648826255,-0.106397733092308,-0.0362980510186526,-2.17036995228465,1.81253697666351,-0.0613979378031311,0.0283496765009402,-1.90876732425291,-2.08624143459402,-1.43679995165385,10.9841648242379,0,0
5.87,-0.119194439511941,-0.0963915660977364,-0.0294410878140488,1.43652711543767,1.46914527604025,-0.122715807379033,0.00386298868138118,1.71200439232554,-1.13623895205063,-1.36011144882079,9.95044032334595,0,0
5.88,-0.091643342087386,-0.0879617482423782,0.038708662827198,0.480276856123318,-1.9430406214424,-0.0773563565075401,-0.0625528323474942,-0.076056953119176,2.00007201244985,-1.29046664749298,9.09039304443737,0,0
5.89,-0.0272182245000036,-0.0799200907349586,0.0369805639703763,-2.33905044680594,-1.8565736738032,-0.0131573126634937,-0.043991805827617,-2.82803008832117,0.95930632152214,-1.22692392829826,8.28785715736903,0,0
5.9,-0.0224176063797708,-0.0745345428586006,0.0356338903912916,-2.31010657980174,-1.78920556987845,-0.0066647937717201,-0.0415680615881637,-2.8264105606481,0.741115594212042,-1.16822895666294,7.73687961570097,0,0
5.91,-0.0200228901874973,-0.0696025863289833,0.0352923279864301,-2.18353305305889,-1.77214142597001,-0.00237898067331589,-0.0405068512367763,-2.74168068911584,0.625690679464711,-1.1133977183912,7.22947631617495,0,0
5.92,-0.0178582962574512,-0.0649973750114441,0.0350795061586466,-2.0617717157793,-1.76150810334336,0.00148560064370984,-0.0393355245075089,-2.65860112250873,0.53446559994742,-1.06216118772638,6.75558462756868,0,0
5.93,-0.0157173692720429,-0.0607046596705914,0.0351962066416722,-1.95443437617926,-1.76733638351779,0.00524609378245044,-0.0381875262202566,-2.59307342324773,0.468254038896893,-1.0142806077647,6.3142267853373,0,0
5.94,-0.0117762133598073,-0.0566485039889812,0.0394984458242375,-1.94891609621213,-1.98270487929073,0.0126320917569678,-0.0392331069566186,-2.72869528345707,0.532554822039142,-0.969549672972576,5.90016412784869,0,0
5.95,-0.00947287756491036,-0.0529728382825851,0.0409141212132975,-1.88052196686217,-2.05355947379688,0.0169541110495472,-0.0384221139779659,-2.73633793440482,0.51567828052892,-0.927713235298829,5.52299286367413,0,0
5.96,-0.00669964821575207,-0.0495409220457077,0.0438366933386323,-1.84779525322642,-2.19985714200584,0.0224406407924537,-0.0382486419354228,-2.82127427100342,0.542337746108727,-0.888552036392118,5.17176267962835,0,0
5.97,-0.00321754981750423,-0.0464075952768326,0.0489328667560258,-1.86542684530795,-2.45497704602687,0.0298050282644149,-0.038941473597548,-3.02055346034405,0.618858953977375,-0.851864562104411,4.84293661604446,0,0
5.98,-0.0343511319956229,-0.0435257516801357,-0.0254170748640714,-0.164842068093859,1.267576626083,-0.0424433198102663,-0.00495908938314019,0.746876084104755,-1.03735217038273,-0.817465063653875,4.54330961492254,0,0
5.99,-0.000430540850266236,-0.0407912582159042,0.0504764428125238,-1.7243240590031,-2.53222151266706,0.0353952412470756,-0.035989353168556,-3.00995033210476,0.570647218457487,-0.785191328840832,4.26707240649028,0,0
6,-0.0288532619273463,-0.0382559597492218,-0.0279550762355273,-0.17658444988773,1.39467684854266,-0.0401315174635926,-0.00185965514318046,0.894798661137912,-1.0842697707807,-0.754901760002075,4.0037527325475,0,0
6.01,0.00340678783717232,-0.0358789414167404,0.0556120964704345,-1.67089315478623,-2.7893066524385,0.0438350463510097,-0.0343918622439852,-3.19495243072537,0.603650976518102,-0.726447534709078,3.7633294605894,0,0
6.02,0.00498049516769525,-0.0336790643632412,0.053991519667692,-1.63973068838053,-2.70815880734764,0.0445127774121526,-0.0309596862903738,-3.12780419349967,0.489573062328099,-0.699700890205515,3.53778057877928,0,0
6.03,-0.0203597240785226,-0.0316034071147442,-0.0109921482633972,-0.269066731573611,0.54547592575344,-0.0213004735573812,-0.00903523736430785,0.257956277062991,-0.550817075570538,-0.674567034914383,3.31624169205354,0,0
6.04,-0.015643771009324,-0.0295466743409634,-0.00189580674541289,-0.402148022384075,0.0900824206851419,-0.0109884253108775,-0.0112949618766681,-0.172052703672238,-0.374480629115833,-0.6510447783169,3.10930121340843,0,0
6.05,-0.0143926604276482,-0.0277767963707447,-0.00128035010513832,-0.376332117937117,0.0592814421700388,-0.0095022510844682,-0.0108855498209802,-0.173449424975907,-0.339198244913388,-0.628927667386517,2.92745749630371,0,0
6.06,-0.0134273730060568,-0.0261294655501842,-0.00120071123190948,-0.342345957822091,0.0553052846365583,-0.00865661044698147,-0.0103343673669668,-0.150193300852313,-0.312572234411412,-0.608096555200112,2.75790240080301,0,0
6.07,-0.0125350542684206,-0.0245860312134027,-0.0011431083694691,-0.309899529748646,0.0524316782299079,-0.00790888541895531,-0.00979202806809886,-0.12840925702288,-0.286876039660458,-0.588468680892236,2.59901859266209,0,0
6.08,-0.011702993607898,-0.0231386069208384,-0.00108988738364465,-0.279234390105027,0.0497768951876396,-0.00723259896384516,-0.00926484895309766,-0.108768446604402,-0.261952302786429,-0.569968838377618,2.45000773345575,0,0
6.09,-0.0109261088880336,-0.0217803325504065,-0.00104022401764596,-0.250261987292847,0.0472993895697921,-0.00661989986760205,-0.00875436160910531,-0.091086252540135,-0.237847827687441,-0.552527276108938,2.31016615190724,0,0
6.1,-0.0102000510923203,-0.0205049626529217,-0.000993871669186107,-0.222887828549622,0.0449870419358725,-0.00606432037571744,-0.00826152779825946,-0.0751680530095335,-0.21459865298846,-0.536079168011198,2.17885203386788,0,0
6.11,-0.00952090708466978,-0.0193067751824856,-0.000950612148319075,-0.197021778788422,0.0428290917714271,-0.00556010327998716,-0.00778694976786951,-0.0608367628479039,-0.19222591059768,-0.520564189581198,2.05547794525519,0,0
6.12,-0.00888513198036329,-0.0181805230677128,-0.00091023826277619,-0.172579021652544,0.0408151303697651,-0.00510210192268054,-0.00733093854660342,-0.0479328034443203,-0.170739099024267,-0.505926140887635,1.93950507536293,0,0
6.13,-0.00880832288399,-0.0171369258314371,-0.00031258485794017,-0.124317520118489,0.0109004595282336,-0.00443726979440663,-0.00761543814193785,-0.0491308083302289,-0.114716300058692,-0.4921051057466,1.83195658616547,0,0
6.14,-0.00827993447579927,-0.0161407478153706,-0.000250701799254179,-0.101000040202925,0.00780862759384833,-0.00403904320975818,-0.00723230919315435,-0.0396254615758308,-0.0932298534847835,-0.479055470167787,1.72933417936323,0,0
6.15,-0.00775887796072196,-0.0152020771056414,-0.000218911442682994,-0.0801870025096671,0.0062229522261838,-0.00368679006034548,-0.00683049694239389,-0.0305247071281185,-0.074410501682473,-0.466736176765927,1.63266274167846,0,0
6.16,-0.00726888636920301,-0.0143182268366218,-0.000190120490193327,-0.0605577208481271,0.00478719241541136,-0.00336585371208846,-0.00644545449429263,-0.0223185979987909,-0.0564980968609583,-0.455104607684959,1.54163475080799,0,0
6.17,-0.00680867565257152,-0.0134857352823019,-0.000163279096698239,-0.042003533830528,0.00344854467609172,-0.00307288243218575,-0.00607800277750044,-0.0149334116856718,-0.0394104368164266,-0.444120714523244,1.45589335444471,0,0
6.18,-0.00637624145836833,-0.0127013642340899,-0.000138220866662421,-0.0244629562425278,0.00219893243991036,-0.00280518813265362,-0.00572769409831,-0.00828583275322898,-0.0231217756148752,-0.433746981485084,1.37510533329696,0,0
6.19,-0.00676334144013638,-0.0119814956560731,-0.000935822929194016,0.0308302397973299,0.0421352082227179,-0.0036351347270169,-0.00577964942769949,0.0510874103186636,0.0107682851404092,-0.423943799745152,1.30157542589546,0,0
6.2,-0.00721170100575911,-0.0113095594570041,-0.000547255039154889,0.0867927437419862,0.0226858870102294,-0.00340630992626819,-0.00638006051386303,0.0557301963564206,0.0702977599200557,-0.414658699719165,1.23216845903118,0,0
6.21,-0.00691221422629232,-0.0106523213908076,-0.000485900184780736,0.104633279400592,0.0196181573892465,-0.00317554065254527,-0.00615879420534249,0.0593361668331192,0.088386732958198,-0.405877659578327,1.16439218034041,0,0
6.22,-0.00657338115200807,-0.0100299892947078,-0.000469434282127973,0.118764257887271,0.0187976473156246,-0.0029779556402152,-0.00587890198248979,0.0633155856434381,0.102222488282889,-0.397580178992638,1.10028343959713,0,0
6.23,-0.00625228656686329,-0.00944276247173548,-0.000455441868289014,0.13202962743486,0.0181006242516641,-0.00279682641636246,-0.00561037223420219,0.0669075165817485,0.11525120105123,-0.389739249083117,1.03979230519068,0,0
6.24,-0.00594975580383636,-0.00888862181454897,-0.0004424303579117,0.144571456162078,0.0174525751053955,-0.0026302354670881,-0.0053551097219906,0.0701295385201071,0.127621887392367,-0.382329121531799,0.98270815617291,0,0
6.25,-0.00566469193019787,-0.00836559850722551,-0.000430284411856741,0.156433198317451,0.0168476347089413,-0.00247686862799539,-0.00511263152777393,0.0730194138438678,0.139367691855074,-0.37532557248752,0.928828478611535,0,0
6.26,-0.00539600965483562,-0.0078718513250351,-0.000418939877250731,0.167652518589225,0.016282588362147,-0.00233555271905595,-0.0048823789603369,0.0756117067914559,0.150516974023412,-0.368705814392342,0.877963832484976,0,0
6.27,-0.00514269742948896,-0.00740566058084369,-0.000408338965605712,0.17826469919512,0.0157546296144047,-0.00220522839790774,-0.00466380159045875,0.0779374317802054,0.161097076512641,-0.362448402756856,0.829937057706698,0,0
6.28,-0.00566229869503223,-0.00698935333639383,-0.000595710771849002,0.225028128703287,0.0251379383208717,-0.00253447738549478,-0.00509832543271575,0.102095362671126,0.202104209683466,-0.356519690511575,0.786907040326905,0,0
6.29,-0.00546302252310396,-0.00657341303303838,-0.000594475065127024,0.235833414203655,0.0250785005522762,-0.00243617514222479,-0.00492575541083852,0.104618530937009,0.21284100504716,-0.350909918185532,0.744021565328303,0,0
6.3,-0.00525038353912786,-0.00617942493408918,-0.000587265152827577,0.244874875462852,0.0247198188560856,-0.0023311973211943,-0.00474098372886123,0.106213684383424,0.222021231703014,-0.345606162465119,0.703430162378532,0,0
6.31,-0.00504884183947539,-0.00580716365948319,-0.000580318588373109,0.253386613505063,0.0243741894810973,-0.00223352299439766,-0.00456496972799881,0.107616556926789,0.230689301207594,-0.340591671655767,0.665077842972357,0,0
6.32,-0.00485858308104209,-0.00545542221516371,-0.000573816015630127,0.261438163875739,0.0240506846988489,-0.00214301134622676,-0.00439802191276095,0.108869749163581,0.238905267171446,-0.335850492421558,0.628839127208348,0,0
6.33,-0.00467897179773773,-0.00512303039431572,-0.000567732596768875,0.269056174268746,0.0237480351050565,-0.00205908734059634,-0.00423972365953901,0.109989898721012,0.246692959491807,-0.331367577203097,0.594593605236113,0,0
6.34,-0.00450938244245824,-0.00480889063328505,-0.000562038853212465,0.276264161122769,0.0234647802954018,-0.00198121221559219,-0.00408964739820675,0.110991096506776,0.254073727747286,-0.32712873438547,0.562228116067568,0,0
6.35,-0.00434923233977091,-0.00451196916401386,-0.000556707370412437,0.283084599267002,0.0231995666496331,-0.0019088968068355,-0.00394738622666112,0.111886025961981,0.261068242858692,-0.323120576443969,0.531636350200028,0,0
6.36,-0.00419797277900862,-0.00423129601404071,-0.000551712846351229,0.28953847632668,0.0229511243849772,-0.00184169503616074,-0.00381254795535836,0.112685937943303,0.267696026817636,-0.319330471415103,0.502718397693962,0,0
6.37,-0.00405509148942632,-0.00396595941856503,-0.000547031926482247,0.295645695629364,0.0227182619701681,-0.00177920127019638,-0.00368475966059392,0.113400901205702,0.273975787939099,-0.315746497562603,0.47538032794136,0,0
6.38,-0.00392010629858538,-0.00371510116383433,-0.000542643044822267,0.30142499173144,0.0224999469891201,-0.00172104522856558,-0.00356366359067946,0.114039964183398,0.279925275428749,-0.31235740094711,0.449533800878397,0,0
6.39,-0.00379256695844864,-0.00347791449166834,-0.000538526277890397,0.306894126276722,0.0222951794152593,-0.00166688978882595,-0.00344892057290432,0.114611195269468,0.285561470943149,-0.309152555799509,0.425095706669925,0,0
6.4,-0.00367204997071629,-0.00325363967567682,-0.000534663210835597,0.312069850256983,0.0221030027360125,-0.00161642690554325,-0.00334020654982509,0.115121769690957,0.290900519615531,-0.306121927467389,0.401987831126053,0,0
6.41,-0.00355815720491371,-0.00304156169295311,-0.000531036814572283,0.316967951131712,0.0219226554405845,-0.00156937498474148,-0.00323721252786685,0.115578207483959,0.295957704446086,-0.303256037605906,0.380136544426608,0,0
6.42,-0.00345051606343505,-0.00284100789576769,-0.000527631332974718,0.321603377323053,0.0217532782948342,-0.00152547694483244,-0.00313964584282124,0.115986201989476,0.300747632360128,-0.300545931714721,0.359472511028134,0,0
6.43,-0.00334877531670946,-0.00265134358778596,-0.000524432179676717,0.325990250991047,0.0215941414205657,-0.00148449719009513,-0.00304722715357465,0.116350901871525,0.305284159953608,-0.297983148623105,0.339930418906153,0,0
6.44,-0.00325260478203312,-0.00247197155840695,-0.000521425843005572,0.330141875094193,0.0214446500494132,-0.00144621993213803,-0.00295969097808292,0.116676974308088,0.309580384347524,-0.295559691950915,0.321448726542472,0,0
6.45,-0.00316169438096665,-0.00230232835747302,-0.000518599798997525,0.334070872380041,0.0213041047708083,-0.00141044748426351,-0.00287678553324559,0.116968465435063,0.31364883348518,-0.293268003347648,0.303969426301095,0,0
6.46,-0.0030757525196232,-0.00214188313111663,-0.000515942431537809,0.337789162457676,0.0211719231592716,-0.0013769985079883,-0.00279827183519178,0.11722904842495,0.317501368200991,-0.291100937396828,0.287437823041936,0,0
6.47,-0.00299450405002922,-0.00199013529345393,-0.000513442959059665,0.341307976151595,0.0210476422210527,-0.00134570628083865,-0.00272392231599228,0.117462068801761,0.321149186859586,-0.289051738113627,0.271802326997172,0,0
6.48,-0.00291768997734171,-0.00184661219827831,-0.000511091367227315,0.344637957151132,0.0209306929587503,-0.00131641758956237,-0.00265352104182826,0.117670391660582,0.324602979566553,-0.287114016901427,0.257014260076637,0,0
6.49,-0.00284506699868964,-0.00171086727641523,-0.000508878347435104,0.34778923196584,0.0208206130768657,-0.00128899167510314,-0.00258686371133771,0.117856654929925,0.327872927654929,-0.285281731865909,0.24302767487595,0,0
6.5,-0.00277640430947131,-0.00158248003572226,-0.000506795240431546,0.350771250128028,0.0207170262859363,-0.00126329850487231,-0.00252375497878901,0.118023231118646,0.330968551392464,-0.283549168434862,0.22979918573601,0,0
