t,iq,iq_ref,id,vq,vd,ia,ib,va,vb,theta_e,omega,r,"T_ass:0.55,S_pct:-0.53,kp:0.9698,ki:0.0061"
0,0,0,0,0,0,0,0,0,0,0,0,0,0
0.01,0.000603113178911216,0.000149376908666454,0.000332111522751489,-0.0226839862065896,-0.0166245818980244,-0.000659106852732383,0.000199052070579329,0.0256518693792614,-0.0115291608911567,1.78085451656019,-0.00142254726294858,0,0
0.02,0.000669169388261479,0.000127630497445352,0.000369619536463749,-0.0270727994433546,-0.0185021147532911,-0.000731529881277014,0.000221969152633324,0.0303355828830858,-0.0124505875840255,1.78084444145845,-0.00136236899107592,0,0
0.03,0.000692662760632581,0.000114460955956019,0.000384534568908285,-0.0289048554410845,-0.0192487221072694,-0.000757614657902447,0.000231664768111137,0.032282927597932,-0.0127990842070654,1.78083528925192,-0.00120987663862001,0,0
0.04,0.000672757462058688,8.95468110684305e-05,0.000376147369014479,-0.0291545455555043,-0.0188288847348987,-0.000736396427328735,0.000227617547191856,0.0324395038875542,-0.0123366532916116,1.78082790645447,-0.00098275699072555,0,0
0.05,0.000685599867933903,7.889458356658e-05,0.000384847262305522,-0.0303285203976933,-0.0192643791555707,-0.000750768954090447,0.0002334535752328,0.033678395654826,-0.0125180317893781,1.78082145439048,-0.000865287504410163,0,0
0.06,0.000683474654893297,6.50924848741852e-05,0.000385268266023791,-0.0309117646856581,-0.0192854539582674,-0.000748776933670783,0.000234312492814768,0.0342531494677909,-0.0124172332624917,1.7808159905384,-0.000730977022644211,0,0
0.07,0.000698994766887908,6.01893516432028e-05,0.000395372190277613,-0.0319323751518144,-0.0197912271052965,-0.000766061403779562,0.000240962193343448,0.0353567204709993,-0.0126992744164875,1.78081153771621,-0.000667743044714942,0,0
0.08,0.000679858486135872,4.38368297182024e-05,0.000385777000294822,-0.0317928133245232,-0.0193109238223598,-0.000745344314428588,0.000235570176542807,0.0351200460963863,-0.0122587568761545,1.78080762898176,-0.000524461458459823,0,0
0.09,0.000677087359636111,3.5296288842801e-05,0.00038530962760091,-0.0320809417849519,-0.0192875207002271,-0.000742535896045996,0.00023569311569098,0.035396926658387,-0.0121759132598723,1.78080447276414,-0.000442740693136798,0,0
0.1,0.00067554866737487,2.84843590634409e-05,0.000385286040470754,-0.0323443168022186,-0.0192863384043016,-0.000741025474352483,0.000235992756952986,0.0356542368825349,-0.0121199451637211,1.7808018517069,-0.000376919703762377,0,0
0.11,0.000674312879123812,2.28325134230545e-05,0.000385284166900609,-0.0325648806152853,-0.0192862501202993,-0.000739815930828826,0.000236250157054805,0.0358699101190277,-0.0120739571493112,1.78079967071041,-0.000322269184687926,0,0
0.12,0.000673287045939575,1.81298819370568e-05,0.000385283470042003,-0.0327485213555169,-0.0192862154342512,-0.000738812060507287,0.000236464664943036,0.036049487235759,-0.0120357063269236,1.78079785563604,-0.000276794765915049,0,0
0.13,0.00070548597106541,2.5655361241661e-05,0.000403498492207893,-0.0339818856134056,-0.020198008874102,-0.000774100274921124,0.000247568683300593,0.0374458059970669,-0.012670427204752,1.7807960442116,-0.000320425620738098,0,0
0.14,0.000734605200657227,9.3713561000186e-06,0.000421126832725139,-0.0362517911604988,-0.0210804293342009,-0.000806254190559693,0.000258740778151967,0.0398497732774621,-0.0130603381653586,1.78079453668708,-0.000362958494064091,0,0
0.15,0.000674356198157219,7.48043203202542e-06,0.000387023868316833,-0.0333339308644872,-0.0193733373184243,-0.000740219427326241,0.000237947380840378,0.0366401415943703,-0.0119990486988078,1.78079322174576,-0.000170579811496303,0,0
0.16,0.000670457688784695,4.24930703957216e-06,0.000385366217810347,-0.0333004891024274,-0.0192903575514592,-0.000736060834636672,0.000237139372508938,0.0365901277997469,-0.0119248906293608,1.78079246753041,-0.000142380470700234,0,0
0.17,0.000669911649049376,2.59998842011555e-06,0.000385285452769137,-0.0333555861209866,-0.0192863091466926,-0.000735509810325266,0.000237174654132487,0.0366431632777841,-0.0119094681230527,1.78079185969611,-0.000126609212449173,0,0
0.18,0.000669614557000963,1.28804617816058e-06,0.000385281358580583,-0.0334062723446499,-0.0192861133458972,-0.00073521827165298,0.000237232951431499,0.0366926891976267,-0.0118987293188007,1.78079135499551,-0.000113933033280742,0,0
0.19,0.000669376671599055,1.99748171780811e-07,0.000385281018929757,-0.0334487458917067,-0.0192860877274872,-0.00073498544167818,0.000237282516316967,0.0367342193501747,-0.0118898658652463,1.78079093503551,-0.000103409729721228,0,0
0.2,0.000669179056590397,-7.05760157870827e-07,0.000385280885329415,-0.0334841011538611,-0.019286088182863,-0.000734792057074169,0.000237323836224139,0.0367687938712893,-0.0118825091933402,1.78079058553562,-9.46534361844434e-05,0,0
0.21,0.000669014619948435,-1.45933961448463e-06,0.000385280781373097,-0.033513525282825,-0.019286088575194,-0.000734631142048817,0.000237358225752266,0.0367975682416345,-0.0118763866944044,1.78079029467108,-8.73662635588062e-05,0,0
0.22,0.000668877957675163,-2.08649089472601e-06,0.000385280695198434,-0.0335380220411263,-0.019286071512647,-0.000734497406522005,0.000237386807065461,0.0368215204289741,-0.0118712724726816,1.78079005260455,-8.13016553508011e-05,0,0
0.23,0.000668764103490501,-2.60842443822185e-06,0.00038528062349075,-0.0335584027443616,-0.0192860718116483,-0.000734385990685373,0.000237410618212281,0.03684145108511,-0.0118670317527288,1.78078985114924,-7.62544986590924e-05,0,0
0.24,0.000668669341418604,-3.04279296869936e-06,0.000385280563809017,-0.033575363486956,-0.0192860720739392,-0.000734293258073771,0.00023743043644316,0.0368580373042714,-0.0118635026614963,1.78078968349186,-7.20540967168973e-05,0,0
0.25,0.000668590470038124,-3.40428778144997e-06,0.000385280514136337,-0.0335894781445997,-0.0192860723056751,-0.000734216075830816,0.000237446931314258,0.0368718402887494,-0.0118605657844483,1.78078954396214,-6.85583905946281e-05,0,0
0.26,0.000675682292519585,-9.92120703813271e-07,0.000389185267359194,-0.0338234280674869,-0.0194815347905476,-0.000741966046319662,0.000239787653691217,0.0371413946823875,-0.0120029698441217,1.78078946168357,-8.5622808038162e-05,0,0
0.27,0.000653886257239932,-9.5651648734929e-06,0.000376898392787082,-0.0331623202459621,-0.0188664764212711,-0.000718087526374677,0.000232314313717063,0.0363665962760571,-0.0115392413938005,1.78078922800765,-2.17234885524742e-05,0,0
0.28,0.000652490456011762,1.17609433800681e-05,0.000375879023920048,-0.0320262190291085,-0.0188154519383011,-0.000716509878411656,0.000231608354659411,0.0352448153318652,-0.0117261642989372,1.78078914730694,-1.60839777756534e-05,0,0
0.29,0.000667463270191773,-4.66600295112585e-06,0.000384823481017395,-0.0335961628741004,-0.0192631847819977,-0.000733018283560075,0.000237235167216164,0.0368736029834281,-0.0118368007007383,1.78078918847572,-5.71699817301752e-05,0,0
0.3,0.000662973208880792,-5.37216828888631e-06,0.00038254099822046,-0.0334070291117273,-0.019148939322997,-0.0007281511614898,0.000235938502653246,0.0366648139022807,-0.0117644758820244,1.780789585114,-5.44764659995646e-05,0,0
0.31,0.000668233302704829,-3.65393748325005e-06,0.000385147354937207,-0.0335840942656287,-0.0192794076804403,-0.000733838985379824,0.0002373911864321,0.0368651848297627,-0.0118551716823793,1.78078949432958,-6.64329419632168e-05,0,0
0.32,0.000668483367692583,-3.81434415430704e-06,0.000385273988059452,-0.0336046040192971,-0.0192857485847785,-0.000734109928956234,0.000237462988620806,0.0368865645582142,-0.0118571018744778,1.78078938841733,-6.46098991971281e-05,0,0
0.33,0.000668450780954989,-4.04064303438645e-06,0.000385280112267211,-0.0336142784640587,-0.0192860412707842,-0.000734079313329866,0.000237475837105846,0.0368960864235998,-0.0118553747802389,1.78078929850233,-6.24056716493905e-05,0,0
0.34,0.000668409511734762,-4.23439041696838e-06,0.000385280384779945,-0.033621892896713,-0.0192860559821264,-0.00073403898970675,0.000237484761330024,0.0369035357636672,-0.0118538046821891,1.78078922356889,-6.05311533467021e-05,0,0
0.35,0.000668374296101069,-4.39594896306517e-06,0.000385280377113298,-0.033628201939809,-0.0192860575858892,-0.000734004531266138,0.000237492140412986,0.0369097058072926,-0.0118524934140424,1.78078916120093,-5.89687810072923e-05,0,0
0.36,0.000668344959439991,-4.5304204832064e-06,0.000385280359337516,-0.0336334517210434,-0.0192860577230617,-0.00073397582302811,0.000237498276436477,0.0369148396769253,-0.011851401132184,1.78078910929602,-5.76683892699076e-05,0,0
0.37,0.000668320570428953,-4.64233198727015e-06,0.000385280343989886,-0.0336378218332796,-0.0192860563954048,-0.000733951956325988,0.000237503377089046,0.0369191129997103,-0.0118504904661711,1.78078906609917,-5.65861545504441e-05,0,0
0.38,0.000668300197747649,-4.73546742796316e-06,0.000385280331189983,-0.0336414547487367,-0.0192860565151181,-0.000733932019976506,0.000237507637697433,0.0369226657077961,-0.0118497346192209,1.78078903014942,-5.56854844383082e-05,0,0
0.39,0.000668283317525997,-4.81297638543765e-06,0.000385280320535941,-0.0336444816205043,-0.019286056628036,-0.000733915501245369,0.000237511167963926,0.0369256257555946,-0.0118491048746324,1.78078900023094,-5.49359185197029e-05,0,0
0.4,0.000668269231272067,-4.87748184241354e-06,0.000385280311669208,-0.0336469985627814,-0.0192860567355205,-0.000733901716669861,0.000237514113883602,0.0369280871341828,-0.0118485812357317,1.78078897533185,-5.43121062721833e-05,0,0
0.41,0.000668257531532232,-4.93116385769099e-06,0.000385280304290097,-0.0336490941140859,-0.0192860568383619,-0.000733890267484728,0.000237516560716546,0.0369301364272768,-0.0118481452782223,1.78078895461012,-5.37929501711057e-05,0,0
0.42,0.000668247810852867,-4.97583914693678e-06,0.000385280298148763,-0.03365083866112,-0.0192860569373546,-0.000733880754968611,0.000237518593667843,0.0369318424672065,-0.0118477823564182,1.78078893736486,-5.33608921954595e-05,0,0
0.43,0.000668239661780345,-5.0130179261032e-06,0.000385280293037778,-0.0336522872781385,-0.0192860570332918,-0.000733872780436906,0.000237520297897655,0.0369332591116285,-0.0118474810122263,1.78078892301282,-5.30013200087754e-05,0,0
0.44,0.000668232909691684,-5.04395939060487e-06,0.000385280288784181,-0.0336534941411761,-0.0192860571265056,-0.000733866172951364,0.00023752170999375,0.0369344393407771,-0.0118472299707345,1.78078891106865,-5.27020727672302e-05,0,0
0.45,0.00066822726354858,-5.06970809510676e-06,0.000385280285244217,-0.033654496882098,-0.0192860572175667,-0.00073386064774117,0.000237522890779811,0.0369354199551674,-0.0118470214029444,1.78078890112836,-5.24530298351132e-05,0,0
0.46,0.00066822260693571,-5.09113624502788e-06,0.000385280282298188,-0.033655333253323,-0.0192860573067024,-0.000733856090843575,0.000237523864652619,0.0369362378739529,-0.0118468474518925,1.78078889285578,-5.22457685023234e-05,0,0
0.47,0.000668218707022432,-5.10896961714025e-06,0.000385280279846398,-0.0336560278723236,-0.019286057394367,-0.00073385227445542,0.000237524680254194,0.0369369171705991,-0.0118467029967728,1.78078888597111,-5.20732791270576e-05,0,0
0.48,0.000668215447393423,-5.12380893269437e-06,0.000385280277805867,-0.0336566049282155,-0.0192860574807869,-0.000733849084646139,0.000237525361941379,0.036937481500134,-0.0118465830041179,1.7807888802415,-5.19297280634199e-05,0,0
0.49,0.000668212769841023,-5.1361585065024e-06,0.000385280276107748,-0.0336570867054223,-0.019286057566075,-0.000733846464426377,0.000237525921922599,0.0369379526551745,-0.0118464828359457,1.78078887547315,-5.18102603694046e-05,0,0
0.5,0.00066821055794991,-5.14643534188508e-06,0.000385280274694557,-0.0336574882158803,-0.0192860576504564,-0.000733844299887896,0.000237526384527042,0.0369383453160183,-0.0118463993691518,1.78078887150486,-5.17108356108372e-05,0,0
0.51,4.4460835379202,4.59999990463257,0.000981722699515269,7.69692712628531,-0.0376855198404226,-0.460341436949935,4.42218786929856,-0.83610182653001,7.65147313407199,0.10394533381689,32.1203010513708,734.429863419039,0
0.52,4.46270452519964,4.59999990463257,0.00557287727967348,6.86727784315414,-0.251513046209707,-2.03005743008193,3.97424578590299,-3.35535630733786,5.99702825058357,0.473501529548872,68.8950494661237,769.562112700535,0
0.53,4.37788647586434,4.59999990463257,-0.00964360424043509,11.1098364834202,0.511989517317317,-3.94847180804685,1.89091337075973,-9.78732813083351,5.28193222349287,1.12196997234713,108.75569635985,788.927888543558,0
0.54,4.39783622764318,4.59999990463257,0.0461534696824466,10.1141183742693,-2.25974448135541,-3.90334670188994,-2.02656807257478,-7.86475398880716,-6.74888733831659,2.06016989434383,146.352745269477,789.155445021306,0
0.55,4.3738591015378,4.59999990463257,-0.00498365497405862,11.3149672198349,0.298550695874814,0.567859719944678,-4.33684258595886,1.16017324969755,-11.2592901079345,-3.01253426243278,184.849158558433,770.026118256242,0
0.56,4.30050598385431,4.59999990463257,0.0722789179545922,14.9847384257121,-3.5304456913768,4.29898612776677,0.135256173301772,14.7969894989324,4.24918041924065,-1.52253886887448,221.727499547375,734.373589632179,0
0.57,4.32535675183455,4.59999990463257,0.0269386721689062,13.7445289407444,-1.24704436982387,-1.01842159666672,4.20383802900894,-4.52940328239643,13.0365525108706,0.24390875044151,259.282908452688,687.509619976358,0
0.58,4.23971941087551,4.59999990463257,0.0452364441649706,18.0288577311659,-2.14960132887541,-3.23312756971498,-2.74301898221361,-12.2143691176262,-13.4339005512957,2.28503608300748,296.824289763825,636.297791369282,0
0.59,4.18616217895068,4.59999990463257,0.0652028995472282,20.709391718273,-3.14614311498126,4.15247809695266,-0.533976461011922,20.9315252985176,0.805214579063328,-1.68311216010212,334.419026901769,588.045230971055,0
0.6,4.20272216686201,4.59999990463257,0.0606752315221986,19.884161079327,-2.93928466244492,-3.26945072271079,2.64144791115014,-17.4597551730593,9.95872509171411,0.905682105647525,371.981188840878,549.398123957886,0
0.61,4.21834108727499,4.59999990463257,0.0601252766405778,19.1061535689046,-2.85846124887001,2.41898219888563,-3.45637696135099,13.4954721190611,-13.8234632850636,-2.5167078903747,408.536506952992,525.410240325047,0
0.62,4.20130664828426,4.59999990463257,0.0876114024050096,19.960965676438,-4.2674984042301,-2.35329007448617,3.48147657410958,-15.0056830564994,13.8376721081954,0.615249604682676,445.939452428992,518.910800094567,0
0.63,4.16391783810338,4.59999990463257,0.0898573588270615,21.8336627369112,-4.35305209330513,3.14032790952619,-2.73580458513795,19.5561183844932,-10.6403066106151,-2.2658845158318,482.527472669879,530.239058078392,0
0.64,3.68228739405129,4.12132549285889,0.0888764950425994,21.9847651130671,-4.27217786536954,-3.61394929238525,0.711695156530006,-22.3907780637897,-0.484209136837948,1.40048592638354,516.696624224439,557.350043999418,0
0.65,4.0605684235584,4.56009960174561,0.0849588754750084,25.0129507082081,-4.04971495511295,3.40175646694789,2.21889316383186,18.376721616635,17.4454577748368,-0.971901051160317,550.612733240934,596.240220465851,0
0.66,4.04246831440348,4.59999990463257,0.157916225926896,27.9165818001775,-7.68885249023532,0.0761112046034279,-4.04483555807908,9.29031395516555,-27.4252449148053,-3.08373353435568,587.180995264855,641.601815782715,0
0.67,4.02543689772389,4.59999990463257,0.107575978329298,28.7719139351326,-5.24141227183848,-3.9088115487488,0.967939608156676,-29.2266595933428,1.0477609979944,1.35476703828749,623.811169548324,687.59449253563,0
0.68,4.08884089524506,4.59999990463257,0.112056419812751,25.6055792876189,-5.4058001320933,1.01570814477563,3.96226115652238,0.405112258703339,26.1668540291057,-0.223543435261655,659.911325599576,728.622669290655,0
0.69,3.98308693907097,4.59999990463257,0.105217098339752,30.897281554395,-5.0854349559485,3.98436057392169,0.0303812270844611,30.706339736974,6.13386958618046,-1.53676152818239,696.100308834147,760.022401555031,0
0.7,4.01928567342915,4.59999990463257,0.127749422161236,29.0914952660056,-6.14874090416912,2.01420997765394,-3.48050792348109,20.5852841419119,-21.4561923070096,-2.5852001386539,731.99611805432,778.587211269031,0
0.71,1.99453619715959,2.56988477706909,0.0297704424245365,28.8272660447539,-1.40170812290253,-0.517240828347637,-1.92653129912604,-5.69952580611091,-28.2929577609395,2.89422020836862,759.668016507069,782.891116347215,0
0.72,0.0978252073706647,0.61940860748291,-0.0544654331912544,26.1427791620036,2.67529917511205,-0.0446005434851673,-0.102698812703226,-22.3887987235674,-13.7602260048747,2.22386344813463,769.033627782488,773.393947558126,0
0.73,-1.49080180810932,-0.997697949409485,-0.064772037980538,24.7222536215217,3.0925529218826,1.49046540421436,-0.0720994230649342,-24.7067532213786,3.21403997476401,1.56588071889522,763.462036814324,752.335609887755,0
0.74,-2.65514976334208,-2.20936799049377,-0.0353736966964568,22.3593745793312,1.65867513494328,1.92017754024605,-1.83411825630958,-15.2433473918287,16.4418124023525,0.821638919424912,746.176559997029,723.441488133722,0
0.75,-3.24244502677131,-2.91663360595703,-0.0573416255600558,16.3638539118076,2.69279010735226,-0.322912978836816,-3.2268351401574,4.02497920099356,16.0880817949439,-0.0820562155660299,720.758890117595,691.471987917585,0
0.76,-3.44642326659247,-3.09861922264099,-0.106595948479296,17.4662693865765,5.09682810267181,-0.490532070095323,3.41300077892609,-2.00207729758535,-18.0842447861983,-2.96792603863966,691.784591840584,661.657554848885,0
0.77,-2.94940267194437,-2.65645909309387,-0.0755995937622798,14.7259941142044,3.65365302510007,2.7119543739987,1.16189280624285,-14.9073914980085,-2.82378501386153,2.00119835983163,664.638991687705,639.068541941952,0
0.78,-2.08585175378314,-1.70276081562042,-0.089011413434318,19.2361737945774,4.30097492751505,0.934746214507065,-1.86680210117368,-5.57789970018119,18.9054437270596,0.506871916639932,643.382838861147,627.977843561174,0
0.79,-0.662276523231381,-0.291557848453522,-0.030327019883911,18.6205568370717,1.46625150712071,-0.605784453106976,-0.269360571970672,17.3069047132895,7.02467648008589,-1.10664229429954,632.626223708555,631.282269998018,0
0.8,0.89004147499375,1.35821211338043,0.015795050917231,23.4964085879736,-0.716504882870865,0.323250572892622,-0.829416890331466,9.58220568974961,-21.465691926875,-2.75222437899443,634.965137476226,650.053421304213,0
0.81,2.51677042413462,3.05779480934143,0.0948868642678334,27.1427186683822,-4.67634110037278,-2.36891857040355,-0.855196873010258,-23.412202189903,-14.5073819628864,1.95492733071702,651.751637702507,683.286559002124,0
0.82,3.97641312450775,4.53744649887085,0.122944505863653,28.147078844248,-5.93817216818528,-1.98005990038756,3.45055640138757,-19.8135703587186,20.8552718947375,0.551869059307725,681.780011824958,727.903157099961,0
0.83,3.99972248518066,4.59999990463257,0.13471205665244,30.1133653250285,-6.57996664479944,2.37237447362765,3.22300584137653,11.5972220347636,28.5589771056614,-0.600861846981587,718.067642150611,779.037581598814,0
0.84,3.94298187641834,4.59999990463257,0.184987708519461,32.9546394241627,-8.98979243200419,3.94498483801604,0.135724566274363,32.1160490601411,11.6354639062528,-1.48952424805761,753.760881206431,830.601626126248,0
0.85,3.9678198010511,4.59999990463257,0.12113662925382,31.7171607657209,-5.79038967070488,3.33125534944389,-2.15893627820776,30.1297087821352,-11.4763909083352,-2.11530378393078,789.542678989534,876.076632084423,0
0.86,3.92438259911422,4.59999990463257,0.207848658008165,33.893544765008,-10.1252895567533,2.25022760490648,-3.22187143985962,28.8325812522946,-20.4933190009702,-2.47901221467972,825.258605925541,909.438798391,0
0.87,3.91947593599847,4.59999990463257,0.172230921471329,34.1435055705718,-8.31799302463932,1.93691694260922,-3.41178953932028,25.1902621740039,-24.5034420482218,-2.58133798137098,860.868878878129,926.087931356912,0
0.88,2.58815586086613,3.36065292358398,0.100379949966817,38.746878992942,-4.92067315807985,1.62404289449818,-2.01769957409943,29.157332953131,-25.9881432788608,-2.42510716683166,894.285636345347,923.632080254508,0
0.89,-0.383543791153594,0.149871230125427,-0.0260047773497818,26.7970162759304,1.23251809221651,-0.317367656872957,0.216932843406554,22.4698603443608,-14.652800355053,-2.10269057956405,903.595791788347,902.386812878294,0
0.9,-2.75775651405372,-2.25587940216064,-0.066291433940146,25.2238443665167,3.15828115793527,-2.67003558128162,0.693199494885628,23.8397668428301,-8.82511084226833,-1.80077657149978,889.818538909769,865.480791831474,0
0.91,-4.46193444255536,-3.97143745422363,-0.112870583966006,24.6581782124864,5.39892150794828,1.45215603434352,4.22052622196645,-12.5783160690109,-21.8851564096716,2.83550145155068,858.870779973968,818.51607553013,0
0.92,-5.04952381567719,-4.59999990463257,-0.121343176122252,22.6125544353177,5.71734374990076,2.26725374399271,4.51353247377634,-14.8309915399541,-18.0015923625257,2.70011391065843,817.769663058875,768.804142797594,0
0.93,-5.00898756254694,-4.59999990463257,-0.115604774804079,20.5886221919195,5.52489077488701,3.94811020291058,3.08476039448461,-19.4280593968608,-8.77304336636288,2.25712176600756,775.750822617257,724.274784452707,0
0.94,-4.69456903858656,-4.39400005340576,-0.134103984182507,15.1704143997259,6.47942633079008,4.67608026056068,-0.437305080491762,-14.7198184158039,7.44656863537213,1.50610596397347,734.121898103823,692.220430750035,0
0.95,-2.96980706040492,-2.59845757484436,-0.0863287506887231,18.712330364555,4.13079985501988,1.28304473687674,-2.67973932172502,-4.89550352323195,18.5269765576713,0.475600463590971,701.689416102496,678.079652291589,0
0.96,-0.927507896397868,-0.451943248510361,-0.00898274007205768,23.9262066910681,0.437245962429129,-0.625219998516208,-0.685165338407449,16.2814708423385,17.5376240655755,-0.72999918007745,686.652424767351,684.470574555104,0
0.97,1.31562504340677,1.81797909736633,0.0285498190507772,25.2691918777508,-1.37239641162058,1.19716522257176,-0.546333027439852,23.7532709944966,-8.7291263667805,-1.97722579865118,690.545686084195,710.653833330582,0
0.98,3.26039674256185,3.86739206314087,0.0837286998339792,30.5051254701546,-4.0689548727212,-0.0367739434800562,-3.26126433935747,4.50777282655405,-30.4433746133752,-3.12719327145301,712.896286214414,752.538727542497,0
0.99,3.98331256939139,4.59999990463257,0.130913920822543,30.9938772075974,-6.29038041790874,-3.2442353826336,-2.31491992565722,-20.8046533900894,-23.8192297835147,2.22341138199373,747.640034371668,803.255686489629,0
1,4.00356970457647,4.59999990463257,0.0747026430025199,29.9853875393548,-3.49272259264242,-4.00162945859896,0.145301549706304,-30.0423243207824,-2.96333028860704,1.55315852040822,783.563803297578,854.218742085807,0
1.01,3.96461151283009,4.59999990463257,0.158332420909735,31.9378282357997,-7.68055362891547,-3.54552002413881,1.78115169528223,-32.2595927932821,6.191481993652,1.14517225411982,819.290351858042,896.511621373554,0
1.02,3.91381605419277,4.59999990463257,0.0891127858041922,34.4822472042852,-4.18906837239409,-3.24178384128144,2.19470606712092,-31.2554933224035,15.1547947283761,0.998434899124506,854.836665416567,922.367649189343,0
1.03,3.38080391707168,4.10631895065308,0.189265032711426,36.4535799009776,-9.19691842418391,-2.94695888618174,1.66765994778581,-36.7548962468474,7.907237063699,1.11175790379874,889.762534446205,926.489776539907,0
1.04,-0.0158369909197573,0.584225058555603,0.00321417669152719,30.1852163551533,-0.238591102003106,0.0161379745830876,0.000840826707741835,-29.8896594928538,4.22048190644436,1.42261754199711,904.363302082596,906.978525099009,0
1.05,-2.87916709821958,-2.36953020095825,-0.100570351349958,25.6677304023287,4.81655060806031,2.85595432545488,0.378473864297623,-26.1111070928302,0.491558901237839,1.7374657766304,891.726771834635,865.699785474795,0
1.06,-4.98423715924687,-4.59999990463257,-0.107590662613402,19.4009803532727,5.08669897717977,0.359627364075716,-4.97241027765277,3.24755598570015,19.7920672308948,0.09378167650366,856.997562586998,808.020356228857,0
1.07,-4.97974486474716,-4.59999990463257,-0.159762153444725,19.1793564476606,7.72426113589265,-0.473339861182679,-4.95977138983891,8.91786025563348,18.6543210088943,-0.0630762555759769,814.823765139715,741.949717297356,0
1.08,-4.95073241536901,-4.59999990463257,-0.0974699835431523,17.7315665469271,4.61408007109972,-2.58180667830575,-4.22534331411463,12.9294427529787,12.9818217985023,-0.528804059413656,772.763651576402,676.83157896448,0
1.09,-4.90169188854479,-4.59999990463257,-0.159134467621013,15.2822456968989,7.67842481111277,-4.76844879455482,-1.14621256436993,16.7711624951742,-3.3516189641367,-1.30244364353622,730.659498876979,621.808809424353,0
1.1,-4.93411761631401,-4.59999990463257,-0.185966483966322,16.906028843495,8.99088667131882,-3.2605973403216,3.70791115981314,5.11095591880024,-18.4534003367852,-2.38262521143307,688.764866745151,584.325536398437,0
1.11,-4.85212519089719,-4.59999990463257,-0.0921097218520517,12.8087282187252,4.37377742263219,2.92155938718405,3.875060491935,-11.057241528398,-7.805822013508,2.51455641922202,647.357272920794,568.923089276566,0
1.12,-3.91281767622645,-3.62417244911194,-0.0759658823337211,14.6369312202284,3.65440294211,2.82224113700236,-2.71124841120849,-8.27011437138494,12.6174333639299,0.824866018868573,607.146379031017,576.533420682244,0
1.13,0.195279167707219,0.631024181842804,-0.0453504292135326,21.994779908419,2.23176877296311,0.150120248393286,0.132870334509303,20.4035872865835,8.51144881407,-1.07446757139715,594.89604785113,604.384724051935,0
1.14,2.88713166860806,3.36810231208801,0.0674266425728992,24.259503058364,-3.27528121453027,0.481729852184505,-2.847457106529,7.81981871886313,-23.1970125420741,-2.95065062331027,611.355425027734,646.525763206833,0
1.15,4.04631680203249,4.59999990463257,0.113624535250048,27.8989067798617,-5.4736741643783,-4.04333135772743,-0.192514230744713,-27.4054212199904,-7.56657096207373,1.64644677378486,644.578657513563,694.867938987588,0
1.16,4.00896989598547,4.59999990463257,0.0822094734456433,29.7702063612718,-3.95912024935101,-0.80073282395199,3.92904886315859,-10.4040722664356,28.1725948435056,0.22154843901268,680.952499837861,740.55683930017,0
1.17,4.02307868296017,4.59999990463257,0.106888125428202,29.0687883125643,-5.11060653652558,3.30714596048091,2.2933322386259,20.4162515798765,21.314066354383,-0.937919045984778,716.905716954483,775.433270559141,0
1.18,3.75670710362161,4.3645453453064,0.10298166871841,30.6188458619485,-4.97533021282586,3.60128777386031,-1.0743276298864,30.8610303077232,-3.14077076371572,-1.83330306228609,752.87798750027,793.335875154649,0
1.19,1.33715111496443,1.86765193939209,0.0673972359697798,26.7559103071324,-3.35637293573086,0.742323701613035,-1.11421318143814,18.6329010538038,-19.4925363656497,-2.50353052941663,775.157333134602,791.033351012612,0
1.2,-1.10553720498909,-0.566541433334351,-0.0337333110380958,27.1842349557004,1.56041015042682,-0.0262259888452904,1.10574076771989,-0.0849870986719725,-27.2288502724103,-3.08737548834111,776.461217426246,768.645865154495,0
1.21,-3.16106390878274,-2.74312782287598,-0.0178875443657769,21.1343711358418,0.752106817372576,2.18367967972668,-2.2856482791543,-14.1448754268295,15.720998922833,0.768245573228752,758.442342371754,729.50810822405,0
1.22,-4.65362078634764,-4.39188671112061,-0.152121428249524,13.3269240095561,7.36940347336107,-0.491789164596989,-4.63006163778027,8.32359654218639,12.7527546715434,-0.0731425907743305,724.26455906121,679.522929174387,0
1.23,-4.90841791320767,-4.59999990463257,-0.186287648652212,15.6635336624721,9.0162007239491,-4.6431807579953,-1.60254233869829,17.8646836467409,-2.73701306021839,-1.20052416758615,682.332221011927,626.137213233147,0
1.24,-4.83452606896574,-4.59999990463257,-0.123859801856997,11.9712117327213,5.98029168645478,-2.24494915670487,4.28347835827794,0.602768936166528,-13.3682634853715,-2.63324121138375,641.082002149265,577.126735230977,0
1.25,-4.8894877813249,-4.59999990463257,-0.0922614584559324,14.721393279352,4.42530991117654,4.63663576675075,1.55473846898107,-15.3526310975085,-0.774277908197638,1.91319739014784,599.601850291966,539.396191938285,0
1.26,-4.62981957881244,-4.39281892776489,-0.131540588980986,12.0989981798473,6.34202520195104,-0.715911147760739,-4.57602485651208,7.82100109973688,11.1999545720527,-0.126786315200028,558.261346157639,517.983619005258,0
1.27,-2.114052916846,-1.84192216396332,-0.0555062342352608,13.8577200392479,2.6508862634603,-1.33843602291232,1.63734226410812,7.04140324472429,-12.2262931018834,-2.43005530291182,530.981908062489,515.410800079687,0
1.28,0.119059226778855,0.507785260677338,0.0083732271607624,19.6900923964398,-0.440829860323708,-0.116598790715608,0.0254937721399218,-19.5470506556251,2.40974691876836,1.42575123687195,524.264544429229,531.454058916518,0
1.29,2.14247416670921,2.59220671653748,0.0331195896617743,22.7434666343673,-1.55522173148868,1.7998271212074,1.16271870888962,18.0467623478606,13.9283293306309,-0.981768945750318,536.076040550254,563.336564629945,0
1.3,3.71365231868452,4.23120164871216,0.105628127253886,26.1377189859828,-5.1326286236977,-0.481069252554855,-3.68387611349573,2.45997618902141,-26.5230606742218,3.04017519408201,563.492828119077,606.277313506648,0
1.31,4.102199150087,4.59999990463257,0.0643830436839158,25.1539171582668,-3.08049614262388,-3.45965730427624,2.20521073375233,-23.0357213676483,10.5624119386502,1.01901811001514,599.7724939596,654.283840677609,0
1.32,4.06815136280761,4.59999990463257,0.127763120541056,26.8600569236683,-6.21612014057055,2.82326158337468,2.93178664938711,13.4042575208416,24.092087660883,-0.735147653835191,636.051577921193,701.051506590976,0
1.33,4.01349023525971,4.59999990463257,0.107874280171216,29.5969761616197,-5.154574373643,3.12318060899738,-2.52299100522182,26.6448251774457,-13.8781816585697,-2.223420456575,672.106656431533,740.832775828421,0
1.34,3.99762671924199,4.59999990463257,0.121026369839495,30.3941578101753,-5.87050767529041,-1.31408126574622,-3.77741408844845,-3.5127778857291,-30.7559438301122,2.8370743433399,708.494437883254,769.161457836117,0
1.35,3.62639803232121,4.2643404006958,0.122006378859388,32.1767716423113,-5.95894192695524,-3.49288770094232,-0.982539441402411,-28.858548132098,-15.4284743872379,1.87863876531637,744.124680409716,783.352335606772,0
1.36,1.34796914223832,1.9235987663269,0.0931515587228821,29.0650257546662,-4.54137652731958,-1.18691804043597,0.645696203029606,-28.3183598666231,7.96682605224467,1.14155841727974,765.825164701762,782.73754996846,0
1.37,-0.455112876249052,0.0270298048853874,0.0160490474993507,24.3942878961203,-0.803927391380508,0.231257340078171,-0.392307716866863,-12.3460275456258,21.054766326228,0.497398614522695,770.064893412772,768.639735748983,0
1.38,-1.92654424661018,-1.47510051727295,-0.0755882202980716,22.8626809234811,3.66473616779808,-0.401407988378467,-1.88577780771239,7.49116468294212,21.9092428413561,-0.170515466553234,759.964853842134,744.112592277241,0
1.39,-2.91154707847467,-2.53072881698608,-0.113896781348205,19.3345203697885,5.4876742489,-1.04736918328159,2.71902494672041,2.60995132737387,-19.9280305263853,-2.73481033951458,739.080092720237,713.499665465205,0
1.4,-3.46060542963183,-3.05825686454773,-0.0562764280724134,20.4138860765793,2.6584399144427,1.87107505244153,2.9117065655874,-13.0147419635903,-15.9502520089001,2.586694711982,712.096619355151,681.871914225482,0
1.41,-3.30505356877727,-2.96458458900452,-0.0775334791418401,17.3226985574965,3.70589047834718,3.25422849980584,-0.582569655858108,-16.5512079833375,6.31403388046838,1.41710825563989,683.355604021928,654.406577174879,0
1.42,-2.75380767835017,-2.35597729682922,-0.0626825553458068,20.193524602765,2.98148232287694,0.0654464595709419,-2.75374337820623,2.03919081735482,20.3103267707469,0.0465200977928162,657.917478307849,635.767300119438,0
1.43,-1.5620400159286,-1.21659028530121,-0.0120460628606469,17.5773577229663,0.501872324317489,-1.5572707170717,-0.122564402432634,17.5552471792762,1.01423706575507,-1.48454201605484,640.240610839988,629.541367154744,0
1.44,-0.153784669557487,0.238846302032471,0.0276146009291668,19.9394268332925,-1.36033189915689,-0.033173783172926,0.152681992669005,2.08258542330551,-19.8769736949749,-3.10531743472401,633.872389340447,637.78570169216,0
1.45,1.3909882000543,1.87145411968231,0.00911162435958561,24.3345131576848,-0.43842843281519,-1.39075524255291,0.027037930770729,-24.3381425521112,-0.124768687371478,1.55790796477619,640.769379424712,660.728713095625,0
1.46,2.92538175253288,3.43684720993042,0.0884083214624647,25.8881111293873,-4.28580923642387,-0.0251473448990839,2.92660930778276,-5.28690268392124,25.7023562863265,0.0388043712598677,661.278080516708,696.668120000117,0
1.47,3.98542614490624,4.59999990463257,0.0939884534324029,31.0474294810458,-4.48618009040609,3.84878440201915,1.0389003863003,28.5046352571503,13.0978799063396,-1.28357155172007,693.894458271322,742.092940794282,0
1.48,4.03593440570994,4.59999990463257,0.122917209745919,28.5260921320052,-5.91341842784668,2.7918913664079,-2.91705635287047,24.4878430946627,-15.781381130865,-2.34766904219891,729.921479478427,792.038786373541,0
1.49,4.00768913562068,4.59999990463257,0.135536857492264,29.9425906625445,-6.58403266856882,-0.160115507229766,-4.00678243380589,6.40025565902029,-29.9824106646656,3.13545910567721,766.039807797876,840.659021660933,0
1.5,3.93811142028472,4.59999990463257,0.0294524135776051,33.4258692236848,-1.2869461406229,-2.0607668954671,-3.35601382681737,-16.1756626623105,-29.2795645658004,2.59838352157682,801.89270705013,881.962393669733,0
1.51,3.9392003681696,4.59999990463257,0.172899105576885,33.375971858057,-8.45662538903641,-2.99352124367728,-2.56632503883464,-18.5818388768256,-28.9859496031439,2.32337296623911,837.563687715166,910.635081445618,0
1.52,3.91228388394083,4.59999990463257,0.0563541971527547,34.7265021077722,-2.58467950284723,-2.9304195964361,-2.59263996206631,-23.934017377101,-25.2937409049388,2.30951593295295,873.027920247699,922.83844967239,0
1.53,1.45034640680561,2.0954258441925,0.0987410958510885,32.5991689878854,-4.80924837499892,-0.906132544673139,-1.13674021448526,-14.5859636273128,-29.5480008409342,2.53657879598495,899.02417836839,916.860248377586,0
1.54,-1.12516828287984,-0.518150389194489,-0.0666681494592987,30.7001290384424,3.18608456174825,0.962549457168613,-0.586469819731171,-25.6220855428461,17.2092356090182,1.08275792071867,900.820209313065,893.502493466508,0
1.55,-3.04536882019669,-2.56995415687561,-0.120112158724483,24.1235818687224,5.75546943179555,2.94393424162789,-0.78863766247274,-22.2608282157986,10.9328933820829,1.3484767410615,883.073516454267,856.116659174103,0
1.56,-4.37071548857976,-4.00256252288818,-0.118479360367143,18.7637725017428,5.64112307542833,4.30919799183143,-0.740272860599362,-17.7680878537778,8.25811613321831,1.42776883127738,850.86664440318,810.24469854482,0
1.57,-4.98077596755881,-4.59999990463257,-0.107841009763208,19.397862678169,5.09863685413744,4.66609798163578,-1.74564846065085,-16.6281995880145,11.2149967772007,1.2344514895487,810.083526154882,762.886687095295,0
1.58,-4.91115285066723,-4.59999990463257,-0.174557209650242,15.9195024572936,8.4406037916136,3.16252033892675,-3.76143026625942,-4.40767209694076,17.471312988457,0.734642695047773,767.990318821828,721.482458607201,0
1.59,-4.13717748046928,-3.7907178401947,-0.144914626641166,17.6875831325387,6.9732142765653,-0.42499094256531,-4.11784172263263,8.15600763285226,17.174278846875,-0.0678299873179215,728.566123226381,692.753059274335,0
1.6,-2.58881261995399,-2.16372871398926,-0.0652675803016181,21.6216757411574,3.16660076407623,-2.35833374773906,-1.06980024889999,20.8395080085122,6.57564660075019,-1.11972549632616,700.994282906597,681.585879558214,0
1.61,-0.5270739516069,-0.109803579747677,-0.0299147009036379,21.2341476109856,1.45494739333063,-0.36605185472322,0.380404888830778,14.5771953129593,-15.5084258869275,-2.31872499118318,689.124379164164,690.155378142551,0
1.62,1.49156287974099,2.04162573814392,0.0680581610958257,27.8772912756072,-3.3505942208335,-0.639403970899814,-1.3492791777503,-7.68726953533134,-27.0051057688892,2.74465109226851,695.360721145721,717.444893529876,0
1.63,3.36052174795679,3.93577241897583,0.133233254807229,29.1406003568282,-6.46999308617269,-3.36214193806422,-0.0828197258316535,-28.6650304377018,-8.3277505784653,1.63505021580747,718.75856422,759.276124315545,0
1.64,3.98128207477057,4.59999990463257,0.163748268595252,31.3181155741904,-8.00768754166962,-2.58648164768841,3.03109438001003,-27.1634438279929,17.5241188733365,0.74752244944756,754.063563164399,808.87004854971,0
1.65,3.89158611101071,4.59999990463257,0.0788759920908427,35.8072636932607,-3.77479407175839,-0.397599721398143,3.87202509587475,-8.12516594622221,35.076928055764,0.122592131902518,789.935862596581,857.870323598957,0
1.66,3.92349141253082,4.59999990463257,0.16622107915476,34.2165368075694,-8.13919032600948,1.09396687140789,3.77155813896862,0.226391182808043,35.1705353570158,-0.239969723648396,825.618242101618,897.674459834935,0
1.67,3.8786698765106,4.59999990463257,0.0834937715296394,36.4622981513897,-3.98233988212997,1.37739128454316,3.62682291683776,8.4564129457341,35.6909974294479,-0.341430837767642,861.18131249615,920.855896152325,0
1.68,2.58948465260862,3.23880481719971,0.158682343194101,32.8664504148289,-7.77660820070693,0.633522776792313,2.51580200799318,-1.58186239108027,33.7368775874917,-0.18548547113387,893.769708811136,922.434484704528,0
1.69,-0.481368976037859,0.085037536919117,0.0233068922741328,28.7249482398648,-1.15394467673712,-0.481725305639056,0.0141432749451312,28.7278188981155,-1.08012085294338,-1.64852767535698,902.868837580167,900.770367717232,0
1.7,-3.2229067162888,-2.70948648452759,-0.175307872285758,26.0792465457588,8.48071436896771,-3.18699400398492,-0.510812852764075,27.2833963873138,-2.76873584424391,-1.35752683569102,886.88063356718,857.915345915301,0
1.71,-5.00979786544793,-4.59999990463257,-0.135886786766956,20.9012488113658,6.42829620362139,-4.81579164887592,-1.38733221186613,21.8665147655917,0.201806744858311,-1.263193511542,850.237004237315,799.347092337915,0
1.72,-4.96303196037987,-4.59999990463257,-0.188781387485259,18.5658860141235,9.10990487563353,-4.95609004868503,-0.323258536373246,19.4052352192955,-7.14977876695037,-1.46764489367104,808.127490483681,733.118980345885,0
1.73,-4.90092010339865,-4.59999990463257,-0.149715927419888,15.4630721151331,7.15900266430607,-4.43571827107351,2.08945833614478,11.3318825188602,-12.7258145894123,-1.98048029417017,766.052801429357,668.562343039687,0
1.74,-4.96299859790389,-4.59999990463257,-0.14713456937862,18.5696041077125,7.03090690224192,-1.52051427658125,4.72663093535076,-0.418353310489672,-19.851670687697,-2.80071898101322,724.244991049144,614.75929577647,0
1.75,-4.87696703419049,-4.59999990463257,-0.103119272407749,14.2704666554363,4.92475084177271,3.52337644195516,3.37361223100671,-13.5768332721597,-6.60068085256649,2.35562445688728,682.739829901697,579.047390742845,0
1.76,-4.86843409317656,-4.59999990463257,-0.137707005061676,13.8460666238036,6.60187258433462,3.80196846074569,-3.04395295008678,-7.07026185391363,13.6128498077255,0.923952237890294,640.923763758177,565.813870432316,0
1.77,-3.42216060978576,-3.13901257514954,-0.0614505377807564,14.5839538088854,2.89333419957609,-2.52142149570177,-2.31460429637029,12.5593792893956,7.95770591032618,-0.810183342578361,601.824007926515,575.787387186492,0
1.78,0.600907263012219,0.978735089302063,0.0452007479028851,19.3208117915356,-2.22829401341122,0.196690629889152,-0.569601125758741,9.70418584273733,-16.8549055062247,-2.73402004367027,593.085818291264,605.947731651825,0
1.79,3.15928836464209,3.65921521186829,0.0960004349544468,25.4291917197973,-4.62364550049351,-3.15326800588588,-0.217301489941471,-24.8463910286175,-7.11890034271283,1.66997803223145,611.99231800269,650.06538137437,0
1.8,4.01159700484504,4.59999990463257,0.0939375759390549,29.856765466184,-4.55409407453223,0.105996124618205,4.01129650101073,-4.46432322431424,29.8703203044637,-0.00300603257167175,646.948518217413,699.772533396271,0
1.81,4.04292334271682,4.59999990463257,0.111480741105044,28.294303813922,-5.36271411839017,4.00946187167521,0.530916764007896,27.0861936070123,9.78082035994656,-1.41157894208175,683.042481724755,745.975846971496,0
1.82,4.00931352526184,4.59999990463257,0.140330062637224,29.9788195383491,-6.8602061463312,2.10232871004471,-3.41679695990983,22.3070876561437,-21.1704012617659,-2.55501792652602,719.36386480463,780.36481040961,0
1.83,3.86543007009073,4.51785516738892,0.150683686011662,33.0699157207142,-7.27591031950506,-1.25832912201055,-3.65798619744414,-2.5637572561852,-33.7636690169179,2.84924010259949,755.058457218345,796.758085143145,0
1.84,1.18250791709435,1.75143074989319,0.0550450005697852,28.8987196360247,-2.65517959723593,-0.428163784101237,1.10364428148867,-14.1219314523183,25.3526532605792,0.416595200301749,777.39023932163,792.064489680541,0
1.85,-1.24769693562088,-0.814935922622681,-0.00258861289916655,22.0941187224885,0.0618111383745442,-0.19596945975653,-1.23221358331955,3.48599081967692,21.8174648102243,-0.155642959236772,777.185290798263,766.708048438116,0
1.86,-3.39161076797439,-3.04872798919678,-0.0765136901776226,17.6032899258312,3.60592296664735,-2.5009235641701,-2.29221710847885,15.2013173792319,9.5811505880102,-0.806357546639399,756.459706999045,724.463419022131,0
1.87,-4.9752131562236,-4.59999990463257,-0.144631538732334,19.2224077990913,6.90598685779464,-4.93565824804151,0.642605548059008,18.4333569012863,-8.79800940124517,-1.67120234837179,719.479902606945,671.750716939705,0
1.88,-4.82742964887457,-4.59999990463257,-0.13595262615768,11.8355919049858,6.58197611524677,-1.34079446542971,4.63948599877891,-2.66450641189144,-13.2779535661198,-2.83210619493558,678.152474929077,616.528594729135,0
1.89,-4.92056856397966,-4.59999990463257,-0.121053975429429,16.4947687448741,5.76824060276762,4.55229557607524,1.87169817167137,-17.4207638522558,-1.36637564462705,1.98547843198876,636.274203338102,566.985896937904,0
1.9,-4.82033819199597,-4.59999990463257,-0.138716696047434,11.4852829512444,6.70423686859144,0.896894913335101,-4.73819397253963,4.08881517616096,12.6546476409073,0.215846477208921,594.991097284573,530.255768680771,0
1.91,-4.75596893156502,-4.59999990463257,-0.0595642122704197,8.2686686788011,2.77946050359944,-4.54634389338729,1.39769294784485,7.1499723221581,-4.99741715321312,-1.85653427667993,553.913496129309,511.359688871091,0
1.92,-1.95548187190338,-1.67033100128174,-0.0397603381592938,14.7299521109972,1.91003150990574,1.71951286290643,0.932076043106257,-13.7486030009298,-5.62099858423096,2.08785170028545,526.393947403546,512.537932401007,0
1.93,0.554157583121657,0.881986200809479,-0.00674375040906519,16.8664943893296,0.348675523638494,0.191891946762964,0.51991690284923,6.35776938737477,15.6262271845456,-0.365740951665607,522.027150412581,533.048823921935,0
1.94,2.59705995206876,3.0353672504425,0.0659606403374374,22.3934911854722,-3.21329454641665,0.866406633155372,-2.44916531633483,11.0030536069922,-19.7668035007562,-2.77618302655346,537.62424628262,569.436641224617,0
1.95,4.11328317960633,4.59999990463257,0.0806098009638594,24.8173866872055,-3.8698216329531,-3.90653461923922,1.29018747642708,-24.8547772715211,3.62191223475064,1.27140570135201,568.996991380974,616.19233513018,0
1.96,4.12385947671017,4.59999990463257,0.0656941312972283,24.2921698416133,-3.08558936527079,2.7301056075125,3.091448863295,13.442905331722,20.4675028664275,-0.707478892306928,605.34609495476,666.674979811965,0
1.97,4.04069969988263,4.59999990463257,0.145687683170025,28.4539170281472,-7.05576136423596,2.56160752196271,-3.12836153107072,24.1027270460947,-16.6873518454902,-2.41943339410022,641.676773558849,714.132936407848,0
1.98,4.05747536850939,4.59999990463257,0.0971174053989854,27.6189985364459,-4.68535211684296,-2.75831574169147,-2.97728608394103,-14.7679073348508,-23.804842313367,2.418284212024,678.190603054099,752.664182576513,0
1.99,3.98643615004211,4.59999990463257,0.194614330178598,31.1749031055076,-9.48228309046723,-3.70454030274073,1.48523703873929,-32.5624894974989,1.21348834803767,1.23827453308481,714.166326839878,777.981599385475,0
2,3.56069110630007,4.15073776245117,0.134034573040137,30.0031000111461,-6.49224101650354,-1.00366763195375,3.41893809622561,-15.6842165495413,26.3882654777138,0.32316432591604,749.824400011102,787.893381380163,0
2.01,1.04746309352441,1.54017531871796,0.0668355033547781,25.1402050111751,-3.31124556632049,0.448876343711047,0.948765484648878,6.20547865781045,24.5863028906717,-0.378189580473758,769.487404877948,782.461063875217,0
2.02,-0.932784700315571,-0.446082442998886,-0.0278693304907469,24.8432374078094,1.28599066091308,-0.295028322338039,0.885337385262373,7.34712668015632,-23.7667824163574,-2.79005896041228,769.874964123353,763.847901703106,0
2.03,-2.36205172819387,-1.92528998851776,-0.071382991456152,22.3494399260131,3.37500136242131,0.836816863743918,2.2100048494713,-10.4702394057364,-20.0315297965327,2.80983797429889,755.882855000454,735.910490498499,0
2.04,-3.23661911755093,-2.83966493606567,-0.0949061073630517,20.3619891790204,4.60811640024478,3.00104015126925,1.2159228971365,-20.4944556566506,-3.97776663749021,1.98506340138848,732.237108410916,703.611954615335,0
2.05,-3.42817364930408,-3.13993763923645,-0.0528949561648007,14.9288459893398,2.44829039387782,2.78698454983486,-1.99697009620882,-10.8727567990749,10.5189223789489,0.964487739529941,703.350962790222,672.344838481456,0
2.06,-3.24193683705719,-2.87780451774597,-0.0697729326961383,18.7263314664607,3.30404636196082,-0.928591055497107,-3.10688612106336,8.16055852637047,17.1754911746776,-0.2689117441086,674.831010678426,647.248358060706,0
2.07,-2.31835199325881,-2.01783156394958,-0.0591343954040905,15.5484271734844,2.82928460409368,-2.29298150930526,0.347114735139682,15.075610433246,-4.74177277029506,-1.69553544265663,651.43945478976,632.592243691357,0
2.08,-1.15639842128293,-0.760449469089508,0.00741225878697893,20.3226810285324,-0.39159909816982,0.131275187553326,1.14894694196853,-2.04759507786371,-20.2230578409465,3.02141933609961,637.356527366775,631.282888309948,0
2.09,0.309437757341867,0.777584850788116,-0.0299896526293288,23.9356881344029,1.46752539719039,-0.30990172057353,0.0247392101562974,-23.307423581012,5.64223389040895,1.39452119558592,635.292901261622,644.530862320794,0
2.1,1.92824955580216,2.37784051895142,0.072035110426291,23.0112586889918,-3.51066586713759,0.450346299185662,1.87630584324495,1.08958498566393,23.2520021899492,-0.198221149221982,646.6710058,671.70419900799,0
2.11,3.29921711857767,3.86239910125732,0.142997400462634,28.694468857673,-6.95330867740733,3.27390056119208,-0.432269554191807,29.1943609473206,4.40571599911246,-1.65875629848052,671.145273519139,710.379258926017,0
2.12,4.02115880525125,4.59999990463257,0.110894861799609,29.4813835528216,-5.34083854717804,0.860081034847405,-3.92966619713673,12.2787509222799,-27.329632422779,-2.89855080352502,705.767450075987,756.588918919056,0
2.13,3.94159636692557,4.59999990463257,0.0950637662211615,33.4635988813245,-4.59220933780374,-2.71173720728559,-2.86211466542344,-19.0144208052032,-27.9168880453221,2.40728045132017,741.974573028198,805.254174330215,0
2.14,3.9615062312179,4.59999990463257,0.207153820605835,32.4723323990424,-10.1072572128177,-3.95696031943365,-0.28090809137041,-30.9853176491066,-14.0185273828572,1.69391240414973,777.763549186495,850.768471214379,0
2.15,3.90924039995307,4.59999990463257,0.165439103366319,35.0900349371555,-7.99181955023863,-3.64865441198228,1.41309999061289,-35.7968434037755,3.71022020100501,1.24358640131984,813.50759289294,887.684315647551,0
2.16,3.90212399945782,4.59999990463257,0.210574579301237,35.4504468009481,-10.2623402977988,-3.2909089785156,2.10732803704549,-35.9012876169741,8.55262265144292,1.05514786909338,849.213511061395,911.431214253128,0
2.17,3.13839537485698,3.8862566947937,0.0647971636001559,37.9543700993825,-3.10220790879943,-2.806528779489,1.4061011383376,-35.6094435004189,13.4953857722109,1.12698408794587,883.857428094785,918.977028730128,0
2.18,0.586387782786098,1.16981673240662,0.0343986589289772,29.7370547494309,-1.70258691230319,0.252025804920209,0.530581655535912,9.58591616110807,28.2010893179111,-0.384852783272527,900.18568804165,909.33668969545,0
2.19,-1.59894858213794,-1.04552984237671,-0.0118979799463481,28.2403970500402,0.528174247977334,-0.128564291905159,-1.59381597215446,2.58786949683193,28.1265341812231,-0.0730491872824462,896.159157542339,883.837869159941,0
2.2,-3.38272860183223,-2.83178472518921,-0.136089726037152,28.120156828736,6.51326127842877,0.355074877137746,-3.36679299019294,2.373577300636,28.7668545960745,0.145284477156191,875.262175362351,846.075673112591,0
2.21,-4.42894836773351,-4.04399919509888,-0.128865696516772,19.8236125888434,6.1000603878006,0.589507436282771,-4.39143154271536,2.81188922726211,20.5494435881114,0.162530651049769,841.924227672611,801.527439298345,0
2.22,-4.93093025784845,-4.5624623298645,-0.191160792136158,19.0024610447416,9.20897479632181,-0.648972109614973,-4.89177379456137,10.936526624608,18.0635303289653,-0.0931475186506483,801.637125259003,756.850136492533,0
2.23,-4.72365549515362,-4.33367824554443,-0.17732089415272,20.0806695459939,8.53796235437038,-3.00264025776019,-3.65082393698682,18.9577292805502,10.8043783303541,-0.650762842139603,760.626223747472,718.938811586658,0
2.24,-3.71687636682861,-3.34359192848206,-0.0911930730217283,19.2487679504506,4.39856420787364,-3.71257756204068,-0.20063386725148,19.5344782147393,-2.87516879138539,-1.49227723359215,725.483233251194,693.874709948002,0
2.25,-2.07764244034327,-1.74000859260559,-0.0785298350192175,17.4691401227596,3.81272477843178,-1.08485158137414,1.77365782813194,6.49637411733931,-16.6584768268963,-2.5548739563067,701.315153978705,685.925317018594,0
2.26,-0.246805571570782,0.210235372185707,-0.0221932381055863,23.4426734120001,1.04325696050598,0.157198373673219,0.191557305500172,-14.0511193463871,-18.7939715574151,2.54407697605377,692.638771378653,696.766730799521,0
2.27,1.71085937758261,2.23645329475403,0.0841345229616166,26.8738244683679,-4.10155599765447,-1.65486975832417,0.442181536023852,-27.1352658817323,1.64394303010728,1.35883306233413,701.067643820198,725.076662316619,0
2.28,3.43589437084036,4.00262689590454,0.0693695960253068,28.9346490855799,-3.32893121981611,-0.936962346733836,3.30640043389004,-11.6329907604104,26.7014836056,0.29632563750417,725.825091160568,766.594783197564,0
2.29,3.91455407213812,4.59999990463257,0.170499564724144,34.8744606742278,-8.3247647895537,2.16003167784089,3.26910795722444,10.8023276719377,34.1882938004771,-0.540360783648231,760.912661167781,814.672968272168,0
2.3,3.91719973304381,4.59999990463257,0.165549899392264,34.746512606625,-8.00229703450556,3.58901350130031,1.57824035090711,27.6603829895057,22.5002246438712,-1.11426836507886,796.665713221205,861.253310187186,0
2.31,3.90532082432226,4.59999990463257,0.234534770280031,35.3449360221887,-11.4442908152785,3.89823504010809,0.332115750046427,33.3208310635351,16.4304142343593,-1.42582198056969,832.415500851348,898.131886821453,0
2.32,3.8211308265345,4.59999990463257,0.0920060033110758,39.5590696431765,-4.39365268384742,-0.530262023477429,-3.78527780811332,-0.178863670876247,-39.80191179739,3.02648655083191,868.13518254804,918.306715485019,0
2.33,1.78388472611792,2.43699431419373,0.0705571689677753,33.2756292924665,-3.46933931408129,0.0744690038149692,-1.7837257069517,6.15879001568277,-32.8842382552586,-3.06033581794826,896.103581637923,917.181851389837,0
2.34,-0.962555468402087,-0.395147442817688,0.00467557792198853,28.9945585169166,-0.289746799645407,-0.375150847972646,0.886451765210646,11.4378864338038,-26.6447580346718,-2.74610076690029,900.027381833019,893.413280399996,0
2.35,-3.51534480438403,-2.99401330947876,-0.114252792394948,26.694248338305,5.52798658392803,-2.04573537675294,2.86106091556634,11.833635210699,-24.558228920655,-2.48836286125993,881.088430504643,849.235821874391,0
2.36,-5.04712022412962,-4.59999990463257,-0.208032296494569,22.9867382057148,10.0166953076064,-3.08068126501675,4.00326153736898,7.07721501107088,-24.0548819558643,-2.44450629515827,842.890300370856,790.195656237181,0
2.37,-4.98219480758415,-4.59999990463257,-0.188886166920743,19.7433266800233,9.08198451971122,-1.94576646604008,4.59041783984926,0.166705532236604,-21.7313966526755,-2.70278061205583,800.779423392756,724.315752350029,0
2.38,-5.01259606215996,-4.59999990463257,-0.0961251872233331,21.2661019876091,4.52318884041419,0.732148554500111,4.9597699370176,-7.18819403825482,-20.519166588871,3.01420802284084,758.961637337725,660.822881585403,0
2.39,-4.87938609012707,-4.59999990463257,-0.0926527800936241,14.6081490077034,4.39667188860081,4.15791660971943,2.55513651705813,-14.6711316972013,-4.18170250623552,2.14081264993389,717.2889896673,608.646108760065,0
2.4,-4.88707040453556,-4.59999990463257,-0.125151203027142,14.9947305791138,5.96706742146038,3.93623384250596,-2.89916938098091,-8.88252271807893,13.4739982527562,0.961572459037374,675.31128237131,574.941935022254,0
2.41,-4.83165259271892,-4.59999990463257,-0.104876067282738,12.2260065477315,5.03792048855035,-2.50144645118632,-4.1350491433674,10.4658009063225,8.08225775036578,-0.52233949952888,634.161855271623,563.90133558471,0
2.42,-2.95198399771922,-2.59751176834106,-0.0567811873010087,18.369165960534,2.7395393873203,-2.1530367752029,2.02036290567946,11.7985218493452,-14.3431592165341,-2.30518228304925,596.873742305296,576.047862519403,0
2.43,0.923356768671249,1.34602522850037,0.00808778133519655,21.7819016390462,-0.408736006895264,-0.83060629468813,-0.403418291209498,-19.3272877471197,-10.0535691411784,2.03169051359806,591.87841902069,608.151566020876,0
2.44,3.40123123313404,3.89371585845947,0.0789941747296761,25.2761687194085,-3.82206128663285,-0.441126162643612,3.37342877344684,-7.6356505110168,24.3965099734448,0.153248139304538,613.51441570202,653.775868452665,0
2.45,4.07544993386706,4.59999990463257,0.10200315384368,26.8831201906302,-4.8788916166332,4.07337169589019,0.165347615561174,26.5055143053433,6.6304936467783,-1.50520281693726,648.879832196557,704.363352046737,0
2.46,3.99492377846432,4.59999990463257,0.133066135290509,30.9132766732258,-6.50458408964191,0.835301221864554,-3.90888660117589,13.7750981608726,-28.4286292232488,-2.89776970559499,685.44000935675,750.672098292124,0
2.47,3.98963865825477,4.59999990463257,0.112269397307171,31.1815029608209,-5.36575371341052,-1.73429801989184,3.594722717987,-19.0990769602401,25.2250411114727,0.477647537135731,721.340539823842,784.313993376388,0
2.48,3.92725692167468,4.52810287475586,0.154405507153054,30.709901100602,-7.5159205703814,1.61688996666607,3.58229742276873,4.55777090692102,31.2860002555306,-0.38468452783416,757.459318424369,799.131085260757,0
2.49,1.07546012634296,1.60609519481659,0.0348209221897895,27.2032131117403,-1.72545904820845,0.935245694156597,0.532111333780173,22.2951038518853,15.6818480021791,-1.02115161635076,779.131507570448,792.177963780169,0
2.5,-1.50570705028306,-1.07038903236389,-0.0675701359650231,22.4407831184819,3.23113132192349,-1.50442622256417,0.0917670169926743,22.385939809898,-3.59146981302675,-1.58687293050467,777.048533572656,764.150724929309,0
2.51,-3.82740504619153,-3.36834049224854,-0.0940772318113061,23.6310514478294,4.45739545110646,-2.92864050194868,2.46595716173324,15.6586813421847,-18.2510455963876,-2.24606101723556,754.142785451,719.202402677064,0
2.52,-4.87193215741086,-4.59999990463257,-0.130456007162875,14.2769679030612,6.29271558814672,0.107206540928668,4.87249920203185,-6.22451683022807,-14.3068330600644,-3.13682081596071,715.58826867325,664.192172295387,0
2.53,-4.91100481188708,-4.59999990463257,-0.13802299572546,16.2329576973098,6.61272831311521,4.60525238319624,1.71133547172742,-17.5281036356497,0.0517134764667313,1.9546848094106,673.614304401869,607.511499863608,0
2.54,-4.8852453831043,-4.59999990463257,-0.0907155736868654,14.9471525466198,4.32807369129065,2.08008708635557,-4.42120905201598,-2.73185379038324,15.3194832157333,0.458320510474155,632.46691975409,557.69782630459,0
2.55,-4.86240939120025,-4.59999990463257,-0.0966332986402929,13.8073428850026,4.64866674590686,-4.75701509671129,-1.01151888351101,14.5026905255555,-1.38736713904263,-1.34140863559099,591.039547110385,522.074281532065,0
2.56,-4.82573507539378,-4.59999990463257,-0.136817839460843,11.9754157965881,6.60352159877531,1.56591691061976,4.56665549041261,-9.86646120324089,-9.46942576567375,2.83959896184115,549.702053232134,505.63900934769,0
2.57,-1.79655491388004,-1.53855669498444,-0.0298573109639814,13.5906653748625,1.39334277217272,0.786289772388983,-1.61562663119949,-4.90704025801319,12.7502370691094,0.469550913118884,522.450711345046,510.374669200385,0
2.58,0.849554076752133,1.23612499237061,0.063763388921636,20.021926927807,-3.12740192485583,0.743795759670664,-0.415422395868207,19.4783178580978,-5.59046814863874,-2.00524012560589,520.455462692542,535.069057699922,0
2.59,3.08482260991899,3.49483799934387,0.0704506135477134,21.1972400454266,-3.365351634147,-2.97004507108875,-0.836615861263746,-19.2805110363514,-9.42923492877472,1.86820029213993,539.368340475279,575.64729322514,0
2.6,4.09292767777539,4.59999990463257,0.0997583053625877,26.0535422423145,-4.77982967581835,1.46207011512459,3.82418091536583,4.20340193730578,26.1527292506031,-0.340806311950937,573.537619070825,625.931382457555,0
2.61,4.02905843144868,4.59999990463257,0.0790326741965224,29.250602586125,-3.8142367115808,2.99227190906185,-2.69923448960214,24.598303817845,-16.2809582834791,-2.285139965777,610.268325840494,678.678769986561,0
2.62,4.06004597309917,4.59999990463257,0.0974712656825847,27.7049164123538,-4.69219703074566,-3.03652364563492,-2.69684966225642,-17.0679713054466,-22.3218158290786,2.32102143004099,646.59040164217,726.717369945062,0
2.63,4.01696631353724,4.59999990463257,0.165259194175315,29.8627377027733,-8.02166170090119,-3.07059965162083,2.59513906078623,-28.5028538173875,11.9882227128537,0.910237662081409,682.726864348129,763.993996709863,0
2.64,4.04983056483266,4.59999990463257,0.170433748491742,28.2235056839109,-8.31804783472944,1.10744700940918,3.89919689010806,-1.52739860185018,29.3840644973031,-0.234672508409484,719.024437384658,786.383021577685,0
2.65,3.53248285933555,4.16151189804077,0.0859452887229669,32.1705599791042,-4.15414891800881,0.775404838203088,-3.44740033663693,11.8504142216014,-30.1955222736518,-2.89602486746522,754.777485656097,792.154178342983,0
2.66,0.664630926365619,1.21497011184692,0.00532018093063391,28.2398115304847,-0.27063258421846,-0.279129445795989,-0.603199241624507,-11.4076438473773,-25.8345864902911,2.71619247167469,772.500420761419,782.061249547575,0
2.67,-1.40345652834213,-0.894077360630035,-0.0158596784682542,26.1951968744574,0.754190103834379,1.22259012125831,0.689358507417475,-23.0488956995103,-12.470186407484,2.09551133790944,769.587971821073,759.074797021181,0
2.68,-2.72939023224915,-2.33188557624817,-0.0742287869937146,20.6045709186057,3.58403847409879,2.67479764748957,-0.54821391600346,-19.6660974984932,7.11605815767614,1.39583004557537,751.976825948761,727.831870594263,0
2.69,-3.43896437803713,-3.11838364601135,-0.118896255640616,16.7611778608897,5.73480949537469,1.63584371793095,-3.02731360177955,-3.52482462764114,17.3608967100491,0.529972614343116,725.068318012057,693.907048865396,0
2.7,-3.65443687822611,-3.26795840263367,-0.13594844060997,20.0587474906754,6.56658339929731,-2.02132940764593,-3.04755940077121,16.0615265151541,13.6930907554725,-0.548457827462504,694.748775305004,663.019976877758,0
2.71,-3.04637214837791,-2.73563432693481,-0.0939519879490021,16.2743129324127,4.54773989464879,-2.90697406372877,0.915812227075216,14.4334569877013,-8.78695163043779,-1.84516242250124,666.528614385097,640.286728207474,0
2.72,-2.08852387726505,-1.71635389328003,-0.0419075730667114,19.3485895562343,2.02882552418668,0.424986000263175,2.04525673942586,-5.54981858942359,-18.6462748142276,2.95678001752702,645.161623080675,629.600913638104,0
2.73,-0.61757502872976,-0.283686101436615,-0.0135969702350798,17.437443101137,0.615210926837046,0.60048887174174,-0.144903100810401,-16.9057154825596,4.31737077544126,1.35602758200492,634.438903922398,633.202042751024,0
2.74,0.869983418543279,1.32168197631836,0.0202648398316849,23.3310758488528,-0.952131396541647,0.256515106571061,0.831553854163692,5.44016371582932,22.7079341465968,-0.275926303978301,636.802076478107,651.459513039583,0
2.75,2.38353807284519,2.91366267204285,0.0756160269890342,27.255853220558,-3.7024235716563,2.27723951147168,-0.70792071281493,27.2571204838027,-3.69308245453893,-1.84047998620001,652.843194811925,682.875380138267,0
2.76,3.71041819465056,4.24299716949463,0.0897350353076276,27.3822986175305,-4.30640269380418,-0.45704518395299,-3.68325470957154,1.57124716497076,-27.6742942834571,3.04231630580062,681.244495563393,724.289955797811,0
2.77,3.98289979149367,4.59999990463257,0.107485968597557,31.6123252971431,-5.21636219543711,-3.82282794750881,-1.12295612838225,-28.474724040327,-14.688078025174,1.883489773727,717.205032449051,771.261089924677,0
2.78,4.00680596585924,4.59999990463257,0.170008498865034,30.421075171318,-8.23986062263283,-3.25552673939475,2.34199542843646,-29.9498094622992,9.81560139937255,0.989579210116814,753.093870993501,818.578838661536,0
2.79,3.9881211091448,4.59999990463257,0.0797238381364929,31.3595931402422,-3.73244678263303,-1.32864446120317,3.76113942406921,-14.5280267330707,28.0408929984388,0.359560057128477,789.069502888271,860.869688082706,0
2.8,3.92814095703758,4.59999990463257,0.171241938473687,34.3630515294195,-8.31128705740908,0.201345799013505,3.92671300823831,-8.04765282307204,34.4257474429169,-0.00766499626443242,824.851850453658,893.236859380812,0
2.81,3.92563048707654,4.59999990463257,0.100911508509578,34.4931355555901,-4.75894143250247,3.69037544938426,-1.34234380700192,34.2189009018848,-6.44133100230775,-1.89396029999811,860.479372478008,911.875318056895,0
2.82,2.04526787398437,2.7573778629303,0.149902732744428,36.384725255434,-7.31786272479449,1.98596798017857,-0.511392889413071,37.1061949957098,0.727763500539327,-1.74966250542119,889.910242664709,914.593696166758,0
2.83,-0.136811285834802,0.442181825637817,0.0130744903341288,29.7329904819207,-0.7296552994042,-0.134658679130148,-0.0274829104025191,29.4887083464974,3.87288005354493,-1.46474471763084,898.868462245348,901.173670248425,0
2.84,-1.96358623808056,-1.49637448787689,-0.0665609857705701,24.1476291789669,3.19715740702501,-1.84193825471763,-0.683640801162344,23.5543683936449,6.20657232509647,-1.18151798942931,890.014177059473,873.50417656062,0
2.85,-3.47308949089548,-3.03076505661011,-0.0912322307187569,22.9066593028345,4.37837833645251,-3.00559872164894,-1.74271347504769,21.802862066549,8.27770759209873,-1.01908315324474,866.635349474485,835.446095140064,0
2.86,-4.48207039328666,-4.02943515777588,-0.124356425243689,23.4253273224899,5.98197656715538,-3.99104084710646,-2.04352941931453,23.419801843438,6.00357272212845,-1.06983354770376,832.672457678509,792.413426845603,0
2.87,-4.75864504826519,-4.36095523834229,-0.132597676758727,20.6809090657777,6.38963915747425,-4.70624248162949,-0.716635572216835,21.4880433877237,-2.60604676032492,-1.39182636592821,793.529929922199,750.697192192457,0
2.88,-4.32141309555344,-3.97305917739868,-0.1210610484033,18.2168253691647,5.8474286362098,-3.87476177303416,1.91715625917515,14.1020330576839,-12.9297258991133,-2.00225265806424,755.079370630286,716.602755091473,0
2.89,-3.26110249972935,-2.90664267539978,-0.054980136716247,18.5249086045826,2.56440235844522,-0.806620136419155,3.16024940229367,2.40963203349397,-18.5456752836692,-2.87483113552017,722.883854650983,695.511990755279,0
2.9,-1.7312816356686,-1.34257328510284,-0.0717036342836683,20.2403121219967,3.43989417095642,1.29292958540228,1.15360764576364,-16.926461394059,-11.6188644616699,2.34070219187495,702.309614053854,691.0096765257,0
2.91,0.113197368901934,0.549738049507141,0.034155480770501,22.6351502997383,-1.67529905528668,-0.0913688829717936,0.0750464417375757,-21.5398304013667,7.15488380735467,1.17621474871383,696.88156094329,704.220723762152,0
2.92,1.92349893015449,2.44168066978455,0.0764507805758124,26.720739489082,-3.76532595010599,0.0162858484155478,1.92494873368033,-4.59876219325988,26.5899790267644,0.0312645703067511,707.70975690845,733.486506647795,0
2.93,3.43362319013068,4.05897235870361,0.167560149733727,32.0829681628276,-8.15427425556536,2.94288109712547,1.77687801037763,22.0739729145454,24.6687809698798,-0.978834633740921,733.228638350588,774.464368230592,0
2.94,4.00825052995965,4.59999990463257,0.0935289756444642,30.4071566604738,-4.41302213543088,3.91934605595121,-0.844716801008809,30.6948604905054,-1.37676432653315,-1.75974429331417,768.361559746968,820.669551360821,0
2.95,3.9838714554561,4.59999990463257,0.167559608271294,31.6304623716017,-8.12579763643496,-3.26514537111798,-2.28869694398116,-20.175768747739,-25.6798187787095,2.22419293068166,804.263777725774,864.403388999588,0
2.96,3.95473139789901,4.59999990463257,0.148471619697198,33.0919472309304,-7.15451609866716,-3.70399395367649,-1.39369043998722,-27.7440284955943,-19.4044570904836,1.96820242758138,839.98630994355,897.938993577175,0
2.97,3.58049822018429,4.25926494598389,0.193048438768717,34.7714635247404,-9.37683227703635,-3.36982906365305,-1.22535190301116,-28.3168178892848,-22.2516849660673,1.97342120687908,875.220914769868,914.780141387266,0
2.98,1.0809741258569,1.7323317527771,0.0422395627181782,33.4053875664243,-2.114348350004,-0.900976717056182,-0.598773911216388,-25.8403719164536,-21.2759386779418,2.1964106741312,896.288607763629,910.782725573383,0
2.99,-1.34037885702342,-0.833420932292938,-0.0255311418061126,26.1892679681072,1.14911811965182,0.828907330920011,1.05365077530669,-16.7144171016646,-20.194714410207,2.49405949080157,895.625557267381,884.9384611692,0
3,-3.71220164065811,-3.24631929397583,-0.143100150751583,24.1388565970048,6.93911184396508,1.68708731370738,3.30978172542806,-16.4247999747107,-19.0016214251458,2.70872274636414,873.963456855474,839.668225223022,0
3.01,3.89413937826812,4.59999990463257,0.259772313912175,36.1418950482669,-12.6869450041786,-1.21516297816954,-3.70879793045399,3.35047033760884,-38.1571683925288,2.89158163755223,898.968226365422,1744.02075267354,0
3.02,3.8440527659987,4.59999990463257,0.102844484310077,38.6510296249342,-4.93039630208524,0.61327430775051,-3.79621038394718,12.0269132323237,-37.0616278226593,-2.95467954025963,934.522997290526,1714.94687424872,0
3.03,3.79920858656237,4.59999990463257,0.152666904692622,40.898161694815,-7.30965390958657,2.83760639570558,-2.53086605948407,36.2328652670551,-20.3290468254809,-2.25895692611002,969.55871960125,1705.56890012779,0
3.04,3.83794113254812,4.59999990463257,0.20264725883667,38.9664789472192,-9.87446572769534,3.75672011001746,0.811117786396723,35.0121664106174,19.7494242495,-1.30539738344902,1004.78038843533,1718.04160470961,0
3.05,3.8246645052238,4.59999990463257,0.256636936282264,39.6353028757061,-12.6220327672157,0.620202268309646,3.7827596065527,-8.7847301131924,40.6583504592106,-0.0955090488109616,1039.69381939228,1750.36167245498,0
3.06,3.79501195675197,4.59999990463257,0.301613511535279,41.1229108059158,-14.8780399792459,-3.65802433132368,1.05448776838568,-43.267607703246,-6.3532661217165,1.36944778377906,1074.41014661997,1796.79365692617,0
3.07,3.78788032868712,4.59999990463257,0.382472192928287,41.4844601741135,-18.9190718499609,-3.55776652650248,1.35521943083648,-44.9789214872794,-7.46915908538235,1.30747842119679,1108.93218194074,1849.09025475185,0
3.08,3.72597734484891,4.59999990463257,0.288970962477079,44.5845732706443,-14.213593806676,0.222776900962759,-3.73052031811646,20.1714117749975,-42.2246914687381,-3.0045452981292,1143.21290296292,1898.24274405276,0
3.09,3.69601001921253,4.59999990463257,0.305832206415991,46.0878682599665,-14.9694696105303,2.82408859527704,2.40386085425651,21.9025126285167,43.2256470365255,-0.783048200979938,1177.15711778581,1936.38319286246,0
3.1,3.53747999200845,4.59999990463257,0.186639873801582,48,-9.03131570394785,-3.53529063292289,-0.224319587019201,-46.6309944146021,-14.5297977704346,1.68687471625659,1210.9607226246,1958.4273978209,0
3.11,3.71343223856468,4.59999990463257,0.0145524744009047,45.2263958254684,-0.390099372575205,3.53355141126822,-1.14184289149037,43.2079345887469,-13.3661305341898,-1.87942898782767,1244.56574978391,1963.10351641712,0
3.12,3.72061583385316,4.59999990463257,0.448018016171141,44.8719128718587,-22.1748138109329,-3.07650846101277,2.13981261218116,-50.0311779793686,1.44643089221717,1.08291279538552,1277.96559674702,1953.14398578227,0
3.13,3.5127315143894,4.59999990463257,0.223264558841022,48,-10.7662270451672,3.11052647643949,-1.64734780625946,48.183163104974,-9.91435514733876,-1.99437253893566,1311.00495179556,1934.59906455461,0
3.14,3.51517652031177,4.59999990463257,0.227313092766864,48,-10.9549012669106,-3.46433942578367,0.637565333166132,-48.9528718669037,-5.2560629515125,1.45337249877422,1343.83208264958,1915.42031101574,0
3.15,3.51015439724995,4.59999990463257,0.221768846587551,48,-10.6676805312791,3.28458069282203,1.25773406815221,39.219165150737,29.659003570529,-1.14200422669246,1376.50250977565,1903.62062508477,0
3.16,3.56064472739785,4.59999990463257,0.340408246277883,48,-16.7003668963426,-2.82074557874038,2.19942334008183,-49.459237535494,11.6912820888061,1.00385047490228,1409.06458640902,1905.41001205134,0
3.17,3.49319657306885,4.59999990463257,-0.00328882112599638,48,0.435872861681783,3.13463282052459,1.54159339481408,43.284870389622,20.7511440770185,-1.11467659096246,1441.50564021883,1923.71296051164,0
3.18,3.49300405062856,4.59999990463257,0.35574436851853,48,-17.3961168063609,0.152282767790848,-3.50776870846328,24.1438271965412,-44.9855586632434,-2.99671202346962,1473.59227987312,1957.39267311943,0
3.19,3.60949866810102,4.59999990463257,0.457889572842756,48,-22.6464816037278,-3.63245140562352,0.208423323370623,-46.3278442809189,-25.8958292647853,1.63966386745656,1505.61871935563,2001.35652744555,0
3.2,3.53849147754578,4.59999990463257,0.0334714604524867,48,-1.20855830990913,-0.76223665616118,3.45558063939089,-11.9599311721335,46.5018350126775,0.22656371632677,1537.36804226234,2047.52835377685,0
3.21,3.53397722803868,4.59999990463257,-0.147445756962691,48,7.75628042779078,2.79682252407918,2.16529884042494,43.6349773311808,21.451075483105,-0.953684659480901,1569.11374110111,2086.48685345265,0
3.22,3.49622327763092,4.59999990463257,-0.0869482561349866,48,4.66828666477058,3.33404811024434,-1.05605890217798,43.8649792308894,-20.0413696502539,-1.90241222397634,1600.64765902,2109.42570206404,0
3.23,3.45640793110814,4.59999990463257,-0.0629701201299224,48,3.45592907579261,1.77467046635332,-2.96669273065306,20.8891674124897,-43.3541939215791,-2.62071536135066,1632.00339075824,2110.02046977469,0
3.24,3.5214103876802,4.59999990463257,-0.111523876957884,48,5.92753500657732,-3.48554700920231,0.513547213247795,-46.1928625418948,14.3302170758091,1.39285293784384,1663.24455383546,2085.80562617426,0
3.25,3.52087304650982,4.59999990463257,-0.214918469370848,48,11.1950912891871,-3.27908727712424,1.30012445062694,-38.7072288156969,30.5136118213252,1.13235409816762,1694.26829905846,2038.76779377946,0
3.26,3.39976008934107,4.59999990463257,0.227435286106538,48,-10.8663804385315,-2.92517326370668,1.74741433316155,-47.696122701304,12.1308739626232,1.09910991594067,1725.15600265249,1975.02712665438,0
3.27,3.71309918320414,4.59999990463257,0.768859997732449,45.3108963058971,-38.1323377123821,-3.35774223672325,1.76176568026205,-54.0607187350681,-24.178320729587,1.29177560985827,1755.96006569699,1903.67181350517,0
3.28,3.36766203681879,4.59999990463257,0.246028205048677,48,-11.7890730632487,-3.36936841266228,-0.221436157082889,-45.9118284061551,-18.3053614029984,1.70934885607507,1786.52186424886,1834.98996178163,0
3.29,-2.0799370457488,-0.978541910648346,-0.323293048031695,48,15.8089971240367,1.77933979151402,1.12454720466448,-46.5538800592947,-19.6636884000078,2.28861545406401,1791.28954771672,1778.47021069036,0
3.3,-3.54374225105785,-2.52688550949097,-0.411129874810816,48,20.0556304593613,2.72678276817547,-2.3003896737457,-28.9312126567828,43.2343988894314,0.985512712868494,1765.76078356727,1740.99023074881,0
3.31,-2.6077626826939,-1.61610019207001,0.203167083862678,48,-10.5917178714008,2.54642820418951,-0.597834821772976,-48.9505607419118,4.47516374222801,1.26244714445044,1739.77902659495,1725.57067204727,0
3.32,-0.902879163543824,0.25169375538826,0.151327710237384,48,-7.62935563539745,0.915388364822108,-0.012449955646239,-48.5907421647898,1.070907692702,1.39113421978704,1726.54929022306,1730.9501536352,0
3.33,0.945160770209157,2.13906812667847,-0.12944851726467,48,6.44681143011385,-0.952939298593258,-0.0446373538751647,-47.2337518672805,10.7020587811703,1.48149145750903,1729.34881171824,1752.06078074351,0
3.34,2.46608143291512,3.49304723739624,-0.32478422323496,48,16.5959083219265,-2.43472469338659,-0.509075724077096,-49.1108328342263,12.944121111859,1.64596955412282,1745.9505610055,1781.29124315474,0
3.35,3.01389986937799,4.04130363464355,0.385508245259435,48,-19.0627633337974,-2.93075505270119,-0.801800380934131,-36.9947803590788,-36.038523445112,1.96506259124602,1770.37279982503,1810.25704778567,0
3.36,2.61790082548801,3.75464725494385,0.366293737955329,48,-17.9456323852288,-1.9159998485178,-1.82113163034302,-15.8270381614287,-48.7396202769621,2.46983101202564,1795.39907880477,1831.69073039977,0
3.37,1.68297697986074,2.7945659160614,-0.203145342283887,48,10.277727951464,-1.68814078211107,0.154467616691136,-44.7754214013297,20.1194763892516,1.35942399798187,1814.68987043053,1841.04174137809,0
3.38,0.364599199690146,1.49919188022614,0.0895142066853179,48,-4.6080645574412,-0.355802974486549,-0.119789870021304,-38.058017274994,-29.61117323008,2.13630322295814,1824.02189124907,1837.44090485219,0
3.39,-0.913412244387661,0.255721598863602,0.198619247397929,48,-10.01217131611,-0.0125531334216041,0.934673179499403,0.242894872775651,-49.032484910964,2.94090796899305,1822.39202386309,1823.82371882918,0
3.4,-1.64710289213303,-0.557813227176666,-0.323766470113924,48,15.9199066440901,-0.597120251586787,1.56882760990109,11.8995050263451,-49.1512482820582,-2.58381517460259,1812.0904985466,1806.19017988809,0
3.41,-1.81349567302629,-0.647338926792145,-0.154319093203753,48,7.29660528423966,-1.65315656146901,0.761350327959667,42.6646758592402,-23.1725243014213,-1.91749314851564,1798.15965797588,1792.16671731707,0
3.42,-1.0946351054163,0.0815315023064613,0.171594161889543,48,-8.68696813831245,-1.02908201230194,-0.410683311519863,44.8670026451385,19.1419823706216,-1.34657940192226,1787.27246348645,1789.1877069287,0
3.43,0.394238634537229,1.54045879840851,-0.251764603377197,48,12.5357646714495,0.417793669571763,-0.210375773655658,13.7356641623577,-47.6705037304713,-2.60559806425274,1785.77553125986,1802.69717060193,0
3.44,2.27830596068371,3.45191407203674,0.246784684489597,48,-11.976348298016,1.91596060163087,-1.2572492608802,48.1878049191324,-11.196802026964,-2.04361754475806,1798.80678396109,1834.76772407009,0
3.45,3.457124463855,4.59999990463257,0.460886718093613,48,-22.5738183579273,3.46663611478864,0.382831781782709,41.1741906887106,33.4404440219683,-1.32827521394763,1826.41794646179,1883.44434125266,0
3.46,3.5003911776576,4.59999990463257,-0.223726559846029,48,11.6111021259581,1.14210141139266,3.31638302014388,29.2072672851673,39.8215171774284,-0.395488764997358,1856.57058283412,1942.96429066343,0
3.47,3.54655304997041,4.59999990463257,0.796099493460158,48,-39.4749347150905,-1.8530459002256,3.12698478272586,-61.6484004529298,7.85781091372531,0.755770499147087,1885.93819167606,2004.81527247942,0
3.48,3.22432521378323,4.59999990463257,-0.32356007155356,48,16.5385480715826,-2.57736010374089,-1.96422480887163,-49.5525529869397,-11.0484417359457,2.12198627011398,1915.19914943782,2059.41209981121,0
3.49,3.028771082468,4.59999990463257,0.662137548439043,48,-32.7741016390262,-3.07408222075157,-0.402366627724459,-34.0696452663334,-47.089287631811,1.9161761720598,1942.73544359305,2098.03737333396,0
3.5,3.17735630043232,4.59999990463257,-0.288773941495154,48,14.9638434644756,1.89205801110281,-2.56887133422545,12.0485560454587,-48.8134091049659,-2.5974023764136,1968.35673943389,2114.63261972263,0
3.51,2.45891494225895,4.59999990463257,0.0606111090236896,48,-2.68539569691711,1.51301199521229,1.93926045237486,26.4274163717243,40.1597187983748,-0.637906402272413,1994.3315675173,2107.0561365542,0
3.52,2.17194043609787,4.59999990463257,0.736428929004825,48,-36.6594886726255,-2.09777216049764,0.926825111913379,-51.0724570616332,-32.2416227790412,1.48167082718277,2012.54410640297,2077.53608579208,0
3.53,0.16847182590584,1.21770465373993,-0.29746847909476,48,14.986770374371,0.341067144088319,0.0233121299420469,13.9411244005472,-48.3140594103061,-2.55803755264385,2025.3917077758,2032.21824507938,0
3.54,-3.73338956552345,-2.56159520149231,-0.319822998919579,48,15.2594602074756,-1.49707916603141,-3.4350019460303,29.8098541673426,40.5983216444387,-0.325551484962986,2007.3496355186,1979.90069785099,0
3.55,-5.03295319612169,-3.96658754348755,0.0824916379277358,48,-4.89660000177423,-0.36869998427489,-5.02010787396798,-0.57699670565628,48.2456605963587,-0.0897018408015277,1969.62944306777,1930.22129417896,0
3.56,-4.67461192174011,-3.75842046737671,-0.648188676798305,46.8575092879056,31.8185602151679,4.70382211253448,-0.382364633871875,-48.5845739539275,29.1133324191473,1.62746951748356,1927.95001597956,1891.68072281434,0
3.57,-3.66659486226499,-2.50685501098633,0.0684651197759489,48,-3.89201030681159,0.235442442899889,3.65966832003875,-0.0967859517117282,-48.1574332445976,3.05867632408461,1893.04207148254,1869.91937297538,0
3.58,-1.63211933622916,-0.681884169578552,-0.505301966913043,48,25.1220255434183,-1.27012631255587,1.14276977366946,33.053677637356,-42.9251739897454,-2.00322233376007,1871.4588441037,1866.61219420692,0
3.59,0.0569123604539617,1.19273388385773,0.316756757300146,48,-15.822080113146,0.24531768123796,-0.20831009418599,26.9901859701267,42.7301776313273,-0.881772374519337,1865.72455810232,1879.21398211315,0
3.6,1.64849903526832,2.67468976974487,-0.339705508152098,48,17.2232602459915,-0.739952801876978,1.51176015046827,4.71298298905861,50.7782284532062,0.251958848705912,1874.17073775933,1901.60610133584,0
3.61,2.26627371994549,3.38834238052368,0.510282025350315,48,-25.2644952962478,1.14808011656471,2.01947923115341,-10.1926818002351,53.2766736977196,-0.295467929639821,1891.84068535998,1925.50341819814,0
3.62,2.13469766947639,3.24238014221191,-0.327066102784354,48,16.6444417704141,-2.03494378074175,0.723125289890304,-34.389174106569,37.3954829640799,1.07732785893484,1911.08675208695,1942.31828620977,0
3.63,1.02624203587843,2.16044664382935,0.403634789641007,48,-20.0584989163617,-0.889795347669793,-0.651427662045179,-8.71338984888781,-51.2876224455666,2.57747772507237,1925.22833303632,1945.08144145859,0
3.64,-0.49051220540113,0.4789117872715,-0.504210224107602,48,25.2102603814741,-0.138934998498065,0.689584831572201,26.6742770784533,-47.2021204062236,-2.1436099934476,1927.156373377,1930.00833268857,0
3.65,-2.63053958308671,-1.46569991111755,0.103662959938099,48,-5.51169049409894,-1.45043731105592,-2.19697886065069,23.5261886814697,42.2006774617023,-0.622896839456343,1913.73691685411,1897.3760845025,0
3.66,-4.10781478654368,-3.2210590839386,-0.604513413763401,45.4171078542649,29.7330842243001,2.32747448446196,-3.43837771516529,-8.73017312435542,53.5775518342713,0.741174151585337,1884.81094473293,1851.52446661798,0
3.67,-5.43801786149093,-4.3906135559082,0.00645834795781464,48,-1.06128065346358,0.362273651579315,-5.42594118780549,-4.1998195683763,47.8276889700778,0.0654803939672686,1843.93691640676,1799.98210245105,0
3.68,-5.60776670279572,-4.59999990463257,-0.424546967255076,48,20.3826303352957,3.92074590017925,-4.03175384995382,-22.4683303231261,47.0598103680435,0.847003010676923,1797.77941021704,1751.90640161625,0
3.69,-4.81660478025911,-3.93748807907104,-0.595341335790831,45.0493316211626,29.211447979873,4.46991933134264,-1.89048514583042,-35.3378242691454,40.4226316377015,1.29365422137243,1753.75119191136,1716.17221539692,0
3.7,-3.30701417917136,-2.29621458053589,-0.00776363500589294,48,-0.157006892242329,3.28225711188809,-0.403969437864969,-47.6729768416935,5.59570640898619,1.45068309237742,1720.00124623247,1699.51863892304,0
3.71,-1.13669239637807,-0.0313159078359604,0.208879604077937,48,-10.5765825558217,1.15521043342332,0.0344840179413997,-49.047681617608,-3.19202545382557,1.41890492471695,1703.03057726079,1705.14986199769,0
3.72,1.18606487974938,2.41537857055664,0.101562723098127,48,-4.86181581542482,-1.12938360786586,0.376241348049262,-47.8052566916419,6.50343645078047,1.33464259519077,1705.97720776866,1732.08753453387,0
3.73,3.45207661154003,4.58113098144531,-0.144922409829539,48,7.5780920041157,-3.39701096174099,0.630992838805724,-45.088297251357,18.1238221519665,1.34518344184,1728.53800621466,1775.41002049931,0
3.74,3.52222778796989,4.59999990463257,-0.0108428366736852,48,1.06502612022285,0.753621832163599,3.44067730127961,11.4540610168487,46.6255162637269,-0.218706142594735,1759.21226136907,1827.32307430975,0
3.75,3.67782449725047,4.59999990463257,0.813842807192267,47.2244060592466,-39.3692371797183,-0.0204194997169531,3.76673813682682,-48.845664364002,37.3387524778317,0.223195412427682,1789.89412582634,1878.82793917517,0
3.76,3.3421975824349,4.59999990463257,0.149959234566923,48,-6.96543577923892,-2.49990679272539,2.22333948819137,-41.6519016662643,24.8522913064078,0.888724255734388,1820.15498861372,1921.62501470156,0
3.77,3.52956074143236,4.59999990463257,-0.112179384533075,48,6.15403884837406,-3.4333091791654,-0.826299777340749,-48.2498977137297,-3.71746751995492,1.77520404625389,1850.15325632788,1949.84152675826,0
3.78,3.44040249465804,4.59999990463257,0.51323596756402,48,-25.2140120185016,-1.38635753423844,-3.19026539192447,11.9287665310239,-52.8909342999107,2.87974061567848,1879.71694606974,1961.21069454561,0
3.79,3.51279402174952,4.59999990463257,-0.510257060031222,48,26.0342482967184,3.31216940772159,-1.27656489106667,29.0845228858607,-46.2155018676312,-2.08291577193474,1908.64770953437,1957.44926661631,0
3.8,0.754637369153707,1.91695892810822,0.388807381725204,48,-19.3395874202418,0.258907600706738,-0.808464961085833,47.6219604174242,-20.2526177958913,-2.3559140505104,1927.22486611845,1943.75425001588,0
3.81,-0.676409653186808,0.255628019571304,-0.524401104588493,47.7299995578731,26.206142011281,-0.849784106540004,-0.101948563942498,52.378855540228,14.8785156922968,-0.791917368886766,1925.85520413894,1927.53070156578,0
3.82,-1.23683544282043,-0.0579126439988613,0.143368372927307,48,-7.28708674228783,0.929481947408038,-0.828480363325036,-37.3590436116271,31.0065072785402,0.727388391039195,1916.98360168413,1916.62941848087,0
3.83,-0.436045046708199,0.629558563232422,-0.195122255592421,48,9.77900624691213,0.468854321140073,0.0915620168765992,-44.8743708227547,-19.6448417259863,2.18441572925735,1910.18663086747,1917.4802527044,0
3.84,0.750736244962692,1.98765444755554,0.0824424426575743,48,-3.94583164851842,0.273432978947887,-0.704014255449216,25.658654760377,-40.7578584236983,-2.6617565152046,1912.44439495476,1933.53048281878,0
3.85,2.39341734255877,3.60828900337219,0.304854985167699,48,-15.0178397718751,2.31826749299304,0.668594771572777,38.1185635001273,32.8102213967001,-1.16332277904799,1927.30136604846,1964.33299118262,0
3.86,3.1957144794103,4.59999990463257,-0.124506417099398,48,6.52556731575799,3.03738986236603,1.00117716005094,47.9377944940964,6.96784671432106,-1.29133438804764,1953.72443255793,2005.48970435461,0
3.87,2.57530799256196,4.59999990463257,0.688606401779894,48,-34.174412899423,-0.79925987647792,2.54314248184766,-54.5806504643308,22.2000696375212,0.565781756927655,1980.43096754106,2049.47171231809,0
3.88,2.68062620779356,4.59999990463257,-0.136198708742708,48,7.29461211087225,-1.2866872257761,-2.35557698604768,-31.3341317917026,-37.0861638715613,2.59088346128597,2000.61847802793,2087.14819232566,0
3.89,1.65814895927425,4.59999990463257,-0.102488919934684,48,5.19471999589046,1.65091838626605,0.185554390248183,48.2001811077292,-2.77986636689836,-1.52060210534265,2019.06078458362,2109.70240820497,0
3.9,1.84698295007395,4.59999990463257,0.350569155588901,48,-17.234861896427,-1.03876661976152,1.56691054638847,-45.8546007922738,22.3247855705294,0.772992765214439,2034.96816018968,2110.52775787554,0
3.91,1.27799509163699,4.40527105331421,0.374436036085171,48,-18.7384825301551,-1.19141567046747,0.594981091743221,-50.5609344611077,-9.93592642648374,1.39264738301814,2047.99091674648,2086.69854642303,0
3.92,-1.53943595616265,-0.581876397132874,-0.612160017095747,48,30.4628728829422,-0.556581430194912,1.5603909962632,8.81043271450433,-56.1637151519154,-2.42048650450778,2049.67870146064,2039.69866945924,0
3.93,-5.25625212312874,-4.1347017288208,-0.375191166317401,48,17.7953188745112,-0.681157453844267,-5.22541666436758,20.5649308208834,46.8802409782396,-0.0583646429518515,2018.58041533468,1975.24788688968,0
3.94,-5.69359060826328,-4.59999990463257,0.0491978911803579,48,-3.31501794660558,5.15316328411506,2.4216322210957,-42.2331291934582,-23.0510768189903,2.00146015287311,1971.80094410709,1902.2564463256,0
3.95,-5.50487023651953,-4.59999990463257,-0.655669328313102,46.3981837394156,32.0797995441336,-2.44177844899555,4.97706907677902,-1.7077612824819,-56.3825198488895,-2.56694004638586,1924.81379647725,1831.12364117186,0
3.96,-5.70306361939385,-4.59999990463257,-0.0264241862585227,48,0.571897651080513,-5.31628498337695,-2.06464206582976,44.8726995125815,17.0519179383694,-1.19572965758039,1878.08453618747,1771.7349440406,0
3.97,-5.56958983492588,-4.59999990463257,-0.541697317093865,48,26.3662333061311,-4.98135980555847,2.54947473025776,34.9611932603182,-42.1532113197561,-1.94688678775621,1831.622937305,1731.57591603371,0
3.98,-5.59094794821996,-4.59999990463257,-0.400237332674314,48,19.1530113309997,-5.44109649318954,-1.34660975563517,51.569045145737,-3.38694933566173,-1.25671790104741,1785.33281391778,1714.35559408429,0
3.99,-3.90525252395102,-2.8165545463562,-0.0181128377846751,48,0.458036127963379,-3.07275662785374,-2.41028879114087,37.913825786338,29.4406455659133,-0.900998463412389,1742.66792607184,1719.42300767707,0
4,-0.146266219214396,0.99220609664917,-0.174754602173296,48,8.58657652603319,-0.227427086207915,0.0144878681315875,39.3066473209149,28.8568323422139,-0.760504320169242,1729.44015347774,1742.09126239176,0
4.01,2.24591586904676,3.27198505401611,-0.266596222402119,48,13.6711621795864,1.08477482975014,1.98455919674261,38.9660271645144,31.1857243359021,-0.618384652667398,1741.03179242801,1774.7905044717,0
4.02,3.30871419118674,4.30720329284668,0.450511962227681,48,-22.2679752305628,1.51591027068813,2.97532631459021,-5.20249435085845,52.6573525103403,-0.33588673142147,1765.96589973945,1808.79538840283,0
4.03,3.14189874608252,4.27647542953491,0.383467445574195,48,-18.7260698576277,-0.0850335755298649,3.16407084362577,-25.6136318899202,44.7057888166669,0.14831719668478,1794.53161566209,1836.15196957636,0
4.04,2.31485460439241,3.42914748191833,-0.244909450600471,48,12.4663294011473,1.74149754540089,1.54457721653299,46.307108536951,17.7499596530514,-0.950659226597636,1818.82633467542,1851.3889668874,0
4.05,0.993434985236088,2.09999895095825,0.175532136191328,48,-8.81974881116693,0.297041998815344,0.964100955121766,-2.81592113918157,48.7222593608916,-0.123986649860304,1833.40683004126,1852.64747502259,0
4.06,-0.476623575982824,0.711526691913605,0.16573070943294,48,-8.28624852437405,0.450032532751879,-0.228270498962808,-39.2695336281718,28.819535791431,0.766739958083773,1836.29260617365,1841.99071512731,0
4.07,-1.3274388733959,-0.330157399177551,-0.389119756726136,48,19.3028820483712,1.35067468836185,-0.29864030855834,-49.1933493028726,16.0192271891904,1.63834017428623,1828.79289691901,1824.83374927692,0
4.08,-1.75360369873138,-0.705605387687683,0.132255262887336,48,-6.98617186078521,1.04408103382243,1.41510147395092,-26.0281608266106,-40.9309350156153,2.43065998735764,1815.45875889286,1808.62382053656,0
4.09,-1.47319454502315,-0.259671449661255,-0.0706080141518912,48,3.24536016725905,0.0972907934544776,1.47167325200176,-4.11459016304202,-47.9333131590695,3.1234716030163,1802.79756441905,1801.06406616955,0
4.1,-0.0391151081584431,0.952676117420197,-0.419611265559062,48,21.0260193551677,0.197248158062341,-0.372420152531168,-52.3939829340597,0.981856521776045,1.96492398254527,1797.33546774162,1808.27193401673,0
4.11,1.75306464288674,2.71544289588928,0.589043590660276,48,-29.3817055721116,-1.4185773775529,-1.18652695617618,-0.0450471305033489,-56.278615770844,2.59150941341456,1804.68511466375,1833.2775412608,0
4.12,3.22761181338323,4.59999990463257,0.0749539171310352,48,-3.29957310301631,0.527082730872775,-3.18516560046726,12.1757362700258,-46.5471656381452,-2.95437978159862,1827.6890055915,1875.19350742318,0
4.13,3.47535170086648,4.59999990463257,0.0250287607132446,48,-0.686781248578837,3.13040581525574,-1.50972027720086,43.6775534824885,-19.918408326665,-2.01296297292972,1857.43505117962,1929.24238005247,0
4.14,3.40011116650978,4.59999990463257,0.415120773018652,48,-20.246948339015,2.83565911757181,1.92148863378058,22.8750750190122,46.8045922951723,-0.853762424384842,1886.94842401771,1987.64199271116,0
4.15,3.49585147472359,4.59999990463257,-0.0964287870438074,48,5.38860817934254,-1.81668291464975,2.98830039184777,-19.1142436375525,44.3585706293019,0.518654538068897,1916.25792197017,2041.16298209638,0
4.16,3.35357097785642,4.59999990463257,0.29475608337894,48,-14.1756572842712,-0.794916320803164,3.2713036384797,-28.8031634093526,40.9307590578924,0.326044545982167,1945.40303382053,2081.02636037151,0
4.17,3.45438257043466,4.59999990463257,0.493246487339299,48,-24.3522084678359,-3.19674814556393,-1.39887538187965,-27.9943196293209,-45.9711662431177,2.12511491930568,1973.92781075534,2100.73406488726,0
4.18,2.18042618475412,4.59999990463257,-0.332699338521988,48,16.8736613795257,1.99582791026759,-0.938945232487639,30.4504765515701,-40.761365606824,-2.16194566665933,1997.29304537018,2097.43803270866,0
4.19,2.03237400055891,4.59999990463257,0.266153759972114,48,-12.936877933654,0.285549873420073,2.02973968081744,-12.4779098184617,48.1213526122511,-0.00954969139917675,2017.50510206351,2072.55098297184,0
4.2,-0.317573851745578,0.722992420196533,0.257614460325736,48,-13.1191700880037,0.0783088280436212,0.401355315066186,-28.4008972757306,-40.859535701368,2.2673722184104,2028.63941789648,2031.46386281328,0
4.21,-3.46389769825745,-2.53030776977539,-0.615475159006383,47.9072246494111,30.3227496420159,-3.27816479487058,1.27711883277099,41.0984793364825,-39.0574745175649,-1.76644322558248,2009.34800804302,1982.4261396557,0
4.22,-4.99045862328317,-3.79184007644653,-0.151212542071388,48,6.62422595299193,-4.99092103535263,-0.135091533619504,48.3007836128433,-3.86195182020416,-1.51344441669071,1972.60484425725,1934.82475484342,0
4.23,-4.78610525848248,-3.6332368850708,-0.371576928957668,48,17.7286456671819,0.733195904461183,-4.74418557026268,6.2775148247821,50.7828483330458,0.230814303408093,1932.13024652677,1897.22698909035,0
4.24,-3.56176595928104,-2.44556307792664,-0.295669090296135,48,14.1471758877225,3.57068348801619,0.15432559106732,-49.3974339140176,8.00225645105344,1.69681167090567,1898.05686905476,1875.60386611558,0
4.25,-1.75279720983937,-0.6751509308815,0.090450034674533,48,-4.92778298044245,0.232213721112031,1.73969999003294,-3.94978315976515,-48.0903551462575,2.95734030933175,1876.83697587087,1872.11290295252,0
4.26,-0.00718290897827289,1.20377361774445,-0.153812077299634,48,7.52951989805184,0.0801016704884419,0.131504645125485,35.5717885404334,-33.0959443124056,-2.16455765123209,1871.11930930297,1884.69999869336,0
4.27,1.59232308187835,2.72404313087463,0.213086967507002,48,-10.6132937604451,1.44907982718983,0.693589581262157,34.3533446739535,35.1637556890338,-0.991350057217021,1879.67030165113,1907.60545752611,0
4.28,2.11386126671658,3.50522422790527,-0.0566827207168329,48,2.97067601462393,2.10393839260108,0.21228665971201,48.0884099057292,0.574237513946422,-1.4970453594577,1897.87470110617,1932.66596640699,0
4.29,2.31050086670331,3.42447137832642,0.321111475452123,48,-15.9151134873311,0.497452271860937,2.27904981778025,-12.1850954527416,49.0796728404153,-0.0768066897490736,1918.12673973958,1951.13415485573,0
4.3,1.11681367657488,2.37090277671814,-0.222902100553099,48,11.153412425428,-1.13239149254894,-0.121027444071494,-46.795169554461,15.4470293293221,1.48027094672275,1933.75364990417,1955.62660959406,0
4.31,-0.353020555737048,0.65207439661026,0.42340272214303,48,-21.3693903212432,-0.412348735278356,0.365871423324318,19.8835001516267,-48.6343218768588,3.11084223174795,1937.2557818608,1941.78363002896,0
4.32,-2.47992765314246,-1.38605260848999,-0.373732523965365,48,18.2860069198097,-2.47916984537886,0.378726869992511,47.9630707056153,-18.382652081772,-1.57281054181693,1924.89937664841,1909.28550653423,0
4.33,-4.33473919393715,-3.29320979118347,0.13991951521725,48,-7.66492009416546,-0.403092435726153,-4.31822392175926,-1.60399069254259,48.5816654089604,-0.125344534039472,1896.01056336665,1862.00751257122,0
4.34,-5.61050287833527,-4.59999990463257,-0.444180031307875,48,21.3692066131732,-4.04229533861816,-3.91597840180547,47.7656472075831,21.8880318465868,-0.722264641756683,1853.81218676049,1807.27969476396,0
4.35,-5.56443454428716,-4.59999990463257,-0.514557645618674,48,24.8272371431693,0.215979600355184,-5.58399983708375,18.3511207277551,50.8294016509984,0.130869371721324,1807.45888775563,1754.40854509295,0
4.36,-5.62657152188532,-4.59999990463257,-0.0846222452097416,48,3.54567106996495,3.31617678620494,-4.5462555513203,-26.0340852758681,40.4820724171233,0.645244660739468,1761.5249906243,1712.77486598845,0
4.37,-4.32571910083365,-3.24792551994324,-0.288437418914874,48,13.7205068757103,2.99658892868821,-3.13296930664994,-26.1497273365883,42.5258047442785,0.829733293687701,1719.61976007488,1689.9119735811,0
4.38,-1.84718538163488,-0.832333922386169,-0.32953721233436,48,16.2233601946063,1.04686600491017,-1.55716414555503,-21.6956174114821,45.7875266982017,0.768428010784277,1695.58296970043,1689.97167467924,0
4.39,0.772098439457775,1.7972491979599,-0.235311301391583,48,11.9444001783993,-0.633848743398336,0.499743113277294,-17.5838960665538,46.2328378400286,0.607326552304528,1692.68834222293,1712.90161299815,0
4.4,3.1192878130867,4.19621658325195,0.342309898232566,48,-16.8117917089947,3.08451142571932,0.57699375378435,41.0618595626515,30.0093323771741,-1.27656949501738,1711.09849930065,1754.50470381731,0
4.41,3.61651627208106,4.59999990463257,0.651348866224676,48,-32.2094603986238,3.59814815234003,0.74617368324763,32.5011207137224,47.8029966793146,-1.18812390365805,1741.76608605618,1807.36234395295,0
4.42,3.38908593196728,4.59999990463257,0.273703400049703,48,-13.1552249860534,2.77507385755726,1.96463281316372,28.3754866076781,40.8887723490345,-0.87416472136921,1772.39975400958,1862.41849694271,0
4.43,3.508202020633,4.59999990463257,-0.198426853372216,48,10.3635721049287,0.969524231120394,3.377406904562,25.6122065525746,41.8977147620525,-0.336045595584713,1802.91085723302,1910.88121418687,0
4.44,3.52505993959336,4.59999990463257,0.552329945611704,48,-27.3169866068708,-0.949643023362788,3.43937408182416,-44.6723913541724,32.4745316822217,0.424820174211008,1833.2203209122,1946.03176389772,0
4.45,3.04986124664325,4.59999990463257,0.102566593443724,48,-4.70581310726303,-2.99201571032468,0.60001293239173,-48.1232937362689,3.20831372737661,1.40650073687319,1863.10032994209,1964.55344518224,0
4.46,3.39186704187868,4.59999990463257,0.283239378878088,48,-13.6009638083776,-2.29731960592203,2.51143568577344,-44.4695472259539,22.6151627461634,0.824213412151988,1892.63072672033,1967.09752141223,0
4.47,2.86309607561364,4.17586278915405,0.15407995482022,48,-7.21083833762581,-2.34836508084015,-1.64506571837184,-33.3282894428117,-35.2876934971321,2.23563204975545,1920.70726712553,1957.96973530917,0
4.48,0.12162284515537,1.3494793176651,0.0460781866352285,48,-2.46591572313809,0.0386870258889964,-0.124171775275794,31.529586028588,-36.2762449161912,-2.47741229216902,1932.42170620687,1944.01175402194,0
4.49,-0.826498826970365,0.381600439548492,-0.142725781704903,48,6.8472525876566,-0.729961039319324,-0.41307122972015,41.4802298670709,25.1052862595535,-0.884841339587035,1929.37454938885,1932.92649018937,0
4.5,-0.387810826662314,0.652697920799255,0.336732088622593,48,-17.0588023836259,0.504900134547956,-0.094136023487805,-43.2175661491742,26.9674751303371,0.671451169489367,1924.1577541968,1931.4169236635,0
4.51,0.621364277870057,1.74011504650116,-0.248590977949155,48,12.4347701553416,-0.351633513775747,-0.56942507155939,-45.9820425877927,-18.554656242318,2.20781840286064,1925.10925381532,1943.54878308214,0
4.52,2.04710673167232,3.20188641548157,0.557534688564211,48,-27.6467832982692,-2.09082970148414,-0.36044702690167,-31.8057175783426,-45.3513060017919,2.00741577618833,1936.59010237194,1969.69941463387,0
4.53,3.35072098193091,4.59999990463257,-0.238173365772635,48,12.474725487917,2.01427859325643,-2.68825954841872,15.4980160927134,-47.1108296805404,-2.56950974061632,1958.96165235765,2006.32864894806,0
4.54,2.66220040677771,4.59999990463257,0.115120777563841,48,-5.31616847455219,1.74851474806397,2.01078590980669,25.7438275300192,40.8597233391814,-0.672529286507836,1986.79005654867,2046.62965795673,0
4.55,2.32573328978333,4.59999990463257,0.769987667874734,48,-38.321647619972,-2.15859728931191,1.15860868564879,-53.876934173445,-29.4927896337322,1.39790430438348,2006.26956682977,2081.92691783703,0
4.56,2.18803488349604,4.59999990463257,-0.228051752736891,48,11.8295200364744,1.18612749193772,-1.85272929112471,10.9800839871559,-48.2014035057938,-2.67598545934404,2023.90787028804,2103.52555671706,0
4.57,1.46269037096655,4.59999990463257,-0.259009533669014,48,13.0298851856111,0.254973587560535,1.46339930623744,28.608062990726,40.6860742744844,-0.347762821043876,2039.39117683699,2104.61668017334,0
4.58,1.29494632485096,3.50801372528076,0.238424660744078,48,-11.6500124416709,-0.155278662348238,1.30752469961958,-25.3267057361199,42.4061406690951,0.300284223206138,2051.59950954961,2081.8283162551,0
4.59,-2.04665810330245,-0.987585544586182,0.280106261958683,48,-14.4608775740134,0.452295308481562,2.01561352042687,-3.21293120319645,-50.0279327305669,2.78483803674164,2049.56125068372,2036.08480983974,0
4.6,-5.07679966125315,-4.22929668426514,-0.759793352235097,43.7063192402716,37.3326032149394,-4.9368585917944,-1.40663000935804,55.2291325213365,-15.9282304502819,-1.14467004656736,2016.87543437552,1972.58330549907,0
4.61,-5.73477936720943,-4.59999990463257,-0.374548095338215,48,17.7151683066787,4.26340260257529,-3.85374868337918,-26.6333078582422,43.6863147983673,0.901042133014975,1969.75716055523,1899.88326458307,0
4.62,-5.6654360065796,-4.59999990463257,-0.284565072741995,48,13.3228590946757,3.1544070967478,4.71464296561897,-36.087660854171,-34.339180370692,2.60211694134928,1922.92185564969,1828.29370409338,0
4.63,-5.64192747021219,-4.59999990463257,-0.439029869815668,48,21.0868954551049,-3.82026836226723,4.17488232720221,20.6480159024328,-48.1904202018141,-2.32285998529005,1876.23642606816,1767.89261203822,0
4.64,-5.58632207414814,-4.59999990463257,-0.481463001878051,48,23.1746034997716,0.174323657167972,5.60432085099022,-20.5068745563693,-49.198885590031,-3.08671425917041,1829.74465040824,1726.59169522512,0
4.65,-5.71562430812062,-4.59999990463257,-0.134204347089443,48,6.01466365710139,-3.72160109283227,4.34005268910259,27.6195402193399,-39.7157044124906,-2.40928380370148,1783.69582042441,1708.65036375802,0
4.66,-4.16070945652575,-3.14188861846924,-0.347879478254921,48,16.7912052189983,-3.49164366353694,2.28931165198102,34.1898062707115,-37.6430832939829,-2.06771968527165,1739.8326606426,1713.94759385715,0
4.67,-0.0707917954934357,0.971805274486542,-0.23985306483458,48,12.0790844430136,0.023837705463902,0.248943236136156,40.0239313611452,-29.1202541091213,-1.95325897400236,1725.55097910117,1738.15939500035,0
4.68,2.51595589198989,3.46833658218384,0.445356534381175,48,-22.1038005069933,2.30928712992878,-1.09342098237594,52.1311887274423,8.655469872673,-1.83781268275086,1737.95299116766,1773.7974498495,0
4.69,3.45956725868761,4.59999990463257,0.425842287282216,48,-20.8115844840017,3.4600675160787,-0.421758290016966,47.9754004001464,20.868229565068,-1.5696159186017,1765.30000578589,1811.88218337396,0
4.7,3.3872005910873,4.59999990463257,-0.0915233236763958,48,4.90316223715346,1.01516779698982,-3.2327911635294,8.42258265593175,-47.5089581166315,-2.86433549605716,1795.88079044081,1843.89000699487,0
4.71,2.85378289731424,4.04739665985107,0.228786995279521,48,-10.9641868870431,2.25162006374434,-1.76822719206448,46.060037096773,-17.3978842603894,-2.15651895948508,1824.9956678884,1863.5582500299,0
4.72,1.41085214152063,2.58666920661926,0.366816214370167,48,-18.1206569002995,1.45594438876358,0.0726900074705588,40.3669238932125,31.6681174353317,-1.26654687345928,1844.26283565658,1868.16423042082,0
4.73,-0.0198920478342028,1.01604342460632,-0.320908551607436,48,16.0184170616853,-0.313696453963561,0.0705161458994174,28.7855964016087,41.617053295083,-0.283022970047659,1850.45193451172,1859.00980573898,0
4.74,-1.30882195530655,-0.257647126913071,0.207405335633931,48,-10.6956980224834,1.00148686445066,-0.867787960434262,-39.092252203516,29.8361152606176,0.699640691238114,1844.46139240571,1841.01480156483,0
4.75,-2.08316371978814,-0.89990758895874,-0.142202237939236,48,6.66133696033751,2.08689670372146,-0.0682254198449105,-48.2060673269098,4.95464256759213,1.6062725797518,1830.61723752766,1821.51492535492,0
4.76,-1.67971009092523,-0.720314800739288,-0.469571164219394,48,23.3545179633351,0.593441173907986,-1.6400459264707,-8.87053550819709,52.6378866321356,0.619783171953928,1815.04852964825,1808.5308480254,0
4.77,-0.759319632337917,0.281169295310974,0.329032013564187,48,-16.6200266046318,0.817850633952629,0.126288204307355,-50.6429173831821,-3.93956891789709,1.31510043199075,1804.69614807902,1808.88836642563,0
4.78,0.689305670404992,1.92145085334778,-0.130249775111114,48,6.45652703258302,-0.583067139318666,-0.390051307158068,-46.6888865791822,-12.8776788016604,1.97363216169253,1805.87593544229,1826.60070383707,0
4.79,2.7107631780076,3.83845067024231,0.073857713959294,48,-3.2310343402167,-1.2369306367086,-2.41323321896679,-17.8085076700632,-44.6911248177192,2.69518571056711,1822.20368933361,1861.86647917898,0
4.8,3.4776564943755,4.59999990463257,0.517338151092968,48,-25.3899430413374,1.04109126390688,-3.35825288441255,43.6856283832242,-32.2523655009241,-2.69330048584431,1851.11187999851,1910.9031593387,0
4.81,3.51298413596737,4.59999990463257,-0.279228651886018,48,14.4406850150916,3.51556829420898,0.244552138295832,47.8551758203357,-14.9136022110639,-1.58066357402245,1880.85294846255,1966.65475650789,0
4.82,3.35102581721792,4.59999990463257,0.652095410912813,48,-32.2035175140576,1.46211035580115,3.08493691346413,-19.3052795265241,54.4827745501363,-0.250398660058205,1910.38539350707,2020.22316292922,0
4.83,3.35974774513157,4.59999990463257,-0.47449825622224,48,24.2533171111783,1.1640945693339,3.18715191663685,44.0048298948473,30.9159883688186,-0.490494348381525,1938.31836402338,2062.71562463583,0
4.84,2.94029995405784,4.59999990463257,0.273586698336354,48,-13.1739790451403,-2.7015046248757,1.19251258404861,-49.6996060995821,2.73913808125408,1.24787599772238,1963.7800484722,2087.11024566571,0
4.85,3.02645828673721,4.59999990463257,0.426012049903612,48,-21.0417087951295,-0.363587540023152,-3.0345906031561,22.0258723769056,-47.5564344232755,-3.12099479869048,1987.59683575121,2089.73662702474,0
4.86,2.20295673785608,4.59999990463257,-0.407476586107798,48,20.65766039956,1.68908689060438,1.47174761188188,51.8327208467085,6.64138410353863,-1.03695106135753,2008.29358176065,2071.05086041096,0
4.87,0.42362082909899,1.66735982894897,0.210591023728801,48,-10.385405770904,-0.313228951523815,0.354528997472635,-48.3797012828022,8.44163235477335,1.18497018060656,2023.7949112999,2035.53549797126,0
4.88,-2.92510847592205,-1.82869529724121,-0.0153536419461133,48,0.17936890836586,2.91869061165453,0.194268998225916,-47.8894848466667,-3.2602782590096,1.64250748505579,2010.94582665523,1990.74327348338,0
4.89,-4.29711970679044,-3.32511019706726,-0.567802820102093,48,27.8173051055778,-1.82451869941291,3.93176415016152,2.25275727754064,-55.4321887352944,-2.57574520207413,1979.07379508807,1945.68779732595,0
4.9,-4.56916095750757,-3.36714553833008,-0.0233081528151808,48,0.571062197761619,-3.20626515553512,-3.25540149259665,33.9160658050703,33.9709669032227,-0.772692883127749,1941.59262555604,1908.92549300089,0
4.91,-3.39840210728588,-2.36949801445007,-0.373792816417676,48,18.1144871881207,2.09080993622219,-2.70506409591439,-20.2951093521094,47.119456517181,0.767562389434364,1908.71678136765,1886.74028921884,0
4.92,-1.96659918678209,-0.733659505844116,-0.0439514744147406,48,1.82697256527125,1.71411731860214,0.965010834977213,-42.2221160224605,-22.9048193038088,2.10589429644103,1887.35478737561,1881.82146504418,0
4.93,-0.150924621296305,1.06509721279144,-0.0241579417860394,48,1.26177642714409,-0.00614855693350183,0.152722109441974,8.25021449081861,-47.3024950780356,-2.94263473331118,1880.62195456281,1892.71997538973,0
4.94,1.34096789434362,2.54914569854736,0.16048915065071,48,-7.74858499501768,-0.602668616780605,-1.20861168266929,-8.86726781210839,-47.8059842590168,2.79814434780881,1887.99455689398,1914.20200733674,0
4.95,2.17934404240186,3.38509893417358,0.121167748244769,48,-5.65455202470646,1.75261710427119,-1.30098246113592,43.183699307712,-21.7058073496754,-2.15381554985097,1904.75467436898,1938.42611105364,0
4.96,2.08582060168737,3.34911918640137,0.102005961512163,48,-4.73032615051794,1.4003806147124,1.54918912097433,26.7501959317782,40.1348103658376,-0.686124439035075,1924.34007021787,1956.69326806914,0
4.97,1.19929313181879,2.36586904525757,0.201059150178861,48,-10.0604474415415,-0.82749146991872,0.891059293823999,-44.167738881238,21.3172100623603,0.914529196428421,1939.56882751359,1961.39568731807,0
4.98,-0.53203824896623,0.6590416431427,-0.265348895229746,48,13.0520304270513,0.505382524304678,0.313150504853704,-36.3328457059654,-33.9746938348999,2.5881645299373,1943.20777048434,1947.74651378509,0
4.99,-2.46738903477213,-1.41062045097351,0.251577926637018,48,-13.0487666362902,-2.30381718907846,0.918545840658675,48.5907847095939,-10.6398285716575,-2.05179677542521,1930.82824244785,1914.91842556372,0
5,-4.43821183774158,-3.40078377723694,-0.453401936224214,48,21.9995453241461,-2.8637403130415,3.42086086415428,19.0461046834236,-49.2465825297272,-2.34280635999712,1901.49358661362,1866.34455459968,0
5.01,-5.63773119107842,-4.59999990463257,-0.294161781642451,48,13.8427014551306,-5.20868536602629,-2.17718646293357,49.2588758819402,8.31766375994382,-1.12274678433097,1858.27706986799,1809.11348820161,0
5.02,-5.68841723930083,-4.59999990463257,-0.369456300023479,48,17.5484217024984,-1.69444784155062,-5.44274151124839,28.3257302450634,42.5393948044941,-0.236953980444424,1811.94899227076,1752.58315240949,0
5.03,-5.50025225601708,-4.59999990463257,-0.562979665524778,46.4760982757095,27.5160240742594,1.1434458445995,-5.40945954639496,12.0100400157932,52.658505776443,0.310312558045068,1766.02919886675,1706.50484585876,0
5.04,-5.38675129536021,-4.46298265457153,-0.482440792190004,47.6567087077324,23.3020608020638,2.26241537317438,-4.91236351619646,-3.50636043977977,52.9325359201983,0.520919326124068,1720.15906227604,1679.05297994879,0
5.05,-2.63985400853992,-1.62693655490875,0.132664809875367,48,-7.010540592297,1.22819971250971,-2.34050306651682,-26.5059965077261,40.6273285920777,0.433045584643757,1688.253782568,1675.17591002531,0
5.06,0.17396643280012,1.28692078590393,0.232612240264703,48,-11.5621770572991,0.193870499761601,0.216303036003542,-20.773374224686,44.7900754813551,0.197890084748501,1680.18417768197,1695.61443320426,0
5.07,2.74153041609006,3.94403100013733,0.181818672413394,48,-8.65398536416269,2.6363100039993,-0.773897031134218,48.7330251157692,-1.99592729049605,-1.79010495059597,1695.57333271409,1736.79188928377,0
5.08,3.41739526502242,4.59999990463257,-0.0982951612952438,48,5.24430658940052,3.33793541948029,-0.739215443230617,45.266100836148,-16.8072266211683,-1.81749298963063,1726.02076591243,1791.59394385955,0
5.09,3.52291311509041,4.59999990463257,-0.137730883933793,48,7.41474458042466,3.52546382707476,-0.0314867726609358,47.588877104461,-9.70964536579179,-1.61880316799611,1756.73427822706,1850.8669006633,0
5.1,3.71838044349573,4.59999990463257,0.671310453542762,45.5708359197153,-33.2405937113846,3.70529616827879,0.740129146126396,30.1922836676256,47.6451903516041,-1.19502774792212,1787.46759494138,1905.31130754023,0
5.11,3.36008194280321,4.59999990463257,0.263825242033066,48,-12.6446531401609,1.97348978665939,2.73223214288923,14.1749726553916,47.570551849373,-0.547179052344451,1817.85643332485,1947.36519942234,0
5.12,3.54755290801566,4.59999990463257,-0.248142933884797,48,12.9459722081711,-1.36047710469773,3.28569758170173,-2.94613326967827,49.6277996204953,0.32273441211642,1848.04179905835,1972.67609214706,0
5.13,3.4782193683411,4.59999990463257,0.670297718579263,48,-33.0988847256866,1.87768745511431,3.00359764727936,-13.5964211447196,56.6980908156501,-0.368325384175146,1877.85692581775,1980.85159988839,0
5.14,3.51332556424652,4.59999990463257,-0.361167619410823,48,18.5383678178049,-3.04548993398916,1.78854399768911,-27.7140959225115,43.3543535131831,0.937345518485004,1907.17012944721,1975.33563202619,0
5.15,2.10875702875341,3.20715045928955,0.508343329705365,48,-25.148010596312,-1.72724454752659,-1.31221012807116,-10.869740915834,-53.0873918117557,2.45703468505133,1934.14025359497,1962.44664261095,0
5.16,0.085866887798245,1.04292500019073,-0.509243718909043,48,25.5618289007878,0.362087524651743,0.368232144387263,24.702493126524,-48.4478475279056,-2.18073588607587,1940.57860433404,1949.7955304643,0
5.17,-0.527951657255285,0.655972421169281,0.176688809973018,48,-8.83092864040315,-0.114865355759589,-0.544754842121211,16.6812862930637,45.8663273901534,-0.530764585152863,1937.77934489969,1944.43453289797,0
5.18,0.093677952295555,1.35603737831116,0.00675338290641821,48,-0.350261985961703,-0.0804279695101103,0.0485026663952586,-42.9389529616383,21.4562112689315,1.10009889865268,1936.81810923236,1951.14605122001,0
5.19,1.13478390218435,2.59839582443237,-0.0799033372969006,48,3.99825148892684,-0.982115112842943,0.574080963883499,-37.3807841067866,30.3753682204926,0.971528735270484,1944.37650207035,1971.24942089989,0
5.2,2.71890790173742,3.92546701431274,0.745810649358055,48,-37.0385924714018,-1.797181132825,-2.17228766019694,14.0430488560675,-58.9800823252112,2.71813279055348,1962.47560169099,2002.19087876926,0
5.21,2.53309432941246,4.59999990463257,-0.540479636537281,48,27.473982174057,2.57126350227446,0.311912040620992,45.3523044057142,-31.6541969032834,-1.6602943659724,1984.95987162233,2038.01168716469,0
5.22,2.09589192243035,4.59999990463257,0.0524880731827561,48,-2.34099706504941,-0.776723488223875,1.94736195176361,-21.0455405947544,43.2037670618329,0.404560733945057,2007.03991439924,2070.59824748061,0
5.23,1.90066302304392,4.59999990463257,0.653891548242037,48,-32.5171563414758,-1.52280984093716,-1.31192388208073,3.88846200327095,-57.8467399235696,2.61328720786893,2024.22331987257,2091.44727581317,0
5.24,1.58965431043851,4.59999990463257,0.135037649877092,48,-6.4176314279606,1.57940068905377,0.225232007042806,45.3345877317726,17.028245603566,-1.34440104843662,2038.65098590345,2093.56557146478,0
5.25,1.45779194390035,2.68741130828857,-0.443344424672604,48,22.3637884128635,0.602959438080506,1.39933968235689,48.0735195726619,22.2053090064566,-0.702080481391319,2050.91461550359,2073.09215768315,0
5.26,-2.43426207780425,-1.21372628211975,-0.0881700986453499,48,3.8714618848932,2.40546633520525,0.38358511431648,-47.8440847711705,-5.47099346876147,1.76513349138219,2045.62562083001,2030.28761829107,0
5.27,-5.2074404420817,-4.13914585113525,-0.0227672942715818,48,0.304500228530825,-4.209788391573,3.0652301717316,38.7486897682741,-28.3307564606247,-2.1957743621149,2012.73635451862,1969.66921369276,0
5.28,-5.43791524471351,-4.59999990463257,-0.734615804045308,43.417494489244,36.0465133698535,-1.69362534482586,-5.21940760811074,43.2185968930666,36.2847466084741,-0.179488514971273,1965.87064788567,1899.2522509159,0
5.29,-5.76092149911738,-4.59999990463257,-0.202833998037712,48,9.17158308145133,5.72746445756429,-0.652310537313789,-47.1367063519799,12.8937523827309,1.49258735813302,1919.00423264298,1829.04924362919,0
5.3,-5.42456411126451,-4.59999990463257,-0.65295537825722,42.7590640625491,31.8006308511966,4.35246161663158,-3.30277525710768,-20.8492007457191,49.0400704557402,1.04146215967648,1872.3717630565,1769.13764945845,0
5.31,-5.70667038987374,-4.59999990463257,-0.0955898247009087,48,4.07577785048237,5.15739265878465,2.44469329699295,-44.8306246525489,-17.6302880960227,2.03019153169603,1826.0716582457,1727.70021019448,0
5.32,-5.56710694082011,-4.59999990463257,-0.416266168861734,48,20.0459292615077,2.85373340486391,4.79814160564589,-39.3372257580102,-34.0355982703508,2.67966999085686,1779.83862576028,1709.44906399154,0
5.33,-3.72667038939925,-2.75126814842224,-0.41002742253828,48,20.0612384084984,0.949890936046306,3.62683083256934,-26.8562795334118,-44.555510726574,2.9950239137278,1737.30418308136,1714.76420431322,0
5.34,0.158459959030029,1.17193269729614,0.434123348808458,48,-21.799193995451,-0.440383751386066,-0.140124202447703,19.768092165647,-48.8715396829463,3.09966487414721,1725.15186717405,1739.7256856505,0
5.35,2.49227831918214,3.66335582733154,0.282398974081914,48,-13.7283937857306,-0.0907674591264563,-2.50658366490959,17.3628655712845,-46.8081156968489,-3.06496012162777,1739.21168199362,1777.02950736261,0
5.36,3.41327297556944,4.59999990463257,-0.0925438712026492,48,4.9596780707478,1.2895078579531,-3.16167143424598,12.2746226430337,-46.6683195062409,-2.78143823936456,1767.95601530865,1817.58984198806,0
5.37,3.45819686771836,4.59999990463257,0.0585394796075982,48,-2.36498574406764,-2.77706551543818,-2.06166427177992,-36.6088806307921,-31.1349163565611,2.22633502438522,1798.46740210216,1852.48524173272,0
5.38,3.54575427964159,4.59999990463257,0.57026163209244,48,-28.0894089045225,-1.21662404312692,-3.37896399482428,18.7208024343147,-52.3693273665112,2.95544934167448,1828.90965179015,1874.83463630794,0
5.39,1.88448497585069,3.04280352592468,-0.175088194890691,48,8.90213936625452,1.41469243643981,-1.2572131125935,26.2719459519891,-41.1464815165523,-2.38996804048541,1853.14145493397,1881.20561858077,0
5.4,0.0662603407805933,1.22816359996796,0.0546465819140191,48,-2.88543286176565,0.0773539742412296,-0.0373235092714115,45.9371471425562,14.2163369122605,-1.33071185745433,1861.90035278471,1872.25903152578,0
5.41,-1.53349876464487,-0.28813561797142,-0.00517416432371091,48,0.0450894016841214,-0.399844946935064,-1.48046251271496,12.4026083594675,46.3700047329716,-0.260413346167817,1856.64237980904,1852.49838249529,0
5.42,-2.13461287406083,-1.17592024803162,-0.485215306558199,48,24.07854687508,1.06352538100146,-1.91335302016913,-14.1099941575099,51.8139410245009,0.730829190130487,1841.30048223461,1829.18480272752,0
5.43,-2.32138597240423,-1.23371291160583,0.213347552885927,48,-11.001381617321,-0.225775470718597,-2.32021021634233,-1.80458473595369,49.2115217344545,-0.188650585690358,1822.33209601897,1810.65692714639,0
5.44,-1.52168729113225,-0.393254339694977,-0.223683328118714,48,10.8563471556514,0.594604244221198,-1.41845417128147,-15.5021028989663,46.7070131701213,0.542892367515885,1807.02588294881,1804.42192215207,0
5.45,0.0656036700913406,1.17136371135712,-0.0850127002193747,48,4.36133703542159,-0.092121801071777,-0.0551776630108115,-43.0907407949148,21.5918808463275,1.19689797912387,1802.16495070519,1815.43181916266,0
5.46,2.01045023176727,3.11612200737,0.436639020465109,48,-21.5682790046805,-2.05015834897794,-0.171506596729853,-39.5752333999416,-34.6841687310492,1.86812067840828,1812.31042074578,1844.9181635113,0
5.47,3.39370993920994,4.59999990463257,-0.250352169105529,48,12.8960484937397,-1.30726568457162,-3.14181472878489,-33.1597739437818,-37.023471727408,2.67366016800826,1838.2504342742,1890.03673667048,0
5.48,3.37798707314238,4.59999990463257,0.495646099666735,48,-24.4841589229937,1.34512885191964,-3.13800734450466,45.9806806183495,-28.0936122284008,-2.590939909067,1868.105776742,1944.39892045187,0
5.49,3.10692890899017,4.59999990463257,-0.0425203516800257,48,2.42212572436024,0.0596707172324338,-3.10664684689632,-2.15711698743504,-48.0126393705566,-3.1360723790575,1897.7676725479,1999.37487246488,0
5.5,3.19070156879614,4.59999990463257,0.493908239328296,48,-24.4173071221447,3.11260990104051,-0.858010171232901,50.4922304678484,18.7280417950949,-1.68619528312796,1926.09011966391,2045.8872526922,0
5.51,-5.71606459895232,-4.59999990463257,-0.377918134667711,48,17.9307113153994,-1.75726098620092,-5.45236191409584,29.0701609594192,42.1952147769111,-0.245763039120513,1887.89473270682,0,0
5.52,-5.42575050667014,-4.59999990463257,-0.627242152196064,42.8901716046807,30.4780451551483,3.69104178719071,-4.02596718855667,-12.4717234884296,51.1168677638445,0.85711822212955,1841.50723398648,0,0
5.53,-5.66023496079747,-4.59999990463257,-0.124807854674442,48,5.54921664108883,5.65942653336534,0.157251790014594,-48.2168070486074,3.15171752654036,1.62062136626603,1795.47175267397,0,0
5.54,-5.61318349277652,-4.59999990463257,-0.332544230888009,48,15.7852586068283,5.1424926248342,2.27446349555265,-49.9005261920814,-7.94429827221048,2.04639285324832,1749.35460191466,0,0
5.55,-5.50150754491972,-4.59999990463257,-0.427082978966726,46.6921639400882,20.7148183899325,1.51268597730978,-5.30667186396352,3.18509348445513,50.9815364012428,0.355163529211248,1703.76650909032,0,0
5.56,-5.43444610346198,-4.59999990463257,-0.541565605183894,43.3438720971087,26.5136119912187,0.0629827393091156,-5.4610009092382,21.5556350438636,46.0110580952793,0.110858980471711,1658.34720344737,0,0
5.57,-5.46352524547346,-4.59999990463257,-0.484242107960848,44.8026720551242,23.6575611533599,-2.8846666609322,-4.66511487343607,41.2479813989782,29.4204631763934,-0.465401081987308,1613.16204525629,0,0
5.58,-5.43790096261738,-4.59999990463257,-0.370160637225186,43.5263494205521,17.9593293303703,-5.40386820016534,-0.711332729338298,46.2163349880968,-9.00727395745896,-1.37194917151756,1568.29072145711,0,0
5.59,-5.3968786951581,-4.59999990463257,-0.321269992807442,41.4800837605096,15.433277983388,-2.47552753442009,4.8063788328489,7.87470797161744,-43.5519505011333,-2.60651863105011,1523.58171673365,0,0
5.6,-5.54430502841207,-4.59999990463257,-0.1969057405949,48,9.16905552066034,4.84294083986714,2.70629158449372,-45.7980957332001,-17.0471700394404,2.11587954515883,1479.18663088466,0,0
5.61,-5.34197698999682,-4.59999990463257,-0.306265853841257,38.744655129047,14.697270764661,0.923117622235941,-5.27051902476426,5.45030342080998,41.0786107557164,0.230657906280159,1435.01824546591,0,0
5.62,-5.31605730750078,-4.59999990463257,-0.26099255832538,37.4534262861185,12.5334586454026,-4.77889308113866,2.34323778801441,29.4370719392393,-26.3306954300448,-1.97762283508541,1391.10333233053,0,0
5.63,-5.32339671108997,-4.59999990463257,-0.190100573790178,37.8250402498492,9.01868330583921,-0.218805667518611,-5.32229413426773,9.22253393445958,37.7758545409826,-0.00539279687489792,1347.34431789814,0,0
5.64,-5.26254710805853,-4.59999990463257,-0.28932420184679,34.7870831299723,13.9742651340471,-1.20601158964654,5.13065752159971,-3.60038957250221,-37.3156593624509,-2.85580128876164,1303.68769839281,0,0
5.65,-5.20281738166149,-4.59999990463257,-0.328216502717964,31.8050130274703,15.8618229086479,1.01042641678835,-5.11430085503695,7.21986181947427,34.799854525135,0.258057697295888,1260.12819531716,0,0
5.66,-5.27178131572387,-4.59999990463257,-0.124400356321844,35.2574317894636,5.82168233791427,0.585028590915173,5.24069606419606,-8.88321958313244,-34.6131028870587,3.05401410060227,1217.05929004888,0,0
5.67,-5.20446004076459,-4.59999990463257,-0.232375759351593,31.8954424984218,11.1025048941737,-3.7168984174446,-3.6503518958927,29.8617673586607,15.7752881847688,-0.749810951302641,1173.72368421785,0,0
5.68,-5.16939184576945,-4.59999990463257,-0.182800377752828,30.1459332167343,8.71197892260623,5.07744810310357,-0.987698736206659,-28.4159250662654,13.3120647866561,1.41401648210103,1130.84823250749,0,0
5.69,-5.11930477480905,-4.59999990463257,-0.196886086488508,27.6452731382701,9.46670517600756,-0.4258464128338,5.10535996195293,-6.0417111911243,-28.5898121655608,-3.01993307171528,1088.09808320291,0,0
5.7,-5.07070426237934,-4.59999990463257,-0.214836961793347,25.2187937456121,10.3685362218865,-5.07024438181761,-0.225429690394911,26.0225067248494,-8.14390846728168,-1.48402133772038,1045.38665212642,0,0
5.71,-5.07855058341788,-4.59999990463257,-0.219661300864372,25.6145004086011,10.5708243601088,-1.51903680401456,-4.85102610830747,16.8058051981682,22.0320192101341,-0.260239473856964,1002.72118691161,0,0
5.72,-5.1154253987809,-4.59999990463257,-0.166391048545158,27.461473244176,8.03085421646621,2.9724884040576,-4.16648241077192,-10.2847782261129,26.6992597093328,0.652197666863113,960.495223383742,0,0
5.73,-4.98109278818951,-4.59999990463257,-0.199695496638676,20.7479259067273,9.63637299366248,-2.67685399516763,-4.20542701095696,18.76096537459,13.0905420864633,-0.526773900771139,918.078919720205,0,0
5.74,-4.96513224938269,-4.59999990463257,-0.145199044631405,19.9528251408695,6.99618029711386,-1.29366630151812,-4.79583658152968,11.4362721557078,17.7840785263792,-0.234241333449947,876.13662221212,0,0
5.75,-4.97706178343968,-4.59999990463257,-0.15466607711237,20.5520923618635,7.49962733577603,-1.38201999293697,-4.78383594312217,12.3542360157321,18.0556296786813,-0.250170845901168,834.120459864645,0,0
5.76,-4.97291541148394,-4.59999990463257,-0.123600787560447,20.3474101171656,5.95913371438656,-2.80245689482656,-4.1099148649454,16.0472353730256,13.8569336429381,-0.573609446166252,792.239679601746,0,0
5.77,-4.92141261099981,-4.59999990463257,-0.120953822090543,17.7747438258988,5.83012503808334,-4.63689201188456,-1.65353088417103,18.6829249226915,0.938185679429807,-1.20367890318709,750.497888133287,0,0
5.78,-4.84677259489236,-4.59999990463257,-0.131494735637397,14.0450638488475,6.32147479884105,-4.01382319648943,2.71987477642323,8.43354717607845,-12.8879844886407,-2.13922476872636,708.643749348522,0,0
5.79,-4.89201306830531,-4.59999990463257,-0.0694362275814639,16.309146907896,3.29340731729452,1.21721882078234,4.73866981256386,-7.03415729873402,-15.0783101081524,2.90435212623319,667.44457907297,0,0
5.8,-4.80602273664604,-4.59999990463257,-0.147069041471561,12.0115443511936,7.12724833057958,4.67060740498052,-1.14232671187329,-10.2687592762569,9.46717747761849,1.36151886110451,625.922671102404,0,0
5.81,-4.80942546152883,-4.59999990463257,-0.102200305417254,12.1834378386548,4.9339287397315,-2.32527889429193,-4.21118703410211,10.03016531156,8.49562206079654,-0.483258676467749,585.009943093766,0,0
5.82,-4.77592352891181,-4.59999990463257,-0.108829995561673,10.5099129737015,5.294136620643,-2.24813352082421,4.21511390053625,0.542648841568844,-11.7554959702922,-2.62883861389924,544.130113052224,0,0
5.83,-4.76351774820033,-4.59999990463257,-0.0594853311614862,9.89100766954999,2.83003313565094,4.43410188197405,-1.74166022585265,-8.2490462513688,6.14771146124777,1.20900999969649,503.260921375102,0,0
5.84,-4.74340868438343,-4.59999990463257,-0.0603179622470851,8.88679517634463,2.86112349002852,-4.74252286801971,-0.109731718130421,8.98363227573333,-2.54076903041139,-1.53494713955708,462.308293118815,0,0
5.85,-4.72317501088502,-4.59999990463257,-0.0655455265059288,7.87605056532155,3.17190205988679,4.68809909854792,0.578277823963421,-8.23463252593698,2.06977350156888,1.70740308390426,422.123689607044,0,0
5.86,-4.61015211354445,-4.59999990463257,-0.0529807089138608,2.22568326782272,2.54281680627196,-4.59889658511423,0.326281573123634,2.07097047480181,-2.67033043113101,-1.63013376304466,381.727277140225,0,0
5.87,-4.65574795216877,-4.59999990463257,-0.0275112039672991,4.50602019971398,1.30735897190244,3.95710861394984,-2.45316882376069,-3.16147142883206,3.46677139804786,1.02175315459024,342.049492511926,0,0
5.88,-4.61438123427923,-4.59999990463257,-0.0608340161708272,2.43804353562068,2.97818535119728,-1.03249541664487,4.49779592327165,-2.31689467658391,-3.0733765349018,-2.90276332491527,301.840581879099,0,0
5.89,-4.59461281688767,-4.59999990463257,-0.00539371352392484,1.44975027679681,0.20043249327825,-3.41317847440861,-3.07582651186438,1.21018090983186,0.82304994679102,-0.83616572311996,261.97923882246,0,0
5.9,-4.54175991320967,-4.59999990463257,-0.0325483301950773,-1.19305173203715,1.59876488795858,3.64899068985379,-2.70435009723171,1.90629271108717,0.587766707071769,0.940167229165107,222.905999330071,0,0
5.91,-4.56083437070442,-4.59999990463257,-0.0442799229392744,-0.239677670540169,2.19228380629485,3.02425727907447,3.41424058591942,-1.49792930552385,1.61856772139786,2.4263995494314,183.771791620769,0,0
5.92,-4.54120533087418,-4.59999990463257,-0.0555126696353816,-1.22164586107654,2.7536645294492,-2.06570008720192,4.04456557165094,-3.0057563707428,-0.201284848836714,-2.65717058387775,143.374736177294,0,0
5.93,-4.55100670915673,-4.59999990463257,0.0145017020296614,-0.73235656227517,-0.724328366624636,-4.48650982825438,0.763611109877406,-0.597769933533977,0.838849702609115,-1.74256887732484,106.172285663417,0,0
5.94,-4.47191206711084,-4.59999990463257,0.000401873586277635,-4.68806476067168,-0.0137164692589897,-4.00662261219145,-1.98619559483705,-4.20656338416211,-2.06953227488897,-1.11066190426367,65.4944542588084,0,0
5.95,-3.07243061887098,-3.18522024154663,0.00210064693105683,-3.92418480213149,-0.0804818261913107,-2.14920039554126,-2.19562564666629,-2.80440378640256,-2.74609233064692,-0.775397097773445,28.6921830513593,0,0
5.96,-1.2643204967699,-1.3255969285965,-0.0104668669990809,-1.34915572229827,0.55549136435623,-0.758783670090914,-1.01136700354551,-0.353625106813508,-1.41553562396559,-0.635386156094543,12.0242724703735,0,0
5.97,-0.5152162996014,-0.571991503238678,0.0487820574199127,-1.12453779147956,-2.40913702514062,-0.239621184007009,-0.458703839831496,-2.63299870798268,0.36857055515964,-0.575798088731246,5.22409418002791,0,0
5.98,-0.190664551213731,-0.258543699979782,-0.00288201250649138,-1.68011183333798,0.177453008141228,-0.102011411499789,-0.161105397207672,-0.725909827912746,-1.5255557231253,-0.54935742791237,2.3991841030831,0,0
5.99,-0.144176719214702,-0.129105016589165,-0.0333659834347314,2.46706684766328,1.70357957363043,-0.10239593435381,-0.106842350413551,2.72551327496307,1.24907148815837,-0.536730249765986,1.2265407402203,0,0
6,-0.0203500430519817,-0.0756932571530342,0.0380944363430539,-1.05405734157946,-1.87373218093094,0.0225873445991792,-0.0368119844136447,-2.14953746767581,0.0373877018772002,-0.529814722153439,0.753806814285592,0,0
6.01,-0.00814621626677246,-0.0589560903608799,0.0364769991775007,-0.827860239789908,-1.79275543498554,0.0274837492394851,-0.025329347330745,-1.96626518156076,0.182005115524421,-0.524908487600712,0.600371849342641,0,0
6.02,-0.00526325796172599,-0.0479605793952942,0.0364938169545878,-0.422631955985921,-1.79358891412873,0.0290341519372915,-0.022727045157013,-1.7660302188975,0.526038239148814,-0.520910195032936,0.494622846498006,0,0
6.03,-0.00330839043590217,-0.0390510000288486,0.0365681447296105,-0.0752216887796873,-1.7973025964753,0.0301408574658599,-0.0209691050706707,-1.59908328671609,0.823946338000848,-0.517610408584379,0.408566315050462,0,0
6.04,-0.00172067408145222,-0.031704630702734,0.0366309975816226,0.212447688216141,-1.80044350160515,0.0310344597539954,-0.0195359415155007,-1.46239900093292,1.07150360931309,-0.514884270265919,0.337584351910899,0,0
6.05,-0.000411840641773397,-0.025637973099947,0.0366820998779373,0.450126933135727,-1.80299708458869,0.0317648677350613,-0.0183504561780694,-1.35045920649399,1.27658633651043,-0.512631666666127,0.278964454005659,0,0
6.06,-0.0113042771599686,-0.0206313915550709,-0.0371559615002049,1.2449079448957,1.89337776393419,-0.0379397896447773,0.00830207918681495,2.26029462408549,0.160447376280022,-0.510767731110031,0.23048258685786,0,0
6.07,0.0339830074642397,-0.0253222528845072,0.0505576989324654,-1.25430353686719,-2.49765473058336,0.0607075004211743,0.00505223814497244,-2.79228845342938,0.121168100785488,-0.508766717833384,0.282840854428527,0,0
6.08,0.019793824712587,-0.0218276884406805,-0.0227057506300027,-0.370313603337777,1.16995599763698,-0.0102454627668688,0.0283262616862373,0.843193757715969,-0.891601642087191,-0.506752673935101,0.240065739270691,0,0
6.09,0.0230931136620775,-0.0167442411184311,-0.0241220491816258,-0.281236456874323,1.24085550957449,-0.00993259680481918,0.031882733195937,0.949747178061388,-0.846638434091569,-0.505181441889742,0.192985007636056,0,0
6.1,0.0240154676464532,-0.0132379224523902,-0.0241501605485176,-0.152144974753399,1.24226477271157,-0.00955283972236622,0.0326912250311272,1.01439946976856,-0.733050867672987,-0.503895979800991,0.159222690710731,0,0
6.11,0.00482255620151121,-0.0182206705212593,0.037868359506905,0.558146323370909,-1.86245428746853,0.0355094078759106,-0.0140125533848458,-1.36337283734157,1.38617379776188,-0.50252444096802,0.21092255545873,0,0
6.12,-0.032447968663509,-0.0244194772094488,0.025487950045242,2.11144809289291,-1.2427271409084,0.00678178365901672,-0.0407002908871559,-0.0765317716147293,2.44882148872983,-0.500727606192671,0.269691375701682,0,0
6.13,0.0177996709716473,-0.0219534132629633,-0.0208126214187759,-0.277840805411065,1.07510931456223,-0.00976296968617173,0.0255866746555133,0.81123578780441,-0.758255925130358,-0.498757736993982,0.243852858247308,0,0
6.14,0.0231153278689619,-0.0166076067835093,-0.0239156223451989,-0.276457782784114,1.23044033282128,-0.00999513636584013,0.0317233766121459,0.94961029997728,-0.829850948346942,-0.497186859337368,0.191496611130657,0,0
6.15,0.0241466242020891,-0.0130950072780252,-0.0240259090139363,-0.152497890602568,1.23596276632356,-0.00964182570178099,0.0326701539855468,1.014508521105,-0.722240975701156,-0.495912628326183,0.157775165051164,0,0
6.16,0.00469670249055042,-0.018086165189743,0.0379105888123415,0.570224642936047,-1.86465045593154,0.035597433781093,-0.0138598148105909,-1.37058146049273,1.38693328115336,-0.494551513825142,0.209552854699535,0,0
6.17,-0.0323878286548306,-0.0242420453578234,0.0252689926390167,2.11637471594391,-1.2318491141544,0.0069412393992033,-0.0404884258717018,-0.0841167900366047,2.4473288589733,-0.49276373143475,0.2680209118714,0,0
6.18,0.0179223213954668,-0.0218531806021929,-0.0207153067468528,-0.279899169002712,1.07015472128135,-0.00982255214208526,0.0255705105000786,0.811901724467465,-0.751259117812176,-0.49080320737826,0.242836255979691,0,0
6.19,0.0232375609677221,-0.0165326297283173,-0.0237967005085666,-0.279757439039107,1.2244039420068,-0.0100845384094211,0.031694940919521,0.94929689073705,-0.822353118274921,-0.489238917174675,0.190712877022885,0,0
6.2,0.0242638370593677,-0.0130399651825428,-0.0239066058931756,-0.156542842459988,1.22990767798376,-0.00974068325303463,0.032640139153184,1.01296837716489,-0.714894135346477,-0.487969703152563,0.157183020366992,0,0
6.21,0.0055728280039533,-0.0177556946873665,0.0382588088879356,0.542014464807114,-1.88216476823753,0.0364232457101516,-0.0129668824866715,-1.41015903763458,1.35932901956528,-0.486659090827775,0.207224344363621,0,0
6.22,-0.0321025630656672,-0.0242050401866436,0.0254260060752548,2.10303500357675,-1.23979221638836,0.00753130799124286,-0.0402533941458988,-0.116605390333716,2.43849218760925,-0.484899621294648,0.267964112570496,0,0
6.23,0.0190235931168774,-0.0220418758690357,-0.0215255854198268,-0.345323496268268,1.11063081238379,-0.0102298243403805,0.0268439679762088,0.823258443753874,-0.821580582340627,-0.482928235573138,0.240979094796654,0,0
6.24,0.0233791182240279,-0.0166113786399364,-0.0237232465570193,-0.291701882605802,1.2206426406917,-0.0102031778269851,0.0317060050837238,0.946879483451818,-0.823697570961938,-0.481363810568129,0.191466598421971,0,0
6.25,0.0243507807659348,-0.0131296291947365,-0.0237908274096888,-0.166303292114763,1.22402731469149,-0.00985477160295243,0.0325860011262791,1.00884744233657,-0.712829916719293,-0.480088629806811,0.157992282220973,0,0
6.26,0.00540370956500087,-0.0178171321749687,0.038301424605387,0.546467968276872,-1.88438279448222,0.0364842812213274,-0.0128489854707728,-1.42075164290395,1.35314098514493,-0.478773128119632,0.207746208072803,0,0
6.27,-0.0322112246092482,-0.0242400243878365,0.0253189099735023,2.10578810614341,-1.23451600025093,0.00770358613530447,-0.0402400913732772,-0.129886791055255,2.43751978953196,-0.477010940010249,0.268229329229347,0,0
6.28,0.019110915010991,-0.0220771282911301,-0.0214193689001003,-0.352383294971479,1.10522848445289,-0.0103069254395436,0.0267914860472426,0.821682432983036,-0.818866270369022,-0.475037595416097,0.241253361508649,0,0
6.29,0.023474991701379,-0.0166456028819084,-0.0236045020322032,-0.299138143965195,1.2146127403944,-0.0103037026818236,0.0316556703074296,0.944593714292223,-0.820067346760592,-0.473471204157598,0.19173766704186,0,0
6.3,0.0244462463774182,-0.0131645137444139,-0.0236719193746315,-0.173752494919893,1.21798993666882,-0.00996239789490421,0.0325381215961845,1.00567853688022,-0.708731328343733,-0.472194013010857,0.158269013366113,0,0
6.31,0.00728449624917516,-0.0172267202287912,0.038984331967275,0.481031066985895,-1.91865283798338,0.0380456977430224,-0.0111967364792392,-1.49153278642097,1.29921112492874,-0.470943288305947,0.203825602461709,0,0
6.32,0.0298269810187719,-0.0234097708016634,-0.0210578487924893,-0.955515374265138,1.08704282329163,-0.00529316448459927,0.0361256723425391,0.53743326895833,-1.34381442600668,-0.469255835078572,0.263300211569083,0,0
6.33,0.0169932475813988,-0.0227603558450937,-0.0197532909856211,-0.281584524194275,1.02174202539162,-0.00998082809376908,0.0240696081955641,0.78536333541655,-0.711653737501943,-0.467283201169277,0.250488477072015,0,0
6.34,0.0233891418198247,-0.0169756393879652,-0.0234130317724667,-0.312268351045515,1.20494157759213,-0.0104174666425048,0.0314117557707096,0.936416459416497,-0.820073132719741,-0.46568076389765,0.194759092835498,0,0
6.35,0.024487391477116,-0.0134071977809072,-0.0235514548442753,-0.188866605250657,1.21187235246155,-0.0100900568509568,0.0324421657627836,0.998943599923023,-0.711629733367315,-0.464384708547647,0.160547661516659,0,0
6.36,0.0125171625146534,-0.0156131340190768,0.0407980446739695,0.299180944200047,-2.00952877033185,0.0420917516997512,-0.00703166022244709,-1.66408047878389,1.16556907830221,-0.463217829589582,0.193057477236772,0,0
6.37,0.0337216783440669,-0.0225940532982349,-0.019631049279892,-1.11035536644211,1.01553382795439,-0.00255662050685699,0.0389357596272909,0.414685686321212,-1.44645559111463,-0.461622116962936,0.258876867285738,0,0
6.38,0.0159463282323631,-0.0237688459455967,-0.0190302601402898,-0.28057142781429,0.985460818969527,-0.00998097872363904,0.022733592958871,0.758714158261827,-0.688626297699186,-0.459638940584807,0.259316193840375,0,0
6.39,0.0233147140722568,-0.0175214167684317,-0.0232692963447123,-0.336746418265822,1.19765844986273,-0.0105627380752127,0.031200394372565,0.925340686761714,-0.831581941943082,-0.457989485644642,0.199923475778632,0,0
6.4,0.0244866824103148,-0.0138482293114066,-0.0234351088563168,-0.211796930946545,1.20596061651349,-0.0102362661329982,0.0323113106856635,0.988994120212166,-0.721865346671894,-0.456659445310599,0.164746814120956,0,0
6.41,0.0218930727553197,-0.0125335259363055,0.0441262306216839,-0.0165129986736796,-2.17621607752852,0.049258193596697,0.00024744118103211,-1.96156131735088,0.942584899885148,-0.455536712546511,0.171831792967162,0,0
6.42,0.0417829542974637,-0.0203525498509407,-0.0166452064619168,-1.40221516616864,0.865982213303766,0.00336786721443266,0.0448501464703263,0.16320881858215,-1.63996812393682,-0.454054009748814,0.244421264686595,0,0
6.43,0.0151131832465179,-0.0249337125569582,-0.0188276035678977,-0.298053736893886,0.9752270445897,-0.0103337633792342,0.0218197226924345,0.747041682330318,-0.69414158745652,-0.452099324558711,0.269884468301981,0,0
6.44,0.0229570072248897,-0.01832015812397,-0.0229775969193896,-0.359701911156938,1.18296719019475,-0.0106932866097341,0.0306699814541135,0.908431982460159,-0.838777784166172,-0.450369017977322,0.207318586207264,0,0
6.45,0.0244414246982488,-0.0144258476793766,-0.0233126624134222,-0.239322910817896,1.19974213225837,-0.0103930078440545,0.032137965990955,0.976949066075744,-0.736360755236145,-0.448993072218706,0.170253754831508,0,0
6.46,0.0251606593150494,-0.0113955661654472,-0.0232966165025191,-0.123862148742007,1.198940629287,-0.0101036027327506,0.0327674889097743,1.02706122225412,-0.630829382787429,-0.447856766663701,0.140997929162344,0,0
6.47,-0.00669334641567688,-0.0169381275773048,-0.0378881644608693,1.19149555026455,1.92935116980955,-0.0370635899289205,0.0103249307036395,2.25471658441583,0.241476099657758,-0.446541819176447,0.19671468712049,0,0
6.48,0.0157569377098125,-0.0248888973146677,-0.0207021834545048,-0.328874545742345,1.06897258500676,-0.0119099104444362,0.0231304024820233,0.823515264098317,-0.756758524319583,-0.444714817595752,0.280060517852753,0,0
6.49,0.0216805491254752,-0.0197283178567886,-0.0221186320683591,-0.367179701738541,1.13987906870836,-0.010693851377578,0.0290675358032267,0.872559650014912,-0.820234650459306,-0.44287126069381,0.219864003740796,0,0
6.5,0.0242930432106545,-0.015256249345839,-0.0231649543216536,-0.274320892940372,1.19225735866857,-0.0105657639973306,0.0318611313093515,0.960774194653424,-0.757391912084499,-0.441425306299577,0.178160945335855,0,0
