t,iq,iq_ref,id,vq,vd,ia,ib,va,vb,theta_e,omega,r,"T_ass:0.32,S_pct:-0.13,kp:0.7675,ki:0.1386"
0,0,0,0,0,0,0,0,0,0,0,0,0,0
0.01,0.000525504708156334,0.000238280234043486,0.000281358568099092,-0.0143573904531009,-0.0140776821177849,0.000354926691231215,0.000478899661713084,-0.0160194429908962,-0.0121529107909841,-0.146229915307592,-0.00292779993284097,0,0
0.02,0.000622930110254181,0.000221302179852501,0.000330846644141659,-0.0200752380818909,-0.0165537957434431,0.000418094608398256,0.000568065421082284,-0.0193026491021035,-0.0174485264478494,-0.146251418749424,-0.00288674470736296,0,0
0.03,0.000652472982442908,0.00019203576084692,0.000349822740341562,-0.0230138769213226,-0.0175032531853664,0.000441184904863801,0.000594518983883898,-0.0206706105150355,-0.0202170290586062,-0.146270732732373,-0.00247467024165341,0,0
0.04,0.000630180540008569,0.000140780466608703,0.000342835296629916,-0.0244608210322968,-0.0171536387907299,0.000431031531871509,0.000573476566350635,-0.0205359455226741,-0.0216991712013766,-0.146285680596059,-0.00186344502612094,0,0
0.05,0.000638452964926421,0.000116235227324069,0.000351466159923393,-0.0261006089894804,-0.0175854860209372,0.000440782996452596,0.000580397277761452,-0.0212024820640796,-0.0232582428944387,-0.14629767048936,-0.00154246682541787,0,0
0.06,0.000634491457882791,9.00345330592245e-05,0.000352651284336946,-0.0272117420122158,-0.0176447871482968,0.000441383462879262,0.000576301116750123,-0.0214233588488841,-0.0243486573034331,-0.146307207310527,-0.00121892351962157,0,0
0.07,0.00064133558361058,7.66617740737274e-05,0.00035953959356511,-0.0282219060179066,-0.0179894437106618,0.000449200104516536,0.000582064701084356,-0.0219117810728623,-0.0252976266578028,-0.146314336327194,-0.00104053846184079,0,0
0.08,0.000627565766556857,5.31290024810005e-05,0.000353758988022646,-0.0287095812084256,-0.0177002007147905,0.000441477117070004,0.000569282151542151,-0.0216968821008693,-0.0258221313142047,-0.146320298170163,-0.000765174599627832,0,0
0.09,0.000622649668825405,3.9086848119041e-05,0.000352962991788517,-0.0291655037706927,-0.0176603846218624,0.000439975349203922,0.000564532705654486,-0.0217240800141889,-0.0262788915810299,-0.14632469729323,-0.000595938236642821,0,0
0.1,0.000619886352892256,2.90229236270534e-05,0.000352852804489639,-0.0295302341660126,-0.0176548712669308,0.000439465319551367,0.000561813514477786,-0.0217718935538354,-0.0266404553345452,-0.14632804389528,-0.000473513289177253,0,0
0.11,0.000617945166174341,2.14222818613052e-05,0.000352837107485412,-0.0298129701876022,-0.0176540735897523,0.000439168188756447,0.000559894235370653,-0.0218123981658535,-0.0269202301619714,-0.14633060852444,-0.0003808357038478,0,0
0.12,0.000616486301222495,1.56076639541425e-05,0.000352834531768412,-0.0300305700235198,-0.0176539547989823,0.000438954024458037,0.000558450473019157,-0.0218440620705857,-0.0271354787729724,-0.146332577279193,-0.000309895729744748,0,0
0.13,0.000642763997566118,2.72115412371932e-05,0.0003676634638702,-0.0307639303429587,-0.0183959115651378,0.000457457228378528,0.00058228417755976,-0.0226850774157844,-0.0277527698635408,-0.146334607089552,-0.00041658903592478,0,0
0.14,0.000658393363866277,6.42896566205309e-06,0.000377408037420712,-0.0325842796382279,-0.0188834707890506,0.000469377671356747,0.000596324785603133,-0.0234329082390302,-0.0294825297429571,-0.146336375211852,-0.000462528589112323,0,0
0.15,0.000620589208967784,5.07488402945455e-06,0.000356212945230554,-0.0307618021239665,-0.0178229866085586,0.000442897550656853,0.000562014580112692,-0.0221180560939587,-0.0278341322154549,-0.146337863521037,-0.000171327774968202,0,0
0.16,0.000613700242151462,-3.79518269255641e-07,0.000353297634702998,-0.0306900433255976,-0.0176771257784574,0.000439009121368529,0.000555624151075822,-0.0219633028779513,-0.0277843996121176,-0.146338302650868,-0.000113018161720861,0,0
0.17,0.000612370293109711,-1.7468189525971e-06,0.000352896612154749,-0.0306918735143541,-0.0176570641722023,0.000438418573673135,0.000554366800062907,-0.0219437284427275,-0.0277891309154175,-0.146338514015514,-9.78071936892582e-05,0,0
0.18,0.000612057534299269,-2.29221132030943e-06,0.000352841425053153,-0.0307034691174806,-0.0176542902350546,0.000438318448423148,0.000554065370058412,-0.0219426788749841,-0.027801003998794,-0.14633865383529,-9.14138888655202e-05,0,0
0.19,0.000611943854347796,-2.62078515333997e-06,0.000352833812525262,-0.0307141799219454,-0.0176539108401577,0.000438294398059889,0.000553953969896839,-0.0219438682262378,-0.0278116533758672,-0.146338757196961,-8.74495504594561e-05,0,0
0.2,0.000611879243790494,-2.85695932689123e-06,0.000352832748729234,-0.0307227261008252,-0.0176538587042547,0.000438283967889078,0.000553890170565301,-0.0219450650143537,-0.02782011408553,-0.146338835864301,-8.45739248032733e-05,0,0
0.21,0.000611833608976929,-3.03542310575722e-06,0.000352832589566287,-0.0307293370341329,-0.0176538516260931,0.000438277189484349,0.000553845020300341,-0.0219460236766065,-0.0278266540672656,-0.146338896156511,-8.23955430557579e-05,0,0
0.22,0.000611799324663203,-3.17193416776718e-06,0.000352832557811219,-0.0307344190049679,-0.017653850338949,0.000438272184461013,0.000553811086777549,-0.0219467647298864,-0.0278316808916378,-0.146338942441391,-8.07278326019541e-05,0,0
0.23,0.000611773131215826,-3.2766470212664e-06,0.00035283254586817,-0.0307383164914508,-0.0176538504861414,0.00043826837287518,0.000553785159460573,-0.0219473341854614,-0.0278355359184498,-0.146338977986745,-7.94479022830269e-05,0,0
0.24,0.000611753049572837,-3.35701247422548e-06,0.000352832538406952,-0.0307413028760342,-0.0176538506176417,0.000438265452362097,0.000553765281582555,-0.0219477705418677,-0.027838489764849,-0.146339005286882,-7.84650145972073e-05,0,0
0.25,0.000611737624542716,-3.41869167641562e-06,0.000352832532911973,-0.0307435882989191,-0.0176538507371965,0.000438263209301328,0.000553750013033989,-0.0219481044979962,-0.0278407502824491,-0.146339026254835,-7.77101307163498e-05,0,0
0.26,0.000617149286887443,2.30921614274848e-07,0.000355836783344889,-0.0308316471624007,-0.0178041663356167,0.000442024412975371,0.000558665800833286,-0.0221096514700261,-0.027905951292279,-0.146338937115391,-0.000115525119915762,0,0
0.27,0.000604147282932794,-8.84423207025975e-06,0.000348213710785145,-0.0306353117833482,-0.017422752518458,0.000432587088383817,0.000546914196942674,-0.021703694683703,-0.0277673237900053,-0.146339274988259,-2.08074847127564e-05,0,0
0.28,0.000603793198070672,1.62355772772571e-05,0.000348064592851182,-0.029363594432787,-0.0174152905823062,0.000432387925276247,0.000546585646452934,-0.0215108734825997,-0.0265102875520985,-0.146339261735834,-1.89298684058972e-05,0,0
0.29,0.000610312376277937,-4.43982025899459e-06,0.000352176728250351,-0.0307232827198397,-0.0176210376343427,0.000437406614848326,0.000552435605157806,-0.0219126825464368,-0.0278254454054774,-0.146339074194355,-6.69871055029603e-05,0,0
0.3,0.000602528778812426,-7.08074367139488e-06,0.000348403663090019,-0.0304662455245936,-0.0174322567126013,0.000432538391940585,0.000545285779430556,-0.021688413484938,-0.0275987030667241,-0.146338152299002,-4.54003229907976e-05,0,0
0.31,0.000610596671424319,-2.04423849936575e-06,0.000352223556204477,-0.0306177484630047,-0.0176233840585029,0.000437493904411062,0.000552710423551927,-0.0218995904407992,-0.027720716533715,-0.146338182173374,-9.66916499745551e-05,0,0
0.32,0.000611912482338179,-1.65294045473274e-06,0.000352748914366797,-0.0306639269916713,-0.0176496734525816,0.000438205612879743,0.000553935486739128,-0.0219323373777766,-0.0277625641589659,-0.146338360261919,-9.96464840359041e-05,0,0
0.33,0.000612050205341111,-1.97426106751664e-06,0.000352821138007535,-0.0306868388149364,-0.0176532889687367,0.000438297238030418,0.000554061134188218,-0.0219392597459488,-0.0277847002803233,-0.146338524793042,-9.53983793658262e-05,0,0
0.34,0.000612000024597107,-2.33224409385002e-06,0.000352831043766117,-0.0307021923160722,-0.0176537722107921,0.000438299793477519,0.000554009987806639,-0.0219419802720128,-0.0277998163308001,-0.146338656125528,-9.09698609255794e-05,0,0
0.35,0.000611933318686499,-2.62704793385637e-06,0.000352832384530856,-0.0307135632164324,-0.017653839393932,0.000438291449430596,0.000553943754769768,-0.0219437076366208,-0.0278110536649557,-0.146338757884243,-8.73600010319445e-05,0,0
0.36,0.000611877148304248,-2.85699002233741e-06,0.000352832552251751,-0.0307222197689058,-0.0176538498034528,0.000438283468139653,0.000553888125979336,-0.0219449823861704,-0.027819614456036,-0.146338836199601,-8.4550126772105e-05,0,0
0.37,0.000611833143314149,-3.03419096780999e-06,0.000352832562495715,-0.0307288490330509,-0.0176538514514128,0.000438277094924575,0.000553844563464732,-0.0219459523510519,-0.0278261713027492,-0.146338896378726,-8.23853100506101e-05,0,0
0.38,0.00061179915004022,-3.17036278829619e-06,0.000352832554053229,-0.0307339285763883,-0.0176538516185923,0.000438272155370704,0.000553810914497338,-0.0219466944874847,-0.0278311955147963,-0.14633894260489,-8.0721412024924e-05,0,0
0.39,0.000611773014800504,-3.27492739415902e-06,0.000352832545324997,-0.0307378215429393,-0.0176538517656196,0.000438268355430792,0.000553785044314672,-0.0219472632826797,-0.027835046070894,-0.146338978110147,-7.94432282791226e-05,0,0
0.4,0.000611752933157516,-3.3551993965375e-06,0.000352832538312504,-0.0307408032363902,-0.0176538518971194,0.000438265435345079,0.000553765166384323,-0.0219476989541923,-0.0278379952769596,-0.146339005380394,-7.84614707251078e-05,0,0
0.41,0.000611737508127394,-3.41681015925133e-06,0.000352832532883724,-0.0307430852181503,-0.0176538520166739,0.000438263192337185,0.000553749897836087,-0.0219480324079008,-0.0278402523907167,-0.146339026325568,-7.7707417049122e-05,0,0
0.42,0.000611725691972244,-3.46408819495991e-06,0.000352832528708551,-0.0307448314058212,-0.0176538521269641,0.000438261474115143,0.0005537382015359,-0.0219482875892353,-0.0278419795451636,-0.146339042412666,-7.71282587900485e-05,0,0
0.43,0.000611716611577153,-3.50035725205089e-06,0.000352832525500582,-0.0307461642384328,-0.0176538522302318,0.000438260153704642,0.000553729213248982,-0.021948482385466,-0.0278432978455936,-0.146339054768498,-7.66834313739973e-05,0,0
0.44,0.000611709626656359,-3.52817119164683e-06,0.000352832523036751,-0.0307471793234446,-0.017653850872928,0.000438259137999654,0.000553722299186463,-0.0219486293238697,-0.0278443020705316,-0.146339064258481,-7.63417780326024e-05,0,0
0.45,0.000611704213343901,-3.54948929270904e-06,0.00035283252114433,-0.030747948376456,-0.0176538509667812,0.000438258350808745,0.000553716940815562,-0.0219487417609208,-0.0278450627298797,-0.146339071547324,-7.60793684065376e-05,0,0
0.46,0.000611700080599982,-3.56582040694775e-06,0.000352832519690901,-0.0307485322457782,-0.017653851057343,0.000438257749845036,0.000553712850002798,-0.0219488271446606,-0.0278456402224535,-0.146339077145573,-7.58778225647266e-05,0,0
0.47,0.000611696937386297,-3.57831959263422e-06,0.000352832518574316,-0.030748974100731,-0.0176538511453644,0.000438257292786206,0.000553709738663658,-0.0219488917815803,-0.0278460772474434,-0.146339081445356,-7.57230236460216e-05,0,0
0.48,0.000611694492664542,-3.58787747245515e-06,0.00035283251771697,-0.0307493038951466,-0.0176538512315947,0.000438256937283822,0.000553707318749926,-0.0219489400485912,-0.0278464034318025,-0.146339084747811,-7.56041290806827e-05,0,0
0.49,0.000611692630019395,-3.59517434844747e-06,0.000352832517058398,-0.0307495498044465,-0.0176538513163325,0.000438256666430809,0.000553705474998003,-0.0219489760608939,-0.0278466466446791,-0.146339087284297,-7.55128111460253e-05,0,0
0.5,0.000611691233035535,-3.60073613592249e-06,0.000352832516552559,-0.0307497322891936,-0.0176538513998742,0.000438256463304601,0.000553704092165741,-0.0219490028072313,-0.0278468271240023,-0.146339089232426,-7.54426736661704e-05,0,0
0.51,4.46236742452251,4.59999990463257,-0.00729563476486123,6.88246966683578,0.379337749605935,-0.741224982307341,4.40038200425028,-0.757948389984067,6.85111670323249,0.16524410630104,51.163867389964,364.725044835634,0
0.52,4.49963518112217,4.59999990463257,0.0324857945461694,5.02007311901649,-1.59176203343783,-3.06176453942676,3.29747933960904,-4.60089091616256,2.56254624718052,0.755568168031757,110.450988369331,328.804907807929,0
0.53,4.42579750345031,4.59999990463257,0.00251337969459575,8.71317079170818,-0.085455678500056,-4.30996165476874,-1.00594253963515,-8.4645241169923,-2.06844854693566,1.8006588241714,174.693512529119,283.547215589721,0
0.54,1.76669657318598,1.88741421699524,0.00682707980727487,6.03994894552844,-0.310321270539841,0.248408420504227,-1.74915883994232,1.17941715540276,-5.93180054697402,-2.99665578371844,224.26979526458,241.54415622776,0
0.55,-0.83306909488047,-0.77082759141922,-0.0500231691930629,3.11661975894103,2.48967548483599,-0.821274694682948,-0.148372201488402,3.61692289823637,-1.68216274177869,-1.33208850183964,224.567051845121,214.189734185832,0
0.56,-0.550887967778526,-0.482246667146683,0.0345162290346221,3.4371799897174,-1.74268228287201,0.180783440217858,-0.521523030031197,-2.59950752253282,2.84494436870829,0.271109161060564,213.413500688212,208.734654983924,0
0.57,0.725255871265894,0.798472106456757,-0.00383188621572181,3.66670434740932,0.206402899476865,-0.700069469725967,-0.189508574252524,-3.59721040426824,-0.739865011773905,1.8298767294118,214.731536016282,226.431396615071,0
0.58,1.96933854141935,2.09608697891235,-0.010548082123197,6.34440422949075,0.549902355725589,0.639683305443133,-1.86258176236468,1.50756637602197,-6.1871723145473,-2.81613079952379,234.695008845609,262.244557208785,0
0.59,2.82186825583828,2.96443796157837,0.0261855310164016,7.13674078277295,-1.27499414506936,2.35749308491793,1.55108107135202,5.21474289707864,5.03638119961384,-0.979582731120952,269.194157845304,306.197538565939,0
0.6,2.89905450808378,3.07561993598938,0.0208003315238874,8.83789445386481,-0.976156328091036,-2.62275420268617,1.23535828281695,-8.43179558511843,2.82242497957055,1.13777862048796,308.594641167951,346.004622814727,0
0.61,2.16023894199878,2.3116762638092,0.00409068352220665,7.58292397509806,-0.148320582003432,0.826651994514059,-1.9958195059137,3.05191374949324,-6.94323825551283,-2.74701855799192,343.286980268073,370.306134450222,0
0.62,0.774755629209924,0.891052722930908,0.053938433860307,5.82717111980804,-2.66974651921168,0.165580537094884,0.758774489143604,-1.79762513774455,6.15239901180967,-0.145345036757143,362.92766821144,371.668920855323,0
0.63,-0.97180521377449,-0.821890532970428,-0.0232390378696894,7.50903242622753,1.15384383686458,0.582739852640283,0.778048642788593,-5.29631257502894,-5.44665004251211,2.52265586160797,361.091275712268,348.57482451904,0
0.64,-2.44583216886938,-2.38210535049438,-0.0178261690772186,3.2003051057337,0.853535559463724,-2.27656671494494,-0.894235295090216,3.28797977813632,0.399580654713028,-1.18922399957109,337.169690444366,305.880591778278,0
0.65,-3.42292412381569,-3.39292335510254,-0.0373416355102331,1.51439650707605,1.8174349766125,3.09339260680605,-1.46585338124237,-0.615213422135139,2.28428963139165,1.13918253850195,296.59617449632,253.626643512101,0
0.66,-3.54241935059899,-3.54636549949646,-0.0543441011081671,-0.182718352072621,2.67023567632328,0.0854423041559548,3.54180571876605,-2.66852860991402,0.206154362952011,3.13281314616603,248.492331518439,204.497914250652,0
0.67,-2.71819113935407,-2.74035787582397,-0.00259571840477035,-1.09348179339701,0.0901286479333676,-2.71166703565767,-0.188233088336121,-1.08445674263852,-0.16667087032498,-1.50053655463975,203.419779582321,170.587941835702,0
0.68,-1.44872906168205,-1.42447185516357,0.00938180732838928,1.22801482365759,-0.478736606861387,-0.165026148966538,-1.4393298032863,-0.32747844502994,1.27670161506622,-0.120632170366773,175.827509932004,160.297955478278,0
0.69,0.356179140202991,0.405295610427856,0.0169521589472633,2.47157730553496,-0.849248633961688,-0.314370295475767,0.168292224809092,-2.59674776190981,0.294650098485706,1.12684345079433,168.835676298906,176.169317067513,0
0.7,2.05808551823203,2.13263249397278,0.0502682038567123,3.74396499271781,-2.48591741830124,-1.40815566138086,-1.50177912024253,-0.639026435199288,-4.44844967291151,2.41277701135509,185.88140852495,214.208806660883,0
0.71,3.12978464050466,3.26064682006836,0.035422775255129,6.56091650584591,-1.73389404620056,2.14021638448443,-2.28391779548434,5.79181242510847,-3.53651280112064,-2.37734684900598,223.169341036249,264.883256992902,0
0.72,3.4868952438397,3.65686988830566,0.0558179583122043,8.51794566519416,-2.74713590927481,1.9441605096571,2.89513281192278,2.33003479318259,8.6413593792751,-0.575353504397468,270.591945057739,315.531370684418,0
0.73,3.04792744090914,3.2096529006958,0.0276765850406224,8.10688871179688,-1.31826163993683,-3.04801537742469,0.0151636865267247,-8.10140853343536,-1.35153176476522,1.57490164120247,315.370010986616,353.576409568153,0
0.74,1.75537393509733,1.93155860900879,0.0297675609037442,8.83117487556971,-1.44101782948466,1.33029747568734,-1.14565805800909,7.71013809008772,-4.54091980765626,-2.26480293860479,348.030759642203,369.717470973534,0
0.75,0.108084571671243,0.214230582118034,0.0173752912791279,5.33039172564294,-0.855554899428249,-0.0202734715148278,0.107578630466873,-2.61098532130404,4.72523076544133,0.345660765038536,360.117776584633,360.282250081733,0
0.76,-1.61029151799356,-1.50144970417023,0.00300858526207337,5.46602054401004,-0.180552764421555,0.290416493132231,1.58388954318919,-0.818308732316888,-5.40743476214869,2.95838208931667,348.804696447078,328.13923559841,0
0.77,-2.84860669932907,-2.78511142730713,-0.0231019220437235,3.19921746262589,1.11179857147236,-2.19550551733468,-1.81517198899101,3.16439368196333,1.20735291536857,-0.871835944974655,317.648989696052,281.936948433147,0
0.78,-3.33318460460931,-3.31577372550964,0.00235525610860599,0.89534652292665,-0.164176774711261,3.21446203886835,-0.881679622260942,-0.906827157303933,0.0791449066428289,1.30238809793877,275.263101691517,233.867110719528,0
0.79,-2.91394253729833,-2.89812207221985,-0.0144985190084524,0.816106187873418,0.685329555643335,-0.0183095121512131,2.91392108326475,-0.676097850099173,-0.823770360485767,-3.13033374750527,231.825771396531,196.527204146678,0
0.8,-1.72372047824,-1.70490396022797,0.0171260949954555,0.966287762482711,-0.885537038555622,-1.72338492219306,-0.0380788680418479,0.955451521935261,0.897218075948818,-1.55863974173356,199.017861612427,179.688466403375,0
0.81,-0.178105850911781,-0.113804511725903,-0.026041377645073,3.24105836883217,1.30591840822276,-0.0535290347163984,-0.171856015085285,1.79591837939091,2.99742546424061,-0.156767589650201,187.051061463651,187.798764168461,0
0.82,1.48394671655244,1.55760824680328,-0.00895425577660491,3.7099392803376,0.459173812559991,-1.40594627616474,0.474861142653064,-3.35808846545049,1.64247737035891,1.23904026477618,197.531349181553,218.860033436563,0
0.83,2.81628685982687,2.94295477867126,0.0493045276438091,6.36139814270139,-2.42045296482456,-1.03024831956947,-2.62154363177574,0.0451226335764683,-6.80616946841848,2.78464648103444,227.355700874999,264.965958022911,0
0.84,3.32331244357355,3.50814938545227,0.0193705764627405,9.27123856964721,-0.912458321170204,3.3037289552031,-0.360771128828069,9.31592251532488,-0.045083163704816,-1.67373789435112,270.484011901211,314.358358810875,0
0.85,3.03406009143631,3.19464564323425,0.0598582471083506,8.06011984492336,-2.94174088487119,-1.34211110058018,2.72173500581758,-6.3188139794039,5.80447768898632,0.477845556225063,315.659880186687,354.470279964924,0
0.86,1.97474286981641,2.13471603393555,0.052063357199764,8.03086635409262,-2.57009345740954,-0.470871797299959,-1.91848892244943,0.803240795634937,-8.39374761363147,2.92726990253744,350.54154416169,375.170405405637,0
0.87,0.475342149724757,0.573838770389557,0.0344813572830673,4.95828387641788,-1.71990581724088,0.337726861365889,0.336273237735299,1.95273794164198,4.87129033733325,-0.715141628567119,366.67864417686,371.372344413067,0
0.88,-1.20137758571039,-1.10735976696014,0.00160216344929465,4.73526888486257,-0.108386572330854,1.1094638851863,0.460869350079137,-4.3339573792853,-1.91084601565581,1.96317256965806,360.48767148477,344.336570734415,0
0.89,-2.54055313807859,-2.46190118789673,-0.0107619649791517,3.96759243028827,0.485751882410512,-2.49043437874976,0.502257575784026,3.79856208217863,-1.24445598233964,-1.76556559728399,333.69592691708,301.330063133387,0
0.9,-3.15229516216983,-3.1125602722168,-0.0242630855091098,2.02218716897363,1.15306176697797,1.59215392894859,-2.72077183043549,-0.0440585303963918,2.3274129910111,0.537151440208623,293.134805167259,253.732143304345,0
0.91,-2.96233769515444,-2.92044544219971,0.000418861828652917,2.13038340533346,-0.0754311716510841,1.70373391979848,2.4233727583899,-1.16379598346428,-1.78600174251014,2.52868629841028,249.64281230731,214.075635160411,0
0.92,-2.07457794056954,-2.02961134910583,0.0143131562893203,2.28440983653181,-0.735853006567726,-1.84416957939849,0.950324713117534,2.36495794363278,-0.408634155897755,-2.05351842159684,216.34403660791,192.787146424888,0
0.93,-0.499833167732253,-0.444780439138412,-0.0203150287304088,2.78932224192537,1.00843187608095,-0.27705630108397,-0.416516148531176,2.31088161339912,1.8593223461384,-0.546348225236857,199.013863031796,195.468273944218,0
0.94,1.1126437068026,1.20508563518524,-0.0248896830675439,4.65956840829885,1.25457959104745,-0.899648629671564,0.655154834936527,-2.94330870659649,3.82393534981474,0.919005391186169,204.665404402185,221.42073614717,0
0.95,2.47186150244016,2.62076187133789,0.0309469626977695,7.48359491216688,-1.51012652716271,-1.49962124373378,-1.96524632733108,-3.25303259001043,-6.9066963090743,2.50229789737016,229.862547625841,263.798501357008,0
0.96,3.09131744407981,3.26159811019897,-0.00313596280708173,8.55393914192978,0.201427214225376,2.87114116790431,-1.14577561865311,7.86662085725147,-3.36551987881888,-1.95151195365363,270.437961641654,311.351185890191,0
0.97,2.96167323418351,3.11355924606323,0.00419154103197483,7.63560162080938,-0.165723122070477,-0.546811958056856,2.91075979730744,-1.58320490136772,7.47150175702186,0.187109840299493,313.657247756872,351.313072216936,0
0.98,2.00021187661107,2.15132260322571,-0.00595830648513218,7.59818668013014,0.325957620505974,-0.995328495988938,-1.73499401665382,-4.08279586772655,-6.41634374850257,2.61777337102467,348.021286536044,372.696521056513,0
0.99,0.444687023193018,0.587805092334747,0.00740744000922641,7.19971828886506,-0.375250044701952,0.387767251299593,0.217802611516292,6.02849989731231,3.9539783791989,-1.04237094083378,364.378164553449,369.143411596139,0
1,-1.27175024205475,-1.16911494731903,0.022899410274944,5.17648277277467,-1.18624619408335,1.26918674491153,0.0838931922037684,-5.11360312480884,-1.43325399415298,1.61879599868436,357.584629941845,340.60066861094,0
1.01,-2.74371576303538,-2.67173552513123,-0.0118850807877559,3.6443098154888,0.528397905973536,-2.31125083738627,1.47859291563143,2.79552149098407,-2.39692677646844,-2.1355912718668,328.425743093849,293.387106110235,0
1.02,-3.61360115792934,-3.55619168281555,-0.0308135214025036,2.9160575655586,1.46837113792057,0.395243617363652,-3.59205307374804,1.11449877509317,3.06877793342,0.118118812119849,283.323921239901,238.631375261173,0
1.03,-3.67232745921835,-3.65578556060791,-0.0171110633558072,0.872801942235199,0.812446719389581,3.321388934088,1.56673459932946,-1.1376747288315,0.357140187593901,2.01621687231619,234.245098959998,189.478738735075,0
1.04,-2.70338854302668,-2.71539974212646,-0.0277489611891213,-0.554666109908266,1.35654253772521,-1.07087745244866,2.48239825597185,-1.46492559623245,-0.0430714248862217,-2.72405941305156,190.211727546979,157.780299642176,0
1.05,-1.27273655482725,-1.19284749031067,-0.0518504831959317,4.04061725719063,2.58267383570826,-1.26834464218529,-0.117680411458591,4.34789132738226,-2.02302569584098,-1.43756167426018,163.566775794766,151.111010119733,0
1.06,0.62447892188047,0.668585479259491,0.0211085983271185,2.2520193733635,-1.05179408589856,0.184715391607448,0.59690846944874,-0.422026095945221,2.4494399424107,-0.26631789731516,160.278903838429,170.878189485487,0
1.07,2.28195127742142,2.3510525226593,0.0101602808643589,3.50264471165045,-0.477312977666331,-2.04604796317601,1.01049126478946,-3.35684577398537,1.10812188155368,1.11651340081328,181.239524428345,212.002171509448,0
1.08,3.347907307855,3.45173215866089,-0.0080987719476795,5.24003430306397,0.44977754973408,-1.76523091798189,-2.84473350918795,-3.15523819929628,-4.20769904427984,2.58379806506596,220.307496531339,264.247108167536,0
1.09,3.52239669579727,3.67354416847229,-0.00889461920219814,7.60753408409353,0.492404769832809,3.32626452318112,-1.15901765242852,7.01437362142398,-2.98590019877929,-1.90860963598839,269.612725702028,314.856646041397,0
1.1,2.94235480555851,3.14089560508728,-0.000766576206536751,9.97861836087074,0.081569279412074,-0.68226764741533,2.86216059065921,-2.2319430180132,9.72614560365989,0.233747424420628,314.638014336371,351.814967909875,0
1.11,1.69258773949541,1.85492479801178,-0.00209981110488244,8.16972302774234,0.132130224055856,-0.772981644580454,-1.50577456554378,-3.85748332746113,-7.20289213611393,2.66608564310042,346.291521597109,366.89442562155,0
1.12,0.0625727767282494,0.201892212033272,-0.0201441717496669,7.01996452549112,0.995206952216005,0.042948337036661,0.0497652528251269,6.51235893668641,2.80348352887144,-1.0234580191677,357.623288715547,357.707534163332,0
1.13,-1.46712575235016,-1.35760629177094,-0.0309970817472188,5.53084688017462,1.50619871811348,1.46717708369358,-0.0284639661726584,-5.53343916738182,1.4966471766147,1.57252287997419,346.943140311515,328.238787918251,0
1.14,-2.49026164505658,-2.43399524688721,-0.0491534331609509,2.86880481281734,2.40183657990523,-1.88997083070152,1.62229139797043,0.685179533467826,-3.67823177865827,-2.26039301158498,318.790221016159,287.724199328441,0
1.15,-2.7932677547474,-2.76459383964539,0.0216602053471208,1.48960930996235,-1.12183599895139,-0.131759380453961,-2.79024253065386,-1.0383442864212,1.54896515381277,-0.0549407039101621,282.391595801517,248.172599309448,0
1.16,-2.27249506488409,-2.2210431098938,0.00149577914037091,2.6288989777265,-0.103971108218182,2.16410526759835,0.693458324653227,-2.47237504976921,-0.899600711268193,1.88023696842182,247.893413856899,221.172878791251,0
1.17,-1.01965442822736,-0.958998262882233,0.0353622858131905,3.08964260184162,-1.78908930633451,-0.485597386039384,0.897296396367067,2.97747730546696,-1.9701169631736,-2.68021428246348,225.11124607149,214.815364196341,0
1.18,0.477625092400708,0.576253950595856,-0.000167660020612859,4.98906368068215,0.0175776890585575,0.414681014728844,0.236992432419527,4.34116220740929,2.45873464896391,-1.05194333834578,222.532194298885,231.526037326466,0
1.19,1.98640841763661,2.08256554603577,0.0163564420125044,4.86652713876692,-0.785503264190992,-1.16131373281828,1.61165639911879,-3.51092149705909,3.4602791812075,0.632633352764918,239.977234451121,267.376908304347,0
1.2,2.88474982751365,3.00967454910278,0.00741678651411948,6.30627189527525,-0.328729328285303,-1.7014788108992,-2.32955069318597,-3.44047936053153,-5.29530263140549,2.51333203251664,274.918660263733,313.055103292316,0
1.21,3.03907902548854,3.1940598487854,0.0303851736286485,7.81052536152474,-1.47383019017892,3.03635553425626,-0.132172809352687,7.85551298343733,1.21136188628811,-1.60430112799116,317.153380149291,356.245128024758,0
1.22,2.38758637760005,2.5397777557373,0.0172024232720711,7.67251643470462,-0.823449501907866,-1.80124465362197,1.56728501928208,-6.3603244137815,4.36942225865843,0.861946149142426,355.034827930803,384.813514666141,0
1.23,1.0304055757492,1.1539261341095,-0.0190684720708742,6.24030973811122,0.964731593997562,0.435177942442875,-0.93419452769396,1.64805473747053,-6.09557940300377,-2.72415458647199,378.105644296489,389.976713694519,0
1.24,-0.744452598207303,-0.620964586734772,-0.0205574997158518,6.23976337885585,1.00293564210756,0.0281950682325203,-0.744202472382035,0.592527393315103,6.29201384411156,0.0654754089019262,379.086083112044,368.635374147649,0
1.25,-2.40515766386268,-2.3583505153656,-0.0180714025280917,2.40643464585224,0.847724450986021,0.880731483754925,2.23817381298896,-1.65548149873914,-1.94137720623529,2.77421181307197,356.094076617625,324.270617585135,0
1.26,-3.66432660297573,-3.60994958877563,-0.0221290965706835,2.7853361311493,1.0327023106788,-3.18458354080056,-1.81278978975854,2.92855572525247,0.498129290504026,-1.04726322880987,312.687415618534,266.166044831279,0
1.27,-4.04306495130277,-4.03886127471924,-0.030259801677377,0.276875197187897,1.44183539290812,3.49227963349356,-2.03746725557408,0.477051607095902,1.388513931953,1.05014113532205,257.552648736527,207.148459684427,0
1.28,-3.68463180371725,-3.70316028594971,-0.0461660647972471,-0.859679850198073,2.27158186825946,1.46511153838291,3.38113753263614,-1.76356887946238,1.67001749584653,2.74522549223515,205.122211562605,160.420350544324,0
1.29,-2.35385584127534,-2.33316826820374,-0.00998789636015962,1.10129472794029,0.474233453023968,-1.89317690806782,1.39879171942734,0.608326254008245,-1.0332892210995,-2.20288611725476,163.522948914593,136.2903618162,0
1.3,-0.599599455140801,-0.588723599910736,0.0407005507406748,0.611037775877035,-2.0368808304548,-0.511881223603658,-0.314886732584531,-0.40635587076689,2.08737289129572,-1.08708288339064,144.505720079901,139.634373968379,0
1.31,1.26328411377628,1.3181734085083,0.00800756018830895,2.81241394747694,-0.394014303108578,0.0368192111815324,1.26277282946208,-0.329764593139326,2.82066921068895,-0.0228105718527581,150.126493621518,168.732608586798,0
1.32,2.79581854962265,2.91896724700928,-0.00959661152566516,6.22639680846513,0.515502450079404,-2.57529126427903,1.08837877666509,-5.52458015524821,2.9176658651635,1.16750778755951,178.092472125194,215.775493997237,0
1.33,3.50166837623678,3.60053849220276,0.0419946169601146,5.01372689947824,-2.06007582372794,-1.73215405762502,-3.04353204117249,-0.624996006990308,-5.3843058803625,2.63617600723899,223.644239633691,268.903503982885,0
1.34,3.41392046075301,3.58864402770996,0.027393307991215,8.80772863554481,-1.32527276781116,3.28861211572513,-0.916860762589729,8.84852929444879,-1.01782166993021,-1.83466688118749,271.98118373232,315.253670270321,0
1.35,2.53960867154174,2.72160863876343,0.0602558265454888,9.17291848988921,-2.95664180562215,-0.730344329777743,2.43307215864309,-5.65572458930171,7.80364938723364,0.315338137448853,312.39065867219,344.228792096792,0
1.36,1.1073572023373,1.24705541133881,0.0429385216148863,7.05904430178342,-2.11501367491905,-0.502548383939363,-0.987688620976615,-1.03421962214369,-7.29614823539164,2.70967612736266,337.001104351751,350.150393237482,0
1.37,-0.470224545180222,-0.381860941648483,0.0139568611746976,4.49324467141392,-0.697086930545562,-0.407256775826483,-0.235473640578333,3.62398730613032,2.74625087545427,-1.07623714350572,340.601167667684,333.617193044683,0
1.38,-1.77204786428713,-1.7202080488205,0.0172831726529167,2.6677648569748,-0.889740231906179,1.73987139287645,-0.336600471823299,-2.79164263317165,-0.339615107203238,1.36994140984859,324.235000332573,301.225776461336,0
1.39,-2.45466089577466,-2.4106023311615,-0.0253194545513142,2.27923911996084,1.22931524712814,-1.15064358550159,2.16841428863769,0.00916401763782471,-2.58960671986352,-2.64342143285547,294.433727503449,263.732991135921,0
1.4,-2.24884920965234,-2.24912929534912,0.0062435916813201,0.0628148997371653,-0.349829615127414,-1.28701972097963,-1.84416430612908,-0.250227228494581,0.252413956367522,-0.612083297835184,260.823695741692,233.141499869664,0
1.41,-1.40794041368695,-1.34350526332855,-0.0290121261750705,3.29910229537121,1.42243928800186,1.30121550567331,-0.538494308004748,-2.55698777901746,2.5237319551272,1.19901977251601,234.803554993475,219.467424503727,0
1.42,-0.0602019986895149,0.0358660407364368,-0.0293502380464435,4.88143129362227,1.47550888936451,0.0441182749261075,0.0503914172963973,-2.70464955334844,-4.32323591196694,2.87609428712043,225.807439176832,228.030715613201,0
1.43,1.5014687077813,1.5869654417038,0.0138873242709792,4.35384222887561,-0.674010958536827,1.48166039509274,-0.24348226184977,4.40570458606086,-0.000162882030863121,-1.72442239974232,236.523861494187,257.97375729556,0
1.44,2.65921751808487,2.7757875919342,0.0134964556135821,5.90872925557328,-0.642452605801715,-0.276995704838431,2.6447860673984,-1.28389847161009,5.80322595467092,0.109427614591539,266.977809670429,302.396562995144,0
1.45,3.22381485539801,3.3907196521759,0.0316166640017512,8.42689129093684,-1.53453132519341,-2.60581844167426,-1.8983392964267,-5.84648074440545,-6.2598678997694,2.21020189458339,308.454740755329,350.079388655272,0
1.46,2.98259719116672,3.12123608589172,0.0289583601603939,7.01507384928643,-1.39054857992069,2.96993526989249,-0.276059928326139,7.10618835492766,0.804346646883261,-1.65377269941286,351.203729019242,388.353186083255,0
1.47,1.82136442554329,1.992640376091,0.00613763509887033,8.64834071124812,-0.280957236036478,-1.57702027817674,0.911270038692486,-7.64237104983533,4.05794267615398,1.05019791261158,384.091574678404,406.380737897897,0
1.48,0.204026165591131,0.297785609960556,0.0157833592229748,4.77378002645359,-0.800661902971804,0.133121937961033,-0.155416666762866,3.94198186538619,-2.80905930816778,-2.35610329974709,397.085439131301,398.00324998521,0
1.49,-1.65217612936655,-1.55968415737152,0.00412885553887998,4.71134094844434,-0.255397085710055,0.836170700353125,-1.42496370822827,-2.59484832610191,3.94065012001874,0.528159081044214,385.593136532047,363.416584247183,0
1.5,-3.21332863195666,-3.15418457984924,0.0087011111196964,3.04450407839948,-0.509593192899916,-0.325495355246581,3.19681237797906,0.807300396948884,-2.9794221545003,-3.04283142302207,350.697360481123,309.240210474417,0
1.51,-4.06161995665654,-4.06750440597534,-0.0267878413491647,-0.206621643260174,1.25974956821759,-2.49272664930616,-3.20683459389375,0.873957623934729,-0.930515743904581,-0.654160664342584,298.683512232324,246.953605614147,0
1.52,-4.15277697742206,-4.10638761520386,-0.00358123085201778,2.40714980685965,0.108894699030908,4.030105171133,-1.0019090572643,-2.31036135345549,0.684440402519343,1.32799229246734,240.504757273628,190.093470119203,0
1.53,-3.33448878434567,-3.34926271438599,0.00172982996435023,-0.650946985308665,-0.119631310998554,0.788595744598183,3.23989740529549,0.270497865225259,0.604048452661083,2.90231519305863,191.092454144865,150.923171641288,0
1.54,-1.66842402296669,-1.64977049827576,0.0352160177352474,1.02064526821246,-1.78357450493346,-1.43784744177461,0.847038147015645,1.80579256163824,0.980799675012752,-2.12426793446891,155.820898779306,137.421509422304,0
1.55,0.119983728828604,0.186847776174545,0.0435776765343716,3.43156760661662,-2.17659012493107,0.125296242079211,0.0244123083008971,1.82128571008044,3.63264630441567,-1.02998785556178,146.728126437461,151.356322921775,0
1.56,1.82069321984251,1.9085305929184,-0.00978321013120342,4.48106314661742,0.500523551995936,-0.16964816231687,1.81279866863462,0.105039189491691,4.50770645880434,0.0879385020081411,162.472479725128,187.930586406557,0
1.57,3.11101730926197,3.20828461647034,-0.00509643902968815,4.95361362124685,0.294794598431144,-3.06350538324025,0.54165435387932,-4.82473367429781,1.16066219718024,1.39415807333688,196.19728544538,237.085831361115,0
1.58,3.35271892948842,3.49187040328979,-0.00395223196049865,7.04908540740501,0.238487016366164,-0.467491629882696,-3.3199685866401,-1.22724518539161,-6.94552736606793,3.00052153389259,242.92483290768,286.123510333542,0
1.59,2.94112759016985,3.0850191116333,-0.0177644807438109,7.28743697286141,0.93142800760717,2.86083695596383,0.682758368550681,7.30919765053766,0.741569600345959,-1.34256167042335,286.3939453078,322.96823451535,0
1.6,1.75430043852809,1.89850604534149,0.0213924662539067,7.30431467827583,-1.02633388793088,-1.49221380290374,0.922673090891806,-6.78806579476576,2.88592046576516,1.02920511770131,317.91907236514,339.23412458887,0
1.61,0.176460511547726,0.319580495357513,0.0352593229954453,7.25106400396977,-1.75002356368559,0.0146798941531416,-0.179348913298728,3.67851497848939,-6.48914780353708,-2.86270673894194,330.682926628584,332.308495626,0
1.62,-1.29200830694764,-1.18794667720795,-0.0250693794495142,5.29894651776332,1.23916951745239,-0.592098473262011,-1.14862236482166,3.44834963831157,4.20990024383663,-0.456558343731884,322.647809354448,305.921970643567,0
1.63,-2.26413205937314,-2.20954847335815,-0.022038587931112,2.82558665302487,1.06856399028687,2.19802726392523,0.543558486899624,-3.00283349345639,0.329787728192858,1.82295983240511,297.769958420908,269.065190560188,0
1.64,-2.4477311578536,-2.4388735294342,-0.0511384950449456,0.539796324615119,2.51882751905548,-1.61240136081641,1.84232592622483,-1.49644965423961,-2.0967857723538,-2.40176093105627,264.111938361408,233.538861510705,0
1.65,-1.86659860672938,-1.85885643959045,0.00299993300819257,0.484392715954561,-0.185405522430109,-1.02510495536144,-1.55992281499295,0.111890358040589,0.506450450483526,-0.582993087603938,232.910755508671,210.776156198016,0
1.66,-0.758472695934867,-0.681522727012634,0.00312492719612995,3.94536904430749,-0.159136077145199,0.660029672977644,-0.373699647360968,-3.50420375456521,1.81983989222132,1.05149112711511,215.531115821714,208.763813829731,0
1.67,0.838895045440913,0.909453213214874,-0.0111786187172784,3.62655960115792,0.568771298919178,-0.406363167807127,-0.733988306876543,-2.29256405644723,-2.86698192849399,2.62263670278054,216.738310796963,229.862478174218,0
1.68,2.2264659615419,2.35054183006287,-0.00243110087522092,6.30355610244571,0.143714486769522,2.02380850197582,-0.92809252528319,5.66686834658849,-2.76443059830074,-2.00186022977707,239.61895611783,270.09454884619,0
1.69,3.20310446313123,3.40577244758606,0.0344097640654555,10.2344985960786,-1.65906908699819,0.402371639852421,3.1779174465421,-0.471638421006716,10.3573659271264,-0.115202497938526,277.44673964835,320.088909685604,0
1.7,3.38942242091145,3.58942770957947,0.0253035567562048,10.1029154126907,-1.19141553653143,-2.95485842783482,-1.66061322673743,-8.17871778969976,-6.04954098532447,2.09026676706615,323.459818779977,367.443902295913,0
1.71,2.73542324380399,2.88650989532471,0.0623186332956033,7.65849779573688,-3.04841317467007,2.71981327945152,-0.298395140238854,7.89321486356399,2.3754095411994,-1.65729277879501,365.783976643508,399.903043516986,0
1.72,1.26946653473359,1.45073187351227,0.0351480077382806,9.16883148732044,-1.71612266021712,-1.13763275140189,0.564422171954855,-9.04301911225515,2.28830792577781,1.13792371305227,393.117145291883,408.526746892654,0
1.73,-0.516039785482677,-0.394202262163162,-0.00293186769960579,6.19861765724387,0.135009242253299,-0.405885277623512,0.318689186289244,4.81427255636186,-3.90690006389341,-2.23074790040404,397.717337600156,390.042180312109,0
1.74,-2.24333577072953,-2.18374609947205,-0.043312333855706,3.0870508107376,2.09996292230018,1.27804823792848,-1.84418655239284,-0.104453314290085,3.73213296765335,0.625327099880178,377.162246811903,347.762808618527,0
1.75,-3.56022881575482,-3.49436330795288,-0.00954343723855433,3.40129678299926,0.391062899674716,-0.382206234414611,3.53966646622247,-0.0144827161629552,-3.4236735020261,-3.03135079156529,335.617747236496,290.835396813007,0
1.76,-4.07496582161906,-4.05921602249146,0.0066711723411701,0.895771170048119,-0.414849745838146,-2.79668244813513,-2.96377432275077,0.314581469668951,0.935705509042388,-0.758036698612574,282.314095639212,232.00119633561,0
1.77,-3.71555794440394,-3.73653745651245,-0.0306742565846061,-0.940636102099991,1.49003502956554,3.3220237714815,-1.6644728324464,1.50088333146463,0.923227973600168,1.11457104855576,230.018855022151,184.439451104546,0
1.78,-2.43393172925458,-2.4186863899231,-0.0548312555870727,0.870781378248161,2.7119243125054,1.24199538148842,2.09391442079729,-2.79029991463504,0.571856688209019,2.62875270319217,186.964222231373,158.497179127732,0
1.79,-0.778467312427505,-0.750524997711182,-0.0318141597802523,1.50597685574463,1.58951003547114,-0.518583677054171,0.581458912713187,-0.0946261855572483,-2.18759098734403,-2.37244450175681,166.214387783787,159.138757323957,0
1.8,1.02623068662032,1.10526442527771,0.021780548075777,4.06124988767967,-1.08370187369352,0.949215348769962,0.390658464768406,3.28836215795438,2.61817392840097,-1.15914422312297,168.992754217567,184.76452018178,0
1.81,2.539678437374,2.61197829246521,0.00791945868337462,3.72548441022726,-0.360201814359218,-0.393389206935163,2.50903850407984,-0.944217282374508,3.62179971306799,0.158640967153163,194.146409128263,227.696714861649,0
1.82,3.18238375474033,3.3304398059845,0.0492583525147698,7.51451933629836,-2.42108891312649,-3.15087744528784,-0.449404130492823,-7.04301059451588,-3.56730628715883,1.72794626675113,234.400788205157,276.203883552731,0
1.83,2.99253419571593,3.17697072029114,0.0370265557978204,9.33485142316836,-1.81297858746354,1.31387966926747,-2.68893140355961,5.82057790433039,-7.51978824906996,-2.67471387008617,279.028859226144,317.540846257523,0
1.84,2.16013857553775,2.29726099967957,0.0205333706135008,6.97041117817089,-0.999948126857655,1.04160939556114,1.89253009273664,2.42218053646232,6.61207756291159,-0.493629082714072,314.853979823286,341.222115825195,0
1.85,0.742997547937923,0.834602952003479,0.00518696071791958,4.69564481654269,-0.257229444350481,-0.705863373861041,-0.232011116640485,-4.36848323000686,-1.74114947644192,1.89534422100748,333.827647131677,341.688363389003,0
1.86,-0.878155090506577,-0.786260545253754,0.01211735369406,4.71097921798567,-0.62684719513557,-0.824829528423151,0.301594831329059,4.62511077750506,-1.09298348301733,-1.93513805011373,331.657147683195,319.683314094663,0
1.87,-2.21844685658017,-2.12280607223511,-0.0336221704371027,4.89890690575706,1.65062411437093,0.887738817173844,-2.03336093655262,-0.52538803892989,5.14274403862048,0.426798372799665,309.84374475869,281.991504000751,0
1.88,-2.85557070334018,-2.81274032592773,-0.0149993019240968,2.25875122065556,0.710985004176249,1.5488675069925,2.39906616553521,-1.81448292459233,-1.52154805028936,2.57356045705741,275.208874125427,239.609921322114,0
1.89,-2.66273146297744,-2.60600996017456,-0.0142633910965069,2.95360238497243,0.674848213227856,-2.56432155232493,0.717354350748224,2.67030172636261,-1.43131961825321,-1.83821128307104,236.940585045054,204.829939210921,0
1.9,-1.65576360470808,-1.61983895301819,0.0193302725514426,1.91411875906715,-0.996920248513438,-0.339577715115301,-1.62068311199626,-0.558899162740226,2.08454607327282,-0.218213634790857,206.632673686165,187.986346000759,0
1.91,-0.238359210256575,-0.156651973724365,0.0208425061697965,4.20378075653526,-1.04105073097219,0.232260662789729,-0.0574848475517868,-4.3143581014707,0.376660916140835,1.24095089489993,194.781670343653,194.715580572508,0
1.92,1.39575413535812,1.48870706558228,-0.0208285514581546,4.76700672205432,1.05274686745012,-0.590944073578642,-1.26465352441979,-3.02928200909304,-3.82832594803817,2.68954236937143,204.113055928235,224.433584803503,0
1.93,2.79982876629386,2.89940452575684,0.0252218899304701,5.09927030002306,-1.21529697950044,2.53232688623334,-1.19457013421482,5.13987122837411,-1.03015925798496,-2.00256370221643,233.539340941612,270.428931955318,0
1.94,3.45862546656485,3.60466384887695,0.0673726981248031,7.42378561237414,-3.30884106572791,0.529348433867076,3.41854054151563,-2.28620315593936,7.79963442390177,-0.134149072080584,276.556359362991,321.550124700657,0
1.95,3.23754074324369,3.41035056114197,0.00450815478587541,8.76382244429102,-0.162728569627625,-2.84476955847982,-1.54563143949942,-7.61688721442215,-4.33752159478249,2.06989199012282,323.568196751989,365.054477713465,0
1.96,2.25002172866637,2.42059993743896,0.0513740456564012,8.65366642834729,-2.522476051295,2.22717844569767,-0.323903138387996,8.89573063924491,1.45423673329381,-1.6923871585749,361.771167636297,389.885753231211,0
1.97,0.667594496668487,0.842034161090851,-0.00157530527310237,8.84802901082521,0.0975680366798472,-0.578534927518706,0.333139957389803,-7.60832078305246,4.51780829167841,1.04597599131177,381.743137593022,389.536038991623,0
1.98,-1.05444904446278,-0.971024990081787,0.0119982680880821,4.29820085187288,-0.616370438306854,-0.692541393482538,0.795231516049789,3.25512057267391,-2.87378376667668,-2.43648612154128,378.564097159481,363.753071980661,0
1.99,-2.64065621231738,-2.55332708358765,-0.027003370502511,4.494119305389,1.30457515236463,0.636509856393751,-2.56293769264539,0.135072566422112,4.6776896071712,0.25365234433431,352.488758223903,318.650212963901,0
2,-3.55889540527462,-3.49746561050415,0.0201882771837569,3.19956795773296,-1.06956354180349,1.55289185143279,3.20229151858073,-0.452674188432985,-3.34309547653567,2.6843998311284,309.789591459295,265.1864948843,0
2.01,-3.51677115433473,-3.53631114959717,-0.0194074439058778,-0.848702122990435,0.915864318708355,-3.51200110858,-0.184130970161579,-0.794281387330967,-0.963441654482089,-1.51289672724962,260.441144869433,216.403128149097,0
2.02,-2.69263800949174,-2.66727447509766,0.015511022654203,1.39675542967702,-0.819900011408133,0.625286822680886,-2.61907549172701,-1.11508980918102,1.17462184404171,0.228595954351903,216.031974167895,184.122795458869,0
2.03,-1.30482416643555,-1.28464794158936,0.0173334205558788,1.13772062456141,-0.876728699721816,1.29062950393191,0.192722692910995,-1.00942488347288,-1.02182329054199,1.70574231652817,189.949514150671,175.956693041034,0
2.04,0.461024201480457,0.530598104000092,-0.00156418837779411,3.60829631939722,0.0781353039577908,-0.0342824847357384,-0.459750445651027,-0.358422778153355,-3.59130067891856,3.06376996446689,184.762972277929,193.38586998358,0
2.05,2.05330173280832,2.1681547164917,0.0493685612309156,5.87320068507443,-2.43883010449803,1.98210366397851,-0.538284614339473,6.28568214919825,0.965701032936742,-1.81193425582267,203.082427862613,231.408077604641,0
2.06,3.06552269055506,3.20461177825928,0.040942599423603,7.08626568460358,-2.00471366069932,0.634614151724496,2.99939502919947,-0.592532838531334,7.34050019068501,-0.195150628101707,239.257201218652,279.839797552698,0
2.07,3.2181101897096,3.3772611618042,0.0321219857527073,8.09076502651329,-1.56180042566682,-3.18645240695294,-0.451426708675112,-7.76455026694823,-2.75888717346284,1.72151170135597,284.501525482896,325.938552968563,0
2.08,2.57434893321743,2.75053215026855,-0.00695299781925918,8.94372973436428,0.384615622617208,1.88152159057239,-1.7570421959493,6.25692948553913,-6.40227023418286,-2.32469756303252,325.331669066014,357.672124081462,0
2.09,1.27713866775134,1.42275369167328,0.0116331828356399,7.41661193224529,-0.570242459000671,-0.199439928329922,1.26152377012735,-1.78723080542974,7.22060351104348,0.165905277168548,351.669477515355,366.795856956931,0
2.1,-0.34741827498605,-0.267462193965912,-0.00164385621929342,4.13467061734158,0.0596002382548251,0.125513759166255,0.323957491528607,-1.53115623766722,-3.84117350274113,2.77669302097093,356.901188803735,350.949345439429,0
2.11,-1.95548895164548,-1.8601393699646,-0.0726488429463424,4.90509693335072,3.58101787463297,-1.62157088669667,-1.09531856270527,6.07319127017753,0.00356929221558611,-0.939591343113602,339.460157103172,314.236441617762,0
2.12,-2.97961819506169,-2.96255612373352,-0.0140549591263184,0.991157993502844,0.635419425983073,2.97964753121695,0.00476654292604092,-0.995151945246223,0.629145945607139,1.57711302429901,303.975930293111,266.142788144216,0
2.13,-3.34448855336897,-3.33311486244202,-0.0229662651052673,0.7069732895174,1.10473995645173,-1.60679872671322,2.93331365264299,-0.621337821072741,-1.15507615141886,-2.63359176487191,260.317029105304,219.072489967157,0
2.14,-2.80900242305481,-2.76160144805908,-0.00949816966134476,2.50861021689167,0.440847756333284,-2.18442157992238,-1.76603714262304,2.22378600910016,1.24187267877498,-0.88753132898336,218.65485150332,185.140239093286,0
2.15,-1.45001232460339,-1.41514611244202,0.0198390453307847,1.88219696273637,-1.01709973018183,0.83074317312633,-1.18861057942682,-1.89860019051652,0.986141259780049,0.596319332770692,188.915672531137,173.04598998642,0
2.16,0.158198265711681,0.217929258942604,-0.00676564317856183,3.12599211024308,0.344657155343778,-0.145119353043935,-0.0633469697295224,-3.04001476981781,-0.805559077486696,1.9396400303403,181.143935802397,185.837150671156,0
2.17,1.74454648972493,1.82400667667389,0.00401621872522084,4.11336559379536,-0.187346268992464,0.28547141060965,-1.7210359259902,0.867184878709943,-4.02527831570212,-2.97491525992082,195.804972140485,220.133979125907,0
2.18,2.9346229960791,3.06702494621277,0.00228434960369561,6.76157045729814,-0.0665670182416945,2.90644742883016,0.405685457979354,6.6866667678192,1.00585970844198,-1.43133273220344,228.340283366271,267.016516091738,0
2.19,3.33087676377266,3.44410061836243,0.0609553647735244,5.80395641288616,-2.99284922585783,-1.25151813635654,3.08741929875195,-5.03101895474222,4.16316043510512,0.403417077608761,271.736459444336,314.343092601253,0
2.2,2.77888596677422,2.9455394744873,0.0335438035826593,8.47682111188644,-1.62968141384128,-1.55971062572058,-2.30013807566151,-3.31266356466246,-7.97111145204364,2.55779061775741,314.590871455997,349.901466233187,0
2.21,1.60122529839986,1.75154733657837,-0.0026460457629941,7.66155242845732,0.159176764212784,1.54157755646726,0.432975859824009,7.42234141123306,1.90619275818588,-1.29863779281947,345.023787339403,364.578939725279,0
2.22,0.0165149776482764,0.138135209679604,-0.0146624371450684,6.22753152486497,0.728100468290998,-0.0200062005901451,-0.00935326080589163,-5.76245345474097,2.471115004822,1.28207379037942,355.63351883853,354.732673148942,0
2.23,-1.54441978984098,-1.47790253162384,0.0143402316877266,3.47317001711695,-0.754723329894912,-1.02619849089965,1.15427673751687,2.85214466571612,-2.12079892453644,-2.42415068369422,343.940865861733,323.147167910825,0
2.24,-2.73120129083579,-2.65842747688293,0.0029410507733354,3.78655838089969,-0.205532420878415,-0.0143568412156536,-2.73116514000033,-0.181546450548572,3.78778415888327,-0.00633345799330447,313.023453328428,278.329656248145,0
2.25,-3.07987815049064,-3.09031391143799,-0.0301292683160007,-0.373603645900054,1.4466299614402,2.60871936339163,1.63741884615528,-0.466537030459032,1.41938758934153,2.1410967333738,271.12903575562,232.322290715856,0
2.26,-2.81177207235266,-2.75340485572815,0.00754367296857072,3.06678614852061,-0.410929546652126,-2.09603731317985,1.87423228966475,2.55536852202597,-1.7447441330202,-2.30306889624095,230.716263002807,197.592421132555,0
2.27,-1.58838509822857,-1.54373502731323,-0.0143114506428424,2.38129372480546,0.697871536282447,-1.0724493417629,-1.17176125863864,2.11087732972852,1.30452343167507,-0.73216470175341,201.452596903715,183.80044837608,0
2.28,0.0815031513788071,0.128177165985107,0.00975763643738627,2.48308019963021,-0.495871170641481,-0.0447454657009686,0.0688172830960682,-1.97205572278379,1.58826059634579,0.695674436615581,191.707570388424,195.27740230954,0
2.29,1.77673293967396,1.87044870853424,0.00705692375203348,4.83604115980363,-0.326712686882651,-1.50440754174477,-0.945297671337847,-3.90960103627836,-2.86514485082623,2.13577435916725,204.866960911684,229.863009054614,0
2.3,2.96051361157344,3.1111307144165,0.043607800320243,7.68231368028274,-2.14590240780933,1.67113637892799,-2.4441451854552,6.1823307494334,-5.04000269153811,-2.52714079506723,239.632413072101,279.406144698046,0
2.31,3.55865407565083,3.71024894714355,0.0201914670924215,7.73259841711893,-0.961411652982441,2.05192689423775,2.90758018740558,3.63400547828828,6.89285099437754,-0.608878306091596,286.262355360621,331.802856046831,0
2.32,3.20523287700795,3.43567252159119,0.0192186286743061,11.6763473871915,-0.898724958869009,-3.19360692790357,-0.273426300101355,-11.5455716372281,-1.96075761574522,1.66220075662818,333.151519882987,374.052238217438,0
2.33,2.09934646330569,2.27748441696167,0.00840477581370568,9.06270799013022,-0.381185318158374,1.87381520653959,-0.946648184380871,8.27585996495019,-3.71323581283013,-2.03459039322176,369.887715682428,395.548901992699,0
2.34,0.426593297110801,0.562748372554779,-0.0417060905406782,6.96478812475356,2.07993129810748,-0.321969144739245,0.282943649803155,-3.2410185887255,6.50616525574713,0.752367378949019,386.668064227516,390.769780589207,0
2.35,-1.36918035180508,-1.25646436214447,0.00747879329731127,5.79374601140817,-0.420764951490395,-0.580857234584883,1.23988533387111,2.81118647291799,-5.08347977310757,-2.70894247324915,378.979456456113,360.668295622164,0
2.36,-2.787363642336,-2.74895739555359,-0.0316231870456355,2.07889412857519,1.51146937417325,-0.10966016266267,-2.78538520662768,1.56908813080075,2.03575610146901,-0.0280048060657718,348.634865342256,312.420514005803,0
2.37,-3.57145767102935,-3.56535696983337,-0.0245741781218993,0.463923978068017,1.15230818490476,2.50843612119065,2.54237330305578,-1.14936262119285,0.471174251662434,2.36979415137748,302.812605638153,257.590642399444,0
2.38,-3.63150136471061,-3.57242321968079,-0.0185938264332517,3.11299193031582,0.867345317819537,-3.46175112440137,1.09746391511626,2.71434032315264,-1.75367136849026,-1.87267877864563,252.819648897048,209.18837779028,0
2.39,-2.70094344930423,-2.71182227134705,0.0179318954099917,-0.384680355395553,-0.927421927583675,-0.475205065761284,-2.65887141747908,-0.98204404410711,-0.208997375639077,-0.183496073242994,210.839986473679,178.37414783448,0
2.4,-1.17421384495424,-1.12413251399994,0.0217208171343598,2.66370796234287,-1.10688035318093,1.12103633145203,-0.350039270859399,-2.87691620425694,-0.209469278393193,1.24964667795339,183.807116618285,171.65732183693,0
2.41,0.545821731107806,0.566283702850342,-0.00671298111361368,1.18333400532075,0.346837887650924,-0.289049439760281,-0.463051668433687,-0.930844457521144,-0.808767262171742,2.57125103028566,180.428246866618,189.304264246817,0
2.42,1.94807941135414,2.02144193649292,-0.00650081119743362,3.82926201664317,0.342594234367922,1.41380183240398,-1.3402313353221,2.53370823265806,-2.89152917904853,-2.33282413613426,198.864307850671,225.360723811464,0
2.43,2.81208810657799,2.96882677078247,0.0420707725566485,7.99919700363914,-2.05864128859858,1.97164327356061,2.00555036608011,4.03244153644863,7.20864563654477,-0.761913416687728,232.372573164514,269.2769462039,0
2.44,2.86864289159742,3.02707076072693,0.00728991103614707,8.08492088170531,-0.312855973393614,-2.53956194432886,1.33408782065946,-7.31174664208309,3.46441705998417,1.0896381494618,271.793458623031,308.711167857764,0
2.45,2.07834333648352,2.23845982551575,0.0528572308727677,8.17063078425606,-2.60788407819077,0.10613566416611,-2.07630444105699,3.22470084814248,-7.94742544588516,-3.06509261937891,306.611319547074,332.784001175809,0
2.46,0.796723683390622,0.88503623008728,0.0314538877268421,4.58148888626534,-1.56368255127479,0.55739038994421,0.570152547943526,1.91061654359797,4.44799819688181,-0.734621540088053,326.274999782296,334.940647582779,0
2.47,-0.75914938993093,-0.669829905033112,-0.0278937488998115,4.63269201556458,1.37298448679667,0.758343457049864,0.0447331936021664,-4.74263882606843,0.924282790886197,1.66644299364965,325.409857688147,314.679588584956,0
2.48,-2.02793957854189,-2.00444555282593,-0.0255987324454603,1.34199348288298,1.23322314455691,-1.5005664425027,1.36436599963289,0.186195983372269,-1.81304078502036,-2.29606735976256,304.474486224252,277.699199430186,0
2.49,-2.799515293746,-2.77245903015137,-0.0298227460343095,1.52042175760527,1.43502450120698,-0.537672618274891,-2.74755954105752,1.68725142681048,1.2345688570468,-0.182596436729864,269.447020735111,234.422221273415,0
2.5,-2.76630494209861,-2.78671264648438,-0.0164141831517398,-0.852569393671604,0.789939471953347,2.75828462675778,0.211135918023003,0.784718733946557,0.857377075136028,1.65312698666892,231.506282923308,197.277048640849,0
2.51,-1.8702890050561,-1.83010792732239,-0.00118778018516319,2.17720568510918,0.0344478927401055,-0.144793351856349,1.86467618060447,0.135589788208231,-2.17325255364388,-3.06346241278323,199.015473791449,177.436444847993,0
2.52,-0.369693560063757,-0.338305920362473,-0.0409886959111762,1.73806050202925,2.04511806646225,-0.363791881949991,0.0775168895944411,1.52626735473497,-2.20768434708289,-1.6703157945314,184.08322820077,181.855726095283,0
2.53,1.34098447438612,1.4455509185791,-0.015321838340336,5.3977543574598,0.782202982168221,0.391815086160996,1.28255801332001,2.38132792524433,4.90681881887243,-0.307915758175908,191.4142985055,211.377146124654,0
2.54,2.83153972783175,2.94814991950989,0.0113149945292271,6.00105854615599,-0.537843205561077,-2.62923170349089,1.05113553300662,-5.77876905234528,1.7052293768923,1.19446867596057,222.5832930782,260.394411916318,0
2.55,3.86114322313614,4.00453472137451,0.0719981074328748,7.3414621010818,-3.53176064709813,-0.671592533997622,-3.80296912757949,2.34707446814186,-7.80138708762794,2.98544264258176,268.238101953238,318.171024196584,0
2.56,3.90822374314149,4.06367063522339,0.0798805855080535,7.94571955690342,-3.91460970255631,3.56889948390683,1.59485115548931,5.51674829610146,6.92994348012789,-1.13010812022129,321.748064746003,371.481323841153,0
2.57,3.0598329545586,3.23350644111633,0.0139922821513825,8.85858915423004,-0.624286073308422,-3.02038283568498,0.489960222530574,-8.84782458923711,0.761797179608865,1.41455211603945,369.670947723223,407.902948678614,0
2.58,1.53111383513637,1.68719065189362,0.0397839128872282,7.98019978352697,-1.94172929133364,1.35492094795509,-0.714199944457504,8.01427725663368,-1.79590124439825,-2.02992255515978,400.801472916884,418.921344152358,0
2.59,-0.412387329034411,-0.237834423780441,0.0406393165931625,8.9051905401012,-2.04074482994668,0.359290195666992,-0.20645924173761,-8.43423838537595,3.5115069236886,0.951010183575506,407.982110018266,402.05427433633,0
2.6,-2.14575436508744,-2.04407954216003,-0.0653812911153752,5.26216662951269,3.20421149054629,-1.41075417450106,1.61811902147139,1.22733777228019,-6.03746725917748,-2.39408988047222,389.282529970998,361.454840028231,0
2.61,-3.41145049804297,-3.32239151000977,-0.0481696193617238,4.63187438546232,2.32412614633977,1.05301030120154,-3.24522481785014,0.70867744513823,5.13357564915083,0.32788047959539,349.742127417021,306.840976102862,0
2.62,-3.85053308456465,-3.81143951416016,-0.0436653410803748,2.13389964981848,2.10267688960107,1.64090464132714,3.48366813221491,-2.79961099755523,-1.06628142623122,2.71272982756526,298.629174294709,251.027719518925,0
2.63,-3.53474792598682,-3.47696137428284,-0.0132117325576533,3.06872496392026,0.615545746517317,-3.53476235594929,-0.008516872029421,3.07245079005552,-0.596670439128794,-1.56464921467569,248.847085966446,206.695686884119,0
2.64,-2.26201621914479,-2.26816534996033,-0.0367799722225507,-0.127808574253561,1.81350004796559,0.522087319208865,-2.20124850327084,1.78902396734332,0.323281146829048,0.249133185678669,210.05155360717,183.223466285725,0
2.65,-0.615487887169168,-0.608540713787079,-0.00454727272022232,0.527463923179331,0.212250596030094,0.610706194944143,0.0767069775053405,-0.550858640813312,0.140795112174291,1.70313366525613,190.079966933469,184.39319542929,0
2.66,0.973343804809149,1.03203189373016,0.0467835567217759,3.11521224638211,-2.32529879004073,-0.092364361437114,-0.97008024836928,2.1766947836431,-3.22080139434814,3.09469352249732,193.137503831491,207.552346141638,0
2.67,2.1166600840602,2.20796179771423,-0.0129187942148914,4.74688161236429,0.667031894001455,2.10130452698096,-0.254825610147462,4.62443870984598,-1.26189667100575,-1.69758053861059,216.119206018563,244.438974376668,0
2.68,2.62679420398618,2.77318263053894,-0.0102060497022822,7.50235089807287,0.554107028791279,-0.0161875212862016,2.62676415342157,0.537021917679085,7.50359320972979,0.00227711147088446,249.558559660368,283.449160651365,0
2.69,2.33414972452801,2.45653700828552,0.045443167822663,6.30345692072155,-2.22673080803139,-2.17541040103632,-0.847295465040941,-4.97963440198003,-4.46039689550666,1.96167397827641,283.519166669962,312.754332066842,0
2.7,1.29967366320372,1.38898634910583,0.00874193421092517,4.65086603945301,-0.410366851744095,1.08881079211531,-0.709731717772534,4.13497450894478,-2.1681655103623,-2.14173863773774,308.235083648025,323.458068772618,0
2.71,-0.180791809471156,-0.0758276730775833,-0.0252742228720826,5.43437995169428,1.25983114040501,0.00306527225187594,-0.182524159550632,0.401931682372417,5.5640013375642,0.155689430185374,315.308321938665,311.972921151526,0
2.72,-1.57832513122041,-1.51709878444672,-0.0348396479240115,3.24818649408758,1.70855738981461,1.0570978618268,1.17254770966071,-3.41513028379798,-1.34416107641496,2.42999797597793,302.058798717637,280.99996763449,0
2.73,-2.58844568879875,-2.53372764587402,-0.020338319601714,2.92319559839981,0.964651440454925,-2.54799963967548,0.456248361442189,2.71882791856478,-1.44346792735707,-1.74012277794473,271.64521023342,238.855218377846,0
2.74,-2.95922092045885,-2.91491746902466,-0.00819653025441204,2.4026761361243,0.373335251577838,0.335512892136912,-2.94015080198269,0.0917867919505454,2.42977509452939,0.116392499229908,233.393091435737,197.314440622063,0
2.75,-2.37469481851006,-2.36997842788696,-0.0583380383983902,0.423537949107451,2.89209885090119,2.36560421643274,0.215628149781843,-0.753903414015633,2.82404847693054,1.68625813842088,197.225940243701,168.531451250675,0
2.76,-1.07442941839558,-1.03922271728516,-0.0380505068801295,1.94839430286738,1.88504077930957,0.153519893145875,1.06408555041227,-2.08387709739412,-1.73409208004141,3.03370716496577,172.96397420715,161.825602143376,0
2.77,0.608868616213125,0.688734352588654,0.0406936865457971,4.18194325883289,-2.02860060000645,0.535433007138961,-0.292725917540799,4.64723767464764,0.0839750545099061,-2.00437349296048,170.550855794033,181.170012599412,0
2.78,2.30851730561273,2.38595962524414,0.0241769317915896,4.06171401413185,-1.19153628412655,1.48554937875964,1.76719543843094,1.66083559782293,3.89344379258124,-0.688553844915828,192.777685245825,224.033718859558,0
2.79,3.69259988743951,3.82246160507202,0.0472894542096177,6.68390162756754,-2.30859042830854,-2.77674540318908,2.43458727242751,-6.58134468152531,2.58650979422778,0.863766461179749,233.454170766568,281.884070110775,0
2.8,4.15303319709632,4.30837345123291,0.041033196187942,7.95934280252632,-1.9830671456507,-1.51656305685153,-3.86644603660346,-0.979826401670878,-8.14393230416826,2.77767638467218,288.674405203185,342.229517768389,0
2.81,3.75305527976939,3.92788124084473,0.0141045635020636,8.93521908774829,-0.634691938529017,3.48044147016308,1.40433259753005,8.03380211208266,3.9621960611246,-1.18352452685824,344.191983251168,391.686978663302,0
2.82,2.57295018008582,2.73187613487244,0.0357884280704137,8.14174280627327,-1.73514300677301,-2.56567168885215,0.196677974897948,-8.23434338551723,-1.22240999130589,1.50819705092412,387.734977739569,419.294030537688,0
2.83,0.810761891904755,0.960230231285095,0.025470436921114,7.67019835756817,-1.24987633911915,0.775883016266223,-0.236620230731776,7.73012227274058,-0.799589492184143,-1.8354004304651,410.30170011654,419.222227476922,0
2.84,-1.08698125161265,-0.991521954536438,-0.019627750901827,4.97078592458676,0.967417513810139,0.99644316569883,-0.434757987269875,-4.2203552872552,2.79878734516104,1.17744040891748,407.491803499363,392.200323327659,0
2.85,-2.76160299194508,-2.64729928970337,-0.0512251739997178,5.91369649723472,2.51116144459455,-2.192535889412,1.67983971771466,3.27017720754539,-5.53025126856592,-2.20601476860413,380.200725967158,345.286041332587,0
2.86,-3.60947111457061,-3.60260033607483,-0.0346168334629959,0.542525677404798,1.66117449541782,1.45673719289444,-3.30263482736385,1.28969451270101,1.17920434140105,0.425004395683468,335.591218549601,290.047520698104,0
2.87,-3.69432965538564,-3.69738841056824,-0.0390536006633375,0.0463526991027097,1.89955818213027,1.61540906191242,3.32265712180444,-1.73686514232374,0.770564298026375,2.69963296993335,285.336545524999,239.622190189099,0
2.88,-2.90766188158055,-2.8836133480072,0.00193456958288007,1.4019984125493,-0.135925263634056,-2.89393494147562,0.282208991108566,1.40857099295999,-0.00172739007640327,-1.66867168823232,240.332030344969,205.407141918265,0
2.89,-1.44987031036549,-1.40266621112823,0.0222507936927342,2.56020823138097,-1.13938425792612,-0.0209992054343824,-1.44988897784292,-1.06252325636156,2.59304974979879,-0.0298278499364617,210.062429490296,194.227621297465,0
2.9,0.171310305635754,0.205435335636139,-0.010830951013223,1.90682597478942,0.550312808898236,-0.171527323018712,0.00655040265178653,-1.84139172025601,0.740341825335907,1.46948606704744,202.455628447007,206.705356387224,0
2.91,1.55084757361321,1.66322004795074,0.0329521682691101,5.82009447391332,-1.6311549692686,-0.26666208784718,-1.52810515766442,0.733971743256476,-5.9996209629565,2.99007190464927,215.305165617056,237.238369340146,0
2.92,2.33829418842007,2.50285458564758,-0.0139672253684919,8.43062055448596,0.722596691585285,2.3363856320902,-0.0954828421551418,8.38756418713216,-1.11636728685016,-1.6176145383594,244.433128393785,275.588492415307,0
2.93,2.46664721705045,2.63856220245361,0.00208090957316209,8.79957966472757,-0.0539527780197843,-0.717276680322924,2.36005656445609,-2.61753990035826,8.40142833381178,0.295896067161468,277.906999344976,309.658956282903,0
2.94,1.76663841806361,1.88573956489563,0.0277232415444767,6.16007377281451,-1.34714075892065,-1.14908894160958,-1.34215292816081,-2.89539102297691,-5.60160762057886,2.44922835318703,307.116644854259,328.738591206032,0
2.95,0.432972450889262,0.542274117469788,0.0222692025460746,5.67109296686623,-1.10137198255633,0.43354220378558,0.00148934476714352,5.60222199511348,1.4104695672954,-1.51597302709808,322.006166115562,326.370018114169,0
2.96,-1.05663779800291,-0.998114466667175,-0.0181155293009553,3.13293530106845,0.887549915056829,0.773190110903888,-0.720408676357188,-1.73463182281177,2.75573599818396,0.837864715992222,316.982679259926,302.09729284605,0
2.97,-2.38226903863731,-2.30301189422607,0.0102942231425561,4.17010869904164,-0.561090607675533,0.135760644151575,2.37841980965926,0.304403487366582,-4.19666150037426,3.08025318175561,292.235721807409,261.638477314579,0
2.98,-3.01850480412675,-2.98708534240723,-0.0249000371367907,1.77850517416008,1.18987463631383,-2.81723349634988,-1.0840602803488,2.09099506997583,-0.454556841323424,-1.19521618897785,253.383423985512,215.435829314292,0
2.99,-2.94732000359276,-2.98184251785278,-0.0286773495838433,-1.51851290907637,1.40354393205071,1.42356323816448,-2.58088847122534,1.9686468514855,-0.632650455120478,0.513784163192551,212.436636456886,175.955846510561,0
3,-1.97263470838433,-1.99094188213348,-8.1740441201239e-05,-0.707506753471345,-0.0192461802055876,1.84499918130775,0.698044210904831,0.668529791402127,0.232387907748871,1.93253685676763,177.98646334958,154.435209142896,0
3.01,4.4159498088048,4.59999990463257,0.0349783662237505,9.41153687872511,-1.69917292946352,1.02587599342389,-4.29527818029326,3.90828817205493,-8.72865961233453,-2.89922585059725,228.690935996226,1218.07461765955,0
3.02,4.42273698936672,4.59999990463257,0.0433086925983175,9.07368857477069,-2.08197346223711,3.7471799279735,2.34970651515453,6.51650377723534,6.64842961688407,-1.00092508932748,288.265047885957,1209.80120035781,0
3.03,4.40864638130821,4.59999990463257,0.0714597723738942,9.77985866038364,-3.47520829810909,-4.27549975398702,1.07766936865935,-10.3154014246595,-1.14682238400736,1.34009024859548,348.953554144461,1185.03316013013,0
3.04,4.34477843203652,4.59999990463257,0.0346217115794222,12.9750920450933,-1.61312714919939,3.59214273619763,-2.44434221196317,11.6817805060062,-5.87292065224968,-2.16032529301399,409.220694294954,1148.067638807,0
3.05,4.3412105474527,4.59999990463257,0.0587201890335882,13.1555222914349,-2.83593158166783,-3.76495692497888,2.16209537971113,-12.8746611739704,3.91833821304377,1.06303751924988,469.998255819142,1107.26745722955,0
3.06,4.31728808182516,4.59999990463257,0.0447396606394064,14.3538041663085,-2.10278885659379,4.31749438955614,0.0148396379638568,14.3234207306671,2.30065938210068,-1.55699670802592,529.452743893477,1073.36644295861,0
3.07,4.27104377431882,4.59999990463257,0.043991801023342,16.6682985996334,-2.07605952321568,-2.44415565999364,-3.50283503899711,-7.68212622805407,-14.9374408104842,2.54266791819904,589.439839888864,1057.16793666079,0
3.08,4.24977053285021,4.59999990463257,0.0930153475836398,17.7343829918481,-4.4692650225626,-2.97113577484506,3.03999237568187,-15.797319747962,9.21560408894081,0.795827461341395,648.325016997277,1067.11859650098,0
3.09,4.28824568970059,4.59999990463257,0.109601386701221,15.8132251035537,-5.28049134241259,2.21235344543372,3.67512663614195,3.21460812063665,16.3587276896368,-0.51632125601354,707.452136509268,1107.27310907578,0
3.1,4.19189976165481,4.59999990463257,0.115201717530216,20.6332632442207,-5.58270813832028,4.14769995200999,0.617964526150092,19.3427006457529,9.09714867372002,-1.39541953714341,766.700870795728,1176.09082535042,0
3.11,4.23478482471113,4.59999990463257,0.0874264039246839,18.4918778989351,-4.1931374761959,4.19043842858049,-0.617471994492636,18.8715927119917,1.84253592532308,-1.69645423362536,825.728625059051,1266.3377562688,0
3.12,4.21555239454252,4.59999990463257,0.148387200120699,19.4564956448323,-7.17898793120864,4.15162417644409,-0.746269019762826,20.2795651666673,4.3396229265583,-1.71346508596135,883.885273693568,1366.14132176839,0
3.13,4.17864066183704,4.59999990463257,0.0998761902041392,21.3052290515059,-4.78195551314232,4.05425664451682,1.0168658193286,19.2615446582431,10.2845894835578,-1.30115429812269,942.668114747942,1461.00756469931,0
3.14,4.13088822272019,4.59999990463257,0.159490848034831,23.6961383452259,-7.77644834920376,1.98204608489155,3.62783243226328,3.58734580986088,24.6801756769354,-0.461442141120145,1001.01207179874,1536.41057559189,0
3.15,4.14259174741601,4.59999990463257,0.17463305872736,23.11439160804,-8.52362919298236,-2.86359659435606,2.99856259493646,-22.5645380131927,9.88781969295914,0.804509535637337,1059.03902580736,1580.44325086627,0
3.16,4.10026239760009,4.59999990463257,0.131923887885003,25.2344099416972,-6.36465067923815,-2.57414253743266,-3.19426765289756,-10.1122981837641,-23.9796924254044,2.49545024479033,1116.87232874542,1586.00244746054,0
3.17,4.08964874377217,4.59999990463257,0.17114380912507,25.7687723990656,-8.26550729177558,4.05067906741284,-0.58865621857122,26.4791944191802,5.58574119132749,-1.67328529112675,1174.29595019604,1552.07365695004,0
3.18,4.06652733371087,4.59999990463257,0.223496538915201,26.9287068226087,-10.9430613866135,-2.94423608392728,2.81390638451696,-27.574472826197,9.19534077707437,0.862933093460273,1231.98681697765,1483.86163774535,0
3.19,4.06143554785769,4.59999990463257,0.173982396618535,27.1872584399982,-8.36597782656511,2.41335484341739,-3.27127604819419,23.575205439086,-15.9168556876892,-2.46317201999846,1289.01226800718,1391.74664064757,0
3.2,-1.816258527352,-1.41737294197083,-0.0803046999060379,20.2067009566329,3.86210981313804,1.32473019262414,-1.24512400979014,-12.8025840251508,16.1034312504658,0.860550764076843,1315.2523789725,1289.28281851832,0
3.21,-4.97672505025125,-4.59999990463257,-0.211294695441693,19.1014016135677,10.1385755486614,-3.75605425446822,3.27177231964745,8.59356917432126,-19.8445162854849,-2.24496295642854,1259.38278417954,1190.64725207497,0
3.22,-4.91396366223705,-4.59999990463257,-0.144274920406045,15.9660201886256,6.89243417939907,2.05816474694099,-4.46450579581813,-0.935035319930114,17.3650556731452,0.461320636893208,1193.37308200633,1108.055278977,0
3.23,-4.91892868054182,-4.59999990463257,-0.205565714229801,16.2167844915447,9.89608666740507,2.36724843401277,4.31674083989157,-16.0651836976863,-10.1403403953512,2.6817544294896,1126.79729410629,1049.6586042875,0
3.24,-4.09531903319303,-3.85035991668701,-0.130390920112953,12.5207097674636,6.22105557982162,-4.03199432127691,0.729151266111319,11.4738329821705,-7.98879604856359,-1.71787582192374,1062.59961752242,1018.33724091969,0
3.25,-1.69390317790138,-1.36805713176727,-0.0899232773383911,16.5677306111574,4.35633019575397,-0.687334412639828,-1.55079514350308,9.97149228403002,13.9297039454487,-0.364159886214603,1026.20664525734,1011.60696691989,0
3.26,-0.0387723806767055,0.317546963691711,-0.0323251121253067,18.094223764106,1.57159868228979,0.00674332016165078,-0.0500273726119061,-12.277594683292,13.384002571597,0.828948475757261,1017.22302091905,1022.63035904083,0
3.27,0.864492115199097,1.28858971595764,0.000465921182096068,21.4861336096635,-0.0176567983109588,-0.776948493639572,-0.37907502233088,-19.2974853767563,-9.44782024536436,2.02525804274723,1025.60253690811,1042.09033419534,0
3.28,1.11607251282109,1.54903411865234,0.0313648410475129,21.9324121365162,-1.54894205533264,0.163629303321319,-1.10445781188024,5.34771504927707,-21.3267875538843,-2.96641357437297,1041.66266671555,1060.50819790904,0
3.29,0.780756823519555,1.20321822166443,0.0471876963934356,21.4104362304341,-2.3604388675011,0.781354643320765,-0.0359557717806878,21.3742801442967,2.6680703772235,-1.55641613524462,1056.56453480423,1070.50015202607,0
3.3,0.0775995208078916,0.485767483711243,-0.0308381678550497,20.6987725763962,1.50379018489317,-0.0259226322854464,0.0793769195778228,2.79589032328466,20.5641330570904,-0.0626072275337549,1063.69960087812,1068.48510291268,0
3.31,-0.692027340585845,-0.300238609313965,-0.015661376934764,19.8827024808914,0.702993433885691,0.684662089104728,-0.101906538497584,-19.6395122861511,3.17893297725109,1.44566628922667,1060.33453879422,1055.47810446355,0
3.32,-1.16367700601288,-0.841186940670013,-0.0697072990471753,16.4205576793673,3.38457544905446,0.352805385507987,1.1110947942548,-7.30611327822267,-15.0900886093339,2.89396344587809,1047.88482173386,1036.80208224208,0
3.33,-1.23369182954099,-0.884054780006409,-0.0190542014657002,17.7806511377698,0.84745418566667,-1.0857834280666,0.586031518099193,15.384653538525,-8.95444967485033,-2.05027804985854,1031.63096290091,1020.78378192934,0
3.34,-0.632218286189225,-0.296742528676987,-0.00553421734562676,17.0753654902817,0.203800769219486,-0.466322908956502,-0.426935046038641,12.631790656875,11.4911925482573,-0.820710804414958,1019.42299770169,1016.71903524975,0
3.35,0.493579364678123,0.894744873046875,-0.00133318627600174,20.3627416628618,0.0560111314986561,-0.175285691379636,0.461407946419726,-7.12757353013482,19.0746449730479,0.360352537138402,1019.81745162309,1032.55128327917,0
3.36,2.11161702757273,2.52014899253845,0.063136696553783,20.7342100893495,-3.07192719470615,-2.11243188565366,-0.0233289961327138,-20.5911303004811,-3.91785115432779,1.61173033143583,1039.65499222612,1072.7723103074,0
3.37,3.80806628841243,4.25608348846436,0.114798344743519,22.7118612997986,-5.53706810417899,-0.304975099059652,-3.79756997379279,4.39505102752852,-22.9602110912993,3.09159364561063,1082.52016593408,1137.01143292346,0
3.38,4.12315722053544,4.59999990463257,0.111222904148965,24.1567098459118,-5.29384691520981,3.86068842100818,1.45185430245399,20.37688723126,14.0126340316788,-1.1841271608194,1139.92700577878,1219.63762891339,0
3.39,4.03873642082205,4.59999990463257,0.207222520251628,28.3815396069048,-10.0468928234935,-3.50489346872499,2.01743768742999,-29.8501683713789,3.92674089613749,1.09977054276522,1197.33035854957,1310.48771575006,0
3.4,4.0601463023322,4.59999990463257,0.213592331116708,27.314980683101,-10.4111972686613,2.33187119956566,-3.33058349075503,25.0232243637431,-15.1109046958458,-2.47821484276804,1254.89584815336,1396.59677456431,0
3.41,4.0375295172793,4.59999990463257,0.212403398681563,28.4498906153138,-10.3758169336873,-2.26277545200974,3.35061293802421,-25.4206575934092,16.4573394138713,0.64653639009872,1312.11916548006,1464.59408975393,0
3.42,4.02748820637133,4.59999990463257,0.306184046506102,28.9561335530728,-14.9999596199815,3.33711440407366,-2.27553892010643,32.5782126172276,-1.45482700386433,-2.09338539588761,1368.99317288375,1503.28358377965,0
3.43,3.97702216646137,4.59999990463257,0.308266393118106,31.4837965727954,-15.1362780427216,-3.89396151348125,-0.865330695848702,-25.6987433276527,-23.6624375541315,1.86682390665271,1425.80100722791,1505.88251528763,0
3.44,0.502213834939421,1.03687953948975,0.0491923269073648,27.0722929900415,-2.48946047278178,0.0837866668349098,0.49761271636868,-0.612325909855358,27.179615857556,-0.0691730871344953,1464.87176494554,1471.4559483176,0
3.45,-3.19792703283009,-2.76686692237854,-0.0896172605289667,21.8954524483643,4.16809370905657,-2.94331004896337,1.25367241190089,18.8513898455165,-11.8915492673754,-1.94544637011488,1443.54471127369,1405.24440355025,0
3.46,-4.99627670153404,-4.59999990463257,-0.194805235929457,20.1593355369886,9.31271660922183,4.28659120120942,2.57407572381844,-21.966925007885,-3.25264594361675,2.15054991240524,1384.20366666591,1317.80535473116,0
3.47,-4.94081549185131,-4.59999990463257,-0.200978539625512,17.3891877027047,9.62813910479445,-2.60411424330236,-4.20364593011087,16.9333895288926,10.4089015099557,-0.513972057557217,1317.38642773566,1223.12979784945,0
3.48,-4.99995575633102,-4.59999990463257,-0.226746913422429,20.3489940712012,10.904957089567,2.70273947700754,4.21262044901262,-19.6369047710872,-12.1404950412381,2.61647703002293,1250.76253988509,1136.1033003152,0
3.49,-4.89021426236196,-4.59999990463257,-0.147237471274039,14.8645225483367,7.02493680346899,-3.85487500353753,-3.01260902074216,15.9217434875922,4.09900622078801,-0.877334709074704,1184.75175876888,1069.81370308317,0
3.5,-4.96925378352886,-4.59999990463257,-0.154532577901663,18.8189983268693,7.42359926532496,4.71730777781257,-1.56983145978727,-15.9083226554285,12.4975915427583,1.28063047682591,1118.55507485985,1033.23758299472,0
3.51,-3.05278122373719,-2.74722671508789,-0.120442106473144,15.6364862351471,5.77978863916533,0.666300636688855,2.9816141538707,-8.49189515660008,-14.3455001705999,2.96116796765545,1058.72495263948,1029.75857723803,0
3.52,0.270688026793527,0.701414108276367,-0.0293671650239467,21.8980207915453,1.43517637759671,0.264281762313776,-0.0654949489597613,20.0694503845134,-8.87694807269467,-1.92179260849764,1044.99617043997,1056.7991920218,0
3.53,2.50601152917757,2.95754837989807,0.0798643901140303,22.9417957090825,-3.8869193412315,1.22401454227984,2.18820942906904,7.10536040312427,22.1573460925317,-0.478148804376026,1068.20937176779,1106.61937083658,0
3.54,3.79767093885948,4.26545572280884,0.0599326356322396,23.7576502471039,-2.78657895282374,-3.55649380563446,1.33313476106334,-23.3117098303976,5.36238308099873,1.22794145552871,1114.62824822442,1168.09722176344,0
3.55,4.12675130576404,4.59999990463257,0.197981637989695,24.0344611175707,-9.6124327050502,0.54064765305564,-4.09597035924965,13.7419128058824,-21.9365908052428,-2.9624178723291,1171.24796759813,1229.10911746236,0
3.56,3.70046044929555,4.2736759185791,0.155661573982876,29.0365911014411,-7.57559781965376,1.75030711322944,3.26405622987623,5.81362627749494,29.4400247048648,-0.450174420274062,1227.5995140173,1279.00875269116,0
3.57,2.73426147177395,3.19425368309021,0.136470519204848,23.3791869424047,-6.60455020077667,-1.86727291492623,-2.00202444036589,-10.0257048090625,-22.1289789308957,2.44087616697899,1272.97282858431,1310.69169921174,0
3.58,1.31809056137567,1.82410335540771,0.0384357351226107,25.6838844409766,-1.85702960343511,0.856414820337973,1.00269321790242,14.6577642398578,21.1721615904995,-0.677725999384631,1301.56285906196,1321.82574833064,0
3.59,-0.0229676983297595,0.475988894701004,-0.0598203766690535,25.3346084087233,2.9254723199546,0.0633718485662489,-0.00948690891126828,-15.0280672535517,-20.6048044431609,2.62640472698772,1311.23112726928,1315.00784624023,0
3.6,-1.01540001570952,-0.528181731700897,-0.044349515462873,24.7511244166696,2.16845543652187,-0.383361334698409,-0.941295999398137,10.3687376605446,22.578964506736,-0.343108454817364,1304.97612510437,1296.83764061297,0
3.61,-1.39918939067386,-0.980336725711823,-0.0645563419076184,21.3361172686581,3.13825041053294,0.218359737731782,1.38355249166502,-5.47046591067254,-20.8603096444254,3.03116410885143,1289.21171428827,1276.12742974905,0
3.62,-1.23897790254709,-0.817218422889709,-0.047360336476195,21.4847383507112,2.23738951040706,-0.232503095822029,-1.2178881536924,5.43190092008991,20.906801434321,-0.150430252511094,1271.77918038301,1261.65048332801,0
3.63,-0.577850167286112,-0.120038107037544,-0.00330787777014341,23.2906984663992,0.0603736463999586,0.173072261926134,0.551332703582603,-6.90608361576332,-22.2433425797922,2.84314250445928,1260.85898533442,1259.92616939334,0
3.64,0.41480986663206,0.881172776222229,0.0541260560399489,23.7216825750292,-2.66225216424549,0.241351507621365,0.341681584471041,8.70920384897455,22.2251114528922,-0.485233280868206,1261.85163901873,1273.5309498601,0
3.65,1.38168678307197,1.8725643157959,0.00156690700743145,24.9510094814357,-0.0176682958919217,-0.797334301062848,-1.1284143007167,-14.3609882704028,-20.4038036211077,2.5275868503441,1276.64732652578,1300.31115797594,0
3.66,1.93983316121097,2.53246402740479,0.0289732456997868,30.0424116267965,-1.36240459374497,1.10503834747023,1.59457906449332,15.6100059396315,25.7046757846817,-0.591075580593858,1302.51733489333,1333.68035767183,0
3.67,2.03779252050434,2.58879065513611,0.120897376527357,27.964623952056,-5.85386339201102,-0.825011022736126,-1.86723628516546,-4.2818187849417,-28.2480784706704,2.7848073077265,1332.83795081555,1363.9515913518,0
3.68,1.37152560350055,1.91234076023102,0.0761229734120741,27.4593234766578,-3.67240079191987,-0.0469714461607811,1.37283315496976,-6.11600802531864,27.0202779261514,0.0896471495553761,1358.70131236858,1380.43182669402,0
3.69,0.0682754459412649,0.533841192722321,0.0613044523674137,23.7005487596698,-3.04544901616811,-0.00488322560004794,-0.0916292884741889,17.2445218144327,-16.5413795860901,-2.46318247179488,1370.16078356444,1373.83937019004,0
3.7,-1.7981214253333,-1.36121368408203,-0.00145434711619485,22.2710809944494,-0.0674153618445235,1.71782467488609,-0.531339027101051,-21.3017234111069,6.49939791127144,1.27162980166906,1358.96406711197,1338.53014205725,0
3.71,-3.80518941410398,-3.44768691062927,-0.105791069942565,18.3038884537944,4.97402370882981,-3.79285737523387,-0.323869045792711,18.7479552059222,-2.87878793621272,-1.4578191312784,1320.39356635656,1274.0516085548,0
3.72,-4.96632677038574,-4.59999990463257,-0.171587958417903,18.7478611800002,8.15047237508581,4.80607223616813,1.26313644490925,-20.2994288149935,2.41778587691497,1.86234142628824,1257.33154311639,1185.67744711327,0
3.73,-4.91840098103019,-4.59999990463257,-0.159710963344466,16.3542049704997,7.66238634338875,-4.83147719586215,0.934346781379978,14.9391023108353,-10.148665273762,-1.72936487588679,1191.39246894352,1083.78408194146,0
3.74,-4.90324911538586,-4.59999990463257,-0.194493824355337,15.5990902887302,9.34289812137679,2.07727326990069,-4.44574127648029,1.1427207861771,18.1470535445075,0.476751719715195,1124.89425781859,982.169004316363,0
3.75,-4.87034583794662,-4.59999990463257,-0.193959917105612,13.9562695797916,9.34901372473437,4.05512535633073,2.70441257486558,-16.7862896877345,-0.634032119491905,2.19877253232116,1058.89352354307,895.630696756028,0
3.76,-4.8550333212193,-4.59999990463257,-0.127191971335236,13.1927551825605,6.0285145314162,-1.29945468064436,4.67963074191472,-1.90294782310208,-14.3795189886527,-2.8445416702308,993.244837671008,837.285232712377,0
3.77,-4.86059507698661,-4.59999990463257,-0.156951450704072,13.4728076887467,7.57377722579613,-4.15519410344161,2.52673311274236,8.0072663760489,-13.2197705602986,-2.08486396268827,928.076207825946,816.15278470207,0
3.78,-3.24475785891686,-3.04534411430359,-0.0538151038939645,10.4155938505277,2.52477070751684,-3.14578299578239,0.79711917042324,9.55804721216917,-4.84796822128931,-1.80238205313996,866.120065644287,835.496013376118,0
3.79,1.69436300106487,2.07687950134277,0.0525952959069819,19.5733463920782,-2.58395499603334,1.64207228632042,-0.420987946415932,19.6655807283282,-1.74861288552221,-1.79073550817532,862.523407201976,892.241988810875,0
3.8,4.18155114053684,4.59999990463257,0.10293516472276,21.3730014250438,-4.91599163268775,4.17721729311327,-0.216382243210722,21.4985461405124,4.33412938106821,-1.59793910848777,909.96052938066,977.600827466419,0
3.81,4.17465637084582,4.59999990463257,0.140946064067619,21.7209477161481,-6.84320117231431,3.58017232432407,2.15174062929613,14.5079615618142,17.5541454731732,-0.995880652330152,968.623112350981,1078.7526657796,0
3.82,4.15492402473411,4.59999990463257,0.120770327693522,22.7108186992735,-5.8336846504162,-0.0195625243383662,4.1566328236934,-6.59704280459993,22.5009375099361,0.0337649183904437,1026.92725086584,1181.25976640524,0
3.83,4.11557185412068,4.59999990463257,0.146517306577596,24.6818349893248,-7.10961804520329,-4.09028975821062,0.478464942743377,-25.1754519597223,-5.0927660276766,1.48993540993005,1084.98702881249,1271.7167264093,0
3.84,4.11131499455661,4.59999990463257,0.100266525810449,24.8982357575834,-4.75376459628974,0.837689196470966,-4.02631856300267,10.2934740922619,-23.1638686921911,-2.91208247283136,1142.69607587148,1340.10842694868,0
3.85,4.06272776385955,4.59999990463257,0.193913780636739,27.3313020433072,-9.37936423556337,2.47911947209985,3.22448849906639,7.90711807715566,27.7929852401604,-0.607757054789129,1200.15061548871,1381.41115143719,0
3.86,4.0637297554093,4.59999990463257,0.161100546926737,27.2850785081357,-7.78892187928453,-3.22683089806356,-2.47536164358287,-15.9921751770423,-23.4391370648222,2.26478632231395,1257.84384920799,1396.13317621129,0
3.87,4.02943970670441,4.59999990463257,0.184394686237511,29.0036314268463,-8.97460892319311,3.20385742541314,2.45064957672529,16.4347266950356,25.5275145622931,-0.872093506813863,1315.06095849109,1389.71337284618,0
3.88,1.06839372981001,1.60628116130829,0.108484596099962,27.3738525302196,-5.32626408566963,-0.588001981318323,-0.898603215804417,-7.86909256008626,-26.753958094781,2.66335783447277,1355.58149689737,1370.93356246789,0
3.89,-0.847527105880553,-0.325492590665817,0.011258264758113,26.5847180021605,-0.600562782227028,0.0523862538869016,-0.845981456139156,-1.89034900508987,26.5242245418928,0.0485617932312415,1355.61788605773,1349.70315022595,0
3.9,-1.09809894009699,-0.618108987808228,-0.014337296640847,24.4859873610999,0.655992530403093,-0.529381262525208,0.962175825514404,11.5119226579872,-21.6210439147699,-2.6255464599428,1342.94482337007,1334.70086293046,0
3.91,-0.580496949924167,-0.123216882348061,-0.0125525444470668,23.3539776797196,0.590259775221932,0.444614668766846,-0.373432820679577,-17.8338870053446,15.0900349352706,0.893814289924735,1332.80917658285,1331.38219241105,0
3.92,0.205990190515925,0.673291683197021,0.0360458184899806,23.8585773655418,-1.80808069065236,0.182078779546625,-0.102852212704497,23.0897463680523,-6.27411207665829,-1.91175597828726,1332.14531035212,1340.77784989179,0
3.93,0.891552789232942,1.39938998222351,-0.0235779874504821,25.8890536759102,1.20393592212904,-0.890457304639594,-0.0500807956730171,-25.9134064320797,0.433507813770758,1.60053898036345,1342.04501874425,1359.33598650332,0
3.94,1.23848383817731,1.73509085178375,0.0236464175520968,25.331286466188,-1.1451413787377,1.09682436039025,0.575654143513252,21.6495318488641,13.2016360173426,-1.06838629933194,1359.12280529436,1379.83559619625,0
3.95,0.934635136815289,1.48460865020752,0.028358282419604,28.0034302229315,-1.41058958327943,-0.444509141770669,-0.822653422793479,-11.298126898467,-25.6619211246778,2.67653164348325,1376.35594365627,1393.16786190996,0
3.96,0.0863366795056181,0.599823772907257,-0.0133333200252697,26.1828366011314,0.603870294369578,-0.0334924729022383,0.0806849050928668,-5.64314393827531,25.5746069042297,0.240233704691869,1385.50052630637,1390.59478702685,0
3.97,-1.30046805284521,-0.804003059864044,-0.0781329776191667,25.3352697516931,3.73091025546191,-1.12676460514566,0.654005690536097,20.9590176017024,-14.7144543186928,-2.03669177615257,1378.73854216283,1365.98975566325,0
3.98,-2.94055758270968,-2.47069311141968,-0.129582330015812,24.0084775837412,6.17401117402123,2.93294397155467,0.248012373088238,-24.6014041804782,3.04898708011302,1.69919530497494,1350.99647661955,1317.56484517512,0
3.99,-4.4773051759289,-4.03759860992432,-0.139540588179723,22.5035645015082,6.65932330292389,-4.11397257677413,-1.7722761781674,23.2039454996635,3.51196745073907,-1.13287194538174,1301.40435605491,1248.69496459631,0
4,-4.9413261345075,-4.59999990463257,-0.154173308743827,17.5872595560062,7.34971509862358,4.7436919307647,1.39207048768867,-19.0014554861022,1.50821090399962,1.88743046114936,1236.26815650058,1167.63738497179,0
4.01,-4.94884791669613,-4.59999990463257,-0.188798226140277,17.9659369511902,9.03893219903748,-4.68860353470192,1.5949098304174,14.6343981046728,-13.7953462423706,-1.86055339005669,1169.74570799121,1086.17765458198,0
4.02,-4.8346095723734,-4.59999990463257,-0.160652642375146,12.256431212239,7.68206111416467,0.752763358603584,-4.77834765528111,5.23623241680513,13.4839177948884,0.189469650630478,1103.69665396363,1017.46066173119,0
4.03,-4.87379660664045,-4.59999990463257,-0.151895482345004,14.2180360503997,7.27647679189818,4.81811109659922,0.750180685757945,-15.3166958696863,4.52752595453998,1.75641194746499,1037.96996107114,973.440979923971,0
4.04,-2.41962210979502,-2.16121315956116,-0.0957446598072118,13.4509978930564,4.6171803895892,0.744375007327534,2.30426648687963,-8.07182085569512,-11.7086893862029,2.86868211101748,986.189546317195,962.472683955034,0
4.05,0.390956916225046,0.758136451244354,0.022913557829616,18.8922525572347,-1.16973731843129,0.205044888830186,-0.333659909250761,11.7752869727032,-14.8198552216598,-2.53201395898896,975.318739180492,987.537178152104,0
4.06,2.93096543358584,3.37423419952393,0.0960616850304208,22.6997780066448,-4.67117769392764,2.92837968626017,-0.156136585413713,22.7907816412462,4.204770478901,-1.59130127888431,1001.49950262297,1045.48224627068,0
4.07,4.07760444100518,4.59999990463257,0.181429950742674,26.6594927378744,-8.83174573159336,1.54428087013554,3.77822331241353,0.663999417135297,28.0764561596071,-0.343546324793438,1055.74696974353,1127.44212765033,0
4.08,4.08339163362317,4.59999990463257,0.113094280682315,26.3736245533807,-5.44034457261116,-3.93308722778385,1.10349554077499,-26.9046715730693,1.14195827275124,1.32495075784831,1113.87077761366,1220.36884844595,0
4.09,4.11049777401283,4.59999990463257,0.153447828979349,25.0219148336706,-7.41469995290134,0.97347522415037,-3.99650899840702,13.9581152811581,-22.0509640408968,-2.86535070670523,1171.58250617646,1309.37878296354,0
4.1,4.0472215322272,4.59999990463257,0.250568602883428,28.1894913789938,-12.2078782930115,1.06342000280295,3.91304544483105,-6.2582683218677,30.0751358140717,-0.203521740379733,1228.95845550064,1380.45228629918,0
4.11,4.03601147304752,4.59999990463257,0.135173982531591,28.7539293454282,-6.46336051775565,-1.72600880463761,-3.65082925133978,-5.48031787089923,-28.9573755374734,2.73344342500137,1286.41884308149,1422.95259915035,0
4.12,4.00233690934107,4.59999990463257,0.151515824604533,30.441740764273,-7.30936997962316,0.917652882263513,3.89866271542601,-1.32449411526927,31.2789415677199,-0.193329785751739,1343.71941188902,1431.4678809397,0
4.13,1.36429469348569,1.89130735397339,0.0343176422269684,26.9131947889368,-1.66418829537867,0.532180203093477,-1.25668689126473,12.6304102715629,-23.8235663325567,-2.71586239370801,1389.86830563542,1406.61933254407,0
4.14,-2.23317751536507,-1.78962886333466,-0.126358018209565,22.7433914900772,6.07703054892134,2.02164074952341,-0.957087688649463,-18.787215248568,14.1856511999771,1.18515879456893,1380.81511226049,1354.69006635909,0
4.15,-4.20373501559604,-3.81544041633606,-0.173217978815094,19.9837162995058,8.26322352266677,-4.17631715045683,-0.509674021638555,21.0579163971222,-4.91873328576585,-1.40817529156608,1335.65628401412,1286.16980315818,0
4.16,-4.99076749104626,-4.59999990463257,-0.142837507121415,20.1100958849212,6.76993946829333,4.80393058895225,1.36029908463313,-21.2147309007491,0.42805340073738,1.87534891247695,1272.7048527011,1213.52987391036,0
4.17,-4.92774123550025,-4.59999990463257,-0.169383251853561,16.9614329869125,8.11082732522766,-4.91889932406643,0.3402261156302,16.6698570578825,-8.69434267434571,-1.60549358675705,1206.35963339878,1148.69609385184,0
4.18,-4.09150857748118,-3.71283626556396,-0.122639544020983,19.51058499916,5.88018342720482,2.61839596766833,-3.1463447766985,-8.51900036757356,18.5112429859344,0.724035714694744,1145.85500486952,1100.7424397732,0
4.19,-2.68651966421726,-2.32676982879639,-0.0726047974426293,18.5671574546954,3.40065911202489,1.29346557864245,2.35576020844755,-11.517243009585,-14.9551640513174,2.66648656388952,1101.53104052499,1074.27506928589,0
4.2,-1.14844375921538,-0.812294483184814,-0.0337626273626294,17.3899480614225,1.57532712877606,-1.0653810604811,0.430146694809287,15.7629853511693,-7.5113408896449,-1.92514041830071,1077.52345664801,1068.82569299851,0
4.21,0.0803013664797169,0.475031465291977,0.0104703327954598,20.3219187062986,-0.543902929320217,0.0365180782977149,0.0722797847589452,6.22889170646774,19.3514112769852,-0.338168127582794,1072.54699589496,1079.35746358417,0
4.22,0.86953612380587,1.28311884403229,0.0134070947279625,21.2676071715676,-0.622549737788185,-0.856726795332024,0.149305120315758,-21.1030365981646,2.71302954585075,1.41367272366082,1081.57627352279,1097.75073224846,0
4.23,1.04981959451412,1.48565518856049,0.0433490298779309,22.3833869127409,-2.08686913879,-0.0720151514806367,-1.04824335789661,1.47454972356213,-22.4320470666553,3.11426807978727,1097.01606092417,1114.92965568148,0
4.24,0.666766187514876,1.10052299499512,0.0391069233367781,22.2825449628619,-1.88448304219766,0.659837211287931,0.103543975516479,21.3724857244988,6.57874914511771,-1.35655767363494,1110.7725534923,1123.15687218944,0
4.25,-0.111414952796761,0.298385888338089,-0.00210833186476177,21.0877940302493,0.0421105710290456,0.0543407111929961,-0.09728732639453,-10.5934794037069,18.2338976767351,0.528311639866612,1115.94273382978,1117.99020174701,0
4.26,-1.01978079001917,-0.636292457580566,-0.0642615760961781,19.7750875936452,3.10216681505438,0.730824253078677,0.71412766433354,-15.5498685197549,-12.6047259907981,2.40757176437985,1108.92124719062,1099.46938361003,0
4.27,-1.72033059835438,-1.37305974960327,-0.0637388411954096,17.9669503736906,3.05730601055393,-1.46089838326777,0.910700785811062,14.0682807709514,-11.5862807631486,-2.0911993788721,1090.54997626284,1072.26657962499,0
4.28,-1.94303413230763,-1.62996733188629,-0.0611815515851333,16.2594175339967,2.93589483658908,-0.935211589088544,-1.70426057432581,9.98655155274003,13.1627096420462,-0.470405143792496,1065.51515772288,1044.75686488418,0
4.29,-1.51610778352904,-1.21352469921112,-0.0504232133193308,15.7379248453579,2.43312121818324,1.21846753575397,-0.903582965771509,-11.5623604607296,10.9505332233944,0.965956245130375,1041.81728125349,1027.19740474684,0
4.3,-0.428972957500992,-0.08697609603405,0.0307051828006452,17.7113846013722,-1.55990918604144,0.310597814330085,0.297472022636319,-12.6374257513944,-12.5068753709476,2.26315535211527,1029.06457864451,1029.39754502572,0
4.31,1.23412839444638,1.62225723266602,0.0740923848856476,20.0209502596351,-3.63084234846477,0.40464361513755,-1.16825772850226,11.0280855373178,-17.0997893215031,-2.74819555419196,1036.10704055134,1058.37577830244,0
4.32,3.19418162118268,3.64752626419067,0.131283186153358,23.2850243677967,-6.35930546376729,3.1349779913799,0.626054708177654,21.1272322666709,11.673610518624,-1.33261175998418,1068.8355612315,1116.50928846407,0
4.33,4.13428009492376,4.59999990463257,0.156145831052311,23.9072669834901,-7.50922531946358,-1.53394657495632,3.84235101585183,-16.5596590639276,18.8075402752415,0.417585124343576,1124.37306799889,1200.58502640517,0
4.34,4.02922225505167,4.59999990463257,0.151619839687451,29.163861554585,-7.35973781795958,-2.24248808991021,-3.35095027163958,-9.03088962779282,-28.6904094438321,2.58944392816598,1182.35861502767,1301.97780496405,0
4.35,4.10636464933548,4.59999990463257,0.151196306192669,25.3105382568749,-7.25747441495131,3.43607406166768,2.25354964423973,16.4388571859389,20.568380008078,-0.953516154510663,1239.67894078716,1407.94866201327,0
4.36,4.00089999603005,4.59999990463257,0.103332822715741,30.5877191659104,-4.91590777937857,-3.57764412224833,-1.79397351848505,-24.663367351598,-18.7481472137405,2.0614168479841,1297.25574414906,1503.82394984123,0
4.37,3.96168901840266,4.59999990463257,0.10633764312257,32.5523987002368,-5.0675926404289,2.88185136057115,2.72051838965505,19.4866417719835,26.5633196110519,-0.787352431537557,1354.27919315245,1575.63073237858,0
4.38,3.92238083734634,4.59999990463257,0.15703966930301,34.5220948877854,-7.59757727905484,-0.457881924709597,-3.89872761730553,4.92323756383687,-35.0037133436225,3.06469971329963,1411.13588601051,1612.66572134575,0
4.39,3.93458430351079,4.59999990463257,0.0849318855666612,33.9163341369858,-3.97281695924603,-3.37035432028498,2.03196427684045,-31.3943542833863,13.4348619275588,1.04983469867599,1467.89257705134,1609.48386381569,0
4.4,3.78619429671441,4.38862609863281,0.0998865224178649,30.7716824399237,-4.66274950660782,2.06463118222442,3.17530197795737,12.113191452608,28.6689425332945,-0.55015118048874,1523.96098546854,1566.90727785058,0
4.41,-2.65699385461154,-2.14188289642334,-0.135737912861679,26.4093053119442,6.56432614499253,-2.47714288339176,0.970466001307144,22.9695402445794,-14.5925325337983,-1.89314366015938,1524.31148671721,1491.85205327926,0
4.42,-5.04584995581251,-4.59999990463257,-0.240841432013183,22.9494196394611,11.5411203769421,1.89461157127863,4.68284671603976,-18.4760300856874,-17.8468381966086,2.80483397699832,1466.33732017912,1396.00895084071,0
4.43,-4.95547287039389,-4.59999990463257,-0.234203049436528,18.4336208475161,11.264781132561,3.17954618459901,-3.80815552434208,-4.17250843665141,21.1963167758116,0.742906631406092,1399.50677961201,1293.64504773162,0
4.44,-4.97291557177468,-4.59999990463257,-0.224714658051169,19.3086539791724,10.8004365595283,-4.77965050102986,1.39116032488969,16.2169066147848,-15.0494348136785,-1.80887333551401,1332.75423525591,1198.96925664972,0
4.45,-4.95352827492977,-4.59999990463257,-0.217507193810956,18.3420241789832,10.4393782742245,4.95548044793353,-0.167228227392056,-18.4470171961651,10.2527082421741,1.58094437214135,1266.23879250116,1123.5892106366,0
4.46,-4.92032748797333,-4.59999990463257,-0.137852851787666,16.6845904357658,6.55518697159455,-4.5283791390781,1.92935439212556,13.1271183038386,-12.2075713915109,-1.94555350547333,1200.26625843576,1074.56304403113,0
4.47,-4.94119039892743,-4.59999990463257,-0.20530955730833,17.7301924859209,9.87951739588252,1.3882505902484,-4.74660666913214,3.67970788323581,19.9605696175586,0.32606308595532,1133.91332969848,1053.42242239076,0
4.48,-2.50216609752334,-2.16154456138611,-0.0736536745675485,17.7042205267027,3.47306032596798,2.15996081385521,1.26523884147715,-16.8492389755202,-6.4501719691606,2.1301138621117,1078.96161735421,1056.33949036484,0
4.49,0.0793860301883978,0.47833839058876,-0.00733090986386408,20.6236412127721,0.332529817449652,0.0479419688538172,-0.0636981291006646,10.551336410905,-17.7232743277464,-2.58848591797749,1067.72786663584,1075.3727429411,0
4.5,1.23828160643833,1.62635171413422,0.033694929901985,20.082618294863,-1.63158986059601,1.06584891129867,0.631223243732393,16.1256449730293,12.0804477257335,-1.00890842026148,1079.97850289495,1100.50465892924,0
4.51,1.41396656817725,1.81067430973053,0.0696981446686963,20.5176251428789,-3.39698517679673,-0.854769332952091,1.12850727721971,-15.782089011877,13.5439328193943,0.697494438823983,1100.19134509856,1122.02338519422,0
4.52,0.934181213378047,1.33095145225525,0.0774048167611389,20.5238951606254,-3.78741919171205,-0.587233933346035,-0.730645161903677,-8.35456751820156,-19.1252717178581,2.54725730945257,1117.58865061353,1132.73498838912,0
4.53,0.0728310813524574,0.472282111644745,0.0175182125300827,20.661014086118,-0.894572876838737,0.0672427232841058,-0.0330101552034307,20.3571560295593,-3.64197227981246,-1.79109785155616,1125.37423977898,1129.53511183475,0
4.54,-0.832083296644428,-0.432417064905167,-0.00775224019007092,20.6747052019689,0.281540802743849,0.12985042536444,-0.82192552996929,-3.13868372270021,20.4370096858808,0.16600458121596,1120.83811864931,1114.01000579732,0
4.55,-1.39419737621702,-1.04669833183289,-0.0234446543356006,18.0691814798287,1.06065486024052,1.24820675174536,0.621543144572153,-16.525787350721,-7.38367527199591,2.04961598202535,1105.97444344874,1091.94692488897,0
4.56,-1.48532579201658,-1.14908444881439,-0.0397430639832164,17.5090619644041,1.89805259753377,-0.880372562689301,1.1969613069888,9.24931399071151,-14.9873294898582,-2.48068148342578,1086.46648954975,1071.86852742431,0
4.57,-0.982725678300986,-0.625612437725067,-0.0401573312744227,18.555424751288,1.96589383283263,-0.773625420627232,-0.60734346016612,15.3911756886199,10.5489448375046,-0.864390397076826,1070.1612335347,1062.91578612917,0
4.58,0.120522250942139,0.480972349643707,0.0320010187184877,18.7251673207868,-1.56819882044222,-0.0658791938288367,0.105875445650271,-14.7156714679422,11.6850396652938,0.816138236199914,1065.32630658843,1072.54486560979,0
4.59,1.56053703879922,1.9716854095459,0.0791157527992095,21.2631417255004,-3.83069845823055,-1.13568682717501,-1.07319643233957,-11.9265878012988,-18.0153254240526,2.37856594618817,1078.54275874694,1104.54572894811,0
4.6,3.09125876379105,3.53888344764709,0.134336858629849,23.0903050668018,-6.56995622347038,2.47872490352362,-1.85198541812653,22.7802458919225,-7.57541483747512,-2.16904283677175,1112.7700260363,1157.82485855649,0
4.61,4.09894879653096,4.59999990463257,0.137844843201663,25.7651688680743,-6.64910827843728,0.589487107828209,4.05868049827579,-3.76424278351499,26.3416978185827,-0.11061587494176,1165.70364547195,1226.23493521278,0
4.62,4.07849561122629,4.59999990463257,0.235606798895354,26.7915308371693,-11.4620407124982,-3.03525105990324,-2.73438988036346,-10.6877902023457,-27.1096964661097,2.36180004648494,1223.0611102886,1299.51388868817,0
4.63,4.03422021187115,4.59999990463257,0.196775260573015,29.0092173279365,-9.56903768247015,3.55463254586747,1.91787400131058,19.8802364034804,23.1921834394633,-1.02727973024902,1280.6897351475,1365.16050637671,0
4.64,4.05548156198878,4.59999990463257,0.229287170755921,27.9501915966008,-11.2134689402308,-3.21012915058119,-2.48889014279319,-13.7267267019493,-26.8054485135058,2.28678624697556,1337.9772979337,1410.87305757881,0
4.65,2.69567811467185,3.31024622917175,0.12410400583233,31.4567766778497,-6.05731656954962,0.834555523966047,2.56624226829856,2.50193005938779,31.9368161995178,-0.268411897613392,1390.57582019473,1427.0533659836,0
4.66,-0.118475111844794,0.385543584823608,0.0061690260086609,25.9330216750865,-0.391571112372732,-0.0708556593504917,0.0951519024851268,14.7118808241926,-21.359670029083,-2.55354221521273,1408.16130320107,1408.85773705024,0
4.67,-2.66061948017658,-2.24279022216797,-0.111214242822251,21.6268886490666,5.27405025979738,2.62158114246991,-0.467522127334966,-20.7226776129117,8.13071653258965,1.43609150652527,1388.72270975902,1357.36299642922,0
4.68,-4.83197420085324,-4.42807197570801,-0.210814324529985,20.9334630677108,10.0896413538341,-4.44276683857176,-1.91160669993212,23.2381237444863,0.0185335413511343,-1.12086574211945,1337.1331450753,1279.59302781082,0
4.69,-4.99200437544284,-4.59999990463257,-0.150767946648111,20.3413165394662,7.1895678064684,4.24623507650466,2.62913033781865,-20.9310390969364,-5.22978451994817,2.15538312308163,1270.95538777946,1187.38218536875,0
4.7,-4.86486642531436,-4.59999990463257,-0.159674948432045,13.9870276929203,7.62033955217985,-4.57976816092702,-1.64867978014737,15.8126768444225,-1.91461995886957,-1.19243756796191,1204.54672571625,1095.28909273212,0
4.71,-4.92196034500343,-4.59999990463257,-0.166577995940942,16.8441643445431,8.02476253512548,4.33862923182241,-2.33017987616708,-11.5448002585317,14.6574306480275,1.11175949099071,1138.6431067791,1017.9685593412,0
4.72,-4.92102116554421,-4.59999990463257,-0.172675505447723,16.7995238267394,8.26801434951535,1.19175707811073,4.7776543626228,-11.5792845973988,-14.714082720354,2.93221235366468,1072.42939475447,967.520417537579,0
4.73,-4.87879606614907,-4.59999990463257,-0.117705062409966,14.6903296875708,5.54309176082116,-4.36056647111581,2.19133876609008,10.9125634089617,-11.2892697923204,-2.01234898970947,1006.8609132519,951.338987796116,0
4.74,-0.799074128668537,-0.426621466875076,0.0247683595311475,19.3756248244131,-1.26222258734789,-0.692036628625424,-0.400272706266619,16.4668517493425,10.2883835786579,-1.07739839820109,972.288295976155,970.884589162011,0
4.75,2.27691392614937,2.61627864837646,0.0813543173597655,17.7241361501637,-3.9172385274346,0.544558966280555,2.21233159456024,-0.215651836862877,18.1505717330231,-0.205634225679705,986.414877635452,1021.61021132172,0
4.76,4.1585866262856,4.59999990463257,0.133180099970112,22.8298244507071,-6.39616608038885,-3.17907794045305,2.68422113766252,-21.8739081146795,9.14570766909699,0.901612042648816,1034.11405190231,1094.04114195183,0
4.77,4.13050014112434,4.59999990463257,0.183779750865492,24.237531006228,-8.90679607279752,-2.88773694489802,-2.95901702423751,-9.49598902473388,-24.0128115388931,2.41284929511648,1092.18233858335,1175.77168177776,0
4.78,4.07698011067461,4.59999990463257,0.176220250166828,26.9170624494033,-8.50930544488492,3.74876262962506,-1.61232724536052,28.1845482688012,-1.60242595555505,-1.93377893105927,1150.19325660265,1253.95933728154,0
4.79,4.09075321754776,4.59999990463257,0.152885972557035,26.2320906511542,-7.39347377172543,-1.5538201586773,3.78725215980797,-17.5869882716306,20.8202756436386,0.426689990708838,1208.08247859199,1317.8008598603,0
4.8,3.97346613320554,4.59999990463257,0.189052070121725,32.1003079393976,-9.12777136632582,0.0785936971538276,-3.97718453528578,11.2658704890879,-31.4137890430805,-3.07429131025842,1265.30241519867,1360.48570279385,0
4.81,4.0372840342441,4.59999990463257,0.218220777237116,28.9134228757412,-10.5868262758794,-0.300498837511865,4.0319949317223,-14.2016903050078,27.3199360443566,0.128389878437433,1322.5311216022,1380.23806497298,0
4.82,1.35584698675976,1.87240409851074,0.0385053081180622,26.6092907140391,-1.82724314193475,0.690385079792044,-1.16754963571547,15.7343176187554,-21.5365832683858,-2.57919471628378,1360.36491869307,1380.25414550148,0
4.83,-0.252697944645887,0.198028042912483,0.00222860924862865,23.3212967135024,-0.156337089144497,0.243700275152931,-0.0668684814978223,-22.4774340623474,6.21870401751724,1.29417995123137,1367.2055157264,1367.57544296724,0
4.84,-0.961667602020286,-0.527078092098236,0.0106710637132377,22.5179460265857,-0.649373443145542,-0.916904876489641,-0.290179075478809,21.3534957184401,7.17689345939094,-1.27538858519013,1358.76141526823,1351.16281923497,0
4.85,-0.997068389927552,-0.515887320041656,-0.0442453546802163,24.8509787839285,2.0798043679282,0.736816861151496,0.673204232552319,-19.0548130588213,-16.0875987027739,2.35545674894405,1346.18453130473,1339.60280262645,0
4.86,-0.418655520344361,0.0377456098794937,0.00104363169379643,23.6154402374825,-0.15389763623822,-0.153084629871801,-0.389664766150256,8.5468074049646,22.0151035717525,-0.376830970416593,1338.16093223049,1338.95245737385,0
4.87,0.369848026269339,0.871545314788818,0.0267822205406148,25.8837943530639,-1.37921120368552,-0.0240244367564746,-0.37003739853013,1.57212415312613,-25.8727938055253,-3.13413806421514,1339.98824615876,1351.19660678836,0
4.88,1.10879789159075,1.65762376785278,0.0741427369875833,28.2438745799549,-3.59085945413553,-0.411938072596526,1.03210316063345,-15.4353296593442,23.9240740931587,0.446520034467995,1352.97261567303,1373.65828236059,0
4.89,1.55744680903454,2.08559107780457,0.117774888127144,27.2135935956776,-5.7332990518073,1.25983344019613,-0.923217845477876,26.1316363894264,-9.51777148385923,-2.12772756194777,1374.1236288458,1399.49802244574,0
4.9,1.37781726132961,1.91811978816986,0.093472168592649,27.8253683195247,-4.52997620993069,-1.37288912992887,-0.149308033415414,-26.6017397488514,-9.33376927688523,1.74686216423266,1396.81090562577,1419.20326493993,0
4.91,0.483270384905876,1.0510321855545,0.0654043065204988,29.2021533814374,-3.20185399463741,0.295771389379952,0.387746403545866,11.6537449134032,26.9667918115837,-0.517120785116977,1412.07625733059,1422.75489965044,0
4.92,-0.99665584483025,-0.461549043655396,-0.0149913269139881,27.572989321332,0.629966768261452,-0.389965312664609,0.917319283475135,10.5918076416904,-25.465274573914,-2.72458491736458,1410.791251604,1402.00921504068,0
4.93,-2.86682808413564,-2.39324188232422,-0.137217580945501,24.5002726650624,6.55466408224725,2.80443264438194,-0.610482982264239,-23.0749945565501,10.5248091720795,1.40428259866778,1385.77533894342,1352.78151133907,0
4.94,-4.83591425602696,-4.41042804718018,-0.184570376774589,22.0981688547083,8.84336969653129,-4.53660853621407,-1.68502697449543,23.799932212516,0.312219474683541,-1.17701218105166,1334.05905586917,1276.17384969199,0
4.95,-4.9204652333965,-4.59999990463257,-0.194139842840451,16.8498464819385,9.35847649795264,4.4021504481393,2.20674869969118,-19.2742146302864,0.0553101552888897,2.07490957307428,1267.77090554324,1178.84244483019,0
4.96,-4.9008878277436,-4.59999990463257,-0.222018145506615,15.8735493722419,10.7047299279218,-4.88908703300567,-0.405982192658023,17.1111801374948,-8.58884898021545,-1.44267728937876,1201.14006961305,1072.11848739486,0
4.97,-4.88039082518543,-4.59999990463257,-0.124468199638564,14.8510998866224,5.90538890423644,3.54411409940933,-3.35752322250247,-7.08744088397682,14.3246978212055,0.837925528571635,1135.47518400704,970.134389472205,0
4.98,-4.87046545175683,-4.59999990463257,-0.163224611990811,14.3570845259021,7.87881006303718,2.50457261099698,4.18033396117585,-13.8525952253969,-8.73539521799816,2.63531210481278,1069.68957026385,887.315989348775,0
4.99,-4.90343764453886,-4.59999990463257,-0.113867650158203,16.0078024920106,5.4249579275438,-3.47084202507636,3.4655334672453,7.84448496125411,-14.9714383020303,-2.33221133734002,1004.08543865856,835.73658601717,0
5,-4.82350206913349,-4.59999990463257,-0.158746406392852,12.0129472128717,7.67830797372798,-4.82203889155518,-0.198276475677166,12.5477119741684,-6.76921253115671,-1.49680152026553,938.680159011199,822.862388038099,0
5.01,-3.07823668415202,-2.82186532020569,-0.0849013729897502,13.6582865665362,4.0477894443427,-2.82839370615528,-1.21775956977393,14.093870243424,2.07273077867865,-1.13666159928076,877.126180195846,850.143707930216,0
5.02,2.07974953684749,2.44140863418579,0.0669018839040295,18.9252018710411,-3.21798414048823,1.81348226491798,1.02035095575748,14.5194845104207,12.5579957532937,-1.02613780277464,878.319864098085,912.737282915959,0
5.03,4.22236181566508,4.59999990463257,0.0856078144530601,19.7271917696321,-4.07381153163556,2.78838630427542,3.17184013128203,9.60835166954173,17.70416938762,-0.700879172739379,929.314505320755,1000.41718854882,0
5.04,4.11922977446991,4.59999990463257,0.102781760553803,24.8869689365061,-4.9470536696428,-0.0676955514749807,4.11995574460363,-5.97225341420072,24.6610371236393,0.0413761747889029,987.766140581195,1099.49192169439,0
5.05,4.13403403017213,4.59999990463257,0.0954518569247068,24.1499997436791,-4.56823190873104,-3.83620554862029,1.54365650594508,-24.2133710233892,4.21946608889627,1.21131518844885,1045.99735747015,1195.34284804876,0
5.06,4.12080649255304,4.59999990463257,0.173836123370415,24.8147661662182,-8.47862165447523,-1.51402068381859,-3.8365357441089,-0.117217092168346,-26.2230033595911,2.80788218497264,1104.14929094825,1275.0760384398,0
5.07,4.10009574663092,4.59999990463257,0.166420196204913,25.8538421103324,-8.06305573085614,4.00194745628153,0.907136908304123,22.8617390416144,14.5180889781683,-1.30732216967985,1161.89143579703,1329.76081671915,0
5.08,4.00914877662011,4.59999990463257,0.182635574718158,30.4049065677085,-8.81530029279097,-3.5622418420506,1.84852988208769,-31.297028207359,4.7606604616308,1.13764825553387,1219.36501065314,1355.81768965714,0
5.09,4.07398564899892,4.59999990463257,0.216909438216728,27.1669273678611,-10.5587965178033,2.95435290699082,-2.81357560296352,27.5061814167129,-9.64054512908342,-2.27860008781889,1276.94843486797,1355.2969006565,0
5.1,1.17579652134907,1.65871298313141,0.0777089896913552,25.0156897546106,-3.85587101938296,-0.936730945946529,0.714892496534653,-22.9756787803621,10.619353078162,0.984909008515183,1319.69166221765,1335.01935086497,0
5.11,-1.26243312000046,-0.782340407371521,-0.0765594282123016,24.8777652722576,3.66212748292252,-1.17034558341901,0.479468397179515,22.3688230213742,-11.4869551788609,-1.89905030666717,1316.88935603436,1304.78607883171,0
5.12,-1.98110699370588,-1.524542927742,-0.0707783713839542,23.7045144478279,3.4156992068701,1.93868270451883,-0.41388871640293,-22.7506036396038,7.48204786891564,1.39617570972786,1295.03373286183,1275.05220400833,0
5.13,-1.66586005565097,-1.29173219203949,-0.0796406460411765,19.5858538250613,3.84690336976885,-1.61759123581169,0.405993782391431,18.4454285190794,-7.62695891824127,-1.76893222011726,1270.70510393189,1254.56697911943,0
5.14,-0.930281442098436,-0.505975961685181,-0.0355189222915956,22.09788455982,1.64306781683813,0.852467967796623,-0.374143714679532,-19.9564132592268,9.63108216644514,1.19537810873898,1254.1688558181,1248.48171715788,0
5.15,0.0782362431581341,0.509568274021149,0.0490277281128798,22.4524563728994,-2.42167024133411,0.0344624060110692,-0.0856561173491851,19.5859684368297,-11.2413132829856,-2.1992814447976,1250.46322632538,1257.32229722656,0
5.16,0.958912081578879,1.38406753540039,0.0928510377974561,22.1470288332498,-4.60739794228785,-0.555072853062171,0.787418454959893,-17.9378934718166,13.7822704854154,0.710553932816906,1259.69018071493,1277.03510609996,0
5.17,1.34256899300438,1.842658162117,0.0563906581896328,25.8971932166865,-2.7846350445323,0.691673849035811,-1.15206713947922,16.5753005521242,-20.0917450820077,-2.55891909836629,1277.83289032622,1300.08429479039,0
5.18,1.2208361150212,1.69154453277588,0.086914071313742,24.4316494478249,-4.22742972187303,-0.764103355381117,0.956107179048309,-19.6762421468534,15.0871518774476,0.745314116340454,1297.65986949696,1317.35273842806,0
5.19,0.502266046501031,0.932112097740173,0.00415524376335813,22.3920159744915,-0.176107236437532,0.387132241256466,-0.32002667904138,17.4870466816392,-13.9870151038303,-2.25331039862533,1310.96834681043,1320.426497966,0
5.2,-0.729044012408295,-0.309296876192093,-0.0199927592333381,21.8904483149433,0.89469365878663,0.633842709881567,-0.36076072621634,-18.8933600912579,11.0920308615843,1.08077507251009,1310.14705307457,1303.75919676056,0
5.21,-2.20094097590442,-1.77160441875458,-0.103834371870625,22.3730588094107,4.95602124957118,-2.01457424400745,0.8924199524768,19.068619260735,-12.7084092869517,-1.94065639534189,1290.71468317021,1266.23614798494,0
5.22,-3.46338018622222,-3.08927345275879,-0.114436836438147,19.6144594414805,5.48868234355978,3.04807185660299,-1.64844049356822,-15.1015924097349,13.6672806271119,1.10806284302338,1252.58267651626,1211.78352140451,0
5.23,-4.28139287240123,-3.96602511405945,-0.152313106451698,16.6801338109731,7.2646370359843,-2.56125977348684,3.43416257375261,4.7760449730434,-17.555375519539,-2.4652128935929,1199.27177661047,1148.86914803097,0
5.24,-4.39968129905464,-4.08720207214355,-0.114921764455089,16.5381468400002,5.46221199716414,-0.870471192281219,-4.31424181619496,8.22720903785369,15.3511918837213,-0.172979385630695,1140.28391598209,1088.9766190429,0
5.25,-3.69932140116597,-3.38149237632751,-0.0667114721273662,16.8080784983948,3.1215127395286,3.67946188131416,0.38857369133028,-17.0643286225887,1.03151987452641,1.69404393712988,1085.45271354099,1044.35388040462,0
5.26,-2.23385452596353,-1.8550341129303,-0.0356790914728819,19.860163251245,1.64926630696058,-0.120438995944614,2.23089073891841,-0.258039498020104,-19.9268557312698,-3.07168743066236,1046.53886663134,1025.49542918373,0
5.27,-0.0753312333685817,0.269761383533478,0.0121782738281879,18.1765027874813,-0.603807138731729,-0.0762946000747593,0.0014963534671294,17.9912383365288,-2.65804058703311,-1.75068298688354,1033.02896519819,1038.88012496398,0
5.28,2.16772362154703,2.63875913619995,0.0980320018926233,24.4766885583964,-4.75663926194603,0.968875484881246,1.9416272215861,5.58044328295231,24.3021100445779,-0.41765604666703,1050.22060307669,1085.44093559581,0
5.29,4.06444479206321,4.59999990463257,0.125563842082477,27.7060311807464,-6.06923241028439,-3.66995535383579,1.75125824681009,-27.8049479292727,5.59862630374389,1.15644779491283,1098.12736879287,1160.09765669314,0
5.3,4.14462302999151,4.59999990463257,0.191124077123208,23.7005806497339,-9.31973663212541,-0.218262207885019,-4.14328252502788,9.16432686881838,-23.7611053418854,3.13504382564,1156.17991436883,1252.4685695549,0
5.31,4.09149539985845,4.59999990463257,0.179627190438088,26.3606503132935,-8.66877589355241,2.45679956331468,3.27669596397108,7.71598270041643,26.6551152951783,-0.599485590982988,1213.53899355839,1348.63652199448,0
5.32,4.03046993812213,4.59999990463257,0.167055128061432,29.4157776933445,-8.09990367137868,-3.29977608323022,-2.32036056216694,-18.4113609378523,-24.3293691904662,2.22508254390484,1271.30450234363,1433.6287968144,0
5.33,3.95714148673719,4.59999990463257,0.0963010532236659,33.0861540672975,-4.57112624601356,2.94030718876253,2.65006344728196,20.8887772878787,26.0623822690741,-0.812938892215853,1328.58051820376,1494.12316772452,0
5.34,3.94668051839351,4.59999990463257,0.161174015895816,33.6133150437519,-7.74821715729239,-1.28258197562007,-3.73593999596907,-2.18321244103159,-34.4256212839276,2.85170617850793,1385.58583100503,1520.84523625597,0
5.35,3.9015679378882,4.59999990463257,0.102673699762074,35.8732458318642,-4.87477602811701,-2.28206280349565,3.16622229533581,-25.6119366980835,25.5867525569586,0.650828436005517,1442.52942415357,1510.18436031688,0
5.36,-0.482032125608504,0.0179105717688799,-0.0532937305210575,25.9525939794869,2.5593779484926,-0.467831876541807,-0.127783125344759,25.0740209787438,7.1680556432585,-1.19404777745131,1470.46066609285,1464.71439477867,0
5.37,-3.79590020521341,-3.39604187011719,-0.160063836521612,20.9515959456307,7.65749697095533,-0.104725051570156,3.7978298360083,-6.17953327254094,-21.4340850297539,-3.07188207708007,1438.41430086618,1392.52820595321,0
5.38,-4.97359747069348,-4.59999990463257,-0.186538403374619,19.6414316394146,8.91344494540652,3.98511738930025,-2.98166191408733,-11.0880890508431,18.5010707485044,0.965936841431625,1375.31264683277,1305.53543532177,0
5.39,-4.95246931138796,-4.59999990463257,-0.161928242061161,18.5877946950976,7.68006099310667,-4.82985844032445,1.10708648363314,16.7736092854319,-11.0966427366394,-1.76343626743889,1308.66260864815,1217.08159017929,0
5.4,-4.96619433622726,-4.59999990463257,-0.242250166240844,19.2766717408108,11.6839565013959,4.7258743828449,-1.54527753034523,-15.5063309945851,16.360275426039,1.30351370769492,1242.23117717951,1139.38024827567,0
5.41,-4.9006991810936,-4.59999990463257,-0.188623685460632,16.0043918187893,9.09277950659208,-3.17713424285854,3.73607405723494,4.13412558516579,-17.9367834990254,-2.39839985975941,1176.38386014537,1081.28162499878,0
5.42,-4.95485078470998,-4.59999990463257,-0.121816424865298,18.7143301222716,5.7891860624626,-0.883933402827312,-4.87688909854163,8.60402058217398,17.5986265660903,-0.154722564999553,1110.44874156852,1046.82390387875,0
5.43,-2.56619231244919,-2.20169878005981,-0.0504549929391207,19.1989211366161,2.31428931756753,2.55395757357105,-0.255322155687408,-18.9526437253033,3.84080768551786,1.49081509794705,1059.43376466301,1034.84503720134,0
5.44,-0.638019738511872,-0.26154899597168,-0.0436967270442354,19.8005082554476,2.09406763229532,0.199516386046796,0.607595097399545,-6.90708408000622,-18.674513003942,2.89269642588915,1041.51473063767,1039.70771006545,0
5.45,0.339388353173315,0.782936155796051,-0.00825629389920231,23.157195407282,0.381891194768478,0.306098527246014,-0.146820680683838,20.4563614682213,-10.8599638810245,-2.04235537282327,1042.85051443951,1052.95599046327,0
5.46,0.687964657523251,1.08396506309509,0.00912935412481392,20.7827343355888,-0.467059159400829,0.422371511018282,0.54312155341871,12.1670295884182,16.8553724882187,-0.647709191260945,1052.56715627467,1065.52781093666,0
5.47,0.359011814444243,0.770073652267456,0.0193795748105839,21.538692960223,-1.00139154763143,-0.249419650496399,0.258949587326648,-16.4392227122289,13.952420438195,0.820582253086097,1061.60968440491,1070.03337251693,0
5.48,-0.298203215173298,0.0625096932053566,-0.014813147342481,19.0240624792758,0.670232116824869,0.226296913775909,0.194767280849175,-14.247393473014,-12.6244185422906,2.33108703032989,1063.21819900321,1062.59948720518,0
5.49,-1.10969866294509,-0.7371426820755,-0.0573423695136764,19.6189024798882,2.75222765313954,-0.647952362686371,0.902705381380169,10.0973740631438,-17.0446216912849,-2.46739909440801,1054.28414342531,1043.87564594474,0
5.5,-1.66165002617208,-1.30784976482391,-0.0417653166668633,18.6837076438172,1.94219605353869,-1.48850288356949,-0.739719079623644,17.4251029852884,7.01561421274767,-1.0844580596311,1035.95890260735,1018.97891287754,0
5.51,-4.86557985288763,-4.59999990463257,-0.143867002497083,14.2746332287319,6.86448749439394,-0.0476332520267728,-4.86747327599597,6.58089753126087,14.4075719695774,0.0197739832456937,975.063255474366,0,0
5.52,-4.83660974842973,-4.59999990463257,-0.142687752396053,12.8279338742683,6.89608584729623,2.80118627695195,-3.94544155895197,-2.22862046661426,14.3925375911154,0.646885928597259,910.277280307378,0,0
5.53,-4.7905708945194,-4.59999990463257,-0.141291685043011,10.5276088479774,6.80849221167476,3.32628126308142,-3.45041820574726,-2.7665606840926,12.2283382449816,0.796567168504453,845.07644982852,0,0
5.54,-4.75425764506006,-4.59999990463257,-0.124940203111511,8.71341325150129,6.04541736871163,2.04670763064837,-4.29296676956756,1.43157491327349,10.5081508801998,0.471155588630456,780.721281755581,0,0
5.55,-4.78507592952897,-4.59999990463257,-0.0837298376597164,10.2556536867387,3.99952787262559,-1.62080415008289,-4.50299414213988,7.090214774861,8.42042220987573,-0.328005427772713,715.99232420425,0,0
5.56,-4.74468752902823,-4.59999990463257,-0.0829946625087272,8.23739861937913,3.9823743113865,-4.7402836888481,0.220586516726814,8.11841777272958,-4.21963671871984,-1.59980689540852,651.745629875575,0,0
5.57,-4.68174788572575,-4.59999990463257,-0.0409566127770638,5.0913691874167,1.89290671972288,0.295878058175521,4.6725685531962,-2.16738869914282,-4.9807190524036,3.08710265023832,587.875339062967,0,0
5.58,-4.66932272912723,-4.59999990463257,-0.032242282138483,4.47091381694769,1.44629035628163,3.56680231687856,-3.01355861828029,-2.50924670652344,3.97297207629859,0.876180900100294,523.289901721629,0,0
5.59,-4.65824427970906,-4.59999990463257,-0.0718491234183323,3.91755395736291,3.47408858907066,-4.51884856462228,1.13331801185248,3.02106506292627,-4.27664429420159,-1.80110301701963,460.657054782026,0,0
5.6,-4.63266588476414,-4.59999990463257,-0.055510818218496,2.63896856261576,2.66947749714221,4.49804206685457,-1.11008658022853,-1.96096966243638,3.20075977936913,1.34081992241984,397.076086360916,0,0
5.61,-4.60284066220116,-4.59999990463257,-0.0585477768548701,1.14790186812841,2.82340707620445,-3.50467458620951,2.9844306070948,-0.919674145284255,-2.90577109960674,-2.2634744501092,333.773353611068,0,0
5.62,-4.59824886347748,-4.59999990463257,-0.028937985759993,0.918267684402792,1.37836342380942,-0.235855501974889,-4.59228725143364,1.41829394331418,0.855303196926329,-0.0450207828698236,271.859595714702,0,0
5.63,-4.57011239440402,-4.59999990463257,0.0219838454115022,-0.488794244515158,-1.15906318865191,4.52156773893085,0.664707280841783,0.646994702744543,-1.07877019952332,1.71194866328439,209.479299090183,0,0
5.64,-4.51872307091241,-4.59999990463257,0.0109905165285198,-3.05861538445235,-0.599078508600734,0.546710995152355,4.48554189266237,0.971937574429389,2.96131060189373,3.01787572837336,145.300765139731,0,0
5.65,-4.53547306239762,-4.59999990463257,-0.00393687471321791,-2.22170327243165,0.169200550714039,-2.96997431896722,3.42779578496038,-1.58408071716273,1.56693412069833,-2.42676423613805,84.5700666727073,0,0
5.66,-2.82775978690741,-2.87523317337036,0.00888357879371854,-1.36960982496145,-0.453296659721865,-2.55987427737321,1.20139419611793,-1.04414709931496,0.995522862288,-2.01273973170592,32.4234571965243,0,0
5.67,-0.956758352630466,-0.962935268878937,-0.00914688436047667,0.695053692315464,0.453563085670211,-0.912353633624667,0.288237849758727,0.532240587244375,-0.636819491829361,-1.86724095396576,11.056593537987,0,0
5.68,-0.32438546945176,-0.332355439662933,-0.0114869234244965,0.605172134653739,0.571076334306567,-0.311831215003241,0.0901064678633074,0.447950666550899,-0.701214441168317,-1.8166967848287,4.0182172171771,0,0
5.69,-0.13107498701999,-0.121577709913254,0.00484814040910194,1.47833871396821,-0.246355827258101,-0.12881411546328,0.024720039343205,1.49589674397738,-0.0920297680051005,-1.79736668363118,1.66489076016729,0,0
5.7,-0.0638858290509548,-0.0545126125216484,0.0106723370665269,1.47191625683022,-0.537783030794922,-0.0646833229985629,0.00337129913430484,1.5533059178201,0.207337360350466,-1.7883940906735,0.924171813901748,0,0
5.71,-0.0484638322541406,-0.0297850742936134,0.0112483251838541,1.93701625108593,-0.566612257624966,-0.0497456445134272,-0.000799192181477889,2.01287373397528,0.146358254069496,-1.78279154922946,0.636888266789646,0,0
5.72,-0.043229318050105,-0.0158249624073505,0.0111824188780118,2.37320633683527,-0.563321616757005,-0.0446067168051109,-0.00201525355950292,2.4383806160893,0.0611517144549907,-1.77877695694949,0.46941977456273,0,0
5.73,0.000359654838604547,-0.0172907318919897,-0.00534674379786757,0.120294429695827,0.263817389965145,0.00143798546086731,0.00516228812226722,0.0642112606907702,-0.28274949878712,-1.77530038661105,0.503909194233938,0,0
5.74,-0.010674800647621,-0.0150141622871161,-0.00162379785282364,0.785712061355631,0.0775364468696441,-0.010136076539062,0.00372129557110981,0.754437151846313,-0.232765821947524,-1.77169495497816,0.459212337050474,0,0
5.75,0.0408065553554663,-0.0124092418700457,-0.018050905746507,-1.65822033188058,0.899567078515702,0.0435575523585309,0.00968244756153374,-1.80263136142635,-0.556269514366538,-1.76853851883069,0.452091772553066,0,0
5.76,0.0268567048063553,-0.0128344390541315,-0.0114012917693632,-0.982115222498497,0.566852028033324,0.0285531920808664,0.00599893899443942,-1.07311237684025,-0.366471497692575,-1.76517791050542,0.435638979472246,0,0
5.77,0.000188511166361295,-0.0175558123737574,-0.00461930103136,0.115036105197025,0.22751556519553,0.00106204989001853,0.00449950314026761,0.0697505152144941,-0.245217257819378,-1.76180410459772,0.50359439314272,0,0
5.78,-0.010592995352559,-0.0150971040129662,-0.00145072490047158,0.776912795611221,0.068972164982046,-0.0101372279029122,0.00339893567467885,0.750458992661474,-0.212513415718347,-1.75820437903871,0.45701108634778,0,0
5.79,0.0383438111721816,-0.0140952244400978,-0.0167041670578076,-1.61996392063983,0.832277464355577,0.040754695862504,0.00939850080905763,-1.74499952161233,-0.521483989611999,-1.7549969681244,0.466033629678624,0,0
5.8,-0.0406317059667377,-0.013012919574976,0.0102695862896548,2.38279863472969,-0.517456650552265,-0.0418160843694312,-0.00279553578705547,2.43700745177183,0.0805319742647936,-1.75160596369034,0.441493298755555,0,0
5.81,0.000216177807026994,-0.0175433866679668,-0.00454923545208365,0.113698183309555,0.224103106207681,0.00101585883637664,0.00443962913623438,0.0723516880721519,-0.240654757553085,-1.74825618051187,0.500132017051472,0,0
5.82,-0.0105446385290065,-0.0151134356856346,-0.001453703962681,0.773102107053087,0.0692144503833848,-0.0101341236334221,0.00325610121173119,0.749469165059073,-0.201924438088737,-1.74468038760611,0.453929130890181,0,0
5.83,0.0375276015078247,-0.0146994404494762,-0.0172066764112436,-1.60994743193541,0.857512166833026,0.039904819402789,0.0105828151491994,-1.7322001244736,-0.57161226249594,-1.74146836654193,0.469006691382448,0,0
5.84,-0.0408076106890248,-0.0131275281310081,0.00998930364059917,2.38528150028479,-0.503339682551402,-0.0419012278082665,-0.00305522266469372,2.43579291748799,0.099154095967479,-1.7380796172353,0.439434520197756,0,0
5.85,0.000251318755135231,-0.0176302958279848,-0.00450958506478582,0.107013126160388,0.22221044501587,0.000983990462469734,0.00440809271034431,0.0693095305001152,-0.236697021583762,-1.73474703582611,0.497932961868056,0,0
5.86,-0.012392802043218,-0.0152224451303482,-0.00313201507463731,0.859466556613209,0.153279504543577,-0.0117335587420046,0.00507096244889183,0.82395672186188,-0.288570076321707,-1.73118430263204,0.464068435975192,0,0
5.87,0.0376679986476901,-0.0148245040327311,-0.0169290645968121,-1.62380632000354,0.843710828710791,0.0398537398793151,0.0108236208302633,-1.73586463314867,-0.579110440892699,-1.72798751083614,0.46738032095877,0,0
5.88,0.0265486800092047,-0.0133026205003262,-0.0107556527675562,-0.991869359623325,0.534821665880392,0.0278830991171919,0.00656119351248209,-1.06209837183866,-0.376544936750363,-1.72461038234254,0.430721464292081,0,0
5.89,0.00165948458012025,-0.0171037819236517,-0.00564806468976701,0.0623517678572627,0.279262929224126,0.00248775136818599,0.0053353178857064,0.019765842262159,-0.285455492281078,-1.72133320452561,0.489397742632291,0,0
5.9,-0.0105153635283888,-0.015633987262845,-0.00171306189154373,0.744441214309306,0.0823716332629165,-0.0101510281912802,0.00323482269039018,0.724346575301918,-0.190525185676588,-1.71780015585202,0.453811121157522,0,0
5.91,0.0405024484421623,-0.0135413054376841,-0.0175619961007214,-1.7019389912309,0.87546638384773,0.0426017679865428,0.0115741695716172,-1.80986572036796,-0.622433766240599,-1.71465176572541,0.452269007497979,0,0
5.92,0.027001222815066,-0.0136662814766169,-0.0106815301636064,-1.03326093183582,0.531200316207882,0.0282310324782911,0.00679484549894587,-1.09747068960968,-0.381261084619495,-1.71130437338544,0.432561856743798,0,0
5.93,0.00633963099337207,-0.0150047279894352,-0.00723455801361858,-0.0672564799620758,0.35872939369291,0.00727052040108692,0.00629835564904963,-0.115742475105509,-0.346141432730355,-1.7081540854616,0.466579520134176,0,0
5.94,-0.0104839090772834,-0.0156257413327694,-0.0023759233422619,0.742707398314054,0.115625277407981,-0.0100729569620382,0.00375405105319258,0.720627699456716,-0.213726935742372,-1.70467555431719,0.464074403327842,0,0
5.95,0.0444263668679481,-0.0121135339140892,-0.0198379451884115,-1.82730312749578,0.989427664974066,0.0466336382806525,0.0138762359122779,-1.94070805604736,-0.742735528411527,-1.70154995770837,0.437142348428813,0,0
5.96,0.027520981162537,-0.0145187936723232,-0.0108322416481594,-1.10245002648005,0.53882656842841,0.0286742706822042,0.00724762472238462,-1.16197809299735,-0.394381849385147,-1.69820092858322,0.440667183064714,0,0
5.97,0.0152248485923274,-0.0120550412684679,-0.0106455464290804,-0.36456115376503,0.529481357474053,0.0164277506637937,0.00867483034769118,-0.427422964481212,-0.480171794445643,-1.69515739674817,0.420973840648994,0,0
5.98,-0.00752166021711391,-0.0166809260845184,-0.0014252294119542,0.541289950627685,0.0681432343112691,-0.00729452730925574,0.00232304167696915,0.529101004060938,-0.133005407914979,-1.6918417397865,0.464861483299294,0,0
5.99,-0.0118662932205949,-0.0110037866979837,-0.00307714980504499,1.04229955190474,0.150790948878773,-0.0114220425741659,0.00445137160364821,1.0173317325429,-0.272327765984006,-1.68867766379361,0.386874781981408,0,0
6,0.0288602813809362,-0.015598775818944,-0.0113263655469913,-1.22397110690899,0.563634006641798,0.0299660694722538,0.00795217443690375,-1.28039016493743,-0.41998760639167,-1.68538776375307,0.452929148971361,0,0
6.01,0.0175507308000396,-0.0112678743898869,-0.0127700448192265,-0.442055492365221,0.635863371670011,0.0188627393692885,0.010737749288692,-0.510066845740931,-0.582723861393808,-1.68230392533388,0.424555477889821,0,0
6.02,-0.00459549298956912,-0.0165337845683098,-0.00259946357579394,0.401779637832545,0.12697910686688,-0.00428799167296057,0.00308040486165036,0.385722465315351,-0.169613533388728,-1.67896834427779,0.463914876451729,0,0
6.03,-0.0130564791968935,-0.0121776647865772,-0.00404731837300175,1.04252537452107,0.199416892051234,-0.0125608871181308,0.00539226759693217,1.01591213243152,-0.307487873800106,-1.67570293632822,0.409995253810002,0,0
6.04,0.0319084464794295,-0.0155740194022655,-0.0128136913632649,-1.37569821286294,0.638133441142736,0.0330454178005499,0.00950473594955293,-1.43342503338051,-0.495027812609615,-1.67259465475109,0.454029890368676,0,0
6.05,-0.0408541471904451,-0.0112721342593431,0.00934898426709576,2.47743647902724,-0.470869912120266,-0.0415763802871707,-0.00527915255524155,2.51177078469459,0.224538430808049,-1.66946194696891,0.389674686858476,0,0
6.06,-0.00269336286680903,-0.0173829197883606,-0.00304274252666993,0.263652894990902,0.149240210317785,-0.00239120356802397,0.00328551839321907,0.248234152598943,-0.173681590550826,-1.66621906358785,0.474217113745024,0,0
6.07,-0.0106241648448143,-0.013715011999011,-0.00247261947855703,0.843476783588288,0.120708833932705,-0.0103516227041678,0.00343956874129381,0.828794153658911,-0.197797770216568,-1.66292780851766,0.41612065020381,0,0
6.08,0.0360323608781965,-0.0150946099311113,-0.0139373619006841,-1.55847697415445,0.694435363821709,0.0371296133676002,0.0106758090269427,-1.6140876311662,-0.553002777942464,-1.6598971157276,0.451083516376422,0,0
6.09,-0.0409864500855639,-0.0125915538519621,0.00912018131549005,2.41749851772866,-0.459340077297507,-0.0416177201195427,-0.0055706525556032,2.44799063015693,0.250268384930702,-1.65668415771025,0.412200648435258,0,0
6.1,0.00214899819426517,-0.0166799053549767,-0.00526545035465504,0.0561369507838237,0.260532057644287,0.00257708137072529,0.00506969548246761,0.034399076600522,-0.264282072476934,-1.65358927900183,0.468104533323324,0,0
6.11,-0.00920145872110387,-0.0150264818221331,-0.0020813967253877,0.706194965303744,0.101214071743254,-0.00900727479567929,0.00280500546875649,0.695936239551987,-0.156934278656528,-1.65023383253294,0.431434549759542,0,0
6.12,0.0450664698919423,-0.0114296320825815,-0.0188584454266217,-1.82746807712918,0.940736766006346,0.0463755105648925,0.0153603285210883,-1.89399775529289,-0.798371930110149,-1.64726912292413,0.41601366701111,0,0
6.13,0.0280198323959843,-0.0142511241137981,-0.010049651658791,-1.11636323013233,0.499988196030726,0.0286802440005829,0.00797183228807007,-1.14996467578799,-0.41693680840311,-1.64405513490684,0.4243513074698,0,0
6.14,0.0116740088651503,-0.0130981802940369,-0.00905307336878982,-0.241553125025612,0.450121226872927,0.0122810382065655,0.00821076859819946,-0.272571710004637,-0.4320436251079,-1.6410911498518,0.434140315298986,0,0
6.15,-0.00647914429907967,-0.0160156413912773,-0.00158757304105346,0.520060790936336,0.0765837465800731,-0.00635843527756729,0.00201742405804135,0.513773061827551,-0.111200438173204,-1.63773892726415,0.444720199415983,0,0
6.16,-0.0129030867900254,-0.0107998363673687,-0.0045426159281064,1.10195747859003,0.224432892411245,-0.0125867600907589,0.00535709609759732,1.08538153829058,-0.294325201358227,-1.63468083325756,0.38267046065659,0,0
6.17,0.0299279578689783,-0.01571424305439,-0.0109514800121045,-1.28549654584582,0.545186794323194,0.0305376153359956,0.00911436373279205,-1.31622350703921,-0.466139131165085,-1.63154333384424,0.442372145718907,0,0
6.18,0.00362514547462106,-0.0101436078548431,0.0538036489814695,0.308081077221814,-2.69515513147282,0.000514108706024162,-0.053923186252963,0.463104358386054,2.67288411385348,-1.6285381574766,0.393296471148558,0,0
6.19,-0.00421706687963203,-0.0173400733619928,-0.00267066586759832,0.340164334304631,0.130851949537783,-0.00406542108720915,0.00289628393416795,0.332536252953348,-0.149176564856877,-1.62526360440101,0.461239466113325,0,0
6.2,-0.0115353045556374,-0.0134580191224813,-0.00334257437020544,0.900071438369102,0.164465143412994,-0.0113487799488526,0.00392953537764761,0.890456637594165,-0.210390955438145,-1.62208370427976,0.40144961323413,0,0
6.21,0.0363768199208809,-0.0145104266703129,-0.0133129319381628,-1.54829494514816,0.663414833685952,0.0369781298350383,0.0115379850168649,-1.57856911459825,-0.587755075828698,-1.61918026408428,0.434077942712712,0,0
6.22,-0.0409101192027696,-0.0122323799878359,0.00855292122626565,2.429838794225,-0.430729000282601,-0.0412553661262498,-0.0066921656043921,2.44684668729055,0.320289441756263,-1.61608146347153,0.398067837837838,0,0
6.23,0.00242584369826582,-0.0165954567492008,-0.00509170662297049,0.0447151466270557,0.25206165612673,0.00263890561739993,0.00498461343789793,0.0340203497830486,-0.25372650359761,-1.61307965499582,0.457462765861335,0,0
6.24,-0.00937373649883745,-0.0143270697444677,-0.00231917431215088,0.747974243932709,0.113333958910162,-0.00927616920052514,0.00268294435331908,0.742985802416696,-0.142415424853403,-1.60980177005426,0.425541589550286,0,0
6.25,0.0494611507118757,-0.00903994962573051,-0.019074504000043,-1.92950322140411,0.951763071276938,0.0501177522155079,0.0172757936273703,-1.96261701913381,-0.88145905262903,-1.60691873287776,0.382812327567202,0,0
6.26,0.0288957743546667,-0.0145099982619286,-0.0095960027424021,-1.17490379251561,0.477506895377846,0.0291968411904441,0.0086367533650085,-1.19002855447862,-0.438456150973498,-1.60381815580786,0.418724354399464,0,0
6.27,0.0150953619539305,-0.012499738484621,-0.0100365520460562,-0.384487275644271,0.499545781490991,0.0153909169975207,0.00957716051180077,-0.399364394990538,-0.487734080162173,-1.6009316390505,0.412854772356318,0,0
6.28,-0.00583239795552905,-0.0166868790984154,-0.00181465850463235,0.452357563446745,0.0881630862768606,-0.00578158983772538,0.00197055077285628,0.449828223709622,-0.100272948214281,-1.59764032035781,0.444149715577415,0,0
6.29,-0.0117341990627727,-0.0121607184410095,-0.00356127054154287,0.973661041395584,0.175548397730448,-0.011646152421462,0.00383942825052242,0.969209023358248,-0.198662861446756,-1.59458934691031,0.378134099356026,0,0
6.3,0.0329936234036141,-0.0154135841876268,-0.0111795145957489,-1.42553625201487,0.556807697595025,0.0332196938342255,0.0104886926476276,-1.43684333161662,-0.526943695567696,-1.59166212577598,0.433226948796415,0,0
6.31,-0.0410295839556302,-0.0117672253400087,0.00834024486463964,2.45784628563925,-0.419946582045628,-0.0411720269840042,-0.0076059606890049,2.46495601038876,0.37597255544892,-1.58866129653943,0.375962244124986,0,0
6.32,-8.20056793652678e-05,-0.0170294363051653,-0.00412903082619581,0.147168953413732,0.204032165705386,-2.05591177849044e-05,0.0041297939195315,0.144116785859614,-0.206199363541253,-1.58567627151187,0.453514874451877,0,0
6.33,-0.0107361573972208,-0.0147827602922916,-0.00333491541744247,0.792078378674355,0.164293695983764,-0.0106964682169329,0.00346010175913075,0.790105146224774,-0.173535110028284,-1.58247804235654,0.415336263199079,0,0
6.34,0.0388050592604543,-0.0152283180505037,-0.014524363476559,-1.70740330174651,0.724234393376915,0.0389307498714,0.0141840217518536,-1.71367938849926,-0.709256261726119,-1.57955264010578,0.436886800680217,0,0
6.35,0.0274634203744775,-0.014194319024682,-0.00863600233860437,-1.08875622128398,0.429607043886413,0.0275111740424117,0.00848264686673795,-1.09113609574178,-0.423526081972254,-1.57637545205107,0.405647461729965,0,0
6.36,0.0100846470036012,-0.0139959249645472,-0.00799123120322291,-0.210031809690113,0.397342958565413,0.010106630573685,0.00796341005962029,-0.211125991383012,-0.396762653945353,-1.57355208366957,0.426364750251271,0,0
6.37,-0.00653612126895465,-0.0160773191601038,-0.00138648031895561,0.516769388268156,0.0668725151537323,-0.00653681024179748,0.00138322839042013,0.516802593765832,-0.0666154112119661,-1.57029882117181,0.428676531250438,0,0
6.38,-0.0137182875794391,-0.0114166755229235,-0.00572436151464948,1.10881198951956,0.283911406380209,-0.0137379775599903,0.00567694472615299,1.10978599878347,-0.280079902312345,-1.56734234344243,0.373196611268153,0,0
6.39,0.0305711176123543,-0.0160026177763939,-0.00971577225465786,-1.33513477328261,0.483699618482798,0.0305075552875909,0.00991355299311837,-1.3319742419646,-0.492336066616739,-1.56432008761685,0.429956769822969,0,0
6.4,-0.0409837101688203,-0.0107400398701429,0.00803044635191358,2.50565465083569,-0.404313337916558,-0.0409064986582526,-0.0084149233707268,2.50174774429624,0.427823244319947,-1.56140633501667,0.356573943147968,0,0
6.41,-0.00118072355337855,-0.016915088519454,-0.00345270956078378,0.206555970042943,0.170322113557056,-0.00122327686251844,0.00343786345544114,0.208643812097538,-0.167758012626315,-1.5584453167734,0.444031597798451,0,0
6.42,-0.0105872955309496,-0.014544952660799,-0.00306225053847191,0.795268213882519,0.150780298503152,-0.0106333573521865,0.00289826093385995,0.797503503695527,-0.138471628942363,-1.55534097382527,0.399819883404619,0,0
6.43,0.0370590939556234,-0.0159437414258718,-0.013032292722713,-1.65714646417577,0.649705240209011,0.0368136489503268,0.0137103008495184,-1.64494224574256,-0.680011993318307,-1.55244073139192,0.436312818672627,0,0
6.44,0.0274183643969125,-0.0138543862849474,-0.00810728018039736,-1.07076918864453,0.403278050942155,0.0272379405724767,0.00869421022839718,-1.06186200903312,-0.426179440487604,-1.54932003091479,0.394483742985578,0,0
6.45,0.0103563248441763,-0.0136206727474928,-0.00778979429948386,-0.206112141401411,0.387389781564287,0.0101646590126587,0.00803828754541358,-0.196671098553115,-0.39226717513375,-1.54657905700599,0.415479695874025,0,0
6.46,-0.0063762454524727,-0.0159353893250227,-0.00136708771896865,0.51461336914095,0.0660279004714366,-0.00641130781598517,0.00119187540884993,0.516229240100381,-0.0519035163033173,-1.54339447079443,0.420475295559127,0,0
6.47,-0.0122641573357077,-0.0116959922015667,-0.0044067640581949,1.0208874003494,0.218111401357789,-0.0123920028892894,0.00403328513887038,1.02702519428925,-0.187090667563997,-1.54050366521414,0.358117230224691,0,0
6.48,0.0296743193965302,-0.0165744982659817,-0.00916269109346765,-1.32016457611973,0.456148503848031,0.0293518900735837,0.0101482357496196,-1.30420057715011,-0.499966819064527,-1.53740597031837,0.428934328846296,0,0
6.49,-0.0411393030428765,-0.0107369255274534,0.00767610535940933,2.51231668525457,-0.386458478593277,-0.0408339119864391,-0.00916277688400877,2.49665147939654,0.477301448889719,-1.53452817361516,0.349747511142573,0,0
6.5,-0.000985325934763033,-0.0169059801846743,-0.00337701477532895,0.195968325604208,0.166656566566699,-0.00111684329849205,0.0033358292877664,0.202345673040202,-0.158852838885005,-1.53161754085887,0.437577954532511,0,0
