{"loss":0.04890831932425499,"val_loss":0.004245420219376683,"best_epoch":14665,"_timestamp":1.7425685942556896e+09,"_runtime":151733.234827,"_step":19998,"epoch":19999,"_wandb":{"runtime":151733}}