{"_runtime":30.0961269,"_step":1,"_wandb":{"runtime":31},"epoch":2,"loss":0.5242844596505165,"val_loss":0.2865513116121292,"best_epoch":2,"_timestamp":1.741958277280336e+09}