{"best_epoch":4931,"_timestamp":1.7430103958176758e+09,"_runtime":16825.9649139,"_step":5277,"epoch":5278,"loss":0.0030093140667304397,"_wandb":{"runtime":16826},"val_loss":0.0017755140434019268}