t,iq,iq_ref,id,vq,vd,ia,ib,va,vb,theta_e,omega,r,"T_ass:0.45,S_pct:8.11,kp:0.0719,ki:1.3478"
0,-0.0731893821806941,0,0.00484854417717212,0.481011831183235,0.0460805116279517,0,0,0,0,0,0,0,0
0.01,-0.0802028318048717,2.69405118160648e-05,-0.00758188035857592,-0.151246007620295,-0.680516218329845,0.000457838083358502,-0.00110309973384392,-0.0218096947861094,0.054347906772498,-2.24818576731248,-0.00296520133861045,0,0
0.02,0.0291745643171774,2.38460361288162e-05,0.0567033100904366,0.0172969319548707,-0.560613261069978,0.000495311996221371,-0.00121453095790814,-0.0238005292205566,0.0600206929549465,-2.24820519470825,-0.00256149873591147,0,0
0.03,0.0479155534924491,2.34245399042265e-05,0.0334427726863474,-0.0924487712792037,0.499491302210837,0.000502756355812161,-0.00124473545866949,-0.0241882151277952,0.0615454337707521,-2.2482209772098,-0.0020343942484816,0,0
0.04,0.0302796134463097,2.12167451536516e-05,0.141241862699537,-0.707252395587954,0.448794453170515,0.000486054223624812,-0.00121793571425584,-0.023439782378707,0.0602739832605525,-2.24823179630901,-0.00150593630790869,0,0
0.05,-0.0619242141040624,2.09987247217214e-05,0.0180499209323286,-0.0285902351098539,0.1651646868586,0.000490557680019887,-0.00123506588113031,-0.023672848110795,0.061138002989655,-2.24824062830686,-0.00121241544486179,0,0
0.06,0.0662766166940585,2.02013543457724e-05,0.0393655433760317,-0.155995237566202,0.573312729969081,0.000486602027252461,-0.00123205000294616,-0.0235060973757356,0.0610121660438009,-2.24824723134709,-0.000937140160728252,0,0
0.07,-0.00762209905809622,2.10509897442535e-05,-0.0332559258658264,0.0235798042404492,0.240573816380809,0.000498872971620311,-0.00126548913040265,-0.024085416694099,0.0626586331055262,-2.24825197302296,-0.000861293203025865,0,0
0.08,0.0174812335599008,1.92151037481381e-05,-0.123114294932277,0.456304727712559,0.371287048428972,0.000481552955029677,-0.00122827820430553,-0.0232919076149111,0.0608543667086001,-2.24825574876122,-0.000582470094447897,0,0
0.09,-0.0487695216425612,1.88737813004991e-05,-0.0217217181598139,-0.28330971147757,-0.262345060540186,0.000479621836970688,-0.00122644737389383,-0.023208558350006,0.060773422724386,-2.24825835970219,-0.000471170584204594,0,0
0.1,0.00325827921861486,1.86398738151183e-05,-0.0576481458864484,-0.165921868758357,0.275286801813481,0.000478411887834836,-0.00122547190365061,-0.0231570534981632,0.06073189021149,-2.24826027781649,-0.000390813799110165,0,0
0.11,0.015078974598704,1.84688669833122e-05,0.126577039371376,-0.204332031529675,0.375589310657074,0.000477525659396771,-0.00122475982699267,-0.0231192861405493,0.0607015355211592,-2.24826168889608,-0.000331721449759883,0,0
0.12,-0.0261854390628491,1.83438769454369e-05,0.071964769471128,0.237619864421359,0.23653549875021,0.000476873591543763,-0.00122423592213389,-0.0230914173572897,0.0606791547227207,-2.24826272700218,-0.000288248619485511,0,0
0.13,0.0343955374965719,2.05302949325414e-05,0.10819921669295,-0.0202782543676368,0.0901247579601431,0.000501698145248527,-0.00128388822033045,-0.0242455680242451,0.0635951344787017,-2.24826429078948,-0.000430004633721436,0,0
0.14,-0.0211764793536358,1.79540056706173e-05,0.043683965945044,-0.525417555107383,-0.0353014298137837,0.000535179040715115,-0.00137329880450658,-0.0260170649405926,0.0681494542954129,-2.24826523065734,-0.000686853140965609,0,0
0.15,-0.152861699365996,1.80374190676957e-05,-0.0782977570597027,-0.545186586508734,0.307385360194831,0.000475985756305168,-0.00122474812004805,-0.0230585083579966,0.0607140988055934,-2.24826602833239,-0.000158177608127921,0,0
0.16,0.0251093228286081,1.79609887709375e-05,0.0201683478442479,-0.105173529552699,0.0345002330961515,0.000474883459344979,-0.00122265162899355,-0.0230062760482454,0.0606114848971702,-2.24826593075017,-0.000154217463930788,0,0
0.17,-0.0154406270543837,1.79727994691348e-05,-0.147438682843278,-0.330228444818486,-0.628829500874442,0.000474914100578346,-0.00122266172877373,-0.0230071979503588,0.0606114959874342,-2.24826584784071,-0.000157558679174626,0,0
0.18,-0.0301711342372751,1.79833914444316e-05,0.00899684920611029,-0.371233783313926,-1.10532358426557,0.000474952151040108,-0.00122269212683565,-0.023008537228985,0.0606125614843134,-2.24826578666463,-0.000160118371398483,0,0
0.19,0.0252414424498871,1.7992011635215e-05,-0.149572358918523,-0.219177249955751,-0.409857385272412,0.000474980245715777,-0.00122271469764285,-0.02300943901491,0.0606133184746624,-2.24826574165517,-0.000162003144207933,0,0
0.2,-0.0475036352486445,1.7999169358518e-05,0.0523616376967765,-0.519390122651048,-0.0690598590437749,0.000475001044740222,-0.00122273140888931,-0.0230100499606815,0.0606138076028543,-2.2482657085421,-0.00016338976620205,0,0
0.21,-0.0319093142230715,1.80052447831258e-05,0.13025241820208,-0.243374295467835,-0.202568795144319,0.000475016394168021,-0.0012227437416515,-0.0230104305371441,0.0606141120553546,-2.24826568418103,-0.000164409880760925,0,0
0.22,0.0617864350507072,1.80105234903749e-05,0.00968678778670665,0.155379429897876,0.199934547181461,0.000475027656509945,-0.00122275279054268,-0.0230106377513935,0.0606142775212932,-2.24826566625864,-0.000165160361628685,0,0
0.23,-0.0158489071403482,1.80152201210149e-05,0.028993673969408,-0.028998712170205,0.080593725542402,0.00047503592164297,-0.00122275943126159,-0.0230107177416123,0.0606143409910484,-2.24826565307314,-0.000165712477588135,0,0
0.24,0.0175600039518066,1.80194874701556e-05,0.0682397873445932,0.0360438333818889,-0.558220105748556,0.000475042006954707,-0.00122276432058191,-0.0230107054281543,0.0606143304639376,-2.24826564337244,-0.00016611865987258,0,0
0.25,0.0256280646809108,1.80234383151401e-05,0.0703486338033593,-0.229130103658578,0.0922064991399374,0.000475046457441609,-0.00122276789635429,-0.0230106236714754,0.0606142642622678,-2.24826563623544,-0.000166417481244042,0,0
0.26,0.00797275205838019,1.84941200132016e-05,-0.00139663670310682,-0.732021077572005,0.546829127266905,0.000480296560956477,-0.00123453031600998,-0.0232543046815944,0.0611878905878155,-2.24826561883343,-0.00020806168092916,0,0
0.27,0.0272829256199816,1.66543777595507e-05,0.011755873230945,0.263521798565104,0.11733780333794,0.00046061712574058,-0.00118743479848743,-0.022343267203601,0.0588890633861066,-2.24826583215193,-3.94536205738959e-05,0,0
0.28,-0.00884045925248663,2.14781284739729e-05,-0.0654384981212599,-0.721670265222958,0.48365784039888,0.000456332542640156,-0.00117321497858215,-0.0219414369709025,0.0580262258434665,-2.24826588028829,6.20590255336408e-06,0,0
0.29,-0.0559817099145734,1.80118859134382e-05,0.00027833820186093,0.21712186070344,0.217076981977607,0.000474704539272389,-0.00122207934213756,-0.0229933950723365,0.0605796922411012,-2.24826558610126,-0.000165877765383843,0,0
0.3,-0.0317242735965926,1.79748203663621e-05,-0.0427838788150676,0.143311679387756,0.134521988912944,0.000473558093644738,-0.00121923706179427,-0.0229374459423032,0.0604385120268116,-2.24826462345113,-0.000193859620555357,0,0
0.31,0.0253496378906029,1.81155955942813e-05,0.031494610278882,-0.291336357331265,-0.592055513910813,0.000475491267198149,-0.00122309728531008,-0.0230283651959699,0.0606271144684573,-2.24826486520464,-0.000198461797790934,0,0
0.32,-0.0270192575891406,1.80969382199692e-05,0.0606336954618455,-0.614303888093296,-0.572313562147012,0.000475405655081742,-0.00122305616257469,-0.0230246751221828,0.0606255114551453,-2.24826506340836,-0.000190400818693712,0,0
0.33,0.0531425379681853,1.80820206878707e-05,-0.0663494941997272,-0.411970032028287,0.318692481316453,0.000475314485231715,-0.00122298324277818,-0.0230205476337447,0.0606222169069909,-2.24826520955373,-0.000184284522181708,0,0
0.34,0.0227923168319842,1.80718288902426e-05,0.0239250940446848,-0.106194926175563,-0.202974786795567,0.000475246909200724,-0.00122292895190478,-0.0230174151497327,0.0606197050026205,-2.24826531707542,-0.000179781845842131,0,0
0.35,-0.00483694429355285,1.80651422851952e-05,-0.0146061989419381,-0.546655340049215,-0.0316948273973777,0.000475197318360896,-0.00122288910765505,-0.0230150453489054,0.0606178045419583,-2.24826539617704,-0.000176469254659573,0,0
0.36,-0.029230608033688,1.8061035007122e-05,-0.145266702377737,-0.164724560984018,-0.1721732833061,0.000475160715777141,-0.00122285969878135,-0.0230132245223977,0.0606163441620854,-2.2482654543704,-0.000174032237094567,0,0
0.37,-0.026007632594642,1.80588231160073e-05,-0.0832102009107844,-0.222406474891816,-0.285362676537507,0.00047513383144313,-0.00122283809821421,-0.0230118157973987,0.0606152141628659,-2.24826549718193,-0.000172239364872592,0,0
0.38,-0.119022508113542,1.80580082087545e-05,-0.116588265866922,-0.0953785740553545,-0.714922525023493,0.000475114031524583,-0.00122282218968724,-0.0230107068846293,0.0606143245132962,-2.24826552867729,-0.000170920379393237,0,0
0.39,-0.0876444501492466,1.80582228495041e-05,0.0423338347247642,0.0167084108896825,0.268837313094658,0.000475099408723698,-0.00122281044073046,-0.0230098167236094,0.0606136102249175,-2.24826555184756,-0.000169950024299938,0,0
0.4,-0.0593667906829242,1.80591923708562e-05,0.00463710565910988,-0.189546423676885,0.802978348226951,0.000475088782045816,-0.00122280190266361,-0.0230090969574798,0.0606130325587699,-2.24826556889318,-0.000169236150626484,0,0
0.41,-0.00164964225090635,1.80607148649869e-05,-0.0355669686437067,-0.447559082367594,-0.178898470929502,0.000475080880268516,-0.00122279555384738,-0.0230084918852363,0.0606125468262755,-2.24826558143302,-0.000168710965957258,0,0
0.42,0.0927412585616894,1.80626429937547e-05,-0.0264954554910594,-0.275157393416822,0.876358960970032,0.000475075067466636,-0.00122279088345377,-0.0230079754467174,0.0606121321508121,-2.24826559065802,-0.000168324596562419,0,0
0.43,-0.114104591666699,1.80648748937529e-05,-0.0466649403239296,0.472742641665397,-0.104765140890763,0.000475070889387165,-0.00122278752660476,-0.0230075288943243,0.060611773515183,-2.24826559744435,-0.000168040351195467,0,0
0.44,0.0154904935044465,1.80673287104582e-05,0.0511822986766061,0.106419951916723,-0.0121133678160767,0.000475067619848292,-0.00122278489951239,-0.0230071191057353,0.0606114443225662,-2.2482656024366,-0.000167831236732797,0,0
0.45,-0.0861751341324196,1.80699462362099e-05,-0.00309358928360516,0.321387385745546,-0.502528921715437,0.000475065439872235,-0.00122278314811019,-0.023006757398689,0.0606111537111225,-2.24826560610898,-0.000167677394795699,0,0
0.46,0.0350096760798688,1.80726819962729e-05,0.0121922415067488,-0.523643036931051,-0.192483468927719,0.00047506362352129,-0.00122278168861577,-0.0230064092449686,0.06061087393178,-2.24826560881035,-0.000167564215908514,0,0
0.47,0.00887012495358517,1.8075508705806e-05,0.0442546922020532,-0.213662579266198,0.257544365628608,0.000475062442702767,-0.00122278073993957,-0.0230060893037798,0.0606106167948244,-2.24826561079737,-0.000167480952134001,0,0
0.48,0.0243358191647388,1.80783972609788e-05,-0.00368983617143508,-0.0316697200396686,-0.381567275791965,0.000475061443729776,-0.00122277993721814,-0.0230057760231522,0.0606103649776421,-2.24826561225881,-0.000167419696396897,0,0
0.49,0.104232435607555,1.80813367478549e-05,0.0550304660452262,0.199688855743796,0.68531032115228,0.000475060807900343,-0.00122277942639244,-0.0230054788932704,0.0606101261240878,-2.24826561333365,-0.000167374631596704,0,0
0.5,-0.0190945033330685,1.80843089765403e-05,0.0603142786773388,0.0592768565201747,-0.0644112729666756,0.000475060353717883,-0.00122277906151637,-0.0230051895473041,0.0606098935113328,-2.24826561412403,-0.000167341478191687,0,0
0.51,0.228532726770229,0.128496319055557,0.0235960110198222,-1.71832746717857,1.03910909650015,-0.0132636995351665,0.148760018498706,0.631715699563662,-1.01318049032838,0.0050689789117626,1.60841104739518,16.7748923007042,0
0.52,0.219803670218734,0.206487208604813,-0.014809912170376,-0.206201803630257,2.3843514061921,-0.0478433362930514,0.209974541710111,2.13590036510051,-0.177386168875605,0.0251990952068802,4.11418736500763,27.1160257743716,0
0.53,0.355257210818287,0.33222433924675,0.0103813239326783,3.0977109027292,-0.288710685728595,-0.0139888895175176,0.267518374457553,-0.46315466078212,3.19474897433876,0.0700374978849188,8.40800189881677,43.162466911307,0
0.54,0.433834098942421,0.46568363904953,-0.109764097284724,-1.03941767663475,2.66648010470707,-0.118605301908831,0.47483444539684,2.38480606978226,-0.728683396228482,0.153073379924409,14.5849864776597,59.3944772831792,0
0.55,0.568116452915242,0.562444865703583,0.109545255068944,-1.34906312816206,-0.576081025354488,-0.158279625632056,0.5679869352481,-0.0990610361928977,-1.44232425306272,0.28897667377158,22.7138011034909,70.8620821503335,0
0.56,0.706997223814003,0.59623771905899,0.0245754591290171,-0.918903268145827,-1.47346249654923,-0.258198148921255,0.560480783475711,-1.07051496817104,-1.6925598004721,0.488117163627786,31.7881271083874,74.7100789634591,0
0.57,0.416496899877144,0.558791518211365,-0.0369338154003332,1.31827034429972,2.64794492812965,-0.412710374635061,0.354422052562136,1.48624219599375,2.62578344447536,0.755453703053415,41.0143478526081,71.0792194924022,0
0.58,0.386978376426312,0.466872423887253,-0.0637478986230911,2.66804324581281,1.08931530262867,-0.365741934445879,0.171496731900764,-2.41113548158525,2.22228877242248,1.08993814264435,49.8515478680461,63.1211144097977,0
0.59,0.251650597389177,0.373493582010269,-0.0208982675733446,5.11129023086421,1.07227943923996,-0.274840069844895,0.00627720390049344,-4.85761429522431,1.38028314584026,1.47992010972056,56.2062960316051,56.1099546301625,0
0.6,0.21470231369248,0.325453877449036,-0.065108213276815,4.63732520525708,-0.912210776678984,-0.219010764415326,-0.0604665003900468,-4.40046356674729,-2.38283996950832,1.90939227244212,60.8850723528028,55.8862212660392,0
0.61,0.244958734546084,0.361149042844772,0.00258471372834104,2.17769370146292,1.07188032902125,-0.207211721024401,-0.242222966194571,-2.21429408869967,-0.85232680650929,2.37185877685717,65.4422437363566,67.0581231556084,0
0.62,0.475162069771586,0.498422741889954,-0.0541396960641294,3.06296703440748,3.54697026415001,-0.0487133087198225,-0.440685979171247,-4.17326080940126,-1.99826581475146,2.87346417875032,71.9167306218245,91.4635185902089,0
0.63,0.662075058995707,0.733087599277496,-0.119172453204439,1.32820035573298,0.739508593574762,0.221964710307176,-0.679708039291379,-0.5608995473579,-1.12622904011171,-2.84999862659786,81.2749235187972,127.336393868039,0
0.64,0.966688112611771,1.03213500976562,0.118320861427537,4.17106582375327,-1.96034432050874,0.744478374987466,-0.594059763911092,4.22455188945222,-1.05102460207465,-2.20897814860602,94.3201435513739,169.441396884906,0
0.65,1.32929583263602,1.32308173179626,-0.0887318146066522,4.439502404102,0.744014154206331,1.22441505333471,0.155793101027522,4.4774032182285,0.0161866922901271,-1.45249562175965,113.275388515701,210.183879144543,0
0.66,1.4243997800852,1.54600310325623,0.09051961967571,8.78334232574467,-2.37997063911535,0.742174457404975,1.14540565452085,2.7604244702256,8.96353359196953,-0.541688990992084,135.202651719598,241.438459552904,0
0.67,1.39140032577483,1.63817775249481,-0.065057021667654,10.8992634154253,-1.06405498372118,-0.714222559132087,1.22325505179853,-6.19946217679391,9.2222757624474,0.537106041879603,159.998810987031,256.636547669151,0
0.68,1.4076869216966,1.56607151031494,-0.0108044161532992,10.9173619380688,-1.38137351031256,-1.32049444084984,-0.283867547992687,-10.2795511966337,-3.43569882262562,1.79825497401513,183.659429888242,252.567543146319,0
0.69,1.13257764879399,1.32229232788086,-0.138571775354387,7.09313334283665,2.90860458646552,0.15138330691477,-1.16967346354127,-1.90853012762101,-7.40071116923327,-3.05549700345603,205.247450360889,230.404661313769,0
0.7,0.759676793270098,0.951868534088135,0.0318927683895766,11.4231965344275,2.33955299898348,0.722995776962266,0.121408358602616,11.2957965900052,-2.14596077548659,-1.48810259613263,221.486165102907,195.652782288355,0
0.71,0.401199420510474,0.525714159011841,-0.190047403555572,8.45215257952287,-0.77641900202658,-0.0497338633350328,0.357940981369644,-2.04073852891759,8.01196345561224,0.172535245221988,230.643090239129,156.986396436374,0
0.72,-0.169477811808732,0.126707017421722,-0.0501289499115289,10.3138459901456,1.07898742008936,0.0790716741771796,-0.0001118240964917,-10.008405602569,-1.91760947155972,1.87524886917316,232.837368730843,124.231924021707,0
0.73,-0.424882299384199,-0.16614693403244,-0.0213069123134948,10.2813086246748,-0.782803781297207,-0.17649963881329,0.326284853764311,5.37806522974093,-8.77662443959405,-2.70973568270593,229.548070608483,105.976561368942,0
0.74,-0.522182860785972,-0.297340333461761,0.00575124266197916,8.66290090387211,1.51772875521052,-0.421603007549072,-0.20034773645122,8.21393615088743,2.60898784340423,-1.04923685209078,223.153300070961,107.395393094413,0
0.75,-0.461248085213083,-0.247118771076202,-0.0851728575145545,10.459229476662,-1.42452002221612,0.251903880598666,-0.376551898210301,-6.04336154962387,8.37732291216043,0.559487372774401,216.206711229614,128.849414351509,0
0.76,-0.230295271163195,-0.0439620614051819,0.0134692021184332,5.84256597246145,-0.0372427890267737,0.135113665366821,0.0845926129591128,-4.90642650917993,-3.08449923049513,2.12386855726835,211.408446390332,165.626674118174,0
0.77,0.0879510736937362,0.245336025953293,0.0324595384787694,10.0448148266804,1.2022484250063,0.0303406324526869,-0.030154023173788,4.67237106694117,-9.1114501222872,-2.61430639371966,210.816490274671,208.920604491683,0
0.78,0.310776665969852,0.532130122184753,-0.158661153455565,11.4852931703054,1.0846719995299,0.258458903172483,0.173549398694951,10.2525141864726,4.44461122437057,-1.05594284228259,215.130599441814,247.832848909583,0
0.79,0.531511793049556,0.725797235965729,0.108689405337863,10.1003930744584,1.67474252849082,-0.301167919185183,0.428664918568877,-3.88413141043559,9.5529712141112,0.548513905360449,223.201433466446,271.929719037185,0
0.8,0.472934804671118,0.75273609161377,0.135383028768053,11.2838294579723,-0.621438493993966,-0.432324221486898,-0.306357141414798,-8.40612568946341,-7.42867696120112,2.21983084912269,232.882749085334,273.737432397671,0
0.81,0.359900477967766,0.575999617576599,0.0182338256185453,8.83121867927295,-3.62436332981229,0.245728757837045,-0.320369764242255,8.75006790258982,-3.69697728479759,-2.32303089334009,241.259695118454,250.568824249765,0
0.82,0.00118686973775269,0.20755073428154,0.0645390953645623,8.34801779513442,-0.424969313852196,0.0406101938913935,0.0447296610629823,3.31713899022388,6.69544459381518,-0.537577338099917,244.933978220774,205.232622602416,0
0.83,-0.48347525293553,-0.298330754041672,0.0848462101872098,7.8644211671627,-4.32776874262801,0.457905211996763,-0.0647600638418686,-8.77476062292694,-1.4619938612316,1.24939784419741,241.406218575605,145.446950725014,0
0.84,-0.961640099155143,-0.852648317813873,-0.082067116928645,6.93250340179078,-2.46443732154318,0.123483133857444,0.988926222377809,0.759663955666339,-7.41765392262622,2.97831056793492,229.249655383984,82.0944296413632,0
0.85,-1.45062325627045,-1.3542720079422,0.00799378100635163,5.2335556585046,0.118019913060764,-1.4479665178595,0.186624431709843,5.26714227529846,-0.753330611996731,-1.69755256350642,208.404303427639,26.738540758929,0
0.86,-1.81591801646612,-1.71147227287292,0.0579210753791668,2.02511298437351,-1.90315915481618,-0.432369960620957,-1.68705322122781,-1.11730705558269,1.89335989229032,-0.268567765263715,180.288071044773,-11.0004675887698,0
0.87,-1.844568010061,-1.87770998477936,-0.00113589547794118,-1.3717386012483,1.75663850457122,1.49164462720559,-1.11480529823234,1.4272121141771,0.695148452239024,0.944107573163743,149.680481255546,-25.5811002560947,0
0.88,-1.65480822010958,-1.81118285655975,-0.0190180928952101,-2.7244189282124,1.11835816301353,1.66672938826636,0.572914594369491,1.74959212052932,2.24831508338439,1.91926875837892,117.631133527524,-16.6827339099436,0
0.89,-1.56942076757801,-1.56863141059875,0.0695217696268533,-3.1640409441602,-1.27324854237618,0.645222436314532,1.35089015705985,2.73079424990421,2.60609536013615,2.67897171391064,89.9302090375585,10.9031098298488,0
0.9,-1.17483270101173,-1.18068909645081,-0.115488745908833,3.01695328481447,-1.76125467564042,-0.156751103880175,1.22344450643543,1.82869717026912,-2.4827103225679,-3.03930831263574,65.3799782601146,48.581657384767,0
0.91,-0.709850010632654,-0.765642821788788,0.0985330698050039,-0.797905153280226,-0.599464896477091,-0.380484140299418,0.643275637377984,0.064327798707284,1.04959621611865,-2.62271483838809,49.6251651645722,86.1216264221516,0
0.92,-0.57389925444325,-0.400747418403625,-0.105552025004649,2.53942218768465,3.14000012744488,-0.299352736991989,0.348785143899312,-0.00613742712861454,-4.18211491054425,-2.29567728597968,40.5716775153073,114.134789689793,0
0.93,-0.247574738453388,-0.147368788719177,0.0455752745946014,0.297845119673367,-1.27305200236256,-0.139450495726796,0.0479937042120351,0.356564191079332,0.75610150495503,-2.01586754215618,36.3392071164705,126.258934098168,0
0.94,-0.0748364919597422,-0.0377343893051147,-0.0294994298140387,0.885774186131857,-1.04691036885362,-0.0574312469128502,-0.0171106939811319,1.05506836156618,1.19617221310786,-1.75620761826173,34.77990248098,120.522776003555,0
0.95,-0.0677152868791442,-0.0661585927009583,0.0869028303582144,-1.92977967226571,1.34837646456225,-0.0258383862490098,0.0371254235281522,-1.96973085427994,-2.07911021724741,-1.50433485197149,33.8001137883605,99.5872681619173,0
0.96,-0.245534694486562,-0.188571184873581,-0.039517989903991,1.73899363886511,1.25754899569587,-0.227212802183607,-0.0414433440794259,2.40689303606491,-0.755811980081699,-1.26478372089152,31.1990204940638,69.845048252866,0
0.97,-0.393695030637795,-0.341652929782867,-0.010403658537493,1.97632336223621,1.57562146307203,-0.327373778169164,-0.178185151451231,1.55929726536173,0.472988494177524,-1.05284820658275,26.3143557141654,39.6448168710358,0
0.98,-0.425854390089196,-0.459383547306061,0.225970598023066,-1.22792419203979,-0.926359435038826,-0.323610634616296,-0.293534489333343,-1.55612763328711,0.143719779765823,-0.884181662548807,19.476512770338,17.1181690621617,0
0.99,-0.430663528418347,-0.485751777887344,-0.0273310911325051,-0.578882296509345,-0.679280503361589,-0.32973830416183,-0.346601058973002,-0.387261015413445,-0.0844292958383056,-0.769584909194708,11.7402834876462,8.17085181854594,0
1,-0.420286387921193,-0.391459375619888,0.0626105322331506,1.94348883387244,-3.64280950261658,-0.22080057162241,-0.360236107402609,-1.69883226177425,3.20272377221735,-0.710065923676859,4.81370972123396,15.1396732425431,0
1.01,-0.213124439509018,-0.17856065928936,0.00711318123713148,-1.79030672599018,-3.5465546306681,-0.0443946081466023,-0.153376012544756,-3.46486928005237,0.834559055397373,-0.69317794592545,0.407915097633881,36.4289431846045,0
1.02,0.162903083861082,0.119658380746841,0.159550475926329,-2.74925250087798,-1.89044397355073,0.142494990687346,0.113200582911507,-3.27414683061521,-1.03054096009819,-0.694361069257936,0.0652051677248055,67.1772178131151,0
1.03,0.288554244920013,0.450869739055634,0.0487411004193706,4.38293086370676,0.782849736344559,0.221772558725897,0.292317526579796,3.10948505696385,2.94460507911469,-0.679882565727172,4.75221646339225,100.735815849944,0
1.04,0.629009865022547,0.758449912071228,-0.0495790565632964,1.81458865404133,-0.902245274909916,0.432325050604293,0.571126632569819,0.224899883990062,2.49266576352457,-0.613082061226585,14.2700995494725,130.535143613357,0
1.05,1.11648168393636,0.996103167533875,-0.111351369531827,2.02844458633603,-0.711312244144383,0.451696949376098,0.848009558985973,-0.413048707855433,2.24141064452129,-0.460978277379854,27.7703044662064,151.825710986946,0
1.06,1.11065888710033,1.1391773223877,0.123089756711138,0.43085997435992,-0.918602129201206,0.2342125745898,1.10260121474374,-0.437611953260731,0.742977739997748,-0.199003275711658,44.1003240461995,162.829143072066,0
1.07,1.20099812660272,1.18669497966766,0.0970243786302692,2.37566722985611,0.300865790922516,-0.213345015067695,1.12378367331883,-0.506822851131268,2.12552632170182,0.189500252153432,62.238523267044,165.005465802922,0
1.08,1.0388153485643,1.15588784217834,0.12743161972121,5.31533809617397,-1.47650221199633,-0.678605472496942,0.804393442013771,-4.11527067113144,3.34127004838508,0.717884007739163,81.7538395526739,162.389390351881,0
1.09,0.826226141499536,1.11172711849213,-0.114927350475983,6.41844489762414,2.63434039356576,-0.979981515398375,0.141524584572292,-5.62552087021533,3.44748695383914,1.38067545960542,98.7219225971455,160.203729637055,0
1.1,0.977175934267801,1.08675861358643,0.103403254632256,7.43612933120934,-4.11692648981991,-0.821301000909755,-0.456112031250526,-4.05213473035071,-7.55578058935555,2.16333607349621,114.944154907576,163.154133396294,0
1.11,1.01849499549576,1.09898316860199,0.0784834010363877,4.77350707778819,-4.26925546999666,-0.132980851268001,-0.992044839293276,2.6413313786838,-5.24573873546919,3.06864728614211,131.66682213696,173.893916065874,0
1.12,1.04451921989015,1.1681981086731,-0.105643194819048,9.96403034124822,1.07941228054777,0.804947155430562,-0.552044290071697,7.33315952652123,-6.35688445949164,-2.19023840880678,148.234480980693,192.098661011611,0
1.13,1.05821473255168,1.26070749759674,-0.0871841541509474,10.7513455552439,0.609022141988929,0.895429266987688,0.555937670493379,9.50129584416333,4.35807422016062,-1.03565844526237,166.466543222966,214.420993720607,0
1.14,1.08616666018078,1.34410190582275,0.130221565388683,10.6634779799673,-0.947264243751552,-0.277587018165063,1.0926717612218,-3.07753400412428,10.4480120836093,0.2548990003406,186.183922062017,235.351988454916,0
1.15,1.13752386508883,1.37189698219299,-0.0835141118584572,8.61350909285971,0.697196256094588,-1.1885587361805,-0.165277252657574,-8.725253484691,0.0549233451429822,1.6911365511351,205.999910957234,248.762699424592,0
1.16,0.982773866969095,1.29524052143097,0.0460721716840778,12.8179721339082,0.605584998515655,0.126772176402069,-1.02764998641696,2.1550367150001,-12.8733724059122,-3.0096236886004,225.224633976763,249.70556241991,0
1.17,0.968186795551633,1.09351301193237,-0.117540340661665,8.79202463088261,2.83945629178448,0.877576124255404,0.2978876964204,8.77063034798037,0.0539097316020061,-1.29347945663846,242.07965157154,235.973757613848,0
1.18,0.470529333702188,0.773559927940369,0.0401695473898494,11.7244175079694,0.0261571205514876,-0.270751469620223,0.477905376849724,-6.04871394202028,9.52250477204751,0.530757305401426,254.530615104077,208.970412688505,0
1.19,0.158093844012317,0.373827219009399,-0.01280717222492,9.64550062037268,-2.24601791940342,-0.143179184976701,-0.115360173384507,-5.17676644814467,-8.35235140867907,2.42433707872292,260.910386974654,173.616216078453,0
1.2,-0.334380214637757,-0.0448935031890869,0.0422494300920444,13.7290185822388,-0.221367072305051,-0.301074425573991,0.101198438368263,13.0174946054621,-4.26875818508632,-1.94435952484297,260.432080479898,137.278192575053,0
1.21,-0.522582966931429,-0.412993431091309,0.0359865941096145,5.95256498060844,2.65161263000131,-0.083374643043635,-0.518597391374304,2.99752924028486,5.37523003267407,-0.0573070913998583,253.624980219767,107.967480679618,0
1.22,-0.825912922869074,-0.665717124938965,-0.0785095398088375,9.368970576895,3.35603612608786,0.85014171871899,0.105724286453351,-9.87377661245888,0.944055655465804,1.759472354855,241.742590086878,92.2595233393958,0
1.23,-0.96335247747447,-0.765921294689178,0.140548807174062,9.7163557326593,0.300596676649738,-0.310079028226684,0.898486869624528,2.89136188055633,-8.83302463822186,-2.80504783256467,227.215477813588,93.4803831670415,0
1.24,-0.791842691643653,-0.710255086421967,0.0477392983686844,4.35687350289131,1.36599799725912,-0.760130451176405,-0.265751428088345,5.03704418550558,0.267820940134362,-1.19418959306351,212.430336942019,110.651643488629,0
1.25,-0.774815228850588,-0.535441339015961,-0.0997129685188871,7.66924036031726,1.67751273156764,0.169037801570011,-0.672077118312938,-0.145386180791717,8.22319157580212,0.31715755706288,200.002621109436,138.504014688388,0
1.26,-0.344368127927767,-0.305784851312637,-0.108095360673595,5.32528127901376,-1.75804461026571,0.410886994014108,0.0999458997444963,-5.56535282911837,-2.29213961400092,1.74934737916831,191.239486340112,168.601260210034,0
1.27,-0.0945118514623509,-0.0998376309871674,0.0975603942373531,3.65061929107843,-0.16431971835553,0.00578919609561342,0.174885446139889,-0.235765493014186,-3.82184778463088,3.12897314270491,186.025226811582,191.329528138562,0
1.28,-0.130017163887333,0.00188854336738586,-0.0564161795684523,5.90769075670859,0.433185497968632,-0.116042091992953,0.0286594276097433,5.96424297117728,-1.46336810004363,-1.80144265302456,183.394150084241,198.276567547172,0
1.29,-0.12117147113031,-0.0524175129830837,-0.0517224557340105,4.28969418938397,1.93408811750942,-0.105375210439086,-0.0942001548755,4.11502918943064,2.43667398717503,-0.464396148387702,181.084426159129,184.411287425736,0
1.3,-0.495084782316968,-0.278898239135742,-0.0121544421870666,8.14909784912082,0.257002396638166,0.318941592590645,-0.29683193020819,-5.52459647661874,5.68668783119727,0.849426955473501,176.695993001185,149.508222412036,0
1.31,-0.689069547583142,-0.643757998943329,0.108874257646988,2.36560496068728,1.71805197254718,0.607608600414615,0.326992036790641,-2.86066417023368,0.203231398668997,2.11255479347597,167.214558793928,98.4376491717145,0
1.32,-1.21933859819763,-1.08238387107849,0.0100477385593069,3.04936757338577,-3.02345396989659,-0.212421898429845,1.13015963067647,2.96382391436971,-3.00823070016431,-2.99884215417009,150.78205082852,40.2178278501804,0
1.33,-1.51673609768804,-1.50659763813019,0.0849017989956445,-0.157540388841937,-1.30520744185063,0.434114852530159,-1.43976144646867,-1.2105974953946,-0.422557107081321,0.27599147468125,128.659454604381,-13.967354372394,0
1.34,-1.80137362831202,-1.80948805809021,-0.194627493047855,-0.15114128954976,2.96729638394976,1.5797324216377,-0.846494580276013,2.21394132981607,2.59349844923164,1.11593917061639,99.027270869025,-53.3213687411307,0
1.35,-2.00415251556007,-1.92590665817261,-0.10801921390769,-1.68211706716951,-1.87035476201084,1.86925183065931,0.316890464023476,1.61087355982353,-1.03073934158557,1.72552259787028,67.6725651619025,-69.9463886197548,0
1.36,-1.77064417168553,-1.82909178733826,0.0513308718093769,-2.27846709399554,-0.793334276851189,1.50905804762217,0.920173842431084,2.87408677788021,1.05743907418408,2.11193080386077,38.0506110162414,-60.7032341124243,0
1.37,-1.39942531443531,-1.50737500190735,0.0413285145816855,1.18828871805003,-2.46625053512846,1.11005386957175,1.03669355047174,1.10712610283341,-2.18974253470695,2.29080948647776,11.5566644866181,-27.9641187102817,0
1.38,-1.05626221939167,-1.01417374610901,0.113748818879586,-4.29127109293119,-3.6632307119863,0.654508232493262,0.663062342081006,5.11406975426757,0.493186722053935,2.29771803769872,-8.38249803599146,20.9297277091685,0
1.39,-0.354626030765917,-0.439168155193329,-0.0515217852869975,-4.41654707471423,2.79922382306007,0.314986011843295,0.150504550669609,2.07430381893246,5.17386810328365,2.18964838283705,-19.4859683498744,75.3780466307552,0
1.4,0.106597814876616,0.116141676902771,-0.126967482254827,0.91543442489326,4.05536339576683,-0.0554677340006238,-0.122033297173264,-2.48862866747722,3.47648713000865,2.03463289929984,-21.3734930289158,123.987113673835,0
1.41,0.640899251563605,0.562952995300293,-0.0283390129118935,-3.66827335770355,-0.153688940528389,-0.607718111145483,-0.195577510073612,3.63646563374127,0.784384927859896,1.89509920602902,-15.5643811899011,157.196049693067,0
1.42,0.964793324273033,0.835854291915894,0.0109568823066484,-0.882171531016187,-2.31568911499974,-0.849555142523272,-0.163619309792595,1.91168359685061,-2.1718053562928,1.82054612273306,-4.12011527523199,169.43327795963,0
1.43,0.848259403181219,0.914007663726807,-0.108146486015108,0.985559720719582,-0.890456076742834,-0.877543312098825,-0.234407655453285,-0.238694420647622,-0.488806348659933,1.8407795973868,9.75545846885472,160.292125071117,0
1.44,0.735912082300309,0.822819173336029,0.0587321011571457,1.52708554603936,-0.692741654832346,-0.727793990405889,-0.296196544307249,-1.71044630545495,-0.908469403524646,1.96209951201866,23.0267550483803,134.458954330206,0
1.45,0.590929228904323,0.620681285858154,0.165368918836929,0.514965303585519,-3.10800640750905,-0.53360628243593,-0.298447433209039,1.03980950713563,-2.69316540535864,2.17268909712613,33.93629351525,100.434723578113,0
1.46,0.285799482340647,0.387946426868439,-0.0253363683896768,3.96505238350964,-0.0307933312204142,-0.198398107726543,-0.225495764481471,-2.47788794479341,-3.74050227849818,2.45154202773059,41.4680134021062,68.3844015489983,0
1.47,0.0766969649740184,0.210675105452538,-0.0531388992543639,2.93375263608749,-1.55017984685027,-0.0912292051263819,-0.139704440045443,0.735745599592915,-2.90993392923785,2.77266461609796,45.721504039353,47.6553233015266,0
1.48,0.186125811411602,0.152380853891373,-0.061340705731842,0.280771811874039,0.967983729206977,0.016232847176417,-0.146338614321213,-0.998463262011542,-0.375435879213477,3.11700680083308,48.0472805621002,44.5749009794384,0
1.49,0.371015548812366,0.244311332702637,0.129691797741585,-0.481859017455887,-0.900554536567493,0.0740608091681525,-0.257096982959232,0.354243136570924,1.2522630798609,-2.80547020445358,50.6046017471324,61.0547879736674,0
1.5,0.52945124707904,0.475388616323471,0.140619990772544,3.18345300673541,-0.706226014590584,0.263155863086109,-0.314461441654769,2.63464769947848,-2.14364261894965,-2.41769557156291,55.7456201962936,94.3159091311,0
1.51,0.79974600650931,0.800589799880981,0.109460801113532,2.66676149248472,1.08654510737369,0.692895267981306,-0.278928533636173,2.18668130626492,-1.92719660146488,-1.97747318207147,65.2854931073027,137.762340745405,0
1.52,0.975110236667301,1.14197409152985,0.0875184633378027,4.93218816935669,-2.05834884873102,1.03033496460949,0.0919222371347075,5.20028360887702,2.63777613904191,-1.4440069306875,81.4316534017935,182.745338752192,0
1.53,1.29391340579802,1.43834722042084,0.0800416346820304,6.48377223768994,-3.34180963274135,0.962758133218816,0.894648595691603,2.19559298545494,6.74564789546902,-0.774134678233588,101.670143113902,220.744321895316,0
1.54,1.36561605942099,1.63454914093018,-0.114511588867573,9.93150217971625,0.152711964960575,-0.0778675766371971,1.4422508271891,-0.478695776832328,9.57809962115672,0.0537672844588931,124.937499555393,245.402273202677,0
1.55,1.53762969559725,1.67455387115479,0.142408376261236,8.37282007958706,3.44086565054673,-1.36719846894353,0.673513816347664,-5.06853783684688,6.72555625699646,1.06800845051893,151.233035908449,253.908997179183,0
1.56,1.44624585167144,1.58325481414795,0.0214483439072089,7.78181004751195,1.02681800494836,-1.0796653079699,-0.940318832103096,-6.91549228907224,-3.69169187832651,2.26532953726123,175.792344835433,247.409595508658,0
1.57,1.11607611931815,1.37591397762299,-0.00100694325588499,6.76459145668976,-2.18205790581876,0.564232042047114,-1.10590135272154,4.48976797121851,-5.32804422454381,-2.64646885459649,197.403351897723,230.377442922979,0
1.58,0.810886883291569,1.10491704940796,-0.0357879868324386,9.23020544191348,4.30013051129425,0.805258644090585,0.462484203186862,9.78179318632086,0.481152689632417,-1.1296042893091,215.373941655126,209.161596503534,0
1.59,0.663511280537293,0.830007433891296,-0.0307453960033974,8.46291065395126,-4.49384781523955,-0.24037994992968,0.610748598411661,-7.92270581260324,5.95851355043441,0.500004689479326,228.575251293478,190.127533453138,0
1.6,0.479982126865377,0.596844971179962,0.105126133326256,9.12400803740864,-3.55339195181331,-0.369566958608234,-0.193905393119421,-5.5404910497399,-8.16648553911292,2.20979674214958,237.391735532448,177.904068628153,0
1.61,0.125023661229086,0.430184185504913,0.0134617151351081,12.2107743577565,-0.467144657168845,0.126092070392593,-0.135479184982278,9.64217687915824,-7.7967844571736,-2.31191011654589,242.842276359902,174.205710939152,0
1.62,0.175836624126855,0.327537775039673,-0.0358742441278214,7.96868987310989,0.595432350872216,0.0792893474078896,0.157983911136675,4.18709999964613,6.41263575797729,-0.51876861781728,246.120188333145,177.532357322462,0
1.63,0.120952761524811,0.263421207666397,0.013576345445677,8.39613497346695,-1.80714063562157,-0.0924491145384165,0.058548052707864,-8.14334774784503,0.682341888238124,1.29349099464984,248.135495022277,183.803242004673,0
1.64,0.0036624534669857,0.198136955499649,0.0335944627739245,7.71165311181932,-0.37470143269183,-0.00620487112087139,-0.0395041321740534,0.0885932893273273,-8.02607558311991,3.1171930314673,249.287405593697,187.725594674267,0
1.65,-0.12874715932857,0.0936887264251709,0.0641215758460688,9.13507710296436,-1.29570704275754,-0.0888793178078967,-0.0445330222621831,9.09252629631175,3.35272682901691,-1.33866023510744,248.962013704846,184.499110371983,0
1.66,-0.282619967496419,-0.0761111974716187,0.0956546579153471,8.07896269455582,-2.31307782483449,0.153750553514621,-0.202661026783879,-6.00643859587073,6.83068204876986,0.478981862986618,246.447561768808,171.368065902724,0
1.67,-0.633769024639359,-0.31493467092514,-0.0692760842488579,12.2294169369641,-0.200304484568615,0.434787066360513,0.365396967263904,-9.73053634122788,-8.24176002251106,2.2670017474687,240.672796392803,148.577162644999,0
1.68,-0.751329813225025,-0.597491502761841,0.0348576053376052,5.32696178291269,-2.42544073891105,-0.570439620939112,0.423564808011503,6.0590632829963,-1.63924032579468,-2.28669166475063,230.580560301417,119.452715557086,0
1.69,-0.983313913303841,-0.881239414215088,-0.0620685713096783,5.43867984833665,2.94817018373619,-0.64625352481676,-0.751922524876348,5.75240358035494,2.56974939727833,-0.648853159874862,215.937862632787,89.573056630179,0
1.7,-1.11558386118788,-1.11297452449799,-0.0518248502553421,1.10843264455814,0.248799161516465,0.851212496868308,-0.746324438121266,-0.278635274296183,1.29772663289062,0.865462879360725,197.147681655252,65.245826945992,0
1.71,-1.38154131745664,-1.24456858634949,0.189194181812723,2.38630002906273,-0.600028562456903,1.01496554306831,0.79695164883696,-1.69774780837491,-1.72601267326075,2.2319730272405,175.152193335369,51.7067117556847,0
1.72,-1.35914845050545,-1.25868690013885,-0.0967567947614892,2.88300689864126,-0.900987823451254,-0.397781054254161,1.24508639093072,1.56873081421414,-2.15691522532324,-2.8456001796974,153.351860884558,51.5404603117364,0
1.73,-1.16694038796724,-1.13785207271576,0.000958439863877419,1.50035699318535,4.72962764734278,-1.10934944370966,0.347075435061919,0.219846464531313,-4.22767835207094,-1.80393254808943,132.00184848775,63.7761788543602,0
1.74,-1.00981514209979,-0.932998895645142,-0.129835084434781,4.05161096376638,-0.326881528790271,-0.785398269075489,-0.623620128934433,2.75377862282027,2.3232512174402,-0.901983168131881,114.12468742398,83.9361591024573,0
1.75,-0.744942809103975,-0.681862592697144,-0.0735614884856291,2.35438251667579,1.92566231869074,-0.115488920743878,-0.714259322599038,1.59705172489863,1.985532154276,-0.122973753681763,99.5856914543919,105.06529229496,0
1.76,-0.564807631267612,-0.471347510814667,-0.10753860336238,1.72774427678529,2.47163737133251,0.232134993125433,-0.453216071949436,1.06878312348371,2.92098226512007,0.570570475038279,90.1450054924477,119.502497997832,0
1.77,-0.283367158458225,-0.343727856874466,0.0906084338821559,-0.783985379282998,2.10238650815481,0.290564301504218,-0.150454567041615,1.40551214596168,1.37725202908098,1.20308958602741,82.6237507341335,120.947124279984,0
1.78,-0.334517783708702,-0.343094676733017,0.0340933690281472,-0.0163822377201849,-3.24643735348866,0.311123007059557,0.134266310984565,1.10021523110791,-3.09067327785632,1.78565208748627,76.4317241014909,106.278458033741,0
1.79,-0.508498869872389,-0.47509765625,0.104855665396603,-0.0217905541660939,1.6894204347938,0.362707147290609,0.297048084184136,-0.86400715099158,1.29754584350991,2.32254400880779,69.6702624655744,76.6327647451202,0
1.8,-0.672744704809868,-0.695245802402496,0.182529691167113,1.47256481087522,0.460889869552656,0.240758650129405,0.681289903300115,-0.369944179972526,-1.43499455893534,2.79816609982829,59.2978135998886,37.4204830420148,0
1.81,-0.938576697420139,-0.933104991912842,-0.194496787033814,-0.467930524199191,4.01529636121732,0.0428779282588142,0.91199761486826,-3.91365986429634,0.912252891120541,-3.10353723429179,44.1244753874729,-2.76752847144811,0
1.82,-1.14456845892093,-1.12271952629089,0.0162141851537718,-2.96418502942008,-2.85389395712001,-0.370875062848474,0.992221303902879,2.09609386012256,3.94693832376883,-2.84344372712565,26.5768455918784,-34.1290178258045,0
1.83,-1.14613394526957,-1.18740522861481,-0.11565235534631,-0.306156932709363,0.0456352156765547,-0.49753786485975,1.0701896591828,0.488270606062813,0.500567774373937,-2.71739016836783,7.83516159531856,-48.025691887641,0
1.84,-1.16041095980768,-1.07078325748444,-0.0393423982838614,0.922240650374338,2.92651661516797,-0.388042639574917,1.01492745451942,-2.13179548574132,-1.84743310204576,-2.7268715760094,-10.0604238866238,-39.1775276916643,0
1.85,-0.676839802447642,-0.75408810377121,-0.0789781015612707,-1.36239683112342,2.77487604183898,-0.149141840155346,0.712456410587671,-3.13570050523823,0.450183567758359,-2.85617312273909,-24.3695681799715,-7.11779156764422,0
1.86,-0.208793589411044,-0.267309129238129,-0.060720624165794,-1.4923321959779,-3.76631504450688,-0.0828219694179262,0.225097652870113,3.17311103983266,1.9672321737363,-3.06826693591923,-32.260438545153,43.477599474041,0
1.87,0.342985085807445,0.316339075565338,0.0998799923409384,-2.49400618280638,-0.283964871550004,-0.0587637228646144,-0.356848579256578,0.335131682787846,2.13193222437207,2.97732044947252,-30.9134463152785,103.699492101634,0
1.88,0.861150690380638,0.899144411087036,-0.0446446051701519,-1.72830664171158,-0.322401959756509,-0.330464062705662,-0.876651947751901,0.866618576273435,1.57471436333369,2.7866763380818,-19.4508681333172,162.360026839317,0
1.89,1.37851801778805,1.3860889673233,-0.0105748466549849,2.91108218439388,1.11097507056443,-0.529692113312474,-1.21982945772066,-2.36024087129844,-2.14398971072976,2.71306092932153,0.600824956432941,208.535484301173,0
1.9,1.55047448891562,1.69676625728607,-0.039233324086495,5.60888629525643,-2.51720030039114,-0.550693237735492,-1.48415786848086,-0.0373429663318485,-6.14017400880581,2.81104493898336,27.0578703174135,234.088048404403,0
1.91,1.61699116094122,1.77833151817322,0.0667992936925323,7.25996630405209,-1.50593794190828,-0.0677025703115436,-1.64319302254534,1.4963216707231,-6.84665633587241,3.12036538608087,57.4878688333266,235.554554624319,0
1.92,1.46723783510905,1.65678811073303,-0.0249797322864702,8.71431339506091,1.16946776546564,0.737774776309639,-1.29164614274965,3.14975601928115,-8.06519125065932,-2.63778673446457,84.911683849225,214.939748848201,0
1.93,1.24727439643152,1.3794207572937,0.00391508294706184,4.29099703666623,3.27328873259511,1.23360670544389,-0.405051205907601,2.97350248897414,-4.08543781846832,-1.93049627839204,107.38592393529,179.216654785943,0
1.94,0.94504994590165,1.0017261505127,-0.310081554307456,5.58777878918158,1.10502516842654,0.777706076845343,0.454182292771214,5.19869139512113,1.30300206916146,-1.07203092271949,125.97229992507,138.651703025641,0
1.95,0.455633665576343,0.639026761054993,-0.018087621472438,5.87451786756255,1.80353362837347,0.0243731204145197,0.532632509135211,2.11038947226987,5.26053284224968,-0.103504074988092,137.258321771771,104.358926665418,0
1.96,0.360952159919763,0.370508342981339,-0.0104699409050174,5.78601134487398,-1.05442200897992,-0.206433118475985,0.161755888667111,-4.61932890190932,3.05838656124116,0.929374643977423,143.788399851323,85.6744092229981,0
1.97,0.0990140121910433,0.261483013629913,-0.0342927627693279,4.43451956828689,0.562411951331417,-0.1603770005971,-0.0790295621498949,-4.00337164043399,-1.47532820592893,1.9958433319054,146.955471253945,87.9829404891039,0
1.98,0.0886642814567173,0.326617211103439,0.0195132568044649,4.14865823192701,-4.12873590102765,-0.092148175130457,-0.230253422097677,3.6637044050413,-4.90831999737611,3.08353488271712,149.965051948674,111.513846763478,0
1.99,0.510035403417666,0.541374146938324,0.122864245747991,6.25913413029666,-0.691642855110933,0.361611374828149,-0.224501598509303,5.61080974117294,-2.11113860231583,-2.0831427670316,155.343855423187,151.381609343542,0
2,0.725695129945041,0.841066002845764,0.0295029865316913,7.06486728079907,-4.44819931084964,0.605444347269903,0.363734362205738,3.079709082331,7.62427661108302,-0.912030812118964,164.824545366181,198.840066099932,0
2.01,0.984245201928299,1.139524102211,-0.0469683711937486,9.78819831182905,2.06040561443794,-0.367249518387961,0.873134541597249,-1.03232845092445,10.045771243436,0.3466512364292,179.516797485047,243.423604312018,0
2.02,1.18871268138524,1.35745239257812,0.0494741379366181,13.2151131075771,2.44374332205496,-1.07495909341744,-0.210022799284601,-13.4266251553412,-0.0325785304710937,1.72668331662488,197.862273795563,275.43821096903,0
2.03,1.13016313254685,1.42372453212738,0.251110182453169,13.5680647725249,-1.62208838769571,0.0942873084324016,-1.14682965967408,3.14259958175881,-13.5352569621641,-3.03072244868732,218.195062414375,288.190971377233,0
2.04,0.988321299627897,1.30838048458099,0.126952040757885,12.5940056595232,-0.531375439129295,1.03563749146401,0.223724745597844,12.2614092699568,2.76695999257416,-1.35578631179196,238.076839997083,279.425216864975,0
2.05,0.764593578254367,1.02097904682159,0.0410694378984465,8.13435606863049,-1.21748395302718,-0.370046595214858,0.776629843104559,-3.91363721213798,7.1755614729147,0.453902837929869,254.68526668259,251.637946470518,0
2.06,0.443287239236062,0.611055016517639,-0.0956266881586993,10.3004327584568,-0.270234826297699,-0.279253296255127,-0.292315636748747,-7.58888942597029,-7.22407045787777,2.36349715354928,265.107189718388,211.241603827393,0
2.07,-0.0777009879147972,0.14721554517746,0.0276977058863558,12.0449647588321,-1.6034171949194,-0.100754188397449,0.00433955761627994,11.9658882653084,-3.07039027691165,-1.96032715021637,268.270697688383,166.820543355018,0
2.08,-0.526018673056863,-0.292663335800171,0.0536111950712722,11.5642495577131,-0.445609975768699,0.0138904458341452,-0.528697705137118,-0.785651709382471,11.9357200218519,-0.00647101732390115,263.755849705463,126.950715795736,0
2.09,-0.845963953500016,-0.645332098007202,0.0941296468517593,9.43187996537156,-0.268853276689744,0.795712785843695,0.252616227468231,-9.27011731734447,-2.56962083846376,1.88932186836123,252.924071279443,98.1453337944953,0
2.1,-0.907550516136161,-0.872457504272461,-0.0290270713384668,4.34780527218266,1.30985866302664,-0.479807210342035,0.836460376747024,1.42773968365884,-4.6480224199197,-2.59596970928072,237.449332479567,83.4381167776516,0
2.11,-1.03443897843616,-0.969197869300842,-0.201223178668407,7.94209606279207,0.236409612595076,-0.898820580757479,-0.676377502889729,6.44508610295278,4.61132222340007,-0.921388128075979,219.569529434111,81.9352904032883,0
2.12,-1.13341354396822,-0.963252186775208,0.00495964766107903,6.77421787654233,-0.720049068772521,0.64734231825621,-0.875140694116152,-4.42557186443061,4.69866240981607,0.621575578778596,201.374348971305,89.406890509291,0
2.13,-1.07360460181365,-0.899925947189331,-0.0317369187208004,5.15724923528342,0.314463531492919,0.89685264591865,0.447553681272944,-4.72933059472561,-2.30206858014196,2.0355315616949,183.972092440866,99.7160299209935,0
2.14,-0.975812173013961,-0.83202987909317,0.109230953348379,6.1390000056843,-0.285341137735811,-0.178016267898186,0.933158335002781,1.27878160034109,-5.90366784928097,-2.95667806644907,168.57023859572,106.672380184069,0
2.15,-0.844072145266003,-0.796120762825012,-0.181567493006857,3.95449169349626,1.34322491439257,-0.84595167753649,0.213628432744812,3.48526654849598,-2.50271778147278,-1.7781624411243,153.405921310357,105.797412755166,0
2.16,-0.859937923397774,-0.823766112327576,0.174519112038928,2.74467367626829,-2.55300933419887,-0.53356523283804,-0.702921075882844,0.0696451439616446,3.89248188978172,-0.704958324847596,138.939220247448,95.5277125318482,0
2.17,-0.853103426478119,-0.89963710308075,-0.002213630321123,0.292532022734548,2.27643561042777,0.182260999027527,-0.887208101660449,2.23984323230386,0.98203556873351,0.256104731735613,123.615376532191,77.5463919870002,0
2.18,-1.17656798075214,-1.00594294071198,-0.0266645341973395,3.26668215362233,1.34634563928217,0.940786182265682,-0.496866235832513,-2.25265142106888,2.26865009429092,1.10391005773307,107.060970431089,56.1760939611985,0
2.19,-1.13274596143208,-1.08648633956909,-0.0409226656903086,2.4458933877564,0.575029057567613,1.09003112687153,0.277736753725094,-1.98978062338342,-0.540048612602345,1.81994721892743,88.5661803240158,37.0245324270587,0
2.2,-1.02294724273585,-1.11823761463165,-0.00608819703871998,-1.61008554041473,0.598806349762034,0.732007668419141,0.788838395238573,0.915490374813579,1.82217238720428,2.40379046014968,70.7170985141447,25.2761290720809,0
2.21,-1.10466946983152,-1.05429148674011,-0.06371472526918,-1.43192709790927,0.88999952475986,0.300192617139056,0.975893721173254,-0.158287777930499,1.63547751184664,2.85518846376401,52.376702296882,24.1172466807197,0
2.22,-0.973602326181858,-0.885315477848053,0.0223807867589853,-4.00239593781628,-1.87440723420362,-0.0601547629308276,0.80730478504247,1.57374020360165,3.73433397774995,-3.10888528628242,35.1309936088867,33.7431573423505,0
2.23,-0.556038484397915,-0.641617238521576,0.0181866760773211,0.496256985380174,-0.33415564612277,-0.160850539526901,0.620430810005602,0.499824502497796,0.0130662484256588,-2.9030313235668,21.8768188712352,51.2331681791634,0
2.24,-0.312596240688906,-0.368730753660202,-0.0277966739523005,-1.76725540791645,1.33973968692615,-0.0997159431931805,0.310622402784652,-1.56325638749671,1.55029808232811,-2.77545109613233,13.7053894005975,71.3398543319103,0
2.25,-0.0842924260318536,-0.115624606609344,-0.0297471263711548,-3.52623485894786,-2.24154836773976,-0.0501884327134644,0.0275744452230189,0.0570193676292929,3.6985829526312,-2.69087903189491,9.95193971493542,87.9838073287609,0
2.26,0.174502468322914,0.0723885297775269,-0.0657595236770311,-1.29092837001211,3.55240487083389,0.104936904878384,-0.0495141115965487,-3.37816039485051,-0.789562581778154,-2.62051937555067,9.75530472438548,96.0453667944303,0
2.27,0.0728334224475597,0.163886040449142,0.058387937859186,1.84575770288246,0.810489316695883,0.0847797079180017,-0.0925396680418745,0.462344213412779,-2.25813099569996,-2.54241403009998,11.790142129979,92.9539199614786,0
2.28,0.146839518259439,0.15879088640213,-0.0551485413361909,1.571081987644,3.6924719908988,0.133666359395888,-0.0705482644613222,-1.51181146525588,-2.68399863651015,-2.44678046287906,14.3242532269852,79.6192596433342,0
2.29,-0.0500505603929181,0.0833561420440674,0.163943009596605,2.23704847715486,-0.725426783882514,0.0297390706982553,-0.025102903863697,1.62807973819769,-1.72464931045342,-2.33413261934658,16.1969008316007,60.418195658941,0
2.3,0.0528622623868616,-0.00858241319656372,-0.0392302052741503,-2.16781692731966,3.07882260395279,-0.0680705173171185,0.0278028308322375,3.41918753636905,-1.67588006634085,0.0352552956167118,16.6031140508839,42.1997681117098,0
2.31,-0.188918926299121,-0.0546243190765381,0.123136055785228,0.646442015978296,3.10295186062989,-0.0499423962262507,-0.071925863820211,2.90036597274438,1.03976702010558,0.15443046417867,15.8383436905346,32.5384658208009,0
2.32,-0.0251358133806707,0.00212500989437103,-0.0320376521691383,0.835160342398746,-0.108546062674755,-0.00707049167016741,-0.0211651714744949,0.28887541010126,1.29914982510901,0.26749131025829,15.1834697459362,37.6761383403698,0
2.33,0.131668716065024,0.193555906414986,0.142117987242466,0.613230801599321,-2.06610906410959,-0.0294736453728866,0.184336227690445,-2.19220426282132,-0.105649377508738,0.38223783858168,16.6721182495604,60.6925689307177,0
2.34,0.466155889072344,0.520448267459869,-0.127007130267142,0.553038557678032,1.50531433789378,-0.293518743587948,0.411949235275208,1.6366218085934,2.08792548721548,0.521921092478178,22.3385215702524,100.403348030585,0
2.35,0.713158945988989,0.941168189048767,-0.0635433129450287,4.92391964406816,1.0994739966698,-0.570355147219787,0.612695841834586,-2.80820644445095,4.67432671683128,0.725831218651325,34.4682941776252,151.309639860675,0
2.36,1.23216131095075,1.38176107406616,0.080283008760764,3.23557002974487,-0.312669478464118,-1.13828568093786,0.650367762080986,-3.03792363124261,2.10657010569338,1.04707126597155,54.6095403321326,204.660446770395,0
2.37,1.55462999730353,1.76759934425354,-0.0170199669345159,8.31552421938123,0.0861170378122493,-1.60081397885418,0.0409405833315437,-8.44100876982882,0.738734924707294,1.53938974778171,80.2684563640795,250.401010672771,0
2.38,1.77820572722242,2.03031396865845,0.00840906270220042,9.11875367771775,-2.27055169101187,-1.49087931234107,-1.08825274144435,-5.7681026495138,-7.91904052919243,2.23097084714938,109.094071144891,279.545096998624,0
2.39,1.91886730637908,2.07999706268311,0.11675733848944,9.5967181418189,-1.07162431347588,-0.0112940489849525,-1.90031213394299,1.56379940712732,-9.12783995178328,-3.13193550875656,142.578453017704,286.386105406307,0
2.4,1.74042782103006,1.92583966255188,0.0175486974811641,9.24433487116109,1.62744112510659,1.62826727898818,-0.654960343130941,7.25834512540975,-5.17804999315262,-1.97454615887555,172.619033256491,269.986047771555,0
2.41,1.3543339591577,1.57056868076324,0.0839702160866131,13.025056654282,-0.845460934514921,0.759823905829956,1.06629806535134,6.76332398252893,11.3968087817668,-0.604827902326166,199.46949665936,234.548956925607,0
2.42,0.824248746955042,1.09548115730286,0.0914372040198876,10.8965970632539,1.77305534084823,-0.735812858639082,0.491502340855338,-7.3080922180122,8.17146339994828,0.932171538524816,218.827378585786,188.555955321903,0
2.43,0.211013901581939,0.588404357433319,-0.103424839490787,13.6559805187718,-0.701408846426441,-0.184733451526333,-0.272014225207701,-6.49928221676573,-11.4409414087337,2.58005805031806,229.610941012942,142.845857382488,0
2.44,-0.0199141447810312,0.144313514232635,0.0484043368754726,9.11046078183318,-0.693432355515588,-0.0451488899118876,-0.0109785510211015,8.95584635941113,-2.53071117946503,-2.00500107755442,232.574024080891,108.090671456795,0
2.45,-0.348192023803037,-0.157854914665222,0.0609909354071059,8.36594719622085,-1.3705222204842,-0.0680022178723689,-0.309379585808269,1.05590934066165,8.09810120704167,-0.307719696974957,229.688018426105,92.2722017092258,0
2.46,-0.35893778593037,-0.270601153373718,-0.174653222407574,5.80491801478868,-0.366776563493061,0.375739291151978,-0.0825901695601393,-5.7279318701614,1.25961700418616,1.35365873008566,223.577110375371,98.7735127979655,0
2.47,-0.47963362378481,-0.19556051492691,0.0328840480488819,7.81900612963958,1.04067109524305,0.0865480324400674,0.337188195828036,-2.67165005026043,-7.38564323878415,2.96761213716107,217.339721117384,125.554094114676,0
2.48,-0.0450468351720906,0.021035224199295,-0.00884026315435158,6.61236366251759,1.34140292811279,-0.0985552054361343,0.0296214030155719,6.12416786109908,-1.68534016202653,-1.7384680602592,213.65492293158,165.615356602126,0
2.49,0.182267313135213,0.299461156129837,0.00724387631755355,4.49080671491949,-0.802908797872994,0.0427144333215679,0.206223877047124,0.466001078641971,4.59995594956629,-0.173180154089396,214.201053561682,208.648510098597,0
2.5,0.335668260249465,0.546469211578369,-0.124146061183914,10.1076684745725,3.80151559272131,-0.35118425930977,-0.0142582554422292,-9.58520470776953,5.04786559134416,1.41222248864097,219.070141177799,243.468171311622,0
2.51,0.545048011511951,0.675835251808167,-0.169169865079046,9.08504922432939,-0.0241036777735377,-0.0516106061469888,-0.496051116820506,-0.680586657854679,-8.99880605446993,3.04508408074579,226.905240511823,260.644140845597,0
2.52,0.490989662511428,0.628614902496338,0.0489692534425032,8.47216544822071,-2.12787793700797,0.465763781958145,-0.0158703379432453,8.29966954223941,1.62955871125405,-1.54377490072633,235.261405286584,254.698044757563,0
2.53,0.274609662789055,0.389732420444489,-0.197974545657279,10.3801566560042,1.09882783466395,-0.0555640084714591,0.184311058551686,-1.18965594416007,10.0363222043577,0.204513584808527,240.981976845862,225.341895863943,0
2.54,-0.111748702152363,-0.0125709772109985,-0.04526975885669,6.67194526678127,-3.62122501696896,0.101627122886413,0.114353263671698,-4.66560992682746,-5.52738966379047,1.97660689357752,241.406364921735,177.473893485094,0
2.55,-0.776909568577031,-0.511316239833832,0.2308961454943,10.7113830077497,-1.81547851482822,-0.434676752149684,0.590221092842412,7.74502977744726,-8.31861109197996,-2.55812275517877,234.544281990956,119.952850216988,0
2.56,-1.15374278316716,-1.01514971256256,0.0863139211884665,6.71364695420545,-2.40680493622898,-0.859836909561083,-0.754198437794393,3.63378914858942,5.93510332225698,-0.891300033598295,219.326693520203,63.4698081008629,0
2.57,-1.49695112494531,-1.43407022953033,0.0208298079533433,1.9963335677321,-0.887680239620191,0.898634477340222,-1.16449254512573,-2.48215845660014,0.653885144110297,0.635777560253899,196.472164873639,18.0498144483669,0
2.58,-1.76187515789306,-1.70183420181274,-0.0290175531962195,-0.0680597488866239,2.92141243513474,1.58584406012406,0.622632068230677,-1.31186533696542,2.48178443114438,1.97816734627821,168.303982926817,-9.20394536563589,0
2.59,-1.89153463177927,-1.78616750240326,0.0740651118887126,2.5022982790091,-1.23502136294212,0.0610939649318064,1.8363062074312,0.263929816259178,-2.74447379115805,3.10448293966944,139.046413304372,-15.5853057018502,0
2.6,-1.70748778280537,-1.67025184631348,-0.181209118869943,-0.469573214171673,0.838815016609948,-1.25608719549857,1.0848151455571,-0.748816460824001,-0.333452475212162,-2.27399790017406,108.224575740301,-3.14728582996327,0
2.61,-1.36584146865728,-1.42859613895416,-0.0515326089645418,-1.58130211862857,0.280367183302652,-1.38880185675709,-1.0716757310578e-05,-1.81306271499983,0.322031305169227,-1.57520415086775,83.3616083205733,22.0966496240874,0
2.62,-0.942325922042263,-1.10615575313568,0.0176064420564155,-2.39847322992115,3.25059118945957,-0.942405451273548,-0.478273372796884,-0.50013117222907,-3.86793025149445,-1.04277019216152,62.4527206512448,51.8904356923722,0
2.63,-0.765329278237814,-0.767327547073364,-0.0171280125518675,2.03056784689192,2.7602316581415,-0.514713437855556,-0.614287268040315,2.62285837925797,0.312030785856625,-0.649921581769319,45.7229858903083,77.9087416850936,0
2.64,-0.481362082615773,-0.494866460561752,0.0979626735389485,0.942917620745213,0.563385718433106,-0.175385036051416,-0.472175665533758,0.192564951839868,0.587201010005079,-0.356449651361822,35.2285882480843,93.8231040501502,0
2.65,-0.294077176208003,-0.32305371761322,-0.00455544892076562,-1.69280609098812,-3.56099388894249,0.0350659181992395,-0.291562635661375,-3.73725895364356,-1.27482041373925,-0.123976042407072,28.7372344025133,96.7445104164631,0
2.66,-0.144714147112164,-0.253813713788986,-0.0994643761865021,0.665532523652609,3.53799974632826,-0.0520155728716929,-0.279103222733566,3.47678779016142,1.47128945917234,0.0696322536709103,24.2478999245426,87.7029648377066,0
2.67,-0.218162123537632,-0.26081782579422,-0.0772626455954784,0.263630592738578,3.02844647850977,-0.00201607299108747,-0.257674116006386,3.07100298823047,0.366521897065868,0.232574206618649,20.2086819485012,71.0838252746085,0
2.68,-0.289010094885119,-0.297534883022308,0.00041277156827649,0.102368217016814,-0.00932798609061997,0.110065449691361,-0.278562438369856,-0.264583797612594,0.192706793535846,0.364387231853235,15.5898116617116,53.2137612181334,0
2.69,-0.300448841154345,-0.314592152833939,-0.171428695498949,-2.06532418612728,0.158265224264774,0.117683118912141,-0.242698843254899,1.04120890236027,-1.79171450516929,0.461436690844448,10.8088159795642,40.5049732156536,0
2.7,-0.357918691649223,-0.268254607915878,0.13361562774806,1.5542228479749,-3.49105178771137,0.208896252912726,-0.226433165370692,-3.83182745400424,-0.144909318549093,0.523575127779915,6.26797343725324,37.6697516683516,0
2.71,-0.199022372396543,-0.135902136564255,0.0667047515879697,0.877230594895763,-2.19301995502886,0.125166001742446,-0.0942267218155817,-2.76605898750118,-0.911774670302044,0.556519329409878,3.08833710213127,46.4835246725864,0
2.72,0.137382588088695,0.0757956504821777,-0.047668554098831,-0.463024437190373,2.93862434012038,-0.0939993004003103,0.051348386874329,2.54455095682038,0.761222457190246,0.575765723212989,2.73494432974742,65.4145264173042,0
2.73,0.287499779274859,0.335443615913391,-0.0654994734923374,-1.7905763358842,1.75270504888551,-0.23915111123308,0.291015660593641,2.30119636147491,-0.622786227259868,0.606399084230093,6.26086403387849,90.1963513465771,0
2.74,0.462080005262729,0.597678303718567,-0.11693570542568,0.930284851420271,1.44600797001131,-0.392202242353825,0.438812381649735,0.754963093443971,1.47051192644969,0.678159609237547,14.0282670236139,115.161272247396,0
2.75,0.832495463050207,0.813627600669861,0.0494510078494736,3.13319800993633,0.109011682255743,-0.541715203946401,0.510901910708499,-2.84277445404554,2.26916366756156,0.82207172415976,25.8602614670871,134.946382847945,0
2.76,0.967426723377968,0.945816695690155,0.00793924695762747,0.201920597847181,1.00957191976219,-0.837540914590362,0.435601457363541,0.352363708586518,1.21729576291599,1.06513606638502,41.0048645364937,146.086016575111,0
2.77,0.95956826983238,0.986520886421204,-0.0128874406068641,4.58690755000545,3.77936323028481,-0.901479701440445,0.0527062777883181,-3.90796493919705,4.53168241854168,1.42563644944258,57.2172324892813,148.038336685315,0
2.78,0.870685228438759,0.961155414581299,-0.135852988961253,4.52730809888763,1.32175745943533,-0.80878315083593,-0.285359103249652,-5.20057873726769,-1.34366141085504,1.90046895301924,72.001745916411,143.351804062861,0
2.79,0.900225387146094,0.899216532707214,-0.00305804518390894,1.58621536674357,-1.54463539225334,-0.555976639112042,-0.668215789267988,0.0286131830936265,-2.17590043398992,2.47915779874225,85.6991285911134,136.915819049626,0
2.8,0.741278304995624,0.837232649326324,0.0544433442235637,5.10704786781497,1.08947921667874,0.0264163563463118,-0.740399736000091,-0.665200994996881,-5.01636460163983,-3.12602904448069,99.3299411087159,134.494997332126,0
2.81,0.830071078238498,0.831758737564087,0.053297976231094,5.92029717496729,1.02050047191145,0.532523296441295,-0.498371457767599,2.99806743024333,-4.52687900836719,-2.35295872622539,111.323522705093,140.949442930169,0
2.82,0.788054015591223,0.90566486120224,0.000533585951034947,6.60293156053753,0.174864695898576,0.771727887519619,0.0551234571850598,6.73839715654976,0.813025426087132,-1.49188178939713,124.085996192405,158.638799039145,0
2.83,0.909983364478694,1.05387592315674,0.027176388995598,8.34162351904876,-3.33560518398434,0.490558063445162,0.750756107956312,2.15072202674929,8.11537914606134,-0.528763098862132,138.659371223367,186.468881027983,0
2.84,1.09530502830961,1.25191533565521,0.0776143612290067,8.207123969786,0.0946965059002056,-0.576514668646759,0.922295328747128,-3.89155454511726,7.46624898987854,0.548217317218096,156.072766744167,219.875038664383,0
2.85,1.08943567955563,1.44333744049072,0.00501355593663758,10.136654328076,0.625918717142539,-1.21909085048149,-0.24743817693369,-10.0471778028741,-1.54484600389674,1.76473986696321,175.96941689179,251.788355734016,0
2.86,1.28125723251097,1.55909180641174,0.046566898547053,11.9115057430451,-0.521756785036766,-0.0163272685099335,-1.32592417884583,0.577294572231307,-11.8456276094627,3.13871588228528,198.966074049993,274.36437224523,0
2.87,1.35574073913215,1.54869866371155,0.0810032772879549,11.5321290137784,-2.47845150135971,1.31940064334236,-0.0657540948578099,11.615311019701,0.823192424097741,-1.60249526997449,222.221532896188,281.039971139243,0
2.88,1.14429204835016,1.37413442134857,-0.0844435968381461,11.3335952611353,0.776857146712995,-0.133057228092959,1.14214854132743,-0.572808468019071,11.4107864248168,0.105100975475605,243.610057640885,268.380355915445,0
2.89,0.676721101812868,1.03468573093414,-0.0499464477230392,12.2046713439231,1.12175126027728,-0.719787475385735,-0.319526038589231,-12.1567257024459,-3.47731555882691,1.95471111596474,260.298966013413,237.214405544601,0
2.9,0.235647820037542,0.566647887229919,0.0826963648334439,9.55211216088107,-0.446682467147508,0.254953672087848,-0.278379156434579,6.96189095762311,-6.70536771729675,-2.37944427263819,270.316797095291,192.726527378935,0
2.91,-0.150127245821562,0.0413858890533447,-0.00570770977615045,9.52754294982658,-2.03468473780567,-0.0177573907089579,-0.137443322444146,1.71561626605347,8.98218427080459,-0.386647011124224,271.915136244429,143.434752930363,0
2.92,-0.765671621851669,-0.454716622829437,-0.111107299920354,13.0766948173758,1.3252032464185,0.711197337428831,-0.00990967842464455,-13.0251726827694,0.829872362864475,1.5871426927795,265.13879677337,99.2718891011842,0
2.93,-1.01930483604515,-0.838600993156433,0.026501168799206,8.61649174767278,2.37343068395913,-0.289122955547022,0.960318898090788,0.469486534462871,-8.69977294011538,-2.79896030095865,251.218825103026,69.2249817233701,0
2.94,-1.19550677227901,-1.05155634880066,0.0700922287009723,8.54640360585538,-2.50735992661461,-1.01077194721191,-0.686581447188502,5.86083271958406,6.99404747169813,-1.02081100113399,232.888339235194,59.1154974356723,0
2.95,-1.19325606327789,-1.06871783733368,-0.111228552388565,6.24383798312911,0.209026277246067,0.669785767705671,-0.984452054185971,-2.78396397574927,5.73698832289496,0.615496215929064,213.124671576106,70.0835642932234,0
2.96,-1.10123154837519,-0.909710943698883,0.10198084950659,7.56944740742116,1.00722867570831,0.9216307165691,0.546756043632129,-7.21228236949044,-4.10707880285198,2.10951556238189,195.167165840782,98.1765096395062,0
2.97,-0.730267614009834,-0.631130933761597,-0.0807902836837233,2.60895564766092,0.0323152769165567,-0.213355004803818,0.647361477888912,0.206087664900622,-2.81268334602837,-2.8012173792734,180.542862127574,135.173943321574,0
2.98,-0.447119447573006,-0.324809581041336,-0.123855698691207,3.05135569691696,2.30561269728554,-0.3848844391794,0.0238154501342205,3.2324727947434,-2.05781433988273,-1.51581138882767,170.846221906508,170.475232242362,0
2.99,-0.228880751840974,-0.0854306370019913,-0.0314224492650964,5.42219761229596,1.52380838665376,-0.0628909167735116,-0.180421647020636,2.0226691433908,5.11364469593041,-0.282575412077509,166.271904445047,193.607469573803,0
3,-0.202555409214051,0.0150780826807022,0.187185200896443,5.96049257208815,-0.810835683416059,0.0915591891252721,-0.0542370751506177,-5.34751665681542,3.28769891187184,0.927570172474767,164.268101873445,196.751046550905,0
3.01,4.18104170328729,4.59999990463257,0.166927113170237,19.6255678916297,-3.84951921178354,-3.0634569796501,-2.88487048560519,-11.6923176184093,-16.4301248462997,2.34356479910321,230.18822285452,1381.89023615802,0
3.02,4.09934165599714,4.59999990463257,0.345001622404997,20.8782161583619,-4.65371079431517,3.78813722617753,-1.79766713668697,20.6372252323722,-4.34707290777693,-1.99217275752436,302.36995956525,1376.90778873546,0
3.03,4.14719555804518,4.59999990463257,0.119143374087084,22.2607445736136,-0.0161873386391353,-1.92411563133589,3.68105450313023,-10.7953892330911,19.7858044489711,0.483993177736333,373.37170087474,1406.85998975443,0
3.04,4.04560536236611,4.59999990463257,0.0894003520145258,28.5625837319856,-3.84594824153152,1.28112070337071,-3.8258597437609,13.3307518220926,-25.5301964258902,-2.79833397073683,445.542330693317,1458.84753184815,0
3.05,4.10800106768157,4.59999990463257,0.00718373458516071,32.6258612838689,-2.99458688967192,-0.699458177324686,-3.89176963942824,-3.67818526296579,-32.3670262339691,2.97341293161445,516.430862334463,1511.94839271029,0
3.06,4.05411914070426,4.59999990463257,0.0501325930862659,33.108788916205,-4.96782445246395,-2.567591100041,2.99470543569366,-25.6739584867593,21.355562044953,0.733607968150191,587.144213336062,1544.77925196036,0
3.07,3.81204683264956,4.59999990463257,0.235107096609068,36.6686311613287,-9.25812192709391,3.3304849986966,1.98290454304427,26.0687845610543,27.0072046468969,-0.989976955423038,656.92488060763,1543.28946775795,0
3.08,3.95160741934089,4.59999990463257,-0.0188986672731746,33.9897445274075,-3.03616556867527,3.12472925031213,-2.36247855027619,29.7463735632201,-17.5924377528734,-2.20043346626756,727.089675390555,1505.94316195888,0
3.09,3.79321289083419,4.59999990463257,0.20230463570897,37.3590794111497,-5.85171526262644,0.811560775237587,-3.78207383980685,14.2295884788599,-34.5181698142132,-2.90047386940728,796.586170376598,1444.38269929541,0
3.1,3.60313096079659,4.41135501861572,0.192746728420993,41.7435719056875,-6.7288458072348,0.0106867366841939,-3.58686750398553,9.18453658515902,-41.2552070466466,-3.0965570681257,863.859146853193,1379.30774388149,0
3.11,3.37727224345244,4.22979736328125,0.191559655029263,47.3657715723142,-10.9564659296022,0.860719669366426,-3.18581852547431,25.4220043812144,-41.0760612405923,-2.81097274061225,927.75343639334,1333.04916848378,0
3.12,3.3035991409197,4.1791353225708,0.18526070293844,46.3107125000456,-7.79358233253758,2.79998225125764,-1.69132952423582,43.948819150884,-15.0928229209831,-2.06592418785973,989.396775312758,1321.52713991338,0
3.13,3.44037798275128,4.33549404144287,0.269771835651273,48.0657734662831,-8.02516172983145,2.66860502670474,2.02846835002068,31.1950852301157,37.4448784328908,-0.868673189559125,1051.74311269915,1348.51315246803,0
3.14,3.51553176816499,4.59999990463257,0.181422787152857,48.369116490376,-8.8921459240301,-2.43174135842897,2.63382770548846,-40.4482755517015,27.2906421057088,0.796615865552754,1117.3947972173,1404.2805355688,0
3.15,3.58630929298332,4.59999990463257,0.0868422286469338,48.0422567063982,-4.55243934657508,-0.772757143613503,-3.46245477646414,-4.20845081819108,-48.0716072415148,2.95132505484856,1184.56349423081,1469.1315176408,0
3.16,3.29038051559324,4.58618068695068,0.119627540072696,48.1622028362421,-4.49104541750704,2.20399629821534,2.52398255200517,26.8367101401592,40.0745005224431,-0.687870356262242,1251.0939940965,1520.51487642624,0
3.17,3.53021237794232,4.55793285369873,0.348013230883856,48.1323605988141,-16.5398712886737,3.46238641667041,-0.405297339662037,48.3400002602146,15.0583723086234,-1.59261294172942,1317.06136318513,1541.14507608895,0
3.18,3.15477679043234,4.26672077178955,0.0706753463316474,48.3456578915654,-0.288599985634127,-2.85712739780197,-1.34022744383198,-43.1843992380743,-20.9594125744669,2.01358849732898,1380.25375955984,1525.17706336944,0
3.19,2.56994593839614,3.67764234542847,0.227008954763327,48.0269665254105,-14.6768503074968,0.857304032515952,2.41153951766094,-3.11947191220054,49.9854979511175,-0.227077876568417,1435.33000106784,1480.2087731468,0
3.2,1.71562103711244,2.9348361492157,0.163243930380604,47.6729807016349,-9.11704959094429,1.49893452313311,-1.1063651472923,46.1116975783059,-16.3153732789674,-2.10438679668792,1478.90804930574,1424.41039932045,0
3.21,1.08495693697853,2.22542023658752,0.0754402867708313,48.0284033209827,-10.3558437338928,-0.813906766303291,-0.894830474385012,-17.1934292844311,-45.9715778426546,2.57337678739553,1509.65131624257,1379.85476419618,0
3.22,0.420322272527304,1.71897304058075,0.154090382368548,47.8258210011207,-2.61436415536003,-0.378627506319351,0.217593985187435,-44.7869391953522,17.4138775736007,1.15289470582092,1529.9639296571,1364.49701638086,0
3.23,0.203824397099994,1.50588154792786,-0.0489299601727168,47.9699491679864,0.862101855277504,0.0255313505832029,0.244824718881648,7.42740006033335,47.4254687550177,-0.143178691312913,1544.45359911053,1385.72455137956,0
3.24,0.249278911804315,1.57112717628479,-0.0126133781020344,48.160996548518,-3.18980547524202,-0.183354489409382,0.229106851592136,-39.8982316319321,26.8927996532625,0.908437682412726,1557.92657795059,1437.80216250094,0
3.25,0.656904157017283,1.8019255399704,0.208878816580249,47.8438324338978,-4.09183375273489,0.19936265367783,0.63913674837294,4.52728619129281,47.9658056319098,-0.180331663280271,1574.20537180331,1504.0980207401,0
3.26,1.00543734423137,2.03282356262207,0.293415933518257,48.2328719518704,-12.540157972401,0.974439928510724,0.188707178108105,38.4505079980786,31.151955701385,-1.13557808984202,1594.35343610448,1563.22586046368,0
3.27,1.06981917665616,2.10273742675781,0.327738788780801,47.9697373724687,-6.6969439989414,0.891206169218529,-0.479215774295872,47.254846714823,-10.7283503038533,-1.93154847875465,1617.23081265621,1596.82072653643,0
3.28,0.718169000428707,1.92248332500458,0.272683750917188,47.346042485496,-13.153344828966,0.184027345537981,-0.783438463710118,37.6662793207761,-32.7129342580062,-2.56197315966062,1638.76150048092,1596.09624363901,0
3.29,0.221380476558573,1.49687695503235,-0.0507111618191752,48.1020360841389,0.978012737223336,0.0489935066460722,-0.247529784849175,3.1189026523103,-47.9135097911115,-3.05166485903629,1654.91448336083,1564.81149278587,0
3.3,-0.14415727598461,0.928860068321228,0.0145701261319326,47.9155030366823,3.42204875491742,0.0990050153413151,0.0834261748737581,-17.9786863339282,-44.6369949584164,2.82981991035131,1662.486381455,1517.61896833263,0
3.31,-0.907563006566258,0.376287221908569,-0.0788908165613063,48.0404101391206,3.73991051644373,-0.850047245555555,0.0785214558368811,47.9429215718112,-3.93122066840914,-1.58689696559472,1660.48441530734,1474.46980353881,0
3.32,-1.12631000504132,-0.00919938087463379,-0.0408816286745857,47.9544553662054,0.269166229772182,-1.01498133521325,0.486038804730857,43.3776061279135,-20.5519736059637,-2.01363866707074,1650.64454464612,1453.18821494598,0
3.33,-1.311247759013,-0.126779198646545,0.283013623394919,47.8751798745009,-8.77751408919865,-0.86589149844988,0.948566618670188,34.3458560211434,-34.5349746149362,-2.52944581319806,1636.98300507115,1462.96865569942,0
3.34,-1.1826022155585,0.0210287570953369,0.0315575317709238,47.4396933465665,1.3583459767678,0.0426149748987518,1.23988831327768,-1.73833640328568,-47.99201546866,3.13666412722004,1623.7833094405,1501.16909981294,0
3.35,-0.817226946213794,0.345450580120087,0.0923322337033083,47.9947549768344,4.92428198361985,0.581092899018354,0.549890170047338,-34.2415942964493,-33.8915794642452,2.43706026916144,1614.82168215013,1554.52407349387,0
3.36,-0.356616202292491,0.699450373649597,-0.175713388129404,47.9647869165313,4.66894130763903,0.328322295642099,-0.0539066208893718,-48.2126279398591,-1.21387413011555,1.69322432039501,1611.84057283834,1604.25314874756,0
3.37,-0.293146491705044,0.932041764259338,-0.0561983691055148,48.5023475995764,1.53798002319438,0.203776138645445,-0.170247782866183,-38.3421662540422,28.8952524152099,0.946404157624847,1613.70616506083,1633.10867414344,0
3.38,-0.174826365675095,0.94422322511673,-0.155812210482049,47.9314698742344,-1.41232419633744,0.119884607944309,0.20267989080742,-28.421922607061,-38.7224969866228,2.47094923751443,1617.46126465719,1631.71829009768,0
3.39,-0.371468153284976,0.726889908313751,0.0216504019691075,48.042674996291,-6.17758549108545,0.290936291654644,0.190051372938292,-45.7431931638204,-15.9547489497468,1.77062936690303,1619.39830440641,1601.87979903207,0
3.4,-0.768058403952205,0.359103381633759,-0.0720742229086324,48.2174790831356,-0.668001671484935,0.698605595607208,-0.363136508200388,-42.5222024570339,22.2897920418621,1.06744075104405,1616.33257982695,1555.6345529072,0
3.41,-1.29122902189787,-0.0246053338050842,0.156237045938368,48.1668035342026,-5.25538459112245,0.504049318491702,-1.17467721278859,-20.3707791160008,43.8293754527611,0.317793532359978,1606.80333068337,1510.53601994005,0
3.42,-1.54786597037655,-0.286577641963959,-0.132857077387017,48.2990585250141,8.88246146959014,-0.920771131161215,-1.24853771797108,31.2349848474445,37.4039630830215,-0.52237235331134,1591.8415513251,1482.94520111031,0
3.43,-1.46222716882538,-0.334103792905807,-0.240361263010417,47.8272160654256,10.4362913227737,-1.45610034584852,0.0673572395500712,48.6435405937203,-5.19366540268758,-1.48291686457901,1574.44947553891,1481.89781092833,0
3.44,-1.30233589857183,-0.160806715488434,-0.125758999344173,47.9704317447326,7.48118378836595,-0.55653522301615,1.16934633766254,19.2413853625267,-44.7175084961746,-2.56773163566385,1558.56697492506,1505.84020133198,0
3.45,-0.916016398774612,0.157622903585434,-0.0501402078470028,48.4291072131576,8.25012224252626,-0.949303755517519,0.104031895420352,48.4183164218381,-4.93753497594087,-1.50637276594106,1547.05459631616,1543.42415111734,0
3.46,-0.592588747483482,0.490791797637939,-0.0879700650737068,48.1915240374857,6.42184116122119,-0.12259180370013,0.661329814116861,11.9425474864629,-46.9505022533786,-2.75677791128762,1541.15502608716,1578.00790006851,0
3.47,-0.393333767467724,0.706622004508972,-0.182416645650652,47.5909953690044,8.37546959726821,0.402640760496115,0.123877366136505,-42.1658891214917,-24.1868802225815,2.2502226207444,1539.76483243819,1594.11540600395,0
3.48,-0.291683817445453,0.717789709568024,-0.33059216090391,47.9888915636969,9.93072771037627,0.223123282524167,-0.404722091443521,-33.8803003557231,35.5221659821666,0.972744903886047,1540.17014403981,1583.38155481391,0
3.49,-0.779689143839049,0.51804393529892,-0.192126383487809,48.0301448831762,8.10896728838519,-0.355105241849126,-0.577282299239639,22.1149106531195,43.3529886625763,-0.305859980568027,1538.93309494926,1547.72615333176,0
3.5,-1.00451625941547,0.184873566031456,-0.217761750253272,47.6393674948989,11.1486147554844,-0.967328464527838,0.278638864163802,47.5075282960391,-13.6506347187534,-1.60948745854585,1532.96417883318,1498.56714669346,0
3.51,-1.43552845450164,-0.154402375221252,-0.00883884639507138,47.5234804524712,7.35223402757714,-0.0795270229780826,1.40659712164509,0.68974333596888,-48.537902503092,-2.97769787933217,1521.30653619796,1452.39600525243,0
3.52,-1.51264890714338,-0.368709772825241,-0.00313754454005326,48.424464455655,-1.10645414598038,-1.31438229103479,0.909019894748572,40.0704494146193,-26.5188013664378,-2.20145151788502,1505.19242248222,1424.42183106508,0
3.53,-1.49670188771505,-0.37593087553978,0.0338892193206577,48.0024749432621,2.30504685607595,0.95386231698032,1.16803795362112,-30.874269791839,-36.8021314520213,2.48316601978614,1487.34218009287,1422.72209968019,0
3.54,-1.22857903220895,-0.17556893825531,-0.0104297882218197,48.1129353670602,-1.37562039386128,0.855872040087276,-0.87028144551172,-33.9542548461215,33.9521973178227,0.758729718460382,1471.41039583952,1445.14132779333,0
3.55,-0.912814482248286,0.157588765025139,-0.0258374351703862,48.3871652837573,-0.0360187604473091,-0.79530481829516,-0.435645220873283,41.9735685355916,23.2857248879933,-1.06583389870507,1460.23042627695,1480.12980526245,0
3.56,-0.68114235800867,0.49454790353775,0.0471868805096739,47.7091951587806,-1.789028225273,-0.162250895752033,0.620880939855257,11.1147335111129,-46.7415539419749,-2.95136216825918,1454.80262714932,1511.2107977092,0
3.57,-0.391046661299068,0.70059609413147,0.0741960273885525,48.1901733442711,1.66181347650714,0.377008869920216,-0.0949430734683592,-47.2135546917589,8.853056548595,1.42437345915405,1454.00159253817,1523.37652693111,0
3.58,-0.524101240141934,0.699464857578278,0.0346440084597188,47.7071601826851,4.30039182126682,-0.328844079229643,-0.434749765443571,26.0201771830915,40.5685285466044,-0.480079460188876,1454.84031491069,1508.96805200395,0
3.59,-0.607620310557676,0.494311332702637,-0.0545100398231868,47.9987065721847,1.05997344492252,-0.0947241381576473,-0.590541036410894,7.21130809606659,47.4602171855911,-0.136430776934384,1453.58634216122,1470.77700101208,0
3.6,-0.92786439860182,0.164620861411095,-0.0374582158521367,48.3049878379794,-0.0404124256282302,-0.809454957222285,0.451667150643229,42.0208646092934,-23.204737999649,-2.06572885346046,1447.74768908545,1421.15255220298,0
3.61,-1.30337412591628,-0.148571223020554,-0.104903175289503,48.1403286446361,0.777021121265391,1.08285894825148,0.817412098207378,-38.3590917518447,-28.8583193420628,2.22560779128716,1436.53663167183,1377.41283437096,0
3.62,-1.23816310504572,-0.314598143100739,-0.261998006779548,47.792582956307,5.72421551727779,0.0544377753806606,-1.31281699348184,-0.527431381643989,48.3722360845429,0.135516696378324,1421.41080599173,1355.27369747417,0
3.63,-1.41099767006766,-0.247019991278648,0.034327087562629,48.2634254944187,-3.09243472172127,-1.27095711435005,0.620554214388701,43.7230262058245,-20.0743673343421,-2.06920254403542,1405.89890315954,1362.78257229588,0
3.64,-0.858698271514941,0.0496913231909275,-0.134055261261078,47.878184397983,3.45220721016904,0.879141559590238,0.223256691731792,-46.5630302119017,-12.2358389526272,1.90509299832237,1393.60265140841,1397.08208718297,0
3.65,-0.45154551405496,0.490804493427277,0.117171441710314,48.3132074599557,-3.40393382576346,-0.172699121843234,-0.506703654776161,18.4283476981856,44.4839284072539,-0.471705060513722,1387.70443970789,1445.28082540781,0
3.66,-0.18276441385977,0.928502261638641,0.0238301326715513,47.9522493298115,3.54583724231016,0.0221588718264482,0.22314057250733,9.30649602721194,-47.2556219913726,-2.86476779624834,1389.11483388416,1489.16514634553,0
3.67,0.0969047373382872,1.22046160697937,0.0904166342290701,48.1017330603293,-2.28782322108887,-0.019988693984423,-0.122136328779404,9.87999163620678,-47.0136083554497,-2.97554079166267,1396.61561690779,1512.0249722991,0
3.68,0.151832342485197,1.27283644676208,-0.0237690811208687,48.3367312015663,-0.174659177016392,-0.0524251040520288,0.0515533162000271,-41.2423891352741,24.5716195351279,1.01606340191314,1406.76096232553,1505.04052650868,0
3.69,-0.0510108765830322,1.08361864089966,-0.0788955343572111,48.5730634801408,3.43584138405055,-0.0254201676184668,0.0438543940657049,45.6993534297372,14.8889720347528,-1.20437729810643,1415.45228264822,1470.80471524182,0
3.7,-0.307710162129181,0.742347836494446,0.199143403026683,48.0522589740584,-6.11579681945988,-0.0216905879242843,0.478247602229464,-4.71827346880084,-48.2239010601217,2.90703730483584,1419.62381194815,1422.59984803805,0
3.71,-0.683247063518513,0.400307267904282,-0.0108310105059367,48.9893245119254,1.15718343592623,0.45175015976245,-0.525374662009604,-31.7166024699216,36.0429150267273,0.742824141435196,1417.56062925712,1379.62549080243,0
3.72,-0.87287440693374,0.211836099624634,0.0614137950437595,48.0363332515639,0.248831293915664,-0.934187453966691,-0.114483262545758,47.6426389089902,5.85094944467403,-1.45346942050102,1411.36766770703,1359.899798203,0
3.73,-0.905153950608754,0.275413334369659,0.159079199976788,47.7114764557466,1.5840776064197,0.46272364837657,0.661956751128493,-27.0779281882185,-39.6782991856123,2.58215866811159,1404.20754655109,1373.45668236685,0
3.74,-0.417249851744097,0.604584932327271,-0.0221403670934385,48.1572182308443,2.06760646104431,0.320820430970684,0.419857924430377,-28.2988210856638,-38.7958160966085,2.54038605972101,1400.59942518963,1418.39101798192,0
3.75,-0.0406934889616639,1.10407054424286,-0.0275636967382569,48.1513109148815,1.37353644903169,-0.023700665836485,-0.00806529647933877,-10.6996703741802,46.8060308158202,0.248368971082954,1404.05007133385,1481.27849666465,0
3.76,0.584077453497173,1.61908578872681,0.0775863572492177,48.1315973459756,-1.8214886454533,0.475114320725817,-0.255521543370422,44.7209145543744,-17.5483929484575,-1.98588451289879,1416.29429934554,1541.88758363779,0
3.77,0.900929953959059,1.98040342330933,-0.0459258923651226,47.8772466385149,4.94114914876977,-0.638458353289729,-0.557885541750375,-41.9748302638719,-23.7289947504437,2.18039418036508,1435.69235928145,1580.50170408933,0
3.78,0.753944799949914,2.06989884376526,-0.013568587637731,48.2372752409192,-5.80926719402405,-0.0664913083053938,0.832009499424172,-16.1170583257995,45.5723577482779,0.221537073395082,1458.65425890202,1585.17599380301,0
3.79,0.849518030146999,1.86532604694366,0.185917904023846,48.2040135254456,-7.81440341203939,0.8310821924103,-0.153593548204608,48.000431387044,7.57790601284966,-1.57085324348067,1480.32231089341,1556.24087334017,0
3.8,0.341209708781767,1.4476420879364,0.187085990730526,48.3315450527794,-5.23558461965047,-0.133028170339779,-0.376158745896524,1.27401472345894,-48.260950510538,3.06066328577358,1496.36530221104,1506.34922998805,0
3.81,-0.0490724472590282,0.976461052894592,0.235214310083701,47.5871343580374,-2.98673777738117,0.0875874535610228,0.0645930274033944,-48.1422396580343,-0.227610708277311,1.49848935899347,1504.67233259789,1455.99019861737,0
3.82,-0.703715589838905,0.628351628780365,0.0067650706765399,48.2862553239467,0.383871855281393,0.476569641809904,0.341869731279737,-38.677970201653,-28.433404119972,2.21859234027401,1506.02438917675,1426.06449789132,0
3.83,-0.599786121098008,0.533665537834167,0.0863821765229976,48.2925844130045,-2.17663929895184,0.428749071873056,-0.476947435786024,-31.5191998400272,36.2330554359868,0.68438978380779,1503.86435176025,1430.21617529354,0
3.84,-0.440132036355116,0.731428861618042,0.0410573509607149,48.1645209923559,1.79857050914061,-0.2935782138193,-0.201666331818239,37.7382485439757,29.7197244000111,-0.86510358251739,1502.61819985618,1469.7323553377,0
3.85,0.225634577334585,1.151162981987,0.0726989696601011,48.4738487712165,-1.20844875648162,0.0349366231389762,-0.0784041903736606,33.2043327522953,-34.6889147771738,-2.40637492601137,1506.74923149105,1532.90528972238,0
3.86,0.573196729923946,1.6359715461731,0.0700929016908919,48.2809507843009,1.77897972924475,-0.346341385199893,-0.430544479775889,-33.9998895100632,-33.9349703119573,2.39460783824915,1518.77452798215,1599.13005528689,0
3.87,0.881834051644923,2.00254249572754,-0.180339229527621,48.0169910604497,3.64732478877219,-0.792514962234707,0.390470345977615,-39.1833684293437,27.9738952588988,1.02823496716445,1537.98412373409,1646.27847265801,0
3.88,0.946564717521902,2.10513877868652,-0.0344423043808771,48.1854109138701,4.10610963452208,0.0895676772214282,0.920139304108599,12.438971155777,46.5210401244169,-0.180932443233205,1561.01925527243,1658.68154650043,0
3.89,0.89053903068741,1.88910150527954,-0.197209816013101,48.3413620142928,6.62964623167787,-0.779171994766006,0.324571338886558,-37.7370651557085,30.3372037270929,1.02538014716335,1582.6615467673,1632.81541734737,0
3.9,0.36950421734123,1.41144442558289,-0.0487399216795253,47.2846425739185,0.0502534483805294,-0.0547603897057274,0.356808423480911,-5.27183975966275,47.7131530202656,0.12214220078624,1598.15237497685,1578.61084724169,0
3.91,-0.284384829818065,0.821128845214844,0.122943813034717,47.9842691238905,-1.72440199577659,-0.140467689659517,-0.219229745377312,29.679364886639,37.7604460964995,-0.700460601338783,1604.3923485687,1515.89506365357,0
3.92,-0.836117125164308,0.304119348526001,-0.12237989072353,48.131924257179,4.31852915670882,-0.855236306441282,0.0303220541934907,48.1509805088114,-1.19866883595216,-1.51266366893,1601.26125464295,1467.24751762344,0
3.93,-1.21558299822976,0.0178337097167969,0.0432808281344022,48.1520064729756,0.450861793707419,-0.779792891981165,0.838776846502963,32.7868608791896,-35.0654799628608,-2.37408983040324,1591.49834454171,1449.8591662356,0
3.94,-1.03145317823573,0.0378605127334595,-0.0248280056446302,48.1529197593563,2.9656539718485,0.250320949851294,1.07530926969158,-11.0116675280437,-46.7958305969681,2.96596495869327,1579.73983524163,1469.34907379897,0
3.95,-0.808336226179103,0.326187580823898,-0.0326564599847843,48.0191487638879,-2.47263907665321,0.677203541721942,0.324794859327482,-43.6113563367615,-20.2631667288083,1.94492091390119,1571.01239891107,1517.77880458059,0
3.96,-0.367888600989098,0.749878406524658,0.0414118962236233,48.0341934182075,-4.69780890417768,-0.0970432036746222,0.335756010074021,4.54599058540902,-48.061597080378,3.1288948497923,1568.34065706764,1576.57535959353,0
3.97,0.106101621419746,1.1254768371582,0.101371364841309,48.046604400446,-7.0920628616225,-0.125996844594802,0.0803249689756123,-38.9677664157199,-28.7809755285362,2.07144159942423,1572.73046746297,1623.28722399415,0
3.98,0.236397526598595,1.29106092453003,0.305171190144772,48.0945488677917,-11.7923940034508,-0.0645135818690908,0.306402077867331,-47.6875099052367,12.9792616631354,1.06457379020399,1581.54721975989,1639.70851316104,0
3.99,-0.061023132067265,1.1611613035202,0.240914884049761,48.3646754017625,-9.44292625394345,0.200230499404571,-0.0117611307132448,-15.7016080507171,46.4014711882457,0.125303956345359,1590.44666088001,1618.41976020109,0
4,-0.563445540517501,0.758408606052399,0.174973233220649,48.0402904826364,-2.43098628530261,-0.305537671330713,-0.394585969735969,31.2419784078938,36.5399062078879,-0.763339291585395,1594.56585368564,1565.38509780569,0
4.01,-1.03769101186782,0.203376650810242,-0.00768640510043354,48.1564788542017,6.34791115282999,-0.97546468280414,0.207040211154023,47.3560327238089,-9.96111623315872,-1.65069648018703,1590.34237634966,1497.69388725542,0
4.02,-1.46695660240906,-0.327576160430908,-0.180289586304193,47.7248841312248,7.03698551224005,-0.619529864036105,1.32796342506845,18.4508334977764,-44.8965977567472,-2.60236081215714,1577.06026843997,1437.30681211735,0
4.03,-1.68986891961551,-0.668053507804871,-0.189121182050332,48.476447397978,5.68127834345723,-1.77060245180971,-0.127356188978862,48.3257425851465,1.02823518980946,-1.43142563799061,1556.64865800017,1403.11270387253,0
4.04,-1.79958647450621,-0.719970941543579,-0.0122528205162686,48.4925681518516,7.12694822152207,-0.693362825544194,1.68295950217264,15.5983398202025,-45.9118851103843,-2.67190450038175,1533.28980933864,1404.19633564421,0
4.05,-1.56076438913554,-0.486848145723343,-0.118426541048687,48.3936454770435,4.74530077222807,1.36000502126694,0.865226204796743,-41.6646012500482,-24.3505075673664,2.20325449803205,1511.64854015834,1436.74797085144,0
4.06,-1.34651523413546,-0.0727381259202957,-0.190116426332714,47.7737665290133,3.76499276675621,0.729289516238061,-1.10275743120493,-25.766596117815,40.7397017785172,0.656020188056306,1495.80486695972,1485.69261737404,0
4.07,-0.787091343667946,0.358166009187698,0.143829347184582,48.5609455128109,-7.97282660979108,-0.587387227752982,-0.589881310320257,35.3361652380301,33.5025264696887,-0.981011015836186,1487.36192891393,1530.38340697128,0
4.08,-0.406484264625135,0.643348693847656,0.049514768249389,47.6529698951464,-0.407767941530435,-0.222590088550792,0.392039129399913,23.0021965947556,-42.1360016846707,-2.65726014781737,1484.78342890079,1552.22781288883,0
4.09,-0.512683302376886,0.680916666984558,0.0883878831449124,47.8113239092109,-0.104641876043797,0.367631978685998,0.13618499979054,-44.7938798169245,-17.2497690275308,1.94286332530254,1484.72622694714,1541.43617216975,0
4.1,-0.609639793845049,0.464380860328674,0.12445792422196,47.828976722622,-2.46390539782814,0.347316372304959,0.511738539014637,-27.3513803094374,-39.4726989965541,2.50480030036968,1483.0876020676,1500.44052601882,0
4.11,-1.13023219080464,0.0835319757461548,0.0670616084101323,48.1877758171079,-3.46463986202829,0.853001195424846,-0.749554678448807,-36.5242273566006,31.3387687361399,0.78920631722513,1476.29996722029,1442.78562380417,0
4.12,-1.3741602514539,-0.31225773692131,0.0152460562100354,47.9440779679333,0.729531650976331,-1.17872055069569,-0.731618760640803,40.8725737510953,25.1824095528024,-1.00091960211561,1462.92058706087,1387.97231935294,0
4.13,-1.61334417008837,-0.566117823123932,-0.133254820854125,47.8548581539501,7.10679429279626,-0.252099589394026,1.66549947558944,4.66530880103093,-48.2169313018773,-2.90992986467167,1444.12637275571,1354.21389666933,0
4.14,-1.69266300832192,-0.575212717056274,-0.226986795156911,48.8241093838434,3.83842754310954,1.59510178303446,-0.489630537983004,-45.5597941018587,15.5480925206085,1.31814447010964,1423.80246412137,1351.80469414396,0
4.15,-1.52199416955328,-0.329033017158508,0.0705296106717753,48.6288647388994,3.39880125950617,-1.14855228512673,-0.84724548825816,39.3151402007983,27.7730844420056,-0.880728098236118,1405.49007095278,1379.53363787107,0
4.16,-0.871785499693029,0.0982328876852989,-0.203449835899924,48.1658200961173,2.35685526233061,0.101340527198767,0.902994688174309,-5.15883708214725,-47.7985187117122,3.09035531291964,1393.40268730067,1425.41330672773,0
4.17,-0.612668282717073,0.563438475131989,-0.0297652732369146,47.9659986364192,2.82953449295004,0.166588789086825,0.607544542176983,-11.0633612130821,-46.7816743736116,2.96413098010233,1388.6442289796,1471.37854420231,0
4.18,-0.186445585368998,0.91959935426712,0.0128062402416464,48.3168142188139,1.13146864835494,0.0566177976613444,-0.143064881731767,-25.0869629748909,40.9498339054761,0.580854571879914,1390.57441938492,1500.14198079943,0
4.19,-0.0553764572368606,1.06393182277679,0.150246957120136,48.0401675280667,-5.40999769990821,-0.0381116267745952,-0.112043018929631,48.1932986971527,-3.86012578728422,-1.77071513289997,1396.86564911157,1501.61987201704,0
4.2,-0.126511172054692,0.977633833885193,0.0341895114469076,48.039883753584,2.22519665459112,0.134861100510229,0.026976781488003,-40.215068982682,-26.3562037421826,2.20943917629263,1403.11611735355,1476.5402098614,0
4.21,-0.379827196022025,0.732799291610718,0.175171762939943,47.9712197567217,-3.61402762405949,0.056886878672368,-0.363437281669345,-1.13203864345594,48.1401593485388,-0.0563480948154758,1406.55484086441,1435.93125201554,0
4.22,-0.709644369925024,0.457845270633698,-0.15349892467567,48.3838570960135,2.56176623995374,-0.469328862693669,0.521563171994257,33.2327919888387,-34.772424113779,-2.3145716347122,1405.16168226037,1396.74757035435,0
4.23,-0.83300568844308,0.291624903678894,-0.0107543534980804,47.5925472172051,0.75455243644537,0.781101168134779,0.0779556373677855,-47.7456703045517,-4.96819589463691,1.68648214888252,1400.29321629877,1375.3350073662,0
4.24,-0.809312309777622,0.326094478368759,-0.0772988976974976,48.5590077970087,2.24527503715474,-0.532896858405492,-0.643837061250696,30.2202182782032,37.350319550433,-0.637052369927546,1394.43760459929,1381.2261848067,0
4.25,-0.469358690274258,0.576440811157227,0.0790408389527335,47.945738923598,2.99309528722029,-0.374523808222586,-0.318985625733599,34.6767752739524,33.3050584556386,-0.747806060023937,1391.18616360866,1413.60438455613,0
4.26,-0.130773614257076,0.974634528160095,0.0527583264709943,48.0140026203034,-1.77132348258778,-0.0508328797711049,0.0983368207539143,3.74528949063963,-47.9098548905183,-3.11186885856166,1393.54441314483,1461.74175425458,0
4.27,0.251620707309643,1.39098644256592,-0.0285043813685006,47.6635127146453,3.42050031914318,-0.262996735683928,0.144172177945778,-33.9301766421351,34.101209195899,0.84915788862537,1402.60519567965,1509.20292440496,0
4.28,0.612390070156326,1.69098520278931,-0.0052346639024396,48.1334170718594,-6.48936409582662,0.591101762162219,-0.0198914329024326,45.9543897773416,15.2665048685556,-1.3824680747531,1417.89825089713,1540.18116875771,0
4.29,0.751523938396313,1.78411209583282,-0.0321221121260612,48.3932757832095,-3.10697146150633,-0.308311210161492,-0.634308759322471,-12.8162241853855,-46.4093642241958,2.79412416614652,1436.15595748331,1545.53752348647,0
4.3,0.474774532543098,1.65901279449463,-0.0308256697664906,47.7685393125678,-5.73094474363892,-0.259844317459868,0.415743919476048,-39.3722571203091,28.1522098895191,0.821136615521613,1453.80131881373,1526.24115474045,0
4.31,0.36959372808116,1.38409304618835,-0.136457230351557,48.6756231367969,4.38994888748093,0.280953002988007,0.275092332848589,43.6534527389962,20.4995597246313,-1.03467484141571,1467.70068424661,1492.90921589928,0
4.32,-0.0862148115429039,1.08414816856384,-0.0229429047815313,48.1884474075046,2.15020617348267,0.0159825051335016,0.0980653395606543,13.7048782545752,-46.0553637573481,-2.80618429855784,1476.66889177766,1461.63503159479,0
4.33,-0.415097062319429,0.892304241657257,0.0975558287867326,47.9376349858466,-4.80882287187139,-0.336864199732736,0.158520886676689,39.6152836166788,-27.54742312419,-2.28060584903726,1481.3569027734,1447.70891415283,0
4.34,-0.175340295098512,0.89098197221756,0.0956341911130926,47.8523092581828,-5.80551911173931,0.0673953089792558,0.224737795784463,-31.5241060923343,-36.6983129415163,2.306625982343,1484.61949209531,1459.63982397084,0
4.35,-0.0206055375771261,1.09068787097931,-0.021211589123158,47.9141154956421,-0.743404479182793,-0.00891033673932724,0.0358850718008554,-29.2292102498879,38.0819373651905,0.638754992058226,1489.56962497478,1495.77369324248,0
4.36,0.383007503970519,1.41592276096344,0.06698328804536,47.6521479529204,-7.42518947967375,0.413915939696164,0.0944710850843115,35.431267003906,33.3019160376953,-0.976876470526421,1499.13167796333,1544.81748536138,0
4.37,0.499629853462069,1.73735499382019,0.108579904148849,48.201988444665,-2.54924065512548,0.273462598918709,-0.490324108308797,31.668311830191,-36.2662992144156,-2.50191691417383,1514.17123255004,1590.08994131311,0
4.38,0.915507589771307,1.92021203041077,0.168946220679126,48.2564527559321,-5.57907385372654,-0.613965231654436,-0.466421005928576,-28.5299813704784,-39.0885915588325,2.38357029332954,1533.53522361631,1615.89405880585,0
4.39,0.531068987799824,1.87947571277618,0.00327126460506463,47.7710008212519,-2.88518189225353,-0.513884201463213,0.316153006353926,-44.8841968210289,17.3296029719485,1.13364036793665,1553.84562545161,1613.58435573788,0
4.4,0.438639473718669,1.61032891273499,0.0477468212750105,47.4245679810563,-5.26206656295066,-0.403641529000511,-0.212096356668813,-33.4575490721144,-34.7757686948245,2.27221141764589,1571.20952631083,1584.99897497298,0
4.41,0.0958755927450989,1.19322538375854,0.123401128723897,48.12981945299,-3.00198969054641,-0.0543907785137953,0.0767061918436307,-46.7309042315949,11.371732180898,1.26934887200649,1582.55321120006,1541.91131030516,0
4.42,-0.39794656257152,0.764111161231995,-0.115004026128448,47.9502967663001,-0.993405231923845,0.137545183195377,-0.301501072336994,-17.060481950451,44.9065186390484,0.323258523395104,1586.62906078237,1501.66055437059,0
4.43,-0.574021056809303,0.465991616249084,0.0267959103212917,48.6011125184435,-0.644436807429421,-0.320594516075349,-0.470295229712731,27.2201428630737,39.5412283569827,-0.616792948772565,1584.58989085408,1480.57879726825,0
4.44,-0.71913424316386,0.390236616134644,-0.0204357747372475,48.1318984684581,-3.39019330181003,-0.66945817038464,-0.0546406342147978,48.0423569614785,2.61226591018089,-1.58512385251123,1579.60349740527,1487.69109133868,0
4.45,-0.548145408766481,0.546053230762482,0.0907096395396444,48.1130799687924,-4.90207618642585,-0.364588054917594,0.420133875523182,29.0273489265785,-38.4955405718021,-2.5895422389215,1575.38285546439,1521.0936173926,0
4.46,-0.379776614711185,0.849228203296661,-0.0539947859870721,47.7514450633992,-5.17460008282904,0.0539605647436106,0.338410184120947,-17.0886762781676,-45.1576964850311,2.67151650931629,1575.29241731139,1568.43160816821,0
4.47,-0.113758882493567,1.15850687026978,0.139650740769229,48.0808718015439,-7.88923038741982,-0.151463976882455,-0.0806000126480822,39.397157910833,-28.6053549755591,-2.36697252186519,1580.40707631904,1611.3651863958,0
4.48,0.0864550780168852,1.32380938529968,-0.157409481921745,47.933749101554,5.31358127541357,0.089285678263763,-0.0861683088464525,-13.3239725952494,-46.386887133206,2.96623735809549,1589.56117298788,1632.40057240862,0
4.49,-0.00201164239792004,1.24620425701141,-0.153417305372714,48.1714758958586,6.64184265996083,0.047921545472011,-0.121435060287867,-44.8346230557147,-18.2700727759235,2.08865884958886,1599.24057752295,1621.54590837647,0
4.5,-0.188581189715132,0.914859533309937,-0.204672155495906,48.0569090124083,4.10649801714771,0.110477195719219,-0.119903425603348,-44.6783972429325,17.9994841420306,1.27132429329322,1605.39794004191,1580.2776944445,0
4.51,-0.679318541508848,0.415188431739807,0.0460979792424916,47.9688218729718,3.85026763726226,0.229999526061593,-0.63144688361262,-18.2341774188047,44.5975452963642,0.474871413273341,1604.51319531811,1521.27654503551,0
4.52,-1.29120527672593,-0.101328194141388,-0.170510705103591,47.9697981875914,-1.12472087761862,-0.426204095159719,-1.24943183662092,14.9108226770015,45.6753576396964,-0.360056519917192,1594.97279185223,1463.95570731136,0
4.53,-1.59585760642212,-0.472284734249115,-0.0663918371630712,47.8464723412756,7.14094650357172,1.23104940316954,-1.0573448630848,-34.93897131694,33.7139241428037,0.954265302121508,1577.91250082951,1427.38305027242,0
4.54,-1.7679200532072,-0.582006692886353,-0.0884036257594376,47.7022005426829,8.30669633733946,-0.391123932607586,-1.68797580459808,14.591272159226,46.5791350529819,-0.121021758552424,1557.00622729582,1423.19682316587,0
4.55,-1.61691426729918,-0.409191906452179,-0.270241350198646,48.2092502717728,9.62121862268989,-1.59784849527546,-0.168465620381143,48.8141795583362,1.75137489778938,-1.3485915495147,1537.15352323969,1451.15700442551,0
4.56,-1.29427454291974,-0.0314968973398209,-0.214829673306563,47.7583109865162,-0.268526906817517,-0.522204332500228,1.13890914613981,20.0980583904419,-43.5902140915623,-2.70547348335589,1522.2743943095,1499.0308807854,0
4.57,-0.668055891982842,0.398256450891495,0.00625351726960168,48.1091241918473,-1.80977267513518,0.649417962454814,0.469210534159075,-39.2326405158819,-27.7588788617337,2.13662982588515,1514.37486294139,1546.92382831122,0
4.58,-0.347913379724829,0.707547664642334,0.133300658297075,48.5887198610769,-2.32605260116718,0.306150746096302,-0.293826711047156,-31.875693628588,36.0159796007106,0.661346811555706,1512.64298401725,1574.51766409758,0
4.59,-0.269950665125404,0.768583059310913,-0.0271591420036754,48.2502863207542,-0.142456081924035,-0.198223534834143,-0.193945858577399,34.7041328943593,33.1614409555946,-0.813143389650973,1513.86406904298,1568.58122394896,0
4.6,-0.633425942110944,0.546674191951752,-0.0565798027048893,48.312663368512,0.19429093885553,-0.367854889098697,0.330334944288113,36.1069312992736,-31.6302101918769,-2.2813454573211,1513.51779398858,1527.98391981906,0
4.61,-1.02327769032275,0.110807925462723,-0.0771964424485415,48.1895421381743,2.13024929728577,-0.998066389402965,0.00248261795605573,48.0555407683036,0.0100540495507011,-1.52250371161596,1507.4759309092,1464.33205536873,0
4.62,-1.58639647173795,-0.383926302194595,-0.233799607732379,47.6376347318722,9.33179820371572,0.103879096296385,1.56071983781048,-6.55917091476052,-48.4533717082713,-3.08448416457629,1493.5755970796,1397.94029243824,0
4.63,-2.02307024118709,-0.757795691490173,0.025585164447266,47.9891252368939,0.581389631086121,1.94953346763803,-0.134693901114152,-47.8777056035154,3.44840425904545,1.50738791607975,1472.52275898842,1350.56462244851,0
4.64,-1.81377451613505,-0.869071066379547,-0.149119521184351,48.0480309929915,2.75381213856851,-0.69344119789469,-1.7012840407339,19.2002791008593,44.0709717982333,-0.356195908833745,1447.5965226931,1337.52703056737,0
4.65,-1.7440710781703,-0.665423989295959,-0.374227370113862,48.0954320790286,7.2872137919546,-1.05504757691277,1.37617704205028,27.0737535430228,-40.2970943727553,-2.39970424978286,1423.96235066732,1362.10819688536,0
4.66,-1.20958683297193,-0.20332258939743,-0.00820856920033518,48.3028911542156,1.2412156619809,1.19048952437378,0.100774983607315,-47.8815187630352,-3.79627341813144,1.68629248204219,1406.3997882189,1414.2758360004,0
4.67,-0.850351073701796,0.37071704864502,-0.0181064872133254,47.8692912030318,4.29459915427335,-0.515127632129675,-0.592682663081613,30.7020329009261,37.107103203796,-0.609246160782244,1397.45892416877,1474.24351735039,0
4.68,-0.204863777793463,0.868818819522858,0.0934153411741201,48.1451621861946,0.235981842122487,-0.144532588779206,-0.158748294803491,30.8529507667622,36.773853191296,-0.68827801599564,1397.53050081802,1519.59165908552,0
4.69,0.00379176549874138,1.13615536689758,0.111902539332601,47.8098489902191,-2.16540914135034,-0.0562427185744163,0.0140675895252133,9.83418041695256,-47.0530299712553,-2.98942492114369,1403.90745540928,1533.37509732772,0
4.7,0.0856371819119263,1.09781813621521,-0.0405655445608155,47.7369439428005,1.62686725195939,-0.0612541836486112,0.00611135098265603,-41.0146265273306,24.9635562269693,1.04849820123792,1411.96316342124,1510.27142574914,0
4.71,-0.326516420464875,0.796548366546631,-0.0443591424374149,48.021927311642,-0.74108299917928,-0.303958037601649,-0.153193768211406,43.4619036982275,20.3840901508307,-1.14619280702776,1416.96983005481,1458.52981984006,0
4.72,-0.669622652606543,0.365901172161102,0.0743025069926844,48.0759681015742,2.91295372806014,0.189291415811257,0.694997398777304,-11.5120563608491,-46.6782403720224,2.95634937596729,1415.49325040172,1397.0055279765,0
4.73,-1.14924014465991,-0.00753459334373474,0.0207040419615175,48.2005082440927,0.802907695167681,0.733353098155974,-0.828273436930246,-31.7728164788211,35.9875889047373,0.739658916809648,1407.27469709146,1348.35367147537,0
4.74,-1.27435398655161,-0.165105134248734,-0.132873203177022,48.0273737277496,5.28661473074757,-1.28436514918064,0.097465718346132,48.0777220821821,-4.84531959901642,-1.55586167656533,1394.68658371643,1330.85349537007,0
4.75,-0.838020128245584,-0.0181181281805038,-0.0342464775721818,47.4251619950774,-2.76121935206661,0.673219936821135,0.7256893645221,-32.5745378990547,-35.3695358770649,2.33806795563587,1382.46486308569,1351.8298250206,0
4.76,-0.752658939331847,0.406986594200134,0.178356165528747,48.4755929185116,-1.95519021082654,0.609455085677448,0.400668009981112,-40.3037360904478,-26.0909415734809,2.12318533749679,1375.32746807325,1405.05181958291,0
4.77,-0.138207901515131,0.986728370189667,0.0407454814140567,48.2234175898572,2.52100447995284,-0.0685268017170326,-0.0341068305744793,19.3495095552254,43.9970031065878,-0.362755856454557,1376.59326899639,1473.03628379867,0
4.78,0.491483567158949,1.54240989685059,-0.104371070605169,47.8730080137018,-1.70610445337614,0.143307476907472,-0.470917834920673,16.8526609773575,-44.9548086451708,-2.80319813029823,1387.56686831576,1533.3966352037,0
4.79,0.626327238022859,1.90272974967957,0.0802722605111734,48.0221518105517,-3.00410556166881,-0.621189219018371,0.340405992021815,-44.9721494229719,17.0231091577051,1.14906039322088,1405.95337175482,1566.9126409948,0
4.8,0.934167432589262,1.96833825111389,0.0794807624516837,48.1445619148684,-2.06712762544874,0.781811356170403,0.437179008757489,40.5999268790706,25.6331699435515,-1.03240011170693,1427.61302085872,1564.38445808345,0
4.81,0.631690548551868,1.74311852455139,-0.221708359714942,48.1062074275457,4.81694366506253,0.156261907432925,-0.493202377798349,-1.63080488417471,-48.3037235933794,-3.05819624602872,1447.62665450046,1529.79670511699,0
4.82,0.248278403108719,1.33409106731415,0.192912519665256,47.6139554884399,-8.25967122408761,-0.189310743542831,0.212700354368816,-48.4986078014791,3.87759580253202,1.32694438780979,1461.98564905935,1478.67950847639,0
4.83,-0.187598207065147,0.909729301929474,0.0146962117078275,47.4630616541563,4.89307900193001,0.197156587734393,-0.0517013209103057,-47.967156963058,-4.63052091328725,1.75589592006513,1469.10669707642,1432.31061775011,0
4.84,-0.463204080676749,0.638274550437927,0.0431734318096486,48.3899720377819,2.33545711934763,-0.0666522646732975,-0.516226498290443,3.87465310802686,47.8956050897858,-0.0341620601881107,1470.32933867401,1409.91058164441,0
4.85,-0.53543554361149,0.625761747360229,0.197246680608273,48.2689993795848,-0.985590937375893,-0.478083357910484,0.0931081700181706,46.8242931609196,-10.6642101867534,-1.82589530441685,1469.4098528697,1421.69188607901,0
4.86,-0.0903946590005217,0.878161013126373,0.109650917389341,48.1199229975836,-0.591635071584177,0.0406728984736808,0.115524235509131,-21.2960654012728,-43.026339137194,2.6634952886019,1470.5553417028,1465.27992186094,0
4.87,0.0839353694864075,1.30496764183044,-0.0834084491779017,47.9111949399982,3.31184316480547,-0.16029728042953,0.0434574603472759,-35.5838934692225,32.370581271311,0.898657599965507,1477.65404666086,1526.76350693743,0
4.88,0.472282396688346,1.74858212471008,0.0724965759436032,47.6963686362286,-6.27229309488372,0.472497225113154,0.283756031845285,29.3631493985994,38.5339097734626,-0.787003342479084,1492.24976586412,1585.92585363733,0
4.89,0.930512806721502,2.04591369628906,0.208424007202491,48.0447018104211,-10.2956750000186,0.499424393664266,-0.764178454120013,41.2809283740403,-26.3912581677166,-2.34160201778916,1512.90650093856,1623.68388197009,0
4.9,1.04051931150966,2.08782196044922,0.114406649358892,47.9788282170472,-10.7031876269623,-0.707149755979012,-0.658024138298025,-17.7409445015879,-45.9028217650747,2.5504017640998,1536.22158638973,1628.98199930785,0
4.91,0.810407693831527,1.85678267478943,0.314346481131764,47.7175500431893,-13.2528856305939,0.0601524079814438,-0.76226601942812,32.0010015249387,-38.0989900289903,-2.7093847230137,1557.55286021879,1602.62537207732,0
4.92,0.295973728294787,1.43165957927704,0.185277041394218,47.6066518036682,-10.9740043462855,-0.34831474391986,-0.104223842113079,-20.9207523183872,-44.4637276912748,2.48602767125849,1573.0819283965,1556.69817108456,0
4.93,-0.213314533496286,0.956181764602661,0.069840286295982,47.9225651013911,-2.62783550910237,0.287608976787262,0.0361915094641931,-48.0785116425371,1.17187759354461,1.48429730007154,1580.95454211335,1509.8563342339,0
4.94,-0.580805891426598,0.588363170623779,0.0545553116282032,48.0283628112131,-2.37328624166487,0.327692879443126,-0.531923850946539,-24.7875708292031,41.1294365353496,0.512531496315543,1581.52250960743,1480.29999844714,0
4.95,-0.781920952302737,0.435155808925629,-0.156153922658682,48.2181377916163,8.34503184250537,-0.489410124680937,-0.586399843929987,29.1432927948108,39.0148140849269,-0.472060783467963,1577.95385251411,1479.05954315408,0
4.96,-0.481009551311555,0.523581206798553,-0.282034148469269,47.7028519120511,10.5889280432942,-0.627394410741476,0.158082970997746,48.6984643473376,-6.23521671589892,-1.48644564243315,1574.03957107103,1506.07264650026,0
4.97,-0.376476972926548,0.784069716930389,-0.0821284873517228,48.0184335014523,8.92551043764868,-0.0151123404136899,0.32062318472658,20.9805510736904,-44.0210120195662,-2.51946582420859,1573.37215846205,1550.45746763726,0
4.98,0.00465780887753901,1.0864679813385,-0.0799288397879252,48.339321929902,1.9523101404004,-0.00416097978415834,0.044239326869862,46.7385962717699,11.138365659715,-1.29239165469427,1577.43751340286,1594.80759734231,0
4.99,0.205054097669133,1.28331732749939,-0.0270297706883768,48.2285065203368,-3.01040592130684,0.0727417407551626,-0.157317382341726,39.2108614529178,-27.9295230477899,-2.26626151731346,1585.89441922983,1621.84056792072,0
5,0.0933737695390349,1.27355706691742,0.0326734842058833,47.899029714267,-0.675259852755847,-0.0223461062950021,-0.124167632534745,-0.615533863594247,-48.0032727145917,3.11142838450931,1595.68781741737,1620.87851590578,0
5.01,-0.164010341682598,1.03430879116058,-0.0709198255211692,47.8769854675466,3.0234878178915,0.150056826090037,0.051834804956423,-38.5932189904084,-28.6908362275055,2.27109240036185,1603.08936672879,1591.73804062659,0
5.02,-0.462142891719428,0.629386067390442,0.15123200731128,47.8701280848799,-5.49945550393317,0.478696908337548,0.0587793264893506,-48.3271569562215,-0.628646512845148,1.46665856656918,1604.80086081663,1544.60948922277,0
5.03,-1.02290856990136,0.18554949760437,-0.0829151160121337,47.9499756292028,-0.492753257817142,0.555335111720123,-0.734285706894053,-29.1251998418677,38.1542100741484,0.648973638325812,1599.38213207413,1496.02939575817,0
5.04,-1.27593973797929,-0.155959069728851,-0.00846557050386396,48.0543822909554,-2.35835873898237,1.10810684443505,0.577173373526541,-42.3044631623418,-22.8080626374008,2.01480893749788,1587.49330202127,1462.5178695177,0
5.05,-1.32207098376949,-0.296017229557037,0.163253096477043,47.8848210721857,-4.30257634230026,1.19032056641397,-0.625378130232558,-43.2059553219899,21.3002050953411,1.02846525378083,1571.73517606504,1454.3150490683,0
5.06,-1.28060901522949,-0.213539510965347,-0.13342061495311,47.7404937881938,2.06867712985644,-0.152671586063426,-1.32913920373846,6.11562949682571,47.6730592663881,-0.0760863149592586,1555.83978173615,1471.58832795516,0
5.07,-0.961695786545833,0.0308777391910553,0.0266406717438407,48.0073159755543,-1.3485891438139,-1.01226286653826,-0.331492106940754,45.576895425086,15.1685060751738,-1.28755436339364,1542.99957249717,1504.52540525796,0
5.08,-0.787114475239221,0.316445559263229,-0.112008629821318,47.7079796484946,-2.37936309181069,-0.488123615255033,0.646833387284158,28.5159556693747,-38.756928072964,-2.57705711544061,1534.67205979516,1537.24387063444,0
5.09,-0.590735801084823,0.508867561817169,-0.0400678390178696,47.9600740370364,-3.04124783274731,0.335129012854971,0.426514312484305,-31.3668375507712,-36.4441079633883,2.37188272614855,1530.5049856004,1553.9992142145,0
5.1,-0.507487066881303,0.517149567604065,-0.0188759498900173,47.7640104543677,-1.41244005322533,0.466531912479616,-0.246736134826516,-41.7658833647012,23.732393125248,1.01447625893478,1527.74681542063,1545.30707972879,0
5.11,-0.711803162587532,0.322020828723907,0.12169703455957,47.6336158184501,-1.39547733592004,0.690633499530853,0.258100082115045,-45.1335345242618,-16.4445059962431,1.88147940027541,1523.42598866164,1511.63756940929,0
5.12,-1.10630911840156,-0.00919368863105774,-0.0538936535252406,47.9678100404744,0.373763294184782,0.42985124416424,-0.917229091976391,-20.5272485202356,43.3925799862066,0.452964022945082,1514.49044875864,1463.27096110813,0
5.13,-1.5057386484645,-0.353547871112823,-0.0700983001803049,48.073143354191,0.189179813922132,-1.2592523338472,-0.673593577968277,42.3875648840914,22.5452304798448,-1.06121065302222,1499.92116094263,1416.3706993397,0
5.14,-1.70785188532611,-0.577297687530518,-0.138791837281449,48.1956335807878,4.99383531917459,-0.652017301951225,1.61849732009711,16.1183369957169,-45.4732731379049,-2.7000468237529,1480.84509547884,1386.77446204244,0
5.15,-1.69648007362745,-0.589705109596252,-0.00192847072584838,47.5389919950786,0.388337319041019,1.57880967873169,0.34306208768623,-46.9535899995227,-9.99229472925175,1.79499657863489,1459.96735052322,1383.8792185958,0
5.16,-1.4531139104175,-0.377229243516922,-0.0970022398236447,47.7491639380622,3.98936406466294,-0.288209389810109,-1.38657054353143,10.9569900950798,46.9250217695207,-0.141198300242438,1440.94497366745,1406.96847439217,0
5.17,-1.07757902307713,-0.00749198347330093,0.0371625843160054,47.8184656209272,-0.218213584515699,-0.950275511995062,0.68499008133408,38.9857767522455,-28.0029979210353,-2.19873734297531,1427.27789965353,1445.40759621943,0
5.18,-0.677814890238815,0.388184159994125,-0.0844066281884089,47.9465399856076,1.90479050153069,0.577229691766731,0.188630173485525,-45.2523835357845,-16.1026007474557,1.94916259274771,1419.83726492332,1482.66326168798,0
5.19,-0.470625024790892,0.672403872013092,-0.00844663138829306,47.6985562548098,-3.95697733675123,0.397137662505982,0.28740236857881,-41.2126611952304,-24.9337422249239,2.03129322273999,1418.58972416647,1502.64127025466,0
5.2,-0.336886790173321,0.750612080097198,0.0171763190293818,47.7357378099816,0.578064952580918,-0.0418803549302375,-0.322782698577615,6.16293356886793,47.6030110191615,-0.132260452858715,1419.85145130207,1495.93816597086,0
5.21,-0.682126761800304,0.610595643520355,-0.134989971245396,47.9111161076409,-4.11952881381005,-0.487226098130853,0.34568798032386,38.1457417901929,-29.2812210503456,-2.28609579865371,1420.66079901852,1463.61107210524,0
5.22,-0.716915023745584,0.323761343955994,0.0668693148568799,48.1789310665195,2.51516890040051,0.668057169648684,0.143172778390275,-46.767486016882,-10.9372872890163,1.83551585303318,1417.44123866555,1416.99010231394,0
5.23,-1.11412601411409,0.0255934149026871,0.122902629680069,47.7807583931588,-5.23972095703728,-0.291558718393285,-1.04661639104824,12.3584519037352,46.6715883307017,-0.366625953704455,1409.5118521921,1373.54742388024,0
5.24,-1.17946154829011,-0.142160192131996,-0.0469644335563402,48.2539983567744,4.74144621745166,-0.485230366346047,1.09728395164342,18.8292192166877,-44.4023343567439,-2.64287674541293,1397.57423927584,1350.33736611827,0
5.25,-1.03827758461453,-0.076405256986618,-0.136088754034272,48.0771088654042,0.0514926215943284,0.993519096847715,-0.310347386272395,-45.828661261177,14.2744489583189,1.27221101714432,1385.17337624207,1357.46528919462,0
5.26,-0.986553232267408,0.233076989650726,0.0370320342771446,47.8893539221706,0.467156489118259,0.786589832580586,-0.454427684581759,-41.720288455856,23.7509373544703,1.07056134924568,1376.01033836976,1394.06703551938,0
5.27,-0.45727481776426,0.711314678192139,0.143083828249921,48.3495730684292,-1.43903807046706,-0.295959145683151,-0.0739241667077464,47.2415551540884,8.646441007265,-1.42286945387843,1373.57090245641,1448.36680414202,0
5.28,0.175606956999678,1.21474993228912,0.152803283926924,47.7510897937755,-7.25612371846145,-0.221276589994674,-0.0109109624254835,-27.673748108366,-39.9413811019817,2.37946312984323,1379.47010505605,1501.86353634733,0
5.29,0.511233626943059,1.58595383167267,0.156555759655641,47.924981822063,-4.58595093693577,0.0958738380684534,0.465852520647751,-2.64579510157298,48.1072495044751,-0.0315133428091283,1392.39402296121,1536.13914563776,0
5.3,0.711195836007786,1.70948719978333,0.279245503560492,48.4559359978294,-7.96265247017787,0.36185602416663,-0.546004684150935,39.8969099656805,-27.6784984767566,-2.329038942649,1409.6015587527,1539.77125154934,0
5.31,0.251123333245896,1.5647748708725,-0.124374265754172,47.668175055884,1.40298947268389,-0.321958582631206,-0.105157366932091,-47.2806787686273,-8.45181113687921,1.78312293249898,1426.18470628072,1512.7545379007,0
5.32,0.151500074191842,1.22432541847229,0.202189448851232,47.5463158376714,-2.04875662686959,0.091798643999269,0.156705631887503,11.1501342067732,46.7398125782889,-0.280431261963146,1438.42062005388,1466.72899291895,0
5.33,-0.363761986738622,0.835438847541809,-0.154994785979893,48.2916587799146,2.43426785178862,-0.1883062392655,0.220448733266741,35.1526597516942,-32.7513867240389,-2.27735857419911,1444.22686152432,1420.85681918216,0
5.34,-0.471146955407273,0.565277636051178,0.183826546290198,47.9334718743784,-0.212407424899121,-0.483067974121413,0.225257479385347,43.5149997479715,-20.2595404005265,-2.00518052410914,1444.46972911351,1394.81321476348,0
5.35,-0.4555279307437,0.535796880722046,-0.028321550652446,47.4573807543235,-1.33220591465114,0.394354521020306,0.378091745254728,-35.1685023659773,-32.6957140248616,2.29157277577438,1442.03381006593,1401.45429924156,0
5.36,-0.352185186643345,0.782430946826935,0.0555920080355561,48.4831906184443,-2.89393756121167,0.167566346018438,-0.364166423256292,-16.4732180306331,45.1673045581511,0.292912255659289,1441.91136627507,1441.88276208235,0
5.37,0.200522041771845,1.23354911804199,-0.0624056026944668,47.8744157971836,-3.43764050397913,0.177126014316247,-0.0803462350614689,48.0192273531926,-2.62807297416826,-1.68702976732848,1447.81147558674,1504.77922955416,0
5.38,0.579177655980577,1.74034929275513,-0.0828887771155564,48.0229697931881,-5.5202378984471,-0.35569588637783,-0.515961624308355,-16.6642728017273,-45.2701302767929,2.68911808501081,1461.81946957159,1570.3108065597,0
5.39,0.971349981623751,2.12507033348083,0.121036479407762,48.03067948263,-4.55501231458959,-0.702234306155063,0.665861667991425,-40.8943899974153,25.5724933603845,0.913886491644433,1483.44627752943,1617.23812413783,0
5.4,1.16608719555316,2.24974536895752,0.164457840310356,47.9987208184504,-5.39292654339563,0.818821880869213,0.821424683578872,26.1357386968456,40.6346618307372,-0.685662359571365,1509.00292308846,1630.64362845379,0
5.41,1.12042828442876,2.0631308555603,0.140150520903947,47.6661612622844,-2.38726458142815,-0.112453012817309,1.03969238940145,-9.28352152583671,47.1408085511546,0.150575146902088,1533.77038578381,1607.44513747791,0
5.42,0.556800081372602,1.62445855140686,0.142832472787264,48.010505724645,-1.16747991394406,0.506091721820321,0.211452560683209,41.8054966175049,23.6744766192585,-1.09809458134039,1552.84520939065,1557.6439713925,0
5.43,-0.0854046930108046,1.0806291103363,0.234787602472995,48.3176214023094,-0.105017101886493,-0.0137006751374241,-0.00696405372761362,38.1422653388461,-29.1484224549244,-2.23749931338281,1563.35512130373,1500.80511793208,0
5.44,-0.454956634031624,0.615679800510406,-0.0601377159765525,48.1851109956165,1.32147626932267,0.126146171447321,0.477930417184264,-10.7341240703087,-46.8130322380713,2.95029267510343,1565.19734603666,1459.0130234117,0
5.45,-0.731741814421596,0.380632996559143,0.116413367915476,48.5158824589875,-2.01816477430952,0.725799723278638,0.239460023870133,-45.7369883486731,-14.6647767864696,1.84544081883154,1561.3982135051,1448.84901213545,0
5.46,-0.683158862267444,0.446549355983734,0.100821381112503,47.5939491121529,-2.33788299846676,0.484025065502516,-0.476079191062681,-33.3987313667649,34.60740696217,0.704698835721603,1556.28057278735,1475.31300590154,0
5.47,-0.257442482242058,0.768639445304871,0.00728797675433769,47.6445942491703,1.653238865708,-0.157649253090271,-0.259659700682531,22.5946262360529,42.3698811092141,-0.462561471762104,1554.8455611512,1529.91938537474,0
5.48,0.140409376913618,1.21077787876129,-0.0643594197579883,47.7832554987265,-0.497385333854674,-0.0285969166333834,0.085500651745707,-29.3361635067687,38.0130179871744,0.630923668936084,1559.9628746906,1593.68353155979,0
5.49,0.414701578883475,1.58907210826874,-0.0559751535603741,48.1332366728674,-1.25379309641967,0.185945445072564,0.310183238026358,20.1466593276338,43.586820578271,-0.460115875887493,1572.13606663272,1643.93346417288,0
5.5,0.35891085690118,1.74058294296265,-0.110278211812489,47.9287972481949,-2.69433881977559,0.4932495124988,0.00633929440859077,47.2452332115067,8.95353035034981,-1.44337376926459,1588.56324773026,1662.48235202947,0
5.51,-5.64189448615089,-4.59999990463257,-0.341331640814985,48.1502159843355,16.8063980864461,-2.57687055094168,5.05185728544082,9.46420693801034,-50.2168736763816,-2.60514987205655,1513.25634513997,0,0
5.52,-5.45779631253526,-4.59999990463257,-0.208082991647819,42.6755855549211,13.8881278371177,5.24691557100969,1.41297971275295,-44.7547758644588,0.592686390962186,1.88952008659165,1427.54923514592,0,0
5.53,-5.45901046250736,-4.59999990463257,-0.330050793708078,42.6572797421413,16.0588346944203,-3.03085358327589,-4.52093175287517,35.8428527182765,28.4786332255834,-0.526700767077219,1341.87710932372,0,0
5.54,-5.38250318787879,-4.59999990463257,-0.433843307121834,38.9494530543902,16.224944549481,2.52492979408902,4.7380855006331,-31.2179163406015,-28.6085981225681,2.71641278253621,1256.9807394374,0,0
5.55,-5.33082372373576,-4.59999990463257,-0.438593833852152,38.2492477117729,12.7618984085888,-4.47291095045641,-2.92973529323914,37.9323922969638,12.5988307489725,-0.944353627211771,1172.83952224026,0,0
5.56,-5.23198808297448,-4.59999990463257,-0.367826552910726,30.3614428138148,13.9176095698097,-0.578056923553569,5.15813573900663,-8.44696206823137,-32.0337649986806,-2.97538158896054,1088.32122349556,0,0
5.57,-5.08849332463188,-4.59999990463257,-0.241174394335208,27.2061242733152,11.8962765852542,-5.12373763113347,0.327191327313169,27.285495856474,-12.3585292295902,-1.5861857706684,1004.64247385757,0,0
5.58,-5.15543543435851,-4.59999990463257,-0.376993266360687,33.1206149744382,8.47421179822502,-3.92570102634621,-3.48228381235519,30.311394416389,16.4342029502559,-0.808987930480966,921.504085840917,0,0
5.59,-5.02456471491006,-4.59999990463257,-0.190697797788304,21.4259326849954,8.39718358374054,-3.12677908697771,-3.90885607065187,19.321504486596,12.0445277511268,-0.640080809799,838.870341734296,0,0
5.6,-4.90170590503396,-4.56055068969727,-0.0379830561988837,19.0496024044827,5.63689866538665,-4.37701242609631,-2.24645315850205,19.0251896300114,4.72186412772787,-1.07552486185422,756.81073987775,0,0
5.61,-4.89098298628157,-4.56804656982422,-0.0246589496259144,15.9360183310771,5.71108267169369,-4.11231214552974,2.60140197496339,10.7189782695636,-13.0550079072989,-2.11014145191656,675.049307398882,0,0
5.62,-4.86368961964168,-4.59999990463257,-0.242495617299798,12.9209046328268,6.87404690514394,2.8267779759255,3.92863950513175,-12.4416907386932,-7.24790345298782,2.54434299486395,595.06343985713,0,0
5.63,-4.80693325746252,-4.55934238433838,0.0515085502221073,12.2624448173892,2.43574869293728,1.48015038888603,-4.54978486894788,-1.27700706429104,12.5754297457018,0.327050493895995,514.997257794847,0,0
5.64,-4.75680912914344,-4.5796046257019,-0.0742896148628423,7.74555715966768,2.9863519273091,-2.87280099778734,3.73802754998394,2.69040818541057,-7.81761437912796,-2.47416797107356,436.07670788273,0,0
5.65,-4.53494220621226,-4.5584568977356,-0.0463453226818605,4.43005836988223,5.26889266135176,1.83582199330578,-4.24176960948528,2.63160682791271,5.83393937396153,0.430019129250964,356.638351564916,0,0
5.66,-4.37781102040163,-4.45060062408447,-0.174320166930323,1.75360682891738,3.2086385590213,1.70418273399553,4.13383642563955,-3.91073559511939,-0.707657879257469,2.7661480014926,281.014335306641,0,0
5.67,-4.2097848310911,-4.25628328323364,0.235777183478998,0.638493979472607,-1.01036431212057,-4.19643954992447,0.65510221251996,0.763145381486561,0.780272300850501,-1.72944804434344,207.714423993581,0,0
5.68,-3.9650753444768,-3.99094367027283,-0.0294052209556522,-2.42371450467197,1.88657974073684,-1.78304366638197,-3.49300318060127,1.08020029845734,-3.20271261057724,-0.45948164733707,137.846947738996,0,0
5.69,-3.63604107131769,-3.6894748210907,0.025480878903399,-1.60540165136827,0.949966189605351,1.13950904728106,-3.46020538126115,1.12267184725158,-0.936070082059118,0.322518942483134,77.2042429873923,0,0
5.7,-3.41142316323091,-3.35149383544922,-0.0281306942910845,-2.98920649861488,-3.44173511777266,2.10113164909616,-2.49383775024065,0.0583890011348127,-4.42511630489805,0.683405047944902,21.8770633709717,0,0
5.71,-2.84493612692303,-2.97285676002502,-0.145352739086449,-6.25000369839034,-0.190612613013066,1.7125569582601,-2.24555819180545,4.23988289948728,-4.76424000025734,0.654850952377486,-28.4970897391908,0,0
5.72,-2.48988696836149,-2.5852997303009,-0.0303131099757011,-4.36963123814833,0.0630714787114225,0.695648477823137,-2.37806808227679,1.30999080126246,-4.09797959937315,0.285404669879509,-70.9341715645975,0,0
5.73,-1.93192146678269,-2.19446158409119,0.0554472453380154,-9.49544693540664,-2.89870513784543,-0.659827103281074,-1.8565667495748,-6.13804956114937,-8.52775159990574,-0.368517030770556,-106.668662548666,0,0
5.74,-1.54739882073671,-1.78418791294098,0.110810662224086,-9.9283576661704,1.63213049246279,-1.49850862819043,-0.447046895824555,-9.28836733341685,-3.64410914994226,-1.27135891047117,-138.26271522281,0,0
5.75,-1.26713450061953,-1.40211880207062,-0.0824309082508201,-7.82654660587321,1.8424186349039,-0.833483311144502,0.906717403900454,-6.41370015160713,4.19337055315316,-2.37126361467275,-161.022090801947,0,0
5.76,-0.903708638937936,-1.02858066558838,0.131912667053414,-6.72552488831842,-1.19739662437725,0.375318109165943,0.790213534167223,4.4467493828879,5.17839394822408,2.66254139538749,-178.408949460221,0,0
5.77,-0.594905632520668,-0.681661009788513,-0.0217764309386312,-6.53512562959833,1.85428945332681,0.49500105154551,-0.163210925424138,7.14609114917048,-0.357033021917393,1.3103087058149,-189.730432812584,0,0
5.78,-0.196582910006754,-0.364280939102173,0.0258103339356326,-7.17474508788849,1.63695087694055,-0.0701807037197509,-0.190169594343471,1.7323383536316,-7.5456433911601,-0.104060230637334,-195.377997064187,0,0
5.79,0.0808896456010538,-0.0776128768920898,0.0497783083042119,-7.98404647725396,1.56378857926043,0.104839745325475,0.0361523222472978,-8.05531130890813,-1.89117981877003,-1.54227166775629,-196.247617600176,0,0
5.8,0.304103887171963,0.173526644706726,0.0781602339406765,-7.6969006978138,-0.823254604535846,0.0416506811463961,-0.351634007929768,-0.396872480066106,7.98774848605715,-2.96964411003617,-192.609863794462,0,0
5.81,0.57218987288234,0.389225244522095,0.0612979280905502,-6.85213740594904,3.23974375448826,-0.489867333034033,-0.233487375513699,5.2598748905736,4.51004287384308,1.92593275260548,-185.200942482911,0,0
5.82,0.712344595623027,0.572541356086731,-0.108689871097547,-5.3437562979995,0.0901521661885124,-0.399012718810852,0.579625723021746,3.1044127010861,-4.53447785856547,0.60314063166025,-175.130862459178,0,0
5.83,0.719583532478695,0.71858948469162,-0.089600690114645,-0.535206269168892,0.548984466446669,0.437312848177231,0.607835257333357,0.0244815101625102,-0.573711810612591,-0.633703382615115,-162.392049422117,0,0
5.84,0.942343418167702,0.828314423561096,-0.258822804152763,-2.78821909855516,1.32719055208664,0.893572724242648,-0.158126554697653,-3.04089398822486,-0.489352038211845,-1.77052548209323,-147.194903554363,0,0
5.85,0.76648924020825,0.912363052368164,0.0664662564412982,0.859969007406767,-1.82388557623459,0.284520850029339,-0.878950464397472,1.72041998915244,0.0785246217579485,-2.79327073041067,-131.770633065672,0,0
5.86,0.94501308378771,0.957821249961853,0.0400291460922105,-0.0152450832598597,-1.47235412303319,-0.528224089426662,-0.813275299863596,0.70473829881667,-0.992518603683608,2.58804664744287,-114.087934519799,0,0
5.87,1.08152807870739,0.986118733882904,-0.0191533859088659,-2.46120226584059,-3.05147016279177,-1.04681569474364,-0.192113289974271,3.44654931409236,-2.47298539625902,1.81254712568065,-97.658379482475,0,0
5.88,0.973170696024874,0.986164927482605,-0.0245747366743371,-2.09778470419733,0.8028278432671,-0.968707863858058,0.4066535916205,2.26647421689861,-0.204060101660216,1.15945721438561,-80.1975066751325,0,0
5.89,1.11843102465547,0.955240726470947,-0.0522155269622896,-1.71180712644673,1.13594341803239,-0.616940066659211,0.799472920466683,1.74710174221529,-0.775007206968405,0.638201752144698,-62.4823683613701,0,0
5.9,0.911754171027757,0.917498707771301,-0.0499856896633496,2.11642808214077,2.32302034143101,-0.240340590998179,0.876812145980547,0.936104545943297,1.76461289869704,0.23807345886596,-46.9549708814555,0,0
5.91,0.890270203312269,0.86815333366394,-0.0407273592905002,-2.71060501618657,-1.67248328919649,0.0891712186784495,0.932208889630474,-2.11913111373641,-2.20730754934774,-0.053002752583155,-32.6045794003124,0,0
5.92,0.748625310129578,0.80372166633606,-0.0709339779479544,1.51282320721493,-0.26898901046445,0.196719403806734,0.762639075784637,0.0145716791216153,1.91738715230324,-0.24146690278925,-18.8910129962721,0,0
5.93,0.748528076425314,0.72733348608017,-0.0262535830284068,-0.664859638708869,-2.27633018235261,0.282082532034813,0.697320016967298,-1.90212168010459,0.512358498354953,-0.3325160828298,-6.2220615252657,0,0
5.94,0.718626246951755,0.643019556999207,0.0196722537776667,0.188317934350617,-2.16599830978489,0.253153417895555,0.599713854967612,-1.74514143780181,1.37778535868791,-0.335289590080779,5.23940943645654,0,0
5.95,0.513601682348619,0.556264758110046,-0.0817632293508994,2.2828327437785,-0.605924174009952,0.149640451897965,0.507358742530597,-0.0646115203637782,2.53291698286165,-0.260280663521116,15.0122069518496,0,0
5.96,0.32061101809322,0.467708855867386,-0.0517960292208852,0.338743318185946,-0.304000818782673,0.0663467823489457,0.481136889561639,-0.422528429053962,0.213334950060157,-0.119203160038141,23.1933520499433,0,0
5.97,0.296204385505856,0.380766451358795,-0.0711119604063837,2.85042492078219,-0.104792198642238,-0.0396558915659273,0.342606461584043,0.447471157980912,2.90606501918049,0.0760077931584748,29.8264679049262,0,0
5.98,0.246307968237471,0.295406430959702,0.0940162931752615,-1.56105882770535,0.913661203241861,-0.109743197648347,0.324841986322899,0.582906268138969,-1.19390873125813,0.314494626883958,35.0328021346785,0,0
5.99,0.125303860435473,0.213785946369171,-0.0178305681656425,4.44727825081066,0.943038968975748,-0.0940450447288403,0.123819644775151,-1.8031754367691,3.58927176551276,0.586349267678732,38.9710154597899,0,0
6,0.0554651710599006,0.135355472564697,-0.184443253518287,3.17331412772925,1.5696879053323,-0.0959680750670951,0.0265925768161091,-1.24951218107197,3.63522528467689,0.882942020002616,41.7632092702746,0,0
6.01,0.06408298552171,0.0634380578994751,0.146303872931088,1.02077877926826,-0.062880978207092,-0.0575000990981906,0.0353101061805224,-1.06478365462654,-0.22830360172326,1.1950797676437,43.261238746441,0,0
6.02,0.00948029547908706,-0.00198030471801758,-0.0934254725389503,1.94467292523526,0.823617033377618,0.0182088371764629,-0.0346484198879992,-1.86771628273834,1.77460834944961,1.51452850492487,43.6943192783196,0,0
6.03,-0.0197710285650134,-0.059662789106369,-0.00247996036358147,-0.864987940461713,2.36327775415941,0.0347993439730258,-0.0335801744201827,0.122478070217134,2.16957224678532,1.83309306616493,43.0639513292587,0,0
6.04,-0.0495407797478772,-0.110412299633026,-0.0679196251457568,0.184335038706261,-3.29407075719148,0.0359321306850938,0.110019553013923,1.96176981458787,-3.09317111328045,2.14442073422118,41.7511974827134,0,0
6.05,-0.149159981814142,-0.153656557202339,-0.0981304454684738,2.69067454449828,-3.07016836982219,0.077856683746892,0.162138229962914,0.375962476252592,-3.03950907320225,2.443518924279,39.7234142638239,0,0
6.06,-0.245526812477062,-0.186748459935188,-0.0167202476375507,0.278330879320743,1.19153795502355,0.0881948965109305,0.149534523538695,-1.04613688013663,0.0896656747136638,2.72412437412491,36.7370927981786,0,0
6.07,-0.197677458568512,-0.211041569709778,-0.136192004809218,1.73575255057481,0.907253940716618,0.0675661213728077,0.219306485014518,-1.85156756433196,-1.59377264054944,2.98111730251797,33.291214772458,0,0
6.08,-0.290544904557967,-0.22846707701683,0.0647420492058793,2.36449677974671,1.05337100787967,-0.00741756507659576,0.258908258115901,-0.341332542098981,-2.60337828299849,-3.07154679282011,29.584805291776,0,0
6.09,-0.238629136768928,-0.239911943674088,-0.111342102571817,-1.19680171973071,-0.893012127005204,-0.0642978775917224,0.186123248249489,0.279198282362673,1.23145617277134,-2.86856009843436,25.8113219517186,0,0
6.1,-0.239181051611581,-0.245921015739441,0.169724426586013,-1.5932956854813,-3.45469961357154,-0.141964579811038,0.150566393579258,2.24460256465358,2.60913902396622,-2.69343417602783,21.9916464261384,0,0
6.11,-0.188142276131412,-0.246357083320618,-0.0324218938656138,0.0451691149516401,0.518631101560961,-0.115565181727709,0.197878465312163,-0.531067779076635,-0.565939831416342,-2.5459335710691,18.22568885496,0,0
6.12,-0.171793426933087,-0.242404937744141,-0.02846561637105,-3.52604463876852,0.519347298560622,-0.0993564851227084,0.118221512774687,-2.28079892214414,2.4475588332716,-2.42617090089722,14.4851943432879,0,0
6.13,-0.221706120483248,-0.23350901901722,0.140798589645196,2.09406054771022,-0.712544791199006,-0.209093325249089,0.158094671412361,2.78843245176416,-0.556532171205995,-2.33368557302035,10.8923566863045,0,0
6.14,-0.124393888796766,-0.222725316882133,0.135226880338825,-0.0842002439203998,-2.59983477104022,-0.190444816852068,0.0805108722642796,1.79188166417952,2.44382200007894,-2.26596992915829,7.6361027271425,0,0
6.15,-0.18060150571123,-0.210097849369049,0.11042512653913,1.99089137449244,-0.379403251022906,-0.173808330572815,0.145932475159733,1.17226658248563,-1.57250665416561,-2.22044625570494,4.80951619516901,0,0
6.16,-0.109105228882083,-0.195361942052841,-0.0562593725873248,-4.73032050718809,-0.194021320538052,-0.0755314831105507,0.039556958517821,-3.2840933854163,3.12700855744154,-2.19537220715052,2.12344945090929,0,0
6.17,-0.204364108512357,-0.178143262863159,-0.273544234402249,-2.58731917661801,2.2826643202684,-0.0490101895421572,0.101502762269342,-3.94327678913682,-0.51714823537664,-2.18927818343237,-0.405502476254287,0,0
6.18,-0.216976755623626,-0.159590378403664,-0.281057812091666,-0.713905491652537,3.11447329610104,-0.066365825089459,0.124444127691514,-2.27518071089388,-2.13987188395482,-2.20041111680741,-2.62172560645982,0,0
6.19,-0.211656184937422,-0.139559030532837,-0.259112156584426,2.4312889390989,1.59165300218254,-0.107637752570957,0.129077192753516,0.694111185744349,-2.83282046425379,-2.22712258983047,-4.6073032723746,0,0
6.2,-0.108939397383303,-0.119140796363354,-0.0310050670659113,1.34093405436127,4.0174166795869,-0.0517111285239496,0.141677845833676,-1.17270026491392,-3.93547857742195,-2.26716912156642,-6.28913198161591,0,0
6.21,-0.0901604924193231,-0.0997894406318665,-0.138444414900179,0.632810645444462,-0.215645230595599,-0.0700104443358051,0.0549926845169712,0.622336844235035,-0.0656215760157154,-2.31825292839797,-7.59595383551222,0,0
6.22,0.0357803752206059,-0.0810743793845177,0.00548574934790302,-0.689597050708362,0.183439962527051,-0.0294591628529076,0.0376769032317594,-0.59438302811476,0.290111885081686,-2.37770666301125,-8.5566322033515,0,0
6.23,-0.00541130680289448,-0.0632674172520638,0.0202004804785782,-1.33333882960209,-0.56240098893577,-0.020033576768385,0.00898572456627328,-0.346059389265591,1.17412494964857,-2.44299854264054,-9.24291350318366,0,0
6.24,0.0694133504547309,-0.0470730364322662,-0.0185715651876578,-4.50750720248459,-0.148849323997194,0.0363713323195823,-0.0451875531308827,-2.57523257196859,3.31717834762835,-2.51227533843542,-9.56717206661489,0,0
6.25,0.0191984018656509,-0.032316692173481,-0.300492003474383,-0.0592762059340819,1.56895153769165,0.0182879986575224,0.0154652733024436,-1.20519879264518,-0.29110654704748,-2.58312988716973,-9.73488398419782,0,0
6.26,0.0674499406233355,-0.0187272578477859,0.00298008993886388,-4.57788559818375,0.172168359031677,0.0575914308617236,-0.0767321028618755,-2.81673008109598,3.73840629684407,-2.65435503334841,-9.67367753221458,0,0
6.27,-0.0536880669792296,-0.00746170431375504,0.00262585472621967,0.578770169916104,2.12132222576221,0.0428679609555798,0.0245516672596999,-1.86223373007363,-1.84583304302436,-2.72416721419912,-9.35774258663032,0,0
6.28,-0.082017492714088,0.00196884572505951,-0.0380312848235542,-1.9784991366663,-2.57696366142893,-0.0408596772013752,-0.0813334368648459,2.45343367814034,2.99190816228068,-2.79115038304919,-8.86407394266443,0,0
6.29,0.0153296787770495,0.00995244830846786,0.0224416627895003,0.641562802102352,2.11235270854885,0.0594587240798617,-0.000492900173027336,-2.52849567605332,-1.45950510970416,-2.85419525983852,-8.30277854244797,0,0
6.3,0.122457091922559,0.0164820738136768,-0.00611329798108363,-1.13668929173559,1.42660318883189,0.039186622625129,-0.0491773467084521,-1.52594705952356,0.634124755387268,-2.9127774904941,-7.64560270011941,0,0
6.31,0.0724874579676072,0.0212656501680613,0.00984332109168448,-2.07118144079965,0.626145027436313,0.03322692377538,-0.0823825440532435,-1.28313928975663,2.03883779860953,-2.96595026073175,-6.8381514953449,0,0
6.32,0.0788296413227844,0.0236412193626165,-0.0572624555755275,1.06663414102118,2.81882401675851,0.0573916286312933,-0.0317633909341848,-2.57734620573091,-0.625499144388985,-3.01294692867672,-5.96980780257629,0,0
6.33,-0.0152656749340794,0.0250467360019684,-0.135522483137848,0.572300088267404,2.36822153954177,0.0400057696890888,-0.0426803891600063,-1.79037103468975,-0.159293398642763,-3.053481485102,-5.11118043477178,0,0
6.34,0.108189680820118,0.0217747911810875,-0.0990522114032274,-2.22962867316436,-0.149393907346536,0.00116023603457261,-0.0817947644173705,0.0714316998350459,1.95489699098555,-3.08611337887806,-3.72528165408069,0,0
6.35,0.109282747200257,0.0172261837869883,0.0201030402174701,-0.971096943800378,0.412037837937414,-0.000914665375993558,-0.0579553464913875,0.119222592038158,0.988323537093356,-3.10884553400559,-2.5467048569775,0,0
6.36,0.00705439990806371,0.0140095017850399,0.0467944325455772,-0.423228675190942,0.687719834179325,-0.00132292051859909,-0.0403955110077792,0.107286076605731,0.270540401527443,-3.12433454920635,-1.73062411850082,0,0
6.37,0.0379157723648963,0.0116847362369299,-0.099353970397362,-0.27095822702598,0.55022516884586,-0.00240905311119105,-0.0240993056725006,0.142608805466827,-0.428172489238974,-3.13479432772418,-1.15821247275086,0,0
6.38,-0.087066515644973,0.0101354885846376,0.0391234805231825,1.32512272150377,-0.317731117193699,-0.000591855825892937,-0.0146774393999709,0.0401980477779714,-0.821813362353475,3.14138920761194,-0.778818315035209,0,0
6.39,0.0255779902471625,0.00911644566804171,-0.0417528956686512,1.24185325539776,0.106367854899948,-0.000348576425423962,-0.00908825745673874,0.0209454198663487,-1.05030710043968,3.13666966241446,-0.525465566959135,0,0
6.4,-0.0399639869575767,0.00842601805925369,0.0905867125523531,1.51493051043435,-0.568603004856983,-0.000174762490365765,-0.00531871399772679,0.0077488991709728,-1.20425891810102,3.13348683651806,-0.354179457181181,0,0
6.41,-0.0595443397099983,0.00795864406973124,-0.106730971849952,1.55574148434769,0.380161874721079,-4.33571992455665e-05,-0.00276904865820661,-0.00173219060778984,-1.30838612884012,3.13134250835524,-0.238504928163107,0,0
6.42,-0.0644596685648724,0.00764274317771196,0.14031472247449,0.997450295418669,-0.490844673747566,5.17776742824005e-05,-0.00104724290979854,-0.00839138755395496,-1.37870953107318,3.12989910268031,-0.160479626814427,0,0
6.43,0.0957110956889495,0.00742950523272157,-0.201023279252278,1.4628453696401,-0.28736861389044,0.000118835477154775,0.000113917706819366,-0.0129981090535106,-1.42614610086689,3.12892825222936,-0.107905079462066,0,0
6.44,-0.0152310637461018,0.00728576770052314,-0.00241224018913581,1.51355371922112,-0.0392375799741409,0.000165314491194786,0.000896018452069672,-0.0161533160727707,-1.45811374696298,3.1282756606889,-0.0725163776323012,0,0
6.45,0.0135050764522559,0.00718900980427861,-0.0308440818679472,1.07967773185778,-0.629727205685761,0.00019717930356063,0.00142223152999763,-0.0183000094915543,-1.47964242038589,3.12783719868261,-0.0487174825704986,0,0
6.46,0.0593948576849557,0.00712394155561924,0.160945622408424,1.67111880320607,-0.217989412434183,0.000218868762662513,0.0017759911037509,-0.0197541541316387,-1.49413737251991,3.12754269117096,-0.0327232554914508,0,0
6.47,-0.0391815084621491,0.00708021176978946,-0.119600256567413,1.32115089122353,-0.790032340870481,0.000233563109373265,0.0020136901430778,-0.0207363886509648,-1.50389929207546,3.12734490923341,-0.0219785868196204,0,0
6.48,0.0366491160901991,0.00705083319917321,0.104542146267142,1.31182690579586,-0.110166373327511,0.000243487948785436,0.00217335595168732,-0.021398667505458,-1.51047920368114,3.12721209821163,-0.0147621753244404,0,0
6.49,0.00489978591319299,0.00703109940513968,0.0231918532675099,1.04148282256778,-0.266909583203279,0.000250177946954944,0.00228058608779213,-0.0218447708183053,-1.51492098898154,3.12712292043937,-0.00991607749645205,0,0
6.5,-0.0390187382987064,0.00701784435659647,0.184234745317255,1.96847467540098,-0.336950732528322,0.000254681506551576,0.00235259403535277,-0.0221451412647635,-1.51792656028999,3.12706304293986,-0.00666198307547702,0,0
