t,iq,iq_ref,id,vq,vd,ia,ib,va,vb,theta_e,omega,r,"T_ass:0.16,S_pct:0.02,kp:0.3516,ki:0.7199"
0,0.00899555299102809,0,-0.0630565749396379,-0.172498165368307,-0.732193566339802,0,0,0,0,0,0,0,0
0.01,0.0321239385804588,0.000287901668343693,-0.216752646975292,-0.28674536479973,0.335099389788108,0.00134673337892164,0.000456578378728853,-0.0576154953423593,-0.0122049918818072,-0.74422745068204,-0.00736121663580886,0,0
0.02,0.0701766997606625,0.000229553654207848,-0.0916355164139036,0.143821167027165,0.420775030626355,0.00148169642796818,0.000495842605973914,-0.0663415290036743,-0.0163096765349154,-0.744277478119661,-0.00661459233699596,0,0
0.03,0.0252339548113989,0.000198517242097296,0.019100366206954,0.452324476796372,0.180206014369786,0.0015283371592731,0.000505931504562208,-0.069724609456573,-0.0179532952741241,-0.744320149943575,-0.00552906241086808,0,0
0.04,0.0409205780433368,0.000149575353134423,0.0236594014770694,-0.170133346800627,-0.167205078277943,0.00148851954152225,0.000485907646883419,-0.0693897790641772,-0.0187520184589518,-0.744351807516843,-0.00422530771994103,0,0
0.05,-0.044727464317491,0.000129731459310278,-0.0616315030741125,0.388723487450014,-0.392281859261964,0.00151560302621665,0.00049149975117513,-0.0714159711799732,-0.0197598773925308,-0.744378234781533,-0.00354101581790901,0,0
0.06,-0.0483757176055889,0.000105262181023136,-0.0589269376872918,-0.192043531592476,-0.27276496495174,0.00151189067564163,0.000486717772913433,-0.0720585387565571,-0.020419968208723,-0.744399184985844,-0.00283036583833011,0,0
0.07,-0.00298219403361995,0.000100865836429875,-0.0496929094991171,-0.113831882749946,-0.42634094465444,0.00155077025587041,0.000496967910861985,-0.0741518101491663,-0.0210925326108276,-0.74441504809332,-0.00256351874614559,0,0
0.08,-0.0212571796761739,7.12177134118974e-05,-0.0328906041055244,-0.635534361490077,-0.399203282461361,0.00150663161122458,0.000479975941882405,-0.0729477654201073,-0.0213337397799432,-0.744428324845652,-0.00184098650320838,0,0
0.09,-0.0413965855643974,5.89737319387496e-05,0.0461665188402429,-0.16195255018352,-0.684991015797471,0.00150285932945906,0.000476807983814096,-0.0731734901513354,-0.0216251765293703,-0.744438165435092,-0.00149270724766848,0,0
0.1,-0.0277046202614495,4.98760819027666e-05,-0.0674285926339148,-0.184831459316207,0.736521049163503,0.00150101809507522,0.00047482750485043,-0.0733892499903114,-0.0218603115474125,-0.744445797615987,-0.00123024360911528,0,0
0.11,-0.103027519182596,4.28199346060865e-05,-0.104197232838554,-0.383540308379866,0.161210078695252,0.00149962617459409,0.000473309403604015,-0.0735583583610696,-0.0220435271035434,-0.744451730831669,-0.00102650487675764,0,0
0.12,0.0306262912534004,3.73352522728965e-05,-0.0216010078785611,-1.07216138720025,0.274575522197732,0.00149854530619859,0.000472129923449611,-0.0736898164866772,-0.0221859123197253,-0.744456343821485,-0.00086811257869478,0,0
0.13,0.0281377917671257,5.6518070778111e-05,-0.0619369099509369,0.193174073370339,0.199894646929912,0.00157193812470431,0.000496489967172254,-0.0767109336453342,-0.022696325721864,-0.744461648031633,-0.00117617510700737,0,0
0.14,-0.0641745136083512,2.582053457445e-05,0.131753348378849,0.524404240824508,-0.205413586929593,0.00165230098891892,0.000519984827915898,-0.0817707914984783,-0.0249974621737149,-0.744465571230082,-0.00155711291010749,0,0
0.15,0.0481867649974957,2.44164693867788e-05,-0.0589871989965213,-0.253303289270641,0.0344755263411969,0.00150116616537305,0.00047134003194774,-0.0742577086813,-0.0226203924582384,-0.744468922512724,-0.000475409930832006,0,0
0.16,-0.0341512730039493,2.14409883483313e-05,0.048046587743038,0.150302595802118,-0.212748133953515,0.00149559862230412,0.000468803337964999,-0.0740798205548415,-0.02260283800677,-0.744469781028675,-0.00040825867377874,0,0
0.17,-0.0562236856601363,2.06550412258366e-05,0.119101261632038,0.156701641147698,-0.180485100634925,0.00149526414984868,0.00046854609503782,-0.0740894879874098,-0.0226186597336739,-0.744470380426436,-0.000386209415841125,0,0
0.18,0.048805924965741,2.01042457774747e-05,-0.146781283430749,0.498486511630429,-0.553291611154752,0.00149514846145566,0.000468423139577612,-0.0741021571905124,-0.022632527090742,-0.744470843798277,-0.000370241778649324,0,0
0.19,-0.00655116600951259,1.96790952031733e-05,-0.046530232070448,0.80137358262981,-0.357753501313882,0.00149506374632829,0.000468330800747277,-0.0741121197748562,-0.022643308234294,-0.744471203961549,-0.000357872904016413,0,0
0.2,-0.115723370627957,1.93494015547913e-05,-0.0198365091769295,0.282247410694158,0.203560686323141,0.00149499815633645,0.000468259233434166,-0.0741198048206768,-0.0226516211390635,-0.744471483980546,-0.00034825800696893,0,0
0.21,0.0615044994734193,1.90938444575295e-05,0.0246382784583653,-0.109274885637651,0.0596171687977362,0.00149494732593675,0.000468203767655601,-0.074125692629001,-0.0226580373774946,-0.74447170169198,-0.000340782585466176,0,0
0.22,-0.0658069056576223,1.88959165825509e-05,-0.153882691391915,0.237455839139929,-0.0289750813046517,0.00149490759434263,0.000468160414012174,-0.074130204861698,-0.0226629219980134,-0.744471870960046,-0.00033497051899361,0,0
0.23,0.07636662324248,1.8742801330518e-05,-0.0289617444655356,0.324122854502726,0.321727449066872,0.00149487677085827,0.000468126780200224,-0.0741336466184053,-0.0226666442398174,-0.74447200256383,-0.000330451692646228,0,0
0.24,-0.0486994772320058,1.86245251825312e-05,-0.0670583415999337,-0.0380668219858076,-1.07554376809893,0.00149485272690851,0.000468100544516401,-0.0741362471762081,-0.022669456407014,-0.744472104884012,-0.000326938348104443,0,0
0.25,-0.0173858956628173,1.85333319677738e-05,-0.0418444790495009,-0.499916871871492,-0.268278111116419,0.00149483412246052,0.000468080243667308,-0.0741382022674728,-0.0226715702905157,-0.744472184436469,-0.000324206756112392,0,0
0.26,0.0574147016909863,2.40230474446435e-05,-0.0245128647286673,0.103736057995364,-0.0870495780528511,0.00151063501506776,0.000473643289091817,-0.0747424171859775,-0.0227472483760121,-0.744472126254966,-0.000430455408991878,0,0
0.27,-0.00946892027779217,5.37932646693662e-06,0.0794016231618752,-0.171383229832346,0.193383051239182,0.00145764651223848,0.000456101973974558,-0.0727231690301935,-0.0225568317547584,-0.744472838386455,-6.3443295305304e-05,0,0
0.28,-0.0355579101966077,5.25624673173297e-05,0.0228134381393855,-0.131328783710549,-0.311952340124663,0.00145092036139291,0.000454846119510864,-0.0707879372766995,-0.0207589817747045,-0.744472901770222,-2.27541290077406e-05,0,0
0.29,-0.0259911219331313,1.78446462086868e-05,0.0409663142961356,-0.202358444657001,0.0496167483564799,0.00149324842678542,0.000467405446528213,-0.0740814018715991,-0.0226622996523,-0.744472303678658,-0.000309322439909375,0,0
0.3,-0.039107487816199,1.78613954631146e-05,-0.0701668695186164,-0.143557593148362,0.269666554851843,0.00148620764084639,0.000464803233305093,-0.0737285155663023,-0.0225315822021359,-0.744469967426836,-0.000336668724008716,0,0
0.31,0.00391600993470451,2.0520195903373e-05,-0.0694304576421965,-0.323870412483545,0.777975475763223,0.00149492005588576,0.000468360810709512,-0.0740740094620175,-0.0226112757565834,-0.744470407514818,-0.000382736222355647,0,0
0.32,0.0243752673612538,2.01089205802418e-05,-0.0937914602430634,0.217755317911741,-0.372892072960298,0.00149513220287471,0.000468411191333349,-0.0740983487750553,-0.0226286735066807,-0.744470860251216,-0.000369575330221452,0,0
0.33,0.0413654809864821,1.96933033294044e-05,-0.0545966835023271,-0.153898330626173,0.623554938752413,0.00149506034848934,0.000468327269572232,-0.0741086299313155,-0.0226395260321501,-0.744471216558391,-0.00035743401609277,0,0
0.34,-0.0819077749126005,1.93671676242957e-05,-0.0161158018474036,0.00112370519693,0.790001474700754,0.00149499578868443,0.000468256655650395,-0.0741162458392297,-0.0226477555952815,-0.744471493751223,-0.000347919865185406,0,0
0.35,-0.00242056121229383,1.9114220776828e-05,0.0769581726427291,-0.0200902654841386,0.0853893619967705,0.00149494551268783,0.000468201789462327,-0.0741220726187849,-0.0226541058166291,-0.744471709272073,-0.000340519803842314,0,0
0.36,0.00959783351123445,1.89183228940237e-05,-0.00307038448311825,0.406286266969376,-0.211670866231079,0.00149490617532988,0.000468158865871908,-0.0741265355943043,-0.0226589371470053,-0.744471876837244,-0.000334766213470437,0,0
0.37,-0.0493963810915165,1.87667828868143e-05,0.0804350922711655,0.103797331999224,-0.367407727843091,0.0014948756671806,0.00046812557611121,-0.0741299395569382,-0.0226626185022289,-0.744472007117035,-0.000330292847225188,0,0
0.38,0.0156700069291596,1.86497236427385e-05,-0.0140622223201845,-0.580096890780274,-0.498743386508289,0.00149485193860622,0.000468099684128167,-0.0741325144611254,-0.0226654029307521,-0.744472108407858,-0.000326814847305428,0,0
0.39,-0.0168598729408659,1.85594872164074e-05,-0.058752871029975,-0.0453509146498197,-0.597916166456769,0.00149483341292341,0.000468079469854233,-0.0741344408804376,-0.022667485774326,-0.744472187159995,-0.000324110735413562,0,0
0.4,-0.0289373441944558,1.84901000466198e-05,0.0338012521667238,-0.151194712855276,0.514039118617971,0.00149481906540544,0.000468063814262044,-0.0741358699284009,-0.0226690305457612,-0.744472248388482,-0.000322008314114811,0,0
0.41,-0.00830379605676656,1.84369200724177e-05,0.183317881323913,0.175397919470332,0.048189200568141,0.00149480795004367,0.000468051685278317,-0.0741369115517444,-0.0226701561863758,-0.74447229599256,-0.000320373701530964,0,0
0.42,-0.00159751358133856,1.83963384188246e-05,-0.0528655912235953,0.0160465308959572,0.103639522955243,0.00149479927846534,0.000468042223103313,-0.0741376485805158,-0.0226709522923217,-0.744472333003784,-0.000319102805781165,0,0
0.43,0.0144107013806651,1.83655574801378e-05,0.033079444960087,0.303576391271226,-0.773592960268909,0.00149479249884421,0.000468034825595417,-0.0741381481901464,-0.0226714915372157,-0.744472361779158,-0.000318114696411794,0,0
0.44,-0.00459966379670773,1.83423926500836e-05,-0.104537120746181,0.0353386607875704,-0.320073885821644,0.00149478721703942,0.000468029062475952,-0.0741384646756581,-0.0226718326676707,-0.744472384151201,-0.000317346450768714,0,0
0.45,-0.0196832454006523,1.83251540875062e-05,-0.150007699101144,-0.17630856157495,-0.244901172137102,0.00149478319661365,0.000468024675188239,-0.0741386434578219,-0.0226720248400742,-0.744472401544735,-0.000316749147083165,0,0
0.46,0.0205286513078812,1.83125212060986e-05,-0.121748303801414,-0.16340735532023,0.592706285378385,0.00149477996443975,0.000468021148704118,-0.074138705615355,-0.0226720908189855,-0.744472415067568,-0.000316284749143942,0,0
0.47,0.0737338132844792,1.83034662768478e-05,0.0564722504139903,-0.503327587327543,-0.318508174069803,0.00149477752064271,0.000468018481992501,-0.0741386859671262,-0.0226720683115594,-0.744472425580895,-0.000315923684159224,0,0
0.48,-0.0116998200550783,1.82971962203737e-05,0.018333303384633,0.071701527573839,0.394794292215512,0.00149477562867572,0.00046801641740074,-0.0741385995512214,-0.0226719735715311,-0.744472433754378,-0.000315642959563089,0,0
0.49,0.0531742074058545,1.82930907612899e-05,-0.02013088757767,-0.0468519665423483,-0.139680516335122,0.0014947741308514,0.00046801478307176,-0.0741384594939126,-0.0226718207930797,-0.744472440108722,-0.000315424698857255,0,0
0.5,0.0471487927022626,1.8290666048415e-05,-0.0544191431635769,0.546631956084598,0.235173390774755,0.001494773027229,0.000468013578520548,-0.0741382821887218,-0.0226716277296743,-0.744472445048626,-0.000315255003232037,0,0
0.51,4.23717607129011,4.59999990463257,0.112154603235803,12.2864006744681,-3.71310556188775,-1.30513217431316,4.14699962343731,-7.32450367884988,10.8988750309942,0.321126495348933,98.4247650506093,2250.85229659034,0
0.52,4.48103457404835,4.59999990463257,0.197811385503805,6.47256764654608,-2.03400824504617,-4.43099553369822,0.545463622334178,-6.99103841434998,-1.38034670785519,1.45819214844729,213.884954742545,2245.1264550514,0
0.53,4.23808049419737,4.59999990463257,-0.00887897688438447,15.9431286611516,0.664185524204947,1.40309371134023,-4.04243939871187,3.71506214470666,-15.697693510092,-2.81432513141858,330.877360408004,2225.66881275434,0
0.54,4.29721442118382,4.59999990463257,0.143028465794816,17.9263257281912,-5.34145385194787,-0.0336197191744231,4.2463122855007,-6.05579077555831,17.5610614816371,0.0339731795868505,446.6103325318,2197.00306146061,0
0.55,4.28441058058064,4.59999990463257,-0.0370199642521875,19.3446522877205,-3.31127912153022,2.25303326070062,-3.55345798916542,13.5633350899616,-14.613459348181,-2.56026568384132,559.958126638125,2165.05220606138,0
0.56,4.08788822798033,4.59999990463257,-0.0832998236721098,19.3336887533845,-0.200045262336238,-3.90196426060976,-1.5999718591747,-17.5482420110378,-7.67677047494239,1.96253183501157,673.446853900403,2135.73204084174,0
0.57,4.0955648598983,4.59999990463257,-0.000677143692961686,23.2678336066066,-1.36614287667633,-3.54895580261529,2.13542943903772,-20.1937094481969,10.8917831246863,1.03449320005307,786.592698382957,2113.66496767399,0
0.58,4.23667709685413,4.59999990463257,0.105042884903448,20.2297505183365,0.208974911790533,-3.37181192429917,2.49801063849873,-15.9838229485821,12.360083629416,0.932100984990807,899.58111838995,2101.33089609659,0
0.59,4.11760111182729,4.59999990463257,-0.0812084156431097,19.5277675730496,0.827432512107094,-4.18448608188251,-0.359283474071434,-20.0280408055945,-0.82510882564699,1.65348477904155,1011.32477385699,2098.8386049591,0
0.6,4.11750019838816,4.59999990463257,0.0458210561142009,27.9398644449847,-4.84770809041723,0.118763423774882,-4.03910037304276,6.04715409910779,-27.7569819480097,-3.08856219687063,1123.06623342741,2104.3226163332,0
0.61,3.98820961485881,4.59999990463257,0.0972314823922941,27.9095813476844,-4.59309271521583,2.77518832853666,2.93456198732144,15.0045387681893,24.3553234914956,-0.731081260141341,1234.05276208262,2114.79844276828,0
0.62,4.08886647641549,4.59999990463257,0.0340401921361467,26.2055325442608,-2.44810764410637,-2.66587287102475,-3.07382029959524,-15.2565341691128,-21.9433564439585,2.44063152534304,1345.13616904548,2127.19141615917,0
0.63,3.98063154202537,4.59999990463257,0.152861844552657,30.1394740711321,-4.47265789703049,-0.460568337101804,3.96561749762542,-8.46042392651029,29.5894148903351,0.138568518175078,1455.09287473962,2139.22314087261,0
0.64,3.9540433424985,4.59999990463257,0.137421385883391,35.520266868197,-6.22899926095978,3.83258228685596,0.703580527549497,33.187283833515,13.5633436031393,-1.35633351077197,1565.41074966551,2149.90151425825,0
0.65,3.96998104454055,4.59999990463257,0.119259507215898,31.7930066037083,-3.68716623634739,3.48283390480216,-1.88497585905292,30.2022495733022,-11.410039538092,-2.04656191835086,1674.48340629814,2159.49484533112,0
0.66,4.08679560331297,4.59999990463257,0.154798971959553,32.3692257702619,-8.71132771578886,3.62154056007991,-1.5800101434877,33.6523907022719,-3.54336089491097,-1.93641850126064,1783.79254749977,2169.03670855971,0
0.67,3.74172106556047,4.59999990463257,0.362458605034688,36.6411547122,-9.7083698029494,3.41522885598032,1.83343289453571,26.1987424218508,27.2019036570275,-1.02623265859126,1892.71643587172,2179.55595067497,0
0.68,3.78314860993919,4.59999990463257,-0.0662401223076306,40.8760726771831,-6.05058021828427,-2.29133680262703,3.02709764101743,-30.1358666010812,27.495258721908,0.681583599701708,2001.51933234479,2191.31175829989,0
0.69,3.03184878785255,3.86463093757629,0.294452504830048,41.4788285391112,-7.2168011633981,2.03084830718036,-2.25986934896481,34.6862831670947,-24.1340599251554,-2.35789431396452,2106.38451594528,2203.31159453661,0
0.7,1.33229741296485,1.97336387634277,0.158187202525666,34.0880086402012,-2.88873307883069,-0.831007659262831,0.990753438182791,-26.3779783661068,22.1150934196792,0.759562115831963,2165.03933920344,2213.30083341144,0
0.71,0.328519347082858,1.14053809642792,-0.00314508632484696,40.2580008271725,-0.493089207848294,0.281062938636033,-0.171603558191898,34.9913761112939,-20.6550086311852,-2.10903183769307,2191.81925879377,2218.26355977091,0
0.72,-0.0944954383681155,0.639521062374115,0.0659112244822014,34.455927348272,3.29737655549213,0.0392790257431539,-0.0548336261663703,-33.7451613770999,6.88790742046467,1.43830617331661,2202.42176892442,2215.30882717929,0
0.73,-0.451048086504858,0.211345285177231,0.0764122187725221,34.3224710613293,0.0743028458465461,-0.461175648226473,-0.131378099201231,33.1618544615919,9.92805936668421,-1.26311049457757,2201.49837445748,2202.68532999287,0
0.74,-0.907330426685506,-0.184639289975166,0.0437321005223861,37.0850491581173,-0.602817412087772,0.707024669508843,0.585484953092021,-28.2428520527717,-23.5114567022198,2.2722229324461,2189.99798989434,2180.61017393911,0
0.75,-1.28297306365282,-0.506810069084167,0.155908399135116,34.08527849034,-2.94704954697278,-0.605996138420743,-1.01604263062859,16.0909065917539,29.9252234085907,-0.594884498532349,2169.2910726054,2151.63317786266,0
0.76,-1.22276906850131,-0.683219313621521,-0.202112642559089,29.3261948461984,3.76880646151693,0.678665367937196,1.07333451136545,-17.5746360969425,-23.7812486808587,2.64279937370672,2142.03176362896,2120.37884772729,0
0.77,-1.31365795871682,-0.674844205379486,-0.118669768629022,30.5639965905306,1.70076318992528,0.140102226414714,-1.26483565851495,-2.70648856895403,29.8704187096188,0.131888577324182,2113.01560071974,2092.68079364334,0
0.78,-1.12062012938553,-0.44529914855957,-0.120983017563483,32.7010559055462,0.819311888837332,0.226542448342921,1.0738290799876,-7.06822957898749,-31.9382169562352,2.95654118340634,2087.26878695909,2074.29916405736,0
0.79,-0.705286930524812,-0.0218740627169609,0.0892386981180634,31.9464307688841,-3.1350723760141,-0.351203104306311,-0.558485975836747,16.9445043592523,27.1488211784821,-0.660503066481146,2070.62918211738,2069.54006481797,0
0.8,-0.0179522808797341,0.512067794799805,0.0449955438991732,29.3501480837216,0.471469061296683,0.0538249591751558,0.0253573139698095,-26.7757817850114,-10.2678287546612,1.92788816585636,2066.6089222428,2080.13900979735,0
0.81,0.44736881035279,1.06327176094055,-0.123849253447836,31.2785517763365,3.08606031010285,0.43660010027757,-0.0106546181937856,30.6516576910487,-8.63084973291655,-1.74441032952908,2076.79496566404,2104.71398494842,0
0.82,0.777507271692118,1.50898194313049,0.150550642565159,37.7952016236024,-1.02482770711934,-0.622376730751519,0.429736944276531,-32.0255958603026,20.0213721777769,0.990993562814884,2099.96929325617,2138.95145864054,0
0.83,1.11840831706384,1.75872731208801,0.175141820540299,35.1207655989608,-3.17989767191685,0.714001019128795,-0.787591131613582,26.8437016194499,-22.6069338489786,-2.35049190865517,2132.19326154417,2176.498750149,0
0.84,1.0825589324043,1.77974128723145,-0.120704779844497,32.7969400108509,-0.577855981003011,-0.838227541173676,0.745047886499975,-24.4675760387113,22.2018566289293,0.841106537406866,2167.20060431191,2210.35045807703,0
0.85,0.751662969978826,1.54676294326782,0.0482956595442807,36.8472815961268,-3.45036425560603,0.701786589614039,-0.399811818464327,35.2936870519776,-12.3738223647538,-2.00177911617416,2199.02766923599,2234.38626374181,0
0.86,0.277538390622315,1.11405324935913,-0.103424203907654,40.1819567626906,0.556504155525904,-0.188959722933869,-0.246688318921433,-28.7732533184577,-28.3699273961681,2.38671992379755,2221.94797208907,2244.67832712139,0
0.87,-0.164896025033187,0.592728197574615,0.107201266862909,40.1258182353815,1.31785218691004,-0.0448863644109814,-0.202674086683005,5.98306515039575,39.6727094289022,-0.129540217397215,2232.07100426485,2240.2493759999,0
0.88,-0.623490914505514,0.0795992463827133,0.0753904594906298,35.0819765898178,2.17712108730843,-0.264121603148664,0.560473522208812,15.3830568334926,-31.5274564480406,-2.62185913545763,2228.63593657187,2223.10986699047,0
0.89,-0.948006022936122,-0.324516594409943,-0.173974741909028,33.7169386409217,4.93361250174864,0.82998552644698,-0.543371400501308,-27.2577589200302,19.7015754222195,1.09941586540881,2213.45363858236,2197.59338518808,0
0.9,-1.27905851108413,-0.550301551818848,-0.161095577448703,33.6878412951267,5.00597187204099,-1.21288049437105,0.143371517258486,33.3036071966474,-6.00552965353663,-1.60559282471442,2190.22992794817,2169.19110213146,0
0.91,-1.34372489963457,-0.575804889202118,0.118202175406014,37.9063616478123,-0.713673349246829,1.28950876223398,0.291607825772278,-36.4814544000467,-8.55200987750814,1.78809033369189,2164.16435444589,2143.20904388376,0
0.92,-1.0785420434631,-0.42693030834198,0.163922957102208,31.7992398714568,4.14077635756064,-1.04072757346273,-0.220645889897995,31.6710322614555,5.18737526168898,-1.28921324579528,2139.91572322198,2123.60349637846,0
0.93,-0.672272687834946,-0.174059242010117,0.0149216917816226,28.8935223609981,1.76405834876922,0.754417066484132,0.10808279824616,-29.3175063493246,-3.88267534584893,1.7573437839234,2121.14056842235,2112.28343036234,0
0.94,-0.591025986998681,0.116127111017704,-0.187683490750085,32.8705622917882,3.52956787612973,-0.536406877549528,0.075969315740778,32.7951119075198,-3.79980185732056,-1.58974642161058,2109.75544775052,2109.02528564318,0
0.95,-0.355141427390047,0.382991045713425,-0.123588049318695,37.0718842308548,2.78245625271465,0.332626301995538,0.126218518072381,-33.8603042535479,-15.0563039054772,2.0344982351601,2105.71885750406,2111.96709978343,0
0.96,-0.116214244962046,0.576069295406342,0.0241551491617954,35.5446197035919,-4.28276528495424,-0.107191850654463,-0.117905431006107,33.7949398726478,11.4837141686976,-1.37572653503305,2107.47035049536,2118.48720130057,0
0.97,0.0264663073653146,0.676369547843933,0.0250351926053489,32.145443426378,-0.979489089693879,-0.0294660964064235,0.00639201558295981,-32.4898124970484,1.23224581796102,1.52461750650514,2112.92017890478,2126.17327792772,0
0.98,-0.0131166523611614,0.705373883247375,-0.0576170231828414,39.9277272059195,1.37230833171401,-0.0807545272232066,0.0346322814298276,38.4919983612768,-10.087923954468,-1.81127504187382,2119.86533680571,2133.57767938335,0
0.99,-0.117932607011277,0.705401360988617,0.0209373843346471,39.5099839258901,-1.91718619625499,0.0941465523528636,0.00496597656360557,-37.6051670332798,12.9821702714348,1.18876143647034,2127.16205704411,2140.53517520631,0
1,0.0583384272558515,0.713614344596863,0.087375806771567,32.2458072242173,2.28409708013953,0.0701350194375271,0.00534451413529026,28.44719871862,-16.5722589551906,-2.04105820478637,2134.56408152445,2147.96467197618,0
1.01,0.0724376922145657,0.763866543769836,0.00793981999800033,31.7634727429355,-0.740597531566534,-0.0988479893424038,0.0723210461237625,-28.7021099104778,14.8734917821557,1.06846588290967,2142.64621088172,2157.24253182355,0
1.02,0.0636791214691459,0.852633416652679,0.0915928268314258,35.1658881017451,-3.15969140938236,0.111225248402901,-0.127928259224213,32.6716815142691,-12.914237711557,-2.03961426201713,2152.63298209134,2169.3722980985,0
1.03,0.0528308529881516,0.95732444524765,-0.0706700454274433,39.8806913843084,2.66760755641093,-0.173698209438609,0.00958733321089236,-36.4397949378707,16.0934861884196,1.21738880187292,2165.00066247052,2184.24277969281,0
1.04,0.162576198066353,1.02929282188416,-0.0389161721112563,41.1864924680873,0.344711984543373,0.16384698545391,0.129295078415763,34.2458753553352,23.018385658725,-0.964898144991791,2179.68551978739,2200.24327662333,0
1.05,0.234910350823399,1.0111095905304,0.114096283794397,38.4151466329354,-3.96164406810929,-0.209153165448311,-0.152703161526086,-19.8654495420178,-33.0842978478894,2.50303204006169,2194.99516207673,2214.39763752734,0
1.06,0.138758792003249,0.86631977558136,0.0117370366138471,37.7578755242378,-3.49732593339301,0.105335274192846,0.0954963331060089,3.67473509977268,37.8316039370881,-0.205321872680584,2208.25419517655,2223.01910074968,0
1.07,-0.0924723239022448,0.603565871715546,0.00440404787059162,33.5975125004853,1.88331270102246,0.0216310193173099,0.0806344324243725,8.01012483005139,-33.0416229091168,-2.83608283864243,2215.74010040552,2222.72261355577,0
1.08,-0.554674732786325,0.22708036005497,0.173131125202753,38.6482523097323,-2.13491617172329,0.429905745487029,-0.335381333811618,-30.1423563435055,24.473018915898,0.842692463548103,2214.98489489346,2211.50986496522,0
1.09,-0.793961841816066,-0.172726631164551,-0.0412391712499361,31.4363112781387,-2.34916276307024,-0.783881044873214,0.150457953879993,31.0282278937158,-5.53196751979563,-1.80546524038432,2203.81002403553,2189.60174483179,0
1.1,-1.22828593202212,-0.526873707771301,-0.219160513988571,31.6170707020723,2.57586221152601,1.15892154915939,0.103300194753763,-32.083417642192,-1.59211787203392,1.71139724488243,2182.85046722056,2159.74739161202,0
1.11,-1.37454757341681,-0.738990604877472,-0.099926212670905,32.0655460009578,3.39280603516606,-1.32794846544385,-0.370768538214118,31.6580559384928,6.67203308709395,-1.23767572624677,2154.6641050017,2126.87503036901,0
1.12,-1.44479966692685,-0.751783609390259,-0.00765269170212332,30.4311241747079,0.512207326234793,0.68728200028913,1.1581746115802,-15.6475154970442,-25.591356676916,2.62202723856746,2123.88603710163,2097.13018722139,0
1.13,-1.24183304876416,-0.529528975486755,-0.124354402329701,34.3454401212787,0.165745111402033,-0.828325442601243,-0.868525008517445,23.1596101379403,24.5936784298967,-0.763203411720854,2096.26100550453,2076.52094462859,0
1.14,-0.630064357685177,-0.109743148088455,0.268893901335579,28.4220269658394,-1.35663990077442,0.61534095658912,0.270327356519704,-25.913296194337,-11.5542213553967,1.96064833205071,2077.36019047071,2069.50799163726,0
1.15,-0.239796569911677,0.424235701560974,0.255280803309822,29.5838442792353,1.61361479124876,-0.153171502640071,0.0548824043549657,28.9733793462419,-5.30410700996543,-1.69364888077676,2070.86784239474,2077.90481659436,0
1.16,0.169490908702899,0.970608592033386,0.0996682270519834,39.6894934280635,-7.38978397083883,-0.0789675709684988,0.221685105571484,-35.4778681474563,17.6577670003349,0.941367122144006,2078.90003413436,2100.38111899026,0
1.17,0.662786002739025,1.42277777194977,0.0535726082288082,36.4367833218653,-3.44074472794735,0.295805681878133,-0.635620243980869,22.0136367531272,-29.4066311163823,-2.59878990809172,2099.81365356324,2132.70901855492,0
1.18,1.0293785524742,1.68921375274658,0.1422815567,34.1582156226237,-6.87489267581517,-0.219075997755925,0.993598391965486,-16.8314752667526,30.3642451389863,0.334657177971777,2130.11490802877,2168.69847457056,0
1.19,0.899779222889757,1.72182023525238,-0.00720884417798579,42.8661356333847,-1.24913771425567,0.292771323660863,-0.840421973977146,16.0530616798902,-38.7055884930161,-2.77826654935191,2163.59682233707,2201.58838054367,0
1.2,0.662017196436512,1.51855206489563,-0.0618072464877201,43.1589622670891,0.634385242916132,-0.405660061270197,0.519463784523814,-24.7104059171323,35.5314546430617,0.63127475173889,2194.33552066379,2225.54243643002,0
1.21,0.406314604383923,1.13236916065216,0.0929438528465336,42.4386540533856,0.752537974956977,0.278597155140246,0.0726522191000563,40.8835421263189,11.6365025989212,-1.29959146330918,2217.02124051215,2236.87610718511,0
1.22,-0.100571202108047,0.654124975204468,0.0731974211775445,40.2013126766106,0.786620968404644,0.091614226579775,0.107205669203828,-25.9966085577283,-30.4574645064241,2.43410269104289,2228.21192927385,2234.71839706416,0
1.23,-0.518090638882015,0.186777234077454,-0.00746583237740694,37.1322744912013,-0.762097323848775,-0.0231812692355316,-0.54812468097788,1.86088278709872,37.0103017197709,-0.0794238626394645,2227.052495635,2220.96759967644,0
1.24,-0.905242954208062,-0.182718694210052,0.119403501583564,35.4114470879538,1.24593110133125,-0.41416638835835,0.792877834092173,16.5212653702532,-31.8569876380729,-2.64234355594694,2215.071651227,2199.58993042591,0
1.25,-1.21017876233946,-0.388717025518417,-0.0519904357774094,36.9282469934241,-0.686992667742859,0.93203685227298,-0.641005270571077,-30.9522969230418,21.0361410017237,0.960503921673583,2195.7932900466,2175.48123328769,0
1.26,-1.13202845042397,-0.428968846797943,0.042961691276657,32.6946903309272,2.09353698322797,-1.00895332504137,0.364525654965043,30.2825528025704,-11.8630242932921,-1.87407023208378,2173.75213333669,2153.21783240838,0
1.27,-0.907260544763265,-0.317788243293762,0.0305907884897724,31.889802017379,-1.84496964837224,0.941874539237099,-0.120617327544582,-31.7110328874112,3.5452212448031,1.41526620340545,2152.88013911219,2136.03513639301,0
1.28,-0.832803157063683,-0.121047139167786,-0.130765781305804,32.3468463220244,-1.08653951827275,-0.74635268903684,0.102500951171916,31.6543274249176,-4.17865200496832,-1.71753049078725,2136.18106102052,2125.29057889141,0
1.29,-0.490863225166857,0.0996184796094894,-0.108176047571629,31.1956830756735,3.65297390610771,0.480267791094666,-0.181117494394075,-29.1901272471666,10.1841294446425,1.33156224689663,2125.21741985309,2120.51644454974,0
1.3,-0.474158900531711,0.292503207921982,0.0640589912496829,40.1594682682128,-0.49600729208238,-0.475329894428143,-0.168631770633501,37.7889287745118,13.6013886781107,-1.2182369286113,2119.69039828993,2119.99283976046,0
1.31,-0.224724223294173,0.418457061052322,0.0332134736239645,32.9057812050369,-1.90109684398407,0.225665848328855,0.0667662940202869,-32.2078670591978,-7.02555972748043,1.74592722245398,2118.1951618995,2121.62248549235,0
1.32,-0.158663860793413,0.47825962305069,0.0418008153831945,34.2182350532874,-0.405263578116382,-0.208821885832951,-0.0139201704740633,34.6824098445316,0.638549553047435,-1.57525056805544,2118.88231072895,2123.80962206906,0
1.33,-0.293249564518637,0.501804411411285,-0.159220148604046,35.165475565172,4.33020989644493,0.1785742920452,-0.121888153695222,-33.9851092593699,10.3959638641167,1.39689550753129,2120.65135125896,2126.05698019258,0
1.34,-0.201094614086393,0.528141617774963,-0.126325857283645,36.3113037277217,-0.0273755218560315,-0.181577032028198,0.0699166879093375,34.3816168419549,-12.1561568249589,-1.89922914605967,2123.06361210061,2129.09256668034,0
1.35,-0.0673612964832979,0.599528253078461,0.0322708509219774,36.8285007046996,-1.56276092158679,0.128693781478212,-0.0240576993186262,-33.5601010543079,14.7437568504384,1.10861810468506,2126.46798467165,2134.49183951768,0
1.36,0.0349788200854255,0.72255265712738,0.132035070273877,35.5013579644479,-0.40019474161063,0.0201786958203289,-0.0124720129460501,29.8670661498463,-18.7912787433879,-2.13266315717992,2132.60685573905,2143.92430469626,0
1.37,0.333404543878852,0.892261207103729,-0.0540506619261541,32.9340182730543,1.54466181645995,-0.209443375543755,0.116246201131541,-26.5776118154691,19.6620334762001,0.967317142328793,2142.56747658735,2158.27752599514,0
1.38,0.287057240837308,1.06020724773407,-0.29572158486504,34.7507924651289,2.17115509816186,0.338163471579957,-0.154582888911171,28.4725223190283,-20.3477969728065,-2.12579783952347,2157.13899795235,2176.95848701225,0
1.39,0.436125434278502,1.1761908531189,-0.00341884230225768,39.6283499263345,-2.69988758028343,-0.387673026983577,-0.0752838733968804,-36.0463365362462,-16.9315844473625,1.92970765353247,2175.29978952555,2197.62727695029,0
1.4,0.468214453984421,1.17890894412994,-0.134742602690768,36.4239517276884,-0.880589771112191,0.367770991550578,0.260171130216925,28.208526980978,23.6809716704407,-0.902076680443575,2194.93619713734,2216.49333582509,0
1.41,0.305265056915774,1.03023660182953,0.113839853559523,39.81538866775,-2.06925024760815,-0.151670831984117,-0.195646176769334,-15.2199550309638,-36.8156735422918,2.68786269125782,2212.41344823054,2229.13580542697,0
1.42,0.082924535939433,0.722135424613953,-0.109547400051955,32.4526352459022,0.301056539007394,-0.0181558761956634,0.0756843988449367,-2.80798205725943,32.5036165772045,0.103495883020077,2224.01203928727,2231.64610782473,0
1.43,-0.521119714004091,0.308542400598526,0.222210812102626,38.1635035002097,-0.19415832499629,-0.298016026282022,0.339305442141765,25.2159416706577,-28.9363515038515,-2.43076116116008,2225.59762270797,2221.78113512335,0
1.44,-0.812137736454639,-0.14820858836174,-0.0720580662710871,36.4553984433538,1.48967109370077,0.836768287409063,-0.275767742511603,-35.1003899092245,11.7787301230188,1.2885766750675,2215.88130426846,2199.79294751086,0
1.45,-1.10924622572794,-0.552449524402618,0.0599223987027867,30.1277961269041,0.145712543327854,-1.12755084383012,-0.193662224674213,29.5722988723953,4.8400401335556,-1.38850631681856,2195.064135083,2168.67447832649,0
1.46,-1.44041715437495,-0.804746925830841,0.053958615753812,28.1194317419384,3.01888396148738,1.25108025766176,0.552672289492568,-26.789188235972,-10.0578417968831,2.03127288930637,2165.65300569073,2133.7117190735,0
1.47,-1.44345988722022,-0.839240193367004,0.0905310129095024,30.3120657088739,4.03432676092099,-0.518443160396303,-1.34045219233375,12.6866765538828,27.6149600772168,-0.319138037155912,2132.88171152244,2101.42000154768,0
1.48,-1.26430069939546,-0.631091356277466,-0.0601393117910548,34.5587438216355,2.75347215965279,0.692851003138031,1.11756160159888,-19.3593801528123,-28.7239421513943,2.63576372895636,2102.78279222919,2078.11316282215,0
1.49,-0.726897996705683,-0.215362161397934,0.0790124707634323,28.9824029225092,3.24004205712879,-0.649831346571182,-0.460316041923373,24.4449746807502,16.4769896973516,-0.885727875628724,2081.15063483748,2068.46123012532,0
1.5,-0.419177884686591,0.315325409173965,-0.0655592855775473,29.7783997496393,3.21615194160514,0.283517044646048,0.0107238367953783,-30.0382349617839,-3.67644434322148,1.76196328116188,2072.20852807861,2074.40401221439,0
1.51,0.147957895008719,0.875603079795837,0.00916315078809811,35.0871735846793,-2.60808482292391,0.15830959855836,-0.109500927854327,34.1110485336268,-8.1764392811447,-1.88630119593013,2077.71152872249,2094.70023738868,0
1.52,0.715653563156475,1.34139847755432,0.0873452683983065,34.2799690658086,-1.95011334123988,-0.463425784648528,0.476681563951678,-26.9652742256292,21.3341285459731,0.838980049841583,2096.34905287567,2125.22801436593,0
1.53,1.00718635555885,1.62741613388062,0.0271565176799354,33.2893467423248,-5.95418303794858,0.44092509845746,-0.869256999127265,23.9340363074585,-24.1756919463396,-2.54391935689581,2124.70965214814,2159.95708385777,0
1.54,1.1077086841691,1.68103563785553,-0.0972427968597825,33.7204157742973,0.77448813479571,-0.574651024750952,0.837051482453151,-17.7030763945261,28.7118730823902,0.582254729755134,2156.98342512234,2192.34003188815,0
1.55,0.528159309853438,1.50691545009613,-0.0267590549013993,43.0450615797047,1.66911878418979,0.489175110536114,-0.441210304876646,29.8987035892281,-30.7266422074924,-2.34186135553069,2187.38490050965,2216.7655925595,0
1.56,0.447016610685571,1.16041922569275,0.133839865767906,37.8831325128082,-4.02576941402211,-0.415927883810922,-0.0748461815190056,-33.2679943563121,-18.4720479427181,1.96042886938889,2210.47696992236,2229.71017748448,0
1.57,-0.010730387016674,0.729394733905792,0.308128565700486,36.5881861207015,-4.81757542699875,0.0830128671138252,-0.0440036743542886,17.6555088699282,31.9717963788903,-0.632060802348113,2223.20147780464,2230.31447880496,0
1.58,-0.531431364867457,0.304018318653107,0.00541198735311316,37.684412331427,-3.40078760727726,-0.0564127088531808,0.440734729574941,2.3428225896539,-37.668274499346,3.11039767784468,2224.64092391711,2220.27388266813,0
1.59,-0.856491400859027,-0.0345312654972076,0.0896879061840748,39.9389836320911,0.215431407665151,0.428052155193671,-0.70220319391968,-20.7639136411424,33.9954616998559,0.542327012902207,2216.20260296265,2203.11847512307,0
1.6,-0.842875544999851,-0.236981093883514,0.140200081547959,35.0718119215722,-4.24250848796258,-0.826078272962297,0.416682853434301,31.5684260189444,-14.8975254466748,-2.11487014178726,2200.9782248792,2183.11822964492,0
1.61,-0.933669151828006,-0.289393067359924,0.034554654926675,35.1943243256077,4.22082122325696,0.960346755216094,-0.261912237497832,-34.2451199857776,10.4757483698674,1.38576318381563,2182.71143944938,2164.13763045057,0
1.62,-0.82321073172656,-0.225433558225632,-0.111455298005945,32.0171046859213,2.321835367456,-0.859454392071107,0.00698922448438821,32.162198370151,-0.728575092884965,-1.53067451768012,2164.9001814258,2148.75843305787,0
1.63,-0.595558834928224,-0.0890277624130249,-0.0775248216283702,27.7490104035395,2.02120526175486,0.63518374811343,0.0425879840084569,-27.7966776079171,-1.63369967285016,1.7150051414393,2149.90957100379,2137.89356709487,0
1.64,-0.781490964044887,0.0561791956424713,0.0290179964079294,36.4509460437996,2.01681186907203,-0.66542053520356,-0.0773088544333876,36.4838961716649,4.49883759754314,-1.41789379188942,2138.78693791826,2130.95909557378,0
1.65,-0.405779065590056,0.177501767873764,0.0305587888705513,34.2141555587261,-0.112561059524624,0.334948075574135,0.374593292646931,-22.898231675243,-25.7626749004406,2.40800799404708,2131.05730763872,2126.50127647459,0
1.66,-0.420134979119145,0.244453877210617,-0.12556166790513,35.4943551498501,-2.00028479079913,-0.315775677479521,-0.328269141293175,25.2479157582865,24.8786715243104,-0.840028202509679,2125.90921068183,2123.04202575575,0
1.67,-0.341458804743638,0.278656154870987,0.00999714170011436,30.1746170460268,0.426441156419786,0.265948400401004,0.176131789599666,-25.2550727923884,-16.8446720204031,2.16125407344393,2121.80099539845,2119.84719413097,0
1.68,-0.319897425079163,0.303364664316177,0.252533473151358,28.8113101864885,2.86980524938707,-0.259696561393377,-0.0655108857235616,27.219718778786,9.77376962691398,-1.14780934895398,2118.49028343028,2117.35447287158,0
1.69,-0.313714073923556,0.369801938533783,0.0409664941798361,35.5983525520335,1.28625746602991,0.319749601982916,0.050272526069947,-34.4111683237823,-7.05091961343716,1.80594076144978,2116.23427722401,2117.11090429374,0
1.7,-0.120028406226129,0.501171112060547,-0.0120842557431453,32.5789474859041,1.09725035559561,-0.144811011595169,0.014909873513681,32.7686154265074,0.22310897156923,-1.53119028599959,2116.75001961909,2121.22956338496,0
1.71,0.109808599131943,0.704215466976166,0.018702326972598,31.1277747799615,-2.63892912417609,-0.0850993005666429,0.063223813881135,-31.1076221279533,1.75609474025887,1.43289279280279,2121.45931400595,2131.53293905612,0
1.72,0.145605439208962,0.946540832519531,0.0756863335430613,37.2160158203533,-0.184670375826259,0.204471649102587,-0.0615665593818303,36.0154116738549,-9.1292738019403,-1.82980711287785,2132.22648952202,2148.65913489146,0
1.73,0.505568666398732,1.18293452262878,-0.0163762349484102,40.9345358529838,1.35814274200296,-0.331981528859579,-0.176726216319783,-36.6815664528503,-17.9773956341533,2.0361419076776,2149.06483443387,2171.43278407366,0
1.74,0.446250209627535,1.33501625061035,0.115812196819983,41.8607072913705,-4.67607271901685,0.468415616574601,0.20862918734226,32.548383784031,26.8617786525592,-0.981555534946315,2171.04830854687,2196.73624960856,0
1.75,0.707761485640026,1.34476280212402,0.226119566073706,35.4310847497533,-6.4127469814659,-0.520886411667274,-0.415987509428511,-17.0230740417987,-31.4969247753522,2.45438591503855,2195.01722538314,2219.97603796052,0
1.76,0.457485029127927,1.1750864982605,0.0732643974328321,36.373218934463,-1.5842088546191,0.135281675821893,0.443613538308457,6.39242100440712,35.6084160836178,-0.222168363575717,2216.71372233064,2236.06429683093,0
1.77,0.0932104691527927,0.831601619720459,-0.0520024361103939,33.7742619947335,0.691494290754152,0.0784886767278829,-0.149438927180159,11.5663420395216,-31.6722178839907,-2.76309315088387,2231.36253869833,2240.67645440752,0
1.78,-0.319242461146099,0.366690278053284,-0.104089903257758,36.7098566209068,1.99231636602896,0.28882348112636,-0.215275965970076,-30.772957758214,20.1894071306519,1.04830026484395,2235.17924023628,2231.45033635017,0
1.79,-0.74986930849794,-0.14342787861824,-0.00982580742281328,33.7615750718616,-0.225731506243663,-0.806487047067351,-0.117695642427615,33.7297843920634,5.06564206759501,-1.44205805632717,2226.13215396763,2208.78892833748,0
1.8,-1.24475344386801,-0.585810422897339,-0.106763864709006,33.6661694775635,4.65201071757928,1.03188053050113,0.718390424406258,-28.9423703339551,-18.1979831451298,2.23744460499615,2204.64261709107,2176.02172194463,0
1.81,-1.4963411383502,-0.868634700775146,-0.253586747513278,32.6992333456743,-1.8199676907779,-0.776848903850932,-1.29004584270449,15.9277401987431,28.2378961289971,-0.560440081744196,2173.91355709511,2138.84432391681,0
1.82,-1.58032101140195,-0.920914113521576,-0.0799062402288941,32.7534249198868,5.27186873414477,-0.333485006979793,1.53392774418988,4.11905408353693,-32.9551650790722,-2.8582120725415,2139.00154198278,2104.14794137954,0
1.83,-1.43416407705909,-0.723941922187805,0.0214733513429448,34.0840641632938,3.7810520105116,0.104074092505666,-1.39205780618318,-0.685150014200894,34.2352681545856,0.133101236489585,2106.59222886407,2078.5163985455,0
1.84,-0.965162465526379,-0.309442430734634,0.00926683857425517,30.7735249837369,2.65335980332719,0.267327464765462,0.876537234883395,-9.99711955087685,-29.2865864045942,2.91575857826308,2082.86889908696,2066.76207330861,0
1.85,-0.383206252909035,0.23901641368866,-0.0935887757718158,33.3093359673657,-0.511534641649085,-0.27326261301325,-0.31689032344926,21.8326321509309,25.3075472733806,-0.715380990961182,2071.63669117176,2070.86694651037,0
1.86,0.19525121875965,0.807248830795288,0.0755670529020476,33.2121113762053,-1.8158718846349,-0.154630064595079,-0.013462431748306,-30.8574658205344,-12.9328899047119,1.90799874313143,2075.18938069119,2089.5916043756,0
1.87,0.635550111623436,1.28209233283997,0.0237915103127856,38.5567403511766,-5.72796274457175,0.513576315339125,-0.170663224531841,38.6283812214641,1.75171908390621,-1.67430436161738,2092.28208374262,2118.84155185969,0
1.88,0.925535992461003,1.57655024528503,0.109192511410403,31.5994459595466,-4.03752916620054,-0.855714773306078,0.434530557085234,-30.9232940983251,7.76730703942823,1.19135768220616,2119.35719447181,2152.68403222501,0
1.89,0.949520577348018,1.64725852012634,0.198057364706314,33.0312543221773,-6.50459259509461,0.858488350464039,-0.525933334459341,32.1973055814528,-8.83433240253297,-2.00781048843664,2150.90506891168,2184.74327464097,0
1.9,0.692585969132742,1.50273096561432,0.153966480942656,40.0164235632686,0.231507834699676,-0.68855658951505,0.17366873399554,-38.6168842060269,11.2219501151817,1.30455177925603,2180.92494628461,2209.61238394403,0
1.91,0.441550710261231,1.18795776367188,-0.0107435714896783,39.1720614286838,-0.735522250311132,0.282118359129385,0.299977949339494,25.5104638587099,30.0279604112303,-0.722456085774482,2204.55428629868,2223.92927365045,0
1.92,0.0700320638198209,0.791094183921814,-0.00225566382682579,37.4398382898469,-2.0016643294504,-0.0579260537222982,-0.0384117954864424,-5.47365323657945,-37.3320810597291,2.92920542832281,2218.57669158924,2226.86772508637,0
1.93,-0.311432883754598,0.401407480239868,-0.105672338261954,40.5161309933441,4.91322367541305,0.0561316213567461,-0.400629186438123,-10.2413565997819,39.3023732245568,0.362081794311079,2222.23665694727,2219.96218820883,0
1.94,-0.672723258365318,0.0854585468769073,0.06585680880959,35.336785331846,-2.91473135117698,-0.526408966058619,0.317314325718731,30.2857429909748,-18.6811636723185,-2.21243625332621,2216.83361813364,2206.36833105325,0
1.95,-0.788489138202037,-0.108806431293488,0.178117771220467,37.941522600902,0.471574056773596,0.841192274989856,-0.11839430913063,-37.2670614959698,5.19094892307644,1.43090491109583,2204.9758566679,2189.80899876344,0
1.96,-1.05808005825377,-0.176029801368713,0.14395159690028,40.4695540684137,-0.0327622665808362,-0.932659579874104,-0.258856475036252,38.6959606854492,10.8650658379459,-1.30985201537375,2189.89373449578,2173.52661845691,0
1.97,-0.811920908130696,-0.144889980554581,-0.103292742236495,32.4108514499376,2.58131494776099,0.687291252159721,0.364673711051836,-28.6836210199355,-14.7897977298602,2.11936723453531,2174.56550183824,2159.5400858942,0
1.98,-0.740387630054559,-0.0623161494731903,0.0442992334106088,31.9123932410258,0.504175304009133,-0.531409947854377,-0.457901990909241,24.6651632386402,21.2598295871991,-0.842017224165831,2160.79364657154,2148.39602989406,0
1.99,-0.569961416298479,0.0180091857910156,-0.0603341410835333,32.7214411450683,3.2440349047525,0.0615245328686782,0.627085070638401,-3.00173752140212,-32.8650507780091,3.13220989557559,2149.36255479948,2139.444662986,0
2,-0.562086758296939,0.0746495127677917,-0.119753052133248,33.3408710665647,2.86741476910169,-0.0564076084234544,-0.585112314915648,2.67656623464542,33.6014627793903,0.00248564943764926,2139.78153483909,2131.50719373634,0
2.01,-0.732014067369757,0.0966148376464844,-0.0844770045867586,41.0308863848383,1.02925911928451,0.0817835734016265,0.701714435880066,-4.21602221339812,-40.5349738424891,3.09021202131297,2131.29804521749,2123.68337984016,0
2.02,-0.677628827233406,0.110736936330795,-0.0631165148071165,37.1587737271856,2.82795223702804,-0.171047941632815,-0.604664948801137,9.57015703719502,36.3073977019422,-0.166529606655662,2123.14154241434,2116.00894516208,0
2.03,-0.517408607735049,0.14912773668766,-0.0381345718221386,32.5721645784791,1.91076243722459,0.205751299223512,0.455392578999897,-12.9366389698262,-30.4058191977143,2.80176344961293,2115.54943329224,2109.72425513757,0
2.04,-0.40917755699122,0.247426107525826,0.182487953117549,30.5319062489006,-2.72341906176861,-0.144155185699175,-0.32069599360097,14.0504877795907,27.0905461449491,-0.562765066290706,2109.78414242202,2107.0419820309,0
2.05,-0.409638076101048,0.432579278945923,-0.139848948921836,37.7791704263903,-1.19736300001263,0.20627349029992,0.232033962884972,-26.4729660862539,-26.9162034361039,2.32699418717629,2107.99102593477,2110.46445661055,0
2.06,0.14518818856799,0.698008596897125,0.0675263358447775,29.0795377980174,-3.18775220580515,0.143306145475309,0.000202622999788037,23.8538175343521,17.3342360217125,-1.05955915507816,2112.18266094622,2121.85190201619,0
2.07,0.36600836485898,1.00671553611755,-0.139386858326664,36.6978419879898,1.05606936161406,-0.262158312899866,-0.0980734005414579,-35.2312956059357,-11.2865285685682,1.89403057897023,2123.65360336487,2141.53498722348,0
2.08,0.568631850755002,1.28592014312744,0.0252788306690405,34.3524765166784,-1.19316520058552,0.353976173290595,0.51127053199688,17.7383062744245,28.8587425458967,-0.577498105503097,2143.05947784357,2167.77007964758,0
2.09,0.585630205583635,1.45889854431152,0.0696703277326868,40.7250638383355,1.2910523064816,-0.297180841096546,-0.598847530809195,-19.5330190072859,-35.1234137253665,2.65504159555408,2168.13801228946,2196.7495725403,0
2.1,0.862651877308816,1.47008442878723,0.10367271777049,36.0138620618162,-5.36447213072501,0.253477791844054,0.725372067447296,2.28228515909345,36.3672595185899,-0.201367923875333,2195.50111746475,2223.22578868509,0
2.11,0.54983473899461,1.27830004692078,-0.0799793752546614,36.9666015627234,-3.25021283986957,0.0854343528385717,-0.558037597452541,13.3306312197603,-34.2274506881115,-2.86375992852,2220.07944008512,2241.62860790861,0
2.12,0.247699463528694,0.896858990192413,-0.0858921639031721,35.7215316696203,-0.713257724854906,-0.155977055017559,0.131218645676567,-28.1438279484353,21.3497481820992,0.912309190270841,2237.02359161481,2247.40550374111,0
2.13,-0.502397001768651,0.388498574495316,0.043579622333137,40.9042937238825,-1.74664457198926,-0.408721837403053,-0.0604229143053932,40.4962218733723,4.17208067883351,-1.512786670302,2241.99196630499,2238.23271626717,0
2.14,-0.96182702692919,-0.157446473836899,0.0288927621914286,40.022157079913,1.84792583292683,0.697258382059906,0.620328360354059,-29.6203772647347,-26.0812285094548,2.33107081474331,2233.16093835259,2214.76276151812,0
2.15,-1.33391839862326,-0.623925507068634,-0.24129276659856,38.665062077414,1.10291851294878,-0.332734821859251,-1.34330744770101,9.78950514977159,37.4235781314742,-0.223598487777567,2210.90311465493,2180.68423547374,0
2.16,-1.63467530605084,-0.914937019348145,-0.0320704116685814,34.2495111177092,-0.123411390509113,-0.266962845263068,1.56801509899103,6.19234008694401,-33.9062230876192,-2.9797636380436,2178.96615715124,2142.04598191487,0
2.17,-1.5841620697738,-0.968241930007935,-0.149212708808195,31.6200327902065,1.75167162008899,1.35184879619865,-0.849722075206605,-26.5443723665636,18.1351508004154,1.03809171617633,2142.83652870272,2105.99137352732,0
2.18,-1.14989413179853,-0.779431939125061,-0.206107082544847,27.6972557342473,5.26852110275131,-0.978227338516831,0.896881064696454,18.7526176632972,-21.2631592526582,-2.23012773372168,2109.36639116417,2079.20641082637,0
2.19,-1.12507121550162,-0.358281135559082,-0.0544117440551624,36.9778894770638,2.96520585674643,0.523970171931216,-0.950598899777054,-17.1023542979957,32.9055326918706,0.567478357606058,2084.14557644329,2066.46375112739,0
2.2,-0.593754205943707,0.195299476385117,-0.011491579922751,35.9346975765317,-3.61154696129838,-0.103963119222664,0.498683040884443,6.08069626339138,-35.3585122585841,-3.05771342062111,2071.98789244321,2069.62165392408,0
2.21,0.156707860436825,0.761012315750122,-0.0123216889779169,33.6939084140324,0.641950996435316,0.0491219195687676,0.0903991563194887,13.8612757445809,30.6285087992204,-0.435519039954797,2074.46950171218,2087.31825316696,0
2.22,0.464497211937604,1.23397541046143,0.0504469603316948,39.6485893469158,-2.40796453528041,-0.377225788057523,-0.241716785366815,-29.4042104202315,-27.4700062011863,2.25658388356148,2090.56120014292,2115.42001902977,0
2.23,0.886502644700282,1.52759563922882,0.020772215440352,33.8069603783277,-1.04786582465404,0.815083930821127,0.31148242526974,30.5261733837557,13.7826903024151,-1.17837421613965,2116.36779588597,2148.08851231801,0
2.24,0.901306578896254,1.60269212722778,-0.0574168550101938,33.9054339308161,-1.48208018555482,-0.890635495148472,-0.260686654763401,-32.5204049671746,-11.4474705077991,1.8795247517845,2146.7130097485,2179.17464277199,0
2.25,0.746690691818506,1.47275900840759,-0.226276883903585,35.1843848725784,0.243409155034105,0.699564280112743,0.343123209685522,32.1177902950891,14.8886756208171,-1.12484417839735,2175.84979811669,2203.57616104614,0
2.26,0.425778249852572,1.1830096244812,0.0515897206364167,38.4099381130354,2.72155642543615,0.0373472031795104,-0.435557409653685,-4.75319822212946,-38.0248412716335,3.09291263738703,2199.18118294375,2218.22051313732,0
2.27,0.124202299075197,0.8170046210289,0.07431447396169,38.2151049129943,-0.0482689155322075,-0.0120168352549223,0.0657860691933838,-16.5461377831226,34.586420258052,0.423147980155373,2213.6318902602,2222.45190093979,0
2.28,-0.293819084745544,0.462018519639969,0.0277017106500646,34.5440931237199,-2.92111586301444,-0.210948603032671,0.079363875896155,30.2082789346268,-17.436286129382,-2.1763750965276,2218.53592151535,2217.77381641435,0
2.29,-0.570601489417419,0.186603218317032,-0.036902284889165,37.5117648808615,2.46693449767135,0.541369143970593,-0.0852887720962115,-37.1241229023667,4.71602505990329,1.51125396514533,2215.00312661812,2207.07685733358,0
2.3,-0.778570883852318,-0.000221043825149536,0.0494702700359397,34.881704814368,-1.11443429437406,-0.615057348686416,-0.317493371708985,31.3395431626611,16.3369140704998,-1.13114676892392,2206.04638497062,2193.61593681319,0
2.31,-0.814248988410631,-0.0714113712310791,0.150913177838637,36.7313753854745,0.343626500990507,0.526471478053165,0.599193364198007,-24.3580989870817,-27.9205242180056,2.430375481804,2193.94954266654,2180.0542702136,0
2.32,-0.867234866636255,-0.0580302774906158,0.0794706278192639,35.9678221155684,-2.93006660740044,-0.228213188315993,-0.732466261156632,10.5785130630078,34.6358110165045,-0.38463803728663,2181.03127362855,2167.85084474728,0
2.33,-0.752435314796835,-0.0205738544464111,0.113774055913955,33.8931785150916,0.242731174521051,0.0803255204482282,0.681402685793858,-3.95812407238795,-33.79821172217,2.9914301923912,2169.03044980088,2157.14781454734,0
2.34,-0.717379522789343,0.00811907649040222,-0.10341239349874,35.4720537240449,-1.03370068865166,0.471633253375509,-0.487640842122751,-24.4019472527538,25.2051295511113,0.745039051531521,2158.0893075074,2147.15160863625,0
2.35,-0.581845280787567,0.0166516304016113,-0.0503607574690198,33.0952282695219,4.47730429101709,-0.405652559568841,0.490509076511588,21.5010887975353,-25.5535571458814,-2.324702550706,2147.28491073487,2136.84551433397,0
2.36,-0.825234359577307,-0.00790417194366455,-0.157054008523897,35.1400495835062,2.32669215327467,0.450332280230057,-0.533249662842875,-22.8813611074636,26.8133206493376,0.810914770932899,2136.62853790172,2125.76861616611,0
2.37,-0.861758063953104,-0.0165537893772125,-0.204410204595666,38.4026385314616,2.42113718437685,-0.467481350856652,0.629496810617897,23.4477070453152,-31.3293525571298,-2.4166903047992,2125.4339780981,2114.57668482398,0
2.38,-0.659330275087223,0.0238162577152252,-0.140573433731078,36.2910047950939,4.8269140206149,0.284280375448533,-0.622728006821796,-15.2591043189007,32.7975523593093,0.556454968478868,2114.64823282869,2105.17047595225,0
2.39,-0.353510647952026,0.14361846446991,0.157853801986492,29.6382396806892,-4.23229457167125,-0.202741570639351,0.395410127426907,12.6684798093929,-27.3140270396056,-2.8256227074726,2106.02320284736,2100.31497410449,0
2.4,-0.232629173357391,0.371418863534927,0.225038381730197,32.8954928619655,-3.40099121117001,0.0660938281445197,-0.267076883485806,-3.94620268674669,32.6943925617883,0.0272542207945332,2101.93476098641,2102.83808159965,0
2.41,-0.0316273127193114,0.683745145797729,-0.000701508734227953,38.328938417344,-1.80447300754969,-0.0286692944686238,0.0760457790979001,-7.78491669441316,-37.5367128470659,2.87614524240702,2105.21937219967,2114.63945726592,0
2.42,0.525199946986615,1.03440999984741,-0.0206290016269536,29.6822369625633,-3.74291431057588,0.296259003897625,0.35382567258545,10.5655521298677,28.2771328816946,-0.503211948568313,2117.14755721558,2135.81619905098,0
2.43,0.590149550975934,1.3453197479248,-0.0220499949776548,36.7054743077234,-0.0577993927812092,0.0698006153890026,-0.618357198309301,4.86890038044954,-36.6252133111168,-3.0181610949175,2137.78355263054,2164.19735704255,0
2.44,0.724750101547963,1.53979301452637,0.0663365480140568,38.0901875927808,3.70830527928191,-0.207912517774994,0.764387349351622,-3.73539173624748,38.2725541748989,0.182681711466367,2164.93350882649,2195.47570776251,0
2.45,0.761900959132541,1.54602909088135,0.0834826310586796,41.9444497357282,-2.04034355815621,0.283034777129939,-0.667500986477868,20.0218218336391,-36.8540434480139,-2.68902256293394,2194.38549874718,2223.96076227032,0
2.46,0.597538577910334,1.3416793346405,0.0550178086762301,41.6407665959145,1.68836837941602,-0.434980334795441,0.293200938077363,-32.7203943457259,25.8615797429302,0.930635977739918,2220.88196302658,2243.79787780203,0
2.47,0.158065460479663,0.940302073955536,0.101072189366209,40.5953550068005,-2.03545137818509,0.142040414217071,-0.0208758611097295,40.721409014445,1.36448818897975,-1.56578244372041,2239.09434039232,2250.35602843514,0
2.48,-0.311327441554932,0.407922118902206,-0.10337432045191,41.9341953884882,1.1594140382672,0.315250471232167,0.266948714313431,-31.3284440237175,-27.7547680897567,2.31101371271107,2244.93190345225,2241.42312931755,0
2.49,-0.773733415397799,-0.158315479755402,-0.106123766711444,33.5019951216328,-1.45075276324691,-0.0603307096507281,-0.818225198886359,2.09087105263464,33.8713772439204,-0.104719630197107,2236.44448733893,2217.88297142639,0
2.5,-1.39034968451569,-0.636872410774231,0.0503621148985848,35.2161602048563,-0.774821650700122,-0.642543356628236,1.17169934518852,17.2472027629299,-31.3637499599649,-2.63381727103992,2214.34446106216,2183.67426480875,0
2.51,-1.5858467585648,-0.930645942687988,-0.0764981557696638,32.9343654906416,0.458857760685465,1.57565095511232,0.142253469654481,-33.2533627831988,-3.08612801453054,1.6632383968673,2182.4117733256,2145.01658821163,0
2.52,-1.54560171508351,-0.981399416923523,0.073225003178193,31.2212136016036,5.32729472514936,-1.56265844878178,-0.287730563710784,31.3806224384281,2.49724044787642,-1.31982200189436,2146.56728947011,2109.0801220887,0
2.53,-1.36657461743459,-0.774915814399719,0.184948625704724,31.2914204895957,-3.25417548174187,1.36069231708068,0.261893780414226,-30.5326017106946,-7.53178259511699,1.7212945782259,2112.86111410335,2082.42315617541,0
2.54,-0.994871241229902,-0.36249852180481,-0.26220469055157,33.2269318593221,6.98127706533413,-0.963550357923201,0.304291098346627,31.161002720136,-12.1630297950154,-1.73945427196751,2087.51519485556,2069.58291864866,0
2.55,-0.55187373171298,0.178864613175392,-0.00170589106457793,36.5845637142369,-1.89471549799941,0.462093571501591,-0.3001400730822,-31.0461264749975,20.7236116520337,0.942506879233606,2075.18609712291,2072.16425702621,0
2.56,0.0306242026983424,0.727070808410645,0.0326340205106608,34.9849105615133,-2.62007184589089,-0.0394174486158393,-0.0771695665518106,17.9483783350165,-29.7348170594905,-2.69710894917172,2077.02910581628,2088.63847189561,0
2.57,0.667577137488461,1.17232429981232,-0.10567485643397,32.1960577865554,-1.95549764706589,0.0390930966955437,0.554056666406038,-2.54520855464728,31.7603397686568,0.00960855160961538,2091.92891179123,2114.87769758098,0
2.58,0.642880859751409,1.44538831710815,0.16302877453701,39.4675372837616,-2.12979224440794,-0.254218802121965,-0.624466284911296,-7.51693988573366,-39.0466834685205,2.86181323703066,2116.00924339574,2145.26005886858,0
2.59,0.742796932470695,1.51446461677551,0.141753309489038,39.3065042005882,-5.50198037099625,0.373645636219904,0.663524667759359,9.47688377485309,38.040349998748,-0.374990091859025,2143.94164710544,2174.0392628752,0
2.6,0.831077521919137,1.38849139213562,0.162769440599838,36.4656925744306,-7.85874075798576,0.187208355084889,-0.68039883686925,22.9688868896154,-28.3907057021527,-2.66259716151153,2171.04894305131,2196.61708171517,0
2.61,0.483697936426173,1.13338088989258,0.0065863840877267,34.13158504913,-1.41964880302748,-0.312664094608468,0.348180455669613,-24.3335943538938,23.9796374025117,0.76838949692125,2192.5791170677,2210.40157157728,0
2.62,0.103200426112284,0.810317277908325,-0.00652729960851076,31.7272857041616,0.517036232655929,0.185420171968513,-0.0489723734116895,29.1291055496523,-12.988473076611,-1.95353568092771,2206.28572192212,2215.06307704718,0
2.63,-0.0536844135238099,0.500134348869324,0.0716302235820339,32.4603165703421,-2.38682578674322,0.126605528068975,0.0636913291006762,-32.0560038592854,-6.02430982683726,1.67786561559656,2211.75087358738,2212.17578863956,0
2.64,-0.433408863708591,0.258745193481445,-0.146147541801321,34.5008721544005,5.67263036907745,-0.414351443576007,-0.140988939887611,31.9819165202934,15.0508930487384,-0.96071040867346,2210.18778852351,2204.40416583805,0
2.65,-0.624166331228716,0.115662127733231,-0.00618499186362897,39.0919115163777,3.67226963529529,0.357768275646287,0.539080417919641,-20.8898895048882,-32.9084084976223,2.65320821739705,2203.73736431882,2194.51237786843,0
2.66,-0.639922781307616,0.0571961104869843,-0.0472337117353677,37.5857262175149,3.14301301639999,-0.120687643786987,-0.672611168327739,6.15232390026252,37.3793433322463,-0.0732055897428753,2194.92635554553,2184.50849555319,0
2.67,-0.644762058041532,0.0604835450649261,0.128988116564662,36.3129197769333,-0.951746775608412,-0.19212923651525,0.623401793147243,10.8202590701625,-34.8967125488863,-2.86815625756694,2185.28803012257,2175.17604103455,0
2.68,-0.840741474208161,0.0606922507286072,-0.043778070757184,41.2975245588558,0.660735429673626,0.365346644475047,-0.638947586084278,-20.3670670647504,35.2703493441445,0.550708053399168,2176.11467869701,2166.11318197982,0
2.69,-0.70999468584748,0.0409761965274811,0.193094624835807,35.7574442767561,-2.68747213416942,-0.653352247411346,-0.0136409912518183,35.6106635795634,0.498515564537017,-1.63750898422406,2166.67424903408,2156.23490800985,0
2.7,-0.538615204241886,-0.0106163322925568,-0.0590222443759709,28.27776647037,-2.45436441731169,0.554840643019932,0.0849778522232031,-28.1123533197139,-4.3025884437072,1.64076589038823,2156.28542093967,2144.54561702352,0
2.71,-0.577066517257954,-0.0805367827415466,-0.147310192816086,28.6687399962451,2.31580493192231,-0.631543350401622,-0.0338394067680768,28.4727667140478,1.38213018074057,-1.44586932190432,2144.26033900982,2130.90291563815,0
2.72,-0.829380747010066,-0.128127247095108,-0.101689277242856,34.1846844341044,2.16794816824549,0.795697234261566,0.0103606165698349,-34.2979475002758,-0.1966028123123,1.65663041558624,2130.54390423128,2116.49402760201,0
2.73,-0.741253985493378,-0.104742497205734,-0.191235567698016,38.3719642491774,3.00468958898567,-0.844873115943112,0.107116610330179,37.9379649193706,-4.95939261217552,-1.62594379152419,2116.76828612605,2103.83405279716,0
2.74,-0.614224413070399,0.0303258299827576,0.233213194083621,33.4233321907843,-6.34924049960189,0.633682245021918,-0.0645832563030377,-34.0243719100206,3.90736969747098,1.27938853291258,2105.11505212544,2096.24455671691,0
2.75,-0.340523484808969,0.279411435127258,-0.0830018341374551,34.1158098670266,-2.30517923221541,-0.334886050226289,0.191128922460438,29.1014536891352,-17.8726944186279,-2.16760710264955,2098.52007887398,2096.93730812579,0
2.76,-0.0171082633117835,0.626654744148254,-0.0689046414708961,31.4091057481293,4.17955229802004,-0.073587884738788,-0.032029941111645,-15.8690996568899,27.2654118381176,0.648409945021057,2099.93408792982,2107.96159183584,0
2.77,0.273721267528451,1.01810586452484,-0.103834594137988,36.1724050158965,-0.9623888805752,0.0857245576683474,-0.295293067692579,14.2827423926839,-33.6331991192782,-2.77359494376688,2110.93862814416,2129.33357590717,0
2.78,0.641137624421295,1.36103391647339,0.0225615620228885,36.2147743987434,-2.52880859705394,-0.505072439857253,0.432409869737773,-30.7784438652442,18.6262556608469,0.94908513637299,2131.63592648823,2158.63289137381,0
2.79,0.917710450124382,1.57395577430725,0.0681757030144378,32.9644416103781,-1.07360402549128,0.741015270914295,-0.554967040331883,28.4334534405894,-17.5740814034553,-2.17554134120363,2159.61384243786,2191.23208337001,0
2.8,0.886341059552508,1.59167766571045,-0.117319548393682,36.9517098248344,0.818340902847525,-0.812181180626163,0.301304891739463,-34.4753218210022,14.041972219345,1.20118033752455,2190.32754980675,2221.15135541838,0
2.81,0.741237768039359,1.39047205448151,0.0216198760053077,36.8574188641065,-3.92639853672616,0.67203840112129,-0.0347260948735628,36.6225399038418,7.64669448708279,-1.48716467520533,2218.09435908594,2242.35267173269,0
2.82,0.303315703393757,0.984835147857666,0.156161550485764,38.4055722847957,-3.69595653528057,-0.218780563916222,-0.103400791382937,-26.9667491900851,-27.7343961081995,2.28430788091422,2237.76243717115,2250.15480419851,0
2.83,-0.250778107014188,0.450595945119858,-0.142950023698987,33.6340910633819,4.14278891440709,-0.115645602089703,-0.197360948125889,8.66971860458593,33.1773919984117,-0.127562812418337,2244.75569272005,2242.40309635474,0
2.84,-0.756765308827484,-0.109359353780746,-0.14817538166118,35.8018009029328,6.69332770227377,-0.352470487844925,0.733202000591619,15.2044903482577,-32.8548764790771,-2.54053886159278,2237.34665388252,2220.07992491462,0
2.85,-1.13522051041864,-0.58692729473114,-0.145478570358207,32.7988013964516,2.25564878853501,1.13509120123511,-0.456519916527822,-30.1275472065491,13.0024423911519,1.22462555808747,2216.46364078296,2187.1813939571,0
2.86,-1.49656486896217,-0.875425457954407,-0.0954863384594904,33.8949337405411,7.51715953242267,-1.15244021776133,-1.02254709575438,28.5536471632142,19.7100342652202,-0.741043480630872,2185.74073964351,2149.87532897837,0
2.87,-1.55458241078667,-0.931764721870422,-0.247959714216418,35.1148676129213,6.58925475876622,0.965155958392087,1.28367959054101,-24.116168546913,-25.4810634350042,2.58916200112176,2151.13857345956,2115.14345823979,0
2.88,-1.40978921113155,-0.730704069137573,-0.167403716606963,33.1583328246497,3.15677027789285,-0.84676997064221,-1.08281950055391,21.7852831946954,25.1254330724264,-0.614153204781005,2118.75992687668,2089.24524216988,0
2.89,-0.859200269242691,-0.337458580732346,-0.211203484375422,30.7285788093322,2.53715325599825,0.747586507525897,0.554792470015347,-24.9956165514699,-17.7806929589089,2.25393012470622,2094.22973225309,2076.38523098791,0
2.9,-0.47046294373593,0.156023442745209,-0.108154789293428,36.2801361337932,3.21290195214644,-0.546855151686043,-0.090933977874906,35.7674224187538,7.04742722514536,-1.29742803805603,2081.76115091931,2077.90818248049,0
2.91,-0.0630091253849364,0.662622928619385,-0.0400201205614582,35.5332633821928,-0.578356601823228,0.0315343999184636,0.00783163231189395,-35.1423418059768,5.73960513766585,1.39164669091949,2082.64966427826,2092.20284954249,0
2.92,0.419948108957983,1.06558835506439,-0.00654184822511211,32.4928677981866,-2.13910881564909,0.337625704731479,-0.282012408261563,28.4907524816804,-15.6813793141963,-2.15096277140892,2095.45840864947,2115.30637738587,0
2.93,0.652851783400394,1.31465435028076,0.256287602850365,33.1619341359731,-4.85966401177435,-0.366219651491681,0.581257090943719,-25.5050701071035,21.2674453756769,0.716053749181397,2116.43335519129,2142.0189655367,0
2.94,0.675046062260213,1.3758556842804,0.00440557818200904,36.991569939363,0.367000922958289,0.382653121128938,-0.538859813503912,20.9211252204902,-30.214966533873,-2.53051564320114,2140.96362161751,2167.21273221533,0
2.95,0.470695951203577,1.27049839496613,0.114385873882156,40.3404116241073,-3.51071229074574,-0.462565713259415,0.132536916661269,-40.7444781078053,2.56942331865061,1.42936193831946,2164.40237914174,2186.98301190364,0
2.96,0.317698377959617,1.04480397701263,-0.123359186527642,34.4771887069505,1.76839749734591,0.370100471120992,0.0631739582664179,34.5365127853616,1.55738780435158,-1.48057749035124,2183.54414343477,2199.35237073593,0
2.97,0.0159852020426881,0.779173493385315,-0.0486783052406381,37.4579147802751,-0.770559568785042,-0.0454679226960196,-0.00666015877039155,-33.9219466107588,-16.6306004419189,2.0096423212721,2196.04079109355,2204.37758361278,0
2.98,-0.0430421658710863,0.537324190139771,0.0960720991435651,29.2544676621322,-0.0442611830992095,-0.0136411346758751,-0.0278495652021363,19.00261889426,22.4145864947789,-0.717033680442952,2201.91462520072,2203.68616218851,0
2.99,-0.369338952466864,0.364472597837448,-0.0507191497054212,35.6327194333831,-0.0138933973312763,0.0924868956117552,0.306764197517279,-9.88665419470301,-33.8514701279393,2.861781027435,2202.28066695417,2199.63063157227,0
3,-0.205212891019281,0.27128666639328,-0.162145923089426,30.8897143692329,0.428883595485175,0.032482491905993,-0.328717641875779,-3.82608100699988,30.8603698628092,0.146232409805324,2199.30913977958,2194.34960805936,0
3.01,-5.18006967862615,-4.59999990463257,-0.324676344498617,25.0781836423161,13.4634947941011,-0.618927461539986,5.05235146524825,-8.97339460958357,-27.154003510855,-2.9639117018982,2083.10194796765,-25.802033224267,0
3.02,-5.04609264568414,-4.59999990463257,-0.0929896153414848,22.8441820997162,6.67543249533143,-3.4615578337572,-3.65750316146067,20.0401611675837,12.5657150230244,-0.730246273680311,1955.10515756983,62.1860147537548,0
3.03,-4.99112629681685,-4.59999990463257,-0.0268493694437934,20.6734269690699,7.52529420434978,2.53696034886895,-4.31395403531656,-5.11827083225722,21.7740984448779,0.562307482590604,1826.59014947208,120.351615223318,0
3.04,-5.0784108134836,-4.59999990463257,-0.127720560737001,20.1578366526963,6.82928464745055,4.97014008530176,0.298945001079522,-20.430220243083,5.15652466157865,1.66019717419328,1698.95179992694,126.836749930181,0
3.05,-4.84991840909778,-4.59999990463257,-0.0383073230865294,11.8580121764411,8.67481775645106,4.16966018307798,-2.41823096212024,-6.71688996218665,12.687305465343,1.07992770936763,1571.96085552179,81.1258727141093,0
3.06,-5.01741006168544,-4.59999990463257,-0.0199995581764528,15.8476903182786,2.81773445233684,-2.09924408270886,-4.43832972354768,9.6210945192861,13.7552865230659,-0.428196403459769,1445.54686584978,3.30604900480004,0
3.07,-4.85217531207495,-4.59999990463257,-0.285759166400755,11.8912368610986,9.7974172880515,-1.14596544392877,4.6810039623007,-5.74996472441013,-13.9479319989735,-2.86114302333084,1319.25100455843,-74.4928497203472,0
3.08,-4.90407464144722,-4.59999990463257,-0.256488241715366,14.1561560217948,9.79401075125371,0.135769282862419,-4.87735562444697,8.55435241464617,15.4300788347543,0.0680400462606998,1194.55963992358,-121.12789694994,0
3.09,-4.73769662260596,-4.59999990463257,-0.0536130564147863,5.140356823663,7.57554671865732,4.16310040492082,2.15896453536227,-8.29397080488579,3.7391452123921,2.08144946347614,1069.42932665584,-118.920323947865,0
3.1,-4.84183536234389,-4.59999990463257,-0.0867997132102683,10.6744845329689,4.78795640067946,-0.123539593799688,4.77719594519528,-4.00768900074361,-10.1366896596558,-3.09626788252075,946.815495148392,-70.7874638094866,0
3.11,-4.55456105245811,-4.59999990463257,-0.301726253971507,3.72593624281716,8.27033071427055,-0.971596650658088,4.55448073111771,-7.32931722900804,-5.70663521010578,-2.89422315535077,823.941982469419,0.720128316020355,0
3.12,-4.64765608836663,-4.59999990463257,0.0703680722438905,5.440558640488,0.964267206165442,2.04797240981056,4.21603320786395,-3.0721383073625,-4.52141453723825,2.69357959692208,700.756587615433,62.1411862911768,0
3.13,-4.66466143064413,-4.59999990463257,-0.0525647487910177,5.1125359433281,-0.606675805015272,4.1757866073912,-2.07645124851655,-4.06788970144298,1.3223575841756,1.10708812999919,581.16544868941,82.2886625865773,0
3.14,-4.62604801912296,-4.59999990463257,-0.244863555643987,5.79429644937965,3.25273875400658,-4.60754522351253,-0.890260578528523,6.27773906375849,-2.35451248286706,-1.36427065520027,460.105139301269,44.8790945266498,0
3.15,-4.60828772238493,-4.59999990463257,-0.154626992279406,0.544962091205265,4.91414958493364,4.59008037844402,-0.107589600634609,-0.557141744779962,4.56323474438512,1.56747773977482,341.672790277076,-44.2393993993895,0
3.16,-4.61238632499662,-4.59999990463257,-0.0618448301526955,-2.7353824618516,3.03682262258894,-2.03090291025983,4.0636082047446,-3.38734089217796,0.30620150324724,-2.66528999324127,221.389212072238,-158.101841818042,0
3.17,-4.4969293357194,-4.59999990463257,0.0622909348912639,-0.9360666626461,-2.15270690230754,-4.51659386374694,-0.545863944558728,-1.67110944416582,1.57483187089154,-1.45812975173915,106.307292861786,-257.639093900895,0
3.18,-4.422645417822,-4.59999990463257,-0.130418704873851,-5.42569950278443,-0.339261113050682,-4.04769148932508,-1.89436075248048,-5.04237230468726,-2.19787105365687,-1.13371688647537,-18.4900406548861,-305.434794683997,0
3.19,-4.27817024807948,-4.59999990463257,0.0860479303943005,-8.76196450886729,2.28093165321337,-4.34597223866868,0.701186460129573,-9.06669296047006,-0.735351489994825,-1.72139674604381,-139.842342528557,-279.172267487747,0
3.2,0.265801167186239,0.306911736726761,0.0151879511497488,0.948657738450977,-2.24261785165401,0.0089537538202747,-0.311953839274553,1.70964845675016,-0.65172655933161,-3.00976181258692,-188.914156409744,-179.803630289842,0
3.21,3.59224061220605,3.68786573410034,-0.126169477569481,5.64067559961112,4.05584959047446,-3.12247888027091,-1.77108997414658,-7.19792708353538,0.725528443014024,2.06411229446846,-125.268503039056,-31.4174705498416,0
3.22,4.5968831949072,4.59999990463257,-0.101531674490311,6.49581275540722,-1.91422293943533,-4.48390881778064,-0.0122136397580241,-6.83837215311987,-1.89057733211973,1.58160285636298,-4.74520707979308,127.143561426603,0
3.23,4.4360788222666,4.59999990463257,-0.00143201194310168,9.83507868712051,2.82790780815325,-4.01140022055586,-1.86600110771036,-10.0014288833375,-1.79516140134783,1.99510925691354,118.716420646839,255.809276227996,0
3.24,3.8879048352182,4.05540227890015,0.0201852770847007,10.7075120431913,2.23475414803745,0.704332561493275,-3.79566102645176,-0.168899590210863,-11.0011298115569,-2.9685794150472,236.180070004994,326.955838360621,0
3.25,1.68662314915181,1.82212209701538,0.160383515305822,9.37579625356002,-0.260598572042318,1.34709887998592,0.951413667372184,7.6561585737377,5.96706906535945,-0.950680419817125,306.615428284353,334.209589681069,0
3.26,-0.233822582778655,-0.300137221813202,0.0435735281761635,-0.528424731403287,-0.517793090824651,0.276280756075274,-0.0441177004865719,-0.102222050590354,-0.389024401864527,1.38359029536491,321.220233985555,293.216810456432,0
3.27,-1.61401847282201,-1.53762173652649,-0.0793223789795584,1.39349238796454,5.17872003701708,-0.658188600684846,1.40174087164921,-3.89898826571399,-3.7906998472824,-2.63450925512518,292.21919638492,234.24370994896,0
3.28,-1.63602039279571,-1.69674324989319,0.0327021788439003,-1.64144892545046,0.81187750409302,-1.00583633645388,-1.29837080837007,-0.552387234024977,-1.67607414762616,-0.651818182454858,246.919589848414,189.534597610072,0
3.29,-0.959255230214205,-0.879423201084137,0.0343743521632783,4.51832776454123,0.466355666206503,0.793860135684962,-0.500436712372271,-3.16642396574381,2.48573559700633,1.01820304891248,213.180930751705,180.304093661389,0
3.3,0.290965699119841,0.3467658162117,0.0669725960193281,6.0579918149092,0.451731580214302,-0.119085116681622,-0.209453763782599,-4.44575585683095,-4.69458219735067,2.54079226528959,207.305044349489,208.341321117295,0
3.31,1.17293032650622,1.32099056243896,-0.106978829894174,6.4694702653363,-1.63688705700992,0.995652120661106,-0.690669244775682,6.25952270003885,-2.37167520394929,-2.1530064375441,229.813338419367,255.425507421449,0
3.32,1.35635686504698,1.42077219486237,0.0606902208488753,5.10588429419293,-0.59391460594719,0.45738727135132,1.27113620641181,1.08389348570496,4.43963942628484,-0.338567005416514,266.384021689596,290.766536404893,0
3.33,0.350740115303849,0.419354677200317,-0.0951324840635035,4.44214223446547,0.149829645643981,-0.350649687637657,-0.0588447191584245,-4.26041810592289,-0.225691982123938,1.71560830814907,289.267295318056,283.618361832384,0
3.34,-1.49870706613991,-1.43780493736267,0.218277751496834,5.25865886849205,-3.47764427663347,-0.988054382586,1.15201657263955,5.70490315809603,-1.84960198090206,-2.47635366535415,273.421331109825,216.225380791294,0
3.35,-3.53904063000749,-3.64123010635376,-0.054854845410292,-2.32909042481258,5.45472219509815,-2.32024480393058,-2.71167780114706,2.04925891545539,-5.0435923760928,-0.680924521567681,206.584086280576,92.1036266117743,0
3.36,-4.51293763876521,-4.59999990463257,-0.0517087628800914,-4.4470533397127,-2.94627937539699,1.84978680345828,-4.09233649919898,-1.3749388033328,-5.4183842839674,0.409423686425579,87.9081580046665,-63.6071640946957,0
3.37,-4.35838665300114,-4.59999990463257,0.154805157621003,-9.24480597029916,-0.783858653854098,2.58257490237009,-3.55875297456636,4.79307095711641,-7.75612649499727,0.624789750336758,-28.5453166261355,-212.007952645523,0
3.38,-4.48639972423572,-4.59999990463257,-0.136188162909282,-8.24153937728555,3.26918250348279,-0.118120728903854,-4.40463447040998,2.81766879481541,-8.69727043309983,-0.0136560908023771,-147.269437909551,-313.708325679959,0
3.39,-2.98581245103617,-3.19976258277893,-0.00213079475696674,-8.24698617284331,2.31595449144085,-3.00151578022514,-0.0895850747578095,-8.71090019134039,-2.49465498223675,-1.52712224767118,-255.986190548933,-342.627901073835,0
3.4,-0.124735863376652,-0.162986189126968,0.0944280560196523,-2.55179450837316,-0.336532198167487,0.0332004961071514,0.0871624710997511,1.36156156396934,2.06911655861968,2.70359077283319,-291.964130010911,-295.223394631408,0
3.41,2.46794481891999,2.47896480560303,0.16961851506254,-2.37873274295846,1.10332272147813,-1.55819073699736,2.00278613314869,1.99502911511249,-0.837781364908011,0.652508721300144,-257.38143275488,-191.708445182624,0
3.42,3.78713690043016,3.83429718017578,0.0581285649390997,0.536380548401978,-0.322817586990192,3.04943873130924,2.33159858626482,1.15126027838899,-0.14500052962391,-0.922427203604122,-165.676444733448,-68.7959229153508,0
3.43,4.07057722646869,4.04330825805664,-0.144042637471074,3.27865395317508,0.333957186030921,3.91511682265316,-0.739496414334256,3.80781320841678,-1.36478893818414,-1.76066480712612,-63.8169452528259,33.3660451075493,0
3.44,2.7983330186522,2.95371341705322,-0.179863355481533,4.54403419157675,1.65864479026756,2.74784630052847,-0.889044177848354,3.61753986727167,-2.85540968501523,-1.89445999478908,22.4894581339889,85.2490407414853,0
3.45,1.09187366077135,1.01618409156799,0.0615991584364712,-2.09419424433175,-1.4156831644913,1.06582632620115,0.0352303311658106,-1.48100615699186,0.455855716484855,-1.52796546473606,69.7541278889945,77.8304920065365,0
3.46,-0.789142946614398,-0.929062008857727,-0.00579808052621624,-1.07233716870069,0.852784905768811,-0.74672987979798,-0.466181118383613,-0.734087343029717,-1.434129736496,-0.994460790391671,67.5953814598102,24.732852190091,0
3.47,-1.92568552966651,-2.01985168457031,-0.00222697187108586,-4.30465813428242,-1.75817420554945,-1.1164053143075,-1.55752747039116,-3.85249508200557,-2.29914875822056,-0.639779755510372,24.2082494919508,-44.0504328732851,0
3.48,-1.75945981918925,-1.95026516914368,-0.0128041985703587,-2.55969900123649,1.48362385327307,-1.17215432469785,-1.45878051330491,-1.44554490640567,-2.55479831814652,-0.671988019548977,-32.3918908398323,-94.360887925444,0
3.49,-0.922762529075681,-0.9236741065979,0.196412937124281,-0.309766189589771,-1.69322670558258,-0.773681486058256,-0.457960036338764,-0.858219908090003,1.1316618097665,-1.06754971702673,-70.2376361773461,-101.32997168386,0
3.5,0.681838739496275,0.656152427196503,-0.0690649085810213,-1.56035638333477,4.60684165103197,0.716427079110847,0.0446028563187178,-1.9968095869575,-3.63837374591532,-1.61239138600553,-71.7091512273263,-58.9688900807125,0
3.51,2.04505955207181,2.17080807685852,-0.12500776322814,4.11966178062807,3.12424783820856,1.92578224923152,-0.85982136219471,2.31201597620405,-4.83230702753893,-2.0223848180187,-34.2539337934095,17.7237988541443,0
3.52,2.77901520494864,2.92618560791016,0.0806876342958781,9.84365921317223,-0.772091080618285,2.43440057766196,-1.27656018776321,9.28066769027911,-3.64532311595441,-2.04640955006384,30.487421958008,98.8961186518368,0
3.53,2.50665916531565,2.52993369102478,0.0605216448939849,4.73534900472819,2.18278311426488,2.45861019977051,0.0565327801059238,4.6125181416114,-2.29757196884555,-1.56652651757324,98.7268290140813,151.838405563403,0
3.54,0.893930851480503,1.05436897277832,-0.0546292464097323,2.83585301970399,3.29519390262636,0.566544229763792,0.836974523506646,4.44850682216455,0.772569010676933,-0.655272430403261,144.231276007282,154.225288213218,0
3.55,-0.906184805994916,-0.849151015281677,-0.11893044028383,-1.58817145981787,1.22897992989322,0.32832955181636,-0.736264335775559,1.00721000182715,-0.752353010870364,0.434526012633938,144.81277594996,103.499895835593,0
3.56,-2.44962124281074,-2.47121381759644,0.170232201358955,0.960484059219378,-1.53251538767142,2.42769003837066,-0.480113983243666,-1.61069846713749,-1.75669854794932,1.35905507334529,101.075852519723,18.7409652586923,0
3.57,-2.93666349316662,-3.1365532875061,-0.0157886176824639,-9.31482122526555,0.4111212117722,2.82528556290488,0.790219450747118,8.63974486647244,2.87373549248447,1.84637403754245,29.2837815453064,-65.8111548694231,0
3.58,-2.46616701106483,-2.46526980400085,0.020729169333773,-1.12451935480077,2.33477017959022,2.37124900801801,0.481973470166643,0.749133353270391,2.39425352204292,1.78925281746634,-41.676944861011,-113.234604331208,0
3.59,-0.682348377069234,-0.658147215843201,0.0918904568915617,0.421330549942085,-2.39835785669665,0.632440036265294,-0.113786733388034,-0.76186576184211,-2.23784416509769,1.31943118660106,-78.899023166561,-97.7847089289411,0
3.6,1.70290574827352,1.771164894104,-0.087889974025307,2.59050195825906,1.70067714912266,-1.24116525842192,1.22261554964073,-0.0898388496389275,3.41688288675427,0.766441141900776,-62.2033282694905,-14.9433812792916,0
3.61,3.90330648224308,3.95633363723755,0.045263914339961,6.42556370658256,1.75370616839181,-2.03294658906489,3.27591997936866,-2.91076376073975,5.36049292070445,0.553639842990862,13.1131931014714,116.141681665224,0
3.62,4.42579170710076,4.59999990463257,-0.00582627319359715,4.90941753584265,0.396708412680989,-3.92285501556933,2.24725441054985,-4.2106475556645,2.70797458540855,1.04956495839558,123.281574528784,258.811090167691,0
3.63,4.34271001362215,4.59999990463257,0.00916956375573006,13.0571556822919,2.26512020937419,-3.02783851663145,-3.13077225639702,-11.2547294032256,-7.56343530794638,2.36090232348097,235.845798403591,371.430234532372,0
3.64,3.2309868069778,3.45178580284119,0.117947210643435,10.7978515591699,-3.94060428232264,3.17897775053221,-0.674682686088533,11.5656102768464,0.940004811514894,-1.76052987942673,345.501015689282,421.723835017425,0
3.65,0.601306486003633,0.787125825881958,0.0334267128470882,7.19394177896457,0.710810303279913,-0.557871125600787,0.337087924669571,-6.00738919206336,5.13420346049055,0.995498426677498,395.677254305729,397.66083666877,0
3.66,-1.83508946687473,-1.75831842422485,0.139702333015934,5.66929773563817,-4.05003312410662,-1.27673527041711,1.34270816704689,6.31772235391674,-2.04357789991097,-2.41729423312176,376.301290970105,310.936374154473,0
3.67,-3.63406811625418,-3.60679769515991,-0.0205079881551432,-0.92648409715989,-3.5853976071596,0.425579423599476,-3.54623248237609,-3.03780127068456,-1.04638633025215,0.102233291157027,301.777347678737,191.863294496161,0
3.68,-4.15948356056609,-4.2173171043396,-0.0446720609534401,-1.13191133196851,0.681647300980212,3.89511681722408,1.48133991237673,1.032179361004,1.36047200801291,1.93870175440968,199.706213754953,77.6846520125581,0
3.69,-3.38979218149305,-3.60685467720032,0.0133250770657385,-3.2462664454731,2.93999355420277,0.466359386096944,3.49103539088322,-2.4346884905261,3.52036603142902,3.0249077399991,97.8878990284177,-1.24889114439981,0
3.7,-2.04813792728329,-2.02374172210693,-0.0325245324901286,-0.544723247914431,1.45793611360602,-0.555668667258435,1.9196135319909,-1.28471638729584,-0.155022558672444,-2.84705248724137,21.5276263984781,-32.2370403097554,0
3.71,-0.497588978069079,-0.519759893417358,-0.194707741921514,2.74831181103387,4.48688192617699,-0.100132311647286,0.548856365833673,-2.58915759233998,-3.68894654387452,-2.83227165340855,-10.6037307554078,-23.9237223559111,0
3.72,0.279806372330381,0.338703840970993,-0.239372234327522,1.46792146903057,3.61031242923884,0.134232649331254,-0.309714937166589,-2.7426922647057,-2.0550025827836,-2.9189005890903,-9.24811491275477,-1.62728500744299,0
3.73,0.209932237775732,0.242318004369736,-0.0176888838148895,3.61678358766284,3.09665310762168,0.112367071856339,-0.172397244282948,-3.04363808583287,-4.29065118117365,-2.94442730483149,1.60657741797379,3.81251676662428,0
3.74,-0.675427973587145,-0.74544894695282,0.172926293788789,-0.358667003371003,-3.0079042136576,-0.216384492191513,0.681923462939579,3.46831481696115,1.37408142639235,-2.93707383819634,-4.29821000569513,-30.6703601545448,0
3.75,-2.06123552767944,-2.1748378276825,0.0442919553867441,-3.12096385503952,-4.03189819016769,-0.171595914248408,2.08916999480325,3.71225454791328,3.12555447333947,-3.09634573197946,-45.5573708956501,-110.08587767092,0
3.76,-3.22341879179334,-3.46605539321899,-0.0999291853887543,-10.756748294475,1.42112833393746,1.7035234836366,2.72471712585494,4.90787531310093,10.5874119328685,2.59117812040405,-121.283499312533,-218.133100913784,0
3.77,-3.73621519630647,-4.06738758087158,0.322158780034567,-12.2067330567786,-5.64898429761106,3.75012672240891,-0.654888121599614,10.6021381129668,-8.34397862784343,1.36613572483437,-214.320111716617,-322.323215431794,0
3.78,-2.86732195896525,-3.14548587799072,0.0117467879859877,-10.965219910937,1.62201772360869,-1.57142165711139,-2.44349592203721,-4.47109738939884,-10.1589319602613,-0.560618199139279,-308.646300620977,-385.645703329417,0
3.79,-1.09622337307432,-1.20868015289307,-0.0205388746754978,-5.45274297902558,-0.783121230206364,-0.125978033302965,1.07869843775225,0.236304833431655,5.14741011518928,-3.03979249200945,-359.889783563418,-380.438666559067,0
3.8,1.55693724057151,1.47827744483948,0.0511636910984893,0.330934881629425,2.24509898098055,-0.871441502667935,1.21526607498485,1.67396198407345,1.38747247751223,0.592992066211264,-351.90981680707,-299.246669211068,0
3.81,3.87350481334486,3.96756911277771,-0.130534631352839,2.70236672943137,2.90427275074858,3.89053066904522,-0.59312752369654,2.06575391091924,-3.80088120702151,-1.73960933844797,-275.978167507451,-158.53356372206,0
3.82,4.61310160870719,4.59999990463257,-0.0145203186048316,-0.525201780706856,-0.446242523040265,-0.956976504415477,-4.53049113567209,0.954501559377934,0.292766236757671,2.93705868434095,-157.982440934914,6.23903611943305,0
3.83,4.50353066131529,4.59999990463257,-0.135981511020113,5.65381608567964,-1.58706157982839,-3.5405069541305,-2.7879704787922,-3.61778488741527,-4.64410252067866,2.24389387331363,-33.1889349930605,152.4440230212,0
3.84,4.37386983024353,4.59999990463257,-0.163058502125218,11.5343747321811,-0.815723154353825,-2.85168963217325,-3.33405036801085,-6.97647573309348,-9.40047611193768,2.43759518677643,86.2860948645182,244.730090568174,0
3.85,2.76822275169818,2.85201382637024,-0.0678047843713639,4.67832652147794,-0.879289685995889,0.973410744048875,-2.59915599491398,2.65377121583929,-4.20470299258006,-2.77610394411978,195.856997330644,266.794391432598,0
3.86,0.0691282310539974,0.141126364469528,-0.149954289760928,4.71290978239171,-1.21862406485075,0.0718936268287841,0.00632101582866244,3.90162675830705,2.7541370844788,-1.1816801552943,228.009078979845,226.201643774934,0
3.87,-1.74442219547575,-1.76005184650421,-0.1171125403878,-3.30086318807641,4.187730550056,0.615872152790422,-1.56526978664326,4.5849762675362,-1.17267022564801,0.419214735035196,200.450788763045,150.554218120012,0
3.88,-2.52743375563969,-2.56121015548706,-0.00941357882606642,1.84881122149099,2.72586432776184,2.56886040674468,0.254972479763177,-2.30931332566483,2.20147885449359,1.68888147791165,143.645293832466,76.5330758979556,0
3.89,-1.98431299965111,-2.03217506408691,-0.0517910358593497,-2.87019782383421,0.835365153727424,1.14931611964205,1.57349809239141,1.34885357091216,2.89846435811917,2.51696206827453,84.0217462951625,35.9657341531543,0
3.9,-0.553487886761008,-0.550490856170654,0.095174420634086,0.243576419206484,-0.342925803024955,0.082762659053577,0.529761904538793,0.00215344374574705,-0.332476801479982,2.98464614196747,50.047462824441,44.1482480136205,0
3.91,1.05479342964038,1.0125036239624,-0.00760152665263824,1.25411947907833,-0.0351878244378043,0.217237949370162,-0.995428732298739,0.306153561169063,-0.675675600415772,-2.92374147584785,59.2885047745603,94.7559300403928,0
3.92,2.02355034754112,2.05702757835388,0.0932895104472754,3.03438158997008,2.50569334847795,1.48933184001733,-1.36369158064902,-0.173205539213458,-4.44244885702527,-2.34475818413261,102.444928594852,163.162363381553,0
3.93,2.03495978075698,2.19765257835388,0.12395093868985,7.04613733075183,-1.23371061243371,2.04468467710481,0.340704371299339,6.9884375533232,2.33515219442319,-1.39515513700805,156.450863770933,216.797810903018,0
3.94,1.08466837351498,1.17852342128754,-0.0448616157161656,6.12583823275662,0.804355600763512,0.0801101500536103,1.07164837038544,0.533191861248241,6.21661213086596,-0.0754994490549262,199.838747454025,228.517931724592,0
3.95,-0.555187974006512,-0.53540176153183,0.0411854576673499,-1.23365200052054,-1.37310977464402,0.488766969908707,-0.0345323448669089,1.07079544020921,-1.59839484984858,1.44160731534479,206.503792283391,187.823265384918,0
3.96,-2.16128342147924,-2.25036644935608,0.0458714223687779,-0.742958089562136,1.10980663935505,0.674357706765779,2.10238183584295,-1.1162464091759,1.48049955796009,2.84489301347375,168.696960236448,105.593967333521,0
3.97,-3.09292127077987,-3.08535814285278,-0.0221099306244732,-0.460167049009555,0.54074737932294,-1.89064671855341,2.39890494445083,-0.753986275473163,0.0463151293100753,-2.47034256393257,92.0503422683437,10.4711201308334,0
3.98,-2.81690685988596,-2.97955870628357,0.0107398597678226,-2.54447138892811,-2.08372026625672,-2.52321987356922,1.42091673353858,-2.05721531500384,2.74236060622994,-2.0929612380458,12.24855304315,-61.8050723351343,0
3.99,-1.56565721495855,-1.68903768062592,0.0509424638309667,-4.22729537924551,-1.07354670220991,-1.25041561283162,0.962191054247035,-2.82775755721015,3.72339024744532,-2.24138509681923,-47.1994469313087,-82.0982159975387,0
4,0.525030189791947,0.386735260486603,-0.164050966231981,-2.43858716736833,4.70808989868614,0.277991619170165,-0.368285517474354,-4.7303458479924,0.214272560474267,-2.67466479865599,-62.0042970832972,-39.4302048610312,0
4.01,2.27013140859363,2.34681057929993,-0.110051349335245,3.71529610939936,2.79593917984875,0.370227705693724,-2.26229558091764,-2.46423486238181,-4.17572320807124,-3.00562136049928,-19.3696091890839,54.0344641942869,0
4.02,3.48627798466285,3.50901770591736,0.135269564861597,3.06991767786344,1.41010250220229,1.02169362059697,-3.3153766951481,-0.630712070405999,-3.360108354605,-2.85162227100397,66.4212349529732,166.557231855559,0
4.03,3.40074200141204,3.52807593345642,-0.042921357774841,8.46587541946523,3.39633621824464,3.09705419985421,-1.35291134663313,6.04129529141316,-7.19393871344912,-2.00603456001073,162.142884698488,257.732940329221,0
4.04,2.16496476848286,2.35053181648254,0.106000588985348,6.75818129632716,1.93182552749653,1.11409998595263,1.94680590132112,4.58848512073558,4.7576832034727,-0.533174402347271,234.516753320563,292.767757046708,0
4.05,-0.0658136363509056,-0.000460546463727951,0.0405139349260352,2.44443811333163,-0.853006808295548,0.031619030042444,-0.0100937521531133,-2.57594954431324,0.742488298811674,1.32742019233199,262.758927144662,254.881683850212,0
4.06,-2.54631824825202,-2.55739402770996,0.0775265419658226,0.242743046434774,2.8962859964823,-0.00216560235967023,2.54090159613991,-2.52960542686535,-0.248612391157612,-3.12065510675029,226.86068967075,151.270779717257,0
4.07,-4.17370950950493,-4.344313621521,-0.0139680652111225,-4.2602567829263,-2.80122285611196,-4.15174833984964,0.878429173598322,-3.42643629356088,3.01318505179163,-1.78949852286896,130.414212837625,10.4501362328367,0
4.08,-4.44120411834693,-4.59999990463257,-0.0246765095734097,-4.0378916127872,-0.551383071763341,-4.27387372495359,-1.42692030503636,-3.27052266621504,-1.7801715430681,-1.24568965142395,18.482167050152,-128.003792940953,0
4.09,-4.35233421962773,-4.59999990463257,-0.221423115056164,-9.20335096305009,3.86145029667106,-4.38549739206853,-0.163597899294273,-9.33240148235474,-4.48117184220145,-1.51557679450941,-92.2369636430805,-227.481270579952,0
4.1,-2.73704838758416,-3.05444765090942,0.0792286191998539,-11.3652209280103,-0.254427359583941,-1.48235460905192,2.38846482262106,-5.60943413412187,9.61495927542744,-2.58831727729848,-194.565533100615,-266.93394784824,0
4.11,-0.524624148825545,-0.712075650691986,-0.0971315991882885,-3.13337295478008,2.33925120880094,0.584149193374049,0.259138910369803,1.16968961215859,3.53226134860267,2.06787528414497,-238.135408501695,-247.408452125391,0
4.12,1.20436284103123,1.08092772960663,0.0459887131760966,-2.12487295557316,0.228444835269309,-0.387763828860061,1.08896885404771,1.31995961465708,-2.41028479541378,0.333910767360191,-227.11638478145,-190.196379961285,0
4.13,1.98214642993463,1.94317626953125,-0.136510430175689,-1.05980466409876,4.58160593155138,1.79122469686023,0.848262400919866,1.32127927034107,-5.22177577326513,-1.18248694917106,-184.267835963027,-127.442767260354,0
4.14,1.81080059144159,1.71556389331818,0.0199334591937358,-5.11539786452051,0.910952748287308,1.30820459668324,-1.28170417408954,-3.70578217774288,3.01338773212106,-2.35113418952034,-135.176485867697,-88.8878281786263,0
4.15,0.604640992817349,0.568258464336395,-0.0287684259598091,-1.04775633798092,-0.831583593673074,-0.0550031225022253,-0.606884192981491,0.868796422937741,0.952793894164856,3.07735411048151,-103.119818650867,-89.8527119627002,0
4.16,-0.6544244904155,-0.679640710353851,-0.164204595827672,0.952704775444831,1.75981227266529,0.499067516318173,0.450747598256432,-1.14226529426332,0.229512570191567,2.33376234732386,-105.083411027863,-125.081067309653,0
4.17,-1.31389369892163,-1.46547150611877,0.162801386219899,-1.91322539703356,-3.34319198838364,1.40979823316598,-0.0690736433717204,1.41099109573868,-3.49874445525959,1.47434976642267,-132.243770142051,-170.805066186809,0
4.18,-1.03411186799381,-1.20286977291107,0.156432255721322,-5.12247456503848,-4.6049452827577,0.472527254523114,-0.963812435501467,-1.98446476207228,-6.81177529015973,0.374761506210674,-167.001294886278,-194.264818111378,0
4.19,0.244240213296285,0.16909921169281,0.119366346683871,-4.59293831068583,-1.25608785785666,0.227500788603594,0.15545479412348,-3.83415598770776,-2.00992020441677,-0.919270806732856,-179.686233687639,-167.059138374175,0
4.2,2.32428362196322,2.27090620994568,0.123168098269332,-2.0570167024163,-0.541897758607301,1.95580619919924,-1.27179031022065,-1.83648881744038,0.96632863251097,-2.14914830365814,-147.230836303864,-77.2203349775698,0
4.21,4.27835776104082,4.29124164581299,-0.130867352507544,7.75046185112538,2.58430095384391,0.908189584090771,-4.05592106343546,-0.649774269933103,-8.10486908563399,-2.93250032991955,-56.4747511026052,64.6508729129259,0
4.22,4.5068017985593,4.59999990463257,0.0287263700446461,7.33637043800416,2.74532704076379,1.19940285957917,-4.32139498552916,-0.926754377665343,-7.29566556061188,-2.88310649885746,70.0290625924545,227.644946281279,0
4.23,4.43973757601177,4.59999990463257,-0.0467028488105605,9.8478619257727,-2.51318322079207,4.12434405284049,-1.60416168454729,10.0929612677459,-0.963035063368497,-1.92965853164599,187.834838178027,370.505334855077,0
4.24,4.2903037519374,4.59999990463257,0.143287866494761,15.4508780198076,-1.25163504583286,0.63153687602113,4.27166998018692,1.89130058208005,15.0197759286594,-0.145073827071163,300.950442619329,455.697780951244,0
4.25,2.48977612785666,2.65539169311523,-0.11793396631148,7.9799801006162,2.35981818831938,-1.5237845792414,-2.00347684950635,-6.73698144172884,-4.8437783993008,2.47364051578354,400.928941405004,462.426380164069,0
4.26,-0.688480153709257,-0.62450248003006,-0.0789065144513679,6.24300286493716,4.09572803087327,-0.555811111342483,-0.479212512878158,7.27276337102517,1.82457862800828,-0.747400290067472,420.51691119111,393.797088285093,0
4.27,-3.01917732660815,-3.11384010314941,-0.150102339061179,2.70767669941868,-0.0533039880602534,2.60260504108648,1.75873810997993,-2.29502308816298,-0.905044842135149,2.16886980122078,366.147038082746,275.485942222931,0
4.28,-4.2683890699119,-4.28284692764282,0.0150699922146937,-1.10087005518357,2.10461801837211,-4.1321278714926,0.961792975657552,-1.41837906516663,-1.85845172068899,-1.78920524524193,262.57945206789,146.41473291237,0
4.29,-4.1880779406472,-4.26847362518311,0.00667753150912831,-2.93535138193657,2.41578741039952,-1.1261711822494,-4.03671010298094,1.31390961983897,-3.30283492729297,-0.261809160680372,154.328808048665,44.8936545305077,0
4.3,-2.70113397157626,-2.79551911354065,-0.0764192167901165,-4.22404050747835,-2.96175548565792,1.35043097914429,-2.32714130331495,-0.392830828908322,-5.05609814993793,0.50514677921868,60.1220128648884,-4.64813423801237,0
4.31,-0.654030083767781,-0.861102223396301,-0.046492196221241,-4.85453868186031,3.35260543992664,0.442045985508625,-0.60205101373757,6.16342581819952,-0.982534061655224,0.737864704363497,12.2749718434207,0.522686910634097,0
4.32,0.617332310987941,0.68428248167038,0.0848064769038002,1.31047917817967,-0.660831628652662,-0.485408258552646,0.47600705700699,-1.20134898011067,0.573145598461964,0.807356282814593,13.7798305259722,41.8792484050576,0
4.33,1.28201421166468,1.36171472072601,-0.00740505344743966,1.11663159716098,1.49664521465698,-1.16532315627278,0.703418278120316,-0.370045151282556,1.43840720282725,1.01267786014962,44.9834509266215,88.0093610934166,0
4.34,0.928214279077469,1.0053905248642,-0.0724535054946891,3.99466456497415,0.216239924374576,-0.936748043679722,0.0967180133168191,-4.21721930639293,0.279047501265858,1.47092412208968,77.9183476620287,107.643720983498,0
4.35,-0.210047551094023,-0.220100685954094,-0.104356849097407,0.413283551458104,1.26016356323506,0.188962748895347,0.0766552358673066,-0.83436656638495,1.17643396954356,2.09767192752161,87.8132436646804,82.3264189933534,0
4.36,-1.73295421464038,-1.80099296569824,0.0638965343563803,-2.70780528382428,-4.57428611585734,0.720858495806285,1.56249487643197,4.46993254034002,1.13038682770284,2.66917012417949,61.6441291793959,13.8869662098618,0
4.37,-2.91911360036393,-2.97489404678345,0.187398908002046,-4.33639531093101,-2.39163860373035,0.592808896335027,2.80979884670616,3.89936466158901,3.35681233028575,2.91256372086751,0.0738084224708661,-76.1292579707379,0
4.38,-3.05374999423317,-3.19491910934448,-0.0872267703761146,-5.05704259506043,1.1965729462629,1.5200097925906,2.66945470405266,1.53834585899141,5.0041026697943,2.63108888638838,-77.310800543879,-154.84583186868,0
4.39,-2.12104148870045,-2.25038194656372,0.0244174009961455,-4.25218465283071,-0.22021174155248,2.08028467380023,0.512329068984435,4.38005169585144,0.438444463287412,1.80656565976121,-143.51503591694,-191.046944016423,0
4.4,-0.120102127885439,-0.341601371765137,-0.0344799146488609,-5.67585100002334,-2.99601648333937,0.153598025521372,-0.135952138877383,1.55564893207618,-6.32105745701809,0.613679550805813,-174.323109542521,-167.798415304278,0
4.41,1.66676291460406,1.76235234737396,-0.0341125441521271,4.95266470777845,-2.51181030183012,1.01269690167696,1.34464588835475,0.737157165112705,5.63290829983198,-0.614317653012347,-152.320422228204,-89.8337845695628,0
4.42,3.34181433040048,3.38583612442017,0.0579935340442801,2.02706152267706,-1.71470136151404,3.36511387949796,0.167436786085151,1.73737963884037,2.30989431138941,-1.50814030344027,-85.0849238304505,17.203324024827,0
4.43,3.67314543326565,3.7875030040741,-0.0980096072136382,8.0711446397704,1.35332461004408,3.57131341948967,-0.783587112959152,7.07571770241461,-3.17799165093943,-1.79511569810211,8.34586327247287,115.505364171788,0
4.44,2.84596174145781,2.85225415229797,-0.0910291612135445,4.16147410323929,3.4425989253981,2.74155713458091,0.508554076987864,4.7196651274305,-2.42765930161711,-1.40990179513108,92.152061033885,168.660232924315,0
4.45,0.844875849741956,0.843695282936096,0.154481757860236,2.52562195766081,-1.99729608275385,0.456001295118417,0.678665261491855,-0.508300619400213,3.09806792180192,-0.541791666616361,136.319629031207,155.009561776809,0
4.46,-1.54497952718152,-1.60167968273163,-0.0856978474382354,-3.30382986292842,4.31698161745751,0.582073620589344,-1.40498547245693,5.09166679036377,-1.01724744452662,0.447382043112289,122.769975097476,75.8285372481424,0
4.47,-3.34711415907319,-3.48041772842407,0.0498972041144933,-4.84817089830687,-1.47967360270371,3.00831757094981,-1.47078280377756,4.25550147413322,-3.92077606330921,1.10658406822469,49.7101469979317,-44.7470355051591,0
4.48,-4.26244238108179,-4.357825756073,-0.079006929673117,-6.25563057333439,-1.45281625315817,3.74744551805682,-1.89072498691748,5.60926001010796,-4.37943879137914,1.09710379302521,-55.7925950408027,-168.062060641306,0
4.49,-3.49830359097258,-3.68901371955872,0.0270031381236982,-5.13417521853608,1.02356658652631,0.934646029054121,-3.4480415791483,2.80878972860441,-4.19692207933965,0.273377407203147,-166.159805678742,-254.498407472469,0
4.5,-2.00423900246771,-2.06729984283447,0.0552001375603886,-3.5511901030591,-1.98152609827639,-1.85127752147137,-0.699295489558406,-3.95848779066261,0.975937953124921,-1.23240869832017,-236.491976928228,-277.262594190651,0
4.51,0.304219201057463,0.267883867025375,0.0198272065567487,-3.49462870231328,-3.67209295676652,-0.035312612444757,-0.367200778911786,2.82222083133616,3.97234520359813,-3.06964242374914,-254.987283521905,-231.352638764927,0
4.52,2.33013896518508,2.49075293540955,-0.0992629505670792,1.8806675370966,1.1019686549193,-2.46815547316513,0.255424301207825,-1.33073502489081,1.65206065451098,1.45551873981678,-215.993543358201,-134.468090150395,0
4.53,3.68244975193812,3.66610288619995,-0.215915430682086,2.30746638611326,3.89166025997705,-0.705384608462262,3.57388162686365,3.61246447453467,2.90467444169647,0.172468172612311,-127.274482892454,-19.6451607856729,0
4.54,3.73997261315625,3.73648500442505,-0.00190458485531601,5.84249882816986,1.35105663979032,1.35002741012096,3.38392307938066,3.8617316818504,4.57828035257428,-0.389691585921691,-27.3180655078212,77.5151383516915,0
4.55,2.73460010009076,2.80014228820801,-0.0085349609874585,6.91394731031778,0.820693136967626,0.694081341392245,2.5888753692712,2.29652160919592,6.65680202145836,-0.265390469479608,57.1991327392124,132.161556335721,0
4.56,1.20305929244957,1.19797229766846,0.0245379432652382,1.53524623226289,-2.43662058196886,-0.386623771364726,1.11902041156378,-2.64917406585071,0.878622420313327,0.369073371042711,109.363470507336,139.025496777068,0
4.57,-0.183719014912261,-0.188005298376083,0.0889306893451183,2.53282436855792,-2.94233131881942,0.223893981674397,-0.000495195863356598,-3.3067867875523,-2.76438627727816,1.23230172717244,119.92469384241,113.479717633931,0
4.58,-0.795593965899179,-0.814414739608765,-0.162205233852015,1.56455526087137,0.152923364373442,0.729699960522219,0.392171309894256,-1.55183033925327,-0.773994190044451,2.06541663853116,105.091474569283,84.4979220052298,0
4.59,-0.370258726087162,-0.403145313262939,0.0046241843252658,-0.573907900486891,-0.133227076425107,0.14085272985605,0.339445802430266,-0.0647800839048256,0.832986196831348,2.76810307112363,88.4894857133268,82.2732124379235,0
4.6,0.797636868410012,0.885354042053223,-0.131037800610749,4.6302078238557,4.7258718162583,0.316325469425667,-0.757697378710263,-3.36652576498068,-5.67218716208976,-2.8629275396506,95.1871676914339,125.288382590185,0
4.61,2.37558352364362,2.40758681297302,0.034562687233477,5.1474535631297,1.1876893708562,2.10361488560508,-0.993507259769043,4.30979566428281,-2.79437697298406,-2.01759854983157,141.507122062504,211.850087436039,0
4.62,3.53535438778894,3.68018126487732,-0.107672408416305,5.87272964516754,0.173889219177882,2.35321459587071,2.71615531916207,3.57213986630186,3.99214239042306,-0.714185223292746,218.259091273495,319.418204271623,0
4.63,3.5344678834535,3.69249153137207,-0.066217687694801,6.38643285980227,1.19448199638754,-3.38620743010256,1.14015497417967,-6.28869774906214,3.28441100281705,1.2402818129456,316.664828033924,412.113188497437,0
4.64,2.30594332945927,2.55854797363281,0.0051225417852215,14.1736725971545,1.88568000978903,1.54469259826481,-1.6918887535619,7.81719889305592,-12.3506653761848,-2.42108608058727,394.513920950758,453.678211474734,0
4.65,0.0934184779384116,0.245249062776566,0.167182064261019,7.40013394288276,-3.49271772221315,-0.0971381344807407,0.0835204513289587,-8.18162075307254,-1.54257483248031,1.37227739650224,426.909301727631,421.080264206174,0
4.66,-2.57686472724615,-2.52617907524109,0.219938946549956,0.557178302550087,-1.79806444304371,-2.42451784571171,0.693542181470999,1.22347108543326,1.26486687326406,-1.86150721441632,393.866444586725,313.646234341971,0
4.67,-4.68128210970246,-4.59999990463257,-0.0561372647519637,0.0119301369389136,1.42018480544046,2.89292180844485,-3.55785909058627,1.00873994850287,1.23586584897687,0.689759874283074,295.892955508993,154.259479778698,0
4.68,-4.61322445626171,-4.59999990463257,0.124689628552537,-6.27025871223184,-0.326554519734343,2.95834650999756,3.3323714452723,4.27587232822573,4.43868091547867,2.41467854259029,172.711710074039,-17.9179550421468,0
4.69,-4.56597102408042,-4.59999990463257,0.0205023190540104,-2.23379697126111,-0.19885678892798,-0.522011825457764,4.50446150188186,0.29840995453522,2.28098195390245,-3.02859313178822,58.1724028189713,-160.583138117776,0
4.7,-4.37201850118959,-4.59999990463257,-0.0898077446031999,-8.05465321038053,1.19652773874293,-0.576203665140091,4.37320035006148,-1.7466788268997,8.25577961634945,-3.00778166552205,-52.242321922137,-242.49716178248,0
4.71,-3.61247027734279,-3.72196578979492,0.0192603381882093,-6.44709416885214,-2.87473326495716,2.14700443718167,2.85538175609878,5.48016877886031,3.92075403446776,2.48578054257986,-161.616264419086,-253.572901141008,0
4.72,-0.141819264224481,-0.263032346963882,-0.138713048730872,-3.49310621903349,-0.773576989040633,0.158096742049803,-0.0663543499278523,2.80061928948096,-2.36026441517623,1.0837524017652,-205.787916163416,-207.203360123916,0
4.73,1.66443919605632,1.70462310314178,0.0585563691942298,-0.590948338139881,-4.12548117801723,0.703093373693255,1.59548629841717,-4.3265410461963,0.793617191831252,-0.365659198110964,-182.019852897061,-134.084657272068,0
4.74,2.23779808467025,2.1549174785614,-0.212630472790692,0.235128841892363,3.51444177334773,2.15709897846455,0.229581432527894,0.655284140884616,-3.83501816278778,-1.50058521022239,-124.756521198936,-69.9516439931624,0
4.75,1.38036354811795,1.46847403049469,-0.0597010201037945,5.5619397065799,3.05076099526537,1.13714841949968,-0.786213147880136,2.55473634600992,-5.56728916648154,-2.217785847137,-75.0219557887875,-41.8897533019035,0
4.76,0.229530212950165,0.155160814523697,0.216777906768504,-0.275037943046177,-3.83616630064447,0.00222548180731666,-0.203547567358076,3.87478408014763,2.34204259142888,-2.67204244563391,-54.5704891552241,-58.3741961364007,0
4.77,-1.17983113526955,-1.17549419403076,0.0517121594706966,0.530732440771111,1.40447748490039,-0.0306823884788045,1.1735405111596,-0.67780074951233,-0.977160225598652,-3.10333328788743,-68.4066227181309,-106.73875880361,0
4.78,-1.89779124102839,-1.82481336593628,0.00162834467537051,-0.495766558387227,0.95088553640424,1.02765404810789,1.46616553468922,-0.947801949038918,1.48480723185352,2.54817003237537,-106.502020678892,-158.940872903019,0
4.79,-1.16994880080822,-1.33145570755005,-0.0240699481139875,-7.26474884196231,2.81527635680731,1.16318540231882,-0.00631054836955929,7.3393082673201,2.70609187812263,1.60714762112306,-148.53138834501,-183.337776172099,0
4.8,0.11156892197177,0.0801602154970169,-0.0670522219218885,-2.19697538536888,-1.21718794868962,-0.0389648973807207,0.146717634319033,-0.203909749859614,-2.78072221024926,0.439825243219972,-163.496705612904,-157.908779001398,0
4.81,1.98416728563521,1.94963371753693,-0.0197184289801095,-2.51821092908858,0.70109467793833,2.00958913784748,0.293612266976319,-2.94765154170387,-0.821794897008984,-1.42975331643364,-135.759834134204,-79.8099713313167,0
4.82,3.42497907450495,3.44199442863464,-0.0945594870087066,1.71364805097632,4.34373022246147,2.86311146382554,-1.87892052426067,-0.661163272107614,-4.38663149864818,-2.17485529067052,-60.1109159418767,32.4632072104189,0
4.83,3.75990479035928,3.89615297317505,-0.0212218410331931,8.60989447384957,3.44096659737044,2.98108601715081,-2.24742803655567,5.11780896761783,-8.39167597172046,-2.23522241601757,45.2999507417887,145.226763766738,0
4.84,3.38650975249752,3.31513547897339,0.0789182197934538,5.18069397575387,1.9607332276649,3.22639311285024,0.167118579309917,5.34224180631369,-1.85186577291095,-1.5316787379992,142.150649018815,221.83263929807,0
4.85,1.7349257197644,1.73419904708862,0.0257438250214637,2.38086267902345,-1.93652293774359,-0.789056055417901,1.51197964963635,-3.03003599792659,1.17328300160068,0.505600799151383,203.771500240517,236.401056831498,0
4.86,-0.604445543918802,-0.594624817371368,0.110928562499566,3.70492042608224,-0.972531897149657,0.55830706120807,0.325275144144128,-2.80664198516539,-2.36628057343129,2.0769001769366,215.016030521229,183.882730739517,0
4.87,-2.70568540107697,-2.76123857498169,-0.00122234281359897,-2.99359468778223,-2.73251515294594,-1.03841449247785,2.47832643389135,1.56592600673038,3.52541312394848,-2.76511642830147,169.909297563065,82.6098348606351,0
4.88,-3.86786040267798,-3.91623187065125,-0.166332538703491,-5.35011018317563,0.42252608572073,-3.66343139103985,0.966161450242895,-5.34862649278046,0.674143637020948,-1.82493792808851,80.7773287663341,-31.717376360858,0
4.89,-3.4539548536801,-3.52979326248169,-0.0602075480972812,-2.80013890383189,2.96415622871122,-3.44087707738171,0.224247410269318,-3.22988606762452,-3.15566017833724,-1.61676425895657,-22.5088241051364,-118.466609425603,0
4.9,-1.91473911164061,-2.01547408103943,0.114615760858505,-4.99221686898836,-3.47400159663705,-1.69052009452914,0.858282132286507,-2.68867773659721,5.48458838383897,-2.07741150335808,-95.3606359378644,-146.387397954474,0
4.91,0.275509144397964,0.201138004660606,0.153579411131768,-2.53769113831855,0.478800073312561,0.0740029242899031,-0.273563195326454,-0.881773782840822,2.95614122553791,-2.88488052055342,-115.503257629644,-104.548711737327,0
4.92,2.39875008665727,2.51892185211182,0.0173339619584827,1.29394216011508,-2.09675713307767,-1.21659685888354,-2.19463308219562,1.45377203155834,-2.50582957627557,2.65490099984114,-77.9099517824825,-5.8979164733534,0
4.93,3.98951262729454,4.03641510009766,0.164909111344823,5.7572803104894,-3.22281633617316,-2.7673998431713,-2.82027061699908,-1.43237327204645,-5.96859052935511,2.38120296450004,9.72369068622808,117.817344860921,0
4.94,4.15471758801883,4.33542013168335,0.10971962416453,10.4512707062908,0.710884060845874,-1.1819772234592,-3.96974962670188,-4.39861747538795,-9.85324543667568,2.84585503921913,117.139902349137,227.814890749931,0
4.95,3.30937062179214,3.40966892242432,0.0909744201177065,5.23116018488993,-0.566976426911171,2.64442222170608,-2.0173624859399,4.75399770841013,-2.35723485547763,-2.21639122362734,212.306907624759,292.311855965078,0
4.96,1.34968007446061,1.42232632637024,-0.0496076639811296,2.0330068847321,-0.636270506183603,0.540992660389653,1.29008033893375,1.20933539447996,1.88114005408874,-0.402314775683455,273.703717111399,297.598771974066,0
4.97,-0.548482979843289,-0.534651637077332,-0.194745584698332,3.95484847557895,4.1316937412159,0.594315794489942,-0.0358085593107543,-4.11673838968083,4.05306063123555,1.65871390684243,280.444289532598,252.078318194086,0
4.98,-1.88473185076918,-1.93060886859894,0.0922049509198237,1.02543237602031,-0.687820006683402,-0.863276767523402,1.73164285362001,0.696616770774443,-1.04758391764275,-2.68050886632611,245.166288397846,181.868639693938,0
4.99,-2.21466218180249,-2.26201272010803,0.170628879199587,1.59427021704253,3.43430312245505,-2.04140395557454,-0.994055651854801,2.83789329006276,-2.37405000500386,-1.08734903316619,186.77740749295,119.760409381807,0
5,-1.5673499275033,-1.5344443321228,0.142437103088382,-0.112104795891058,5.4389759461427,0.0163000504752194,-1.5115833281088,5.25942309369042,0.134380036909355,0.0804269976169438,136.347534348731,91.8187943994169,0
5.01,-0.364298754495287,-0.25869807600975,-0.102237006516591,2.93674814463555,0.460969090109001,0.239104456809905,-0.175394406587165,-2.05413112975516,2.16520959955777,0.982546154507504,115.128409103781,106.79499653035,0
5.02,1.04118582189207,1.02568399906158,-0.114933592993456,3.27375552878284,-0.493740627183473,-0.931144985679194,-0.260007974837842,-3.72846920170781,-1.43855697539604,1.85056533535638,127.314298208815,152.429775356624,0
5.03,1.61749713712009,1.54096841812134,-0.0297043601458277,1.75705125276125,-0.335198694080842,-0.354271460635535,-1.48611641727648,0.0363398664084637,-1.74928193980094,2.91327607735628,164.124922098711,200.102843776363,0
5.04,1.02180133147058,1.05155444145203,0.052243430109956,1.4305859583552,-0.0550365722548182,0.929495058906807,-0.47560897053668,1.42065992413135,-0.308888496941664,-2.03660341399142,197.326910322208,216.09933739476,0
5.05,-0.707464070274048,-0.567446768283844,-0.014801823222074,1.83359218792921,1.17055076923993,-0.333886329950067,-0.486545137732142,2.52246085049378,0.949716336979063,-0.544532798424984,202.682981787454,175.22896922159,0
5.06,-2.76161407263608,-2.78421425819397,-0.200319817215949,0.265454388737169,4.03652202088315,1.94859706410249,-1.96424190742271,2.86833298927688,3.17002802511323,0.812415838683051,158.939120874986,71.603302979649,0
5.07,-4.48768369735617,-4.59999990463257,0.0386431916448999,-4.84055044269362,-0.714397263378238,4.47577807213931,0.390159094053309,4.42742572557564,-0.985995589031065,1.65184139875409,61.8045709995151,-77.5936521592197,0
5.08,-4.44716294271495,-4.59999990463257,-0.0229268989516504,-4.28446439093441,-1.13440913927178,4.45788507595582,0.493420922425574,4.83848758065309,-0.919251585131316,1.67468863040063,-55.5178963550791,-236.89965258107,0
5.09,-4.45947928673818,-4.59999990463257,-0.0303562183405824,-8.29488816388059,-2.49012273388089,3.35027178114901,-2.87368591526706,4.89180972198407,-6.9924780424706,0.852420552666308,-167.729145859966,-364.284847268121,0
5.1,-4.37602851333459,-4.59999990463257,-0.033756590497746,-9.32150023451953,0.313585379626055,-3.11334356301664,-3.10653406271455,-6.16078336890537,-6.66005350502805,-0.785174010264126,-281.790602364439,-425.5281038773,0
5.11,-1.49608575501836,-1.76752042770386,-0.0461429450062222,-8.77018874229963,-0.167682436937978,0.107163766522034,1.56775662803152,1.17863467739062,8.71658317293545,3.06629447784414,-365.222064396872,-405.988682773911,0
5.12,1.54096374475883,1.50096201896667,-0.216356412982003,-1.29119416187665,5.66466533009215,-0.627553124872712,1.41812781855025,5.02881182268427,0.458821521163694,0.353443334793455,-361.685484360492,-315.451043705431,0
5.13,3.65843353305487,3.69649958610535,0.146227540111846,0.360917861833083,-1.52965421044335,3.26840531311217,-1.74532686544924,1.25215037667817,1.10658165908574,-2.05317305041985,-285.429949602539,-184.283169822289,0
5.14,4.5667693675276,4.59999990463257,-0.062084342365863,2.99129641839126,-0.997973902205656,-2.66461443338171,-3.6928467285031,-0.665490763844116,-3.62578985579498,2.52323745551192,-176.059140617257,-52.3666707409846,0
5.15,4.05189606155268,4.00944805145264,-0.0367621622235551,1.64072907092801,-1.67341143739164,-3.97109184445515,-0.438988118942512,-1.56345092279706,-1.60138763401666,1.68786680557398,-53.7827042879127,45.0748130055682,0
5.16,2.46007083096576,2.49439978599548,-0.00821279948196865,3.75139792696958,-0.653069135927016,-2.43262407000197,-0.156838718119402,-3.77921013993991,-1.35251410649209,1.64399927415438,34.7157867746078,89.5018530863905,0
5.17,0.670363590444313,0.746503055095673,0.0121444154068803,1.37781098950567,1.74274703103796,-0.623556112534639,-0.399744614744145,-2.22760153628362,1.14633738734876,2.08437590650705,77.3559888308742,84.5368868274234,0
5.18,-0.381604663476977,-0.508949816226959,-0.040519371008219,-3.99471231057107,2.59723670208961,0.229733454897229,0.340152571489476,-0.45292002407846,4.77801133423725,2.67284201933894,77.7123473459738,52.9771636481517,0
5.19,-0.931288254852531,-0.877876400947571,0.20198011390715,1.14496888215107,-2.42506255038634,-0.0820221303731762,0.87610090392924,2.70177902266232,-0.960937496898004,-3.10875783878271,57.9956711154834,26.6197055003129,0
5.2,-0.193735456792862,-0.219107151031494,-0.146047809107737,-1.27640498530205,1.73525946053125,-0.0434340108739818,0.160090571457821,-1.63910959648372,1.1635552643949,-2.7476784559073,43.3232012697264,32.872184239656,0
5.21,1.19355551304625,1.14856958389282,-0.030639518335386,-0.465740674901091,1.75071722837184,0.822327484447304,-0.844367654171602,-1.87338940941562,-1.10608671713391,-2.40548629370207,55.6312654770325,83.3117582879632,0
5.22,2.32619724945682,2.57963705062866,0.138420936414662,7.16530381222909,-0.00218352902617125,2.36039359431036,-0.647613071788319,7.23252692739556,-2.46598163982362,-1.84203278935824,104.096935803671,168.588536316258,0
5.23,3.10388508613253,3.20017719268799,0.00382753208773518,6.21305315774913,-1.75442846160649,2.24127885604577,2.14301814126673,3.12769825938171,5.38301906463198,-0.796964353531068,184.691863092038,261.642757047148,0
5.24,2.78426560584777,2.94825124740601,-0.121307253987498,9.3168609294015,1.55293084387534,-2.11725242890434,1.80520753531214,-5.6151488070264,7.75887766079662,0.849816031073057,262.029571843335,328.032181064952,0
5.25,1.28783150366733,1.4367128610611,0.111498508707028,6.81949503746985,-3.16884276095615,-0.25443670810635,-1.30512889949909,2.36822354948788,-6.87050552493025,2.99907946128887,318.324858381895,339.446339895814,0
5.26,-0.603174347298856,-0.732820928096771,0.00521125494375358,1.61448146341771,1.57330993495358,-0.593558665191053,-0.447452933650291,1.85310681931034,0.149977345274231,-0.896666758440415,323.712547077313,285.244660117896,0
5.27,-2.80555691844124,-2.94565844535828,-0.0983765742427133,-1.64757405972075,1.29593961818518,2.79225097012765,-0.740926936755674,2.1841744127815,1.22285684841238,1.32354105244299,274.006501199178,177.566461436472,0
5.28,-4.11665182649645,-4.20316934585571,0.0920298857746939,-3.13572507940089,1.24015278997074,0.667209527642294,4.07138115123951,-0.641781647815356,2.98369059397908,2.98468059450515,172.914938685558,47.9584018384746,0
5.29,-4.60869695721408,-4.46188259124756,-0.157118286395335,-1.07474720651402,1.36731231324717,-2.83522580006782,3.38577896427833,-2.07811916809186,-0.105611193826607,-2.43692763306928,62.8300073720989,-63.3503911280858,0
5.3,-3.19366051364833,-3.33385848999023,0.0264048311270708,-5.53926144600864,1.94724553669627,-2.26077610112848,2.26717799554699,-5.63349365306744,2.23388319617908,-2.34309261459239,-32.1344834290408,-121.620508015769,0
5.31,-1.13975786449065,-1.10023522377014,-0.00546699322722751,-0.120259134008509,2.09205285039774,-0.309893153954226,1.01820060521443,-2.44091014379865,0.00767695190174755,-2.80306867476279,-84.3793327175578,-109.996421663524,0
5.32,1.2469689774147,1.37526297569275,0.0188468100877095,5.4527261049906,-0.679566156575281,-0.377383302951996,-1.22603404243683,-1.00058919483812,-5.60052724223524,2.85283542313096,-75.9925994172392,-35.5305022885673,0
5.33,3.0274577209692,3.0854480266571,-0.108894484991606,7.12723015603369,0.968938203928694,-1.74237509584973,-2.41976221065224,-4.39110055884557,-4.48731625954108,2.51146152983009,-9.21296714182383,73.4026118877444,0
5.34,3.50529126737751,3.58035135269165,0.0522482198808868,5.47430560757969,0.445448022883337,-1.20910694923234,-3.27289379068033,-1.63590240743198,-5.35614274707816,2.78955118292636,86.352430185659,177.348586841308,0
5.35,2.88880784962179,2.95283794403076,-0.0682923775704364,8.29538121291033,-1.8513957376764,1.56051345057776,-2.33796226816331,6.66079004373058,-5.29597795773809,-2.53544382314285,170.635283838091,239.883692696915,0
5.36,1.07306216389986,1.23578214645386,0.306261872960468,6.91104714184671,-5.80959446579946,1.03768749077859,0.441838065610372,3.35289469842159,7.82660990413383,-1.07423041030008,221.341706427825,240.384592596144,0
5.37,-0.956912928209591,-0.981260299682617,-0.112778008913182,1.19522027441978,4.54709554861848,0.469461530912968,-0.874497666943415,2.99644614206896,3.64386164983839,0.583850570919744,221.561151208671,180.777501823189,0
5.38,-2.85077117657872,-2.80758261680603,-0.0577708882005301,1.38081773820122,-0.326492518071265,2.48716378805469,1.30974294930923,-0.688511231656371,-1.26915118922531,2.04987945588937,170.555117590962,83.8606457823914,0
5.39,-3.38713068068658,-3.41315722465515,0.0162864580121948,-3.90023784714754,0.212018263201748,0.518125234179141,3.27103225804775,0.493756615827714,4.00986354743176,2.9854214213812,81.8517426082231,-16.0422311972786,0
5.4,-2.97689263408573,-3.01654362678528,0.100460804150908,-1.20368236122618,-1.85280959365045,-0.39252131016469,2.94992258947897,1.68962662363786,1.22493706305012,-3.02154660877786,-3.85729606416443,-86.4750268407675,0
5.41,-1.64865201507477,-1.70951879024506,-0.154373669496854,-0.632252148344763,1.75280416153484,0.282493897233514,1.63851006814456,-1.16829868358231,1.52297158172291,2.98746615086962,-65.3284482458586,-109.176585270911,0
5.42,0.0464667618883827,-0.0918024778366089,0.00467096282681795,-5.37784005802831,-3.43782539986149,-0.0760000593063303,0.00254620453326465,6.20498969538554,2.50153441305272,2.40302801580989,-86.7368517766613,-86.670599855711,0
5.43,1.21492405766939,1.08063685894012,-0.205679577227219,1.74490346671744,1.99143059592949,-1.03229805348091,-0.290950540070667,-1.87501683056113,1.49737950095397,1.81002203034505,-70.2851827802544,-40.6486526529842,0
5.44,1.46957211049181,1.37094449996948,-0.157015460917376,0.809074412856003,1.37012586350654,-1.36190813326862,0.184326934947245,-0.635925079648485,1.58054773523115,1.41495163647397,-36.749019088689,-2.80733473254601,0
5.45,0.552883646733961,0.588164031505585,0.0188988779914005,0.383134429148478,4.15288086405775,-0.587232707016919,0.118864549380917,0.460601996773754,3.59745244303246,1.2520549313421,-11.1146285789941,-1.67730922901309,0
5.46,-1.00306456107997,-0.987350463867188,-0.0527754629600195,0.615382824947373,2.65039075991991,0.892403536573081,-0.409041935948471,0.00611951759979279,1.86861350281969,1.17617269966775,-16.1602045200746,-50.5196074808706,0
5.47,-2.61580852798063,-2.68829607963562,0.153425697618233,-4.19346804117899,-1.01648969439058,2.05286550610998,-1.56435261336726,2.89684814779783,-3.35389092497972,0.912761802149406,-62.3457048700373,-140.98096893136,0
5.48,-3.59101832636753,-3.72814536094666,-0.0186949703466768,-7.20978308704425,0.296025611243113,0.638824209630863,-3.49435127053429,0.623541364043702,-7.78270618288203,0.176439435241268,-143.201229059069,-245.037770547471,0
5.49,-3.29845339859271,-3.34671545028687,-0.0327665726951146,-5.73669571996234,1.33568942837312,-3.04455944030329,-1.04472436598328,-4.42252146523886,-3.62648759902922,-1.22842256894332,-238.584364117349,-324.629496657888,0
5.5,-1.81897072457066,-1.94017624855042,-0.0289355064845561,-6.44395989223159,1.9638747655462,0.184804108102965,1.78611582888794,-0.481911571394104,6.28135999880636,3.04985487737718,-302.348189038542,-345.465164011682,0
5.51,4.60079082475676,4.59999990463257,0.0225242860426874,1.53653026722262,-0.0284541529366126,-4.21720978442083,1.80630561821092,-1.57008404890957,0.481852411445089,1.16667249087959,-197.809466435927,0,0
5.52,3.40505246299764,3.50788068771362,0.192283329423579,6.75015737347014,-3.29596816162938,-0.361886202174165,3.36790940856906,-4.2093657419167,6.6047583748889,0.126663461479316,-89.7107020137151,0,0
5.53,1.30208569886893,1.30842447280884,0.163520977394027,-1.36037768673079,-1.25682968360627,0.423776174976981,1.29409655811172,-1.81852118401655,-1.14810791035559,-0.295895422396789,-33.9457944960823,0,0
5.54,0.608751197879405,0.459312379360199,0.01059519447288,0.944572529438938,5.32346401391007,0.104652156617879,0.46208145787605,5.28894767437353,-1.54758785427652,-0.453817606053167,-12.6263915216252,0,0
5.55,0.0571513910461794,0.15171904861927,-0.00248611061958892,2.15026344050483,-3.17336004188873,0.127404603126794,0.0766987820283162,-2.14716817374992,3.66521874761691,-0.513576805004068,-4.8583062171067,0,0
5.56,0.0435575050294748,0.0435448251664639,-0.0674355817470766,2.57384521934284,3.08201956945911,-0.0551884861839459,0.0402296518393868,4.39983303256949,0.73433805749725,-0.537517862561764,-2.2290934330183,0,0
5.57,-0.089962768559724,0.0165091678500175,-0.154184488718204,2.75791812656792,3.40151998641967,-0.065148103927784,0.0216373388111,4.22678078947071,0.489999480500915,-0.550934694021501,-1.52262846767842,0,0
5.58,-0.0412427752676147,0.00154440850019455,-0.0068930998752308,2.15009885224359,3.5563461421526,-0.0685024739437091,0.0187676313243391,4.01169874552082,-0.00968097318675309,-0.560466793713595,-1.10357452006526,0,0
5.59,-0.0156224120798212,-0.00894060917198658,-0.0830480434498432,1.29819902097832,3.79340710479183,-0.069489808374377,0.0175895957581508,3.78566309256737,-0.397100981474506,-0.567436610359911,-0.80888790363444,0,0
5.6,-0.123516435873895,-0.0169042591005564,-0.170260871434946,1.61367195801602,3.38899761162113,-0.0708869845667455,0.0157572107154211,3.64212783865663,-0.641932257501688,-0.5724975437769,-0.584898033737161,0,0
5.61,-0.0238267820209836,-0.0226925704628229,-0.162484184832579,0.572533204425062,3.59814548092961,-0.0719415826371402,0.0143957448831132,3.53757070796772,-0.81712694871137,-0.576152772611138,-0.422319448409899,0,0
5.62,0.0166837180598438,-0.0268803667277098,-0.0619296722270661,0.761964314939198,3.21098989570525,-0.0727134633047939,0.0134126114879184,3.46120598233392,-0.943341468714295,-0.578789972642109,-0.304732239306682,0,0
5.63,-0.0916513034819036,-0.0295667834579945,-0.0346518420983078,1.25691345009063,4.37312637937546,-0.0725034554198318,0.0136924385594646,3.37631159902704,-1.06955481933782,-0.580713473886113,-0.228871196509953,0,0
5.64,0.0106820279353485,-0.0317260660231113,-0.0271045016801998,0.96134185216114,3.23708504393296,-0.0727245445544431,0.0134221077113513,3.32726516876163,-1.14613265189974,-0.582155487062317,-0.167034169631581,0,0
5.65,-0.0266258894375464,-0.033386342227459,0.0420900893097939,0.644327892680386,2.56187903891318,-0.0730272911617254,0.0130436761357977,3.29600114975417,-1.19646637598955,-0.583198669801422,-0.120392727193903,0,0
5.66,-0.00798197158014539,-0.0345872044563293,-0.0465436544757775,0.553826888425966,3.13911915881284,-0.0732520545361409,0.0127634106594924,3.27353201761717,-1.2325732850435,-0.58394981058105,-0.0866976401675233,0,0
5.67,-0.0957584043345136,-0.0352574363350868,-0.0783017142912259,0.576274481698953,3.31209099701343,-0.0739446298767221,0.0140181100406716,3.28920199053999,-1.32337609858252,-0.584521882648934,-0.0680264533602543,0,0
5.68,-0.0362088656852914,-0.0359207205474377,-0.0308778635507195,0.728392300190478,3.13385887812221,-0.0740815971847944,0.0139127786011829,3.27727603727324,-1.34589069903034,-0.584945772031128,-0.0492840331137695,0,0
5.69,-0.0189153681298479,-0.0364092960953712,-0.0906498659826612,1.12679016346269,3.58908318232087,-0.0741734680489801,0.0138006619692439,3.26797338905593,-1.36082332090795,-0.585251259803801,-0.0355723534568131,0,0
5.7,0.0478390566762451,-0.0367613323032856,-0.127954112655508,0.821076223672664,3.95553557418833,-0.0742395885183851,0.0137186823454266,3.2612010650637,-1.37160576557731,-0.58547105015636,-0.0256967599494778,0,0
5.71,-0.0246290352957662,-0.0370146185159683,-0.0957414528589834,0.694329247902406,2.63021396184213,-0.0742872199837645,0.0136596247927343,3.25626825184358,-1.37944479693251,-0.585629159940628,-0.0185912113152081,0,0
5.72,0.033515029214233,-0.0371968373656273,0.0653720894319851,1.12376660874972,3.4521317447959,-0.0743214871740661,0.0136171648866044,3.25265951687454,-1.38517271355605,-0.585742893353708,-0.0134793532423416,0,0
5.73,-0.0247840016052431,-0.037327915430069,-0.031989017401766,0.798409216770143,3.38029948266107,-0.074346151832158,0.0135866144985162,3.25000469395758,-1.38937998439236,-0.585824702433663,-0.00980196683074486,0,0
5.74,-0.141104378281286,-0.0374221950769424,-0.146584133253301,0.93870348107628,3.30408631065569,-0.0743638888568337,0.0135646540221643,3.24803629314015,-1.39249471944921,-0.585883546002912,-0.00715659269746977,0,0
5.75,0.0534247745515312,-0.0374900139868259,-0.0921936534122871,1.00534637569631,3.07135964053849,-0.074376664904773,0.013548835087306,3.24656179207418,-1.39482160975327,-0.585925869207839,-0.00525364606830207,0,0
5.76,0.04489909339925,-0.0375387854874134,-0.0709998478873924,0.577854094669517,3.44259256059578,-0.074385841206759,0.0135374789159066,3.24544276597143,-1.39658439007897,-0.585956308581516,-0.00388478145550394,0,0
5.77,-0.132480666159923,-0.0375738590955734,-0.0952385438710882,0.30195522720129,3.33883672142468,-0.0743924552525588,0.0135292910104009,3.24457988532776,-1.39793889398996,-0.585978199495356,-0.0029001118384253,0,0
5.78,0.000163065925029331,-0.0375990867614746,-0.0641928954695452,1.43034793098059,4.13723545916637,-0.0743971983553588,0.0135234235418078,3.24390020974323,-1.39900245303397,-0.585993941234154,-0.00219181074644273,0,0
5.79,-0.00280113709355949,-0.0376172326505184,0.0324236205750125,0.659266157204898,3.23210215887003,-0.0744006260113077,0.0135191791945054,3.24335344881557,-1.39985420886122,-0.586005259705094,-0.00168231164789234,0,0
5.8,-0.143768558814776,-0.0376302748918533,-0.121947607613563,0.83673002665187,3.24064875964256,-0.0744030758713584,0.0135161498059168,3.24290144026883,-1.40055588570137,-0.586013396396813,-0.00131581702176655,0,0
5.81,-0.00517477796759046,-0.0376396477222443,0.0495922024893865,0.330402889647301,3.51530202424675,-0.0744048468470633,0.0135139574336876,3.24251839564632,-1.40114758946952,-0.586019244380818,-0.00105218942423288,0,0
5.82,-0.120348783773233,-0.0376463830471039,-0.0161968384928756,0.923270250859165,3.18939523620736,-0.0744061224866998,0.0135123776531383,3.2421844281207,-1.40166071186397,-0.586023446047985,-0.000862556619352963,0,0
5.83,-7.46885692039997e-05,-0.0376512184739113,-0.0342150040648444,0.545304365212516,3.52506254954315,-0.0744070385108586,0.0135112434887513,3.24188596759632,-1.40211764193761,-0.586026463471593,-0.000726149952527281,0,0
5.84,-0.0499746709017492,-0.0376546941697598,-0.178262586851177,0.301409858253266,3.59813188398984,-0.0744077049297239,0.0135104161868496,3.24161304926121,-1.40253358180417,-0.586028629057029,-0.000628029987837716,0,0
5.85,0.0662970532615851,-0.0376571863889694,-0.107263414771594,0.330912049082404,3.28406301899664,-0.0744081787098176,0.0135098293353448,3.24135845471628,-1.4029211005087,-0.586030181896862,-0.000557450429275682,0,0
5.86,-0.139377801139436,-0.0376589670777321,0.00581155211899612,0.379011168567552,3.46122466906014,-0.0744085093549913,0.0135094223197106,3.24111720477755,-1.40328853350817,-0.586031293965124,-0.000506681227313545,0,0
5.87,-0.0372594677828224,-0.0376602485775948,-0.176968668928139,0.764069984893585,2.73031687903473,-0.0744087611703665,0.0135091083120874,3.24088499142535,-1.403639284408,-0.586032088969307,-0.000470162000950777,0,0
5.88,0.0453517402123808,-0.0376611538231373,-0.136611314115105,0.552172546573874,3.00623338194572,-0.0744089302827394,0.0135089003728568,3.24066018077019,-1.40398042503723,-0.586032655931042,-0.000443893048178721,0,0
5.89,0.0178249498180661,-0.0376618057489395,-0.0549391352676448,0.628436259851726,3.60579119302474,-0.0744090719524975,0.0135087204541927,3.24044020142588,-1.40431188730111,-0.586033058866152,-0.000424997307362973,0,0
5.9,-0.0761567463578406,-0.0376622676849365,-0.136456603721323,0.386309221843786,3.6992929785598,-0.0744091604130832,0.0135086111086997,3.24022343684689,-1.40463938008105,-0.586033343797318,-0.000411405258435664,0,0
5.91,0.0632118729171729,-0.0376625843346119,-0.0065584453736348,0.780676054344987,4.38553887801707,-0.0744092231878906,0.0135085335640862,3.24000940497053,-1.40496241287748,-0.586033543838206,-0.000401628250080004,0,0
5.92,0.0162215498735239,-0.0376627929508686,-0.143506348107901,0.495678042794806,3.33486947976076,-0.0744092676008368,0.0135084787223221,3.23979749225387,-1.40528211518813,-0.586033682822328,-0.00039459546860659,0,0
5.93,0.035414637318977,-0.0376629531383514,-0.095319358210503,0.681624704771225,3.70074725874306,-0.0744093009826139,0.0135084369317843,3.23958647626508,-1.40560052619271,-0.586033777889562,-0.000389536659434618,0,0
5.94,-0.0158228719471475,-0.037663072347641,-0.0297323988836846,0.858788391645877,3.25328324366744,-0.0744093215635322,0.0135084118592847,3.23937576516359,-1.40591794213834,-0.586033841364321,-0.000385897767702796,0,0
5.95,-0.122588603315368,-0.0376631543040276,-0.109639587295313,0.291879530383877,3.42110524411203,-0.0744093403036106,0.0135083877147738,3.23916608881228,-1.40623391745588,-0.586033882118788,-0.000383280246420604,0,0
5.96,-0.0695325541514613,-0.0376632064580917,-0.220004450536978,0.354097154928465,4.17917009280395,-0.0744093553328884,0.013508367832897,3.23895720535766,-1.40654896728418,-0.586033906529432,-0.00038139741422528,0,0
5.97,0.0149428294094695,-0.0376632399857044,0.0180143440429786,0.709902997929175,3.30802610905707,-0.074409364889576,0.0135083552405059,3.23874843080644,-1.40686351791504,-0.586033919182217,-0.000380043057447412,0,0
5.98,-0.0304836095564555,-0.0376632586121559,-0.0955814285735236,0.67979624386725,3.98324958289913,-0.0744093671065834,0.013508353017635,3.23853963058657,-1.4071779194127,-0.586033923377011,-0.000379068841828999,0,0
5.99,-0.0256139952372032,-0.0376632660627365,-0.0748624004449417,0.329369333013024,3.93544124754068,-0.0744093748142553,0.0135083420296182,3.23833157053903,-1.40749152107406,-0.58603392148702,-0.000378368071135516,0,0
6,-0.0531977288638102,-0.0376632660627365,-0.0496649978305663,0.932755647817626,3.52467693589662,-0.0744093751785423,0.0135083417480392,3.23812327314828,-1.40780529704656,-0.586033915209449,-0.000377863993520416,0,0
6.01,-0.0465592941206524,-0.0376632623374462,-0.0737205380762673,0.290852537524596,3.68836411136729,-0.0744093810301159,0.013508332945166,3.23791550581769,-1.40811859301094,-0.586033905798688,-0.000377501399122779,0,0
6.02,-0.0972348677463966,-0.0376632548868656,-0.0714451682858552,0.718360158534806,3.28897753344021,-0.0744093851268206,0.013508326601906,3.23770747617133,-1.40843167236311,-0.586033894115459,-0.000377240576008623,0,0
6.03,-0.0808409465110172,-0.0376632437109947,0.0356813587052244,0.860302128291986,3.49729398935596,-0.0744093854978348,0.0135083257388038,3.23749949792137,-1.40874495976642,-0.586033880809666,-0.000377052961844476,0,0
6.04,-0.0431693381950588,-0.0376632288098335,-0.119708155763583,0.34411413761068,3.40105344814563,-0.0744093858700916,0.0135083247782135,3.23729162443776,-1.40905808805075,-0.58603386632473,-0.000376918007094119,0,0
6.05,-0.069173835702352,-0.0376632139086723,-0.0959884936595974,0.855258297286644,3.48748182953464,-0.0744093862432892,0.0135083237488165,3.2370837522279,-1.40937121350263,-0.586033851007052,-0.000376820924021003,0,0
6.06,-0.00653169843178311,-0.0376631990075111,-0.186740036228559,0.833906392920002,3.46253908908576,-0.0744093866169717,0.0135083226676299,3.23687588100124,-1.40968433679221,-0.58603383506436,-0.000376751097058888,0,0
6.07,-0.0393499020291513,-0.0376631803810596,0.160874279000573,0.116542350423785,3.56425726470293,-0.0744093869911685,0.0135083215520947,3.23666811347686,-1.40999730341585,-0.586033818705603,-0.000376700870639271,0,0
6.08,-0.000553811414050538,-0.0376631654798985,-0.21719791712836,0.701226765985971,2.49196376999409,-0.0744093873648154,0.0135083204127567,3.23646024344732,-1.41031042416097,-0.58603380206574,-0.00037666473520126,0,0
6.09,-0.0921078352282783,-0.037663146853447,-0.151546271414987,0.731881404707466,3.18774167482749,-0.0744093896036972,0.0135083164436397,3.23625250393226,-1.41062320436029,-0.586033785142289,-0.000376638727832107,0,0
6.1,-0.0734049876449586,-0.0376631282269955,-0.100027244228847,0.436503571258225,3.20833253243954,-0.0744093899787812,0.0135083152682849,3.23604473776083,-1.41093616818713,-0.586033768059006,-0.000376620016247957,0,0
6.11,-0.0970628020976893,-0.037663109600544,-0.0179024777997677,0.172282726621751,3.76142877540534,-0.074409390353596,0.0135083140847664,3.23583697184028,-1.4112491315387,-0.586033750879953,-0.00037660656489408,0,0
6.12,-0.00198983808990028,-0.0376630909740925,-0.122300719114537,0.0455512041838537,2.95500950690722,-0.0744093907286461,0.0135083128935221,3.23562920617093,-1.41156209440731,-0.586033733606364,-0.00037659689468526,0,0
6.13,-0.012384848460942,-0.037663072347641,-0.103181970134083,0.709136379836635,3.39381488004458,-0.0744093911045988,0.013508311694892,3.23542144075172,-1.4118750568083,-0.586033716237006,-0.000376589939592475,0,0
6.14,0.00578353072122227,-0.0376630537211895,-0.120999492509352,0.36212136231962,3.70630188098236,-0.0744093914804277,0.0135083104932236,3.23521367549684,-1.41218801894638,-0.586033698832194,-0.000376584938532249,0,0
6.15,0.0540476294634063,-0.037663035094738,0.00352855628985356,-0.0780835291249163,4.7992658667565,-0.0744093918563812,0.0135083092884233,3.23500591041162,-1.41250098081113,-0.586033681388824,-0.000376581344626267,0,0
6.16,-0.137606371128599,-0.0376630201935768,-0.0820908575891717,0.649061300081838,3.72403194003051,-0.0744093922325974,0.0135083080816195,3.23479804245753,-1.41281409763422,-0.586033663919335,-0.000376578758718763,0,0
6.17,0.010430492099557,-0.0376630015671253,-0.129381988134305,0.683095971753637,3.90607728461843,-0.0744093926085618,0.0135083068741301,3.23459027763561,-1.41312705911396,-0.586033646443626,-0.000376576895794209,0,0
6.18,-0.131770784619359,-0.0376629829406738,-0.156967395959607,0.367923612869774,3.21515407256822,-0.0744093929844547,0.0135083056660228,3.23438251293735,-1.41344002042334,-0.586033628961077,-0.00037657555402321,0,0
6.19,-0.00712748692044625,-0.0376629643142223,-0.0900496382127656,0.929520750737713,3.98572705682195,-0.0744093933603551,0.0135083044571942,3.23417474836537,-1.41375298155662,-0.586033611469816,-0.000376574585457033,0,0
6.2,-0.0838276760946247,-0.0376629456877708,-0.0993211013338377,0.821112718666174,3.17794952185043,-0.0744093937361456,0.0135083032482931,3.23396698390793,-1.41406594254158,-0.58603359397856,-0.000376573887489642,0,0
6.21,-0.055177898860249,-0.0376629270613194,0.0475115649897072,0.608896383952,3.11194884941068,-0.0744093941120361,0.0135083020387847,3.23375921957615,-1.41437890335229,-0.586033576479224,-0.000376573383397563,0,0
6.22,-0.0298262383515686,-0.0376629084348679,-0.118839273249216,0.444177222972171,3.70154660934039,-0.0744093944881971,0.0135083008279516,3.23355145538386,-1.41469186395676,-0.586033558961848,-0.000376573018947164,0,0
6.23,-0.0307722253748501,-0.0376628898084164,-0.00194983738890206,-0.197052775207633,3.39021917000705,-0.0744093948644458,0.0135082996167615,3.23334369131259,-1.41500482439721,-0.586033541439491,-0.000376572756654697,0,0
6.24,-0.036054847458277,-0.0376628711819649,-0.0068626225820511,0.476854733322849,3.2787460148538,-0.0744093952406243,0.0135082984055255,3.2331359273553,-1.41531778468979,-0.586033523917142,-0.000376572566714924,0,0
6.25,-0.0662752830447431,-0.0376628525555134,-0.0793859079858529,1.25258203215576,2.38524181041821,-0.0744093956168162,0.0135082971942984,3.232928163512,-1.41563074483447,-0.586033506394793,-0.000376572428764335,0,0
6.26,-0.098859103558343,-0.0376628339290619,-0.101462205344188,1.25494489976166,3.55940405699208,-0.0744093959929666,0.0135082959830431,3.23272039978269,-1.41594370483121,-0.586033488872436,-0.000376572328200246,0,0
6.27,0.0243842472225448,-0.0376628153026104,-0.178678907158754,0.382598780532155,3.64562638942412,-0.0744093963691275,0.0135082947717954,3.23251263616735,-1.41625666468008,-0.586033471350087,-0.000376572254532139,0,0
6.28,-0.00989376342920497,-0.0376627966761589,-0.001195431534879,0.748140964590682,4.04908586249112,-0.0744093967452759,0.0135082935605395,3.232304872666,-1.41656962438105,-0.586033453827738,-0.000376572200274335,0,0
6.29,0.039039466434799,-0.0376627780497074,-0.00865635329182723,0.378625569943145,2.764916592487,-0.0744093971214345,0.0135082923492897,3.23209710927864,-1.41688258393408,-0.586033436305381,-0.000376572159882543,0,0
6.3,-0.04453334241533,-0.0376627594232559,-0.303636829959618,1.07900853885603,3.37941108276485,-0.0744093974975814,0.0135082911380327,3.23188934600526,-1.41719554333924,-0.586033418783032,-0.00037657212954504,0,0
6.31,-0.0210445790460972,-0.0376627407968044,-0.175013121027071,0.685774754050984,3.0702645955079,-0.0744093978737095,0.013508289926763,3.23168158284586,-1.41750850259649,-0.586033401260679,-0.000376572106384201,0,0
6.32,-0.034816465808813,-0.0376627221703529,-0.102920948754203,0.715482961604229,3.98637921511007,-0.0744093982498479,0.0135082887155,3.23147381980045,-1.41782146170583,-0.586033383738327,-0.000376572088406801,0,0
6.33,-0.0578991980438943,-0.0376627035439014,0.00483687287348879,0.658713378465242,3.61887725229647,-0.0744093986259244,0.0135082875041963,3.23126605686902,-1.41813442066728,-0.586033366215978,-0.000376572074140962,0,0
6.34,-0.00553713687481402,-0.03766268491745,-0.0423479707704512,0.615914943026357,3.93633765136271,-0.0744093990020575,0.0135082862929299,3.23105829405158,-1.41844737948081,-0.586033348693625,-0.00037657206255102,0,0
6.35,-0.0255291297660233,-0.0376626662909985,0.0378138011596605,0.778464553811376,3.27022094552519,-0.0744093993781847,0.0135082850816596,3.23085053134812,-1.41876033814644,-0.586033331171272,-0.000376572052902428,0,0
6.36,-0.0859826623034826,-0.037662647664547,-0.11499901331682,0.91978430554171,3.53941426128,-0.0744093997543149,0.0135082838703916,3.23064276875864,-1.41907329666418,-0.586033313648923,-0.000376572044608516,0,0
6.37,0.00271401648805012,-0.0376626290380955,-0.104749333177324,0.803642335862645,3.37970254290808,-0.0744094001304533,0.0135082826591287,3.23043500628315,-1.41938625503401,-0.58603329612657,-0.00037657203739391,0,0
6.38,0.0285298857649702,-0.037662610411644,-0.0480830181451095,0.764209026689354,3.19863090692235,-0.0744094005065919,0.0135082814478656,3.23022724392165,-1.41969921325592,-0.586033278604213,-0.000376572030850946,0,0
6.39,0.0103211101925354,-0.0376625917851925,-0.174773213059906,1.06533384742869,4.3377075855168,-0.0744094008827264,0.0135082802366004,3.23001948167412,-1.42001217132995,-0.586033261081864,-0.000376572024836363,0,0
6.4,0.0856373835770673,-0.037662573158741,-0.00140463178124323,0.370816510217167,3.19040694595672,-0.0744094012588206,0.0135082790253082,3.22981171954058,-1.42032512925606,-0.586033243559511,-0.00037657201917509,0,0
6.41,0.00028857905432228,-0.0376625545322895,-0.0498354655213,1.00950771615579,3.3729599391314,-0.074409401634952,0.0135082778140407,3.22960395752103,-1.42063808703427,-0.586033226037158,-0.000376572013780721,0,0
6.42,-0.00335764303099313,-0.037662535905838,0.074238496136631,0.30969126145641,3.60968190909403,-0.0744094020110583,0.0135082766027568,3.22939619561545,-1.4209510446646,-0.58603320851481,-0.000376572008565957,0,0
6.43,-0.0941885615775113,-0.0376625172793865,-0.104280499189164,0.459371820346966,3.06985563699621,-0.0744094023871876,0.0135082753914879,3.22918843382386,-1.421264002147,-0.586033190992457,-0.000376572003481583,0,0
6.44,0.0175570505494639,-0.037662498652935,-0.0496380036249974,0.389062669825766,3.88910082414603,-0.0744094027633133,0.0135082741802167,3.22898067214626,-1.4215769594815,-0.586033173470104,-0.000376571998560257,0,0
6.45,-0.00578657317450981,-0.0376624800264835,-0.145776314870069,-0.0198337234695179,3.44424610491818,-0.0744094031394553,0.0135082729689565,3.22877291058264,-1.42188991666812,-0.586033155947755,-0.000376571993660481,0,0
6.46,0.0679964394515041,-0.037662461400032,-0.0443924635756516,0.238419137043195,3.66681425322415,-0.0744094035155906,0.0135082717576915,3.22856514913301,-1.42220287370681,-0.586033138425402,-0.000376571988850366,0,0
6.47,-0.0467874054864785,-0.0376624427735806,-0.0580339462536705,0.169630842414329,2.57948218383106,-0.0744094038917096,0.0135082705464158,3.22835738779736,-1.4225158305976,-0.586033120903049,-0.000376571984051195,0,0
6.48,-0.048167382110072,-0.0376624241471291,-0.186948248019281,1.06168707078087,3.67714840696681,-0.0744094042678417,0.0135082693351491,3.22814962657568,-1.42282878734051,-0.5860331033807,-0.000376571979278526,0,0
6.49,-0.0870943805744172,-0.0376624055206776,-0.101402638003352,0.148044242016406,4.48950339465551,-0.0744094046439135,0.0135082681238421,3.227941865468,-1.42314174393549,-0.586033085858347,-0.000376571974508603,0,0
6.5,0.0430721759258501,-0.0376623868942261,-0.0750568513481037,0.409124509436583,3.97995406973182,-0.0744094050200435,0.0135082669125736,3.22773410447431,-1.42345470038257,-0.586033068335994,-0.000376571969754898,0,0
