{"_timestamp":1.7423747790772834e+09,"_runtime":79108.9784113,"_step":12138,"epoch":17718,"loss":0.048587259370833635,"val_loss":0.005520266015082598,"_wandb":{"runtime":79111},"best_epoch":13383}