{"_runtime":32920.9294893,"_wandb":{"runtime":32920},"_step":9998,"epoch":9999,"loss":0.001963304268429056,"val_loss":0.0008497865637764335,"best_epoch":4931,"_timestamp":1.7429668825828881e+09}