{"_runtime":247123.2844463,"_step":17533,"epoch":17534,"_wandb":{"runtime":247129},"loss":0.04764203215017915,"val_loss":0.010442264494486153,"best_epoch":14467,"_timestamp":1.7422054407429514e+09}