{"val_loss":0.001496775890700519,"best_epoch":1,"_timestamp":1.742933940159094e+09,"_wandb":{"runtime":80},"_runtime":77.320796,"_step":5,"epoch":6,"loss":0.0364768342114985}