t,iq,iq_ref,id,vq,vd,ia,ib,va,vb,theta_e,omega,r,"T_ass:0.59,S_pct:0.09,kp:0.9286,ki:7.9241"
0,-0.00716171598940428,0,0.0700438561487089,0.187494305697009,-0.257402582261674,0,0,0,0,0,0,0,0
0.01,-0.0686935429565622,0.000191724771866575,0.102217454885959,0.189304119082885,-0.511107769751778,-0.000848402028273563,-2.70153276040276e-05,0.0342460982351111,-0.00366501146636238,2.11902765257407,-0.00185074672417808,0,0
0.02,0.0817138629534219,0.000205784774152562,-0.0951918064300057,0.0781350519576607,-0.0975536844644684,-0.000956050450678455,-3.09957928364459e-05,0.039027921861834,-0.00383564069847898,2.11901363397125,-0.00199558010520743,0,0
0.03,-0.0577910048666184,0.000224237504880875,0.00543755743395149,-0.590649155801136,0.252722433407375,-0.000998406432684517,-3.22765962695268e-05,0.0403568410298216,-0.00425435541927412,2.11899929973357,-0.00198943042215243,0,0
0.04,-0.0336005383403475,0.000223596493015066,-0.0696069791535401,-0.130017679165709,0.135081229190558,-0.000975332809274251,-3.11309836998104e-05,0.0392283880839274,-0.00429540329331765,2.11898593965243,-0.0018415384360967,0,0
0.05,-0.0875015627033549,0.000236032719840296,0.0178221863912397,-0.264122715250927,0.12739271772867,-0.000998686464791894,-3.16034826911487e-05,0.0398636182782944,-0.00459740309153359,2.11897292228122,-0.00180144153123736,0,0
0.06,-0.0392952349499419,0.000241932779317722,0.0628928387710882,-0.36600628477307,0.0803687572072959,-0.000999869450652801,-3.13384387078609e-05,0.0396689458792376,-0.00476550800782545,2.11896044247815,-0.00171490603647072,0,0
0.07,0.0101161942851137,0.000253907695878297,0.080313805046476,-0.0827717208332805,-0.351619236971713,-0.00102352228720648,-3.16689689240821e-05,0.0403387141341364,-0.00506265969377029,2.11894874446098,-0.0016846707617162,0,0
0.08,0.0675831880669037,0.000252522353548557,-0.0448373929142121,-0.191060439539905,-0.62360232155806,-0.00100070194083972,-3.07592171137403e-05,0.0392544219721397,-0.00507270713827862,2.11893736968762,-0.00155178816013599,0,0
0.09,-0.0288544035467934,0.000256655679550022,-0.0597999572430113,0.379976178053428,0.201399628013468,-0.00099855533560112,-3.03663593252156e-05,0.0389684849769733,-0.00520118408997195,2.11892671119466,-0.00147064076944566,0,0
0.1,-0.00153608688175106,0.000260982662439346,-0.0436508890388638,0.143118433751529,0.183588353292608,-0.000997958823102804,-3.0060652062344e-05,0.038751770368612,-0.00533042358193134,2.11891661460232,-0.00139705494703873,0,0
0.11,-0.00141904722478087,0.000265116337686777,-0.0241556672769614,-0.0628318589875525,0.889018577704349,-0.000997499704479986,-2.97781706762639e-05,0.0385501222141788,-0.00545347120939827,2.11890704201419,-0.00132753409012633,0,0
0.12,0.0366566074325521,0.000269038369879127,-0.0910483827337137,0.192665221456222,-0.040464590459772,-0.000997071965747615,-2.95108790312156e-05,0.0383590552179325,-0.00557029977465498,2.11889796561529,-0.00126163520508706,0,0
0.13,-0.0321625640848354,0.00028602039674297,-0.00951190547613211,-0.46322196049568,-0.201182476527021,-0.00104274930309031,-3.06917091958212e-05,0.0399162618147896,-0.0059560328672123,2.11888900795182,-0.00130099596939911,0,0
0.14,-0.0138270218843753,0.000276348320767283,-0.0890475104049209,-0.029111885420484,0.695983618379173,-0.0010803235710816,-3.12986232559371e-05,0.0422057074856435,-0.00567591015835905,2.11888047012558,-0.00132456116330465,0,0
0.15,-0.049036402057536,0.000281912478385493,-0.140948184238126,0.118163497892236,-0.2736511115429,-0.00100207198553366,-2.90637487822587e-05,0.038052418468036,-0.00593223092502975,2.11887229230098,-0.00108945204910225,0,0
0.16,-0.0614048962350834,0.000283426634268835,-0.00865923561634989,-0.554517945458384,-0.290830636351927,-0.000995979040102472,-2.85729684558574e-05,0.0376806464723253,-0.00599745785756924,2.11886498113269,-0.00102322125300472,0,0
0.17,-0.000791356533857494,0.000286286580376327,-0.0355189352624911,-0.208489406555615,-0.231122213548919,-0.000995229672199932,-2.83402516170432e-05,0.0375186535216834,-0.00608498866280502,2.11885808202735,-0.000972147798442365,0,0
0.18,0.0303462736412404,0.000289105228148401,0.0258133801237961,-0.182192483222664,-0.418304712955956,-0.000994890705312232,-2.81449899494337e-05,0.0373789200063029,-0.00616959752197299,2.11885154297386,-0.000924598729644293,0,0
0.19,0.00592069379214776,0.000291786098387092,0.0425865541694678,-0.319316552682202,-0.23825814956796,-0.000994596765021699,-2.79623117135521e-05,0.0372472903485458,-0.00625000260362994,2.11884534301754,-0.000879579718596854,0,0
0.2,0.0353695145024223,0.000294329016469419,0.0778440321866324,-0.257356514335009,-0.10743643072135,-0.000994320028361117,-2.77892926246979e-05,0.0371223814958332,-0.00632634342422596,2.11883946441163,-0.000836898902083246,0,0
0.21,0.0550463308296788,0.000296740618068725,-0.077023143787867,-0.323081459565499,-0.63573191885788,-0.00099405796276121,-2.76253734915952e-05,0.0370037875473461,-0.0063988243075537,2.11883389048812,-0.000796430549861603,0,0
0.22,-0.0192686703144451,0.000299027567962185,0.00869761666627252,0.861722342535647,-0.515602258955056,-0.000993809240851222,-2.74698031378648e-05,0.0368911682841379,-0.00646767101138749,2.11882860545474,-0.000758059652514554,0,0
0.23,-0.0835248349229923,0.000301196414511651,0.0927296687950762,0.364336476701058,0.366115062682691,-0.000993573513968318,-2.73223625382877e-05,0.0367842174438183,-0.00653304711894692,2.11882359433857,-0.000721677476012468,0,0
0.24,0.0390207504431009,0.000303253240417689,0.0032868839252469,0.401020106955615,-0.0228620513336977,-0.000993349985752746,-2.71825553305486e-05,0.0366826352836057,-0.00659513288113916,2.11881884294272,-0.000687180945414237,0,0
0.25,-0.0506295702841748,0.000305203866446391,-0.0460906848346681,-0.0449504689839733,-0.124429546494538,-0.000993138058784274,-2.70500068405476e-05,0.0365861476605954,-0.00665410309981738,2.11881433780633,-0.000654472329785293,0,0
0.26,0.00308022235160376,0.000309826922602952,-0.154704763168429,0.0793144177249615,-0.466006943210674,-0.00100280954587711,-2.72279509739691e-05,0.0368698741134412,-0.00676740935956433,2.11881012380007,-0.000646220233553469,0,0
0.27,0.0472884941294372,0.000303579465253279,-0.0123118882014132,-0.33704558400031,0.162137230802363,-0.000974034480727204,-2.63595711873394e-05,0.035694765582012,-0.00664900278412454,2.11880589470249,-0.000551003199287813,0,0
0.28,-0.0182667253859594,0.000327720044879243,-0.154978685888073,-0.144428434004008,-0.777211941598378,-0.000972674986412571,-2.62660505403099e-05,0.0345938046601309,-0.00728405750613979,2.11880205038223,-0.000520499489920481,0,0
0.29,0.00263344621936769,0.000311633077217266,-0.028199970902121,0.280198556585926,0.959704065459587,-0.000990926318855918,-2.65207278812167e-05,0.0361904358882262,-0.00685427002030314,2.11879852837517,-0.000536341786869884,0,0
0.3,0.0757102271434484,0.000310644652927294,-0.0247887003062211,-0.332849466210212,-0.194747856584402,-0.000983115140486222,-2.6079827321e-05,0.0358393426490368,-0.0068519571335019,2.11879565737162,-0.000497955860052947,0,0
0.31,0.152609500034436,0.00031447468791157,-0.0755701595193158,0.263962398797105,0.237196580194379,-0.000991430963462363,-2.63590086173779e-05,0.0360890367023727,-0.00693955416784666,2.11879240655662,-0.000493681828026712,0,0
0.32,0.0923265828624442,0.000316013727569953,-0.0613515850972968,0.186545888072693,-0.300784449013412,-0.000991909160750232,-2.63082277135817e-05,0.0360445303430041,-0.00698380875864216,2.11878927552645,-0.000472395846191082,0,0
0.33,-0.048902348549461,0.000317316764267161,0.123546593017852,-0.0143221975938462,-0.485021173413759,-0.000991815356422434,-2.62247005041161e-05,0.0359814874108693,-0.00702356456556542,2.11878630312988,-0.000450923584591562,0,0
0.34,-0.0884713446577001,0.000318540929583833,-0.0402359958724312,0.152277048452608,0.841960071953547,-0.00099168624364644,-2.614219081129e-05,0.0359200231897622,-0.00706120587281082,2.11878348451657,-0.000430467717008401,0,0
0.35,0.103657292820969,0.000319701182888821,0.0177499746473407,-0.0126924990206836,-0.647997477659556,-0.000991560809159267,-2.60636250575197e-05,0.0358614597898613,-0.00709699320329651,2.11878081196839,-0.00041106483349426,0,0
0.36,-0.108626007288682,0.00032080162782222,-0.0405692133972999,-0.496084784298025,0.833194212655401,-0.000991441698496459,-2.59891309029243e-05,0.0358057538381054,-0.00713102491951881,2.11877827793373,-0.000392667038699389,0,0
0.37,0.0608214077275629,0.00032184534939006,-0.205798931433774,-0.438339573997043,1.28108711148182,-0.000991328557586253,-2.59183818345482e-05,0.0357527679072307,-0.00716341601506868,2.1187758752351,-0.000375222739854005,0,0
0.38,0.040083658703798,0.000322835461702198,0.00696407811679225,0.236679124618195,0.394221626080279,-0.000991221292373466,-2.58513080482478e-05,0.0357023540798661,-0.00719423301744068,2.11877359706564,-0.000358682555769667,0,0
0.39,-0.0737221136104988,0.000323774613207206,0.0754644062611102,0.25050398488855,-0.1675488809628,-0.000991119805744843,-2.57878450741219e-05,0.0356543827748717,-0.00722352785058574,2.11877143697109,-0.000342999630030575,0,0
0.4,0.00429774945717421,0.000324665452353656,-0.00591899978691185,-0.0407233092897468,-0.506486221142598,-0.000991023396175671,-2.5727560298311e-05,0.0356087307482617,-0.00725143080296836,2.11876938883174,-0.000328129532142361,0,0
0.41,-0.00963622728712848,0.000325510482070968,-0.0439152366235569,0.22657852801009,0.519846286853646,-0.000990932016062015,-2.56704204813526e-05,0.035565277062125,-0.00727798848870767,2.1187674468452,-0.000314030134198571,0,0
0.42,-0.109163151249321,0.000326312117977068,-0.0404412030740294,0.298240489063358,-0.519734335196286,-0.000990845317048688,-2.56162090543976e-05,0.0355239016353143,-0.00730327440403102,2.11876560550961,-0.000300661491717577,0,0
0.43,0.0616876496838672,0.000327072601066902,-0.0177327992875137,0.304384334922065,0.626195040926036,-0.00099076340064448,-2.55649842170626e-05,0.0354845036383514,-0.00732732628773157,2.11876385960829,-0.000287985730491458,0,0
0.44,-0.0970226762605244,0.000327794085023925,0.0852865323918417,0.510967652776138,0.143001166389935,-0.000990685466037545,-2.55162536714974e-05,0.0354469728409751,-0.00735025958865886,2.11876220419511,-0.000275966939289685,0,0
0.45,-0.131441857841892,0.000328478519804776,0.0649055451288252,-0.113356581103771,-0.262401601883319,-0.000990611614786556,-2.54700760356616e-05,0.0354112207943312,-0.00737210446348357,2.11876063458011,-0.000264571068118862,0,0
0.46,-0.00095934736150448,0.000329127884469926,0.157077021663732,0.276919605402553,0.393693237681471,-0.000990541647687245,-2.54263265465263e-05,0.0353771519041737,-0.00739291600635085,2.1187591463165,-0.000253765831755812,0,0
0.47,-0.0496575822931627,0.000329743983456865,-0.000438528497838713,-1.12550058285087,-0.117543090777843,-0.000990475015102189,-2.53846667392009e-05,0.0353446757029782,-0.0074127803866557,2.11875773518788,-0.000243520618283638,0,0
0.48,-0.0232681775881799,0.000330328504787758,0.00619084433761063,-0.602236467749996,0.505046418689393,-0.000990412069749644,-2.53453090204296e-05,0.0353137152462513,-0.00743169332636951,2.1187563971965,-0.000233806402365601,0,0
0.49,-0.0175241560672482,0.000330883194692433,-0.142946310827649,-0.12342653252262,-0.20657898881931,-0.000990352510452356,-2.53080668715546e-05,0.0352841919076328,-0.0074497269319218,2.11875512855168,-0.000224595663013966,0,0
0.5,0.0481910120562807,0.000331409479258582,0.127804050459911,-0.226440989755515,-1.65960697855302,-0.000990295939351246,-2.52726949131192e-05,0.0352560252088638,-0.00746693044736057,2.11875392565932,-0.000215862305621625,0,0
0.51,4.40941509913931,4.59999990463257,0.0156072926669552,5.69283694731835,0.196309424715481,-0.403795240856495,4.47034176441678,-0.31242913571396,5.56839574964329,0.0892830044594267,27.5126329417218,1561.42675885548,0
0.52,4.57037182370731,4.59999990463257,0.0647336420467088,5.13352224443579,-2.77338270822787,-1.73583135087646,4.15487427262543,-3.79353544140583,3.66900837209931,0.404853904327655,58.6038945683781,1561.42675885548,0
0.53,4.4739381055794,4.59999990463257,-0.0672934022729257,4.76232470852302,-0.301952800601652,-3.6588725365892,2.62371198720519,-4.16614260669446,2.57338334380189,0.950244067569328,90.4173589778538,1561.42675885548,0
0.54,4.46534371110302,4.59999990463257,0.030163333617491,7.10109354155074,3.32057309190021,-4.38948195566502,-0.789943482213675,-7.39850359153576,1.66917446198681,1.73613238614184,124.545131671249,1561.42675885548,0
0.55,4.39657849916114,4.59999990463257,-0.033355590035507,8.53433784298615,1.26691009581424,-1.5613033071826,-4.14138376689639,-4.14924303890717,-7.74119295139563,2.77618924036593,158.467387698382,1561.42675885548,0
0.56,4.44446382721406,4.59999990463257,-0.0368815952634868,5.59651520780715,-0.34279106069659,3.53781910251581,-2.76200210662319,4.75114048520602,-3.00077482520416,-2.23106586785285,189.574160832527,1561.42675885548,0
0.57,4.51834499146074,4.59999990463257,0.202424381605346,6.84898209088341,-1.55826226587903,2.97471274367193,3.33830153499119,3.07216239913073,5.88065421519322,-0.720670412603648,223.280971829072,1561.42675885548,0
0.58,4.39355448526466,4.59999990463257,0.00625960136685215,8.63133249152585,-3.53071997124105,-3.76908976642831,2.32328596381865,-9.28009844605488,1.33339554253748,1.03484261474855,255.041983135662,1561.42675885548,0
0.59,4.34207769872555,4.59999990463257,0.0821566879538137,10.1240434809107,0.260981205881101,-0.503341551750375,-4.36487191439278,-1.8613778753872,-10.1745280760651,3.0240263535684,288.421127699588,1561.42675885548,0
0.6,4.49240347619886,4.59999990463257,0.150976719125991,9.48645348622292,-4.88104586527365,3.81924449287958,2.20011858737905,6.17410937911771,8.49872391397917,-1.02927358700332,319.882893507378,1561.42675885548,0
0.61,4.40168435685251,4.59999990463257,-0.0466229283633049,10.7708150506643,2.1327055731371,-4.35616688137503,0.54445368061956,-10.2128330497081,2.9960965958286,1.43933590440551,352.852251786253,1561.42675885548,0
0.62,4.417281640758,4.59999990463257,-0.0154531214737805,7.89393888011248,-1.38974555914331,3.73398250683925,-2.40741006837981,7.17853080159053,-3.39956749846745,-2.13868064946932,385.738040302965,1561.42675885548,0
0.63,4.32779174983192,4.59999990463257,-0.048484016106729,12.3205786419738,-1.19684450768454,-3.10908154274485,3.04790454818203,-10.1986984097287,7.19023282196018,0.804341578946037,418.074471132127,1561.42675885548,0
0.64,4.40545936708956,4.59999990463257,0.0891690573998407,11.8678533618076,-0.24441137557782,3.24706002112354,-2.91100827432347,9.41711143501555,-7.43393125920304,-2.29809014110582,450.204430204777,1561.42675885548,0
0.65,4.48468081233315,4.59999990463257,0.0847919906917404,11.3966521657288,-1.67227587217559,-3.91128290248657,1.94509329886883,-11.4313101005803,3.05924455261215,1.11988892682664,482.490290451604,1561.42675885548,0
0.66,4.37869530436416,4.59999990463257,0.107745173750629,10.7382846312111,-1.66520433746691,4.38891684880521,0.228261416084689,10.1335681850529,2.87483499100329,-1.50828052465153,514.906573985769,1561.42675885548,0
0.67,4.33935322436605,4.59999990463257,0.0298924415486916,13.6593035852575,-2.16689582968973,-2.99754164672053,-3.1285378460868,-8.28527907092464,-10.5950818629424,2.38381428469863,547.379734113258,1561.42675885548,0
0.68,4.32804131633621,4.59999990463257,0.0170492014193253,9.60098677823122,-1.03681222122004,-0.98266124818851,4.30068262588489,-3.17594666069976,8.96649786985282,0.229847457361669,579.595747507558,1561.42675885548,0
0.69,4.36320836867299,4.59999990463257,-0.0019407895333363,12.226201079494,-4.60448882386727,4.30908682877573,-0.597318028659641,12.9895527004065,2.90710787778812,-1.68777255385916,611.517106757378,1561.42675885548,0
0.7,4.39377509249674,4.59999990463257,0.0893283509456252,11.5416819085894,-1.35182605351158,-1.00788285843657,-4.24210503576451,-1.71078130931916,-11.9469407504812,2.91366211171283,643.730047896806,1561.42675885548,0
0.71,4.40725455122331,4.59999990463257,-0.125173590158271,11.4506580844588,-1.127579938815,-4.33733495347459,0.46605997268179,-11.9550293611857,0.272959853180755,1.46861868357574,676.251170474199,1561.42675885548,0
0.72,4.31083289793394,4.59999990463257,0.114018817697142,11.6564332812555,-6.4964672328192,-0.984799307922125,4.24719689008884,-9.5575873887575,10.0339862760353,0.259058843076692,707.986089012785,1561.42675885548,0
0.73,4.33271428867937,4.59999990463257,-0.0153907388736337,14.2653457956884,-5.17398485488896,2.91711135431473,3.18972690264851,5.02762456059925,14.1552580526104,-0.714879611309247,740.512158710754,1561.42675885548,0
0.74,4.34514890814449,4.59999990463257,-0.101002785525993,13.9650600094077,-3.36858137439496,4.29837686514473,0.426535990322904,13.5658064047949,5.3734263801757,-1.45380895521097,772.224691218062,1561.42675885548,0
0.75,4.38587790142875,4.59999990463257,0.193997800517696,13.3916902342176,-5.30711182349464,3.97325651474685,-1.72481361709525,14.3440078724942,-0.634177369050677,-1.95743430920513,804.394191024087,1561.42675885548,0
0.76,4.39976825001008,4.59999990463257,0.0659328605969256,12.8284987964711,-3.25901076526231,3.41060660271153,-2.70757045654996,11.7304140397165,-4.98236864940465,-2.2264664181821,836.666291654537,1561.42675885548,0
0.77,4.3434876337245,4.59999990463257,-0.00860538560152177,16.4706388446602,-5.4006187562975,3.22417096037444,-2.80119112574802,16.1474444302831,-6.4533955435541,-2.26068198596815,868.553139743696,1561.42675885548,0
0.78,4.27980286852962,4.59999990463257,0.0421670753645532,15.5956222914899,-5.57714683161617,3.7204292627495,-2.11320773258299,16.9254644679478,-2.66695777957023,-2.06034839163675,900.314445403218,1561.42675885548,0
0.79,4.24852943890949,4.59999990463257,-0.0392451393503595,16.7181791046716,-4.13404335166136,4.26120965053185,-0.337041379507214,16.6314596462709,4.00752514067422,-1.62588560953442,932.175632809103,1561.42675885548,0
0.8,4.2958829074991,4.59999990463257,0.0232115028245335,16.1052575760361,-5.65038171901177,3.56833357759183,2.36059326649252,9.84567398675367,14.1889493384131,-0.957727184124461,964.075537088776,1561.42675885548,0
0.81,4.28403109010942,4.59999990463257,0.0199600923874651,17.5406919084745,-2.83083604643358,0.3070509022214,4.23577321657105,-2.34663094003647,17.8990346673465,-0.0557346203610642,995.985070381317,1561.42675885548,0
0.82,4.38557468272603,4.59999990463257,0.146258891073694,16.3919648475141,-6.71858401757607,-3.70067770122382,2.13700808015917,-17.742307401648,1.81678191019602,1.07958703496648,1027.93386063117,1561.42675885548,0
0.83,4.26769209569975,4.59999990463257,0.0278017494739363,17.7923909243161,-4.52295730591644,-2.79587049846436,-3.21302751297801,-7.39157242228996,-16.1662348150529,2.44808542363583,1059.85356196385,1561.42675885548,0
0.84,4.4014689069358,4.59999990463257,0.103393269321213,14.8625708691572,-5.79108058946034,3.31647048778004,-2.74420303885314,15.4247060299849,-4.48730007091132,-2.23354593733837,1091.54414773003,1561.42675885548,0
0.85,4.22946416516799,4.59999990463257,0.0804074533358731,17.1623210772241,-6.40390219125444,1.78478252142072,3.8685302174718,0.358806497165506,18.4755520823273,-0.399122508355624,1123.14277230244,1561.42675885548,0
0.86,4.27385185249173,4.59999990463257,0.095949733412518,13.8198155087531,-6.43270325375145,2.00659419829253,3.82201851727452,0.0839281239326581,15.898027171863,-0.450906545273717,1155.1549922653,1561.42675885548,0
0.87,4.16182470315258,4.59999990463257,-0.0140354292272934,17.8254280990158,-3.08827491126976,-4.1043446848407,-1.08947469456779,-16.0752193834227,-8.47364479750596,1.84885219061264,1186.61106750284,1561.42675885548,0
0.88,4.22835563332118,4.59999990463257,0.0987268539003892,18.7173163210647,-5.20347339778488,3.96466353716625,-1.49104107163751,19.2457664522623,-0.52688123484516,-1.90244171049243,1218.5204900773,1561.42675885548,0
0.89,4.35870274281484,4.59999990463257,0.127936509481733,14.8916677923974,-7.48911021905666,-3.17536219143526,2.89852117427541,-15.7121266697238,5.04679140304296,0.861797901016674,1249.93765253753,1561.42675885548,0
0.9,4.30358764473166,4.59999990463257,-0.0746710576933411,18.8987316782138,-5.7722423769628,2.69036616613281,-3.25866847771792,16.4324773873897,-10.70503602637,-2.42509938282887,1281.77413082143,1561.42675885548,0
0.91,4.26430427328866,4.59999990463257,-0.0854200718186582,19.2361506654382,-3.43829172243035,-2.98802536130057,2.98262250350958,-16.0104781977739,10.7959634236167,0.803085916495529,1313.44515298462,1561.42675885548,0
0.92,4.27420899810865,4.59999990463257,0.111473634283747,19.8312941513134,-4.42674957907801,3.74617037120851,-1.91246309081838,19.8326649170492,-4.5344733727715,-2.02009078890895,1344.88850494406,1561.42675885548,0
0.93,4.22025977620184,4.59999990463257,0.252660897042758,18.8956469629647,-7.20740945850155,-4.22259569787018,-0.291747045827794,-17.8163075046459,-8.30405290963234,1.67154707094216,1376.41589163754,1561.42675885548,0
0.94,4.34035435913628,4.59999990463257,0.227015364981379,20.4600618773907,-5.91123578910909,2.75867805346194,3.16147169344705,8.46957342722811,19.4304102138917,-0.688585726741612,1407.98908367523,1561.42675885548,0
0.95,4.26198808268995,4.59999990463257,0.18713004572536,18.6023251713905,-8.38508890865041,1.18130872583315,-4.0645724157708,13.9173052878871,-14.9834984830474,-2.81772469367645,1439.47964183738,1561.42675885548,0
0.96,4.2694514403852,4.59999990463257,0.0257922850763306,20.9814430171186,-5.73552389627605,-4.17819944620745,0.142081836721448,-21.1837782965803,-5.98530148828145,1.56707930361331,1470.93743690028,1561.42675885548,0
0.97,4.23959464583031,4.59999990463257,0.0731720054606502,21.2376752504635,-7.94584511627977,0.588131099709308,4.13951043793681,-6.00503006506529,21.9308747588463,-0.100696686204279,1502.4060687362,1561.42675885548,0
0.98,2.98344782179996,3.35817241668701,0.0626456708651473,17.4903925783948,-5.87190245010655,3.00987949992367,-0.0421198684942862,17.452911787366,6.74451449610376,-1.54236977288962,1530.98485227645,1561.42675885548,0
0.99,1.4908932865044,1.88772666454315,-0.0373534160479501,18.991454554446,-1.52059764624006,0.449505810172466,-1.44454007729425,7.23908372968076,-17.4706580884488,-2.82118676657976,1547.04275898033,1561.42675885548,0
1,0.684574669542516,1.0995032787323,0.184929304221697,16.2513120663673,0.310365391868546,-0.110586267071465,0.763553694636266,-2.72944154014547,16.282433280373,0.151037616519229,1555.44337673728,1561.42675885548,0
1.01,0.42744377625429,0.681997954845428,0.00797266368556388,14.7306179663887,-3.43344381655527,0.362037220466054,0.156399916468757,10.615136424399,10.7718743773762,-0.995478026818477,1559.82826205919,1561.42675885548,0
1.02,0.306027114039695,0.461283326148987,0.051812068073405,14.7782126187736,1.11246959108718,0.145096430231617,-0.0878336651815936,12.5539252662249,-7.64074020173357,-2.11881754337474,1561.99580090144,1561.42675885548,0
1.03,0.0433662794509407,0.34478485584259,0.110046659410643,14.1632546236314,1.001069572645,0.000857276413565055,-0.0680641995297221,-1.55054757740917,-13.8855556177491,3.05232024054695,1563.02997785622,1561.42675885548,0
1.04,-0.049522783283551,0.283645838499069,0.052664843122735,16.5696982914149,0.362694747356714,0.0341522294073696,0.00892458304846412,-15.0118169867625,-5.68877307209501,1.94534184994847,1563.46167947706,1561.42675885548,0
1.05,-0.101284907870923,0.252749562263489,0.14439606039232,17.6215986111148,-0.193410007973797,0.0726864266399979,-0.0610238688791181,-13.1386415164281,11.5613314450208,0.840254907914111,1563.57633617453,1561.42675885548,0
1.06,-0.250806541838378,0.236272141337395,0.0443261939061135,17.3362627072669,0.690598787540963,-0.0420993784800734,-0.107979206352582,5.16253609404782,16.937009736288,-0.264567338205997,1563.54487348239,1561.42675885548,0
1.07,-0.108978275859352,0.230318278074265,-0.0450928879534597,14.2985995297379,-0.14547228661745,-0.0485587123102504,-0.0174972262344128,13.828277514829,3.22929168061152,-1.36989540171167,1563.43895989891,1561.42675885548,0
1.08,-0.0633203206439562,0.227518185973167,0.135717900285851,15.5151061325594,-2.90714998360424,-0.0970850792295716,0.0260964376344263,11.9615166141834,-10.3499243219724,-2.47621925556688,1563.29148206539,1561.42675885548,0
1.09,-0.0658200790972515,0.227146446704865,-0.0632085786592054,15.1863429892394,0.814651676007908,0.0395107872409539,0.0666609237174114,-6.83038930660745,-13.7441746227069,2.69950498791294,1563.12890173729,1561.42675885548,0
1.1,-0.0051620046426692,0.228424876928329,0.0402302966499233,14.8005225758735,-2.01632925228726,0.0648919388303582,0.0322152769248792,-14.7948199920842,-1.89726350614829,1.59096800389282,1562.96442926832,1561.42675885548,0
1.11,-0.1350702999743,0.230480298399925,0.0867491230147307,16.796334713101,-2.66459947933353,0.0805380227189025,-0.0714928364080863,-9.44231349974152,13.8995293957393,0.481237912610529,1562.84390177285,1561.42675885548,0
1.12,-0.107407406684717,0.234221607446671,-0.0657738858250104,17.1462554867618,-0.594333788511355,-0.0347448268081257,-0.100560801464598,8.70980474487204,14.6076986138787,-0.629579344883056,1562.68725245067,1561.42675885548,0
1.13,-0.0957114106150705,0.234392613172531,-0.112337519737203,15.0385824742065,1.44911515440498,0.0536122877666162,0.0315761513666578,-10.441794687405,-10.54633945255,2.42285602534568,1562.55906719299,1561.42675885548,0
1.14,0.00554448473836098,0.237371236085892,-0.0712131358149175,12.4413337420955,-2.22395437571202,0.026306762483626,0.0401356320026465,-12.9300410832872,1.05312587893359,1.31023889373658,1562.4636229976,1561.42675885548,0
1.15,-0.0346812576356483,0.239458322525024,-0.0693961416381368,14.3150796714882,-1.20207219772619,0.0305677559251124,-0.0369377299609803,-3.90401049608568,13.72957350315,0.19693805980765,1562.35130647314,1561.42675885548,0
1.16,-0.096348189126619,0.238791108131409,-0.0379214996577317,17.5597297153143,0.288652364394666,-0.109069095082092,-0.0607927600478249,15.0107002098419,10.4394618309258,-0.917144893521212,1562.28446712884,1561.42675885548,0
1.17,0.0122438495169925,0.236264497041702,-0.0111204783512734,14.9167321548556,-0.602437087020928,-0.0540438262993707,0.0376373575899481,13.4422560217907,-7.15143506387363,-2.03152393686904,1562.2393326962,1561.42675885548,0
1.18,0.0425481241762134,0.234817311167717,-0.0573351626144923,12.3960887183526,2.1220503254479,0.041534776252763,0.0105985419406686,-2.11778990959463,-12.4229623010926,3.13687126368594,1562.18965566956,1561.42675885548,0
1.19,-0.0412586555137644,0.237043112516403,0.199240856681601,15.9511062608982,-3.13180291819744,0.0431949987733064,0.0834748831629763,-12.9653960747153,-9.40850755838074,2.02159424581608,1562.09475220875,1561.42675885548,0
1.2,-0.0980655732011178,0.240042418241501,-0.0145550313231885,14.4646212050077,-0.072246193046894,0.0321081565002348,-0.0308101606470878,-11.2118835363676,8.99497859622302,0.905584496495369,1562.00840942175,1561.42675885548,0
1.21,-0.014957141587736,0.24359193444252,0.118329598426032,18.0912023251556,-0.402156985761809,-0.0189072547936304,-0.11344581561353,3.4847989158063,17.7475633354142,-0.210957000816274,1561.93098904994,1561.42675885548,0
1.22,-0.0640119762870875,0.242335602641106,0.0174649798829433,17.0479251648563,-0.00842458619527942,-0.0948875203463441,-0.0286324321955385,16.660100517535,4.39614734062881,-1.32784056145332,1561.90420263311,1561.42675885548,0
1.23,-0.0921397991622872,0.240449771285057,0.137294413113239,19.3827883097745,-2.12442560464081,-0.105609337028727,0.0970212577565037,13.1266627203801,-14.1765363452901,-2.44501704540515,1561.87021840961,1561.42675885548,0
1.24,-0.113646951529145,0.243995323777199,0.10031757496006,16.3592212290608,-0.855557421335467,0.0189802162681023,0.0791708214896568,-5.94672414050746,-15.2708006337775,2.72062862623034,1561.80315774244,1561.42675885548,0
1.25,0.105159985409411,0.24318590760231,0.0284727348252218,12.9045052756573,-0.265434525973952,0.0124837734666209,0.00429435910564552,-12.9459714661712,-0.633587558678768,1.6029014086421,1561.7912055626,1561.42675885548,0
1.26,-0.126079892652966,0.243420884013176,-0.088220029313811,16.0022968440984,2.08026179231839,-0.0680133550059226,0.0348937145943363,15.7190205400025,-2.5255545694784,-1.63408688582535,1561.76573738258,1561.42675885548,0
1.27,-0.0524829866918508,0.241851970553398,-0.075938810736538,14.8937891120906,0.221747062763252,-0.0264717765413219,0.046315558302303,6.0411049449651,-13.6396939709294,-2.75223709098059,1561.72514007165,1561.42675885548,0
1.28,0.0117758166947065,0.244014516472816,0.0513980099231898,13.1287455776008,1.31290758475417,0.018937237164887,0.00108797707420245,-9.16114359276656,-9.3137086094794,2.41244925144165,1561.69626256806,1561.42675885548,0
1.29,-0.0361890581194166,0.245165854692459,0.0264111668946857,13.3728129433794,2.11530634464728,0.00861584691781479,-0.0389009050126602,-12.3964855464999,5.33906784858724,1.29378691236296,1561.67063418191,1561.42675885548,0
1.3,-0.13448805153856,0.243842288851738,0.140869346377797,16.724845902161,-0.24934981191681,0.0208099242805692,-0.0868201922565677,-3.19854293690712,16.5253690976662,0.174987864289885,1561.66040896624,1561.42675885548,0
1.31,0.00420006092110455,0.242933809757233,0.0266700007143245,16.6985846088156,-1.52200494346658,-0.0629148861813241,-0.0608527371090166,13.0942266395211,10.3286912425605,-0.943944138685787,1561.62602260251,1561.42675885548,0
1.32,0.0334929423522469,0.244611710309982,0.0501419772509568,15.5435849066057,1.59809763288087,-0.0345496132630676,0.0468633987537893,12.6851380895357,-8.18458763374002,-2.06301938541222,1561.61518334825,1561.42675885548,0
1.33,0.0257374056106147,0.245983064174652,0.0530471280393843,17.1040898279914,-2.73003896282293,-0.0462688354812999,0.0917318956155204,1.81301985378605,-17.0650144031476,3.10090103790716,1561.57826380951,1561.42675885548,0
1.34,-0.230128829969872,0.247904941439629,0.02079823466566,18.378640475717,0.74650628590264,0.114869897957158,0.0317524980402557,-17.25729636796,-6.67398809413859,1.98136567980513,1561.53784377968,1561.42675885548,0
1.35,-0.159408288050606,0.24820564687252,-0.0444371041827726,16.1303395569698,1.66906510094296,0.0234074465789305,-0.0709867872013464,-10.768930596936,11.7191504828374,0.861614535170385,1561.53273948931,1561.42675885548,0
1.36,-0.177575600264756,0.245688214898109,-0.112448655758215,15.9896261638656,0.298999064891163,-0.036258348352341,-0.0733034087612054,4.97999704348689,15.7378004838718,-0.258016160950518,1561.56774690346,1561.42675885548,0
1.37,-0.0601015866347471,0.243987947702408,-0.127145918456456,14.4641789778948,0.226357208763129,-0.0412296941238242,-0.0161089911378842,14.2296248482055,3.18466544943621,-1.37764957329236,1561.56425672141,1561.42675885548,0
1.38,-0.117435880260423,0.243044272065163,0.140146791518563,15.4696408370834,-1.03387291569968,-0.0582169669311073,0.0377442214794935,10.3845078209483,-11.7241803648198,-2.4972633749977,1561.54725876258,1561.42675885548,0
1.39,0.0710945072024063,0.244067832827568,0.149106540405875,12.2985855783442,-2.51231133648942,0.0362601629359204,0.03029331968372,-8.30001275688847,9.0619308705082,0.547229024144949,1561.55206707148,1561.42675885548,0
1.4,0.00432388761980221,0.24370014667511,0.0982067507942161,15.3081857710585,-1.87472986288206,-0.00135703152698171,-0.0719139007554414,6.77380556783981,14.0158242990101,-0.572502251151623,1561.54608057769,1561.42675885548,0
1.41,-0.0966515907349556,0.243347927927971,0.151680261149841,15.1622903556501,-0.590582585114029,-0.0507753684606375,-0.000404145471962485,14.829080175117,-1.43705218938647,-1.6922869122871,1561.51916298114,1561.42675885548,0
1.42,-0.167359007838403,0.24356347322464,0.0823263924952958,14.0648622061022,0.608656227029457,0.00219435528310807,0.037766547155479,3.95005208519964,-13.5939763259614,-2.81218042579462,1561.50914846696,1561.42675885548,0
1.43,-0.0122243580834491,0.246251344680786,0.0216257677516604,13.1606049088442,-1.13806056921459,-0.00671375587332799,0.0280942482623504,-8.5524085568656,-10.2315576398602,2.35098157761787,1561.4907658122,1561.42675885548,0
1.44,-0.15780421867582,0.244900643825531,0.0947776313163229,17.6958064588728,-1.95469513386849,0.106611910259026,-0.0175064228365738,-17.0804263065318,5.02573155475739,1.23088870321807,1561.49427196932,1561.42675885548,0
1.45,-0.00901262160619809,0.24700602889061,0.0458614727174927,16.658257364459,2.1966796855737,-0.0471005737491221,-0.080266940125735,0.902623836813766,16.4983973054658,0.11071090258338,1561.4592903581,1561.42675885548,0
1.46,-0.170751050127548,0.245295062661171,-0.243081385206235,16.0527179193407,-0.058040590471985,-0.0675945809748467,-0.0298763682170388,13.9256592930832,8.1784798852174,-1.00947663591175,1561.47614505638,1561.42675885548,0
1.47,-0.0408794439900122,0.24391670525074,0.00148053998960174,14.1353644943143,-0.780908037588629,-0.0393913492299778,-0.00719115965860394,12.5055471403943,-6.21585753616183,-2.1295557941652,1561.49800971778,1561.42675885548,0
1.48,-0.0281431810847789,0.244610667228699,-0.0272659215490829,13.8867142405531,0.809996878451206,0.0178905438838606,0.0290629704195224,-2.23510184261415,-13.837417319998,3.03348667929045,1561.47983570768,1561.42675885548,0
1.49,-0.0464913903071626,0.246251419186592,-0.0843064914601178,14.8365778061676,1.95154794464371,0.057511569965893,-0.0147073426495184,-14.6688878879332,-3.53094259082553,1.9131998871969,1561.45253248989,1561.42675885548,0
1.5,-0.121814621933167,0.246285289525986,0.0685318003887898,15.9272794054912,2.17623683485594,0.0183827242043057,-0.0713882969393377,-9.87622917804891,12.3532120951988,0.792893601254743,1561.45756661432,1561.42675885548,0
1.51,-0.0540621085195622,0.245011389255524,0.0486866427561236,17.2039820901268,1.91808037831122,-0.0559219934186851,-0.0723622573741099,6.80799514965467,15.4399039374808,-0.327358640479617,1561.47454465098,1561.42675885548,0
1.52,-0.0895773615912067,0.243198275566101,0.0709652035894524,16.8119342798983,3.47377642461824,0.0782045922271044,0.0534148545395504,-8.9625807103309,-13.9903365767856,2.71658572597412,1561.46817130263,1561.42675885548,0
1.53,-0.0508990651357919,0.24367094039917,-0.00274820795331325,15.4381886440754,2.18590804368394,0.0640434185437026,-0.0392395593778746,-15.6186876136535,1.59550210469439,1.59635861715144,1561.47330476858,1561.42675885548,0
1.54,0.0283630348795324,0.245555087924004,-0.0218605418983954,13.8338234210741,0.539331848876891,0.00607008667228969,-0.0232681617673109,-6.05291767346401,12.2835198832622,0.476107984519711,1561.45677119645,1561.42675885548,0
1.55,-0.0619472646868017,0.245283037424088,-0.121120481343393,18.453364211698,-0.723049593534996,-0.0511203758262647,-0.100275234428929,10.0640045235094,15.0169461729436,-0.644256650701455,1561.44677820448,1561.42675885548,0
1.56,-0.0523107467706034,0.247664108872414,0.00281535539200823,14.4388010527201,1.72087225528575,-0.0271189752610621,0.0415374063894453,13.7597471315235,-4.45138291612656,-1.76476317043332,1561.41874437714,1561.42675885548,0
1.57,-0.0472377577981293,0.245776265859604,-0.108714617911146,15.4447264441727,0.128129417262315,-0.00565206487664362,0.0534239518429941,3.49637989172191,-14.7892571838911,-2.88522702428966,1561.4386874425,1561.42675885548,0
1.58,-0.00469158478071318,0.247811138629913,0.218474930111894,13.9338281569531,-4.9971061118643,-0.0374699870526461,0.077401144811388,-7.73621943867369,-12.0829547491655,2.27742354311846,1561.43355724421,1561.42675885548,0
1.59,-0.183346085803602,0.245694503188133,-0.0114532366627952,18.263160496055,-0.363070569058474,0.100201762591071,-0.0420597860910794,-16.5121862256666,7.09300957202452,1.15693531918256,1561.43712467552,1561.42675885548,0
1.6,-0.138055388616888,0.244283482432365,-0.0457526358907716,15.6763353343877,-0.614410314212281,0.0109485370470971,-0.0665387426551204,-1.05921764746256,15.7862000386996,0.0364757340564955,1561.44951362206,1561.42675885548,0
1.61,-0.00765540152769401,0.247150182723999,-0.142181325328198,14.7436895791215,0.171780449288652,-0.0421296422396797,-0.0165013581119452,13.2464764009779,6.74544056029077,-1.08396471469454,1561.4208969047,1561.42675885548,0
1.62,-0.057797090915695,0.249618783593178,-0.087548062726275,14.4348144236711,0.217133704625147,-0.0277549298998268,0.0310415030745405,11.652961255066,-9.09982078012587,-2.20468644993681,1561.40910141359,1561.42675885548,0
1.63,-0.0440409791010892,0.244850471615791,-0.0819328259319501,16.8601894943746,-1.18572462166609,-0.00903540680207708,0.0907753941409446,-1.76429665289806,-16.8464596260099,2.9578984692121,1561.43687588029,1561.42675885548,0
1.64,-0.0330566938064274,0.249570444226265,0.0465623449138215,13.8366772535951,0.405334421197674,0.018351921194817,0.008491937512069,-13.2006571012925,-3.82101562245927,1.83734963482057,1561.40414258734,1561.42675885548,0
1.65,-0.0146846110558723,0.248430982232094,-0.0677771421022795,15.8674217242824,1.37361061933338,-0.061762037809847,0.0249295059214827,15.5965645081878,0.888788332071991,-1.40232651468214,1561.4235779404,1561.42675885548,0
1.66,-0.0431703715447179,0.247847676277161,-0.0778308858394418,17.4419327764785,0.185935448456904,-0.0604614090090152,0.0741643358198193,10.3814217730424,-14.013530253572,-2.52295910598093,1561.41841258074,1561.42675885548,0
1.67,-0.187296351714157,0.248934268951416,0.04274227841887,15.0525428018444,1.20684905126949,0.0320846944618386,0.0342628255699355,-7.67331151292274,-12.8915662352261,2.63954547222512,1561.39250696402,1561.42675885548,0
1.68,-0.122044585200989,0.246261164546013,-0.0225991300860305,13.4341926376872,-1.41419592814913,0.0278098087428012,0.0412227687073061,-13.963416713325,-1.43839576590749,1.51901557890144,1561.44926530725,1561.42675885548,0
1.69,-0.0210611003127903,0.245772048830986,0.20198505595398,14.3609907730434,-1.76158479146113,0.0505108428872281,-0.0222066724025139,-7.40560048375992,12.6903491082211,0.398640867301532,1561.45118587371,1561.42675885548,0
1.7,-0.157909771015716,0.245016977190971,-0.0120903496426991,16.9420264423182,-1.02069330212216,-0.0471124080318549,-0.0809663549733015,10.5833660488007,13.5000520313592,-0.721809479938766,1561.43745954698,1561.42675885548,0
1.71,-0.0506414512613598,0.246173709630966,-0.0318137784105152,16.0202253870943,0.29516569146694,-0.0709337940664371,0.00347427749349878,15.6906275705514,-3.50068101282257,-1.84226768561473,1561.42534989522,1561.42675885548,0
1.72,0.0337607250414107,0.246039122343063,-0.0693501829508706,15.5638934246499,-2.28368162232952,-0.047237861087585,0.0525569630640208,4.61952674524704,-15.0107311212782,-2.96261138896914,1561.44966347882,1561.42675885548,0
1.73,-0.054540436205879,0.243093118071556,-0.0560323554313667,15.4009447675463,-1.00179466093794,0.0357743427357706,0.0501794247280797,-11.8452669097706,-9.83507183890305,2.20022729216999,1561.47021836137,1561.42675885548,0
1.74,-0.183154354901581,0.244245141744614,0.0335197450275142,14.2596365391881,1.72802676235752,0.0237559551060164,-0.0455896587734137,-12.2425811385013,8.1190018894362,1.07990187100427,1561.43820692089,1561.42675885548,0
1.75,-0.0294086624298485,0.244487002491951,0.0470792874837078,13.4894807320883,0.73540716745686,-0.0140640909314692,-0.013551447806924,1.17824253575024,13.185293428274,-0.0405018528422336,1561.44806855244,1561.42675885548,0
1.76,0.039734441788215,0.246156334877014,0.0950601376032574,12.890675028486,-0.275613097538686,-0.00554051785294354,0.0148407594239312,11.8362581533664,4.27896210897503,-1.16099742785935,1561.43972006843,1561.42675885548,0
1.77,-0.146319749790482,0.244726806879044,0.0774784777923771,15.933617669499,0.321612106062651,0.0643505377999393,0.0109755935379323,-15.1271209616315,-4.45469650993586,1.88271363635266,1561.45120259407,1561.42675885548,0
1.78,-0.0551695596719982,0.242452427744865,-0.126142303125068,16.5072310040183,1.39725609619299,0.0401456445076812,-0.0861984385256518,-10.6271380059057,13.2549833595322,0.762386434628872,1561.46241209292,1561.42675885548,0
1.79,-0.0539874345061852,0.244439259171486,-0.0347183214312684,17.6429489624621,-0.630799300375276,-0.0297259255561606,-0.0965316786677754,5.85145768511965,16.5653270227658,-0.357951908357483,1561.44642062308,1561.42675885548,0
1.8,-0.0129126380198813,0.24198754131794,-0.0214772236112461,15.4234284306154,-1.2646175991043,-0.0577644262268061,-0.0411212236297014,15.2388394070123,3.20431982753024,-1.47829281118448,1561.4608414316,1561.42675885548,0
1.81,-0.193361189088873,0.244696334004402,-0.0412663204344503,18.3711478374428,0.852144074544852,-0.0409804193133945,0.107929458996615,8.58705094474017,-16.0995375834829,-2.59871611101748,1561.42616387352,1561.42675885548,0
1.82,0.101898581055702,0.245617434382439,-0.138877839428665,13.0291808953179,4.16219083143037,0.0627635365796209,-0.0338834631191663,-9.98375430126761,-8.87249462214332,2.56396822146703,1561.43112428661,1561.42675885548,0
1.83,-0.123342978894634,0.244254767894745,0.0493577454040439,16.7351001449542,0.131152648293802,0.0812519381145191,-0.00628721636139941,-16.4871867145069,1.89360929463039,1.44352924431737,1561.45387524696,1561.42675885548,0
1.84,-0.207060902477346,0.244127422571182,-0.0417769874668635,16.2007097311385,-1.66417269645227,0.0540682160753286,-0.0567456788848288,-6.70466888863857,14.7013922544461,0.323075128598741,1561.43604722378,1561.42675885548,0
1.85,-0.0544761156494292,0.241057530045509,-0.103986471340904,17.1673866454889,1.63032457004773,-0.0985407614754292,-0.0431253785719755,13.7342906258546,10.8419745120849,-0.797264115822694,1561.45183436353,1561.42675885548,0
1.86,0.115845304066186,0.240451201796532,0.0854254641681959,11.7197058621524,-0.764005578328743,0.0120895386715126,-0.0119572383027996,11.0102057141126,-3.57521891262239,-1.91757168915615,1561.47989490755,1561.42675885548,0
1.87,-0.110301100929017,0.242327198386192,-0.108954526267938,14.8484639407732,1.91054929960612,0.0101782164284813,0.0580704235227997,0.779734978681146,-15.2744148995043,-3.03783592145,1561.45599324403,1561.42675885548,0
1.88,-0.159043154091519,0.241418108344078,-0.0830125415095664,17.4007922063717,1.20394173855815,0.0900341955120567,0.0448367536071103,-15.0051802210558,-8.82309562073756,2.12497900626882,1561.44750346352,1561.42675885548,0
1.89,-0.0972928677338137,0.244966194033623,0.101129971634836,16.5662800115097,-1.00319921109499,0.07368675184842,-0.0204309423906347,-14.3227324732971,7.72600420001889,1.00443249544285,1561.41457687964,1561.42675885548,0
1.9,-0.0222513930071121,0.243477165699005,-0.072768948110734,14.9405274650259,0.63602513505804,-0.0181967233194693,0.0435238425893419,10.7600440121625,-9.87615560186092,-2.23519636688011,1561.44256441183,1561.42675885548,0
1.91,-0.10889571853227,0.244872897863388,-0.0232354012264144,16.4658233115603,-0.777216776066366,-0.00966721558542796,0.0848114705266418,-2.18573825754389,-16.5289322125392,2.92734798835622,1561.42837690275,1561.42675885548,0
1.92,0.0831646957625631,0.245369583368301,0.11116242395883,12.6613245918117,-0.1006929414841,-0.00330876290341681,-0.00902574718338519,-12.0737843930755,-2.55201999054271,1.80676333014682,1561.41630925868,1561.42675885548,0
1.93,0.000727184846589943,0.244461253285408,0.0176588376845573,14.7349070582823,1.76360540277287,-0.00915967458867448,-0.0549168125468682,-7.52330323357747,12.4429063351318,0.686225994121395,1561.43018521882,1561.42675885548,0
1.94,-0.0359564520671258,0.244258791208267,0.0215747221454681,15.4073699171553,-1.85086023629146,0.0189222990916218,-0.0728142615416276,4.32894163136186,15.0299010214763,-0.434264345261537,1561.43482472485,1561.42675885548,0
1.95,-0.0875115410906522,0.244516253471375,-0.0626875072331534,18.0074216602207,-0.155382078215015,-0.108194507514089,-0.00437911345130842,17.9738300796495,0.488434187930992,-1.55481067246231,1561.42723288135,1561.42675885548,0
1.96,-0.0831058676056593,0.244398459792137,-0.00652069860903085,12.9800324367368,-0.878311229321703,-0.0157767070934849,0.00389644402169486,6.48275557810967,-11.3939204019767,-2.67532976840568,1561.42546343698,1561.42675885548,0
1.97,-0.0419252405788951,0.24469305574894,-0.111414849161383,15.7572281797045,-1.46309250420375,0.0181352533470292,0.077588607464723,-8.54543627266909,-13.8754511608886,2.48730018181187,1561.43475269856,1561.42675885548,0
1.98,-0.0174359307668276,0.24337537586689,-0.0170871601878154,15.4292208025606,-0.847451143538051,0.0602056923797056,0.00365116955578802,-15.2681535559403,2.35147827338845,1.36682030633125,1561.435093654,1561.42675885548,0
1.99,-0.0133308155126353,0.244919016957283,0.0694799019170051,13.3670902334701,2.33800785756372,-0.0353780824386695,-0.0198694021945679,-1.36108682123447,13.1952722281732,0.246284049646118,1561.40597896874,1561.42675885548,0
2,0.0963545392813239,0.247307270765305,0.254967477377368,12.2935783673542,-2.2862115568256,0.0359625245224389,-0.0290655483814919,7.93455880192223,9.64098731574003,-0.874447697079963,1561.41157003365,1561.42675885548,0
2.01,0.0330718030836223,0.244835749268532,0.0407067026602339,14.8947059988143,-3.15335649767496,-0.0666298961415056,-0.0346306656894472,14.8168711265025,-3.44350949543901,-1.99495317104152,1561.4285368525,1561.42675885548,0
2.02,-0.0728580378621734,0.244295805692673,-0.0126315623175356,16.5561140405001,-2.01921269988638,-0.0300900033553795,0.0761412069592988,1.86952653019218,-16.374672489808,-3.11550875796986,1561.42844499062,1561.42675885548,0
2.03,-0.127093251434377,0.243176519870758,-0.0210032035437762,12.5819488572654,-2.38109777798131,0.0352690078888049,-0.00100564087495824,-0.921152819157259,12.5413586007118,-0.071890004958675,1561.43950934928,1561.42675885548,0
2.04,0.0185485319490284,0.243834108114243,0.0719413906487469,13.9339223173345,-1.72447928896779,-0.00997937478909528,-0.0382458918862505,12.1556028463317,6.57511250955818,-1.19231919607103,1561.43988911897,1561.42675885548,0
2.05,-0.147063151623594,0.244290739297867,-0.0182329185672592,16.8355095211649,0.206944125403557,-0.0695599593906585,0.0541398585040689,12.7531441691615,-11.2055271805603,-2.31283483617565,1561.437206283,1561.42675885548,0
2.06,-0.0128524276269346,0.244444370269775,0.0103693659765947,16.7738414925826,-1.75751503968718,-0.0115777333636801,0.0844378936720613,-2.97574164507762,-16.2998950495375,2.84979775527686,1561.4211592042,1561.42675885548,0
2.07,-0.103994575122873,0.246699631214142,0.100193189312756,14.4862511396287,-2.37964815272395,0.025847143789352,0.028219431922064,-13.8313480525465,-3.46020662081232,1.72911072680292,1561.40841437454,1561.42675885548,0
2.08,-0.0750869704610289,0.247627153992653,-0.0854731435765543,15.3836704434854,-1.73570197762387,0.0601824506190782,-0.030470126029312,-10.3116503244474,11.9800758466105,0.608470000064201,1561.40801440079,1561.42675885548,0
2.09,-0.113538792861045,0.248028993606567,-0.0593638751201689,18.941890246998,-0.994777016719475,-0.0406671738536458,-0.117801779908068,8.28928485507076,17.030379711909,-0.512314039988638,1561.40394578281,1561.42675885548,0
2.1,-0.148379364249724,0.244410678744316,-0.00965251595586038,16.5507499488132,-0.143290883711845,-0.0862157597944294,0.016659866422981,16.8886448577643,-1.55086510859001,-1.63294990886015,1561.42231311574,1561.42675885548,0
2.11,0.0124806890158738,0.246598154306412,-0.0115927823962294,12.933313696012,-2.7686516405981,-0.0454971080734922,-0.017257822936553,7.11424181603378,-10.8897639696678,-2.75347876940746,1561.41721338786,1561.42675885548,0
2.12,-0.079243852322371,0.243715330958366,0.00930755265540903,15.6408146161053,-1.40799355283419,0.019152539351189,0.0610606395681601,-9.35729546925988,-12.4021414600393,2.40922066116529,1561.45303527737,1561.42675885548,0
2.13,0.0714761563752944,0.241793811321259,0.167574246275912,14.9248277102159,-0.0520840369606156,0.05455205527715,-0.0217875929245823,-14.727984682867,4.49670394632882,1.28886717884452,1561.4569020114,1561.42675885548,0
2.14,-0.0341283611478017,0.245138108730316,-0.0676440003042289,14.7501979759751,1.06175497724098,-0.0164547598543718,-0.0460177318391113,-1.34752083736636,14.7575973376657,0.168454029723401,1561.41623274024,1561.42675885548,0
2.15,-0.0201642500025564,0.243595063686371,-0.00289579344579013,13.11073574946,-1.3092810760077,0.0112698221106884,-0.0331786979978309,9.66539457190642,8.96387499711132,-0.952011133626554,1561.44581359568,1561.42675885548,0
2.16,-0.12328395948789,0.244329944252968,-0.067205496010411,17.8326898238921,-2.62266345763591,0.0815740295992335,0.0901343917885319,-15.0118689845696,-10.7872174967691,2.0916508335069,1561.42814476132,1561.42675885548,0
2.17,0.00194256632975238,0.242379114031792,-0.140162541605303,16.2173630806292,0.281616361458702,0.0578770802900093,-0.0333557460814662,-13.2625932081964,8.67367594061266,0.971237331273255,1561.44114670707,1561.42675885548,0
2.18,-0.059794437874322,0.241886407136917,-0.121983839160463,16.0505369977546,-1.7101050990276,0.0244186728648237,-0.0623768679105864,0.593851275217375,15.4776991611479,-0.149126888616778,1561.44213100749,1561.42675885548,0
2.19,-0.00472471300540963,0.243735730648041,0.031702671118426,14.5987186284751,-1.23040507067872,-0.0330144965277631,-0.0323094316918635,13.6681084570972,5.35646644596281,-1.26959720522481,1561.44351493172,1561.42675885548,0
2.2,-0.0482307660096139,0.24213282763958,0.00288003684448721,14.9207841095526,-0.312697807070194,-0.0423619103837424,0.0279983827898998,10.6908198787518,-10.5088156321152,-2.39000714128874,1561.45044937685,1561.42675885548,0
2.21,-0.0627071932566948,0.242570206522942,-0.0476268194310587,16.8596773673603,2.5703601954239,0.0716299436005211,0.0714639143634697,-8.04465884168503,-15.2844619296691,2.77278603271893,1561.43976893719,1561.42675885548,0
2.22,-0.0880101614982769,0.24403803050518,0.0327785187646902,14.2989519857263,-0.615737350045966,0.0288226395829638,0.0217405975643766,-14.0058517273703,-2.13794951889556,1.65231592309288,1561.4390976721,1561.42675885548,0
2.23,-0.17924347918953,0.240944251418114,0.0597364466714308,14.7977940162887,-0.886886162822237,0.048722919045408,-0.0285888929941947,-8.75606975520455,12.1633755039572,0.531933568487052,1561.45092361869,1561.42675885548,0
2.24,-0.0830895918755862,0.241563260555267,-0.0258740287454743,15.5018403735015,-1.06793627096192,-0.0189119199795136,-0.0552484506150478,7.8217864890308,13.1890282818267,-0.588458430229414,1561.42887616478,1561.42675885548,0
2.25,-0.00777047378806031,0.242090225219727,0.0600590322837384,14.5986985169231,-1.58186336419706,-0.0386829668845678,-0.0279065245558685,14.3397415890892,-0.282176885538239,-1.70891574143811,1561.43402678469,1561.42675885548,0
2.26,-0.0229766898398959,0.244125112891197,0.0811869367142886,13.944783802838,0.72584564117428,0.00715727510597659,0.0279141836581827,3.52708842104453,-13.4055785867204,-2.82945385274502,1561.42577708667,1561.42675885548,0
2.27,-0.0912470012981966,0.244983777403831,-0.046196381378267,18.6976369680417,-0.62327717481235,0.0671879047395718,0.0954103951165317,-12.5135543577481,-13.5271824108952,2.33312492493356,1561.4056542681,1561.42675885548,0
2.28,-0.107604006074982,0.242761641740799,0.00957265514231835,16.0718725479929,-1.40355433583414,0.0668029238365474,-0.00781436268091211,-15.1246819327,4.73403311419888,1.21256645231618,1561.42197675089,1561.42675885548,0
2.29,-0.0340020911083577,0.245371162891388,-0.00460284953803614,12.4416476369955,-0.159790447195939,-0.00464014429476192,-0.0119138430918915,11.6382604184231,-4.97118099613725,-2.02708336864796,1561.41796528074,1561.42675885548,0
2.3,-0.201566215845508,0.24508798122406,0.0225912684991634,18.2166521847546,-0.0345331419235441,0.00120260943620693,0.113671541566433,-0.129460051305802,-18.3638534270358,3.13554761343711,1561.42158499303,1561.42675885548,0
2.31,-0.0336194893917248,0.24384731054306,0.101438214058176,16.212152437141,-0.531688658922648,0.0622292610606254,0.0417425395476684,-14.478499977115,-7.57180274595392,2.01492161591924,1561.41596774927,1561.42675885548,0
2.32,-0.0753296545913716,0.244561314582825,-0.0968266015555682,16.4917076797428,1.38856189770023,0.0479543208947975,-0.058911097063748,-12.302296171953,10.8292534832646,0.894357608397463,1561.41012856141,1561.42675885548,0
2.33,0.0414653244881699,0.246772885322571,0.131458247662352,14.0644812220677,-1.22667826523699,0.0185714190454985,-0.040413895948307,1.9202343624988,14.4710068214846,-0.226319881640029,1561.39218694564,1561.42675885548,0
2.34,-0.0564876631397345,0.245024248957634,-0.0682935365145317,14.2262428857301,0.277310049249585,-0.030847909537484,0.00801368707409208,13.9132083321853,2.41429304736965,-1.34696669259735,1561.41676590343,1561.42675885548,0
2.35,-0.155966236202353,0.240616396069527,-0.307580857654672,16.1944025659603,1.45525109842057,-0.0274715985398197,0.0804971605035284,9.20818773175403,-13.7253810443234,-2.46748415538854,1561.44908606049,1561.42675885548,0
2.36,-0.06038222643323,0.242416858673096,-0.182107490622322,15.8852706653982,2.36693957311575,0.0616916874524901,0.0402335244765673,-8.47312545030727,-13.3587289222111,2.69531471440659,1561.44660511123,1561.42675885548,0
2.37,-0.0524162721064805,0.243178933858871,0.0231791497250783,12.9559743379397,0.590478917336589,0.00754596791120256,-0.0297375679195381,-12.9791959807635,1.43397558697234,1.57486642031214,1561.43674159203,1561.42675885548,0
2.38,0.0859036182933963,0.239366009831429,-0.0368687381620402,15.6141821862325,-0.264559681524427,0.0386549355192384,-0.0449438833782298,-7.430661901145,13.3771810539551,0.454505936246763,1561.45912926624,1561.42675885548,0
2.39,-0.0767886132056542,0.239553600549698,0.00291820474449788,14.8419097287923,0.248889582260684,-0.0315180298048275,-0.0357917380379444,9.20609668372985,11.5965727502157,-0.665772751109957,1561.44262540784,1561.42675885548,0
2.4,-0.0236860782806358,0.239352181553841,-0.0612880804352425,14.1356198531197,0.524477332407131,-0.0224421936800253,0.0138405530283167,13.2578394664647,-3.32382304583516,-1.78604276511632,1561.46930694574,1561.42675885548,0
2.41,-0.104858049474454,0.23809178173542,0.0259956879095291,17.3193776807329,-0.825896160635245,0.0988667900504877,-0.0217899345045193,-16.7022376334932,4.88785502831775,1.2579642349644,1561.46957915055,1561.42675885548,0
2.42,-0.0419319102974898,0.240320101380348,0.12094013742246,16.4879634445161,-1.42285986156745,0.042740790997092,-0.0736639755550317,-3.91700530423346,16.02673270914,0.137568295773092,1561.43273217969,1561.42675885548,0
2.43,-0.0520113882428266,0.239886954426765,-0.208393927390163,16.7418898863629,2.77133275324484,-0.0991645365701788,-0.00829651338684359,15.2945801534246,7.35798410605343,-0.982864544173799,1561.44986200215,1561.42675885548,0
2.44,-0.0333308537763953,0.241120040416718,-0.035746500440455,14.8778648990053,1.4759694360716,-0.0293559565296424,0.0518511264534069,12.2551894511661,-8.93900188658622,-2.10330323806574,1561.4466747581,1561.42675885548,0
2.45,-0.154725331257343,0.237346947193146,-0.0920388814828346,19.5911624429214,0.0420560243839869,0.00818314291804612,0.143349267329997,-1.3978678602368,-19.4572627883068,3.0595863881699,1561.46987533329,1561.42675885548,0
2.46,-0.0395208388097425,0.239124745130539,0.164710472536186,14.7111950119568,0.260083319185283,0.0417596853612023,0.0153414983653955,-13.6528408797242,-5.29849525973361,1.93932292790545,1561.43974732939,1561.42675885548,0
2.47,0.00455190430869246,0.241127520799637,0.0998068978762659,12.9734628294803,-2.90778620523739,0.0424330509192264,0.0367950039581698,-11.288318355125,6.69294307711782,0.818836323280295,1561.43577479177,1561.42675885548,0
2.48,-0.0843410868777067,0.237531065940857,-0.204672837961094,16.5106118284555,2.59990530550985,-0.0670212939274854,-0.0671282922048111,7.0151655835551,15.1459978546988,-0.301518978986886,1561.46579922445,1561.42675885548,0
2.49,-0.079465931724165,0.241040214896202,-0.0160930195295075,13.1705150306065,2.94368163325406,-0.0247234656715105,0.0480509733580525,13.6123985760712,-0.484876603048837,-1.42199458759521,1561.41642291452,1561.42675885548,0
2.5,0.0741351156384601,0.242294371128082,0.0173853983094829,14.589945361947,-0.238444474728805,-0.0433433493802343,0.041719134542806,9.30739588689038,-12.4541575366333,-2.54262429496549,1561.42076656509,1561.42675885548,0
2.51,-4.75728054978277,-4.59999990463257,-0.249882286086297,8.97157410259579,6.84777476461315,2.89799260527926,3.78448821640724,-10.7687843040102,-2.97059791893728,2.5188964641886,1530.54311574038,625.382533994947,0
2.52,-4.77735954591508,-4.59999990463257,0.00302518887065631,7.16552767455911,6.01687022149,4.0283885063876,-2.49489883697281,-3.13460143855015,9.14205760484093,1.0442792325064,1495.89423230531,625.382533994947,0
2.53,-4.92618638029256,-4.59999990463257,-0.0121632992334925,10.8995554470228,4.82657254771917,-3.12198549925992,-3.65320896838828,10.7175060762136,5.05297678430147,-0.684653767591873,1461.21210796124,625.382533994947,0
2.54,-4.80715828529173,-4.59999990463257,-0.281630045983988,9.34337635696969,6.25565156357713,4.75662431476826,-0.483127966545059,-8.96216017673722,6.87629239650065,1.49669469241891,1426.54412817511,625.382533994947,0
2.55,-4.73231046945556,-4.59999990463257,-0.376958931611648,6.82032894747216,7.48458509015544,-3.30946582347813,-3.39750475700119,10.5122730231583,0.564480196757636,-0.739969996127604,1391.97536440255,625.382533994947,0
2.56,-4.73289579504884,-4.59999990463257,-0.29387694707539,5.29596128481038,6.01421653667315,0.541323045109817,4.66687504289254,-6.45324664577439,-4.75336756753933,3.05284159208525,1357.40550615578,625.382533994947,0
2.57,-4.7666458322343,-4.59999990463257,-0.396535968529381,8.03993308736831,8.8925804081397,1.26563818219146,-4.58036312773834,6.34369072506501,10.3169209606478,0.309426192164419,1322.86586539282,625.382533994947,0
2.58,-4.68985425687501,-4.59999990463257,-0.0136137099558847,4.98916799158242,8.21989919434175,-1.89667341779056,4.29915253618166,-5.74666433816667,-8.65433146678639,-2.68668589596491,1288.22430181429,625.382533994947,0
2.59,-4.78082526565715,-4.59999990463257,-0.151740305828674,6.98285913269794,6.23364112858887,1.49536084741423,-4.48349801086916,3.23091516770893,8.32050439873887,0.347933595306738,1253.91098668234,625.382533994947,0
2.6,-4.62552054825734,-4.59999990463257,-0.00365287253483902,6.83757726384324,2.5286776268024,0.104188777067973,4.73426245606964,-2.37042057351018,-7.21701627622974,3.13035540961898,1219.63091676716,625.382533994947,0
2.61,-4.75335503698321,-4.59999990463257,-0.112352878716135,8.86272790440423,5.41578154660796,-2.85899171861619,-3.79906310001115,9.01835680392464,3.57035472530163,-0.621850342539641,1185.12350684626,625.382533994947,0
2.62,-4.65504313584609,-4.59999990463257,-0.149814010576399,1.63539760869033,3.90859886937578,4.61367845632516,0.317643816587728,-2.01140967148294,3.728998891786,1.65738920367259,1151.02985000245,625.382533994947,0
2.63,-4.70619498363151,-4.59999990463257,-0.358915254966896,6.80389184276221,7.3926168644543,-2.31476561334863,4.11552939746309,-2.86602118793687,-9.28646252672097,-2.59757552359992,1116.73374663046,625.382533994947,0
2.64,-4.57975424163876,-4.59999990463257,0.0269648883199198,2.35354190986845,3.79138531988974,-3.46976802436646,-3.08123593087955,5.37877043134954,-2.18832306675217,-0.820864668289498,1082.25789866713,625.382533994947,0
2.65,-4.56926990956134,-4.59999990463257,-0.00588831962619905,2.40058105232713,4.94118370485949,2.92830344784227,-3.59652569261875,2.11526850625459,4.85975755696997,0.704826878420119,1048.18027056509,625.382533994947,0
2.66,-4.66389342958175,-4.59999990463257,-0.15437437418896,4.08595883244527,2.6192699010542,4.31134658652449,1.79815396100219,-4.909888741157,1.18395075770861,1.979822069953,1014.13730995296,625.382533994947,0
2.67,-4.70225607253349,-4.59999990463257,-0.114240511559552,4.89001496723445,4.99321024418848,0.737891712737546,4.63092382329765,-5.3380152025649,-4.21795930572823,3.00448998244821,980.048427399731,625.382533994947,0
2.68,-4.7491902213986,-4.59999990463257,0.0471117641495315,5.49356057213753,0.863756397694832,-2.7801980274671,3.79091502533797,2.54895769024053,-5.0136825128023,-2.5040320545938,945.972468006315,625.382533994947,0
2.69,-4.80009647429954,-4.59999990463257,-0.0576415418943701,1.25339071021455,5.18330601683436,-4.20614379250871,1.91491420196797,-0.247544075119696,-4.4215315328084,-1.97927495260691,911.881746891866,625.382533994947,0
2.7,-4.63800919138489,-4.59999990463257,-0.243703022368462,0.75614214281899,6.11150078768927,-4.54605125447773,0.747982260217986,-0.144062373174905,-6.71973988876167,-1.70412305918514,877.813991831333,625.382533994947,0
2.71,-4.66381165579747,-4.59999990463257,-0.0490727012668074,2.40551037746108,5.78946722652839,-4.5956662239223,0.613846195572836,1.61027250467555,-5.99249856783937,-1.67784219307274,843.670043805748,625.382533994947,0
2.72,-4.6749527602468,-4.59999990463257,0.0393382010022135,3.42081690286976,4.77086785400309,3.64841639719007,2.88504022569237,-5.79419820973913,2.29457558519101,2.26418763505349,809.667161430004,625.382533994947,0
2.73,-4.62300981620677,-4.59999990463257,-0.0365922348393294,1.557395259149,3.70189596321888,4.51989951868341,0.931921758503087,-2.11876082824968,3.92297692769493,1.79336314506825,776.240038857519,625.382533994947,0
2.74,-4.6069417470624,-4.59999990463257,0.0356406735817516,2.58733366920318,2.72818900108939,4.03812236632993,-2.26813311535408,-0.186311879160752,3.94551704732837,1.07431552410469,742.05781761028,625.382533994947,0
2.75,-4.58774594333703,-4.59999990463257,-0.0396352167571824,1.1767682023581,0.236811022086902,0.489429888603064,-4.59652396961809,0.206767352088841,1.65173366743417,0.108322696948581,708.626469415564,625.382533994947,0
2.76,-4.66339396906789,-4.59999990463257,-0.200422479801611,0.120006873168112,3.97091291352664,-4.13403783805505,-2.00164160398394,1.5326189499451,-2.76789969488065,-1.10548633547075,674.594262839272,625.382533994947,0
2.77,-2.53192107963072,-2.5380175113678,-0.102775209486365,0.29839482461811,0.342687799376089,-1.42430726658246,2.10052234407361,0.384923119629399,-0.329558822349621,-2.54627755840883,649.222414126443,625.382533994947,0
2.78,-1.47819240284188,-1.27932405471802,-0.222968728736861,4.82030722663642,1.95962539180202,1.15637358795889,0.729948550616439,-4.90984800959488,-1.43896235489696,2.15685040982528,635.477552349715,625.382533994947,0
2.79,-0.564596046521696,-0.605552792549133,0.0341231932704952,5.15185481573493,0.706558670017863,0.335159900914122,-0.619389484097745,-2.40274839307223,4.8771233433041,0.503865856719061,628.507821989273,625.382533994947,0
2.8,-0.387987944472565,-0.250149548053741,-0.049973719958282,8.06094851237847,0.871739133486321,-0.37050544686617,-0.135303394342558,7.38963186136641,2.2680424672268,-1.18671920039051,624.948287230637,625.382533994947,0
2.81,-0.223487501821753,-0.0587826669216156,0.0860967558121178,4.10253638784729,-1.35927899248,-0.0573786815989172,0.12205416170993,2.29722273170735,-3.73044039007867,-2.89599406415819,623.193726251405,625.382533994947,0
2.82,-0.12792341865682,0.041546642780304,0.00230828271487767,7.39427525758582,0.31854617141494,0.0884119484227823,-0.000371882241962341,-6.98427134334257,-0.24717349938823,1.6692486053481,622.463178413333,625.382533994947,0
2.83,-0.0144222193069942,0.0922322422266006,0.046558699097849,3.92526092723319,-0.272874951785193,0.0186662860015785,0.0204716157073496,-0.66301412409291,4.08194541175742,-0.052079624659378,622.24764309775,625.382533994947,0
2.84,-0.0647027353955508,0.114957436919212,0.108400481905336,7.7506041238838,-0.447526934586521,-0.0307258910982795,-0.0101358819985707,7.65821633503613,-0.751858174823791,-1.77399617730549,622.263951580371,625.382533994947,0
2.85,0.0313948435606026,0.131643533706665,-0.0188600390385,6.43329713732718,-0.479914552186627,-0.0207118106706926,-0.0109600367370787,-1.40570259201647,-6.10352421266078,2.78781032652559,622.379635307305,625.382533994947,0
2.86,0.0168581846507161,0.132355988025665,-0.0442259607967816,6.06831570096186,1.81692732050768,-0.0362709464181647,-0.0161631942078485,-4.42490761912585,4.24388969710775,1.06783823150718,622.627599062362,625.382533994947,0
2.87,-0.0270684182747222,0.131869167089462,0.19733314880788,6.74840802814609,-3.21978599089126,0.0585443437866263,-0.0403013840155249,1.37486105640005,7.66153980349438,-0.650365625018042,622.867796782886,625.382533994947,0
2.88,0.0370878275916123,0.130296647548676,-0.00851368954800857,6.57712047561572,2.06269890522732,0.0245915403255566,0.0217415808405617,3.69197810071175,-6.09439935959143,-2.36690124753172,623.07687335176,625.382533994947,0
2.89,-0.00390679912848525,0.132039815187454,-0.106023763767905,5.33215677471481,1.68005012171423,-0.00787154775217679,-0.0452277198303263,-5.34893923259226,-1.92962913633681,2.20121248207488,623.264601140338,625.382533994947,0
2.9,0.0578722992840032,0.12710177898407,0.0609245638880749,7.06675298595822,-0.785235254601446,0.0240159215754111,0.00716393905073076,-4.41004395470889,5.70857624080377,0.487618172162124,623.48669222796,625.382533994947,0
2.91,0.141176352249133,0.123816139996052,0.190836062534451,6.82555186906303,1.42479066859481,-0.0249650817214655,0.0384934309166541,7.54527403030428,0.364050780445832,-1.22447388608661,623.656857661338,625.382533994947,0
2.92,0.00429707014949533,0.123157829046249,-0.0524907677808034,4.71035925216658,-2.34733211668222,-0.0366486554330572,-0.0491214848913637,3.2055355940465,-4.06913776035395,-2.93538956357465,623.83011314423,625.382533994947,0
2.93,0.0250842383008207,0.119140513241291,0.0979612019788189,3.75694066338085,2.19069964078978,-0.056337601532468,-0.0377970097070083,-3.63736488192772,1.4651538820928,1.63814514878082,624.008963152838,625.382533994947,0
2.94,-0.0323610802239192,0.117542043328285,0.154315430632767,5.54702551806362,-3.49455007881387,0.0643675746070316,0.000318626216823509,-2.78848799371622,6.35895070211338,-0.0705489720591965,624.09863651229,625.382533994947,0
2.95,0.121957375947546,0.115707837045193,0.00697181769851418,4.25634532427623,0.548652159699596,0.0392886645801571,0.00497217367146301,4.20071755969228,-1.5381877256699,-1.77833291445127,624.255275515627,625.382533994947,0
2.96,0.0697806346441532,0.112911351025105,-0.0208369623233693,6.30453565114528,-0.805164874078745,-0.00788722165885224,0.0128848189848733,-1.68492630879398,-6.44245807416009,2.7979304884904,624.347537555564,625.382533994947,0
2.97,0.0277625414519256,0.113829635083675,0.0353186045695683,5.11447291153096,-1.04068775357596,-0.0114882929906385,0.0333771020234782,-4.93686550251034,1.18577678280123,1.09174323258601,624.440091282919,625.382533994947,0
2.98,-0.0551473487391599,0.113440297544003,-0.242055015126729,8.13037398162234,2.73980533792267,-0.0677611932333416,-0.00333762135099007,6.94302174586387,5.23215886611293,-0.613808609101133,624.509808843037,625.382533994947,0
2.99,-0.112168189917386,0.110863462090492,-0.0234435697423418,7.33709298674793,-0.496644082478001,-0.0247787343936913,-0.00630370382761823,5.68119515534425,-3.8073320995159,-2.31877726026412,624.601760042592,625.382533994947,0
3,-0.160870712116606,0.112928569316864,-0.0870365864226623,6.4743385323088,0.60278294094119,0.010188227865982,0.000734057248996109,-5.27255870839272,-3.95034603195746,2.25996404661779,624.646282978968,625.382533994947,0
3.01,0.0448286422604057,0.112405270338058,0.0495417167612327,4.49912650798728,-0.040831847390047,-0.0301228268893299,0.0109304164017483,-1.74622816896689,4.66085295092155,0.556058332920103,624.732468130345,625.382533994947,0
3.02,-0.0590340979434398,0.110882520675659,0.18006841102844,5.8672125519611,-3.0995391907218,0.0250600091771414,-0.037002433423099,4.27468719356458,4.34460583900243,-1.14739411359614,624.795179071985,625.382533994947,0
3.03,0.0136667827821895,0.110411860048771,-0.0382701374334481,4.85635528180131,-0.348917001687867,-0.0271254520715867,0.0233217596313177,-4.48486400038744,0.378649899760554,1.31374269316612,624.866025433349,625.382533994947,0
3.04,-0.0596024625525588,0.107097379863262,0.0645526613835759,6.84724402170426,-1.87061886776124,0.0377910644666039,-0.0276564031535483,0.320243919687474,6.8288493830185,-0.388799986201399,624.896356521674,625.382533994947,0
3.05,0.0139205078663182,0.107826218008995,0.172245946292529,5.01661677505117,-3.24733032569843,-0.0239448267993199,-0.0693340488841742,6.33341328202162,0.533582048826148,-2.09097283621934,624.959153399735,625.382533994947,0
3.06,-0.0282671975064419,0.106398969888687,-0.082859382313987,7.27185038037151,0.416109134492413,0.0119402047282322,0.030789297180879,-4.14526294967928,-6.18336997984719,2.49034064995625,625.011620056671,625.382533994947,0
3.07,-0.0275191273636767,0.105770081281662,0.0167456943418866,5.87847616354318,1.09050210511446,-0.0105689577399007,-0.0198282966171696,-3.6081279789595,5.07678074629187,0.788768301847575,625.041535700117,625.382533994947,0
3.08,0.0156486796897841,0.106657229363918,-0.133750337876714,4.04248955793541,0.869028504790839,0.00205493052357437,0.0309137982422786,4.5285024873226,2.04348694652435,-0.912483495904545,625.074128065977,625.382533994947,0
3.09,-0.0477673697551183,0.106548480689526,0.136644820588067,8.65228056303302,-2.83584298255207,-0.0651896081181756,0.0172858428233004,6.20628354416164,-5.9235008017379,-2.61367465235083,625.081745000756,625.382533994947,0
3.1,0.0367221085918677,0.105720326304436,0.00702231498923243,6.62372313394194,4.20262627713182,0.0562040261626236,-0.0572660341553605,-8.16541207788507,0.598402122403239,1.96847998036379,625.120744711668,625.382533994947,0
3.11,-0.0508004917466594,0.105033740401268,0.187579595134603,4.15262013285138,0.926842276910346,-0.0162789161182581,0.0306487149762643,-0.724073395572808,4.04034444135909,0.267643205380926,625.173519705005,625.382533994947,0
3.12,-0.0975954165017573,0.104540139436722,0.210448859797329,7.92126129052062,-2.9226011549225,-0.0390102227954849,-0.058959252627574,7.6533479223008,3.73926642105416,-1.43285372908434,625.17180072541,625.382533994947,0
3.13,0.0326005158143783,0.104731068015099,0.0737098682865296,5.78658673458285,-1.84136882929155,-0.0204060954990931,0.00489172285103823,1.07407285810493,-6.01239199364183,-3.13327325680825,625.18170917369,625.382533994947,0
3.14,-0.00910341076196234,0.105107754468918,-0.0686586715629123,5.03423922981726,1.40846104839682,-0.019496989506343,-0.0386046629601475,-4.7719398230562,2.61886170767419,1.44965642036184,625.207882102907,625.382533994947,0
3.15,-0.0883532392153564,0.103670842945576,0.0286626171560604,7.58022429115666,0.551316598328428,-0.0238970848457466,-0.0358425845498263,2.61304853588155,7.33048104706964,-0.250408681700345,625.226931738184,625.382533994947,0
3.16,-0.0463558048356133,0.10525369644165,-0.0388298459934518,4.83308035886188,-0.0288557882500253,0.00596154787628442,-0.0105761008436352,5.08320750131826,-1.62752359742882,-1.9505083352682,625.229988805079,625.382533994947,0
3.17,-0.0343533130471266,0.100801065564156,-0.0414461277566537,4.72042556000102,0.788862409910527,0.0127355691173006,-0.0273652750207505,-3.340556880014,-3.5078415931615,2.63282549808603,625.296249422027,625.382533994947,0
3.18,-0.147063502621804,0.101518996059895,-0.00754799594736798,7.76095754602125,0.987966044457622,0.012859216362828,-0.0473131099313581,-5.15319578919029,5.70589452615597,0.933236497671512,625.294473791356,625.382533994947,0
3.19,0.0436851087647851,0.101267941296101,0.174459485500694,5.49413844460171,1.45827955165194,-0.00721832408541757,0.0291068225429724,4.25281276626764,2.5724671716217,-0.766359834403151,625.294203346464,625.382533994947,0
3.2,-0.0457912522903966,0.105424597859383,0.0730282065034415,5.71036127390485,1.53721355651814,0.0357120097907928,0.0266284961964424,1.85884826640697,-5.85600529717202,-2.46604597266843,625.270027814853,625.382533994947,0
3.21,-0.00933080272709307,0.102699585258961,-0.0630177090528877,8.93602677805626,0.522335012988202,0.057080100750201,0.0303075610208925,-7.697884709325,-4.47120083853629,2.1176568268639,625.300989704144,625.382533994947,0
3.22,-0.0263355785185508,0.104770235717297,0.00222001104923871,6.76915587471163,-2.29958915105147,0.0505720320032804,0.00465039447563517,-4.87024007835884,5.05091368717944,0.418093570790269,625.280131834976,625.382533994947,0
3.23,0.0692357532575927,0.104649811983109,-0.0882397086425819,6.21490266329787,1.34398334475668,-0.0248692923206344,0.0353619429868772,6.7730672769771,-0.105604863820644,-1.28148999466057,625.294264680002,625.382533994947,0
3.24,0.000716440927048449,0.103389590978622,0.106045148803663,4.89797382182931,-0.509069641773558,-0.0127247721697658,-0.011322959764591,1.55808382930713,-5.07106009696415,-2.98089001629583,625.311652403362,625.382533994947,0
3.25,0.00889422999917152,0.101214028894901,-0.11902694832439,6.13976256449255,2.01296531613281,0.0167290961989357,-0.0328348704560563,-6.43813613563282,1.4700015130484,1.60291012484198,625.324023121712,625.382533994947,0
3.26,-0.0928209097976812,0.10428774356842,0.0084166493225427,8.37403396639434,1.1555838746243,-0.026728517334352,-0.0466474258177499,1.87383443915969,8.06633589597722,-0.0965029258121502,625.292007402413,625.382533994947,0
3.27,0.006205632639511,0.105308674275875,0.0658722210255472,4.75634280173374,0.194200200237795,0.0241575438343008,0.00647301169150924,4.45862158137374,-1.61205113969051,-1.79596916669129,625.322046078062,625.382533994947,0
3.28,-0.0196555502996958,0.0990763977169991,-0.0952626166810089,5.77437818755427,0.928514959499208,0.0180748382695894,-0.00302389975686033,-2.81362432319751,-5.00703880693345,2.78802117848075,625.373691748582,625.382533994947,0
3.29,-0.0101432429001349,0.103935703635216,-0.0333425981331503,6.17112696798604,-2.39639844429508,0.0259674740874315,0.02368834625827,-6.39219735765127,1.47121155099232,1.08877500683453,625.326451871431,625.382533994947,0
3.3,0.0465420080845776,0.104627020657063,-0.0398945413213828,6.94588973805055,-0.820621714344048,-0.00538676142578983,-0.0308861402260414,3.57089227642055,6.28873646907411,-0.610481891213868,625.322263242915,625.382533994947,0
3.31,0.0837029167666214,0.101935662329197,-0.0477528745342871,5.73836579956886,-1.39605669540081,-0.00879378042250033,-0.0249853465411527,4.61288618726428,-2.554353197671,-2.30967838151191,625.367149037265,625.382533994947,0
3.32,-0.080874767359995,0.101304076611996,0.0202630555002499,7.2546872004578,-2.8413771173628,-0.00508317178244001,0.0633477134767096,-4.03068358023102,-6.79768755966569,2.27448756548457,625.354217747752,625.382533994947,0
3.33,0.042305229284471,0.10352648794651,-0.203963313579779,5.03529448326063,1.1470298312286,-0.041921412339537,-0.0162079926869605,-1.03142049492767,5.60936496697088,0.575346538857254,625.3500720587,625.382533994947,0
3.34,0.0863380502583534,0.103721588850021,0.10303104926073,4.90022802493917,0.908819585194286,0.0047936265256253,0.0128756960826178,4.93519257412505,1.83720366686317,-1.1237231285859,625.351904752433,625.382533994947,0
3.35,-0.0285945851741705,0.102801010012627,0.0803800117015365,6.50589483075399,0.296067898284646,0.0180014246124099,0.00182941181242722,-6.44290572832466,1.21127295434625,1.34137638992987,625.350234028278,625.382533994947,0
3.36,0.0838376498425709,0.102578356862068,0.224038636297473,5.75778384320141,-0.170699679686961,0.0136629464091314,-0.00961370340252779,1.29054289016145,5.81078668940247,-0.357759460764998,625.352861683303,625.382533994947,0
3.37,-0.0829662936740125,0.0971101969480515,-0.00655092832225491,6.68976364386298,2.68840019428676,-0.00310762420991503,0.0465290172771286,4.94167012924285,-4.85099683209842,-2.05660843601393,625.407296948805,625.382533994947,0
3.38,-0.0911705459850623,0.0998957604169846,0.177727927868797,5.71694807273877,-2.79095546578624,-0.0391861545165642,0.0316383768005323,-1.24300255297508,-6.11680570389272,2.52776634563507,625.382895418975,625.382533994947,0
3.39,-0.0386751723871181,0.100671179592609,-0.0484736712249487,4.79822616427083,1.31506864534905,-0.0274045170859022,-0.025502770436926,-2.76186690785789,5.04201763830472,0.828806743088157,625.372555443835,625.382533994947,0
3.4,-0.04444010002585,0.101241543889046,0.0697204259760767,4.52216149772191,1.46421455255138,-0.0108026388415472,0.0417318365323515,4.83368928461238,1.54099847959395,-0.870079146749156,625.388600817062,625.382533994947,0
3.41,0.00794590033599521,0.101722449064255,-0.092294736032733,5.51480094222752,1.64873445479026,0.0229426156773026,0.0117715401509038,1.90474521922271,-5.33859902988764,-2.56900050656533,625.365696286773,625.382533994947,0
3.42,-0.115303988603693,0.104682393372059,-0.0321122827948643,7.72575484885251,3.72374557957072,0.0568072741414027,-0.0555808458509449,-8.06656691759776,0.275274234995645,2.01510737288682,625.344583415322,625.382533994947,0
3.43,0.167793488597105,0.102625943720341,-0.0526345862488664,4.72557423686129,1.41478580338116,-0.0287046823832372,-0.000964159358508893,-0.342538407885422,5.45667686046687,0.316092800943624,625.366739492235,625.382533994947,0
3.44,-0.0609305874996108,0.101690649986267,0.0129524916838791,7.17910721855652,-1.31385368524183,-0.019006249656701,-0.0327176078930323,6.49885592926225,2.68796209603762,-1.38290189824473,625.360663718086,625.382533994947,0
3.45,0.0133315074587273,0.101178430020809,0.123565839911678,7.57847973116105,-3.32190833135256,-0.0726598743657664,0.0348946018254518,3.98223593413171,-7.35668642189804,-3.08189960157714,625.372992216791,625.382533994947,0
3.46,-0.0186271096479364,0.105703353881836,-0.187091528231556,5.51322406167175,1.00486889624623,-0.00312190302490068,-0.0219744650356349,-5.68106425025501,1.48799751069679,1.50221052598858,625.338943613777,625.382533994947,0
3.47,0.0697120111116056,0.101450696587563,-0.0307718352302928,5.27454010661594,-1.51392035456004,0.0286429751306822,-0.00771771950518461,-0.328592637337934,5.91528835697062,-0.19683821619762,625.383125783066,625.382533994947,0
3.48,0.0714725969382339,0.100628294050694,-0.0134304693610282,5.3290747670892,-1.71171253757907,0.00173512597878768,-0.031514878210684,5.21651823759045,-0.217721019375652,-1.89571192774797,625.392646918522,625.382533994947,0
3.49,-0.0407633855359889,0.0993085876107216,0.0613822141084895,4.66839312512016,4.57860090214964,0.0632198195118524,-0.0451393194960208,-5.57239807517554,-2.72324044197204,2.68871378015462,625.425768533333,625.382533994947,0
3.5,-0.0234837952633504,0.0983628109097481,-0.10705706117081,7.1228658473247,0.934314404311871,0.0235405241959951,-0.0352063540661811,-5.76465110960378,4.77041348480858,0.99001675620819,625.416447173211,625.382533994947,0
3.51,-0.0659081128695135,0.0985307693481445,-0.0820828539955935,5.65912716308168,-2.24066696832685,0.0282446593150024,-0.0287371642669419,2.17004137712482,5.60550363702098,-0.70870979960688,625.39816114433,625.382533994947,0
3.52,-0.0126674683321339,0.101983658969402,-0.00294137244388589,4.35979188544529,0.768738578383612,0.0176468952723547,-0.0104149519888047,2.92708158123091,-3.67902964830418,-2.40769289039918,625.381904583867,625.382533994947,0
3.53,-0.0972287897307532,0.10129002481699,0.0398276936594221,8.45150223262103,0.403954561305598,0.0463294534289093,0.0259776452551175,-6.9470327066629,-4.51236799098607,2.17663959429655,625.391761137264,625.382533994947,0
3.54,-0.0328570315677814,0.100579291582108,-0.0986399996490759,5.63158056836816,-0.357200706869123,0.00438262164420573,0.00390081402569008,-2.78743131654819,4.78336466841277,0.47772511782005,625.382993882196,625.382533994947,0
3.55,-0.085945118628709,0.10094453394413,0.000798899233776545,8.72763034325394,2.75887409195885,-0.0736414596195527,0.0163120337931106,8.95722265752422,1.12607631966255,-1.22118847657836,625.371027874337,625.382533994947,0
3.56,0.0122882656204588,0.101999528706074,-0.00973741683334532,5.05609092034898,2.08867202871078,0.0477880575823172,-0.00716709259102318,-1.13945774629052,-5.17715139960896,-2.92018408164015,625.383399473402,625.382533994947,0
3.57,-0.109014853721454,0.10200610011816,0.0419723293426379,7.61847302823226,2.29567672373028,0.0380415366123801,-0.0519200332078756,-7.55444369056936,2.0763558260258,1.66409142019924,625.388799724028,625.382533994947,0
3.58,0.013227127326066,0.103246882557869,-0.00862402497694691,4.83949668067241,0.599622508124513,-0.0156112189190474,0.0157544043101136,0.964209453263168,4.94864490088377,-0.0348652901959334,625.365392187847,625.382533994947,0
3.59,0.107196081236489,0.103689894080162,0.121893804230408,4.03192701502678,-1.26831480505217,0.0301100581338,-0.0221016150032224,4.18201942203071,0.178833440560978,-1.73393491349551,625.376101765698,625.382533994947,0
3.6,-0.0201798958747372,0.0990057438611984,-0.0171005907453046,7.73102913090497,-0.48107616546435,-0.00923143715113614,0.0422118539991059,-1.12908596979314,-7.40604417438409,2.85034320791648,625.40884432051,625.382533994947,0
3.61,-0.00752261602363169,0.100810550153255,-0.0390211254987746,5.73121670935455,-0.249788697954622,0.009462099384921,-0.00171116337565769,-5.61171584642547,2.36253191900726,1.1515087034332,625.375007309003,625.382533994947,0
3.62,-0.0085531675349681,0.100340716540813,0.0493677186754281,6.06021819049407,3.15730443117062,-0.0405832937764459,0.0131452918079337,4.9331329780147,4.128581413723,-0.547314020504075,625.385396127571,625.382533994947,0
3.63,-0.147690314409178,0.100557498633862,0.127970075111156,7.5086709794751,-0.839383970536281,-0.0411515509919119,0.0148873914349211,6.43522536789631,-4.2523491333854,-2.24620760393372,625.399831432658,625.382533994947,0
3.64,-0.0220686661055379,0.100556798279285,0.193706665266077,5.91791132368171,0.707031794307691,0.0025204269025141,-8.36760690505016e-05,-4.16866724487535,-3.88655112336771,2.33814166414038,625.383106019868,625.382533994947,0
3.65,0.048252942397018,0.103809423744678,-0.140599738668895,6.07277782659368,0.517575478978773,0.00376553107746857,-0.00616691675953718,-3.64516877132475,4.93377389963239,0.639163808305588,625.346418412031,625.382533994947,0
3.66,-0.0618067773192672,0.102585501968861,0.0214046617955308,5.87348612108285,1.70561396187339,-0.0184732563981633,0.0274331168886175,5.90888798480418,1.42126537670581,-1.05987095336924,625.364558228862,625.382533994947,0
3.67,-0.00154179642307512,0.0989195331931114,0.172203843125028,7.14894412905091,-2.39876480037529,0.0307961086267164,0.0479275504450298,-6.99540358033908,-1.48056977946853,1.40536986614183,625.401164066247,625.382533994947,0
3.68,-0.00669578017256325,0.0994938835501671,0.0546048946617773,5.13865169398244,1.50852094345296,-0.012596995914735,0.0229872835404414,2.22361098334499,4.17905272531955,-0.293414610863817,625.394048114047,625.382533994947,0
3.69,-0.0930917052757058,0.0989098697900772,0.0685380912798067,7.55397151296373,-1.7645670204685,-0.0556666189778878,-0.0159715167952492,7.83523260632488,-1.45906384477551,-1.9922505134232,625.41385316645,625.382533994947,0
3.7,0.110329431167077,0.0993506610393524,0.076302792890556,4.80056533683511,-1.95403018464831,-0.0215004141631608,-0.000165288886812416,-1.83290489216871,-4.72650636252699,2.59216448919218,625.410455491924,625.382533994947,0
3.71,-0.00601403774364839,0.10227357596159,-0.0519538479889336,6.96194676725864,4.30506311320889,-0.0316471583969873,-0.0718083020430678,-2.8702528598197,7.15500339160148,0.89315888050883,625.358768605317,625.382533994947,0
3.72,-0.0645312700297043,0.100008927285671,0.111632484348298,6.69550265728978,1.94417307581833,-0.0331887600359971,0.00688506986010284,5.68908338822165,3.53207525464066,-0.805793637334133,625.380363808213,625.382533994947,0
3.73,-0.0130449305085138,0.100870721042156,0.028432852081543,4.92496255228412,-3.22464928144741,-0.0509768030681573,-0.0431071058152978,5.89729482068441,-2.37747659010267,-2.50469461794744,625.399045265121,625.382533994947,0
3.74,0.0305709961526263,0.100134342908859,-0.00416509534888614,6.19751526493712,-1.28647519153982,0.00875192373372035,0.0356179810684014,-5.31782947870474,-4.52683065312433,2.07969868079932,625.380051783922,625.382533994947,0
3.75,0.0217318925727107,0.10347506403923,0.10315663357673,5.69189095339461,-1.64461341940371,0.023103435346216,0.0101204972449078,-3.30853386671305,4.84469880612314,0.380698376400306,625.357093279055,625.382533994947,0
3.76,0.0337110282071796,0.101387403905392,0.0171037420801859,7.06843540866845,0.559392575302014,-0.0266083760752719,0.0141272029024256,6.81671426678737,0.702821186126757,-1.31835968889159,625.37551093948,625.382533994947,0
3.77,0.187995884364263,0.102541521191597,0.0703052203276162,5.87328737665007,0.131687226481809,0.00430745430167723,-0.00279091896730776,0.50835825981057,-5.53764157918641,-3.01735087779465,625.368655741063,625.382533994947,0
3.78,0.033763390295194,0.103994995355606,-0.0751274032985401,5.63607276041819,-0.648958276721663,-0.0042446990895699,0.0199021665011229,-5.58459012569115,-0.985937633893938,1.56688629020723,625.356007626031,625.382533994947,0
3.79,-0.0650069151484877,0.100157134234905,-0.0746624882019121,5.08000928662191,0.875212110274471,-0.0260217653435213,0.0194062391487134,2.04352525122158,4.58616956632127,-0.131967495932776,625.402457679646,625.382533994947,0
3.8,0.0326705025468663,0.0999819114804268,-0.0181612464238587,3.16762982790243,1.4073801101048,0.0503875394758252,0.0106818100034714,2.88910431987291,-1.97876741541519,-1.83079826502717,625.398980448102,625.382533994947,0
3.81,0.0331552313240479,0.10142756998539,0.109791622701744,5.77099785424256,1.13683100221279,0.0252581856076781,-0.00114630710521862,-3.39568926061541,-5.19779866265264,2.75360609663265,625.374785286214,625.382533994947,0
3.82,-0.0968623233195438,0.102793335914612,0.000454041342331884,4.41074365196486,-1.73035049680649,-0.0139439333921708,0.0360473534369978,-4.29580999651548,1.03052436121174,1.05465953805671,625.388061772792,625.382533994947,0
3.83,0.0259505695622304,0.099250316619873,-0.0314350573298535,5.15928308232105,-0.542985346755027,0.0240505487344812,0.00785263764349207,2.14561042863922,4.05186283242233,-0.6441887369274,625.418550543099,625.382533994947,0
3.84,-0.0348016603209286,0.0973308607935905,0.0551460822918207,8.13557672310231,-0.342617440401129,-0.0470048601175579,0.0271553166320815,6.28202320081478,-5.15996563465566,-2.34289797547431,625.418925993606,625.382533994947,0
3.85,0.00610627485172909,0.10191797465086,-0.242541501125977,4.45088623744878,-0.605231720685768,-0.0199937107600688,-0.0138487215885567,-3.46432127351434,-2.85177479911556,2.24143327486517,625.376055674165,625.382533994947,0
3.86,0.0916627967830556,0.100968256592751,-0.110666166835528,3.09895670388523,1.45983164321394,-0.0373796026501339,0.0242205026821611,-1.04064257882172,3.63614092997522,0.542446586378922,625.402040008388,625.382533994947,0
3.87,-0.00308726176685709,0.0983235612511635,0.175952459588101,8.55833655153739,-0.89696988957322,-0.0518078750416238,-0.032538874737362,7.63686996668213,3.86913245858734,-1.15631974596564,625.406840066002,625.382533994947,0
3.88,-0.0409873420457069,0.101805545389652,-0.0461675211573781,5.35458840438696,-2.0860690632428,-0.0384363088413384,-0.015349269661853,3.53925823697825,-4.6953960118885,-2.85518148961231,625.372529539449,625.382533994947,0
3.89,-0.0406166352193331,0.0997697561979294,0.0704675124794563,6.32563920450272,-3.15822893109474,7.08529551508071e-05,0.0746229417252227,-5.53052676618444,-4.61022935366069,1.72906775813565,625.397095091219,625.382533994947,0
3.9,-0.0264975702333657,0.0990661457180977,-0.184731062169059,6.12079131177355,1.1515816708635,-0.0383123704387745,-0.0121430827922197,1.73114006983092,6.16638760685646,0.0302128751562203,625.3956109814,625.382533994947,0
3.91,0.0149454284927362,0.0992153361439705,0.124662878954659,6.80106376389017,-1.33890537233652,-0.0225549000232838,-0.0302351360970818,6.67298294807289,0.979232237216734,-1.66859997393957,625.38251834707,625.382533994947,0
3.92,-0.0283228928964858,0.0988876968622208,-0.0724638039610482,5.98486087540522,-0.809632738637541,-0.0150367734397354,0.012746607797551,-0.496262371477291,-6.05063720961414,2.91578757462308,625.395181357509,625.382533994947,0
3.93,-0.0763074081739362,0.0996239632368088,-0.0684721090521742,8.5165806065846,-0.299121916535803,0.0642672944862477,0.00262781986237123,-8.46703281862325,1.7876418185785,1.21693740191216,625.378431202853,625.382533994947,0
3.94,-0.0481137018717214,0.098381981253624,-0.0432658969214856,7.13074121092976,1.38733273351345,-0.0195712467567275,-0.0209627691065914,3.53134285097569,5.95596808686197,-0.481903520256077,625.388991637213,625.382533994947,0
3.95,0.0225085212258746,0.0999465510249138,-0.00572010977697296,6.81339611488685,2.40380307971801,0.0085364906739747,0.0466963787459373,4.16934884111573,-5.55377962216834,-2.18086838659515,625.370584364382,625.382533994947,0
3.96,-0.118608574929393,0.101047217845917,-0.118822439092288,7.23755436519505,-0.344026236126452,0.00183044682010368,0.040403506303119,-3.90439841696481,-6.21311323862515,2.40330457854403,625.361308242614,625.382533994947,0
3.97,0.0657975998879892,0.101196423172951,0.0939249697454545,7.38622877873723,-1.12093134479181,0.0364753760533919,-0.0160430653640259,-5.51167187317726,5.11658554707982,0.704340251444136,625.368696709952,625.382533994947,0
3.98,-0.104010289570967,0.104664281010628,0.0415451009112734,8.97374211525643,0.205916377549753,-0.0536607808103331,-0.0364638246553009,7.58841428099105,5.01107811560464,-0.994746147711838,625.347849966401,625.382533994947,0
3.99,-0.0596038717604691,0.101033262908459,0.0375140866905185,7.12894604950003,3.36771822583046,0.0156558079992812,-0.0719805481140592,-6.42274804430346,4.17903497359355,1.47027335156893,625.374978375055,625.382533994947,0
4,-0.136116498486388,0.0997712388634682,-0.121262678613859,8.7873490932853,2.19363955374718,-0.0708541490762409,-0.0490437732162227,4.79870427866872,7.91731400779084,-0.228629881760163,625.387187012141,625.382533994947,0
4.01,0.0145888945165119,0.101618126034737,-0.0706434898182756,5.64624390913725,1.54829959269441,0.00649459879901692,0.0262549559471989,5.01764952840071,-3.3026612545833,-1.92754779587141,625.373153519716,625.382533994947,0
4.02,-0.028738933516052,0.0976765230298042,0.04989977750277,5.57929940933633,-1.98823511227776,-0.0229808072124329,0.0308821777580616,-1.42127380967419,-6.41199882341553,2.6568722814091,625.410714558534,625.382533994947,0
4.03,-0.0271907383805477,0.100725218653679,0.0089557800714057,7.58990745435383,-0.243137268905937,0.030160472156913,-0.0118435864129352,-6.14781291981829,3.83082396106214,0.958039506876771,625.372738232803,625.382533994947,0
4.04,0.142815653411896,0.103528097271919,-0.134218097621976,4.8419964064425,-0.748277282796056,0.012141927464405,0.0168075241439994,3.30382845375558,3.44193410899709,-0.740963313663187,625.369200441639,625.382533994947,0
4.05,-0.113464014653958,0.100239604711533,0.0421260187974205,8.46855571348999,0.768770466969825,-0.0288971810871884,0.0519323510396882,5.07819084594684,-6.90512093305322,-2.43988316692072,625.399268926211,625.382533994947,0
4.06,-0.043137216358532,0.100047916173935,-0.00896123228755922,5.28394568443975,0.0478915680702812,-0.00304340534749878,-0.00790218606729412,-4.56461111798806,-2.67408968438853,2.14448461830321,625.384930432029,625.382533994947,0
4.07,0.0932637553224501,0.0987871736288071,0.00145397499382962,4.53797700209506,-1.94532449846212,0.0207345630170097,0.0287368566889817,-3.44533883646363,3.58026216635354,0.445781242295518,625.410520266982,625.382533994947,0
4.08,0.0843167356184568,0.0968233793973923,0.000101173610889092,6.61809235006279,1.4658338450128,-0.0345165405298016,0.0191604636573212,6.92206422428314,0.744655893278915,-1.25292973866014,625.415411726656,625.382533994947,0
4.09,0.0072298740010218,0.0978548601269722,0.0426019988312388,7.29425784740158,0.460803811195633,-0.00378288366333464,0.038826952318992,1.24957243058495,-7.35925429442868,-2.95167105591809,625.381475297268,625.382533994947,0
4.1,-0.106200464485084,0.100488848984241,-0.0292011643626246,5.75466270012816,2.60170912358769,0.0160567088379598,-0.0434601985983747,-6.44477109409211,1.81344208067162,1.63270877774819,625.368584938837,625.382533994947,0
4.11,-0.0733602277320751,0.100408397614956,0.0660092413934393,3.4459337194306,0.39294836669476,-0.00480818501192926,0.033704710670874,0.619237798089393,3.95235667227383,-0.06623469141944,625.402522815812,625.382533994947,0
4.12,-0.0345608038375451,0.097459003329277,0.0826368020106383,7.76198700626683,-0.101480219499195,-0.0373015527897665,0.00113152307822424,7.26611904193239,-1.11527825293782,-1.76506244878314,625.399688399717,625.382533994947,0
4.13,0.0600288278434474,0.0997155234217644,-0.188967445375683,4.98666624088576,3.32285388022442,0.0664636676771392,-0.0391752568230079,-5.09326262107908,-3.37275030883082,2.81928999626542,625.380531914804,625.382533994947,0
4.14,0.027742425456988,0.0995236858725548,-0.161530404868391,7.13766104473226,3.06464785090298,-0.00476873595044006,-0.0773370927688737,-4.80943189838437,6.31235848071841,1.12036540767424,625.388766560767,625.382533994947,0
4.15,0.0130329209739324,0.100163377821445,0.0822738226027943,5.88801833932203,-1.31632297733101,0.0218347931654175,-0.0178260994799926,1.9986188453882,5.61171873251826,-0.578540429684357,625.3838099762,625.382533994947,0
4.16,0.0443432582542671,0.100846752524376,0.0181009324769717,6.22376214297284,1.23770675728,0.0156826677049178,0.0189470499676983,3.54319795990483,-4.62230466304363,-2.27750166721143,625.372278872963,625.382533994947,0
4.17,-0.00662724535685041,0.0995577499270439,-0.0366191376292652,4.94840757871957,1.56399796247814,0.0142643872086277,-0.0381079199684639,-4.87397535010306,-1.86316823521798,2.30683211636055,625.395382122096,625.382533994947,0
4.18,0.0656950496969905,0.0927869826555252,0.111496301985843,7.84492161478023,-2.90542366770283,0.0525410476486895,-0.0146454552402115,-5.63768022383648,5.06508383214669,0.608227126120026,625.43717327736,625.382533994947,0
4.19,-0.092163632330388,0.100806549191475,-0.11094850160835,6.9420216816533,-0.0779694896534463,-0.0178360820029126,-0.0117081529057244,5.91920508360162,3.22492868731816,-1.09060181800693,625.349677270498,625.382533994947,0
4.2,0.00988362405053295,0.102087669074535,0.114354828206295,4.56808392657425,-3.51113484081053,-0.0450884718161035,-0.0427396438617972,4.24171487719885,-3.25143402640573,-2.78961049439985,625.364169830028,625.382533994947,0
4.21,-0.0720287719394591,0.0969660431146622,-0.0532447575532968,5.75772364773855,1.08519951263976,0.00510330363668474,-0.0208451348320796,-5.60806652872257,-0.16819239256422,1.79474255952515,625.403423614672,625.382533994947,0
4.22,0.0247489113387035,0.0992103889584541,0.0617742901038966,7.09738890474636,1.68770309742255,-0.0362447482644947,-0.0329162494540573,1.25836477762119,7.2196548650687,0.0959801183107225,625.377777677861,625.382533994947,0
4.23,0.0124732368952942,0.103236466646194,0.0351483733281327,6.88825536515145,0.124667817425811,-0.0134106390801944,-0.0106670448122622,6.47145619290232,0.35572679428507,-1.6030321231406,625.333077752701,625.382533994947,0
4.24,-0.0208499997402088,0.0998232513666153,0.0126354332529281,5.7288681155835,1.79825281843372,0.0224411602625085,-0.00805791190947717,-2.02947965826655,-5.15747557932778,2.98112488876608,625.375772952709,625.382533994947,0
4.25,-0.0526659239998125,0.10093429684639,-0.120105069096351,6.62048252630962,1.61962538007439,0.00605575605197344,-0.055104223047219,-5.7623340616622,4.35997912810158,1.2821143136862,625.366976780992,625.382533994947,0
4.26,0.109796529475076,0.0999343395233154,0.136658544478049,3.97376605077227,-0.294422080055448,0.0118008109971759,0.0308420217451204,1.68411157690455,3.62067747635158,-0.416789220813904,625.392804297439,625.382533994947,0
4.27,-0.0259310275468316,0.0977455601096153,0.0944708611911852,7.96852372358059,-2.48079066418609,-0.0689262769523659,-0.0117472695449824,8.17841045252711,-2.2798566341665,-2.11557271512085,625.411542205435,625.382533994947,0
4.28,-0.0723283626984507,0.0995556488633156,-0.00145734918775565,4.95888205244873,-0.611400624191539,-0.0229734949589454,0.00617630363430913,-2.35167907195755,-4.71137157555945,2.46871940153442,625.381272436042,625.382533994947,0
4.29,-0.0286055213045157,0.101417951285839,-0.0571046141383271,5.07850059228412,0.76075971560654,-0.0150595956486853,0.00475628428362078,-3.23659696704236,3.85926793679111,0.769763331530294,625.369227369568,625.382533994947,0
4.3,0.0181861094515065,0.10113337635994,-0.0531920303307425,6.08505963660709,1.5436624532923,-0.0118251653744648,0.0312073790524415,5.16381486424882,1.85183090911699,-0.929152838994514,625.372259900385,625.382533994947,0
4.31,-0.174764201659749,0.0988805890083313,-0.0955415841873888,8.2723782273209,0.780669925380482,0.0466324999004909,-0.00838140246434278,-7.92172889484125,0.6200401225778,1.53604726451891,625.392374901214,625.382533994947,0
4.32,-0.0693547588652923,0.100489057600498,0.115392836549531,7.60709203976646,-0.564816312927068,0.00975189610135446,-0.0400276879815204,0.414726112572444,7.60437442681659,-0.162869392530548,625.377533256483,625.382533994947,0
4.33,0.060671987366525,0.100538872182369,0.0195495468440661,3.11136385146296,3.37884009252544,0.0605434139337073,0.0363938495864811,2.41191331996917,-3.45160292922736,-1.86187836015588,625.395820160259,625.382533994947,0
4.34,-0.00353312128565854,0.0994496420025826,0.134653173750838,6.345173124181,-0.307087201102572,0.00235984218728219,0.0202613844916088,-2.4139239805504,-6.14838138990581,2.72244329092927,625.373515071496,625.382533994947,0
4.35,-0.0512527509869097,0.0997520238161087,-0.0338589750619571,7.75618495274591,-1.39111675880119,0.0514795274864296,0.0095984318971861,-7.40179707081557,2.43842232240646,1.02342796755317,625.389498038708,625.382533994947,0
4.36,0.0356422285618232,0.10183023661375,0.0739682695995901,5.49451654328561,-1.33544051198963,0.0143663500354854,-0.00473050715053516,2.87014546358362,4.72450922666867,-0.675427928187004,625.365920732243,625.382533994947,0
4.37,-0.0289570151941086,0.101804226636887,0.190035571125884,6.72671007489582,-3.2359282176362,-0.0566514319353641,-0.0169682921905041,6.81788855585961,-3.29079245895445,-2.37441543446348,625.355011307078,625.382533994947,0
4.38,-0.0148543706492162,0.0990450084209442,-0.0327478682939628,7.76587237540986,2.30876344600515,0.0506388789092477,-0.0106927137847781,-7.02367310326732,-2.82464988135453,2.20987079117673,625.381048932009,625.382533994947,0
4.39,-0.0592664684691045,0.0977577343583107,0.124008704788964,6.08966792460256,-1.33533304494798,0.0300844269823953,-0.00461487296696547,-4.22505180344971,5.06294578902296,0.511057641645818,625.391536896362,625.382533994947,0
4.4,-0.0803412698728689,0.0988384038209915,-0.0887158232011024,8.63435252523598,0.0333653972884407,-0.0639551179706018,-0.0163000768811827,8.39433851154351,2.90347422945262,-1.18776316353887,625.395990882216,625.382533994947,0
4.41,0.0521284894557137,0.098433256149292,0.070950202266315,7.05374618010374,-0.174977935521774,0.00552326298592446,0.0328576833785546,1.14883597433488,-7.03924772088401,-2.88666506476746,625.373422945267,625.382533994947,0
4.42,0.0961514247942773,0.101683162152767,0.0611553590925626,5.47631439387564,-0.534258024148399,-0.0131214705311519,0.0259527568250456,-5.0410771889356,-2.03617657637365,1.69758904543134,625.368319048971,625.382533994947,0
4.43,-0.0741520907659108,0.101723805069923,0.0173824527159706,4.61977279918068,-2.81667641156628,0.0683489090969846,0.0281127409796954,-3.40771667305717,4.34221911058681,-0.00144692759167536,625.358583495799,625.382533994947,0
4.44,-0.0505733621182726,0.102885849773884,0.0184230635870777,7.7362548674833,2.71948560448606,-0.0242043218451043,0.0680638041662494,6.96907969284022,-4.14941427297882,-1.70061705366481,625.348709962316,625.382533994947,0
4.45,-0.050222247429308,0.0995982885360718,-0.0706747742227705,4.83745986169465,0.963814794964686,-0.000835158289027834,-0.0167231511312349,-1.38506020565629,-4.62406920356502,2.8836804007375,625.402007441929,625.382533994947,0
4.46,0.0262466445083835,0.0974059700965881,-0.0804768149431178,4.80709966405889,-0.097276385562863,-0.0141244353821649,0.0183993042248769,-4.42130690805258,1.16408481284234,1.18504253694371,625.423356743653,625.382533994947,0
4.47,0.0326727757212564,0.0963311269879341,0.105525354280237,5.9566043654654,-0.695465156608829,0.00180756953791441,-0.016150799964115,2.60880746327216,5.57912019819531,-0.513604288104143,625.40760423689,625.382533994947,0
4.48,0.0035618992818712,0.097578726708889,0.00216582384311799,4.54560841264777,-0.959283411935147,0.00842159930591699,-0.0181527005043107,4.03152073599281,-2.39790689825732,-2.21227653420236,625.408796211476,625.382533994947,0
4.49,0.0472003530159108,0.0989457443356514,-0.19951570295072,4.62748267737294,0.191155331028033,-0.0126838790562413,-0.0164180969879815,-3.27170923948576,-3.21265724801817,2.37217344243203,625.400083869981,625.382533994947,0
4.5,-0.0142500779587073,0.094994030892849,-0.0620036402417902,7.07229689242436,1.68074998456599,-0.0140165069508677,-0.0374461963702926,-2.67107742717003,6.11337134892575,0.673437720509746,625.413299849336,625.382533994947,0
4.51,-4.70051164912047,-4.59999990463257,-0.154550810700826,4.09724895814299,2.36714455273314,-4.22607537592942,-1.97684142959737,4.63218364476556,-0.555340300111189,-1.12191604439213,595.363032946838,0,0
4.52,-4.55980058882712,-4.59999990463257,-0.134757525209792,-0.567868503628215,3.25311960674613,0.171005037092594,4.57727969503101,-3.69441174195569,0.416289513827267,3.12093311063182,561.878095143118,0,0
4.53,-4.53853350121953,-4.59999990463257,-0.0647298838536781,-1.80117609259604,2.14947458176166,3.33949811142812,-3.09476845241626,2.9422921522531,0.72130498491869,0.834901983261487,528.620931746611,0,0
4.54,-4.5660616727691,-4.59999990463257,0.0725823384849018,-0.394091671012571,0.0453458102853321,-4.53665787676169,0.57516421658188,-0.67906156618633,0.078490126994089,-1.69644298651972,495.288529559099,0,0
4.55,-4.62312559844788,-4.59999990463257,0.0210161353127224,-2.52579097957876,2.77632085521384,4.41925987553317,1.0295190820361,1.86388561493399,2.76003286488139,1.80993848476656,461.839329752079,0,0
4.56,-4.557545777066,-4.59999990463257,-0.00604770135654816,0.765196320381132,-1.30285021145717,-4.30397887737058,-1.62036076966459,0.438350267860975,0.573011890261903,-1.21201114474749,428.318372829958,0,0
4.57,-4.54115875318503,-4.59999990463257,0.0688372560110654,-1.55449881255728,-0.981297678859224,4.43527018992826,1.0783560718187,1.3438776636653,-0.844134457160008,1.80471209500486,394.695606932018,0,0
4.58,-4.66659971063982,-4.59999990463257,0.0704946157793578,-0.259509206147641,3.46832796715157,-4.52440601507701,0.68271443823713,-1.02967753150643,-3.29131907095515,-1.70536097035734,361.096185997288,0,0
4.59,-4.55321611443264,-4.59999990463257,0.061938458646473,-2.06627836991446,0.541662925245766,3.31608539447671,-3.09725024135482,2.43020070949766,-0.994238863304601,0.823830714166976,328.565607342071,0,0
4.6,-4.58152795658431,-4.59999990463257,-0.0881862404288965,-0.677273417686201,1.05363241446676,0.181954274006757,4.570176633765,-1.0442968090936,0.684469028247897,3.1067195954052,295.317558500811,0,0
4.61,-4.5978823150749,-4.59999990463257,0.0474258823800043,-0.709287461967381,-0.843383754107453,-4.14358548816797,-1.95316537393031,-0.638766897163889,0.671748305633874,-1.13388824842774,261.238349044643,0,0
4.62,-4.60247804034205,-4.59999990463257,-0.0384363327029414,-4.28498564466391,2.34825408900777,2.72397384089273,-3.59211089756395,4.94215613342456,-1.15482815538217,0.663107714935725,229.373740254368,0,0
4.63,-4.59199906676468,-4.59999990463257,-0.0431869930998542,-5.53233623123197,1.38902071775893,3.58679455854405,2.68645437228406,3.31103537510462,4.36438032689272,2.22040628149324,194.891203659585,0,0
4.64,-4.57029251578296,-4.59999990463257,0.0177910677471011,-3.85636682158712,0.999600704206756,-1.67270244094716,4.18490697338662,-3.00132299359057,3.09853442775444,-2.75407245351123,162.730028703217,0,0
4.65,-4.51571066453442,-4.59999990463257,-0.0370797993239114,-4.55760853705627,2.49911724658905,-4.47725837467035,0.529935531423781,-4.18603074837631,-2.20925548049285,-1.67680603466276,130.793744686521,0,0
4.66,-4.47588248071861,-4.59999990463257,0.128777014840761,-6.17640731984767,2.57887163928134,-3.36988707787631,-2.93369296606485,-3.09833552253085,-5.47509707397426,-0.845267831452355,95.6719304827143,0,0
4.67,-4.36496239969447,-4.59999990463257,0.103890542743276,-4.09291505569176,-2.44617347700551,-1.14795854404313,-4.35873238870656,-3.89236168708376,-3.062532687567,-0.270460415127353,61.6288895972158,0,0
4.68,-3.34073865828514,-3.37447237968445,-0.0662494424454303,-3.12054712090173,1.43997813320243,0.181958397888133,-3.29675449597907,1.96375897322905,-2.86297009872152,0.0658863947765979,31.969561180646,0,0
4.69,-1.72035482406735,-1.83489096164703,0.0418843514937312,-2.26339092408639,0.386262382799765,0.409284609729329,-1.72710218896169,0.469996526035291,-2.29315994710194,0.231919224943938,15.0650202500806,0,0
4.7,-0.974931828157738,-0.993519842624664,0.190946862727755,-0.199973154593278,-2.67476944965346,0.346168406047104,-0.915709097046486,-2.55284394404667,-0.959280987822687,0.305833993883672,6.01213777269559,0,0
4.71,-0.620331052475577,-0.527340412139893,-0.169010254407589,-2.17408830500155,1.60415818972989,0.129898614595033,-0.468915173537758,1.84571485587893,-0.873297796741523,0.330345063415183,1.19375107057554,0,0
4.72,-0.198871877195488,-0.274646431207657,-0.0910677850502501,-1.12457142965598,2.19020523873929,0.039208463298892,-0.233422905643636,2.26793770187853,-0.701433517260118,0.329164418549776,-1.23575907085455,0,0
4.73,0.0315829045010896,-0.134729728102684,0.069146153169357,-2.4109477699348,0.0521940443530411,0.0266580659233418,-0.0670458086798122,0.550997247672107,-2.4279709656217,0.315124623035652,-2.4329504509089,0,0
4.74,-0.0520451257991121,-0.0624383091926575,0.0121356941769732,-1.47477949119505,1.14075770229831,-0.0288253235057913,-0.0308708677041615,2.16062147660363,-0.814374216450889,0.295329805653006,-2.89523142251451,0,0
4.75,0.047751334711236,-0.0232953727245331,-0.153060658574566,-1.44741547420669,-0.0126770850863134,-0.000449856013799583,0.0115208863626815,0.159532168560683,-1.06548897307914,0.273451396813333,-3.02411179443332,0,0
4.76,0.195583995442502,-0.00979217886924744,0.0039741141763765,-0.679309737219921,0.370630549177356,-0.00442626302431486,0.0226807156732717,0.179664044600787,-0.972763710569698,0.251698466577363,-2.89863815093304,0,0
4.77,-0.139900978460207,-0.000748813152313232,0.0402537085513572,-0.951369338588495,-0.581798590532486,-0.00402610425514183,0.0225816128662912,0.0595375091518091,-0.527077569267103,0.231000837145099,-2.74877643774978,0,0
4.78,0.0437196265099218,0.00740492343902588,-0.125665877028536,-0.235840142523013,0.682183392399812,-0.00346924797120355,0.0211722958567116,-0.0419710248199014,-0.0555000756329029,0.211387413578519,-2.60291063154597,0,0
4.79,-0.0061308344392299,0.0144923180341721,-0.140744293391746,0.397686807567829,-0.482673204347775,-0.00180693530568856,0.0177856575661668,-0.17438283317292,0.465357558489078,0.192845498614811,-2.45882013797538,0,0
4.8,-0.0412303914165461,0.0216369330883026,-0.0309168682411636,1.15151754391935,0.480814855671749,-0.00241497721625257,0.0161528903382562,-0.182438338913719,0.903192019999852,0.175309048643312,-2.32726292251327,0,0
4.81,-0.0546001618818566,0.0284651517868042,-0.045759212355129,1.47584488112262,0.204737822493584,-0.00253860683174856,0.0150569133296661,-0.201762675103751,1.29998919003102,0.158708014301866,-2.20338674511412,0,0
4.82,-0.0365931352100794,0.0337549448013306,-0.0033103805819848,2.22819247325035,-0.268198603240133,0.00490777865236785,0.00835793958868234,-0.579924911880803,1.90169834942213,0.143048213716283,-2.06900291324424,0,0
4.83,0.0743630853221168,0.0340999811887741,-0.0945715308354247,-1.17267359605269,-1.99631061098865,0.036109104006761,0.0743976266531375,-2.11020539414976,-1.37868889041781,0.128381440353572,-1.884428401294,0,0
4.84,-0.0743371010342982,0.0259976387023926,-0.0643447564041414,0.66187626200816,-0.824114086795009,0.00444761129211877,0.0229253468317547,-0.448092523791948,0.796479429260479,0.115345000724248,-1.6602680781748,0,0
4.85,-0.0310149902265517,0.0272165015339851,-0.0338932907414314,1.36875271002518,-0.77154377403798,-0.000614119523371322,0.0110786890633271,-0.178259935887862,1.45206512042345,0.103644169561617,-1.54381265216447,0,0
4.86,0.0897443763054193,0.0223364606499672,-0.114926874890491,-1.04238731273575,-1.9734123190987,0.0351781646557095,0.062227840024862,-1.92586821961922,-1.34643500024586,0.0929548756570483,-1.3497274586247,0,0
4.87,0.154791174226981,0.0150128677487373,-0.145542700003247,0.882142276571289,-1.10807956155245,0.00545274609302685,0.0202368470335254,-0.390885195226172,0.389780743263517,0.0836240829489839,-1.17352383483467,0,0
4.88,-0.0678943008687039,0.0144133940339088,0.0470971148788328,0.940536064252343,0.389725403783576,0.000264949909259535,0.00769978921980175,-0.117417121953719,0.987700695755963,0.075410409653919,-1.07998783540637,0,0
4.89,-0.0229511041843941,0.0171557366847992,0.198676906822298,1.44732946740616,-0.260222987122815,-0.00068134969111984,0.00617322163398612,-0.0687798452645857,1.20166848092319,0.0677230664096452,-1.01906687489712,0,0
4.9,0.0798973417382584,0.0200434550642967,-0.0731312771131269,1.30429707816998,-0.697959023138192,-0.000691959800863175,0.00567209698063448,-0.0660030673439875,1.37166393345309,0.0604575786577269,-0.963835694778245,0,0
4.91,0.0199194724304027,0.0227909237146378,-0.0738896001895845,1.55692459277234,-0.134110648661048,-0.000644419485692071,0.00526694305298019,-0.0643699324314628,1.52989224551144,0.0535852128556776,-0.911705045858495,0,0
4.92,0.154630149959938,0.0149956829845905,-0.0549639507612373,-0.919499177257076,-2.42367242791148,0.0422712991701946,0.0534563527080134,-2.18304855457535,-1.26849750918866,0.0474853555073888,-0.746069687028584,0,0
4.93,0.141672998909894,0.00663381814956665,0.126512114087461,0.0942857675207991,-0.0882944395186649,0.00627362195708689,0.0144539361974384,-0.356494191383803,0.264238482601581,0.0424549359884782,-0.605143448754178,0,0
4.94,-0.0668053135237557,0.00476868450641632,-0.0240218445410138,0.488349400110897,-0.210809463833867,0.00102205819035261,0.00354630469173367,-0.0859471833034637,0.716578195362616,0.038281307204182,-0.544845881814675,0,0
4.95,-0.0514503941064814,0.00595628097653389,-0.098268243970084,0.749962614448118,0.0288620843078857,-0.000404256061673665,0.00224996709351521,-0.0131438462536286,0.840878904651664,0.0344110259736401,-0.51246073100605,0,0
4.96,0.00495822164310301,0.00737021863460541,-0.00560132648838832,0.772841233648388,-0.210698586292236,-0.000512472161576282,0.0019503292233516,-0.00642163034182841,0.926667877986032,0.0307588702909029,-0.484345937317296,0,0
4.97,-0.0162733978848093,0.00872911140322685,-0.0751211231567194,0.683709535458706,1.05990292642106,-0.000513524686925597,0.00173969388063187,-0.00468996382262573,1.00526777739147,0.0273061927048322,-0.457938525382364,0,0
4.98,0.0163769760503595,0.0100135542452335,0.108892975547188,0.490061280117582,-0.551359486297496,-0.000508576266995121,0.00154569200379842,-0.00291829632913773,1.07932424418215,0.0240417720509422,-0.432962945087487,0,0
4.99,0.0118576739995626,0.0112259909510612,0.126406001064115,0.539141887944069,-0.0158642948109956,-0.000504605088704667,0.00136240349103268,-0.000820188916106718,1.14925300319725,0.0209554628247748,-0.409330062070925,0,0
5,-0.0680132707336799,0.0123703256249428,0.0444288477238664,1.32315865151668,-0.416172363964197,-0.000501913249971758,0.00118890282035962,0.00156253106137125,1.21529366529054,0.0180376890480234,-0.386968246187414,0,0
5.01,-0.028932150416881,0.0134503692388535,-0.17535505858331,1.04479171831292,-0.91037230740859,-0.000500350442379742,0.00102466097875055,0.00417280455282044,1.27766186298614,0.0152793812118273,-0.365810500814028,0,0
5.02,0.0849922227887563,0.0144696980714798,0.0237741181645344,1.2062676023863,-0.371128905474143,-0.00049975438366409,0.000869199685150061,0.00695970665358055,1.33655935394305,0.0126719478885571,-0.345793336009478,0,0
5.03,0.0456640524773991,0.0154317282140255,0.0301879010040924,1.17725978537259,0.637983555180669,-0.000499979987044207,0.000722066034071541,0.00987907727940072,1.39217892469933,0.0102072509251625,-0.326856530683124,0,0
5.04,0.00981622321191405,0.0163396708667278,-0.0950816472966417,1.56757822387906,0.682215252950356,-0.000500899447456404,0.00058282860953648,0.0128928360868274,1.44470227792384,0.00787758214574164,-0.308942967309514,0,0
5.05,-0.00737016029688165,0.0171965565532446,-0.0207399164235099,1.06530366945878,0.8364219403741,-0.000502400491459584,0.000451077066521952,0.0159682967102241,1.49430120653924,0.00567564118168115,-0.291998477774787,0,0
5.06,0.0694595503941234,0.0180052630603313,-0.00653155522311732,1.24972928290744,0.41897752315573,-0.000504384668609085,0.000326421251671869,0.0190774917447896,1.54113898822299,0.00359451433866453,-0.275971695743517,0,0
5.07,0.0888464726813197,0.0167662519961596,-0.121981070357191,-2.48539402373726,-1.31454393247229,0.036806981077487,0.0803014425932064,-1.8453331959849,-2.51944125217163,0.00166345274016611,-0.22987998065138,0,0
5.08,0.0296640344709111,0.00711256032809615,0.0764916688175943,-1.42101615149493,-1.52368954981897,0.03358403646265,0.0449276960164819,-1.68185337342617,-1.23345374126142,0.000314100044321265,-0.124352027142612,0,0
5.09,0.0628741131762587,-0.00300115626305342,-0.0599076464609275,0.0130978732685564,-0.31868419816782,0.00437947661729069,0.00463571876982273,-0.219807323310965,0.275321725353913,-0.000129591221089763,-0.00969935828783822,0,0
5.1,-0.0049636649972834,-0.00497786840423942,-0.0348742351398655,0.32610890814624,0.463202586075876,0.000885764212757369,-0.0011598629793417,-0.0449667460876031,0.466198868123151,-0.000120739253131672,0.00617297229851754,0,0
5.11,0.0342721938269722,-0.00517125008627772,-0.0723338328994526,0.796755254609294,-0.485069798962028,0.000370124106659202,-0.00165353083925588,-0.019180823020328,0.481160613642415,-6.99337889912731e-05,0.00716763361680773,0,0
5.12,0.0303864578011169,-0.00520406849682331,0.0401147929780056,-0.184881853064571,0.012325559217543,0.000333597608780977,-0.00168776883975503,-0.0173732183545253,0.481180032624301,-1.84413569025686e-05,0.00687266346832829,0,0
5.13,0.032000594252062,-0.00522381905466318,0.0396323823790466,0.768911241506579,0.956064642769201,0.000331157538907244,-0.00168759284326132,-0.0172704400666506,0.480132015205853,3.04684899920487e-05,0.00650127593027773,0,0
5.14,0.0453601246544455,-0.005241634324193,-0.18847251387054,0.0211762742270921,0.379535026671142,0.000331134424022628,-0.00168497929514855,-0.0172874803056418,0.479058681659918,7.66958338798071e-05,0.00614344826817617,0,0
5.15,-0.0047936779256126,-0.00525840371847153,0.119223895894143,0.371520811064623,-0.197071247187926,0.000331274801367176,-0.00168232615520774,-0.0173116170342745,0.47803546452933,0.000120370624745074,0.00580487066287113,0,0
5.16,-0.0065686791493788,-0.00527424272149801,-0.027039539541571,0.532055129348505,0.201208837547918,0.000331418764233887,-0.00167980572540561,-0.0173349122412939,0.477065215252247,0.000161632554454195,0.00548496273242832,0,0
5.17,0.0369252826529513,-0.00528920721262693,-0.106332569833985,0.324140802225799,-0.291441941417225,0.000331555396087054,-0.00167742349592162,-0.0173568898939006,0.476145424747244,0.000200614862858732,0.00518272892513323,0,0
5.18,-0.0238645555978793,-0.00530334515497088,0.137302137625638,0.714169831312505,-0.228390503303943,0.000331684358726645,-0.00167517282745911,-0.0173775849871357,0.475273372727319,0.000237443492553906,0.00489719514836561,0,0
5.19,-0.0990377856531554,-0.00531670358031988,0.00998859855755777,0.189051550950863,-0.217016023891949,0.000331806040606138,-0.00167304651421877,-0.0173970861128896,0.474446356587595,0.000272237477180486,0.0046274386447129,0,0
5.2,0.122918977579316,-0.00532932532951236,-0.126981752911292,-0.00901582082111874,0.242424802294956,0.000331920857392145,-0.00167103772823192,-0.0174154495829696,0.473661901640958,0.00030510921970622,0.00437258748414168,0,0
5.21,-0.0927377981345394,-0.00534125091508031,-0.15759494417205,0.617966984365442,-0.471778831485923,0.000332029203484939,-0.00166913996866681,-0.017432750564124,0.472917665488135,0.000336164923856508,0.00413181792754918,0,0
5.22,0.025150422983498,-0.00535251805558801,-0.0525175836573713,0.650008017968099,-0.186106172195997,0.000332131449967719,-0.00166734697945475,-0.0174490471189406,0.472211457207576,0.000365504935398455,0.00390435177395761,0,0
5.23,-0.122169254921844,-0.00536316400393844,-0.0618518467403721,0.447684086357993,-0.296987065349695,0.000332227946238089,-0.00166565322055878,-0.0174644070751811,0.471541144518711,0.000393224074853146,0.00368945384221371,0,0
5.24,-0.0427503123196577,-0.00537322275340557,-0.121015456918353,0.856336438176781,0.287427939481554,0.000332319020831992,-0.00166405297216816,-0.0174788856803404,0.470904748722223,0.000419411886236161,0.00348642959163032,0,0
5.25,-0.08851862506821,-0.00538272643461823,0.00759449458719421,0.977788781096768,0.273169780874171,0.000332404982926612,-0.00166254110604857,-0.0174925319047538,0.47030041344944,0.000444152957007416,0.00329462287404253,0,0
5.26,0.0553298987085013,-0.00539170624688268,-0.0725045039092677,0.610932634059889,0.0228503045339291,0.000332486123855301,-0.00166111282742423,-0.0175053895939466,0.469726345208201,0.000467527260704479,0.00311341381043335,0,0
5.27,-0.0573498840514804,-0.00540019106119871,0.0178411518195359,0.368058681615654,0.356722429289188,0.000332562717622685,-0.00165976339237582,-0.0175175207877577,0.469180869099988,0.000489610282408115,0.00294221678524338,0,0
5.28,-0.0209407166744428,-0.005408207885921,0.0149593118391703,0.220327557204987,0.424673342430896,0.00033263502250346,-0.00165848862087036,-0.0175289483871411,0.46866243124536,0.000510473380995469,0.00278047855137066,0,0
5.29,-0.00188388816605808,-0.00541578279808164,0.159920799926773,0.338175556642971,0.0368591519731695,0.000332703281499127,-0.00165728417578886,-0.0175397325703771,0.468169516151387,0.000530183959401129,0.00262767644047071,0,0
5.3,0.104391260383408,-0.00542294094339013,0.0692814792829512,0.378404542351238,0.206591473628325,0.000332767723802414,-0.00165614637626992,-0.0175498931138092,0.467700687430267,0.000548805686991463,0.00248331667183575,0,0
5.31,-0.0232743038312444,-0.00542970467358828,0.0557932182843685,0.758550688744804,0.208679185622445,0.00033282856502926,-0.00165507135245523,-0.0175594694040862,0.467254638655374,0.000566398732336229,0.00234693275534752,0,0
5.32,0.122329296883677,-0.00543609587475657,0.0407094902952224,0.762592931264716,0.549016628178752,0.000332886008668081,-0.00165405574634704,-0.017568515413399,0.466830112009337,0.000583019921707228,0.00221808398244603,0,0
5.33,-0.00104599167834093,-0.00544213410466909,0.195211440730786,0.261635804369127,-0.223587274948977,0.000332940246240727,-0.00165309628805874,-0.0175770358652199,0.466425970284592,0.000598722940626393,0.00209635400060101,0,0
5.34,-0.0155187112429088,-0.00544784031808376,0.0354759508461726,0.031245567169478,-0.541048799519947,0.000332991458547501,-0.00165218986109387,-0.0175850806003988,0.466041013835887,0.00061355852181012,0.00198134946696407,0,0
5.35,0.0425402068431537,-0.00545323174446821,0.118156809667853,-0.127577210478402,-0.39669598823166,0.000333039815745324,-0.0016513334730592,-0.0175926530723984,0.465674235286885,0.000627574612128605,0.00187269877642776,0,0
5.36,0.0175626942929614,-0.00545832561329007,0.134901151841646,0.287870950439401,0.634949694269004,0.000333085478354265,-0.00165052443021121,-0.0175998088128043,0.465324641968952,0.000640816488705916,0.00177005085956229,0,0
5.37,-0.0264921332110148,-0.00546314008533955,0.0464763483609604,1.26446938627354,-0.137950496848149,0.000333128597747334,-0.00164976008796989,-0.0176065613231491,0.464991196924236,0.000653326906180098,0.00167307404749304,0,0
5.38,0.0707950157987917,-0.00546768866479397,-0.00188154097666288,0.349080608578647,-0.0955456184354205,0.000333169316612521,-0.00164903793111371,-0.0176129240222979,0.46467310231227,0.000665146264583183,0.00158145499974564,0,0
5.39,0.0657629395133834,-0.00547198764979839,0.12796480330411,0.467635313286921,0.342342454498319,0.000333207769615706,-0.00164835560541491,-0.017618927985809,0.464369428459429,0.000676312764458756,0.00149489769088765,0,0
5.4,0.0300901005702801,-0.00547605007886887,-0.148996859682367,0.580513327178706,0.249558158607099,0.000333244083666685,-0.00164771111138546,-0.0176245884155357,0.464079426251398,0.00068686247394412,0.00141312245360938,0,0
5.41,-0.0500747858305473,-0.00547988852486014,0.0653119576794868,0.901713976436352,-0.617714603771008,0.000333278378549274,-0.00164710218947058,-0.017629929787608,0.463802356699286,0.000696829450664263,0.00133586507455973,0,0
5.42,0.0510340834662037,-0.00548351602628827,0.150892737056213,0.11327505640806,0.89849576885937,0.000333310767162207,-0.00164652684145237,-0.0176349652943156,0.463537470454525,0.00070624591435809,0.0012628759397281,0,0
5.43,0.106591267227282,-0.00548694469034672,0.16162959940982,0.333850321363915,-0.525944529580088,0.000333341356204674,-0.00164598335854668,-0.0176397271223317,0.463284079054273,0.000715142259402761,0.00119391922851029,0,0
5.44,0.0420686113528733,-0.00549018383026123,-0.0398035404552078,0.458340357169055,-0.261431369209851,0.000333370246145698,-0.00164546991269066,-0.0176442149628113,0.463041627667978,0.000723547225233483,0.00112877215025989,0,0
5.45,-0.0297923359606418,-0.00549324601888657,0.0724786418375202,0.534943951941501,0.176716596725032,0.000333397531808766,-0.00164498481818153,-0.0176484467263512,0.462809405461579,0.000731487953441131,0.00106722422484661,0,0
5.46,0.00802071139831292,-0.0054961396381259,0.0866552074142333,0.409167924642158,0.125094070533449,0.000333423302743934,-0.00164452650074755,-0.0176524379660864,0.462586916599703,0.000738990119825362,0.00100907660231525,0,0
5.47,-0.0335727850326426,-0.00549887400120497,0.0199310380386914,0.343515993726931,0.614802234165305,0.00033344764350598,-0.00164409351518288,-0.0176562044708726,0.462373625034313,0.000746077922981448,0.000954141419865634,0,0
5.48,-0.0393562395505884,-0.0055014593526721,-0.0709503405829295,0.591466775426572,-0.185992330616033,0.000333470633662538,-0.0016436843814467,-0.0176597557920892,0.462168946294363,0.000752774272069997,0.00090224119472956,0,0
5.49,0.0430961226489222,-0.0055039026774466,-0.0374753635817118,0.446642075948523,-0.372571337840683,0.000333492348638234,-0.00164329789471402,-0.017663105756208,0.461972472563645,0.000759100776308578,0.000853208250623032,0,0
5.5,-0.0423124428592787,-0.00550621189177036,-0.0533277828484351,0.231808970071074,0.819641184588372,0.000333512859419399,-0.00164293286817927,-0.0176662703434447,0.46178375025904,0.00076507787475491,0.000806884175816552,0,0
