t,iq,iq_ref,id,vq,vd,ia,ib,va,vb,theta_e,omega,r,"T_ass:2.83,S_pct:-1.19,kp:0.0126,ki:0.0014"
0,-0.0619965863408943,0,0.0246323493343585,-0.335291634404893,-0.3820798319631,0,0,0,0,0,0,0,0
0.01,-0.00555871012496074,2.14923147723312e-06,-0.0353545738103702,0.0525070274535067,0.0259876635110777,5.76944610751941e-05,0.000645243164295266,-0.00294590827159462,-0.0321698724416944,0.426768891190852,-0.00159371036291268,0,0
0.02,0.060420114006237,2.0767383830389e-06,-0.0261205949224629,0.345892847362593,0.0276171303702146,6.42192518110999e-05,0.00072046978095354,-0.00327255358473572,-0.0359352170477166,0.426756959783194,-0.00169336331217341,0,0
0.03,0.0401870231719771,2.08783944799507e-06,-0.0152938483112167,0.069911543742993,-0.0672061151389227,6.69882268352796e-05,0.000750151223833773,-0.00341195826958094,-0.0374191133661688,0.426744882625196,-0.00167404514882182,0,0
0.04,-0.0361972659080522,1.89430704722326e-06,-0.0442418773851246,-0.964632277506604,-0.000900483203976954,6.58168224484913e-05,0.000732915165304456,-0.00334892612410975,-0.0365660585664231,0.42673374262571,-0.00154087396839524,0,0
0.05,0.151033486979701,1.85988949397142e-06,0.0861658186340997,0.144904259008505,-0.583507718442058,6.75425517295305e-05,0.000749824631563936,-0.00343490449451903,-0.0374133136282297,0.42672292000646,-0.00149844710905373,0,0
0.06,0.0177475468097823,1.75586376371939e-06,-0.214402150667542,0.0481160438826561,0.137957800827249,6.78428899196669e-05,0.000750304653516788,-0.00344777402334595,-0.0374421335631139,0.426712615619907,-0.00141771357509473,0,0
0.07,0.0132161155557343,1.74206195424631e-06,0.077997121455758,-0.501772419028558,-0.0711049093625793,6.98499568387667e-05,0.000769038401687184,-0.00354830367352298,-0.0383796747943355,0.42670301681065,-0.00138954487044874,0,0
0.08,-0.0441716631609158,1.56216606228554e-06,0.0368090127342632,-0.0442094543660167,-0.0975408315020787,6.83602956190707e-05,0.000750511064258568,-0.00346959811731386,-0.0374614047998718,0.426693737202895,-0.00126803353621453,0,0
0.09,0.106627797188198,1.46634738484863e-06,0.178195824330879,-0.670854457326912,-0.10810019610373,6.84903101973628e-05,0.00074904249364441,-0.00347405743599281,-0.0373923855108024,0.426685099709061,-0.00119547960715467,0,0
0.1,-0.030038882207438,1.38031452934229e-06,-0.208058393075173,0.0504487535795188,-0.905045859767821,6.86776127722216e-05,0.000748573618474789,-0.00348161881929748,-0.0373729141524339,0.426676965700247,-0.00112953260350323,0,0
0.11,-0.0376218874014454,1.29948136873281e-06,0.0927843002827729,0.10292573918843,-0.382396364529279,6.88565148725912e-05,0.000748184239439442,-0.00348886610406185,-0.0373571761019743,0.426669300304524,-0.00106752271799586,0,0
0.12,0.0116978737231851,1.22331607599335e-06,0.0152598609753758,0.180475328755508,0.251852330666041,6.90252653859893e-05,0.000747820090770303,-0.00349571232463067,-0.0373424879524342,0.42666207620423,-0.00100909071029391,0,0
0.13,0.0302017667972171,1.3090183301756e-06,0.0305633605768713,0.256943782890106,-0.422458802695961,7.23571033458709e-05,0.000782771349733819,-0.00366496390263957,-0.0390864948481018,0.426654951499664,-0.00104249932936765,0,0
0.14,0.104155918484168,1.07282482986193e-06,-0.0321348010566004,-0.0424179817799837,0.0529187089945461,7.5708232480773e-05,0.000814529604024618,-0.00382846107954398,-0.040685484824864,0.426648222550201,-0.00107043967016482,0,0
0.15,0.0277703329506934,1.02737624274596e-06,0.0947855579938978,-0.537997171524332,-0.54296454898024,6.97655642416893e-05,0.00075065718583799,-0.00352870046527273,-0.0374934275684908,0.426641809017798,-0.000855203555429134,0,0
0.16,-0.0423747368015696,9.50939295307762e-07,0.0946586792409171,-0.07752983803334,-0.165939008176023,6.96407281573049e-05,0.000746734902878188,-0.00352077331969127,-0.0373008040866138,0.426636144185073,-0.000799923183688902,0,0
0.17,0.0618854488947823,8.93916705990705e-07,0.0181105784774702,0.0542900147373004,-0.435646156335703,6.97551988656544e-05,0.000746258872117346,-0.00352529630324618,-0.0372796329977082,0.426630827438117,-0.000756371232996644,0,0
0.18,-0.126263427612771,8.41046357891173e-07,0.0588708089558172,0.07419494077568,-0.0835044883509443,6.98718757146851e-05,0.000745994653896937,-0.00353001789298756,-0.0372688614159791,0.426625818033693,-0.00071582137876789,0,0
0.19,-0.0407628884564566,7.91270053923654e-07,-0.00680556278928381,-0.360348417449435,0.0205645059298194,6.99820701953181e-05,0.000745756251956331,-0.00353447787404039,-0.0372592367037902,0.426621097079777,-0.000677634524765944,0,0
0.2,-0.0949975758602529,7.44362182558689e-07,-0.12454240848718,-0.332266383576312,0.105797530829668,7.00859564903898e-05,0.000745532098096314,-0.00353869491056656,-0.0372501975411625,0.426616647901673,-0.000641647636223565,0,0
0.21,-0.029680047760501,7.00154885180382e-07,-0.0389493313968693,0.0362913484870187,0.276112353556196,7.0183816042436e-05,0.000745320977947044,-0.0035426484593792,-0.0372416768265753,0.426612454850111,-0.000607732503704129,0,0
0.22,0.0177858859936236,6.58492581351311e-07,-0.0142740090001268,-0.0541979686101534,0.0147266381078722,7.02760564475882e-05,0.000745121976963554,-0.00354638726599924,-0.0372336503927985,0.426608503180333,-0.00057576977173105,0,0
0.23,-0.0142074677548544,6.19228728737653e-07,0.0384310214077162,0.126439611622623,-0.25632924797172,7.0362996503707e-05,0.000744934406582947,-0.00354990894857898,-0.0372260836474596,0.426604778996698,-0.000545647041093682,0,0
0.24,0.0127341360810425,5.82225197831576e-07,0.0384637884394855,-0.281262908049966,0.570385409519263,7.04450059398023e-05,0.000744757467011453,-0.00355324199281118,-0.0372189488403566,0.426601269203501,-0.000517258388009999,0,0
0.25,0.027281670454117,5.47351930890727e-07,0.100521034039651,-0.0661328846197608,0.084611820150172,7.05221612036907e-05,0.000744591002968497,-0.00355636209954218,-0.0372122326708956,0.426597961458911,-0.000490503986704568,0,0
0.26,0.0439316637784764,5.49512719771883e-07,0.170377670833889,0.0051968843228196,-0.28521497602961,7.12731385350269e-05,0.000752022372119441,-0.00359414741476983,-0.0375837899340606,0.426594889043043,-0.000485213455151258,0,0
0.27,0.107505300049566,4.11943602784959e-07,0.110097049082806,0.189268500142187,-0.169985985608359,6.91590907319861e-05,0.000728753658584804,-0.00348499054668961,-0.0364264409998991,0.426591801961057,-0.000400790570135567,0,0
0.28,-0.0829149795675348,6.69263840791245e-07,-0.191157110446376,-0.653849602677055,0.236826102575072,6.90197443673526e-05,0.000727125301732795,-0.00348328445559574,-0.0363333092313416,0.426589026664265,-0.000374590796605575,0,0
0.29,-0.0225959462380425,4.22314769821241e-07,-0.097765439381042,-0.654055424854952,-0.0975081299334082,7.0715883398679e-05,0.00074304127430927,-0.00356339932092183,-0.0371405059509048,0.426586525075444,-0.000395474122622237,0,0
0.3,-0.0950789007865427,3.78975073545007e-07,0.0659486593107557,0.150387392410517,-0.485343883913507,7.04024354451871e-05,0.000737997921526748,-0.00354670641525708,-0.0368902871351191,0.426584568113119,-0.000366793798061652,0,0
0.31,-0.0273536747845968,3.80208831529671e-07,-0.113871426610597,0.0689318774277994,0.109371785851935,7.08722545005427e-05,0.000743461139728543,-0.00357035320893797,-0.0371634513156214,0.426582257528303,-0.000362593440355287,0,0
0.32,-0.0572214176853803,3.58378684950367e-07,-0.00864718109302586,-0.132682443407526,0.396864386228116,7.09398732345743e-05,0.000743669243463253,-0.00357327955850821,-0.0371748656925132,0.426580046299784,-0.000345547202376556,0,0
0.33,0.0456095189875138,3.36473647166713e-07,-0.0822311081529247,0.186815892843876,-0.146727028594698,7.09890908227972e-05,0.00074358238955248,-0.00357529057185754,-0.0371715384208443,0.426577960416089,-0.000328724307299712,0,0
0.34,-0.00784970218414742,3.1575262937622e-07,0.0602239270298374,0.119902607031528,0.63941532671342,7.10349581980882e-05,0.000743484474266982,-0.00357714144534334,-0.037167595468229,0.426575994497772,-0.000312825960767652,0,0
0.35,-0.0340173316501083,2.96220008522141e-07,0.153417545508625,-0.364005207941369,-0.248034235068753,7.10782225379988e-05,0.000743391173128672,-0.00357890154447061,-0.0371638349182211,0.426574141745169,-0.000297840293411766,0,0
0.36,0.00307688198753247,2.77811665228e-07,0.0195237390673232,-0.206332729893542,-0.0335197873742162,7.11190013508899e-05,0.000743303179694312,-0.00358055950001853,-0.0371602871831161,0.42657239564977,-0.000283717159943235,0,0
0.37,-0.0625298625955158,2.60463082213391e-07,-0.0917599002583151,-0.100722038811568,-0.0426017417519425,7.11573642658145e-05,0.000743220398634753,-0.00358210248584301,-0.0371569436791965,0.426570750072066,-0.000270407045509669,0,0
0.38,-0.129640013412078,2.44113266489876e-07,-0.0469478737897095,0.492479234217065,0.598960081103343,7.1193558850834e-05,0.0007431422939105,-0.00358357235575763,-0.0371537943979461,0.426569199225483,-0.000257863155013317,0,0
0.39,-0.0893633302172703,2.28704749360986e-07,0.100009093765929,-0.0998788896602416,0.901282270457237,7.12276831338801e-05,0.000743068655503149,-0.00358495748765724,-0.0371508245302619,0.426567737656667,-0.000246041379645789,0,0
0.4,-0.0319287015504632,2.14183316415983e-07,0.00134437254186938,-0.166577781320413,0.18598288820714,7.12598602845265e-05,0.000742999217603506,-0.00358626295794447,-0.0371480233140908,0.426566360226196,-0.000234900149375443,0,0
0.41,0.00308680357072706,2.00497893843021e-07,-0.0533068775910436,0.126188417572022,0.103619062138494,7.12901651416403e-05,0.00074293382043225,-0.00358749148907264,-0.0371453851421804,0.426565062090425,-0.000224400287210387,0,0
0.42,-0.0465254587300087,1.87600392109744e-07,-0.163297765690862,-0.217864266461809,-0.556905208548107,7.13186964763613e-05,0.000742872251261188,-0.0035886457351679,-0.0371429010187156,0.426563838684576,-0.00021450487146139,0,0
0.43,-0.044354491493602,1.75445407535335e-07,0.119603064347541,-0.051238877411839,-0.180743453089101,7.13456010805639e-05,0.000742814191427298,-0.0035897347798293,-0.0371405583324806,0.426562685706693,-0.000205179105914499,0,0
0.44,0.0267231855369704,1.63990250712232e-07,0.041340525613837,0.103385728417223,-0.443741314352905,7.13709533652536e-05,0.00074275948127707,-0.00359076016691875,-0.0371383504896181,0.426561599102447,-0.000196390197469712,0,0
0.45,-0.10017346197121,1.53194577023896e-07,-0.052947826487306,0.256666855521587,0.777121920223238,7.13948516971866e-05,0.000742707908205193,-0.00359172600979405,-0.0371362687414006,0.426560575050887,-0.000188107240831861,0,0
0.46,-0.016460724485335,1.43020457699095e-07,0.00283663756549602,-0.0116977141746957,-0.687513040564001,7.14174196917308e-05,0.000742659203824953,-0.00359265176627255,-0.0371343078153228,0.42655960995102,-0.000180301109832634,0,0
0.47,-0.0915053830310445,1.33432095594799e-07,0.078584815404425,0.319257371008474,0.405212926504774,7.14386325018984e-05,0.000742613426211832,-0.00359350741106516,-0.0371324595284343,0.426558700409213,-0.000172944355011325,0,0
0.48,0.033581121623737,1.2439576835277e-07,0.0445695553659222,-0.209456476320029,-0.822136798891484,7.14586135274359e-05,0.000742570307043033,-0.00359431115162365,-0.0371307178137318,0.426557843227143,-0.000166011107094726,0,0
0.49,-0.13604392714017,1.15879714712719e-07,0.0584717685587946,0.265647267635412,-0.0836729840201015,7.14775101475032e-05,0.000742529525040303,-0.00359508640374292,-0.0371290756692162,0.426557035390588,-0.00015947698602534,0,0
0.5,0.0725853698135255,1.07853978192907e-07,-0.14053592724672,0.341830394866706,0.200176410723116,7.14952490541224e-05,0.000742491244351727,-0.00359579951691044,-0.0371275293440848,0.426556274058876,-0.000153319015236715,0,0
0.51,0.0535997827924654,0.0512887127697468,0.131979209757172,-1.26464414763816,-1.09786583414088,0.0311495188248356,0.0699572677733317,-1.56171150779042,-0.933364732202297,0.000937269471359891,0.342229222801288,39.1117317413175,0
0.52,-0.0756524860731736,0.0508235841989517,-0.0112979611132856,-0.347832423569856,1.71771840676716,-0.0398882505775573,0.0490791663910175,1.98415652459749,0.0873113935862888,0.00493917076438931,0.742682907753533,39.1117317413175,0
0.53,0.0452390189617635,0.0503693670034409,0.0748189369436095,-1.87384222860018,0.616977203608304,-0.00525189381815158,0.0911681194469786,0.23318236127658,-2.0399332759104,0.0117698946655216,1.12105017786103,39.1117317413175,0
0.54,0.0931924289682682,0.0499436222016811,-0.0628425649658838,-1.04176322203552,-0.139592824002879,-0.00135508240053041,0.0675616496414958,0.014422884505909,-0.881218522270947,0.0213538151169335,1.48630689613856,39.1117317413175,0
0.55,0.0768230282632735,0.0494676381349564,-0.05671446710462,-1.89422442591978,-2.06245454781781,0.0342145384025515,0.0854490671031655,-1.79633947067543,-1.80027787998173,0.0337440098028837,1.89444173024977,39.1117317413175,0
0.56,0.12568644579953,0.0489889569580555,0.0546425441621894,0.333792784529761,2.63527690090692,-0.0398352685602842,0.0338391511191079,1.87372741264514,0.754951008070057,0.0490978615683045,2.2909360251969,39.1117317413175,0
0.57,0.100766863143725,0.0485555119812489,-0.175543154582449,-0.479904130757436,-0.223917030158477,-0.00480295226061701,0.056704736164971,0.0771068711442288,-0.41255472348214,0.0672080343626701,2.64031930163342,39.1117317413175,0
0.58,0.0861896604338115,0.048111829906702,-0.142650440196867,-0.299724372089857,1.61586965803219,-0.0431381627626822,0.0524303316458795,1.94759453777956,-0.224639936391452,0.0880134052831601,3.03884630951261,39.1117317413175,0
0.59,0.0211941766541157,0.0476530119776726,0.0231528764975355,-0.254459761516303,-0.814426516069612,0.00653223410805048,0.0497630862626421,-0.593026053466376,-0.120007948571927,0.111723703646396,3.42666845834261,39.1117317413175,0
0.6,0.0436679999597508,0.0472247377038002,0.194812751832142,0.124860993588689,0.343924311066107,-0.0110787675092171,0.0435101486094097,0.228892161001488,0.163738899048189,0.138196904016138,3.791713125746,39.1117317413175,0
0.61,0.102534484472336,0.0467678755521774,-0.109003631345185,-1.66175578399189,-0.606441404333403,-0.00308488499010205,0.0897765785831015,-0.236018269169042,-2.18271049415774,0.167358167398837,4.17200180109974,39.1117317413175,0
0.62,0.0270513374081539,0.0463402196764946,0.0402361732665913,-1.00200617916096,0.119741199159114,-0.0207111010005273,0.0676339515653759,0.577198709532501,-1.10991089016197,0.199279923697695,4.53865441948673,39.1117317413175,0
0.63,0.052063457596201,0.045903991907835,0.083810715745308,0.674966920808757,-2.95941603055668,0.0363184333770122,0.0482481972427546,-2.35054349742032,-0.179736989548633,0.233869040566972,4.90653942452852,39.1117317413175,0
0.64,-0.0685878951875393,0.0454841069877148,-0.163163874769398,1.41532454703576,1.48202587291691,-0.0398824933220355,0.00888808666121675,1.38702301148217,1.74793807093045,0.271101183067532,5.25470364360964,39.1117317413175,0
0.65,0.0515487188300743,0.0450453795492649,0.10526667890783,-0.217023642346241,-0.793570334659539,-0.010096724002574,0.0358235251975187,-0.184545736423133,0.353693596551923,0.310995130478527,5.62745313444115,39.1117317413175,0
0.66,0.000855838101436725,0.0445862747728825,-0.0858596947367202,-0.328189748453283,1.74009693542848,-0.0520401918584411,0.0367227373383619,1.83178848802818,0.25661333993686,0.353656028916288,6.0106332771186,39.1117317413175,0
0.67,0.083244105597729,0.0441850200295448,0.0593304765248684,-0.778519677013878,-0.931791624832619,-0.0227435123568129,0.0603285022589447,0.278663476647109,-0.980022312178891,0.398971895595026,6.35434983049391,39.1117317413175,0
0.68,0.0249470630744311,0.0437371432781219,-0.0190363060173033,-0.879978141417936,-2.26527791188719,0.00789549556067903,0.0673457642541898,-1.34206005188023,-1.39543689167181,0.446939443603876,6.72916835420641,39.1117317413175,0
0.69,0.0360384124595821,0.0432721637189388,-0.0323477831513369,-1.08958905943028,2.31784625277436,-0.0750010830029714,0.0303710783412975,2.71958702075973,0.38472467717192,0.497683884229361,7.12023405676817,39.1117317413175,0
0.7,0.157522692212407,0.0428463891148567,0.019630285308026,-0.38156483255059,-0.991340799832696,-0.0199500877619652,0.0464241732746566,-0.124915811534357,-0.495566451579579,0.551123469029719,7.46457900518202,39.1117317413175,0
0.71,0.162091864750997,0.042435634881258,-0.20818427306334,0.094840405144437,0.731815750572295,-0.0383579759322829,0.0262206757852064,0.707868144301589,0.432860501177854,0.607122403384742,7.80973598693857,39.1117317413175,0
0.72,-0.0366767606900803,0.0420340001583099,-0.00103079436910497,0.580008894099594,0.600746123722775,-0.0374249115350167,0.0103699526862835,0.573987771454117,1.13612389710646,0.665632689614498,8.15338741956264,39.1117317413175,0
0.73,0.0597973951520827,0.0416455641388893,-0.122988092601356,1.42638217303762,0.908499010683888,-0.0277698198176467,-0.0019491836245519,0.00570152054239192,1.65549192575043,0.726572999868029,8.48265540877743,39.1117317413175,0
0.74,0.0508385034280582,0.0412803255021572,-0.0505656724951582,-0.726105524159084,-1.65497420765908,-0.0131362053242795,0.059472645158133,-0.811085444845084,-1.5212551618581,0.789868111370395,8.79283880322473,39.1117317413175,0
0.75,0.0485820557853048,0.0408745482563972,-0.00845830067405179,-2.22670237358544,-1.71812528577859,-0.0415102810815214,0.0863377688715143,0.530582406619058,-2.97745675804906,0.855555160184958,9.13476367060453,39.1117317413175,0
0.76,-0.104731693520265,0.0404441654682159,-0.122432724709723,-0.493428587123488,0.805164809507839,-0.0539833572869401,0.0325224633514832,1.08517090887281,-0.406116144256289,0.923839249691602,9.49733842367876,39.1117317413175,0
0.77,-0.0174896947301701,0.040038775652647,-0.0886955744301678,-0.219599614024496,1.71554080175911,-0.0589433770021905,-0.0134786768021398,1.26897766183619,1.76740304534218,0.994693745335933,9.826222491936,39.1117317413175,0
0.78,0.0864522132067744,0.0396328791975975,-0.0373640501746436,-1.13054997362677,1.30576621686985,-0.0607287285719672,0.000439130710413519,1.30002510541881,0.935173049019998,1.06797825380312,10.173040500187,39.1117317413175,0
0.79,0.0202974102286883,0.039216797798872,0.115648862528119,-0.651068045723034,-0.603485072180971,-0.043539665645433,0.0402594370824588,0.390834078188034,-1.20120643286373,1.14380527672376,10.5176392549966,39.1117317413175,0
0.8,0.029445092183027,0.0388191677629948,-0.160596517347475,-0.148768849794179,2.46010991823517,-0.0511561713303156,-0.0231061721965155,0.733459792124483,1.82134062704102,1.22209400073666,10.8571659464396,39.1117317413175,0
0.81,0.0501677085161612,0.0383761823177338,0.14365041771386,-0.212404966453254,1.51790630752038,-0.0574413287880215,-0.0202169919411506,1.02113463924336,1.52117014944455,1.30301926054682,11.2201010539675,39.1117317413175,0
0.82,0.105053839969018,0.0379314795136452,-0.0216348700148329,-0.22606009250365,1.81374169594155,-0.0545047861300838,-0.0224871169369863,0.859957319717055,1.47400991143901,1.38660876019387,11.586164039683,39.1117317413175,0
0.83,0.00807435377040522,0.0375301279127598,-0.103178362728914,-1.12229413229379,1.39087213874724,-0.052550894449456,-0.0289848143037683,0.759021783601411,1.63506894904455,1.47276140729019,11.9233812543601,39.1117317413175,0
0.84,0.0873786241793028,0.0371518842875957,0.0395753872561719,-1.19348760550645,1.69763597386586,-0.0492142928947988,-0.0334567189464116,0.601932323738354,1.69235550690534,1.56130590544169,12.2379976488748,39.1117317413175,0
0.85,0.0303527890927685,0.0367838181555271,-0.149082010399438,-0.740439224912527,1.49379162421014,-0.0454731061198129,-0.0314873076177912,0.439066141913328,1.42639484533063,1.65208046172872,12.5367505225831,39.1117317413175,0
0.86,-0.0887175575642814,0.0363862104713917,-0.115954285890619,0.102386948168373,1.01626388884357,-0.0290445820161201,-0.00930473840210335,-0.340849987906691,0.149391710841495,1.74519896606597,12.8715561421112,39.1117317413175,0
0.87,0.031393439037747,0.0360029526054859,0.148139100617578,0.863126682893261,-0.635238167593352,-0.0185345700962793,0.0073369919737701,-0.809344793643486,-0.848181907978116,1.84073488259988,13.1777250957191,39.1117317413175,0
0.88,0.00890481694225324,0.0356544554233551,-0.0241397254723573,-0.680845790997957,-0.234855613755845,-0.0388849084476605,-0.0124072391241377,0.279446198043856,-0.0212693889807542,1.93845608187773,13.4871112398358,39.1117317413175,0
0.89,-0.0118208443524193,0.0352703221142292,0.133971019592529,-0.937922601072121,-0.8554201399341,-0.0615874687269941,-0.0113292929011975,1.50449173819706,-0.230330668894641,2.03849878464487,13.7981012579004,39.1117317413175,0
0.9,-0.0045440897809992,0.0349132940173149,0.170404010941533,1.25414894338911,-1.19612503657359,-0.0175671416085781,0.0128827733220087,-0.591850114266965,-1.58806503664539,2.14075108365481,14.0988288810873,39.1117317413175,0
0.91,-0.0366986309340265,0.0345914363861084,0.112021899686996,0.0149891481799612,-2.79720112049736,-0.0557341044040963,0.0236907485759996,1.43648675675833,-2.26786114616137,2.24505020430838,14.3745341143544,39.1117317413175,0
0.92,0.0866127079095556,0.0342301651835442,0.0228829346945032,0.0173755550271163,-1.79382051787582,-0.0417991759277729,0.00946951953766636,0.874639001439516,-1.68074828303901,2.3515374011363,14.6667704946538,39.1117317413175,0
0.93,0.000675288455452672,0.0338833034038544,-0.0352896111039365,-1.44524137828703,0.237584549230948,-0.0441808719105123,-0.0547112982022345,1.14093125807054,1.41854462907783,2.46012997842208,14.9592972781385,39.1117317413175,0
0.94,0.128275602857824,0.0335539653897285,0.000108086094603162,-1.88084044965839,-0.499415519076522,-0.0585420694718526,-0.0360282570137104,2.02132567384613,0.387390105601693,2.57083167769619,15.2361463603155,39.1117317413175,0
0.95,0.0964764415030997,0.0332254581153393,0.143725150907068,-0.569263751518237,-3.23920894675639,-0.0750943519187173,-0.016719033847111,3.02246454738825,-0.656988105531086,2.6834861320725,15.5103242601152,39.1117317413175,0
0.96,-0.0338588167550934,0.0328755713999271,0.144772562438546,0.772939285394131,-2.5117662876542,-0.0556015321719604,0.00334378105698444,2.22912759137915,-1.71753958243079,2.79827730762498,15.8084503499583,39.1117317413175,0
0.97,-0.0175692254174149,0.03252824395895,0.0850309124348139,-1.19355865463336,-0.705641685553916,-0.0200563412397269,-0.0466445694909119,0.637815392771202,0.74569875427545,2.91519734388499,16.0828682112249,39.1117317413175,0
0.98,0.0307807125005624,0.0322510562837124,-0.124416572986755,0.148219493929914,1.59363806730025,0.0428278926168503,-0.0392942420245998,-2.31759011594887,0.360188779031609,3.0339793988929,16.3179885066323,39.1117317413175,0
0.99,0.0488183075316487,0.0319300405681133,0.0739063897095501,-1.94164232161887,1.46939202649812,0.0290618662181488,-0.0608054110636558,-1.43411052834703,1.44226574739791,-3.12854331816956,16.5946452382539,39.1117317413175,0
1,0.0704656543463094,0.031576432287693,-0.024873874000618,0.577034337327964,-2.81864404482901,-0.0414319197481468,-0.0168391330618048,2.28767416068578,-0.723638773116368,-3.00586200680405,16.8725897224065,39.1117317413175,0
1.01,0.0121330819077977,0.0312628522515297,0.0184672034683618,-0.18376860241902,-1.67436157768646,-0.0186716495691008,-0.0353548511875697,1.33765592524293,0.256063598668167,-2.88118454869418,17.1525228862549,39.1117317413175,0
1.02,0.102564071192336,0.0309599563479424,0.152870444349227,-2.0859513261011,1.92439417947584,0.0511500108968016,-0.0542742992882581,-1.97448463317878,1.27792616301511,-2.75456580273545,17.3983917669705,39.1117317413175,0
1.03,0.0274557116072015,0.0306378100067377,0.0218580151740736,0.105663301599619,2.11325551734627,0.0497266969125569,-0.00214435151446609,-1.73290808248256,-1.22848819831541,-2.62610056289412,17.6706752476074,39.1117317413175,0
1.04,0.0994189541402862,0.0302862543612719,-0.0939182708949242,-2.64954035738806,-0.362708061697373,0.0491337154767424,-0.0699988389546674,-1.54428012398085,2.28931088516416,-2.49547970608237,17.9633595777959,39.1117317413175,0
1.05,0.0659627562789908,0.0299287736415863,-0.00670626452997503,-0.0800618141456473,2.2875095726526,0.0618591928413123,0.00397070391444556,-2.04294146056588,-1.26703219737544,-2.3627365399684,18.2527403253582,39.1117317413175,0
1.06,0.0225882620989256,0.0295945554971695,-0.0797344255859961,-1.19275008646988,1.05391134235585,0.0339984036852791,-0.0132974360865799,-0.527735067124775,-0.240918951173203,-2.22791847560112,18.5228534163056,39.1117317413175,0
1.07,0.00345324559266066,0.0292755961418152,0.0520398546917219,1.24452948616579,-2.32815694173172,-0.0173832906258811,-0.0541777178063879,2.14200991431697,1.98265525424719,-2.09118680868293,18.7937150542184,39.1117317413175,0
1.08,0.197225311141322,0.0289575718343258,0.0253914320413002,-1.17887367593458,0.0673935241654464,0.0507180079584248,-0.0127160950751718,-1.19081909238217,0.0954074633266343,-1.95249427992723,19.0533299551252,39.1117317413175,0
1.09,-0.0285810776587651,0.0285955816507339,0.0103556510953219,2.01392775325958,-1.76742919456771,-0.0100515907411332,-0.0537808366152724,1.89352631465308,2.35082105507663,-1.81171941752041,19.342546492272,39.1117317413175,0
1.1,0.0220527031877322,0.028285313397646,0.164348007024282,-0.817272216523005,-0.896047140125805,0.0365008456105258,-0.0187964461073043,-0.415794570354424,0.802149300664313,-1.66898835661373,19.6219107751921,39.1117317413175,0
1.11,-0.0766415047692633,0.027976468205452,-0.198544659893127,0.988125713597793,-0.846845464086738,0.0155926986035463,-0.0106921725870487,0.619343604479073,0.600598916406426,-1.52431999843891,19.8663201880035,39.1117317413175,0
1.12,-0.0163330006318562,0.0276639983057976,-0.105656972550116,-0.764916566393846,1.67758239226988,0.0358031088873292,0.0302924437411077,-0.430732883946273,-1.25012059788291,-1.37780586209351,20.1173168703179,39.1117317413175,0
1.13,0.0572972796176173,0.0273818280547857,-0.0523817414164595,0.351061511980545,-1.43759169117976,0.0282980832069294,-0.0107404689367688,-0.123602631946272,0.997124366063647,-1.22946692531051,20.3520389495221,39.1117317413175,0
1.14,0.137208876369179,0.0271154381334782,-0.183783770606052,-0.988562289249684,0.82038454639842,0.0279701197292421,0.0429178568157376,-0.200911951246112,-1.50664480315256,-1.07948901224548,20.574601969303,39.1117317413175,0
1.15,-0.0154380963294843,0.0268330778926611,0.0899677375601872,-1.95246586773057,-1.43814715494665,0.0784018844243429,0.0187110502351528,-2.84604219121736,-0.128616721881826,-0.927821763745496,20.8125109561773,39.1117317413175,0
1.16,0.0156509622148249,0.0265562105923891,-0.0963372425450306,-0.165018414811133,-0.579989776558887,0.0283087890458425,0.00855767440299963,-0.486236774624204,0.523072770702058,-0.774410876576731,21.0406628851281,39.1117317413175,0
1.17,0.0467270996700929,0.0262778997421265,-0.053556918143743,-0.722564565199968,0.777570636129126,0.0199253804354383,0.0348661737731854,-0.232188567963137,-0.6722681511951,-0.61934633769926,21.2611673291146,39.1117317413175,0
1.18,-0.016474418685303,0.0260275192558765,0.172592231153737,-1.39936270506117,-0.480380887482411,0.0306883864644171,0.0449560791434337,-0.952772398764847,-1.08166066629343,-0.462770791674297,21.4724569458841,39.1117317413175,0
1.19,0.0182974312146021,0.0257610753178596,0.0270767154345416,-1.91844923431121,-2.46271486659927,0.0575244027117866,0.0407155908804381,-2.49149294316059,-0.80466144995651,-0.304528074464896,21.6942866377502,39.1117317413175,0
1.2,0.0209914055880908,0.0255162231624126,0.0657270230189206,1.26968325784736,-0.129878252839826,-0.00217531268498394,0.0061456317006332,0.293577409052994,0.956887405213815,-0.144733083589922,21.899999285503,39.1117317413175,0
1.21,0.0111712976400118,0.0252668857574463,0.0140449027954976,-2.70749188903711,-1.77442676760825,0.0264389422901335,0.0712041000934048,-1.34399603170075,-2.29524334495912,0.0166188011462145,22.11328352357,39.1117317413175,0
1.22,-0.00431380024205092,0.0249933116137981,-0.0895027740388694,0.671045136854706,0.407295871351045,-0.011693552936497,0.0159514168888236,0.36232454512672,0.43399912262808,0.179518372258215,22.3338655849707,39.1117317413175,0
1.23,0.0780098804435337,0.0247740354388952,0.123904275375252,-0.982593252380263,1.87805416778712,-0.0451109602202284,0.026163553173712,1.83982409828703,-0.139338158587629,0.343872926932359,22.5176186335766,39.1117317413175,0
1.24,-0.000858940921829997,0.0245489366352558,-0.0580550977593997,-1.31284522529436,1.35106850917332,-0.049378066968324,0.0266010318824959,1.87132148427729,-0.255709018911918,0.509641756711107,22.7096304297813,39.1117317413175,0
1.25,0.0592401624051383,0.0242767389863729,-0.0485960612489242,-0.18039207005801,-1.71794480316524,-0.0027067428631722,0.0361919406808613,-0.626502031274023,-0.862134441746824,0.676859711231971,22.9270954840235,39.1117317413175,0
1.26,0.0445679877745517,0.0240157414227724,-0.0743402965995532,-0.159433661330469,-1.49286509037509,0.000747697355819699,0.0409312245217028,-0.938590991709156,-1.25006394113588,0.845770377288735,23.1448412821884,39.1117317413175,0
1.27,0.0315996431767318,0.0237830486148596,0.154582001055594,0.0370569261626322,-1.66043146085247,-0.00173347820125556,0.0428071071766664,-0.927035306735237,-1.51487913608907,1.01610110920562,23.341887713843,39.1117317413175,0
1.28,0.110788116341924,0.0235316213220358,0.0564548153293884,-1.94896670814361,0.422219208000279,-0.0590271864507114,0.0293494833611231,1.85791214464726,-1.0276354739227,1.18798672043609,23.549579464518,39.1117317413175,0
1.29,-0.0575339130516761,0.0233093239367008,0.07224618184896,2.40553086331182,-0.109584659330297,0.0171910961701774,-0.0170116167368514,-2.00142855541825,1.09391338008888,1.36127608264049,23.7382815437902,39.1117317413175,0
1.3,0.123231298906198,0.0230396781116724,-0.0257698320073341,0.178915445372554,-1.2715007609308,-0.0311977640957994,0.0395589744002975,0.406468507194168,-1.94027274314022,1.5360912643735,23.9485722184688,39.1117317413175,0
1.31,-0.047751257033968,0.0228102765977383,0.0666425194149076,-1.43435213207319,0.39828822347976,-0.0570528007786858,-0.0127889016989673,1.721453284028,0.478463557948837,1.71238044580807,24.1339500433322,39.1117317413175,0
1.32,-0.0474929366558305,0.0225795079022646,0.0105359706796908,0.268262956096394,2.11495963613483,-0.00335827068328295,-0.047267996174756,-0.906784093892464,2.01084808145575,1.89003069376781,24.3349816890264,39.1117317413175,0
1.33,0.105540844592748,0.0223553236573935,-0.155698692934189,-1.42197252087021,-0.0271797746126078,-0.0470352646293795,-0.02174591321806,1.36809383636792,0.552074731254638,2.06909040838817,24.5152031376246,39.1117317413175,0
1.34,-0.0558622659457602,0.0221529230475426,-0.180117588617936,0.135571095394273,0.097496596787095,-0.00230140576923427,-0.0205830377521372,-0.749542003749102,0.333456728285486,2.24936916340041,24.6904357799607,39.1117317413175,0
1.35,0.127179297975865,0.0219398308545351,-0.0711351350444012,-0.600260306558143,2.90320003355873,0.00562997835315288,-0.0526458840186301,-1.00045461330769,1.80095192203051,2.4309838634605,24.8763814807434,39.1117317413175,0
1.36,0.112531557475802,0.0217024553567171,0.033900162109019,-0.94101194465748,0.935984344190177,-0.012707772791922,-0.0493488366360797,0.0868862535194519,1.52871678261127,2.61404351758723,25.0702313558697,39.1117317413175,0
1.37,0.0683297515484897,0.0215192642062902,-0.138840612730827,1.2021697038462,-0.0416179069674677,-0.00552449650182479,-0.00557160141707671,-0.0869837211785199,-0.736502021541352,2.7983387956113,25.2228797442222,39.1117317413175,0
1.38,0.0809064638444528,0.0212684143334627,0.0959680885957301,1.02627092518673,-1.32261803638674,-0.0327393015002021,-0.000205192422205097,1.47096126159301,-1.04228694172666,2.98399734065868,25.4178269294887,39.1117317413175,0
1.39,0.0349668541185133,0.0210102535784245,0.0256424504556187,1.58394063508603,-1.74872392684883,-0.039769425166914,-0.00121326998191592,2.0211948962056,-0.991452909333211,-3.11206479939984,25.6312437475759,39.1117317413175,0
1.4,0.0518318153837203,0.0207955166697502,0.0664856261716485,-0.712821746621397,0.685277456844114,0.0318710418235279,-0.0386019978399674,-1.37022624818909,0.912397238904087,-2.92353562633901,25.8023935770315,39.1117317413175,0
1.41,-0.0386829756171949,0.0206207782030106,-0.107387431232676,-0.117902032066347,0.986516854379138,0.0377677753921691,0.00293628972140035,-1.48132599306957,-1.09648922011438,-2.73388447178672,25.9503088006792,39.1117317413175,0
1.42,0.148814596132118,0.0204576943069696,-0.113288852770156,-0.872147844972011,2.60314399422255,0.048642644250562,-0.0151172279115747,-1.85626459795381,-0.0922533264984978,-2.54317222634602,26.0928624891574,39.1117317413175,0
1.43,-0.025966645703435,0.0203003417700529,0.0550162726907971,-0.0753671067217795,-2.63568884097139,-0.00546904994342898,-0.0481641883503213,0.997998460647423,1.69403588514783,-2.35141844863484,26.2188864186992,39.1117317413175,0
1.44,-0.0270828611332732,0.0201514214277267,-0.0885610421397232,2.61220097577936,0.125677427582543,-0.0298015911151907,0.0132263379857322,2.3308298557059,-1.22094700696674,-2.15877788326196,26.3478669032617,39.1117317413175,0
1.45,0.0749899831914062,0.0200188308954239,0.0598635480849026,-1.54620405010963,1.04715119566621,0.0479103581856829,0.00330521310183116,-1.46953014062098,-0.551787386238865,-1.96522239472203,26.4623105935506,39.1117317413175,0
1.46,0.0892451882072502,0.0198519863188267,-0.0132970191315042,-2.06874403933636,0.529646029034572,0.0507643758118275,-0.00331542589980393,-1.56297860850183,-0.032171508621234,-1.77077106778673,26.5996767932187,39.1117317413175,0
1.47,-0.0079871726059458,0.0196266304701567,-0.0405468581569004,-0.80506947622327,1.19713413544801,0.0316972870862729,0.0198339767304972,-0.601034727716733,-0.997005930408865,-1.57504043624382,26.7860231565038,39.1117317413175,0
1.48,0.029633036587867,0.0194387137889862,-0.0623797805216061,-0.0806339792422627,-1.24758933149333,0.024914899200471,-0.0117542533723827,-0.289482103790678,0.775133661812245,-1.37811642088409,26.9475615877782,39.1117317413175,0
1.49,0.0683264184375388,0.019256604835391,-0.0608852992489775,0.27090338674415,-2.30609253340442,0.0227705505097393,-0.0278720770144989,-0.24658954618739,1.76293603196074,-1.1799933310186,27.0889794544404,39.1117317413175,0
1.5,0.146474460533933,0.0190897174179554,-0.0767490502823987,-1.83958960635225,0.539250828805653,0.0380951200138877,0.0491892691150152,-1.10855169122772,-1.92841536157065,-0.980865025228153,27.2381717798828,39.1117317413175,0
1.51,-0.00776255953035417,0.0189204104244709,-0.0524472994969528,1.729778500464,1.25650043981067,-0.0315075556528204,0.00913892028370103,2.24454275059836,0.215433471690451,-0.780670065238229,27.378200175392,39.1117317413175,0
1.52,0.0720229102357318,0.0187440887093544,-0.0993968407635798,-0.625290263451328,2.54454514071016,-0.0185569084054959,0.0563408539240334,1.44529556125069,-2.03248440218378,-0.579401059950401,27.519106016879,39.1117317413175,0
1.53,0.0230773987673865,0.0185414664447308,0.119815030375228,-2.12437905459776,-0.412375670019676,0.0228627330991852,0.0536632617891789,-0.800113358353345,-1.81909579572037,-0.377040822383131,27.7153082092955,39.1117317413175,0
1.54,0.0292630320229231,0.018312955275178,0.0216369250988037,1.9440703402979,0.0446720283392364,-0.0147255007234042,-0.0221556601689799,0.896055925833333,2.0120354600145,-0.173296780931257,27.8664227167644,39.1117317413175,0
1.55,-0.00294283763235207,0.0181647166609764,-0.06866846445801,-0.529835930751753,1.16229366843842,-0.00134093179515637,0.025465543253657,0.0393787903883569,-0.362798716151426,0.031443485601192,27.9927888864714,39.1117317413175,0
1.56,0.0846343080775337,0.0180168747901917,0.168010513760438,0.320949649592876,0.51828573380013,-0.0108356266204985,0.00499437685233476,0.330523477070053,0.628776449333575,0.237130137727588,28.1382364338758,39.1117317413175,0
1.57,0.0320528660090434,0.0178712178021669,0.098509588842487,0.841249175505445,0.211323943920211,-0.00772416252571181,-0.00492197420771446,0.0015874901767266,1.0557238358639,0.443794516675707,28.2330336736804,39.1117317413175,0
1.58,-0.0244828578813566,0.0177426878362894,-0.0369431488091338,-0.635923233060923,1.62953265115507,-0.0538204139923976,0.00741542048106535,2.15314313643094,0.338268614912372,0.651201598461339,28.3525415533001,39.1117317413175,0
1.59,0.0188348960305114,0.0175740458071232,-0.00780181687793982,-0.903609305016247,-1.98568439374846,0.00100351142128319,0.0587517728196599,-0.719879346616103,-2.3642975719977,0.859559953228552,28.4914875070826,39.1117317413175,0
1.6,-0.142630239851196,0.0174161903560162,-0.0890006057684584,0.684384254994767,-2.09113524464082,0.0171554379586591,0.0319806534038168,-1.62484179739394,-1.1807466712689,1.06888149394212,28.6245041712875,39.1117317413175,0
1.61,0.0424919285548782,0.017285855486989,-0.0128818361903582,-0.854649492516874,-1.80916374676314,-0.0176428714456178,0.0527555139685079,0.050775185727979,-2.39093317664811,1.27908591987384,28.7321394935139,39.1117317413175,0
1.62,0.12764240585198,0.017122108489275,0.0307830395023153,-1.04245002784791,1.98460830310022,-0.0408213933515962,-0.0210410814069061,1.18493119890563,1.12275548789734,1.49024894258628,28.8777868606467,39.1117317413175,0
1.63,-0.0514718093118277,0.0169463232159615,0.00394804998486499,-1.47443983959541,-0.869625716515851,-0.0575450992437574,0.0183596335287799,2.0345035692455,-1.03075986236424,1.70251289131115,29.0232625438642,39.1117317413175,0
1.64,-0.0358516231637419,0.0168284345418215,0.134940789001025,0.10936683024805,-0.644189611261683,-0.0255901889484881,0.00623717302803123,0.484889849361822,-0.597602558762127,1.9155727074729,29.1116326538534,39.1117317413175,0
1.65,-0.0798892723878461,0.0167041663080454,-0.0447180092887288,-1.76011025096186,-1.35963574698726,-0.0515411386571697,0.00504222764950443,1.86682278889684,-0.697367125578623,2.12938386180681,29.2213541886999,39.1117317413175,0
1.66,0.00818065980718067,0.0165652893483639,-0.0359409502691921,0.0359385029360549,1.17240210341801,0.0105965184935992,-0.0190036198418004,-1.12614797949021,0.370912406178691,2.34403266013476,29.3362506934866,39.1117317413175,0
1.67,-0.0675501666368701,0.0164230540394783,0.180965662686459,1.07760582889085,-2.07946346469686,-0.0365964285746553,0.018125518537512,1.37795911477817,-1.59565461978894,2.55952915586884,29.4603949554889,39.1117317413175,0
1.68,-0.00988011035734337,0.016311053186655,-0.0327754065438274,0.823132114269538,2.18849532847383,0.0374573640834718,-0.0124025194882224,-2.1686578897006,-0.143329716948218,2.77580052187905,29.5404746740594,39.1117317413175,0
1.69,0.0462157114056234,0.01616370677948,0.0115776844294039,0.5458867680041,0.299443102712795,0.00893280848771611,-0.0036329759839785,-0.568258696813492,-0.620596014876476,2.9928128905177,29.6680017199262,39.1117317413175,0
1.7,-0.0511024167875875,0.0159942507743835,-0.0359603956749517,0.192499995809454,0.417368707796764,0.00743524662109492,-0.0116389823186499,-0.316391187191054,-0.219079188131805,-3.07232720813382,29.8251651688655,39.1117317413175,0
1.71,0.0745741824431166,0.0158390589058399,-0.0380570976655163,-1.72172693142183,-0.745418958133939,0.000623968587308399,-0.0414820523047304,0.195899396898356,1.31199321087291,-2.85324940665176,29.9377548667921,39.1117317413175,0
1.72,0.0402508720829218,0.0156989246606827,-0.249495099743264,-0.628421135641036,1.58930754149923,0.0481502280142481,-0.00983055460727651,-2.02555183465578,-0.198013356105457,-2.63339932709894,30.0445250511102,39.1117317413175,0
1.73,0.12831087993875,0.0155898137018085,0.0858889439081292,1.09594939286101,-0.611724497116118,-0.0247288756295292,-0.0083239150809543,1.75904273279488,-0.166667130224407,-2.41280291836425,30.1560456086066,39.1117317413175,0
1.74,-0.10550471604589,0.0154718533158302,-0.136257197142282,1.60512604166042,3.51257133169782,0.0214963036886217,0.05365745777138,-0.444548405793307,-3.13729959974221,-2.1914647194693,30.2397850083672,39.1117317413175,0
1.75,-0.0538667702272808,0.0153781939297915,-0.0398725482966472,0.639223597362611,0.410812913356444,0.00966869809990379,0.00749695972721595,0.228119105430916,-0.6752844319155,-1.96944896051233,30.3201547350005,39.1117317413175,0
1.76,-0.0340352713314758,0.0152992410585284,-0.192832317749495,-0.44948787214664,1.03596176300328,0.0229514193287268,0.0174214481595301,-0.391224579885373,-1.00726887171892,-1.74691236708767,30.385122080578,39.1117317413175,0
1.77,0.051168605796671,0.015177883207798,0.253580614371896,-0.0646123749166342,2.30985730390193,0.0202798252149347,0.0568485705810573,-0.252182172324568,-2.81044392134072,-1.52382643022322,30.4915833244185,39.1117317413175,0
1.78,0.112751869206694,0.0150199988856912,-0.0258227400374314,0.557736414603255,1.7517726785747,0.0036760897902495,0.0334238108723303,0.543908374679548,-1.47162520613901,-1.29972403410964,30.6225910845749,39.1117317413175,0
1.79,-0.0441825698256997,0.0149217005819082,0.0298106269414097,0.331434960320862,-1.82734830979623,0.0209045270320779,-0.0427812179883517,-0.386694813451299,2.49740075868379,-1.07495603737659,30.7107455390057,39.1117317413175,0
1.8,-0.0691280487411366,0.0147968558594584,0.0647456464524717,1.0978475183934,-2.4184375254101,0.0257956357976935,-0.0412751340053472,-0.732643325345266,2.5560988132563,-0.849471532157065,30.8134194155409,39.1117317413175,0
1.81,0.0510389603151396,0.0146593758836389,0.165281505656824,-0.408358617787759,1.43082319251685,-0.0217144114802471,0.0377741052643668,1.51839180717314,-1.29248000730313,-0.623190103329968,30.9179145097112,39.1117317413175,0
1.82,0.0366223281407159,0.0145650524646044,0.0423663944692896,0.839829472202032,0.193200142724586,-0.00844184618117826,-0.000125128229225818,0.70574964201352,0.681057058281273,-0.396243982439263,31.0158028656933,39.1117317413175,0
1.83,-0.00315277807632416,0.0144379744306207,0.139971343378041,-0.208278304773407,-3.08703110391671,0.0607292458757109,0.0172103155641416,-2.91821157093611,-0.144519742099285,-0.168567922293357,31.1142571411264,39.1117317413175,0
1.84,0.055079094056272,0.0143242692574859,0.141272155384754,-1.34134334505242,1.84224062733516,-0.0331052858166016,0.046510839315391,1.61372122870984,-1.60669063018406,0.0598461870974056,31.2071257801719,39.1117317413175,0
1.85,0.00226049758860331,0.014208797365427,0.0546746708887161,-1.3732319058936,-0.442160929548773,-0.00996084981617349,0.0478330371900915,0.294099492027746,-1.70707084912763,0.288957828813297,31.3040259273002,39.1117317413175,0
1.86,-0.00526677905648696,0.014089684933424,0.0644151234594079,2.027490496766,0.0384203872071028,0.0208103837309531,-0.0237572972453698,-1.39226532371155,1.80275793349575,0.518821592474256,31.4004040665928,39.1117317413175,0
1.87,-0.0931523045987957,0.0139717645943165,0.0110913402656102,-0.00391518595998051,-2.01431661500458,0.0242588642508953,0.0438999945226604,-1.69343572363289,-1.68249968323116,0.749332557943689,31.5093733501955,39.1117317413175,0
1.88,0.0817515271833924,0.0138101596385241,0.190572926147083,-1.05518548994726,-0.14786816167451,-0.0321450123039506,0.0332245485281055,1.03009658438975,-1.27505267824363,0.980753617891711,31.6277046220892,39.1117317413175,0
1.89,0.0294852026088525,0.0137290060520172,0.134263538183537,-0.809075837404676,-0.491771596245381,-0.0249888508835278,0.0150729798151058,0.602848732765178,-0.511574559834234,1.21283314532281,31.7054516347056,39.1117317413175,0
1.9,0.0519142711527955,0.0136082768440247,0.0201974701330904,0.0239259547934407,0.212095849590165,-0.00956790615382228,-0.0103244632925043,-0.200500960465691,0.602992788214529,1.44560239890871,31.796010750984,39.1117317413175,0
1.91,-0.0664947057532545,0.0135211255401373,-0.014025730454397,1.0955948032116,-2.14948478280141,0.0130546401867007,0.0363089904706056,-1.32873625159189,-1.89013342765531,1.67900727847362,31.8648837429073,39.1117317413175,0
1.92,0.0333508880650615,0.0134019488468766,0.00623034595810378,-1.08464649596741,0.800215945046185,-0.0246207005730433,-0.0188975739815578,0.595424814603662,0.720140159709038,1.91296911637096,31.9750222690281,39.1117317413175,0
1.93,0.0436240989094899,0.0132938381284475,0.0165180231694975,-0.456588790676799,2.27055333966539,0.00651198449509561,-0.0504418416626213,-0.888199034039224,2.16042877897205,2.14767304080142,32.0569620355243,39.1117317413175,0
1.94,0.0438099112943613,0.0132022239267826,0.0660651852089012,-2.45431193209402,0.827918229927111,-0.0338860356598502,-0.0540422637431094,1.23596207017387,2.22129361670978,2.38293243616374,32.1429922821942,39.1117317413175,0
1.95,-0.0673017618439799,0.0130537059158087,-0.049337991541331,2.90695169195235,0.362350059925289,0.0268209607444606,0.0296657881146133,-1.66928489240858,-2.05227432705356,2.61897803252306,32.2467400389779,39.1117317413175,0
1.96,0.0570095053959279,0.0129333147779107,-0.132937552726052,0.368350303326124,-1.08165469163954,-0.00929123124844724,-0.00228933685693925,0.281852283705965,-0.510224939971551,2.85584795472658,32.3670126664898,39.1117317413175,0
1.97,-0.0389148099081845,0.0128401387482882,-0.0961913787826879,-1.32821909725491,1.96241345682167,0.0303393121951449,-0.0356485877971663,-1.54976733889454,1.1369897370507,3.09337265708046,32.4251203975139,39.1117317413175,0
1.98,0.0380320208292904,0.0127795375883579,-0.0904122026419885,0.218244974673024,1.28483589699505,0.025421328512593,-0.0092833621155433,-1.15097580653767,-0.167826397752294,-2.9519216657671,32.4852283804141,39.1117317413175,0
1.99,-0.09715412761781,0.0126823699101806,-0.0901139515355901,1.13111263093208,2.08393128475884,0.0230178307309587,0.0267781240254,-0.887479963008081,-1.92052542277467,-2.71348468766342,32.561594670703,39.1117317413175,0
2,-0.079127808048097,0.0125980116426945,-0.141234390963083,-0.0925642675270154,0.650397574029905,0.00540861456567429,-0.0151498136740026,0.122048605016993,0.259203375399049,-2.47447960843396,32.6462104384694,39.1117317413175,0
2.01,0.116151626267556,0.0124792233109474,0.00961785634013203,-1.03449269776533,-1.62962984260202,0.00656798323768605,-0.0495492113880979,0.167380425324527,2.09138055639955,-2.23481470547909,32.7389160412898,39.1117317413175,0
2.02,0.0237440029085312,0.0123853329569101,-0.00489875722366755,0.710628714560054,2.24383061376595,0.024624446511225,0.0360505804299856,-0.663989234286768,-2.06192398341353,-1.99449965698561,32.8092569697573,39.1117317413175,0
2.03,-0.148519590429693,0.0122764958068728,-0.015122234355016,-0.559315082811053,1.62064412701796,0.0279749318187231,0.0115743292588895,-0.791113226888721,-0.693050655728864,-1.753658678885,32.9054762271477,39.1117317413175,0
2.04,0.0320762436072594,0.0121386963874102,-0.0741047665991792,-1.15867724724612,-0.501933365214025,0.0363999258415748,-0.00529340826806339,-1.20960090184034,0.29990119262991,-1.51200297594035,33.0078436528429,39.1117317413175,0
2.05,-0.0289304555116257,0.0120929926633835,-0.142419988126133,1.57237883765068,-2.74077825443753,-0.00179049618554587,-0.0495204323793103,0.670834109725269,2.65817521352072,-1.2697850403447,33.0712705060613,39.1117317413175,0
2.06,-0.126413999916752,0.0119970282539725,-0.00161525625655768,2.86731486924587,0.394609118304051,-0.0307245744200968,-0.0302482645141883,2.05375353417053,1.82467263653052,-1.02715542459279,33.1374512170777,39.1117317413175,0
2.07,0.0159938445103038,0.0119291367009282,0.121221448299409,0.635831236392612,-0.893945924653633,0.00192332829767215,-0.0109722394793179,0.327839737597901,0.974697505667175,-0.784023907622243,33.1869623326452,39.1117317413175,0
2.08,0.0797486653279608,0.0118794655427337,-0.0831475972513993,-1.14905996675054,-2.72618828274779,0.0575632335671633,0.00961548672206043,-2.57241181814299,0.0339603938416848,-0.540581147586583,33.2397312442901,39.1117317413175,0
2.09,0.0691125259731527,0.0117894820868969,0.00238357012584778,2.18682948893211,0.0451201943621546,-0.00267325734271298,-0.0272662062853832,0.306884894969526,1.93172931714712,-0.296681246270301,33.3126575369834,39.1117317413175,0
2.1,0.138353222148346,0.0116469487547874,0.0667881782412769,-1.27702052698042,-0.33667355662814,-0.00505652161430792,0.0394575648914891,0.28388666011106,-1.38660871183949,-0.0521457118317574,33.4261524604509,39.1117317413175,0
2.11,0.0380280326665493,0.0115472506731749,-0.0593881201269289,-1.70124088955798,1.23699618565423,-0.0387142494860104,0.0397826446141193,1.82593966759243,-1.41744343906939,0.193205132930945,33.5079265104733,39.1117317413175,0
2.12,-0.0349178080399888,0.0114297959953547,-0.00958211274363989,0.811965940638683,1.15915545018743,-0.0162002959652074,-0.0166197893839903,0.566467468196831,1.35326011056993,0.43921720854884,33.6008718971632,39.1117317413175,0
2.13,0.034922212296333,0.0113481655716896,-0.105236753975471,0.279107778377073,1.91651586247704,-0.0407949627083571,-0.0244665332312912,1.68001842697127,1.66834199966201,0.685773131887326,33.6680795132431,39.1117317413175,0
2.14,0.0387492498695227,0.0112618030980229,-0.134554370596004,0.0987277261830689,0.494297083438001,-0.0104753700124337,0.00579030747420587,0.0681317684334915,0.049499040973635,0.932875281112575,33.7466023922201,39.1117317413175,0
2.15,0.0148581468042912,0.0111516751348972,-0.0222488976981424,0.0111913420097814,-1.62933332817134,0.0146404814045967,0.0509302680583782,-1.2529191968443,-2.33437251445604,1.18056264969944,33.8293227781392,39.1117317413175,0
2.16,0.0479530830703548,0.0110802249982953,-0.0939408681788603,-0.679131262464533,-1.42978768125722,-0.0183693544071813,0.0401149042670067,0.365053797908303,-1.92749234799791,1.4287463694189,33.8788491423568,39.1117317413175,0
2.17,-0.0514662368850861,0.0110199013724923,-0.0282520628103377,-1.67317838843762,-1.48994287371696,-0.0429900671259893,0.0214882117019981,1.59672363640361,-1.13366746860222,1.67730147118134,33.9416682509839,39.1117317413175,0
2.18,0.0776044335831347,0.0109548913314939,0.103306945009722,1.43696131279385,-1.44567433338077,-0.000305064625029883,0.0319411621649303,-0.502614996547763,-1.79030532992019,1.9262862917295,33.9999163199389,39.1117317413175,0
2.19,-0.0852216530384068,0.0109050441533327,-0.103585082104794,2.00853135901745,1.34833310344655,0.0369706577302388,-0.0120100458246179,-2.30217145824047,0.288940447808792,2.17565719628361,34.0415749343279,39.1117317413175,0
2.2,-0.0284785896067548,0.0108342189341784,0.0844672494857068,-0.249352310588579,-0.832040749647706,-0.0191229665392693,-0.000187671152911741,0.597853392018778,-0.403705692256679,2.42537585006997,34.1072790193742,39.1117317413175,0
2.21,-0.0370243352197581,0.0107505172491074,-0.0599488859996812,-0.224585416383458,-0.552974243054628,-0.0247460147181449,-0.00792761564906954,0.994419668908247,-0.0889177826234394,2.67558510460928,34.1655042974586,39.1117317413175,0
2.22,0.012197018899036,0.0106419250369072,0.011871149181104,-0.455177178780759,-0.0601126252612196,-0.0177265585609559,-0.00644406615203306,0.772377999141497,-0.202828654899965,2.9264138336054,34.2598272624946,39.1117317413175,0
2.23,-0.0540779230682774,0.0105529651045799,-0.0549681250800437,-0.245865547476686,-0.331907864748728,-0.016457770318496,-0.0052507830732412,0.842805687353686,-0.26991027534636,-3.10538572524788,34.3391287717156,39.1117317413175,0
2.24,0.0360340681506451,0.0104763898998499,0.251096447291985,0.568305054126347,-2.67750265945411,-0.031682707143105,-0.0144070362992474,1.73576638111161,0.213510755695389,-2.85352928162575,34.3929313740085,39.1117317413175,0
2.25,-0.0127413142006826,0.010411168448627,-0.126119838147981,0.28984898542788,0.811122415590403,0.0258818531086691,0.00530280898985867,-1.02558834877987,-0.717237288613865,-2.60126661002199,34.447828646426,39.1117317413175,0
2.26,-0.0199269709890002,0.0103421323001385,-0.0472114566033086,0.154249031470987,0.165754574817975,0.0129382474157194,0.002013629586533,-0.275864768069435,-0.468420564078087,-2.34850952641603,34.501905843328,39.1117317413175,0
2.27,-0.0112953364003469,0.0102928504347801,-0.269454742751465,-1.63636985646541,2.43506072861615,0.0496347831929406,0.0272921472567026,-2.03375839913726,-1.62867559508332,-2.09552554000144,34.5402101476675,39.1117317413175,0
2.28,0.0258614706820694,0.0102202771231532,0.120906548817753,0.850927130593731,-1.40716320768588,-0.0204386448013588,-0.0437883832060141,1.51983797728922,2.05244413720128,-1.84211239118892,34.6094874842538,39.1117317413175,0
2.29,0.0777032421159016,0.010142644867301,0.194547257279914,-0.216411254229781,-0.768637467968337,0.00672348476920798,-0.0085490805480785,0.17629781119487,0.417734874919558,-1.58822055091779,34.6651392576983,39.1117317413175,0
2.3,-0.0454229195910684,0.0100474562495947,-0.159675501113117,0.281780655273706,0.167830047594853,0.0010278608863133,-0.00622658080957418,0.442130332349115,0.431007051987655,-1.3338327577205,34.742931891026,39.1117317413175,0
2.31,0.0705741056755129,0.00997786782681942,-0.0123029518519622,-0.989444358700513,-1.85742340504292,0.0333058330277778,-0.0295499484314567,-1.22190174312506,1.71798006746424,-1.07891657423553,34.7892387398394,39.1117317413175,0
2.32,0.0277044596547275,0.00993899628520012,0.065751499419111,-2.17544760906018,1.94257131502976,0.0138360168633006,0.0597551354017759,-0.321771300525282,-2.64777095126801,-0.823706400623239,34.8402510976194,39.1117317413175,0
2.33,-0.0466456973633054,0.00985427014529705,0.0237489668005121,1.81577020543456,-0.860719280241232,-0.00388310707688157,-0.0136338000242556,0.462072027522223,1.10183251138939,-0.56802939832933,34.9004908278213,39.1117317413175,0
2.34,-0.0515340567778405,0.00980391260236502,-0.0502982669405392,1.70213584668877,0.964608583057864,-0.0237643801461195,-0.0183716187384737,1.34159926126099,1.39007107353691,-0.312046790758905,34.9593173594005,39.1117317413175,0
2.35,0.113651963574311,0.00971931405365467,-0.166779293805315,-1.05816213467191,0.292630787706133,0.00329094587801479,0.0271421761803459,-0.136781259403215,-0.866290072430434,-0.0555702472060046,35.0234468904273,39.1117317413175,0
2.36,-0.0656981241598934,0.00962156802415848,0.178699547998398,0.241887186064382,-0.00997527672976625,-0.00452399030975813,0.00745541849478327,0.129745950471666,0.104299353999316,0.201431600955767,35.1010796059016,39.1117317413175,0
2.37,-0.0595701830484387,0.00952982995659113,-0.0501971736546192,0.929114420475532,-0.40969930051723,0.00256561267627106,-0.00601934720411481,-0.34101046015843,0.73366510186564,0.459000966660922,35.1606402237362,39.1117317413175,0
2.38,0.132417885343617,0.00945489294826984,0.014425106702436,-1.47958446105633,0.867725415909353,-0.038813249947905,0.0221801409945247,1.62785035100408,-0.747003661866427,0.716981447420002,35.2337402700076,39.1117317413175,0
2.39,-0.0724724853383851,0.00940564181655645,0.22683407163696,2.56525187110805,-0.904839326062139,0.0434804515143323,-0.00950444500248857,-2.56801941343804,0.742363031034563,0.975397387511736,35.2674967025388,39.1117317413175,0
2.4,0.0520174341529396,0.00933889579027891,0.0640226349544382,2.37908496903725,1.19058522952447,0.0217328015383916,-0.0361984813620379,-1.53193327910772,1.96865361386965,1.23418617961053,35.3153013530238,39.1117317413175,0
2.41,0.00330232620190816,0.00931682996451855,0.042653885495285,0.204908429439929,-1.2818358210945,0.00413920384309688,0.0333288801651826,-0.677389741369153,-1.63188594501191,1.49315653687915,35.3427106246784,39.1117317413175,0
2.42,0.0149618012855652,0.00927741080522537,-0.0673563797225444,-1.8545111049378,0.306564655857044,-0.044692408850675,-0.00993008421653113,1.77256938835626,0.41161339126276,1.7523761566564,35.3740043699827,39.1117317413175,0
2.43,0.119103797154565,0.00926872715353966,-0.113569549692055,-1.31093015886875,0.559402098458991,-0.0175659384666538,-0.0352641545577877,0.453218933941327,1.56404485033013,2.01175168118638,35.3946667450053,39.1117317413175,0
2.44,-0.0931502914479571,0.00924626085907221,-0.0882955791227138,-0.832304702499116,1.86731678748872,0.00522415770240585,-0.0440267384035537,-0.620737407236607,1.90113813943174,2.27125260946798,35.4058838418502,39.1117317413175,0
2.45,0.0458539587053613,0.00919337850064039,-0.0317395245825321,0.47466551557506,2.36176196502633,0.0322790416249188,-0.0332142683105707,-1.88340907504898,1.28079322251434,2.53099488592736,35.4558863275819,39.1117317413175,0
2.46,-0.0282506373806171,0.00911743193864822,0.106944221012772,0.838046619487564,-0.94025386050111,-0.0167348574476093,0.0128745821301556,0.678721156779648,-1.07786115999307,2.79113122676904,35.5100081112359,39.1117317413175,0
2.47,0.0813128042905636,0.00907756388187408,0.0162333032742575,-1.07784566489451,-0.241344592513252,0.0159468701262269,-0.0416569651818263,-0.840703374538438,1.62485230846345,3.05158790439377,35.5577456883478,39.1117317413175,0
2.48,0.01185030569342,0.00901667028665543,-0.0614626917050167,-0.624534849907811,0.551473679632379,0.0192431810798137,-0.0182723772608687,-0.886432255640082,0.462903690673666,-2.97077508956515,35.6068508294253,39.1117317413175,0
2.49,0.0942088912540246,0.00899751111865044,-0.00427592605559342,-0.324655820003365,-0.404808534141266,0.0101973897669588,-0.0094391819696142,-0.320330450056943,0.0570498566772807,-2.70971699828502,35.6160214220007,39.1117317413175,0
2.5,-0.00461887528171027,0.00895885843783617,-0.151435137521177,-0.218445701897208,2.84047854685716,0.0538156574333996,0.0262527368987963,-2.40414743245948,-1.66507129557909,-2.4484633905931,35.6629524219442,39.1117317413175,0
2.51,2.53854489429015,2.68683242797852,0.0293612989357759,4.18585417727716,-0.430388145234005,2.22759405701028,-1.34552946460422,3.65435800405805,-2.12608049501766,-2.11358536508654,58.3573443657128,2085.47265264225,0
2.52,2.50500162394949,2.65612363815308,0.10625218460285,3.36407896555626,-0.800914620719469,2.59453166126625,-0.076063252137008,3.05784444621119,1.00415368860637,-1.59180303093639,83.665249114888,2085.47265264225,0
2.53,2.58879177193765,2.62849020957947,0.125001637319954,4.8467437888592,-0.289572422105145,1.9794227477913,1.57320322266734,3.43390023237963,3.72835201094274,-0.89319490455811,106.572166528865,2085.47265264225,0
2.54,2.47118051789707,2.60246849060059,0.0235873530113747,5.4522643908814,0.194947534034658,0.0739161697935018,2.50057816764655,0.472007833984255,5.03721673274884,-0.0318794621835849,128.464101698935,2085.47265264225,0
2.55,2.41321740343352,2.57436394691467,0.0178719736487742,6.67787772761128,1.06516275225122,-2.06809611061583,1.31277193166402,-4.55448771370658,4.47442092614416,0.994960586227404,152.145326291926,2085.47265264225,0
2.56,2.56626512065954,2.54726576805115,-0.0360934870922558,4.36958963639749,-1.71509486905804,-2.01683501968491,-1.40911075432629,-2.59711224010038,-3.87267592751281,2.19404434018015,174.442900882455,2085.47265264225,0
2.57,2.43535837919113,2.52129030227661,-0.0444458387553063,4.65140819069786,-0.212483520460287,0.975052676117677,-2.22614552295349,1.50228763731574,-4.32047295967544,-2.73136047467165,196.492758697614,2085.47265264225,0
2.58,2.47428532743894,2.49431800842285,0.0580203946023513,6.80861527816821,-1.48879017738307,2.22009018738613,0.803860102954286,5.57510681742033,4.15251839961233,-1.20710664389304,218.674424563109,2085.47265264225,0
2.59,2.3006705557342,2.4683792591095,-0.0203531944387968,6.69421078134135,-0.759418392261302,-1.06276347413613,2.06955394212351,-3.19191851585891,6.35235343945513,0.474104231135229,240.634039559258,2085.47265264225,0
2.6,2.42766273581153,2.44311332702637,0.0303013357553185,5.71950596264377,0.0589527771247694,-1.70982130787774,-1.59224746661206,-4.33118063365528,-3.19862679824594,2.31591059904877,261.542362402608,2085.47265264225,0
2.61,2.35851847200994,2.41706299781799,0.0251788727545279,4.91925000939724,-1.5547280975336,2.1213719517381,-0.926502583242276,5.31113830004678,-0.620960650449955,-1.96943545333951,283.209408194894,2085.47265264225,0
2.62,2.23886403786155,2.39200949668884,-0.0489793973680542,6.5750151207805,0.0283965756503607,-0.425046116559919,2.22832345549575,-0.380635477660513,6.22907080099305,0.182111865584086,304.312616287811,2085.47265264225,0
2.63,2.20397966012502,2.36776661872864,0.03656147110297,6.76923611019248,0.485780214335468,-1.35335756848122,-1.78012097402452,-4.49959275444643,-4.86616056501923,2.48651500121041,324.682676828788,2085.47265264225,0
2.64,2.24882960505931,2.34340643882751,0.0412176080085671,6.32416857062511,0.990010591032613,2.14894507287803,0.521016649371374,6.67888164504436,0.570063117745782,-1.34122396986737,344.904913123472,2085.47265264225,0
2.65,2.19170290361966,2.31913614273071,0.217275499238005,5.66868082255934,-3.92990718382268,-2.0887112362147,0.745145722812977,-6.08194269343212,-2.09136870855977,1.26311728895653,365.109908351784,2085.47265264225,0
2.66,2.10192522566002,2.29522109031677,0.177127166429176,6.22138632884497,-2.31485897562113,1.6348080483153,-1.43598534250715,6.16823575043253,-2.00570323753523,-2.26878904853936,385.080394271906,2085.47265264225,0
2.67,2.08694914165161,2.27163982391357,-0.181249797827086,8.12920298300203,0.480991294351657,-1.25030585565314,1.7081117299515,-4.16886974454164,6.56900031624728,0.627785649835569,404.771546080622,2085.47265264225,0
2.68,2.11285202246407,2.24845170974731,-0.0571037134844476,7.40093921322017,-4.42691328438417,0.975228091345846,-1.85212868112071,7.6481357687519,-4.66776824222454,-2.61564206008559,424.206992673928,2085.47265264225,0
2.69,2.19552871385654,2.22548007965088,-0.0212240730414388,5.74754690101755,-1.55287048530033,-1.09973255913777,1.80333049620137,-4.62738595603474,3.82163787592442,0.565735190487111,443.504428100177,2085.47265264225,0
2.7,2.02870643126471,2.20255208015442,0.0323317575395237,9.43117034514981,-0.371351921235518,1.37716353912213,-1.49155489964667,5.85725306130689,-6.36436740635554,-2.39582406279976,462.698504358644,2085.47265264225,0
2.71,1.97169233829897,2.17987442016602,0.0121089953238177,7.93732028511669,-1.48557524008887,-1.75586952954767,1.01343334580854,-7.51447845826384,2.26401042465915,1.06418007865538,481.488954243606,2085.47265264225,0
2.72,2.03631459897291,2.15785074234009,0.0450126768472879,8.20163522897968,-1.08019400241766,1.98145673478341,-0.113203784407793,8.70303519078515,0.0427959577443349,-1.62238059198234,499.823605273659,2085.47265264225,0
2.73,1.88986779997786,2.13616800308228,-0.0160222514899482,9.60774744118829,-0.255373510561504,-1.66873351766837,-0.983769438860405,-8.33286294647312,-5.51991491882579,2.10895402912212,518.080809197878,2085.47265264225,0
2.74,1.9807283442645,2.11422824859619,-0.0125608417525754,6.84376609328876,-0.840583748616351,0.619074652173438,1.88005951654219,1.26188068598832,6.71398659862866,-0.309171695687349,536.432951654581,2085.47265264225,0
2.75,1.94407191479129,2.09291625022888,0.0737830859053057,6.68265098835192,-1.80708524515416,1.00636855788926,-1.69459354261773,4.01636072542441,-4.74406003081526,-2.59527154860554,554.115341226198,2085.47265264225,0
2.76,2.0011729970944,2.07187247276306,0.0824377318062198,8.36429912752539,-0.507894256108838,-1.90088493856127,0.0888965202285396,-8.50478437352978,-0.378355692322535,1.53195354509605,571.939797513968,2085.47265264225,0
2.77,1.92704127103967,2.05084586143494,0.165381742029929,6.82965735399461,-0.400511929742681,0.908810403557874,1.67625804635079,3.33227224741394,6.42934572484882,-0.494911110357575,589.277824906013,2085.47265264225,0
2.78,1.93112939828786,2.03036689758301,-0.00941906517893448,9.82951993130382,-0.143430893529207,1.25267285999464,-1.3455381185094,6.30425374261273,-7.2972012022744,-2.39501935371429,606.629980089329,2085.47265264225,0
2.79,1.90333469153289,2.00992321968079,-0.12761408073923,8.57472057364408,1.83623352073101,-1.55796003967646,-0.972421159347454,-8.2018147304703,-3.28533871177933,2.11399173924805,623.528154707474,2085.47265264225,0
2.8,1.82509050056069,1.98961424827576,0.0740425981808855,7.88253562555065,0.889829153892849,-0.817940236212863,1.63213465476762,-3.60053417274057,7.41335330309586,0.464029506694588,640.553792574512,2085.47265264225,0
2.81,1.72598576202788,1.96995556354523,-0.107538500509616,9.48301467149656,-0.645630459378021,1.56109289772565,0.871021361976808,8.09359909860885,4.28937135423972,-1.06320996339749,657.099443332272,2085.47265264225,0
2.82,1.78005335255234,1.95012938976288,0.0836932003305607,9.40021973139166,-3.63081476035944,0.368605642823602,-1.73158615381378,5.25238077252489,-8.05299216598572,-2.89570522299175,673.500819251084,2085.47265264225,0
2.83,1.77989177702651,1.93054711818695,0.0229338707982197,9.2032080368478,-2.54076835451331,-1.52665452241588,-0.849362949541613,-6.97608159887051,-6.37871412709383,2.10166238078848,689.881273511667,2085.47265264225,0
2.84,1.71824217420741,1.91142284870148,0.146471377723221,8.87558558468863,-1.45270331686646,-1.38447528837359,1.06282130890605,-7.63493081788199,3.74168627452441,0.934142071905311,705.982182108845,2085.47265264225,0
2.85,1.7214398694979,1.89265596866608,0.177421332546224,9.8742491869878,-3.41162034858214,0.260793535436208,1.66168340944535,-1.9911414850103,10.9508480598977,-0.116528163209929,721.754736570597,2085.47265264225,0
2.86,1.61904188979478,1.87398493289948,0.169935912733945,11.4377823767661,-3.20025877002322,1.45167503516913,0.762552924186272,8.85838178264617,8.30767896415323,-1.05185630870971,737.312099110982,2085.47265264225,0
2.87,1.68232759716803,1.85549092292786,-0.0369718834756163,9.45623754274864,-2.98317330917487,1.57621081232041,-0.549405451360318,9.78064084816888,-0.250725700380812,-1.87326312265738,752.719162326487,2085.47265264225,0
2.88,1.60972689031593,1.83720433712006,-0.00470990499152241,10.5795493873239,-1.4055064172881,0.850426943036995,-1.38881738867466,6.201079594995,-8.49740959849799,-2.58207839785033,767.994945813171,2085.47265264225,0
2.89,1.66856068641524,1.81913781166077,-0.0790791714712658,10.2684104849995,-3.03285100650287,-0.128906888994054,-1.60486774867717,2.91958169037091,-10.7010247777017,3.10363624640093,783.11348249327,2085.47265264225,0
2.9,1.52968446196991,1.80126416683197,0.0509887799697953,11.3909387845502,-1.49711941154737,-0.802870700745895,-1.3450447605236,-5.10435771459845,-10.6860464751404,2.61642173920056,798.075439611703,2085.47265264225,0
2.91,1.64711462671722,1.78366553783417,0.00604373700066837,11.7026406959816,-0.800936985120884,-1.24210218014761,-0.950220076042279,-8.04824109725429,-7.65005785774635,2.23797780284336,812.834358103492,2085.47265264225,0
2.92,1.52834037271126,1.76625871658325,0.0284149583906668,10.8219327935986,-2.84152788717122,-1.45000148141517,-0.541290651834523,-9.04534729108248,-6.99869910312199,1.96707431776222,827.457489421663,2085.47265264225,0
2.93,1.61419977910099,1.74901497364044,0.0582916228411297,10.6895694968791,-1.12032891407028,-1.49321206440004,-0.327521491711823,-10.5291243736218,-3.6572618900926,1.80224307861262,841.906188076035,2085.47265264225,0
2.94,1.37115422202053,1.7319118976593,0.147099849084033,10.2243707536467,-0.347162447982635,-1.51945038771234,-0.247767229957911,-9.42409388285351,-2.35644578035696,1.74235914047422,856.126781744562,2085.47265264225,0
2.95,1.48639263167014,1.71510314941406,0.164863848403596,10.0431577036671,-3.37049878136729,-1.49872727624056,-0.261350485156988,-8.91743973468947,-5.20500805965456,1.78608142037115,870.103440128326,2085.47265264225,0
2.96,1.42199741795579,1.69856107234955,-0.0202857612651669,10.1176238989919,-1.63548428282532,-1.40845093846549,-0.504553986419595,-9.1076354559958,-4.76088557693598,1.93230057473622,884.004923078727,2085.47265264225,0
2.97,1.51924958366608,1.68217039108276,0.120345513998501,11.2761259252312,-3.13867056912879,-1.22499673468148,-0.782351171156065,-7.80511776766895,-9.02228291807619,2.18004580875108,897.82274584816,2085.47265264225,0
2.98,1.43769490938153,1.66584706306458,-0.0137431569799667,10.3859770486324,-1.57927460861038,-0.868077499406499,-1.18233391075722,-4.66007756064954,-8.9968693874227,2.52774735418812,911.361165087582,2085.47265264225,0
2.99,1.33438420250606,1.64998400211334,-0.00483861320554214,10.130190790521,-2.25193204509227,-0.301596872500916,-1.41679949016425,1.23122642187378,-10.5634927219144,2.97400273967827,924.63661436248,2085.47265264225,0
3,1.34764060352119,1.63413107395172,0.0727769794548593,12.5245245323547,-2.60563945600108,0.474096418078493,-1.31429600316993,6.32425987156106,-10.3548360419234,-2.76514206565217,938.018215917949,2085.47265264225,0
3.01,1.41511910128717,1.61844527721405,0.0675342916239347,10.1289529689882,-1.4365039043573,1.18254041596774,-0.777273389100788,9.72799202294658,-3.79741876949548,-2.12465522480617,951.009794274301,2085.47265264225,0
3.02,1.31987769224859,1.60309720039368,-0.0561370243590677,13.0265186875621,0.0291426664518677,1.29535709580598,-0.329239320951499,13.0633370909516,-3.02806745662291,-1.81568818020596,963.997530356364,2085.47265264225,0
3.03,1.36893483350044,1.58770537376404,0.134304404401575,11.8930679751046,-2.88839844656408,1.16038819878322,0.693522614860995,8.25794017820838,9.16762431689386,-0.98560152038663,976.732506372297,2085.47265264225,0
3.04,1.30876283471029,1.57279443740845,0.0926131450018799,11.904999676757,-1.47620898387449,0.108781086100818,1.34063202981452,-0.471204999834133,11.5346567875171,-0.062665730218698,989.370405369233,2085.47265264225,0
3.05,1.3684044018843,1.55774176120758,0.0564378877575674,11.6720013960499,-4.03780402849733,-1.0416237777849,0.836028781358092,-11.4124249914163,3.45632334321656,0.952392350721352,1001.82722230521,2085.47265264225,0
3.06,1.19684639509489,1.5430703163147,0.00905499742890951,14.2776851605613,0.687011542324247,-1.12288760847548,-0.594774019913098,-12.1108392408535,-6.41894348338876,2.05845011448984,1014.22610127945,2085.47265264225,0
3.07,1.26760922463626,1.52860879898071,0.0453840408047727,12.9000418814329,-3.87834019097602,0.070930161708209,-1.26862011487306,4.96971588618527,-12.6134579097573,-3.02909311923979,1026.27223754502,2085.47265264225,0
3.08,1.26982922856703,1.51411771774292,-0.0375592608797266,10.4595965006643,-1.14409334009225,1.27114989045986,-0.252546169228191,11.0867111202875,-0.543477274861877,-1.74467311505667,1038.35717233144,2085.47265264225,0
3.09,1.39253653273586,1.50003218650818,-0.0615424447893532,11.4752138801384,-0.217140590057297,0.477800082776527,1.18251714341829,3.49176651778448,10.799112235584,-0.372739484764634,1050.28030669561,2085.47265264225,0
3.1,1.20321114684689,1.48597383499146,0.0989381236214725,12.4584167290082,-2.63049071535404,-1.0708127299725,0.633644299972259,-12.244552303495,3.05674035549038,1.0859683363758,1061.99070406056,2085.47265264225,0
3.11,1.25226071010764,1.47205901145935,0.0590347831749578,10.9679605589905,-1.76797179572939,-0.644780495925344,-1.07567988760184,-3.87703938084868,-10.4607409977954,2.63039596615776,1073.58445787558,2085.47265264225,0
3.12,1.3216766321989,1.45834386348724,0.273584995770135,11.2431007410632,-2.16145763833347,1.09148673430314,-0.583086035341138,11.0542741604898,-2.85083397018679,-2.02386600767081,1085.11063041517,2085.47265264225,0
3.13,1.37483885918307,1.44486904144287,0.110924437353402,10.7396139787459,-1.25233866036018,0.412016004829596,1.15319936243764,1.59200850126731,11.1970366419962,-0.311307218674089,1096.47119011923,2085.47265264225,0
3.14,1.14263433273807,1.43150806427002,0.189874626368122,12.7253132417854,-2.26046867141368,-1.18022748637679,0.145293160765784,-12.3945502639903,-1.0128778046691,1.48389983869091,1107.66453604122,2085.47265264225,0
3.15,1.10867911932428,1.41825211048126,-0.0258316835969981,13.2401409602539,-2.03527310489656,0.198186506496135,-1.14301142463851,5.46821540941855,-12.1830051420418,-2.92228791150008,1118.70150924264,2085.47265264225,0
3.16,1.07175109887319,1.40520405769348,0.0849774394862017,11.7092118597645,-1.87543517931977,0.9866557051727,0.650546289626669,8.54648324765761,7.49349377610076,-0.964732220233142,1129.60470831084,2085.47265264225,0
3.17,1.1392918035083,1.39225149154663,-0.197728372161032,13.3918927687567,-1.68779000881223,-0.649129446277185,0.916778568670606,-9.44746637339318,9.88629908732096,0.645767199252156,1140.43825557173,2085.47265264225,0
3.18,1.14628837808881,1.37948560714722,-0.0180470965285649,11.0157774167398,-0.849239186023369,-0.448135070074388,-1.06901258098185,-3.26631747421712,-10.688512512902,2.76186142525869,1151.12861186237,2085.47265264225,0
3.19,1.1942915811511,1.36689329147339,-0.0637125365269955,13.641750071123,-1.5936348504435,1.07765686706895,0.227908675589425,12.5727090410793,5.04508834320893,-1.32735053632694,1161.67880834498,2085.47265264225,0
3.2,1.09777133048321,1.3544864654541,-0.173363509605826,12.2079456647281,-0.854103865327853,-0.884008522573046,0.663558593297091,-10.6801033043309,6.70319707924529,0.943339684583562,1172.08424112295,2085.47265264225,0
3.21,1.10204156592819,1.34221971035004,0.129746428303531,12.7953155655979,-1.80263297871387,0.126627378086751,-1.07323122517883,3.53406236902134,-12.8403431705763,-2.99335140020906,1182.36246347427,2085.47265264225,0
3.22,1.10595298514472,1.33007454872131,0.11815777654208,12.6419552492724,-3.24247074708178,0.639644794035193,0.882726764718498,4.12982528222458,11.8525508181118,-0.571819762015334,1192.5535427817,2085.47265264225,0
3.23,1.05007855134195,1.31809949874878,0.0849720070738206,13.4252061182635,-3.50370267336516,-1.01543950012505,-0.299259177378144,-11.2067978704716,-7.80404711642723,1.92389148230845,1202.59639173292,2085.47265264225,0
3.24,1.03179774195186,1.30624961853027,-0.0388323160950136,16.2181241585415,-1.09627083597675,0.957314561009211,-0.238866056417984,15.9872760984056,-2.37084714419781,-1.79025028363402,1212.5591991467,2085.47265264225,0
3.25,1.00703113158351,1.29456949234009,-0.0332853174301683,13.961770031874,-2.34132639913626,-0.740556136294515,0.699431976331414,-11.7263782093789,7.79903212645421,0.851153882896595,1222.39015346446,2085.47265264225,0
3.26,0.94221150585676,1.28297412395477,-0.0917353673228828,14.6660071869438,-1.76003371578085,0.377640112179933,-0.92482247150312,7.45956154624567,-12.3919523529104,-2.71902969053779,1232.12920201059,2085.47265264225,0
3.27,1.06527234784096,1.27146780490875,-0.0166340004969392,13.1880345755345,-0.600057162273406,-0.0597411301808417,0.997078436288172,-1.10586243814994,13.71980876932,0.0648243467541459,1241.71977316878,2085.47265264225,0
3.28,0.889420813356972,1.26014995574951,0.0169024248141125,12.6344742976275,-2.87922330659832,-0.280231443172314,-0.958608569387674,-0.00180205345240925,-13.6366330389391,2.91860075342772,1251.15692613585,2085.47265264225,0
3.29,0.907004543814996,1.24896669387817,0.0115580152768133,13.5759142130064,-2.81321870397396,0.475189199958175,0.859123371296631,3.0575159820082,13.5921053391431,-0.441737995285567,1260.53852379356,2085.47265264225,0
3.3,0.995398452862038,1.23794734477997,0.130822062370989,15.3167210652748,-0.799691868665145,-0.530963945568073,-0.771698907568399,-8.08646186255173,-12.8826497775491,2.54956321316753,1269.84762137187,2085.47265264225,0
3.31,0.792653040425224,1.22701287269592,0.00136718025755575,16.5131139354453,-0.410059284315122,0.818931264376994,0.410968358109827,13.9104864849095,7.23511278502288,-1.10157789201786,1279.00510293344,2085.47265264225,0
3.32,0.942137214757546,1.21621835231781,0.104746611754244,13.9143220948189,-3.1016474526603,-0.876076954034522,-0.347633643301601,-11.025524989174,-9.24833359954393,2.02379373833364,1287.98979055204,2085.47265264225,0
3.33,0.89482233253667,1.20563113689423,0.0470796903506535,15.1252494944327,-1.6695345371953,0.805123971394163,0.409854922204093,12.731058618356,8.55542474267303,-1.06821827332648,1296.91670556541,2085.47265264225,0
3.34,0.953862329068893,1.1950843334198,-0.0966778725054853,15.0087365326106,-1.96064125098205,-0.767432524196662,-0.493828354372525,-10.4892888520824,-9.9622325428996,2.1880202082964,1305.79033591484,2085.47265264225,0
3.35,0.908177980857284,1.18465948104858,0.232734849926019,12.8844370035815,-3.13050100737806,0.695612068460123,0.613944445015188,6.7930152980399,11.7056282989931,-0.774588263656282,1314.46871189182,2085.47265264225,0
3.36,0.790841775112791,1.17439222335815,0.124823417508513,15.7764240029447,-2.83198672103318,-0.48690666258026,-0.710168132433271,-5.52677108710646,-15.2221199259502,2.60965323238391,1323.14269518587,2085.47265264225,0
3.37,0.834078269500716,1.16418349742889,0.0353682515670588,13.5252336660592,-3.10953008375585,0.259521643997268,0.859478910739941,0.147148311338684,13.8955639531945,-0.226221160478499,1331.68144363273,2085.47265264225,0
3.38,0.869860719965313,1.15412855148315,0.0660732122659773,15.1103714603339,-3.16474299050182,0.0697847474969586,-0.856127669462526,4.61231675173071,-14.4873000842007,-2.99999893688393,1340.08677777128,2085.47265264225,0
3.39,0.721466381720954,1.14423561096191,0.0369551205345047,15.9530030141921,-1.63923009002221,-0.409699761912366,0.719664882720407,-10.4959871171401,12.3039172996765,0.570760126010353,1348.43261262074,2085.47265264225,0
3.4,0.766521593091852,1.13439643383026,0.0557695275149112,15.3266167745079,-3.47305501401637,0.694798636423452,-0.462554422442047,14.8677515437737,-4.7041073427665,-2.08099359607706,1356.63931601388,2085.47265264225,0
3.41,0.792927898091261,1.12475824356079,-0.0214745335919955,16.8142554068774,-0.0521572624256439,-0.800099478713958,-0.0236315646012015,-16.3537318261796,-1.03363560375841,1.61035907762892,1364.76931783955,2085.47265264225,0
3.42,0.860074744377064,1.1151876449585,0.0721421858135498,13.2754044533811,-1.71316367313595,0.708124658215105,0.489749206532501,9.20874882726487,9.23542154289359,-0.922369217421034,1372.7614387634,2085.47265264225,0
3.43,0.906350874407832,1.10570156574249,0.0228471392044081,15.5519615467019,-2.87587081986548,-0.55315083283392,-0.585817136654916,-7.30056844701578,-13.7566990556602,2.45985103201891,1380.75373171706,2085.47265264225,0
3.44,0.740968824395283,1.09641635417938,0.187940257342952,17.4069569602425,-2.35643624232434,0.00845170331395993,0.761125712372029,-2.75578301420926,16.8865372384526,0.0435204218459056,1388.53501854101,2085.47265264225,0
3.45,0.756211502917178,1.08714544773102,0.182785136905243,15.3686426231152,-3.03020014346116,0.535799683930365,-0.575752769993987,13.2731401611237,-8.20689438163698,-2.31581543730353,1396.30393410886,2085.47265264225,0
3.46,0.739980064839558,1.0780303478241,0.1007084412501,14.3285397753603,-1.12859478607594,-0.791314185604946,-0.0385745090014259,-14.2747455255964,-3.13226867506974,1.6646000466784,1404.00916449322,2085.47265264225,0
3.47,0.674428399263691,1.06893658638,0.0447196975228055,14.9368170620283,-2.33065128271924,0.463472151411138,0.618391306430425,6.35480309547868,13.8439163668118,-0.582127747859963,1411.58004675206,2085.47265264225,0
3.48,0.862926118173857,1.06003081798553,0.109477055657074,15.7258791683158,-1.93786935811709,0.235030307585484,-0.715562566971916,7.37240950888934,-13.8471670964141,-2.77349987830007,1419.08443412354,2085.47265264225,0
3.49,0.773376673234853,1.05124640464783,-0.0738491898395316,16.3685795142831,-1.30765110339107,-0.710212052249347,0.16877395438292,-16.1997103255594,1.96183229512627,1.37277474636941,1426.46169424367,2085.47265264225,0
3.5,0.642180278415265,1.04250335693359,-0.139351930251931,16.0023448218621,-0.670809021147125,0.483036297069051,0.539405257651978,9.99242431175042,12.6609106287577,-0.710208235422349,1433.7606894451,2085.47265264225,0
3.51,0.772439692632182,1.03393518924713,-0.0587761396550839,15.7637367867807,-1.58172960211624,0.261495285450204,-0.68429763130215,7.19423209475969,-13.5474927556203,-2.73995301858488,1440.98872349792,2085.47265264225,0
3.52,0.703053019503633,1.02549374103546,0.173035012561274,16.794853833888,0.506340116656144,-0.696412869207291,0.000479169959595907,-16.6443730405778,0.22917034672302,1.56585147963897,1448.09897673173,2085.47265264225,0
3.53,0.700358900734186,1.01710534095764,0.0395479308251089,16.0615497364149,-1.74353747810562,0.276314496750446,0.64800501176756,4.2043884827661,15.3621700980008,-0.359662932962843,1455.10361389893,2085.47265264225,0
3.54,0.773144639754204,1.00882506370544,0.0975411796375304,14.3661982473171,-1.3924244898318,0.557890571276212,-0.468073041317918,11.9836991446802,-7.80298632571799,-2.23406069208434,1462.05556508832,2085.47265264225,0
3.55,0.811676373962732,1.00063967704773,0.00489052697388536,14.3318093359488,-0.947971044112243,-0.696904093036414,-0.151891996880207,-14.0879688014042,-3.74725997440815,1.79876526695562,1468.97815549443,2085.47265264225,0
3.56,0.614732915464492,0.992580413818359,0.0614686333586448,15.2216526403381,-0.943594018267678,0.00264565855836884,0.692918388636864,-1.40115300402631,15.1679006507111,0.0253904638793347,1475.74054430084,2085.47265264225,0
3.57,0.580331235663619,0.98453813791275,0.163630457418724,14.8552064353927,-2.66501133274978,0.675302573956828,-0.128488685912799,15.2551155063288,0.0702603334070413,-1.69856892321703,1482.47906239008,2085.47265264225,0
3.58,0.57643880659764,0.976601123809814,0.0603155970960818,15.3537852562194,-2.07122308779429,-0.192708959701288,-0.642727091636507,-1.6741863276638,-15.5775943853581,2.909867932479,1489.12727983281,2085.47265264225,0
3.59,0.708293879672849,0.968779325485229,0.186954488899669,13.1765231953129,-4.52561997765405,-0.657865816348806,0.276264429762495,-13.7522013545245,-0.00136020211472987,1.28361561999123,1495.71196415936,2085.47265264225,0
3.6,0.667665978657119,0.961031854152679,0.0651132923904519,15.8860356804622,-1.6355079759903,0.21977105394087,0.621146586828386,3.04317209577182,15.1203969341662,-0.294696547083538,1502.22218807775,2085.47265264225,0
3.61,0.590543208046846,0.953469395637512,-0.0937687400441782,15.4480858093112,0.253353044987975,0.619593260522107,-0.152981618132755,15.3582656831176,-4.43231080720693,-1.82581834794717,1508.59396320706,2085.47265264225,0
3.62,0.584898327069314,0.945988297462463,-0.0292479547494623,16.3638534968311,-1.65208436541139,-0.126028409216584,-0.613127426213353,-1.6809580043817,-16.1838289045197,2.97260807510443,1514.90741043434,2085.47265264225,0
3.63,0.563674169800516,0.93856006860733,-0.167770996204476,17.5014446026137,-0.10068130869106,-0.603491270646265,0.0238029185337269,-16.9403005659761,0.540851446217536,1.53385578752279,1521.14490972302,2085.47265264225,0
3.64,0.587508721967807,0.931191682815552,-0.196238239786092,15.8249457763878,-2.46336677768281,-0.044366520418418,0.620486039853256,-4.32024355411546,15.2972815697065,0.140741409076214,1527.32377926514,2085.47265264225,0
3.65,0.651177540582997,0.923906266689301,0.0327310901918358,14.9909568865361,-2.18833990123962,0.600985561436267,0.181444539462156,13.355098592239,7.38350235065744,-1.20729703983303,1533.44663360715,2085.47265264225,0
3.66,0.714913386811613,0.916662752628326,0.0765612792476724,17.408677935824,-3.8072639648983,0.0383323132470874,-0.580870321910131,7.38207142987108,-16.0675278945045,-2.93730251295145,1539.50741615677,2085.47265264225,0
3.67,0.572437225850341,0.909520447254181,0.0591113781468093,15.834595226553,-0.680075710415136,-0.5307666652703,-0.268565143126554,-13.239738218449,-9.08036967830819,2.08683642349921,1545.52354277621,2085.47265264225,0
3.68,0.614712282394444,0.902460694313049,-0.0147686783808588,15.1051150122,-0.992733656768418,-0.451572272668058,0.414778749693773,-12.0998311775391,8.49165774228566,0.871573493114692,1551.45565466863,2085.47265264225,0
3.69,0.60058822155612,0.895484864711761,0.199417317026427,16.3997658185238,-2.85594946161271,0.209000407282938,0.532285212562802,2.91923229552237,16.362461416552,-0.300546768927665,1557.30930347985,2085.47265264225,0
3.7,0.582225264972749,0.888663053512573,0.0551476255769135,15.286744547669,-3.38729632996395,0.586572652887359,0.0120915302005217,14.9067016066177,5.60974984535927,-1.43017852939297,1563.04146152845,2085.47265264225,0
3.71,0.695072023722685,0.881920695304871,-0.0794378817751596,14.9123614551058,-1.7799208953199,0.308402040117037,-0.497305798146902,10.4306173593639,-11.1534401704967,-2.51796928163386,1568.74113630405,2085.47265264225,0
3.72,0.54631076512322,0.875174105167389,0.00134522134321896,17.338426565942,-2.55541044545772,-0.261266453749364,-0.453636736814907,-5.01736844961698,-17.4320700542133,2.71912585584845,1574.40065171999,2085.47265264225,0
3.73,0.51450423911049,0.868547439575195,0.0466871616839042,16.6503280400244,-0.166178797737397,-0.53244213206404,-0.0640375795200216,-16.6072345738155,-2.99809224232306,1.71430620343794,1579.97975330458,2085.47265264225,0
3.74,0.432786925024728,0.862024545669556,0.230281214488879,19.3291527894724,-1.36821600410462,-0.312559892077582,0.364837482082714,-13.9152859127969,13.4796518797099,0.749975724153862,1585.4787741687,2085.47265264225,0
3.75,0.606652699801538,0.855577051639557,0.0741101917896717,18.589583106732,-1.82302561202715,0.119460971158539,0.478962189344982,1.46714050299672,18.4321537971474,-0.174337932265195,1590.90518397832,2085.47265264225,0
3.76,0.51917334437812,0.849186599254608,-0.0766877547623861,16.6852484155267,0.423993040238784,0.516075602142313,0.0494214471008955,16.7519172354272,1.17352744978415,-1.48579101430672,1596.29608538186,2085.47265264225,0
3.77,0.553476509653924,0.842877388000488,-0.0318985517957881,16.9452675045316,1.22799994856752,0.389798785007865,-0.338344186856183,11.2354260129928,-12.2991754574455,-2.33126781491326,1601.6026212472,2085.47265264225,0
3.78,0.436416856061144,0.836591780185699,0.0364651329288713,15.7783092899895,0.14096659320997,0.00373368515989864,-0.526616627774823,-0.0349146497081901,-15.7558532260483,-3.13791550792035,1606.87832885922,2085.47265264225,0
3.79,0.51974272844832,0.8304203748703,-0.0640346618101996,16.2286128664013,-0.922432712175795,-0.370552504012425,-0.355836824684399,-10.4106530020628,-12.3450251313032,2.37691813741037,1612.05140037163,2085.47265264225,0
3.8,0.481125218265341,0.824297070503235,0.000712908230750653,15.5965354538419,-1.40067355661012,-0.509146612321587,-0.0128467725558469,-15.9042193974131,-2.45666722862892,1.64642798428703,1617.20484360649,2085.47265264225,0
3.81,0.457934842639713,0.818240702152252,-0.0104864849899856,18.8112106382788,0.0299628360618225,-0.361121814344144,0.26802687613347,-15.5011555443448,10.4624520560085,0.953617672007318,1622.29406104567,2085.47265264225,0
3.82,0.560551991463617,0.812334299087524,0.222865005680209,17.6127362853749,-1.91332536675698,-0.0974850394289243,0.45103842987874,-7.13853303116996,16.5280731349421,0.297679890147903,1627.30094012447,2085.47265264225,0
3.83,0.60510730435639,0.806444764137268,0.13078505849828,16.1349624092526,-1.61650721838097,0.180587046169268,0.448890958811486,3.78698542717221,16.0719032335403,-0.321777516428763,1632.26365244662,2085.47265264225,0
3.84,0.578379973426708,0.800634384155273,0.148673231517488,16.2805629329055,-0.530541701675788,0.3974035632257,0.29434160175886,11.8288308992043,10.1759048855432,-0.905084853626206,1637.15068738172,2085.47265264225,0
3.85,0.583587396519787,0.794898867607117,0.0314706912371959,15.5438958463974,-3.68169583892992,0.496048353898335,-0.0168658550399151,14.9433060400699,5.52791508901271,-1.45287145724314,1641.95668145893,2085.47265264225,0
3.86,0.518267714126116,0.789269328117371,0.0542132655582993,17.2979398770315,-4.22746414914393,0.244099176668191,-0.378092718574513,14.834739599376,-10.2207323508737,-2.3924080837752,1646.71231074154,2085.47265264225,0
3.87,0.433927660649127,0.783686935901642,0.016884272295632,20.8846890598182,0.260938737919774,0.100840854467818,-0.362961512010436,5.56307253483259,-19.8659917572968,-2.87040215527998,1651.42537892716,2085.47265264225,0
3.88,0.501226181235638,0.778127372264862,-0.123893064295672,15.1679705412148,0.849663820252291,-0.064215316547487,-0.473817265604945,-3.50625181674795,-14.9195391536573,2.96911533455773,1656.10828670852,2085.47265264225,0
3.89,0.431768661125939,0.772626757621765,0.0320113021110085,17.5496061951026,-0.819640462577928,-0.242289238926913,-0.338817007697405,-9.29267722137778,-15.5605580577078,2.55961554120604,1660.7290750343,2085.47265264225,0
3.9,0.587383368558289,0.767245292663574,-0.018116749328329,18.2562051442354,-3.34897333173681,-0.366082549540712,-0.190496986713322,-13.3341900396286,-12.6779215646611,2.18359937393419,1665.26894608451,2085.47265264225,0
3.91,0.358769640389634,0.761916875839233,-0.0757135746344664,18.6725762523299,-0.922624344157938,-0.397838033130053,-0.0782637248109829,-17.0963864798863,-6.35797639695445,1.84078725081729,1669.77793649467,2085.47265264225,0
3.92,0.494173849245109,0.756608307361603,-0.0064772622286899,16.0127453145273,-3.56508638830006,-0.445730038574912,0.072779776291264,-15.8082135433361,-2.116852866559,1.5308275470777,1674.2542132211,2085.47265264225,0
3.93,0.348719082880596,0.751325130462646,0.0443600011669361,17.4977770403391,-2.26581643169066,-0.376864519821456,0.155084697189932,-17.1229759567309,4.08154803500962,1.25372823955708,1678.69025775508,2085.47265264225,0
3.94,0.444723883266993,0.746172189712524,-0.0227224287967108,19.0995027654558,0.121363284953403,-0.316766563184572,0.189361061600021,-16.0023771115879,10.5465216359047,1.00867454017639,1683.04502013306,2085.47265264225,0
3.95,0.325691224150512,0.741069197654724,-0.119298332351792,17.3155659333068,-0.499458192965847,-0.282195305534832,0.290417691818974,-12.5741760556665,11.6221257523993,0.795409221435628,1687.32445178956,2085.47265264225,0
3.96,0.381444675344335,0.736071646213531,-0.0162047314586339,15.9627213597594,-2.70864486875925,-0.0361133518898268,0.413397880345902,-5.04384141822347,15.8016227291809,0.186492105042697,1691.53810773689,2085.47265264225,0
3.97,0.515225339794757,0.731078028678894,0.106415132286657,17.7916051754837,-2.19257825403744,0.0140459180191808,0.379101089478784,-2.03866649292096,17.8828641998623,0.0352382029522386,1695.77564996662,2085.47265264225,0
3.98,0.362771685815754,0.726140320301056,-0.0531141492555738,17.1566560722063,-2.76030137770601,0.0730248747338651,0.388063884559339,-0.537103858599129,17.0821162780663,-0.0852532138228001,1699.92019761883,2085.47265264225,0
3.99,0.414038848714306,0.721280694007874,-0.0122277877875851,17.4793927101763,-2.0075524241729,0.103090835909822,0.374504961010465,1.23223464965655,17.0874425260839,-0.175566560367399,1704.00977428938,2085.47265264225,0
4,0.35493679711107,0.716485619544983,-0.0204982875180059,16.675724678137,-0.954583032904148,0.0984201618196184,0.373527285969435,3.50025448713738,16.4695275726578,-0.236046457759601,1708.08034119391,2085.47265264225,0
4.01,0.402790911253428,0.711712658405304,0.0685557916096579,15.2226075174852,-1.56268033760448,0.138381850748758,0.380982852343963,2.56566672812322,15.5802167936495,-0.266836984874383,1712.08601927048,2085.47265264225,0
4.02,0.401315723794787,0.707042396068573,0.019486747061443,20.107761839521,-0.249309605010923,0.0804544590870939,0.310281261017582,5.40229612702091,18.8924279400732,-0.268459433016067,1716.03662900037,2085.47265264225,0
4.03,0.37242916019059,0.702364504337311,0.0805652427891955,16.9009084837946,-1.04779528401412,0.125513033335211,0.354074739264339,2.17936866601065,16.7158416342054,-0.24115714700025,1719.983215536,2085.47265264225,0
4.04,0.436040933465749,0.697731494903564,0.0424398065885873,18.9251506531122,-2.53564791554826,0.10440569517036,0.313320392813066,1.28615732783497,18.9415746126114,-0.185057437510806,1723.87604870328,2085.47265264225,0
4.05,0.392679815773559,0.693138718605042,-0.127056314384779,16.8095679611411,-1.50838959644582,0.0598979525082051,0.355540983307477,0.486018082895295,17.0363293035809,-0.100478693402749,1727.76437947313,2085.47265264225,0
4.06,0.221061919057425,0.688672602176666,-0.0512282820614207,18.4264759631749,-2.10495862867052,0.167399088021951,0.286937346149788,5.65717289184972,17.4641973782281,-0.41463438727465,1731.52059153339,2085.47265264225,0
4.07,0.362405943426608,0.684255063533783,-0.0216462965977336,18.451216811944,0.557184148605346,0.0793830594886829,0.320271133391023,5.35924374401313,17.2515563556849,-0.274523292544938,1735.2684767191,2085.47265264225,0
4.08,0.381067211251034,0.67987596988678,0.138448216798474,16.9441038521462,-2.45477774431642,0.0882317776516607,0.329967063047564,-0.722491085610417,17.6349731131317,-0.107215417145572,1738.9543232721,2085.47265264225,0
4.09,0.260122967267997,0.675521850585938,-0.0551358755358995,17.8144777341331,-1.36441163829402,0.00260674969566422,0.320466344746318,-3.14499544062477,17.9604003608417,0.0871509895248629,1742.63894886116,2085.47265264225,0
4.1,0.309119134299385,0.671195387840271,0.0666749217525694,17.6808535832114,-2.45429934716034,-0.049194873917327,0.322369027488954,-7.82041463772862,16.188950912981,0.308319860046484,1746.27511259355,2085.47265264225,0
4.11,0.275284104312243,0.666980922222137,0.00376859041457046,19.5331906450306,-1.93988044253434,-0.119058874968161,0.263196882642112,-11.8703209362548,15.4360779083777,0.555891997194108,1749.84486911837,2085.47265264225,0
4.12,0.256624789204883,0.662821590900421,0.0360205150002424,16.3608964668954,-1.88144040216129,-0.22535570573759,0.259064593305704,-13.4239469720538,9.67255501881266,0.829333466426489,1753.34906223231,2085.47265264225,0
4.13,0.172339385793885,0.658660769462585,-0.0778435186991644,19.9121342069976,1.58142950823896,-0.265779206370311,0.0858462643251371,-16.8149604593149,9.90822790024008,1.12863847137204,1756.86851554721,2085.47265264225,0
4.14,0.344118423538443,0.654630899429321,-0.0839554406450981,19.6015281899319,-0.542110831105387,-0.27350630790789,0.0465953257088082,-19.1817294471119,1.55962450253629,1.4532436971358,1760.26721995062,2085.47265264225,0
4.15,0.298773883177997,0.650621652603149,-0.163125398218024,18.280491175441,0.584807101494371,-0.290492974250163,0.0545976543937203,-17.7507448835643,3.59256488403725,1.37597570549843,1763.66246281373,2085.47265264225,0
4.16,0.385617472475665,0.646651148796082,0.135889716087463,17.5348079071122,-0.892179662778661,-0.299157196937921,-0.0401987565423278,-17.213509162463,-3.80714317754586,1.75023727263432,1767.01734508906,2085.47265264225,0
4.17,0.267108065679064,0.642714440822601,-0.123313780317629,18.1805642824229,-0.177965586786306,-0.243704670516394,-0.145573152580716,-15.0076690924375,-10.5183361973075,2.14901923489586,1770.35813985549,2085.47265264225,0
4.18,0.301604296744674,0.63880181312561,0.0167242931812309,19.5789247418621,-2.93040647624738,-0.188456974281351,-0.183779131949388,-8.01288434565168,-18.0081422685511,2.57207019557359,1773.65495100735,2085.47265264225,0
4.19,0.173152273344155,0.634958982467651,-0.0968863452469262,18.6231421466984,1.04640559357755,-0.0121833471670797,-0.272592968685015,-3.28445363299635,-18.2502760026482,3.01918328190565,1776.90684465475,2085.47265264225,0
4.2,0.231596407016139,0.631177425384521,0.0461249841362798,18.750149447041,-4.36237289607022,0.0162510507457426,-0.279876029274075,10.0715963336719,-16.0244202871481,-2.7932090928366,1780.11521082459,2085.47265264225,0
4.21,0.262926321310723,0.627376616001129,0.0868035064254357,18.976522609311,-1.90336456815527,0.163062840359961,-0.204615234671279,15.5482668862481,-10.8850456991417,-2.29895196228915,1783.31700213773,2085.47265264225,0
4.22,0.283738916595272,0.623681783676147,0.0658529853570294,18.427828632749,-0.00289019455488132,0.260367595454836,-0.0476078479031427,17.8555282219529,-4.17107889392268,-1.78150618456235,1786.45048954011,2085.47265264225,0
4.23,0.275049336917724,0.619994401931763,0.122716701589739,18.8733278290196,-2.6853699399328,0.248743389407637,0.0311004077359807,17.2561514368819,8.59364149918539,-1.2411601680683,1789.55571431072,2085.47265264225,0
4.24,0.19724850820791,0.616359889507294,0.0492922402500931,19.5687028550049,-0.689981656316947,0.222033269079519,0.104854949196075,16.7547810902774,8.8111304291706,-1.10487339632219,1792.64538249808,2085.47265264225,0
4.25,0.184175666331218,0.61279159784317,-0.0376134711540296,19.9601263626556,0.10353827156872,0.123671387181704,0.196817351674231,9.23381741389236,17.0825362292014,-0.519447961460201,1795.65188257004,2085.47265264225,0
4.26,0.257278390043829,0.609243929386139,-0.0383138632264668,17.672119907486,-0.743237530349916,-0.00925468419668346,0.262294796614221,-2.25659490613401,17.615839837846,0.0879790461004771,1798.65449053628,2085.47265264225,0
4.27,0.218716929054516,0.605762302875519,-0.0439835047573149,19.9937744822344,2.38642406203368,-0.171099732356864,0.141594592775414,-11.6512162962642,16.0057334490178,0.71724621083187,1801.60715449233,2085.47265264225,0
4.28,0.278205287279447,0.602288365364075,0.151105977356264,16.7084807207979,-1.75347286795415,-0.259932990208676,0.0925389811868657,-16.8833295757016,1.5339041241098,1.36810697698119,1804.55134757038,2085.47265264225,0
4.29,0.265629514211064,0.598849773406982,0.000347617006689767,18.7457279785055,-0.269617925411575,-0.213241373169637,-0.0988852216610199,-16.3807746763911,-8.80943422189477,2.04043302663424,1807.45585962011,2085.47265264225,0
4.3,0.270840731763115,0.595498561859131,-0.125810445261161,17.3937645368422,-0.853933117544617,-0.10874175139723,-0.219233616789498,-6.47910165172081,-16.7604867399751,2.73380184089045,1810.30039495669,2085.47265264225,0
4.31,0.310142661516164,0.59207546710968,-0.0427575165926893,17.4851976938336,-0.940600858572602,0.0498330407665386,-0.251034278532341,6.55170707286091,-16.059379080873,-2.83496458991543,1813.18230868019,2085.47265264225,0
4.32,0.158293244144005,0.588768124580383,0.233913775234606,18.8321628238169,-1.45683891638259,0.170408430672152,-0.134153442982963,17.2624844234984,-8.32202738882636,-2.099723029493,1815.98356087817,2085.47265264225,0
4.33,0.248470051667318,0.585526883602142,0.0208524781727398,20.5460732501097,-0.753745562352986,0.181237984614501,-0.0511612810178926,20.0421520266114,-3.28384196310221,-1.77093956327451,1818.75027455494,2085.47265264225,0
4.34,0.146986036103815,0.58227276802063,-0.0523532368408708,17.6271332716053,-2.28764987470371,0.224702227054178,0.0992956129752072,13.5380865537872,11.0973435875148,-0.995112752848814,1821.48864977477,2085.47265264225,0
4.35,0.300641756423055,0.579070448875427,0.0350222935446795,17.9957829235217,-0.578893436436203,0.0531401555849016,0.224662484543592,3.1322916078324,17.5579250159866,-0.199363161489286,1824.20777202907,2085.47265264225,0
4.36,0.238352498135754,0.575867533683777,-0.114219039311457,18.2663773912059,-0.73661370122089,-0.12289649054096,0.17266260116587,-10.7873911174283,15.1686713820469,0.616318241505221,1826.92312939596,2085.47265264225,0
4.37,0.221030826727987,0.572739481925964,-0.0406205200517523,17.4581517090418,-0.633273604334216,-0.222958697887065,0.0483456066208823,-17.7004950928777,1.05284112444268,1.45167185948395,1829.57010951347,2085.47265264225,0
4.38,0.101579301339104,0.569653272628784,0.124691852724614,18.7959429490106,-0.1993349609879,-0.147310753002272,-0.12437715452775,-14.055401985654,-13.1883087987903,2.30631790682381,1832.17563688033,2085.47265264225,0
4.39,0.303465736229491,0.566578984260559,-0.0824826413631206,18.5767250849817,0.620104788163307,0.0217251331263333,-0.206852904520915,0.0726352048919882,-18.3880588607258,-3.10311667309388,1834.79082360626,2085.47265264225,0
4.4,0.114142966286484,0.563632369041443,-0.0604066835647101,21.2155160325112,-1.6702268232973,0.0955838204610003,-0.100040686608074,18.172223699035,-12.0783910907147,-2.21063311184278,1837.28425924227,2085.47265264225,0
4.41,0.265180542148481,0.560672283172607,0.113961494669549,18.3796341164211,-2.05610483024774,0.207177840310158,0.0106231177237898,17.0673426504727,7.08629070423132,-1.29980313619389,1839.798051679,2085.47265264225,0
4.42,0.221173966547427,0.557727992534637,-0.0811632452571059,18.7288416945966,0.746701002857587,0.120233760106496,0.141007663871263,14.228850778918,12.7574065129534,-0.797412971170947,1842.28759649143,2085.47265264225,0
4.43,0.213487104437234,0.554847240447998,-0.0893479625322428,20.7791049561081,0.0846269827502399,-0.0445907529250135,0.159454269745716,-2.03960446345307,19.8809924528247,0.149862810626884,1844.74161926193,2085.47265264225,0
4.44,0.309459779795766,0.552009701728821,-0.0600571281127772,18.4686953586737,-1.16131459828398,-0.159518750022788,0.10252775707448,-17.1949513434338,7.22926581269219,1.1149624819216,1847.15421474904,2085.47265264225,0
4.45,0.115543705168195,0.549127399921417,0.159384362563418,18.8777734468293,-0.824361246176966,-0.1662043567702,-0.0782726370884968,-15.8005851845938,-10.1220719817642,2.0978756301642,1849.59266481413,2085.47265264225,0
4.46,0.159752204184055,0.546282589435577,-0.178693745307732,19.1717559168435,-0.289166802461703,-0.00946619885320023,-0.175162775123262,-0.681775203333142,-18.9770452875663,3.0985817860463,1851.99446412769,2085.47265264225,0
4.47,0.285463668792586,0.543513774871826,-0.0305949698496378,17.6591205459707,-0.44507565046808,0.167115697577463,-0.119961730840545,14.5436538925207,-9.45127844801249,-2.16649187234545,1854.36216005195,2085.47265264225,0
4.48,0.146169474601513,0.540730535984039,0.0130847083534836,19.2460100944211,-0.758882465777626,0.155668123243424,0.0551949602061764,17.0936172894762,8.93141690296126,-1.13110569378036,1856.72119493334,2085.47265264225,0
4.49,0.237593224786547,0.537986993789673,-0.036361436965274,19.2952737190886,-1.23776995647853,0.0365686652991782,0.156542548336247,0.315956240014958,19.4416105647493,-0.0784354604694119,1859.03841646058,2085.47265264225,0
4.5,0.216321472272958,0.535310685634613,0.012122564228166,17.095375710535,-0.723784201065114,-0.148998456981114,0.117631151672041,-15.3377742042752,9.00995631066747,0.991029147773505,1861.3180543114,2085.47265264225,0
4.51,-2.43987694315194,-2.19789099693298,-0.242813897056479,14.4964496596959,7.37577812144207,2.47921653971154,-0.132063286160574,-14.5260006164535,7.1675399631365,1.57879195780635,1841.67069154198,0,0
4.52,-2.51446381696944,-2.17145299911499,-0.0861137726557454,17.1076153060748,3.42676140221526,1.68578744047478,1.85318962803448,-13.6813317990749,-10.7894233490084,2.43221758976133,1819.77283410506,0,0
4.53,-2.41527129754367,-2.14529085159302,-0.0316664194394354,11.8987002331465,5.2920182761753,0.156206954307267,2.3706106500394,-5.83356024756455,-11.7472008536185,3.1253948491461,1798.04323963255,0,0
4.54,-2.43303162749367,-2.1196403503418,-0.206668780175251,15.6708017091022,7.81417641145977,-1.06806687117117,2.18717832781363,1.35250662335656,-17.5735866487756,-2.62290611960757,1776.47416724444,0,0
4.55,-2.25271050418974,-2.09394645690918,0.00177160824539091,12.9653625092359,4.5250852722676,-1.76852730471245,1.54504565420042,7.13244313153483,-12.0206286966018,-2.2448629108073,1755.3221404309,0,0
4.56,-2.44742327626204,-2.06893301010132,-0.00693081694222347,13.8866929159675,4.12923117653549,-2.06172958352664,1.10931546343652,10.5155881772232,-10.3556057197664,-2.02149199605563,1734.23465840312,0,0
4.57,-2.23000851623218,-2.04388427734375,-0.0549350687991795,12.5319476610702,4.1485252141067,-2.08651150462334,0.939181987447725,9.9539143410136,-8.99277820797272,-1.95111471321108,1713.59893441779,0,0
4.58,-2.34030383886685,-2.01938724517822,0.0824998168342308,13.974252619099,4.84571835235378,-1.99768970254343,1.10445367261499,9.99269883189726,-10.2914245614431,-2.03170664431602,1693.0631340446,0,0
4.59,-2.3482490605535,-1.99515902996063,-0.143632279210744,15.1728274539959,3.1844518990622,-1.70196524701143,1.52196248341867,8.72910044720578,-12.6578380193293,-2.26141989992828,1672.82996903058,0,0
4.6,-2.22699066748461,-1.97101092338562,-0.130160136586811,12.7931229093688,3.77455270839535,-0.083616504275326,2.21617305543506,-3.08606924808524,-13.0058568099444,-3.0652909050777,1652.88356403997,0,0
4.61,-2.21987029245833,-1.94734191894531,-0.143571899731496,10.4435004427253,3.80689396837901,1.00618670964242,1.90183786350826,-8.30523272221905,-7.7837278482595,2.69507276039406,1633.15977486963,0,0
4.62,-2.09994358117554,-1.92399454116821,-0.0476733756775106,12.1047034757222,3.51681533432348,1.97525039262969,0.871912520302597,-12.7907487988357,-1.51587999039525,2.02839384275126,1613.60652713974,0,0
4.63,-2.16310902703641,-1.90085196495056,-0.146189362253135,13.0189067050344,4.56903454569961,1.97573097895202,-0.830921737036961,-10.0890606361027,8.77341254235374,1.21943764919827,1594.25733683081,0,0
4.64,-2.11960930792821,-1.87799119949341,-0.0106385531702219,12.6170662190067,5.61604729830565,0.450017372872025,-2.08377881141246,2.18061971451512,14.0952111006704,0.26990557257533,1575.20097603729,0,0
4.65,-2.13299552576514,-1.85530722141266,-0.129295632533262,12.2659622076264,1.51589137480745,-1.56966831901477,-1.38853299186845,10.9441048865723,6.54972473590902,-0.818631321039732,1556.31738692564,0,0
4.66,-2.10368062000799,-1.83297824859619,-0.0696898698666638,11.9255499227694,2.65779938436212,-1.8192703978393,0.996388796542972,9.94928290090178,-8.02704846978888,-2.04455825849842,1537.71777222292,0,0
4.67,-1.99384969703734,-1.81089174747467,-0.0167707482071221,12.9839981212171,6.69395891940136,0.665063195811599,1.95063490122889,-9.50038065263068,-10.6683632297571,2.877126174107,1519.34143425024,0,0
4.68,-1.97027061722458,-1.78905963897705,-0.184332182954239,11.0799508689374,4.42752681682877,1.95429772354797,-0.460678365554481,-10.3799924182275,6.11359633605424,1.38170659812199,1501.21175300944,0,0
4.69,-1.94523797095016,-1.76744771003723,-0.0575957253353282,11.304393179048,3.94187765631265,-0.565140105264922,-1.90277577973869,6.69778088492314,9.94818237722921,-0.246153926351706,1483.31734350234,0,0
4.7,-1.96471410247543,-1.74608552455902,0.0261336929249687,10.9582412846201,3.0117626107548,-1.75296091498632,0.886167144190922,8.96166583815426,-7.65066739269814,-2.00491210506223,1465.56071289812,0,0
4.71,-1.99126497197851,-1.72510290145874,-0.196855949110342,12.2169329194683,5.04387002280513,1.83486705524801,0.653866326595062,-12.4477835587942,-0.0406864379986001,1.963579791073,1447.97553455476,0,0
4.72,-1.91058168210477,-1.70439219474792,-0.0194378571040092,11.8960327051411,3.00473008258143,-0.167180158290108,-1.93119238083763,3.75584212427147,11.9667725867744,-0.0519868753874867,1430.62766163715,0,0
4.73,-1.9296514004791,-1.6836963891983,-0.0778964256061125,9.96137311090885,2.99338793834693,-1.48247448022656,1.14071601195475,6.25677054808143,-8.08039558584044,-2.1940342160062,1413.60487852884,0,0
4.74,-1.92491996607766,-1.66343116760254,-0.0374954979287602,11.2394894703679,4.1250271716281,1.84570095021434,0.389176405133496,-12.1777105214347,0.950113936889996,1.82241056666857,1396.59069518315,0,0
4.75,-1.83191725203366,-1.64343512058258,-0.0748305750912525,10.8852732016553,1.05300208712774,-1.02497787373343,-1.53811859680694,7.25021624895277,8.10745254468798,-0.567372454320578,1380.0053810746,0,0
4.76,-1.86349543396223,-1.62360346317291,-0.0486372683428606,11.3784561833113,2.96899346746591,-0.0515863218744007,1.83523912131414,-2.33726792072908,-11.2405419786229,-3.07861590015425,1363.47133990751,0,0
4.77,-1.8954387478057,-1.60414099693298,-0.0622706517995041,12.7696460570079,3.41183799895127,0.932626432268034,-1.59591947716492,-3.50900715210829,12.7736081319236,0.573292639235789,1347.24987645357,0,0
4.78,-1.76887477861366,-1.5846928358078,-0.000870862153133575,9.84764349108987,3.00318819276172,-1.42556060417321,1.05538541404459,6.66964021970312,-7.79186216083854,-2.1768999037114,1331.01924324098,0,0
4.79,-1.71089889094919,-1.56554412841797,0.000390170446085032,9.51559311865564,0.610962236863108,1.64899341640484,-0.590008799065256,-8.97796369290028,4.02459800725863,1.23857949997175,1315.1867371768,0,0
4.8,-1.86655106800254,-1.54681551456451,-0.0714256495452915,11.1457813212211,1.91866939349197,-1.72863895677183,0.331604229840656,10.8005709298888,-3.08938933899844,-1.74509341503717,1299.38762871196,0,0
4.81,-1.72220239824841,-1.52802491188049,-0.0111047517936132,9.69926035394287,3.04116704914113,1.6950383051163,-0.278689119100801,-9.53562000850695,3.89051642796054,1.43992248987423,1283.88832484721,0,0
4.82,-1.69945132396659,-1.50958919525146,0.0144659794792165,9.10559979344699,1.68381875776902,-1.64371508536297,0.366073861278501,8.75219117995979,-3.25112503344518,-1.77146817553121,1268.58274761372,0,0
4.83,-1.6961737910504,-1.49149823188782,-0.0991786614683249,9.8652540983566,2.49598016792271,1.11467531937163,-1.26407041251058,-4.70121856966709,9.54053432347764,0.761799982817792,1253.3932648884,0,0
4.84,-1.65614227198706,-1.47350537776947,-0.133330754640874,10.3286211363371,4.42556626854227,-0.672338753851387,1.52339494309094,0.652146860313287,-10.8651166677294,-2.67205848628863,1238.31719988551,0,0
4.85,-1.70062305884275,-1.45568811893463,-0.099797902630784,8.25348597582908,4.96551306023184,0.0232165985474458,-1.62828170033445,3.62608169536128,9.3121747393299,0.0681961618191307,1223.55814401334,0,0
4.86,-1.75001127234553,-1.43808305263519,0.0821841665137109,9.98021387302402,1.05835710622759,0.711764945106011,1.45800477986126,-5.01722184290214,-8.39947254713721,2.70077871656665,1208.97866309726,0,0
4.87,-1.61648822782428,-1.42074680328369,-0.0853451268028532,8.50937502776568,2.60230362461319,-1.40269289539729,-0.726568043338532,8.69711591785616,1.72848707684054,-1.05630337917818,1194.56869214094,0,0
4.88,-1.64528131245563,-1.40365850925446,-0.0254207956925435,8.92283125549279,3.69123902384877,1.53209339325409,-0.39391366485157,-8.44475768885992,5.3436089628348,1.3647735537016,1180.34543913971,0,0
4.89,-1.60149152373141,-1.38667964935303,-0.103652659769474,8.64629380903066,2.87937897342974,-0.736377523642846,1.362682500628,1.52073761960658,-9.07452265664918,-2.60142751528521,1166.20074744668,0,0
4.9,-1.51895726708989,-1.36989402770996,-0.15530845276457,8.98288702884154,2.95893157618247,-0.642499812574639,-1.40521163694911,6.34802244910838,7.37539058300419,-0.387529040183172,1152.22394918448,0,0
4.91,-1.53531492659547,-1.35333323478699,0.0947090581932459,8.2394864989091,2.46916429375682,1.49620812017353,0.179980958466105,-8.45369634254886,1.18520527353367,1.72462374897069,1138.42116659387,0,0
4.92,-1.43448779786556,-1.33700299263,-0.158730719997972,9.68976384697576,2.29517529138408,-0.800483543158793,1.27972392920962,2.95564028678398,-8.99804597032264,-2.54678414033469,1124.77883317932,0,0
4.93,-1.50317808156493,-1.32090616226196,-0.101923888630137,7.72437675955495,1.26969475901676,-0.893147895145359,-1.16674725046844,5.74525984732525,5.63696883965654,-0.634205019843985,1111.30870982121,0,0
4.94,-1.54155708441759,-1.30504202842712,-0.177786327421306,8.3315483073427,3.06062948980325,1.32856043471184,-0.606669134708301,-6.62605389340701,5.60025740881815,1.18052121527197,1098.02985687994,0,0
4.95,-1.47134872452,-1.28927457332611,0.0444408424549761,9.05064601730244,-0.438849249035328,0.337219560980274,1.42066072147915,-1.3874968562554,-9.0090859877351,2.89839682524623,1084.96125447271,0,0
4.96,-1.45529840907174,-1.27358710765839,-0.223285003578151,7.937501214675,3.50604635903746,-1.37971838203189,0.329247702848222,7.02083308887023,-4.34305346502775,-1.76273736430784,1071.99649558357,0,0
4.97,-1.43732470556089,-1.25815188884735,-0.106444236098813,9.43788396733036,2.33335202804208,-0.9227209820145,-1.08926898539799,7.72057821711016,5.33330977425451,-0.662076818429123,1059.12399326179,0,0
4.98,-1.3416062102545,-1.24308514595032,-0.0510272774202438,7.4837390802544,2.20530379819772,0.945977395949508,-1.02401084660721,-4.39879985675012,6.97905515751741,0.772060801572643,1046.42555943344,0,0
4.99,-1.39738166295345,-1.2280296087265,0.0678749523803029,7.00663403260736,0.178243528956992,1.16977996288861,0.69764449832665,-6.35661206080779,-3.48468172835987,2.11400970578423,1034.02141386388,0,0
5,-1.40702369438403,-1.21308410167694,0.112140095379162,7.92770635814027,0.429956225036631,-0.290617749678802,1.32416329906775,1.32222953039228,-7.56888005576433,-2.91855159034248,1021.5903795739,0,0
5.01,-1.2842406581818,-1.19858598709106,0.000472611257825377,9.82435162066618,2.13034895066165,-1.35805184338422,0.289097971767327,9.57545888332649,-3.31011456116861,-1.75776109753198,1009.35063335888,0,0
5.02,-1.33793575155249,-1.18399906158447,-0.128948382756426,7.9262777564857,1.37485833409753,-0.85448276763285,-1.01523759802632,5.51788024017269,5.42194946803352,-0.685979065117978,997.393684937685,0,0
5.03,-1.29569013081726,-1.16975748538971,0.0515068088775522,9.60242999451133,1.6487774801988,0.357722992252516,-1.30523469922689,-0.972533361961186,9.84715212963331,0.297989065080438,985.373720169784,0,0
5.04,-1.32448020019621,-1.15555775165558,-0.148613232362339,7.94767286924082,0.0207786961074893,1.20275547906113,-0.497159328296783,-6.92818430484199,3.79463925052349,1.1949760940277,973.681971957366,0,0
5.05,-1.33309386406656,-1.14159142971039,-0.0956105677310885,8.29069740844027,1.81075572563098,1.19412495689213,0.505187387614429,-8.41079174867705,-1.50816963933921,2.00611825963316,961.907142258199,0,0
5.06,-1.23140789887123,-1.12773907184601,-0.162061138670719,7.07394780818156,2.06848498254559,0.541410750426707,1.11792774499174,-4.79363491990556,-4.69955905698478,2.7322505167126,950.521957727069,0,0
5.07,-1.29808125844465,-1.11420071125031,-0.00805907990042995,6.47948699915179,2.1612235668694,-0.23695641019241,1.20539223769534,-0.80362730916995,-6.58486206990029,-2.90849360079508,939.074612978697,0,0
5.08,-1.17173560219426,-1.10069298744202,0.0736279819322468,6.11015228579652,2.27388332932198,-0.826124023065554,0.880725329029604,2.53783461275411,-5.76157173824208,-2.34852420557631,927.985869143371,0,0
5.09,-1.20062560562865,-1.08759796619415,0.0128595037084603,8.28992511970017,1.67670285959895,-1.17243916413206,0.404673609634794,7.20075776063508,-4.33519945529472,-1.86969468765979,917.000502231486,0,0
5.1,-1.12950501266324,-1.07440066337585,-0.158965299064718,6.67420238329553,1.82163276930363,-1.19750978548266,-0.0831740226126564,6.96727412075947,-1.02820822552418,-1.47146979515052,905.964539613147,0,0
5.11,-1.06563170285905,-1.06140983104706,0.125660468645492,8.35633356712598,0.130540811816231,-1.11270819340397,-0.493317397665971,7.61724165362546,3.41316511045531,-1.15283597508226,895.253388513006,0,0
5.12,-1.16581979561199,-1.04868364334106,-0.0477327658499559,6.53820021425521,2.18442310503917,-0.946230028651739,-0.679898924531683,6.24116345481223,2.30735619306924,-0.912752467362793,884.599548320464,0,0
5.13,-1.10349453105965,-1.03602302074432,0.00992389884526693,6.85095975494653,2.48050162516897,-0.821275470767865,-0.821250859641181,6.04991394516162,3.65243289621334,-0.750730837276847,873.94601065973,0,0
5.14,-1.1999101921203,-1.02334475517273,-0.12229151000171,5.96835004937486,2.27189262065426,-1.0176921009572,-0.480710125915487,5.92486585314803,0.809899431872748,-1.09253026786177,863.485975474486,0,0
5.15,-1.12804381811541,-1.01099741458893,0.0421378152153782,5.64675579974252,-0.895768203013497,-0.976959229717533,-0.529780302538402,4.65183571506317,3.13742182522655,-1.08350433338908,853.260140624869,0,0
5.16,-1.07545392081886,-0.998871266841888,-0.163946006265853,4.59227285629823,0.662118576890074,-0.992155038711248,-0.421505785878581,4.53197099334537,0.91555070476535,-1.14932104157775,843.156703502853,0,0
5.17,-1.12626949201529,-0.986812591552734,0.130618826189758,7.12986749596284,0.762926196830902,-1.08736413475091,-0.307369550639523,7.50137379151733,1.86107773110273,-1.28930472697108,833.063793831212,0,0
5.18,-1.12243643377644,-0.974934101104736,0.0123213401699108,6.08965472979979,0.787022982261824,-1.08415624757342,-0.0473992353247744,6.13662359850052,-0.858698851933662,-1.50266500381793,823.101254577272,0,0
5.19,-1.06672645985034,-0.963121652603149,-0.188533330242327,5.12329396189604,0.572929831488504,-1.01728656795399,0.247404075974181,4.41479560640877,-2.02421114525132,-1.78845538836832,813.224700355846,0,0
5.2,-1.14954562237519,-0.951453387737274,-0.0109887214631942,7.11286444333295,0.923005947369804,-0.893650943741662,0.612067771444763,5.2749780783056,-4.9839358988951,-2.14573298011153,803.511347131972,0,0
5.21,-1.10392365117547,-0.939945459365845,-0.159359690889715,5.87390617363752,2.16305067574957,-0.51900670018898,0.905398024353247,1.0300106527398,-6.09803918107217,-2.57356795916928,793.949000510729,0,0
5.22,-0.930801076299486,-0.928613364696503,0.066248893621027,4.92144669502053,0.624110615747621,-0.0556349385721176,1.013434380411,-0.385661149391852,-4.92192146974577,-3.07104689411899,784.525117481717,0,0
5.23,-1.05087575073083,-0.917405128479004,0.0504479466379808,5.09778721976235,3.38363254612444,0.538659331273916,0.856334937415013,-5.33636405927067,-2.99858523386873,2.64596559404282,775.193516794772,0,0
5.24,-1.0378092113995,-0.906411409378052,0.0663436432505904,5.77803360351468,1.4338454695488,0.934659331938577,0.396457759545698,-6.24173929933319,-0.776122246069488,2.01187694720923,766.020507141248,0,0
5.25,-0.885018823060812,-0.895495116710663,0.0145087149828662,3.69666835066022,1.50850507762643,0.92419722256959,-0.269559473135957,-3.51050991845452,2.05659768174955,1.31082907781371,756.907336761223,0,0
5.26,-1.0222418146523,-0.884770154953003,-0.0103015104620539,6.31660196947232,1.54746170840362,0.479235342209986,-0.880794954855602,-1.43795770985959,6.63439574932049,0.543423632680425,747.929979147211,0,0
5.27,-1.04879643558892,-0.874079525470734,-0.0337721115831887,7.85186234044045,0.151263573785636,-0.294822168282677,-0.977637821478918,2.36514093736856,7.56799168326728,-0.289649294529345,739.022188278002,0,0
5.28,-0.966277340524791,-0.863581776618958,0.0549423428913724,4.41418266290993,1.18717965605889,-0.874161598095983,-0.328253823570333,4.18641349576445,0.50782765108046,-1.18751642100866,730.347262647949,0,0
5.29,-0.929627404424048,-0.853146135807037,-0.0389386859040563,4.39548841392547,1.21048194221912,-0.752336891462451,0.52487918138317,2.39867672936195,-3.21474823778077,-2.14923312719981,721.697214742977,0,0
5.3,-0.84130095355119,-0.842819035053253,0.0598717457118631,4.0951094381928,-1.27628738062407,-0.00118774273503632,0.907440444462982,1.44607380533367,-3.8331614079637,3.1091217845561,713.116279282371,0,0
5.31,-0.933952672810157,-0.832665681838989,0.040062185709622,4.61671457147777,2.30884339798343,0.829027773337137,0.359694158777202,-4.48973048973584,-0.117914238811233,2.02211070139048,704.629114691096,0,0
5.32,-0.870017118595572,-0.822662055492401,0.132940967936923,4.59512512497422,3.07341421865462,0.664201258186791,-0.617674513544864,-2.15572099718061,4.8045484795507,0.873525689288447,696.217985406874,0,0
5.33,-0.95812087342677,-0.812874436378479,-0.200220815654241,5.80344258609999,2.15668903434363,-0.340263885525073,-0.849852433243654,3.76026726384909,4.68606619634147,-0.335938823391961,688.021951502318,0,0
5.34,-0.959473036331538,-0.803069055080414,-0.0910984529189627,4.89365909010999,1.3268489543583,-0.883762449045348,0.0544263552676889,4.64193801124203,-1.3201443590751,-1.6055672828297,679.932989223272,0,0
5.35,-0.872991407632233,-0.793319761753082,0.0862640148345996,5.59043582843883,-0.528105945234284,0.181468182546764,0.877040724990128,-0.514747337863938,-5.71796559150561,2.9218210672868,671.844616689999,0,0
5.36,-0.965311970122808,-0.783798635005951,-0.0614568773545589,4.53692663598221,0.658989056453014,0.860909302935034,-0.0564522210047374,-4.46722732657999,1.36362049233042,1.53425733605061,663.825485250563,0,0
5.37,-0.829069990750791,-0.774503827095032,-0.127215520336306,5.38698521305219,-1.44094337323598,0.0940238930505512,-0.871375542989575,-1.34527400354261,5.57645272672672,0.0887807618228296,656.061657964847,0,0
5.38,-0.627472443295933,-0.765082061290741,0.125466832208423,2.83666546382514,0.729908720851507,-0.807830774649704,-0.107151653935921,3.18027913529354,-0.492754540296702,-1.414095803823,648.294545629846,0,0
5.39,-0.795220782290955,-0.755829751491547,-0.0491022314406936,3.52614837757357,-0.0507494943625232,-0.134599055611511,0.804794679738766,0.550262762057838,-3.55161586647489,-2.97349008534078,640.532027752189,0,0
5.4,-0.867315866526616,-0.746868073940277,0.111390411846907,2.61005552374844,-0.102268830626636,0.780336189629804,0.089430406951721,-2.53858064031228,0.0390454793685563,1.69436824314918,633.048584787702,0,0
5.41,-0.856266361848242,-0.737793982028961,-0.00663503532795983,3.26274456747097,0.896861343866799,0.00638938668716526,-0.787919357040074,0.510138938437405,3.10389480139775,0.0237209549531581,625.530253654405,0,0
5.42,-0.811670177947137,-0.728993117809296,0.0598295160015646,6.38759796784702,0.26003054826051,-0.834855255986634,0.121749518799438,6.19294873578654,-1.37534902243699,-1.70126774865271,618.083237673141,0,0
5.43,-0.880976007647065,-0.720229208469391,-0.198062361669225,3.89559002286194,-1.06544452142743,0.245629317442498,0.745826714091106,-0.496153401253366,-3.88760506682079,2.80309639607106,610.8753948374,0,0
5.44,-0.824331221763907,-0.711505532264709,0.00836763472642009,4.11563150281785,1.06741492413841,0.640268263541318,-0.452567710085039,-3.15832651906332,2.84646296067446,0.971019034663063,603.562023180525,0,0
5.45,-0.873929620428148,-0.70311313867569,-0.138395485140602,1.90558287012612,1.77897821610766,-0.593314063665125,-0.426678176431812,2.29215518117122,0.229495918100906,-0.913520111724945,596.586804409955,0,0
5.46,-0.813684820192304,-0.694522380828857,0.15588697956303,6.37455792450284,-0.667238817297895,-0.233119655917481,0.775354050253616,1.87785657321342,-6.06395430951785,-2.84989240397175,589.417067652803,0,0
5.47,-0.693160001225534,-0.686323523521423,-0.153580018570148,3.42689535754327,0.842278602343849,0.734233757479957,-0.108337081414186,-3.25474415976878,1.18446668986259,1.44545774260357,582.568858124479,0,0
5.48,-0.79247956278232,-0.678010821342468,0.0982672745637101,5.50526694094722,1.01503930235316,-0.450700300611018,-0.625581950884683,3.89651136011285,3.67508038194532,-0.592794570415192,575.641426825903,0,0
5.49,-0.738095664469562,-0.669986844062805,0.0575295574969302,6.38244738848678,-0.115916642554364,-0.350321050315758,0.695725417727634,2.90470068104006,-5.30283095922,-2.68090459058495,568.958133101013,0,0
5.5,-0.746074889167495,-0.661853790283203,0.0795375362334819,4.53568934045044,-0.260070458148336,0.742343264558168,-0.0652617683334354,-4.80597598536535,-0.216978703635254,1.46471984573104,562.143462643297,0,0
