{"loss":0.08602767437696457,"val_loss":0.003509483009111136,"best_epoch":1,"_timestamp":1.7429333384107573e+09,"_runtime":180.1475484,"_wandb":{"runtime":180},"_step":34,"epoch":35}