t,iq,iq_ref,id,vq,vd,ia,ib,va,vb,theta_e,omega,r,"T_ass:3.34,S_pct:12.01,kp:0.0366,ki:0.0493"
0,0,0,0,0,0,0,0,0,0,0,0,0,0
0.01,0.00118215871931213,5.5712539506203e-06,0.000657767253451314,-0.0588255878010712,-0.0329239378838717,-0.000765957257183566,-0.00111510828062857,0.0383067450399962,0.0554709721418626,3.04747201074223,-0.00140360447259827,0,0
0.02,0.00131985676109983,5.11547705173143e-06,0.000734647508866258,-0.0657332165605964,-0.036772135480505,-0.000855451032083392,-0.00124496279615569,0.0427877333065396,0.0619859305462725,3.04746181289241,-0.0014057847386422,0,0
0.03,0.00137119283973157,4.88168006995693e-06,0.000765349065554847,-0.0683119264635483,-0.0383088735580817,-0.000890854377276459,-0.00129317727878438,0.0445606700968357,0.0644083517175475,3.04745212342273,-0.0013042413866457,0,0
0.04,0.00133479581435783,4.14871965404018e-06,0.000748389334211423,-0.0665291855797824,-0.0374599639145517,-0.000870558771573677,-0.00125852846087195,0.0435484574909817,0.0627129434849362,3.04744385566137,-0.00111306583057618,0,0
0.05,0.0013627027490112,3.88778062188067e-06,0.00076610789359165,-0.0679377870369943,-0.0383468366478787,-0.000890832048323633,-0.00128463938460007,0.0445643064750419,0.0640315967064825,3.04743633335174,-0.00101866182007341,0,0
0.06,0.0013604960655445,3.47668947142665e-06,0.000767098788240182,-0.0678482848457952,-0.0383964458969808,-0.000891619651901297,-0.00128234335948881,0.0446057082509493,0.0639375289283776,3.04742965468636,-0.000899675863497363,0,0
0.07,0.00139148317958505,3.34203514285036e-06,0.000786717538796657,-0.0694044965343326,-0.0393784419070045,-0.000914072555220022,-0.00131134331458697,0.0457300508429773,0.065394252622889,3.04742390834916,-0.000840162328905483,0,0
0.08,0.00135577169035383,2.79392679658486e-06,0.000768248409276002,-0.067646661452368,-0.0384539896047627,-0.000892334003297182,-0.00127752202379435,0.0446447393963487,0.0637308980511541,3.04741867450953,-0.000702625405113103,0,0
0.09,0.0013507984999262,2.49475328928384e-06,0.000767205048870994,-0.0674131567544684,-0.0384017647257753,-0.000890833318841912,-0.00127266498830491,0.0445710730648593,0.0635031391625902,3.04741419109837,-0.000618198344520636,0,0
0.1,0.0013481358313033,2.24459517994546e-06,0.000767142738542442,-0.0672926958842322,-0.0383986478608699,-0.000890525863203707,-0.00127001649119511,0.044556890199082,0.0633833307163468,3.04741027456857,-0.000546638325151058,0,0
0.11,0.00134591482808392,2.02647333935602e-06,0.00076713607888216,-0.0671926946429694,-0.03839832441085,-0.00089031470669454,-0.00126780290700971,0.0445473805752808,0.0632836504543259,3.04740684825746,-0.000484176353959385,0,0
0.12,0.00134397857689114,1.83568363354425e-06,0.000767132942801561,-0.0671055456664186,-0.0383981549312286,-0.000890133281448085,-0.00126587286420563,0.0445392052304119,0.0631967701607739,3.04740385048505,-0.000429535754506196,0,0
0.13,0.00140684713757075,2.08134315471398e-06,0.000803111037260482,-0.0702365856203142,-0.0401989887423606,-0.000931868519262838,-0.00132507632590259,0.0466267222466555,0.0661444285487553,3.04740094280149,-0.000460926098722453,0,0
0.14,0.00146146295134398,1.48162439472799e-06,0.000836026261772179,-0.0729972715824599,-0.0418465301015357,-0.000969778111447499,-0.00137635180207719,0.0485267856195385,0.0687377975895176,3.04739838566353,-0.000487654510034698,0,0
0.15,0.00134674435002837,1.39335429594212e-06,0.000771002194667212,-0.0672662418275138,-0.0385918275224867,-0.000894255348233184,-0.00126825553445327,0.0447476244746028,0.0633381918355968,3.04739608750051,-0.000298179112761771,0,0
0.16,0.001338384506964,1.23837116916548e-06,0.000767341779633966,-0.0668560904761177,-0.038408596764114,-0.000889826967123623,-0.00126027555075573,0.0445267337164569,0.062947018385964,3.04739441246965,-0.000258162057817658,0,0
0.17,0.00133698405154997,1.14338263301761e-06,0.00076713447604164,-0.0667908750418862,-0.0383982267530871,-0.000889490674963609,-0.00125889951846184,0.0445103663822136,0.062883003197712,3.04739296850605,-0.000231233407050115,0,0
0.18,0.00133613914233391,1.06288860024506e-06,0.000767121644883688,-0.0667527027299439,-0.0383975838000362,-0.000889400015820296,-0.00125805843965402,0.0445062150851308,0.0628450044333607,3.0473917065195,-0.000208192198623459,0,0
0.19,0.00133542438614744,9.92634227259259e-07,0.000767119902221342,-0.0667205190969245,-0.0383974876113409,-0.00088933243790457,-0.00125734603446787,0.0445031614257029,0.0628129234038981,3.04739060245307,-0.000188066048370854,0,0
0.2,0.0013348004169824,9.31181830310379e-07,0.000767118910923007,-0.0666924286831756,-0.0383974521110438,-0.000889273972693106,-0.00125672406603944,0.0445005444691801,0.0627849178881911,3.047389636473,-0.000170459131437779,0,0
0.21,0.00133425456250556,8.77420347933366e-07,0.000767118073438344,-0.0666678541851464,-0.0383974221991389,-0.000889222855487564,-0.00125617995901909,0.0444982561636455,0.0627604175542631,3.04738879130408,-0.000155054369931111,0,0
0.22,0.00133377741002961,8.30387421046908e-07,0.00076711734223579,-0.0666463737457979,-0.0383973573726018,-0.000889178172927374,-0.00125570433345344,0.044496217469268,0.0627390055515028,3.04738805183666,-0.000141576221119255,0,0
0.23,0.00133335961240563,7.89241369147931e-07,0.000767116702463175,-0.0666275626693913,-0.0383973270856044,-0.000889139047874678,-0.00125528787325337,0.044494458425615,0.0627202519445973,3.04738740485111,-0.00012978372397302,0,0
0.24,0.001332993719046,7.53246126805607e-07,0.000767116142622679,-0.066611085733991,-0.0383973255088382,-0.000889104782776795,-0.00125492315164388,0.0444929424316695,0.0627038230306966,3.04738683878113,-0.000119466061132818,0,0
0.25,0.00133267405953779,7.21757373867149e-07,0.000767115652732833,-0.0665966920766629,-0.0383972949119299,-0.000889074847170209,-0.00125460451528038,0.044491589057444,0.062689474038718,3.04738634350701,-0.000110438781710326,0,0
0.26,0.00134632326268241,7.89056343819539e-07,0.000774845107151184,-0.0672757495378085,-0.0387841709120019,-0.000898054469809254,-0.00126746575376677,0.0449406515813639,0.063329110404677,3.04738594769093,-0.000121347361933809,0,0
0.27,0.00130459628236356,4.81063921142777e-07,0.000751215481606666,-0.0652049596395501,-0.0376014069122018,-0.000870605105159908,-0.00122814612755643,0.0435683699055066,0.0613787398628327,3.04738543264078,-5.8006994449842e-05,0,0
0.28,0.00130219231296997,1.21102777939086e-06,0.000749652219796569,-0.0650482783723261,-0.0375231751891007,-0.000868823046795298,-0.0012258995815161,0.0434757667760036,0.0612300979806019,3.04738509979509,-4.90873401351122e-05,0,0
0.29,0.00132984070857328,6.17974592387327e-07,0.000766131636924443,-0.0664602559138083,-0.0383480478992931,-0.000887830464290467,-0.00125187501850343,0.0444298159461223,0.0625582116816734,3.04738490999812,-8.18239819194641e-05,0,0
0.3,0.00132015250963679,5.64708273032011e-07,0.000761151001999935,-0.0659785287245369,-0.0380987375681769,-0.000881960324135459,-0.00124269846833281,0.0441362839579173,0.0621020812479699,3.04738510054968,-7.25093290424733e-05,0,0
0.31,0.00133096101851038,6.22183733867132e-07,0.000766778620787218,-0.0665160461903276,-0.0383804344536841,-0.000888580030963872,-0.00125292945318672,0.0444673102873651,0.0626107056776597,3.04738485741258,-8.2370116951049e-05,0,0
0.32,0.00133150774398388,6.11297764407936e-07,0.00076709505767448,-0.0665439282823656,-0.0383962526322025,-0.000888946801726501,-0.00125344376957958,0.0444856965115877,0.062636965230792,3.04738461217314,-7.8818857894411e-05,0,0
0.33,0.00133141309958544,5.97845655647689e-07,0.000767112662822106,-0.0665398712309883,-0.0383971464710543,-0.000888955697275279,-0.00125334769616877,0.0444862183150489,0.0626328324489793,3.04738439551501,-7.49289148266314e-05,0,0
0.34,0.00133129342470456,5.85828047405812e-07,0.000767113477786414,-0.0665344899006925,-0.0383971964457423,-0.000888945488665713,-0.00125322830667203,0.0444857737321282,0.0626274618413693,3.04738420581905,-7.14751513190658e-05,0,0
0.35,0.00133118657240292,5.75301783101168e-07,0.00076711336992963,-0.066529674106422,-0.0383971651651703,-0.000888935537774752,-0.00125312179078961,0.0444852999666832,0.0626226629608028,3.04738403983888,-6.84501000695091e-05,0,0
0.36,0.00133109274165377,5.66095764042984e-07,0.000767113229364653,-0.0665254424716843,-0.0383971655780282,-0.000888926753205856,-0.00125302826024974,0.0444849114042975,0.0626184435915785,3.04738389461658,-6.58031704016765e-05,0,0
0.37,0.00133101066885208,5.58045712750754e-07,0.000767113103776238,-0.0665217401429312,-0.038397165949232,-0.000888919066829137,-0.00125294645025671,0.044484571453599,0.0626147519931699,3.04738376755657,-6.34872668921589e-05,0,0
0.38,0.0013309388405987,5.51007360627409e-07,0.000767112993744729,-0.0665184987628245,-0.0383971662841167,-0.000888912339712102,-0.00125287485204779,0.0444842738321645,0.0626115200097793,3.0473836563874,-6.14610021004644e-05,0,0
0.39,0.00133087597632507,5.44853946848889e-07,0.000767112897463506,-0.066515660727627,-0.0383971665872065,-0.000888906452089962,-0.00125281218913566,0.0444840132504618,0.0626086902042457,3.04738355912168,-5.96881530244274e-05,0,0
0.4,0.00133082139450251,5.39474967808928e-07,0.000767112813221712,-0.0665131975621071,-0.0383971351328381,-0.000888901340331708,-0.00125275778162861,0.0444837555539484,0.0626062371346648,3.04738347402056,-5.8137026159276e-05,0,0
0.41,0.0013307731985594,5.34773448634951e-07,0.000767112739513826,-0.066511019352631,-0.0383971353851021,-0.000888896826437982,-0.00125270974015408,0.044483555562546,0.0626040652483671,3.04738339956268,-5.67798917149794e-05,0,0
0.42,0.00133073117262832,5.30664692632854e-07,0.000767112675023191,-0.0665091195986812,-0.0383971356153362,-0.00088889289046171,-0.00125266784874228,0.0444833811602489,0.0626021709991452,3.04738333441693,-5.55924879362908e-05,0,0
0.43,0.0013306942689714,5.27074575984443e-07,0.0007671126185975,-0.0665074496706646,-0.0383971358273032,-0.000888889434156116,-0.00125263106337439,0.0444832278492263,0.0626005059208803,3.0473832774187,-5.45535873765899e-05,0,0
0.44,0.00133066202192733,5.2393812666196e-07,0.000767112569227951,-0.0665059895784333,-0.0383971360226574,-0.000888886413990178,-0.00125259891964305,0.0444830938145155,0.0625990500665796,3.04738322754902,-5.36446174105313e-05,0,0
0.45,0.00133063384941952,5.21198842307058e-07,0.00076711252603235,-0.0665047130822773,-0.0383971362034684,-0.000888883775447713,-0.00125257083734317,0.0444829766456761,0.0625977772730308,3.04738318391631,-5.2849328206782e-05,0,0
0.46,0.00133060916937136,5.18806984928233e-07,0.000767112488238226,-0.0665035935991779,-0.0383971363718053,-0.000888881463981646,-0.00125254623635857,0.0444828738929707,0.0625966610402,3.04738314574058,-5.21535022262266e-05,0,0
0.47,0.00133058763253688,5.16718955623219e-07,0.000767112455170822,-0.0665026158769069,-0.0383971365289202,-0.000888879446922178,-0.00125252476844876,0.0444827841656213,0.0625956861530147,3.04738311233935,-5.15447000535836e-05,0,0
0.48,0.00133056865683947,5.14896839831636e-07,0.000767112426238792,-0.0665017527326457,-0.0383971366769078,-0.000888877669673015,-0.0012525058536431,0.0444827049460238,0.062594825522435,3.04738308311548,-5.10120380144534e-05,0,0
0.49,0.00133055212586381,5.13307327310031e-07,0.000767112400925418,-0.0665010000346382,-0.0383971368161718,-0.00088887612142334,-0.00125248937562666,0.0444826358786282,0.0625940750117465,3.04738305754652,-5.05459936074165e-05,0,0
0.5,0.00133053769036394,5.11921427914785e-07,0.000767112378777603,-0.0665003417900728,-0.0383971369479686,-0.000888874769441209,-0.00125247498633852,0.044482575488862,0.062593418678606,3.0473830351754,-5.01382352662292e-05,0,0
0.51,4.52130362289189,4.59999990463257,-0.0389926280958522,3.93586123256255,1.95949592565557,-0.260535342156825,4.5139592611042,1.76424418717264,4.0271665439459,0.0490297480623146,15.0266196705334,1681.69484318275,0
0.52,4.41394987874912,4.59999990463257,0.0181905884556658,9.30465100942817,-0.893367525525064,-0.951058639491025,4.31030995334062,-2.91383521922461,8.88167778396186,0.22128885896808,32.0092470638644,1558.29447445927,0
0.53,4.47129444707928,4.59999990463257,-0.00405238214670223,6.43873471629172,0.231825734837674,-2.22464266823528,3.87858936379582,-2.99725625384703,5.70328877638929,0.519852654659367,49.6565036635449,1443.33776014212,0
0.54,4.46222855740185,4.59999990463257,0.0730423928000596,6.89345174644792,-3.63053644876361,-3.59648003078867,2.64237587745893,-7.72273315456795,1.02949721211079,0.953519335680048,68.5774703152399,1353.42515342484,0
0.55,4.38902808054592,4.59999990463257,0.0960860248168132,10.555038916524,-4.76720468114973,-4.37840042685744,0.320015184140274,-10.7846367427616,-4.22216737327958,1.51972536905206,85.674216442828,1299.82372810564,0
0.56,4.30270748586409,4.57451343536377,-0.0476654024860363,13.5985312170188,2.42306676235349,-3.4209967911506,-2.61004686824631,-12.3502907560061,-6.18559795308164,2.21145601384308,103.521259144825,1286.96097294747,0
0.57,4.3230616744182,4.59999990463257,0.0202296733942622,13.8569949208214,-0.950479629837017,-0.481494784387419,-4.29621161642636,-0.533842863070769,-13.8792914646228,3.03466356353381,120.736894997238,1312.23066956539,0
0.58,4.34853586866289,4.59999990463257,-0.0459108632189363,12.585286236445,2.35216958437386,3.27910324678559,-2.85645827999104,7.8382248873433,-10.1234560315308,-2.29797603745941,138.697203475431,1367.07401638696,0
0.59,4.29997459767303,4.59999990463257,-0.0168570343415666,15.0153986482132,0.898928554216561,4.03104241602671,1.49691774671611,14.4061986948722,4.32801435697858,-1.21915188218162,156.100947091016,1439.06047063158,0
0.6,4.35372348411835,4.59999990463257,-0.0057019459363018,12.3301309031247,0.383045298192639,0.0447875425143586,4.35349684327284,0.526009162150388,12.3248596807425,-0.0115970242364342,173.310176431579,1514.515213515,0
0.61,4.31685974533842,4.59999990463257,-0.00495261154506732,14.1756729598131,0.354602240888937,-4.18693963941869,1.0511132408779,-13.6583275382848,3.81123804947284,1.32368643568978,190.66518829465,1581.15647505321,0
0.62,4.251667515408,4.59999990463257,0.0261058975952917,17.437695935123,-1.19192212675344,-1.50367608695617,-3.97697327184645,-4.94930297239584,-16.7630044434011,2.78625087824766,208.070743042592,1630.2299797681,0
0.63,4.1801286630116,4.59999990463257,0.124457651668176,21.0172154524072,-6.13747376602953,3.90466549382744,-1.49751551835138,21.8650449278877,-1.14531214219478,-1.90725033547475,225.523143780454,1657.75189669292,0
0.64,4.25320202309118,4.59999990463257,0.0716766601196761,17.3662811097035,-3.50263484105971,0.876959218601343,4.16242808006853,-0.145707887938368,17.715387086441,-0.190796920073794,242.897653594343,1664.66871844778,0
0.65,4.2043648427887,4.59999990463257,0.0961829469709403,19.8109038062649,-4.69817902140422,-4.19831273974515,-0.245163271839814,-19.3645407743467,-6.28962290895959,1.65199868880734,259.961589238186,1655.97134112193,0
0.66,4.14220983873851,4.59999990463257,0.157688312773643,22.9214919583282,-7.74491475605309,1.76926467412317,-3.74866249014597,17.4380291661307,-16.7718107840331,-2.66256731542608,277.082548818174,1639.0145574096,0
0.67,4.19567475171807,4.59999990463257,0.0440753839137993,20.2511774628013,-2.0912897195123,2.29328664290681,3.51375378123409,9.12638971873625,18.1987002838816,-0.567738344708635,294.403138264995,1621.44926414101,0
0.68,4.25165642404889,4.59999990463257,0.157746502922721,17.4551194457595,-7.72761541408314,-4.25034615723317,-0.189799502195693,-16.766153944459,-9.12651723081748,1.65250710257931,311.406783451427,1609.24227437283,0
0.69,4.21029643616279,4.59999990463257,0.0690025350365544,19.526178141148,-3.29682273289832,3.13721672140676,-2.80877707786368,16.9175976987367,-10.2925002324848,-2.28462590473163,328.510802466067,1605.22537856107,0
0.7,4.17482965519388,4.59999990463257,0.0212191186261387,21.3026637903707,-0.933610037450392,-0.753470204243931,4.10632871945222,-4.86849531799669,20.7598859728623,0.186553917214716,345.7192171265,1608.48951396264,0
0.71,4.18122136655722,4.59999990463257,0.0352276234782114,20.9863989751964,-1.64333138245662,-1.50222049327108,-3.90220279985637,-5.83587589159046,-20.2255292280979,2.78253728657834,362.741540646101,1614.74867801738,0
0.72,4.04638584400888,4.59999990463257,0.111104293018938,27.731503980836,-5.44266103750911,2.92461487449329,2.79860865403066,15.6328045349438,23.5430307008376,-0.779960494632738,379.710849378781,1617.58188431456,0
0.73,4.08365873105709,4.59999990463257,0.13485724158051,25.8712504026567,-6.62520136140387,-3.65841684168707,-1.8194618214752,-19.6273033887788,-18.1103244631603,2.0653219738932,396.687634203373,1610.26533515001,0
0.74,4.11045750256107,4.58854961395264,0.0259811544827641,23.962233532347,-1.16700100216196,3.90661723522883,1.27862335273604,22.3558990091668,8.70426945181033,-1.24816778662927,413.664279078011,1587.77219080206,0
0.75,4.01139438998367,4.43974161148071,0.105641951499665,21.4785657593394,-5.13366943487715,-3.89048482854909,-0.983144431270666,-19.2898337591514,-10.7510772711001,1.84464850048823,430.183818272529,1548.47240430884,0
0.76,3.83698996239802,4.23526620864868,0.141153026976221,19.9786239715937,-6.86776022516903,3.66010860496079,1.16018151530685,16.4954883725626,13.1988791061744,-1.22706432900259,445.904872397035,1495.12021257262,0
0.77,3.36953743615682,4.00070285797119,0.157688741927166,31.626700183979,-7.70861149240007,-2.99271423601614,-1.55637713120541,-23.4737747515451,-22.5533313411076,2.09712342403824,460.858986543123,1434.86163924678,0
0.78,3.17855748914881,3.77467226982117,0.0990897963187447,29.8778927890255,-4.82917638481015,2.2525086123145,2.24482771076256,16.9816286613628,25.0526188266953,-0.755941678077837,474.857117383053,1378.19982939306,0
0.79,3.02283506743697,3.60415244102478,0.218472853093165,29.1416873785024,-10.7378001729505,-1.29195717035327,-2.74155227972004,-0.472152948336557,-31.053427627461,2.77335693392125,487.955922183187,1337.08044134796,0
0.8,3.0561210218077,3.53055000305176,0.0633088407143205,23.8010061461237,-3.02993771671351,-0.284994712152484,3.0434621277901,-5.71961807739676,23.3013816153399,0.114081801357512,500.691097317976,1322.45644264836,0
0.81,2.9527796165123,3.5855565071106,0.104208732269892,31.7222455614781,-5.11703702787893,-2.00845163699064,2.16699998741149,-25.9988664742116,18.8823693816088,0.782721951456587,513.302936871065,1341.82011327785,0
0.82,3.20472297818356,3.77771258354187,0.134201848756185,28.7367450038627,-6.50441919447866,3.16585525821782,-0.51538333997311,29.3073159634133,3.0313715534704,-1.69032317388311,526.354395638666,1397.22173095497,0
0.83,3.49245643902676,4.09306716918945,0.0616030547017351,30.1218094214853,-2.89578552550636,-2.82045968620936,-2.06059556277204,-22.2557485817344,-20.5034297545714,2.21939498518683,540.518491912544,1484.22028081579,0
0.84,3.87438849817202,4.49240779876709,0.072300111886076,30.996239262571,-3.43891076116277,0.248273841940312,3.86710145203802,-2.02692009326772,31.1204844207364,-0.0454546686673829,556.136431401645,1592.043759566,0
0.85,3.88364714966679,4.59999990463257,0.146911139572711,35.917073405376,-7.18144492949089,3.07401365291195,-2.37796932859877,33.3956803186665,-15.0445288838138,-2.19140319924536,572.779745575467,1705.00645887624,0
0.86,3.86837950235504,4.59999990463257,0.0969008575500436,36.6847025687857,-4.67414433544564,-3.446481292189,-1.75940798367683,-30.0167670654969,-21.6011278123285,2.06784807309398,589.410764677393,1804.9823687851,0
0.87,3.91467201805465,4.59999990463257,0.0960680223365652,34.374345609442,-4.60992809086374,-0.55165032957889,3.8767986777406,-10.2226189731314,33.1412904759376,0.165882009177398,606.024938318198,1874.51641227015,0
0.88,3.98703439013873,4.59999990463257,0.0950289041962946,30.7605041008224,-4.50638604452119,3.97915108616131,-0.268011854743241,30.9271259860538,3.16686058450986,-1.61421880800376,622.601123641283,1900.01239486436,0
0.89,3.82574114257461,4.59999990463257,0.205760976778752,38.829459782619,-9.99687711364589,-0.703845450996065,-3.76606352185743,4.83796130148326,-39.8027465067515,3.01056408286936,639.155916581532,1874.39831677546,0
0.9,3.87194995483949,4.59999990463257,0.0783375748306427,36.5234225285053,-3.73591062588004,-3.84608761322329,0.453589351530956,-36.7135772476093,-0.17512019906103,1.47363263605412,655.782121020179,1798.74613697208,0
0.91,3.75398521931195,4.50843572616577,0.0897808796064645,37.8478376160476,-4.23231516256542,-0.127920810698467,3.75287914798035,-6.41855859923942,37.5389585544687,0.0579844472799892,672.233751304138,1682.50211778371,0
0.92,3.1918350540717,3.9674985408783,0.0699116756152505,38.912853307149,-3.35318104301643,3.0425106203209,0.967381920454747,35.73062801127,15.7726407912939,-1.24104960518819,687.286567471204,1542.23330739932,0
0.93,2.74948108456827,3.40688753128052,0.147256571472021,33.0043811767556,-7.14895946054346,1.66642845688865,-2.19188205209863,26.8029315238533,-20.5426303076482,-2.43804243328224,700.04081053106,1399.06919290616,0
0.94,2.21900216110426,2.91306161880493,0.138795611410445,34.8414062651197,-6.8583972082517,-1.00725741684905,-1.98208660480181,-7.51843856481717,-34.7049605149516,2.73388950056495,710.744704840446,1275.26339805015,0
0.95,1.67334456457172,2.56247115135193,0.123021256517557,44.5991988422037,-6.00878315343887,1.66046324486058,0.240993928977382,42.251557022633,15.4919314972235,-1.3532799961782,719.668312852572,1190.4714065096,0
0.96,1.67231818358744,2.41010308265686,0.111484715436274,37.0364443964178,-5.41630924467113,1.13470255972301,-1.23350194563736,30.565382408329,-21.6053701101246,-2.33132314183849,727.666658088701,1158.40325350723,0
0.97,1.72568946267081,2.48000049591064,0.0302971141547613,37.867108209463,-1.40667408374159,-0.219621417126205,-1.71192536923741,-2.76023088482906,-37.7925619876119,3.031555176125,735.571270647574,1184.45176467694,0
0.98,2.05638965751436,2.76063227653503,0.0146171732293138,35.3680889439981,-0.644429983079016,-1.70508737833121,-1.14962129309649,-28.8199314714122,-20.5116687652846,2.17112496813245,744.162837802359,1264.72695878389,0
0.99,2.32392560782748,3.2061562538147,0.0540257559727795,44.2718707279602,-2.61692440498807,-2.27085970999812,0.496734527219511,-43.9570910662114,5.88395921904963,1.37868880596912,754.245413948888,1386.67659450846,0
1,2.81735760477264,3.74513244628906,0.0693879163513821,46.5533649758603,-3.34730523723629,-1.68860268825058,2.25631104179781,-31.4325549685135,34.5023873243325,0.667094243440194,766.278936786706,1531.18786073874,0
1.01,3.44947140415608,4.29191064834595,0.147702277028634,42.2908297510443,-7.2122478507813,-0.0306413461804433,3.45249620399997,-9.38671565404515,41.8619202775388,0.0516675698814997,780.498040306957,1675.79885342424,0
1.02,3.7559260464681,4.59999990463257,0.1873612036712,42.3767705174531,-9.16503150020957,1.80960611792962,3.29657555428816,10.2717621684231,42.1221958573395,-0.452182441166351,796.575011305208,1798.45029932928,0
1.03,3.77015554207724,4.59999990463257,0.109829253784208,41.669469450618,-5.24838284564456,2.87255884286198,2.44428741573858,27.4194126052204,31.8129850717457,-0.83665153699105,812.877807308849,1881.11469217619,0
1.04,3.68999012872389,4.59999990463257,0.216147976190039,45.6818519076939,-10.4942684976822,3.38874451253854,1.47619704864583,35.9956193377843,30.0212700182264,-1.10145690033119,829.162789312643,1912.6685182274,0
1.05,3.64407657099071,4.59999990463257,0.177652198155152,47.9815259676163,-8.50402203138704,-3.40229951287864,-1.31727460440813,-40.3953418675052,-27.2536526047195,1.98890766149753,845.42864592166,1890.51752193237,0
1.06,3.65599774042211,4.59999990463257,0.145160769132184,47.3894261203831,-7.02061147474943,-3.43408169306669,-1.26272485213957,-41.1116016752859,-24.5943672655196,1.96283901160225,861.737194169511,1820.71722105088,0
1.07,3.35706104352872,4.24433755874634,0.258028327498715,44.557133134671,-12.5456923949685,-3.0919313226697,-1.33281587763048,-33.6109177139105,-31.8282692158827,2.05450135456572,877.288635400095,1716.60699804185,0
1.08,2.82375515285947,3.77302026748657,0.150617262352426,47.6604700552195,-7.34778647211196,-2.28479929017752,-1.66612452314443,-32.3192240378928,-35.7907548050152,2.25415481594186,891.135570407166,1596.24408139177,0
1.09,2.23557254376671,3.30698871612549,0.114680040020151,48,-5.57546201777831,-1.34549715206324,-1.78901467959665,-22.2263497387781,-42.9077516773042,2.54800923440728,903.034195925079,1479.13368276576,0
1.1,2.00394292846521,2.91523361206055,0.134456783018365,45.769617350962,-6.50109298156875,-0.566524675158029,-1.92689275245989,-3.59577856621998,-46.0889624412527,2.92263649756998,913.19980715353,1382.86513962714,0
1.11,1.79316582826538,2.64917707443237,0.0805215568687668,43.0095208836894,-3.91165969351033,0.321948278023346,-1.76586429689742,13.4174434893569,-41.049874280103,-2.91638113942671,922.087488557366,1320.26156299001,0
1.12,1.63162113534378,2.53501152992249,0.0320208786085423,45.3823442424812,-1.56403121384105,1.06579019913858,-1.2358414612674,31.4712446425254,-32.7347540579007,-2.4103207383809,930.213686043915,1297.53494469196,0
1.13,1.60919442334435,2.57145261764526,0.10137266368287,48,-5.04389834434754,1.52130702259129,-0.534235951690956,47.5676739830923,-8.17051420330174,-1.84559946898562,938.196307345255,1313.73419316932,0
1.14,1.71054997893646,2.73243570327759,0.197345379270535,48,-9.64573982626071,-1.62957678714007,-0.55624268442218,-39.2083671657703,-29.3213956180476,2.01459884481012,946.591351612949,1361.5209855586,0
1.15,2.00679634861575,2.97355985641479,0.0903771213032003,48,-4.2592020713777,-0.932938849073916,-1.77905163296662,-16.4998456748925,-45.2757760285736,2.70361939833559,955.812350225663,1429.05699709411,0
1.16,2.23820749220096,3.24223518371582,0.133341381698923,48,-6.38765546804252,0.582698185241199,-2.16513637610533,21.2671990331697,-43.5029698717451,-2.81918927759398,966.067752045883,1502.58420460846,0
1.17,2.48744458463275,3.48818922042847,0.1477316306552,48,-7.07604918149587,2.22329766620415,-1.12523450167777,46.8524422748739,-12.6063128986455,-1.97999921133825,977.312729886064,1569.16530203666,0
1.18,2.62431023286079,3.67228078842163,0.252387202033518,48,-12.2929400384642,2.40744691430011,1.07466406512689,35.6943736208786,34.3660889046514,-1.05506929849867,989.417042068226,1619.04390063087,0
1.19,2.66752655841228,3.77346301078796,0.162885619936048,48,-8.00445455670079,0.267485867903881,2.65907521057388,-6.11382631450115,48.2772453703233,-0.0392696169641235,1002.06268717982,1647.1828817267,0
1.2,2.78053085781847,3.79053592681885,0.0601882522044133,48,-2.84211490230768,-2.41012021002764,1.38791031778011,-43.4692294606838,20.5548949696256,1.06995314894619,1014.89033048212,1653.72201124415,0
1.21,2.82119632239952,3.73968577384949,0.155640929944248,46.1698867286546,-7.5120080476833,-2.25445655083317,-1.70317305315692,-30.3985396389815,-35.5530236866363,2.27290125215136,1027.57358214431,1643.324528076,0
1.22,2.51311646916121,3.64975595474243,0.240985543993877,48,-11.7189691569291,-1.04027369719769,2.3003606358356,-34.0309061539974,35.8222230527207,0.520299027107661,1039.93746885593,1623.61027114676,0
1.23,2.51255405448996,3.5533983707428,0.00823403467541239,48,-0.261615969236399,-2.3765649494551,-0.815435293007629,-45.2648000200678,-15.9739263194317,1.90460162217207,1051.9569598285,1603.054302794,0
1.24,2.37998929955748,3.478684425354,0.167010586251795,48,-8.04494193765621,0.388675247824007,-2.35396965861016,18.9418561807184,-44.8322113575634,-2.9078962842521,1063.52394880053,1588.82917970262,0
1.25,2.45542708985346,3.44315505027771,0.180266079476204,48,-8.88051189867583,2.43641983024331,0.354226571269171,44.9497463319499,19.0363808607592,-1.35313587618093,1074.93895015178,1585.06726386123,0
1.26,2.32642015284375,3.44860792160034,0.225488993316376,48,-10.9529496904674,-0.436960503197201,2.29611444233732,-23.9928901337935,42.9919565727082,0.284679136140299,1086.21182996319,1591.91857871139,0
1.27,2.4360636063321,3.48199272155762,0.0687505645720541,48,-3.21174176308911,-2.23822930776967,-0.964086147637037,-42.1778365609119,-23.1375320246947,2.00572994879511,1097.65000443967,1605.60157151561,0
1.28,2.45040376259659,3.51844024658203,-0.0145151547340419,48,0.856566248774126,1.5314212865109,-1.91296579495969,29.1035507766973,-38.1800607375989,-2.47244105179387,1109.16302676849,1619.42613685889,0
1.29,2.35473535251399,3.52802634239197,0.204921600935711,48,-9.91326875584388,1.46683286268206,1.85342191523279,18.1351630484308,45.5344787895109,-0.582679906790123,1120.7246666747,1625.55569965534,0
1.3,2.39114557020919,3.48369121551514,0.271347613703335,48,-13.2413683613168,2.359557619005,-0.472963537695053,48.9492917212456,9.12692040441242,-1.65562377411228,1132.23178810129,1617.1121107693,0
1.31,2.26565681814022,3.36898016929626,0.162453844996681,48,-7.84355328681412,-0.737726430893356,2.14833698066686,-26.0134498247529,41.0952765701626,0.402358085411207,1143.43312849796,1590.14748805868,0
1.32,2.15805894767285,3.18370771408081,0.175956645205906,48,-8.55910246506564,-1.3660465367016,-1.67990952797719,-20.0992857411808,-44.4215820035921,2.54022934206688,1153.98333038789,1545.02784863124,0
1.33,1.91116467130431,2.94591307640076,0.242995696972608,48,-11.9502623031851,1.9193369742342,-0.166561967226736,47.4850711181207,13.8555689172961,-1.53089367438608,1163.66249617946,1486.89087749204,0
1.34,1.6267978898868,2.68991827964783,0.244741490818555,48,-12.0565609552807,-0.927688817880893,1.35858869016601,-41.4981581280037,26.9678240511094,0.748435000270052,1172.3252736138,1425.03110930246,0
1.35,1.37778164526109,2.4605917930603,0.248454629404093,48,-12.2408196804781,-0.322393721971924,-1.36237816076292,9.63447641353665,-48.5902719758491,3.08763875279959,1180.0191808701,1371.29162474443,0
1.36,1.13432650794655,2.30466842651367,0.0972748744661406,48,-4.66863735950334,0.883673670521474,0.71782997419982,31.2920861343905,36.6960695463756,-0.803039028815342,1186.91520798848,1337.75604280263,0
1.37,1.09640897692808,2.26069688796997,0.0733299776738381,48,-3.46772724697981,1.09391170570647,0.104149461988451,46.8154976143007,11.1505298252975,-1.40909166060693,1193.43511802911,1334.19381393985,0
1.38,1.13463126257355,2.35038995742798,-0.104426375393673,48,5.18897728379482,-1.04999552767864,0.442495606466296,-39.8931486615977,27.1930538026792,1.08017965846237,1200.07928085467,1365.78193800767,0
1.39,1.50435588869882,2.57257628440857,0.00643474035623159,48,-0.262748003882824,0.686902439931756,-1.33839197687451,22.3327359476744,-42.4890331921661,-2.66314005022798,1207.32969252819,1431.59112413171,0
1.4,1.79958596109411,2.90070128440857,0.0713834678120673,48,-3.35130934717413,0.190317446949688,1.79091722316539,-0.167486857054997,48.1165587141596,-0.0662249840659191,1215.71032296006,1524.18890468109,0
1.41,1.99295478223486,3.28638410568237,0.181866294108707,48,-8.77404763954143,-1.18755310824147,-1.6107953712597,-17.3485893174423,-45.6071305902451,2.59730648631697,1225.53060370724,1630.5013615203,0
1.42,2.5590117623145,3.66651821136475,0.0966386319896525,48,-4.66470042819501,2.13017209702638,1.42135395377331,36.1602115050922,31.909223337333,-0.944644976089684,1236.91893630676,1733.82944153355,0
1.43,2.8261942703241,3.97354769706726,0.301694491140981,48,-14.6977076082107,-2.78098028263017,-0.586977245913174,-41.1030306720234,-28.8194982348958,1.88515828566357,1249.65338440883,1816.68346036957,0
1.44,2.98611190543264,4.14819669723511,-0.0499754950506885,48,2.71567599140114,-2.92036741655189,-0.62515279269481,-47.622123726946,-6.59607669950258,1.76494563462688,1263.40929412507,1863.92661682246,0
1.45,3.02274072146323,4.1504077911377,0.273595319954888,48,-13.2363570626796,3.0349909370852,-0.0254141713227371,46.7563837074533,17.1184616975983,-1.48890348433904,1277.38207140532,1865.64046445575,0
1.46,2.88609226344765,3.96721076965332,0.295844181036825,48,-14.5407282201765,-2.89983988781933,0.0893362054134793,-46.8412264076882,-17.925743660912,1.64214882409512,1291.02460957619,1819.15952716626,0
1.47,2.30622956298543,3.61653256416321,-0.00802847507734006,48,0.524379763697326,2.27667056242279,0.368144541990665,47.4927861533792,6.97927199111526,-1.41396217903058,1303.5095387945,1729.86413763192,0
1.48,1.98933556808425,3.14518690109253,0.237053838883011,48,-11.5190529370897,-1.95966723406333,-0.416359047833515,-41.7313923088653,-26.3662563996305,1.89875047996808,1314.28968630211,1610.54460410837,0
1.49,1.47532352260672,2.6217942237854,0.167704053548202,48,-8.1773764828422,1.3320674860829,0.655972833624993,35.9730853415815,32.8147317092405,-1.00002235067638,1323.02983580043,1479.41414970846,0
1.5,1.051748362202,2.12509179115295,-0.047479323452412,48,2.45757744846074,0.560665719160305,0.891113267159989,29.3869501105708,38.0321817690493,-0.606708158710846,1329.70258803688,1357.10256450559,0
1.51,0.66629358350733,1.73102557659149,0.139711698802469,48,-7.03108161709531,-0.309526605925267,-0.60634955135606,-5.80057013867151,-48.1641930771461,2.87629016447591,1334.60175554889,1263.15833301194,0
1.52,0.323337538202156,1.49966311454773,-0.0284740350978942,48,1.29537823514857,-0.0628446219284474,0.318446993674077,-3.83858009941903,47.8637995524012,0.107007202714565,1338.25976422544,1212.68610469,0
1.53,0.300107748324757,1.46450459957123,0.079073189536023,48,-4.11639243941186,0.0756506263988778,-0.300988725093504,26.7799722337753,-40.0471943321061,-2.637725409157,1341.42561761325,1213.72893894679,0
1.54,0.383546431614468,1.62711262702942,-0.215562541303006,48,10.6342570385648,-0.436010653814583,0.0589048739696644,-31.9143461792465,37.3973519211385,0.924481487478457,1344.87388687059,1265.87311403895,0
1.55,0.812614316669766,1.95627534389496,0.0930800174965691,48,-4.75505669565114,0.778632979482289,-0.25047275415974,48.0014305658318,-4.74059361393582,-1.7679780539847,1349.31723603183,1360.33160804517,0
1.56,1.14943850138992,2.39400148391724,-0.16202852936768,48,8.06458136706291,1.00487682637618,0.581106424520222,47.5228483591139,10.5174310771522,-1.18653637079495,1355.36992918558,1481.49208801602,0
1.57,1.66614072312636,2.86566829681396,0.126700762181964,48,-6.31409496406191,-1.10704399802169,-1.25161159264433,-23.9502341793965,-42.0743874342486,2.49330865934077,1363.22429427882,1609.64721134755,0
1.58,2.05638924136465,3.29260492324829,-0.0768821180565527,48,3.93999907472605,0.0174239949760212,2.05775216595105,6.13525830859148,47.7690506310906,-0.0458368303724539,1372.87820763337,1724.40973731112,0
1.59,2.59150091813505,3.60564613342285,0.318650617948071,48,-15.7429195412125,1.27633453225063,-2.27780275414664,41.0906431661618,-29.383644428019,-2.50850295012647,1384.01710207639,1808.19283358128,0
1.6,2.64286979668957,3.75704622268677,0.15597017691751,48,-7.49658594978958,-2.5763518689901,0.609506772310919,-48.5736250102241,0.895407320002509,1.39743708120727,1396.05518568375,1849.12974175768,0
1.61,2.56775071166502,3.72735166549683,0.326771859343011,48,-15.9295787714836,2.20159567375564,1.36128617660475,27.2917819424531,42.5782822368692,-0.890436934339429,1408.28543804337,1842.91724436522,0
1.62,2.32428396111681,3.52821111679077,0.222549728112569,48,-10.9672579299209,-0.117652113845626,2.33194817555955,-17.8276628773244,45.8961347265092,0.145868331125553,1420.04668767368,1793.27260410535,0
1.63,2.03433293458303,3.19909071922302,0.0018083435108722,48,0.0830575775863883,1.87260868163361,-0.794890234124131,44.1683743108222,-18.7925945334937,-1.97133993367605,1430.67519200657,1710.95432150369,0
1.64,1.57606051132524,2.79834175109863,0.203627815612348,48,-9.88635111353799,-1.33960927092773,-0.854914044740352,-30.4775535889799,-38.3778408143425,2.26730718827779,1439.80387551688,1611.56337500284,0
1.65,1.39059990230568,2.39317393302917,0.28074262841174,48,-14.0395817618433,-0.119616663358925,1.41360403421432,-26.9108901889384,42.1534559115428,0.283625470956287,1447.28650579627,1512.56307269227,0
1.66,0.908995619904836,2.04637718200684,0.0444780003444012,48,-2.03492080420592,0.902525229561452,-0.117045032042637,48.0089673044637,-1.81106627110185,-1.65087076050159,1453.25414927029,1430.09077605529,0
1.67,0.601271498159477,1.8060405254364,-0.19293126530858,48,9.551752603822,-0.0593342034990192,-0.628672681073108,-27.6756034139082,-40.3645507033175,2.73699741634436,1458.03555620884,1376.15900452175,0
1.68,0.416088472072377,1.6974059343338,0.148404243791493,48,-7.29930387932249,0.258604499495915,-0.358157994476345,43.6777648045043,-21.2021861798518,-2.17362701499232,1462.14672859925,1356.75378200898,0
1.69,0.575432838090851,1.72008299827576,0.14574829826385,48,-7.35502483625018,-0.53276305764633,-0.261780522589884,-31.7990302980267,-36.7003823201753,2.27557889110979,1466.06361452144,1371.15347372578,0
1.7,0.58329689835556,1.84981334209442,0.149208196200779,48,-7.36647670947158,-0.131888371114031,0.587455372781281,-28.3566392488587,39.4229119880974,0.471277363790619,1470.31520727702,1412.54881046141,0
1.71,0.920055068832111,2.04473900794983,-0.037606254772272,48,1.99245065657484,0.876320450389808,0.282803868980363,46.7781028674509,10.9443570729882,-1.29948151022175,1475.24304939078,1469.79209630378,0
1.72,0.978948865892098,2.25532007217407,-0.157977128890511,48,7.83722358069985,0.264893432660982,-0.955577900862612,-2.49997638775779,-48.5713103746906,-3.03117014975509,1481.00818098633,1529.88991372497,0
1.73,1.13759581107522,2.43401718139648,0.211760061009043,48,-10.3490886180421,1.15190759548633,-0.109888326383331,46.891165027466,14.5712826336956,-1.48186474015686,1487.58605722574,1580.71994352833,0
1.74,1.46966203792304,2.54564595222473,0.351939050878623,48,-17.4144021664672,-0.316919251637467,-1.47760948467009,18.5500069404297,-47.5726669982404,-3.11782955539672,1494.70499390309,1613.42365020646,0
1.75,1.49218701361557,2.57287979125977,0.286926484372852,48,-14.3085904318005,-1.49549988368604,0.269126343810036,-47.8261021841264,-14.8795063768431,1.58271185246356,1502.07986735747,1624.00655267168,0
1.76,1.31665248749472,2.51904630661011,0.150354112414189,48,-7.55923639512094,0.0790380592594235,1.3228503759437,-10.1401151068161,47.5217857460959,0.0540243451661423,1509.37791463025,1613.84917195555,0
1.77,1.16008734125824,2.4061803817749,0.135450628187332,48,-6.52508696555803,1.16736109967304,0.0376506971265101,46.5066473973941,13.553911161084,-1.42232196400018,1516.31402520894,1589.05925149464,0
1.78,1.12328778894574,2.26888346672058,0.0832102391624398,48,-3.92954024685068,-0.345889085948054,1.07194222834913,-21.7147406597738,42.9873391201454,0.386070034393948,1522.73132522117,1558.83346424408,0
1.79,0.986156411613091,2.14578914642334,0.104488520217453,48,-5.06687904610025,0.884635953987428,0.448153487028264,37.5416976478493,30.3363511481733,-0.996323977983973,1528.58511460082,1533.19695138401,0
1.8,0.937876105982549,2.07024192810059,0.021434885983626,48,-0.968463461251329,0.660614826328974,-0.666077394710601,35.2428218136021,-32.6018624021769,-2.33746116997886,1534.03485628195,1520.61192034958,0
1.81,0.908718887405114,2.06247091293335,-0.126117406381526,48,6.37421565330726,-0.323107909941701,-0.858648295317877,-28.5208342695874,-39.1304566515853,2.64377919421413,1539.32264065506,1525.96808559213,0
1.82,1.0373508266832,2.12486338615417,-0.107532896841848,48,5.44360293275958,-1.03899461777176,0.0902787115815357,-46.1086361120993,14.4092501113542,1.38083141763238,1544.73368382113,1549.3842697645,0
1.83,1.08437692266592,2.24058699607849,-0.161469189574527,48,8.14809267336478,-0.330915552976409,1.04519878797795,0.455084434739941,48.6845387404564,0.158801700779276,1550.50495462469,1586.07934351679,0
1.84,1.25286646498728,2.37743401527405,-0.0461857882520008,48,2.42216974512136,-0.972728781554244,-0.790952731623191,-39.7901726485427,-26.9556870970366,2.21664346207376,1556.80432761129,1627.34674440324,0
1.85,1.42599633873135,2.49449419975281,-0.0490656398707463,48,2.63427312728006,-1.2851481367433,0.6198929437543,-41.2653141583934,24.6599521961866,1.08697265553352,1563.61883107163,1662.43550145714,0
1.86,1.47614985486441,2.55146837234497,-0.0689998443888075,48,3.69870826016004,-0.0816451155488537,1.4755044722565,3.28730355049646,48.0299289835064,0.00856820778904004,1570.74983533349,1680.9489047067,0
1.87,1.35076806373713,2.51776266098022,0.106332399177497,48,-5.04065659044762,1.2048635976699,0.619826308038735,38.1778455284644,29.5272811086211,-1.01710805544447,1577.9332083034,1675.25872726033,0
1.88,1.01414367320499,2.38026785850525,0.0989667969009394,48,-4.7216325175287,0.885411564419706,-0.504309605681254,45.7463822590043,-15.2827459523359,-1.99126659236114,1584.73035175574,1642.42159218532,0
1.89,1.11457589553566,2.14736223220825,0.270252709435413,48,-13.6006940893812,-0.0912046029310943,1.14323998979675,-27.9057052264524,41.3551749546206,0.317489109907859,1590.77907609458,1585.17767753265,0
1.9,0.805896834071124,1.84906625747681,0.279857455521128,48,-14.0438175016373,0.669954615822703,0.528157850755317,14.029237492641,48.0042634085179,-0.568966660617058,1595.70391447498,1511.79245132394,0
1.91,0.394790780262118,1.53213047981262,0.393059844812117,48,-19.6206142636025,0.448051137710916,-0.331067938314255,44.6127540455242,26.4323793963889,-1.42395863497394,1599.38251241696,1434.73399427576,0
1.92,-0.03082663838265,1.25150775909424,0.137638144099104,48,-6.82955623007969,-0.111016403975234,-0.0870051630274212,41.4746176668613,-25.1097377064655,-2.25652845782468,1601.8796711917,1368.41565112925,0
1.93,-0.248722466540071,1.0599228143692,-0.168946736752537,48,8.15287981907341,0.151891930796701,0.259489318816706,-4.91654905035332,-48.4385899338505,-3.07450090733836,1603.41393072784,1326.42877816891,0
1.94,-0.12357451970575,0.997473955154419,-0.146979418568019,48,7.21744867560806,-0.191768919139715,-0.00991428540465342,34.7083115333219,33.9326491139568,-0.647452523827463,1604.4979581393,1318.80374131474,0
1.95,-0.0102746917498858,1.08324158191681,-0.106220853939797,48,5.36142141318683,-0.0231565211391924,0.104173963306504,48.2955400939067,0.534459173019227,-1.44849513324007,1605.59441560143,1349.8454445445,0
1.96,0.0782372861721564,1.30961155891418,-0.000489099585517086,48,-0.226370702304234,0.0616990238099755,-0.048109693689365,37.8077931521315,-29.5740092084334,-2.23931736523512,1607.35752856024,1416.98954689984,0
1.97,0.57138822144809,1.64284121990204,0.283923709588467,48,-14.2956525487555,-0.208427636407589,-0.603038218405462,20.3237950749031,-45.7745457164578,-3.01320259757662,1610.28303256321,1510.93553415779,0
1.98,0.79729646638931,2.02845311164856,0.245449538524377,48,-12.1270028917111,-0.662357082528963,-0.5071589755712,-17.9591326814156,-46.1360352920239,2.52290755135459,1614.70357691641,1617.06920723311,0
1.99,1.00935405390642,2.40021109580994,-0.0433835056031696,48,2.08179868985628,0.938245074764608,0.374665069596428,45.9888263537301,13.9054570723709,-1.23382667120563,1620.60206844879,1717.93706136784,0
2,1.57418567306,2.69135856628418,-0.137241843777212,48,7.009912556004,1.53596058023826,-0.371107737597687,43.2701490990182,-21.9279062154041,-1.89482858096935,1627.82374978018,1796.32727297538,0
2.01,1.54135088540037,2.84705495834351,0.182702261620012,48,-8.80687243112541,0.776944641203638,-1.34368883780082,35.8034557742565,-33.1613262195434,-2.49936022130226,1635.91066117836,1838.38753096575,0
2.02,1.84385513634797,2.83456802368164,0.40643597220857,48,-20.2183356793802,-0.223253755862013,-1.87487325540566,24.8379068434697,-45.7805578961115,-3.04315348331238,1644.26017636811,1836.19376814934,0
2.03,1.3828038227248,2.64942908287048,0.250445412435761,48,-12.2240348531525,-0.751922575678,-1.1872159689535,-6.71769074435883,-49.0744297893948,2.75618372449389,1652.19708004017,1789.28008899283,0
2.04,1.17435291995493,2.31666088104248,-0.150495432647898,48,7.58383663419928,0.661595256721582,0.98185812220404,37.3643243162753,31.0712382515152,-0.72039539173614,1659.0613304752,1704.83116814732,0
2.05,0.476743210848029,1.88710713386536,0.0499389460561283,48,-2.54378175387006,0.448388670393117,0.169486246303284,41.744678614378,23.8296586839512,-1.10503765836258,1664.29688835435,1596.48796260005,0
2.06,0.208091217900077,1.42737793922424,0.266761661234222,48,-13.3481188519107,0.236852431752157,-0.241587798625405,46.1880909483358,18.6770589610086,-1.45776154883907,1667.74768827142,1481.97808446082,0
2.07,-0.263158388266036,1.00987148284912,-0.138902316350784,48,6.64398878351562,-0.226303901570445,0.193216808110437,45.3756526258309,-17.0056677532934,-1.79182738870837,1669.41035937621,1380.00367498198,0
2.08,-0.520861473702288,0.698384046554565,-0.0146262280618586,48,0.703344905213449,-0.436895318125265,0.283959649131457,40.5980342401768,-25.6182417407816,-2.11906218907953,1669.6865330488,1306.95954716505,0
2.09,-0.535381719158875,0.538594365119934,0.301635747878671,48,-15.3151607898591,0.592206108158329,-0.16404156506143,-44.818957981393,23.0177139499423,0.787495673122032,1668.99147879587,1274.08581849717,0
2.1,-0.788244315213076,0.548998594284058,-0.113005178240366,48,5.23181069228261,0.242770397213977,-0.758394227965533,-16.2672767342121,45.4614952544727,0.452196599767403,1668.09872103408,1285.57620926447,0
2.11,-0.398089033408797,0.718858122825623,-0.152085678244054,48,7.56757971406399,-0.106912245489978,-0.412522367650041,2.18743469906865,48.5436235994597,0.111340049279036,1667.61119310895,1337.98165944819,0
2.12,-0.0714527678905761,1.01129102706909,0.189396698603693,48,-9.70852876708629,0.168089923396549,-0.112793550940402,1.50292367452791,48.9489198169876,-0.230262941420065,1667.9559314809,1421.00388383055,0
2.13,0.0155070747179458,1.36910390853882,0.0711350641098916,48,-3.50255887924366,0.0683949431778788,-0.0249559303557504,22.7207660049401,42.4268159405267,-0.564505627778396,1669.67138649812,1519.51205932402,0
2.14,0.648468322713523,1.72656238079071,-0.142435528802594,48,7.19882533093745,-0.358587992121927,-0.558760858806457,-39.0711036891482,-28.7970821899923,2.35481924499347,1672.81734985232,1616.38815009878,0
2.15,0.965739022722838,2.02161836624146,0.35058172606662,48,-17.6353148210005,-1.01626031054013,-0.150911854678108,-33.8364161550798,-38.3418996740649,2.06644199776932,1677.26553036766,1695.65585041673,0
2.16,0.919114571197563,2.20624589920044,0.122843520178987,48,-5.91929527431076,-0.921596751467427,-0.102574622213938,-45.1531916337166,-17.3270696262624,1.814507876453,1682.69207119857,1745.30309063173,0
2.17,1.19557486483612,2.25498533248901,-0.074047226357486,48,3.9001608691474,-1.19242859406459,-0.114001303572703,-48.103606001599,2.29223568774241,1.60425553268746,1688.53294185548,1759.27630138103,0
2.18,1.10007021909167,2.16826367378235,0.413971105927164,48,-20.7225938928096,-1.03482485367492,0.557372483794839,-50.3401874236007,-14.1170615852967,1.43665737665555,1694.23671042038,1738.2919932527,0
2.19,0.663616484464086,1.97092545032501,-0.105428870915037,48,5.10955216647264,0.671904659828985,-0.00679804199665529,46.4741428644471,-13.0484316435679,-1.73846700165498,1699.37266606433,1689.34440111096,0
2.2,0.370007419614542,1.70630300045013,0.0454726609324998,48,-2.14598531368848,0.34572415862023,-0.139456299995475,46.9267941842629,-10.3189747821376,-1.83192490231983,1703.54585786881,1624.04113644721,0
2.21,0.153179230816504,1.42698907852173,0.307196627248765,48,-15.31969758967,0.0460006300863845,-0.340172877487621,50.376156329948,-0.967474888349004,-1.89894009972253,1706.57259693995,1556.12260750029,0
2.22,0.0668231134426584,1.18385934829712,-0.171138175337499,48,8.50310931408422,0.125124834344003,0.134526500654722,41.5001876941106,-25.5741527593947,-1.94774366491398,1708.53625448767,1498.67212543449,0
2.23,-0.0792654838629601,1.01610112190247,0.232397228260588,48,-11.841736461858,0.148374670224908,0.195643670663998,-49.2877484594687,3.86582128767463,1.25064979955341,1709.73900622245,1461.57336052276,0
2.24,-0.282046466851143,0.944611787796021,-0.175294120358544,48,8.44631142544814,0.204708881634148,-0.261481379596301,-42.1815424126019,24.4142920517783,1.22029943165307,1710.48218930228,1449.71146632148,0
2.25,-0.321482852318869,0.968370735645294,-0.0639313642522099,48,2.85513331874704,0.275544954822809,-0.177520200377084,-43.5979368517791,20.2822998828068,1.19477598901983,1711.14363631093,1462.25674760065,0
2.26,-0.22455395730929,1.06546783447266,0.16380197451704,48,-8.17661426152358,0.270358772131776,0.0645112465415293,-47.43944211509,10.9707042887306,1.17480785089095,1712.08466856163,1493.14721945687,0
2.27,0.0526553787318817,1.19975018501282,-0.0753340805516459,48,3.81632432469389,-0.0781937882494982,-0.0483067705518844,-42.5597902141445,22.5217359073244,1.1634189883332,1713.48540298211,1532.6434307756,0
2.28,0.152347948399514,1.32854819297791,0.294566482603328,48,-14.7607183538349,0.0543940844965941,-0.327140021438245,50.2132437849527,-0.713410761166637,-1.8833399116371,1715.40165759694,1569.61392674375,0
2.29,0.27116237584316,1.41257917881012,-0.321794559735347,48,16.0229320120212,0.353246583025324,0.228686738419844,41.2373497235316,-29.3294278505565,-1.86684206180542,1717.72804757208,1594.06533693715,0
2.3,0.370593233703937,1.42519164085388,0.372863877108989,48,-18.8118993777326,0.261528561886447,-0.456036870261052,51.2324692859935,5.75514109798101,-1.8324482348816,1720.21750425572,1599.38573873547,0
2.31,0.0299841637747142,1.35736012458801,-0.224455397427473,48,10.9713555601805,0.0759045362818186,0.21334895566521,44.6788717709831,-20.6922463763592,-1.77980785405702,1722.64317935898,1583.83231710972,0
2.32,0.00559574865450468,1.22131371498108,0.108797996319106,48,-5.73986103079798,-0.00966379477401154,-0.108512337900454,48.3311118634813,-1.02451485715613,-1.71100628555786,1724.61930180628,1550.95161515628,0
2.33,-0.301107759745757,1.04641199111938,-0.0493914215865966,48,2.12599172873664,0.302648830391514,-0.0388468913569902,-48.0449645413002,0.448578929355112,1.60572251557553,1725.96476896396,1508.84113870261,0
2.34,-0.327049047160312,0.873969793319702,-0.139299350595723,48,6.88523863505422,0.34168847154081,-0.0980529282630718,-48.482299960489,0.934399059722314,1.69399634858223,1726.60391710657,1468.40043234714,0
2.35,-0.565980421279964,0.74745237827301,0.163513738596307,48,-8.22664244340683,0.518334352371787,0.280000141309441,-45.1573273752113,-18.2344023817523,1.78483262668138,1726.6850671589,1440.92985774431,0
2.36,-0.448832191728937,0.703360438346863,-0.0590772781604352,48,2.93170343533173,0.445947349467614,0.0779193341209766,-46.6783132707467,-11.5641668628039,1.87464982496256,1726.39575834225,1435.57378665215,0
2.37,-0.426621415530579,0.761728048324585,0.309149784625844,48,-15.5238849246124,0.27637133792482,0.448551340536583,-38.444169887913,-32.6655293050929,1.96231192912224,1726.15373847354,1457.14354230154,0
2.38,-0.20210231569941,0.921529829502106,-0.16856343614903,48,8.38870428987279,-0.261209741439546,0.0320694401965185,44.8813452055496,18.9745938613511,-0.997796668935732,1726.37966549772,1504.78575888604,0
2.39,-0.0303513765894761,1.15901827812195,0.360718513385487,48,-18.1254651787591,0.198606777710327,-0.302645667088483,26.6011322941391,43.8738219057346,-0.90610651522529,1727.38560332312,1571.79700161429,0
2.4,0.319872799393465,1.43131065368652,-0.276366136896554,48,13.7807076305023,0.0383263597516902,0.420984488506549,44.1128305645758,23.408675365736,-0.803348314334682,1729.41937519453,1646.65765349509,0
2.41,0.564366066717503,1.68438351154327,0.375733986472676,48,-18.8582587779619,0.647379300395748,0.201457507360602,15.6034259877733,49.1545218833492,-0.681729344337867,1732.52757986807,1715.11213923893,0
2.42,0.632105442221332,1.86285841464996,-0.23305713319847,48,11.6017711647025,-0.0581992713431388,-0.671182361385967,-30.931461667947,-38.4947499438878,2.70186166513383,1736.49898816091,1762.90736699914,0
2.43,0.806354587656349,1.92177212238312,0.329968953480875,48,-16.5618447726018,-0.526734920793373,-0.694001119964877,3.62461488777463,-50.64737771284,2.88078865135314,1740.92133195448,1778.65997757402,0
2.44,0.605722074946244,1.83579039573669,-0.339407191599801,48,16.9111985922172,0.30910041123601,-0.621734195264002,-19.2594570341346,-47.1069204318827,3.09222124266,1745.25282869195,1756.28450860592,0
2.45,0.577617129100895,1.60508739948273,0.331450495615576,48,-16.6589429068681,-0.215388103485386,-0.630165806555338,25.494840105326,-43.949215087168,-2.94999016866477,1748.89799694425,1696.48779219288,0
2.46,0.117304718012813,1.25682926177979,-0.22067889580257,48,10.921980084178,0.249781847248697,-0.00828255430020798,11.3040507718861,-47.9114608951324,-2.68616169782456,1751.42965035182,1607.00679017418,0
2.47,-0.349268307530842,0.841802000999451,0.295953543126038,48,-14.9912405503851,0.457401779638126,-0.018985845206087,-45.4599133209776,21.4972922501583,0.826356786708394,1752.38689885316,1501.5051266319,0
2.48,-0.654998088218247,0.425793886184692,-0.229484584063297,48,11.2906166948121,0.481672109350479,-0.499677544988889,-37.7851115257435,31.682224864051,1.10404735006347,1751.66976228258,1397.30205388315,0
2.49,-1.02336486860453,0.0775939226150513,0.294701139549922,48,-14.9882182015857,1.06150398122302,0.0856371052387714,-50.0203044444886,-5.15905302735085,1.37091086330131,1749.49809906209,1312.33636113184,0
2.5,-1.23062021546752,-0.142342090606689,-0.299578244416072,48,14.7409989456354,1.24322007970553,-0.24202700812452,-48.6335679266963,12.4929228219275,1.61731578670887,1746.18016178773,1261.92206044949,0
2.51,-5.05895918753197,-4.00021362304688,-0.100831306955254,48,4.06792976756348,4.95485165503665,1.02600199325199,-47.7036606181359,-6.70140404867078,1.7949093925618,1729.44008868331,256.610406227686,0
2.52,-5.23495984185218,-4.15302753448486,-0.557660850783402,48,26.8371070148139,-5.09517381292395,-1.32476186025848,54.3811428194687,-8.18056346305805,-1.21029914040981,1710.58760626152,218.831583251882,0
2.53,-5.43623886378583,-4.26222610473633,-0.491200239296541,48,23.3521630036417,-5.37728319120356,-0.937441273264706,52.4176394094957,-10.0853654214775,-1.30808537647816,1691.22348449619,192.474381881391,0
2.54,-5.63785678304587,-4.31558895111084,-0.0275447921455214,48,0.3414943301026,-5.63709539427683,-0.0966609410963491,47.995874377925,0.716003544636582,-1.54876506539894,1671.63355107392,180.68161780239,0
2.55,-5.40832241229982,-4.30575084686279,-0.500828678722984,48,24.0400887923262,-4.87777309693683,2.38916518801343,36.3312263551194,-39.5217390897213,-1.93391598522983,1651.90110057769,185.191659985085,0
2.56,-5.28915216805819,-4.23140335083008,-0.470967210436639,48,22.3756600511369,3.35513320213927,-4.11582579394267,-17.4876843641659,49.9885092626631,0.772737681901669,1632.37261429494,206.16581105929,0
2.57,-5.25946744438983,-4.09816122055054,-0.416025762873238,48,19.7587626499084,0.122326871540634,-5.27447735519548,14.7623776948395,49.7642532974255,0.102124071347065,1613.29833466447,242.175996541351,0
2.58,-5.03691826160063,-3.91611313819885,-0.048688827494185,48,1.59463660179022,-3.30550080272488,-3.80086577231477,32.3605029965966,35.4871908116017,-0.706137441322225,1594.88524894212,290.35298820583,0
2.59,-4.85942549109275,-3.7003436088562,-0.0161744055166407,48,0.0455465530485094,-4.84416740593405,0.385123172714894,47.8579581899998,-3.69024557078848,-1.64680345803768,1577.2398461382,346.679039366155,0
2.6,-4.77999919206337,-3.46930623054504,-0.060407361232186,48,2.07572371874873,-1.92909876483441,4.37385633976836,18.0351172941203,-44.5313729088145,-2.71356777104249,1560.46673743325,406.394209492902,0
2.61,-4.52945695273566,-3.24223279953003,-0.166202771841471,48,7.35087960901294,3.235246817205,3.1743946950274,-38.3432688856328,-29.7964622428614,2.3833782307963,1544.62148973992,464.474285113832,0
2.62,-4.27108879529554,-3.03763914108276,0.0325359566310113,48,-2.33041639425812,-3.9586802073186,1.60377963011038,45.2406339680594,-16.2085125393634,-1.96333474729465,1529.6370909002,516.131206850592,0
2.63,-4.05404256653313,-2.87163734436035,0.0200850587119756,48,-1.60651901193624,0.897135854257183,3.95358214785683,-9.28885778565541,-47.1200384589569,2.91349984042697,1515.3961281132,557.284977644856,0
2.64,-3.75940443140615,-2.75594854354858,-0.15836900452821,48,7.30458258577266,3.68151007380266,-0.777615584309492,-46.1322502948606,15.1384414483362,1.4047353183258,1501.66220331539,584.959320695148,0
2.65,-3.80778500274468,-2.69708776473999,-0.320534472067118,48,15.2578060734682,-1.08206835815083,-3.66484611453188,24.6269144587188,43.9353585443263,-0.203118246760235,1488.26557605634,597.56150626057,0
2.66,-3.8334750115382,-2.69605398178101,-0.203863406356118,48,9.47899009909343,-3.54965189059963,1.46186949078958,42.1524102054233,-24.8399993392197,-1.90833339125381,1475.03987480426,595.018907206808,0
2.67,-3.74352391824511,-2.74798059463501,-0.403469004560878,48,19.5741887601444,-2.07178336991554,-3.14395805192372,39.3693397120705,33.7224547779866,-0.475293838394031,1461.67892096907,578.759702810235,0
2.68,-4.02164538350161,-2.84219551086426,-0.214661288325617,48,9.87875664527143,-2.62935938155626,3.05060326853025,26.1028252643581,-41.4756837927343,-2.37689623176459,1448.01894656803,551.54118662877,0
2.69,-3.97774891396076,-2.96506452560425,-0.229869894976879,48,10.8381791769764,3.83511064222305,1.08039481350117,-48.9096406233864,-5.41416493685218,1.90311614624276,1433.93577741897,517.144693973897,0
2.7,-4.16335309094268,-3.09930729866028,-0.244144435816005,48,11.6452481445066,-1.08643143293589,-4.02650992882555,21.1712705691083,44.6249829897642,-0.204969496245953,1419.40232846076,479.969654200444,0
2.71,-4.41026658820921,-3.22795748710632,-0.35038647039375,48,16.6556485750201,-2.64471564471163,3.54664647467535,19.1296610238472,-47.0687443912334,-2.42157122140388,1404.31247744317,444.569322523985,0
2.72,-4.34650303235767,-3.33427858352661,-0.295747855437243,48,14.0348163324026,4.33216781863926,-0.46030141802569,-47.4334714139783,15.8443005242762,1.53287949592438,1388.81027513504,415.176348217101,0
2.73,-4.45992452289696,-3.40449500083923,-0.271280462958596,48,12.8778046694567,3.43645923819094,2.85574294077265,-43.8027514135247,-23.4767293656855,2.32491516822994,1372.98752346632,395.266948083502,0
2.74,-4.44176805236969,-3.42932105064392,-0.214387190580381,48,10.0684983627816,-1.24521307558831,-4.26904084015612,20.9940135200886,44.3241024229445,-0.235581796560914,1357.00766877813,387.208050706145,0
2.75,-4.36270158581105,-3.40423154830933,-0.321157881232262,48,15.4171587720942,-0.674081275385968,4.32225889387597,-4.15912346398488,-50.2433127551846,-2.91340122140319,1341.01499557263,392.022849424779,0
2.76,-4.43191600934807,-3.33045959472656,-0.312098124083995,48,14.9010588463345,2.15039828196017,-3.88781069265405,-13.6250779716948,48.3776684536074,0.575534543232621,1325.24710240267,409.297704277332,0
2.77,-4.39134546315199,-3.21426582336426,-0.348021054336276,48,16.6222539115849,-2.93640109287235,3.28368424986096,23.2465139512078,-45.1652401102607,-2.33288284397488,1309.84166956415,437.238580381595,0
2.78,-4.07363027846707,-3.06689524650574,-0.266470267295694,48,12.6720538910004,3.10877523700159,-2.64593774960827,-30.9397776836089,38.8241047122181,0.930973372389323,1295.0416815168,472.869740626905,0
2.79,-3.91622962852335,-2.90313267707825,-0.249014433204218,48,11.9345959089104,3.25336571153198,-2.19419102137808,-35.3861311210407,34.5580135973336,1.04093312722124,1280.84927448486,512.352824988053,0
2.8,-3.84727752475588,-2.73900556564331,-0.330069262463109,48,15.8139697065942,-2.95021974005374,2.49132365539124,30.0534222026366,-40.630942049024,-2.18647821214887,1267.26826105935,551.39224505528,0
2.81,-3.62611213351378,-2.59123682975769,-0.105039752022252,48,4.81252898854889,2.4550990768437,-2.67061997993012,-30.0477470071903,37.7398110098277,0.772335454104531,1254.40379832235,585.684241065019,0
2.82,-3.64140860156488,-2.47505593299866,-0.29939706775475,48,14.3118919734821,-1.47267171351744,3.3437603430773,10.3005314843828,-49.0176427727799,-2.64469515616556,1241.96170605431,611.362846643273,0
2.83,-3.39037228420889,-2.40212917327881,-0.20319205986045,48,9.70124945982372,0.244702758146432,-3.38762922984167,3.30073089062984,48.8591794514539,0.131969456181198,1229.94468728915,625.396770734991,0
2.84,-3.53960626787824,-2.38031220436096,-0.081033664513768,48,3.65294341557179,1.1910988107423,3.33416595409342,-18.5765150899623,-44.4101011337485,2.82137161251829,1218.14910817662,625.896717368422,0
2.85,-3.47508027768696,-2.41233158111572,-0.230630619416043,48,10.9072257080698,2.57288118653561,2.34726560468819,-41.1087488268025,-27.0746808391465,2.37664094027337,1206.2568650454,612.302311996567,0
2.86,-3.53725189579713,-2.4955370426178,-0.167335002982071,48,7.79991331812633,-3.51023885441756,-0.467306283373839,48.6212585913815,0.901033162703519,-1.39117663173853,1194.21782315891,585.43055428943,0
2.87,-3.56196920661522,-2.6218900680542,-0.18939166918612,47.7850226232088,8.97240634709021,2.96500220009049,-1.98299162547165,-36.4898813905791,32.1309977881072,1.03443915879498,1181.78414715561,547.382223891977,0
2.88,-3.75836640221766,-2.77987003326416,-0.153980329512447,48,7.21513162577927,-0.689841264693682,3.69772186416462,3.69448766280376,-48.3984388724131,-2.91620731477262,1168.81275183874,501.317408693691,0
2.89,-3.94660334346853,-2.95461392402649,-0.150520886213285,48,7.02621370290991,-2.60206567740476,-2.9711258301081,35.6833807691983,32.8643274064656,-0.681153220170507,1155.18524613518,451.124772811806,0
2.9,-4.04867785209236,-3.13005042076111,-0.309705112270814,46.7231148022111,14.9571848647934,3.98309118258871,-0.789109775490046,-44.6121670600841,20.4088555804424,1.45156068982154,1140.89316115506,401.019948572916,0
2.91,-4.14896985620464,-3.29022407531738,-0.266749194534671,43.7327349999519,12.7372870149005,-1.11447042475809,4.00537909227318,2.37529705833517,-45.4878945980206,-2.80600905114027,1125.95917627676,355.115427580118,0
2.92,-4.42147467786557,-3.42104578018188,-0.19661476724844,48,9.14286053630248,3.3015031063783,2.94757068316962,-40.7366322352259,-26.9836745629322,2.34405622065764,1110.50501196385,317.006846129752,0
2.93,-4.50136073758384,-3.51151418685913,-0.12722956822084,48,5.89739636894029,-3.72369453252312,2.53229833971994,37.2611001854765,-30.8283910851714,-2.13974998380215,1094.6763774846,289.418386174269,0
2.94,-4.34721673042231,-3.55578184127808,-0.285655953225336,40.3787154293758,13.7250571790375,-2.17758521339479,-3.77332946656942,30.1579979447576,30.1548174303603,-0.457794664597964,1078.52086796589,273.943411708692,0
2.95,-4.47344104209427,-3.55130481719971,-0.158262625809034,46.9177750183086,7.38031518838554,3.92743967562984,-2.14754264453818,-38.6259762441864,27.6365812670829,1.10577312292873,1062.37653304408,270.906158138414,0
2.96,-4.26432848948237,-3.50221347808838,-0.226828417611547,38.9206994781526,10.7980968601909,2.56166513857032,3.41669728174456,-30.6317627432972,-26.3270745604043,2.55139422561274,1046.37387307576,279.357395342778,0
2.97,-4.28952266242344,-3.41529178619385,-0.222079845499257,44.5305240405823,10.6938403886376,-2.72557800024152,3.31972117712025,22.0955363740556,-40.1137515813384,-2.40243527320433,1030.69404121029,297.202862317758,0
2.98,-4.21377554557619,-3.3027195930481,-0.228620377388122,46.3758458253806,10.8308955859816,-3.99256879332904,-1.3665892052801,47.0561608267135,7.33110520074438,-1.18681030978785,1015.34804987074,321.449408305802,0
2.99,-4.07420433272937,-3.17751264572144,-0.20938684432188,45.6617583416046,9.92040721514215,-0.540312680146658,-4.04364266510762,13.6041374887185,44.7027750519963,-0.0814853266521517,1000.55206733473,348.541619295944,0
3,-3.80980055724548,-3.05396270751953,-0.202215752647337,38.6232099211782,9.64420444936992,-3.12188761730744,2.1930091658516,27.6195201624382,-28.6692366496444,-2.13014508550002,986.292469989261,374.752517047532,0
3.01,-3.7708431741612,-2.94580101966858,-0.152700948350588,42.0876091891033,7.20050745506794,-3.60962237136105,-1.10145456552467,42.1036627070549,7.10603556955183,-1.23415392439908,972.516139104762,396.586627762168,0
3.02,-3.65041999781086,-2.86447358131409,-0.151089608107077,40.1369924097965,7.1347671608303,-1.68429799480077,-3.2421496718698,23.476522970474,33.327705161924,-0.437759895954861,959.117171544565,411.152850778601,0
3.03,-3.55451644728246,-2.81774187088013,-0.0846520101245589,37.6825733300379,3.79515651493943,0.836756810374371,-3.45566074392608,-6.07141799328009,37.3833844013279,0.261379134328886,945.940534688035,416.468168191974,0
3.04,-3.52429975047398,-2.8095760345459,-0.261359471429135,36.5842066941356,12.6065986565753,2.51204225507514,-2.48568727180506,-19.6567647388924,33.3307982071693,0.864695266777278,932.92304290584,411.660908067161,0
3.05,-3.66503285189757,-2.83885788917542,-0.232611688393904,42.1609944729166,11.1646114534039,3.54751854987041,-0.949571556751356,-39.1380338886664,19.2460984924316,1.37263835334605,919.898849744252,397.053167683592,0
3.06,-3.7043829693956,-2.90044498443604,-0.0835742218847622,41.0533324062071,3.86476577359109,3.63788200487384,0.703741680680411,-40.9393889066268,-4.92736766349067,1.78444127874027,906.736515577827,374.11494748788,0
3.07,-3.75161720426936,-2.98554968833923,-0.175422073171034,39.1640582936441,8.34863427155632,3.32977799492146,1.73723431225102,-38.0416267139945,-12.5043109838671,2.09839891080732,893.189141577542,345.296162564387,0
3.08,-3.92420345456241,-3.08164310455322,-0.0920834461223339,42.9929294063246,4.2393019885925,2.95634304711847,2.58222537777081,-34.570834777744,-25.9079339789499,2.31221043024453,879.376873218509,313.755547069576,0
3.09,-3.84115060768232,-3.175621509552,-0.13288337131063,34.1455335225307,6.25515705167243,-2.35293302737009,-3.03904625663713,25.0331410251449,24.0496631929548,-0.624250458057528,865.167861117375,283.016199765862,0
3.1,-3.98180319179152,-3.25395178794861,-0.173337161213154,37.2658285880186,8.36586771837747,-2.44983816500116,-3.14373907869631,28.4225730486808,25.5124883993188,-0.618470693786564,850.674090636809,256.585019355315,0
3.11,-3.89364183831624,-3.30460834503174,-0.23253402882716,30.3290675566831,11.1888892895503,-2.74251966646627,-2.77364466337976,28.4120141034555,15.4207988436626,-0.720105092732594,835.858802976057,237.576778936367,0
3.12,-3.97301297526344,-3.31755709648132,-0.107905658028491,33.6542646817436,5.03795905330929,-3.25012737841098,-2.28760743064661,29.9952116531133,16.0710248763609,-0.93033707626719,821.055699630739,228.382748913174,0
3.13,-3.87255821165277,-3.28773784637451,-0.106025241518221,30.1265382460043,5.01378586584937,-3.70767327327221,-1.12299036199839,30.1673733861849,4.76192591028589,-1.24932512227533,806.286516396939,230.4187169203,0
3.14,-3.89266472190521,-3.21350431442261,-0.179083988989129,34.8475442398487,8.68603244636038,-3.85232911000194,0.586915786556518,33.7425878536084,-12.2978154218119,-1.67601409344016,791.71485913662,243.978536813896,0
3.15,-3.78981294189193,-3.0976505279541,-0.131920589316305,35.5015806070213,6.33623237820627,-2.96754106507294,2.36088652915021,24.7641824100923,-26.215364500749,-2.20803496995145,777.561950675467,268.207914557161,0
3.16,-3.54251940215971,-2.94719910621643,-0.149277741113288,30.6633661687413,7.232241534507,-0.90388813722028,3.42851480878563,2.14886798378863,-31.4313491406271,-2.84170566499633,763.98487474664,301.200235658597,0
3.17,-3.35717281948118,-2.77251625061035,-0.154651164126152,30.134024072195,7.52042401709113,1.54306835871427,2.98554289246758,-19.4220657874835,-24.2363269644378,2.71059194845532,751.089682587032,340.203234810688,0
3.18,-3.21940592755681,-2.58609676361084,-0.110260600676751,32.5705724879105,5.28932408751766,3.09347574208628,0.89840957228497,-32.5971238623518,-5.12314916779878,1.88767718283546,738.876156797558,381.913584429711,0
3.19,-3.04273878945812,-2.4016535282135,-0.106556079857946,32.9632298240158,5.06195465265062,-2.62140030868274,1.54850701020879,26.5302379310814,-20.2075327701474,-2.06935700614886,727.403266140516,422.827272469999,0
3.2,-2.85964271527882,-2.23208069801331,-0.162435086526574,32.2909538202016,7.81611826764781,-0.0707911489199376,2.86337741655142,-5.16270239267407,-32.8198706182235,-3.06013312752811,716.629691206477,459.607915038789,0
3.21,-2.65840586353518,-2.08807039260864,-0.0643470750477184,29.4333994862976,3.06928488546765,2.25171615758017,1.41458001789854,-26.232275746039,-13.6971976773322,2.15591040290773,706.606385365578,489.433495307088,0
3.22,-2.55538886039284,-1.9780867099762,-0.119492122433503,29.7854972444411,5.76733352303342,2.11039342263617,-1.44586659026255,-22.2974565384286,20.5733180109918,1.01685568771946,697.008148398952,510.284591029305,0
3.23,-2.50169765042035,-1.90662050247192,-0.0459510158304361,30.6779858889787,2.02187427406933,-0.519724804565256,-2.44754749851645,7.80521403922571,29.7372733717534,-0.190871346341683,687.782810570069,521.143652927423,0
3.24,-2.40002390527419,-1.87290573120117,-0.0884639031001401,27.2837538393351,4.26075953202008,-2.39600320708164,-0.164648837511145,27.5806699524663,-1.36526199985943,-1.46534315389853,678.814752530466,522.084613033304,0
3.25,-2.53992670113477,-1.87384247779846,-0.143070810023033,34.2358262409508,6.88772780229403,-0.702679915210674,2.44498217592226,4.78971683363063,-34.5917794473297,-2.80546895334411,669.816239355296,514.243984339609,0
3.26,-2.38147956734949,-1.90103185176849,-0.191836297318963,24.9576180565246,9.4206523063312,2.18089096591542,0.975684728516697,-26.4149669432129,-3.72570937153135,2.07184830697745,660.871894181117,499.677383029593,0
3.27,-2.597998821347,-1.94507384300232,-0.0389020556310974,33.5850321436243,1.81205194634277,1.43462746916189,-2.1663229838551,-17.4652544989946,28.7437436954526,0.599905016163925,651.795569439087,481.117694701092,0
3.28,-2.51066188300786,-1.99333882331848,-0.0992836106825632,26.808528372602,4.72192100150723,-2.08539808308095,-1.40156882143584,24.4286917135746,12.0096941098519,-0.939526404649472,642.452790461388,461.661604947704,0
3.29,-2.58688246608084,-2.03405427932739,-0.091214935635392,28.5872392699971,4.38565203356064,-1.37236161346695,2.19474478235668,12.3667768023045,-26.1443497597764,-2.54753570363653,633.072506184287,444.418806338184,0
3.3,-2.65543131875076,-2.05651140213013,-0.0546723150339217,30.8954093198566,2.60145137946268,2.37216853300847,1.19462169812791,-28.5196305775658,-12.1624231977171,2.05790494375876,623.499231174053,432.162075741108,0
3.31,-2.58237381177935,-2.05249238014221,-0.068897365106507,27.4469392638413,3.26203685218716,-0.951723013402931,2.40158794476523,7.78933014612715,-26.5198358828379,-2.73761592654691,613.889142054961,427.016183762412,0
3.32,-2.58459614313468,-2.01664113998413,-0.0632279355690417,29.3540003935408,2.9166803999693,2.5627700531574,0.341093315065883,-29.4493908197611,-1.70227612464394,1.72757272475306,604.394304211246,430.219287789592,0
3.33,-2.453210826427,-1.94782614707947,-0.0830198973369175,26.2288318706564,3.9284797793943,-0.470313369159059,-2.40913698179301,8.03093833494249,25.2762458473687,-0.158967456379518,595.156136930485,441.982543285497,0
3.34,-2.24328122039331,-1.84899616241455,-0.0813459389281055,20.6771337657728,3.86949164653871,-1.88087256173651,1.22525352562485,15.7297046184443,-13.9675774201107,-2.11192878395263,586.289971028033,461.463000512059,0
3.35,-2.20626782159983,-1.72670865058899,-0.044979917768461,24.9442155403817,2.05570755479116,1.86549278828424,1.17880344014124,-21.944350165345,-12.0368317383175,2.1547260129716,577.833396098402,486.852584309595,0
3.36,-2.01130593553231,-1.59091484546661,-0.139275265118172,21.9890540619797,6.78513328480779,0.0183059176520743,-2.01603920079946,5.0462526851177,22.4519902474416,0.0782157143590488,569.94825466926,515.573401093965,0
3.37,-1.99664214256828,-1.45319664478302,-0.0258835857909837,28.1450007817168,1.10400153199675,-1.75601784884767,0.950605659577843,24.4096982552333,-14.0544128114251,-2.05400495263637,562.622375603209,544.558126900943,0
3.38,-1.86806978572238,-1.32578325271606,-0.113622672174646,28.0902734731404,5.50396794807923,1.71368419991772,0.752250821809674,-27.5024989273405,-7.93534370528018,2.04518615723317,555.837362128143,570.585035250411,0
3.39,-1.80676314965667,-1.22027933597565,-0.0289909507271213,30.3034272344083,1.38580459301989,-0.364431894682424,-1.76986523450786,6.9962064823615,29.5173042701612,-0.187026749767121,549.505323705218,590.631309656966,0
3.4,-1.66887003865813,-1.14667153358459,0.00376997088776898,27.0923877472615,-0.250906274942108,-1.04866674539367,1.29824476725952,17.1718687873161,-20.9567972304446,-2.46439848203977,543.535491712575,602.206287173533,0
3.41,-1.53459336065987,-1.11172497272491,-0.0736849789991085,22.1290951462035,3.59786787466478,1.52525895230747,-0.184367532709446,-21.8113134222372,5.18730296302504,1.49848282533739,537.755263123334,603.628411699442,0
3.42,-1.53572261726266,-1.11858606338501,-0.0222576189386161,21.8456311659498,0.975816628796786,-1.18193262819234,-0.980803049132299,17.2412424196066,13.4507761471266,-0.863636969037953,532.045043100302,594.215712044139,0
3.43,-1.6181591133166,-1.16578507423401,0.0162289722386841,23.6106399202887,-0.96924769110883,0.187540315854805,1.60733659370979,-2.00978331561625,-23.5449045348781,3.01541120983502,526.252834913636,574.368914950711,0
3.44,-1.71912611580322,-1.24797415733337,-0.0177907681268619,24.5526037244966,0.828145475235785,0.909714131257906,-1.45881160978958,-12.508624272672,21.1435686057354,0.567939909364351,520.243108225362,545.537863008751,0
3.45,-1.74119905972819,-1.35653078556061,-0.0442364397086676,20.2314838281136,2.09006119280834,1.67115579086008,-0.490886291182834,-19.0119923517495,7.22671713116836,1.31049222512851,513.775496858668,510.074493590302,0
3.46,-1.93462104843136,-1.48048985004425,0.00627747256637701,23.7076000507551,-0.482803814089628,-1.82209931396578,-0.650193892420468,22.1935481265435,8.35043838635213,-1.23128776571321,506.907289502675,470.987897937207,0
3.47,-2.00967207529036,-1.60611879825592,-0.109132429078045,21.1816447186286,5.37459319053559,1.35397121096359,1.48911171413032,-17.5456787643634,-13.0267985955001,2.45794214151963,499.591807114761,431.627601949167,0
3.48,-2.17036757315484,-1.72129416465759,-0.0445062045885001,23.4606320953322,2.05545651333825,-0.457256130590427,-2.12211993909071,6.48823857855632,22.6391015709212,-0.191723253452813,491.683625591792,395.329047760558,0
3.49,-2.24004959778467,-1.81410121917725,-0.0489036317997271,22.3072111999396,2.36231291348649,-0.487685642887243,2.18686453157485,3.03554051181881,-22.2256088245304,-2.90034815588646,483.545928883185,365.059459111445,0
3.5,-2.28364042169844,-1.87585401535034,-0.0400680335759052,21.4018661110776,1.83339459488866,1.2810102706391,-1.89093408384503,-10.8129340961647,18.5602172672913,0.612973668579378,474.994667495027,343.102381891937,0
3.51,-2.30361634678538,-1.90053987503052,-0.0887919506372605,21.1690722631874,4.34639866616189,-1.78195649822957,1.46258788525416,14.2422011631813,-16.2536306060136,-2.2195525382467,466.434301533557,330.815179189119,0
3.52,-2.28867907718513,-1.88721299171448,-0.0232479901233038,21.0912656558471,1.00374117476827,2.09605044403478,-0.919328517697195,-19.0063473899481,9.19824669184594,1.16762013295858,457.754411216335,328.486043644066,0
3.53,-2.20696834205644,-1.83782720565796,-0.0822762313844408,19.477658551383,3.98097803964781,-2.1355671067862,0.562878116027797,18.1357746421968,-8.14377350642041,-1.79124539978967,449.259146999019,335.306482568397,0
3.54,-2.08631803001719,-1.75995671749115,-0.0548263780665623,17.3412498397223,2.66688525291095,2.07071292094932,-0.260531865844167,-16.9932419957175,4.36588472486899,1.47190948338709,441.119028166858,349.462858788006,0
3.55,-2.05495314932961,-1.66316246986389,0.0294028848354296,20.6152795263929,-1.53202164791071,-2.05467593094344,0.0447637618839765,20.6571341950084,0.787176683087518,-1.60688649207477,433.275560663503,368.337751293134,0
3.56,-1.95331512186222,-1.5588561296463,0.0204198911984872,20.7512742419699,-1.16355787106748,1.95307704664444,-0.0367013231751314,-20.7764231417588,-0.556319170400735,1.54155341350771,425.792854148194,388.800006221243,0
3.57,-1.78594527181758,-1.45996558666229,-0.0998857789102754,17.3298610942107,4.88547490172563,-1.77338102123766,0.233874830347655,16.9135120283005,-6.17454949195183,-1.64604978873821,418.787256649066,407.55265917555,0
3.58,-1.72464880242174,-1.37877106666565,-0.0666781164231527,18.327208386283,3.2511152551135,1.68805501764911,-0.359624415597923,-17.5050276171228,6.32695232794123,1.39953626175134,412.200332066719,421.501473355611,0
3.59,-1.62256979981826,-1.32520544528961,0.0116537480666641,15.9039499176814,-0.645434328230991,-1.54653435325755,0.491019408293117,15.323054154454,-4.30769309907845,-1.8854089207181,405.885421683562,428.104360951273,0
3.6,-1.53756230256332,-1.30583560466766,-0.0157932815190877,12.6245271371728,0.744800190932153,1.33881565658821,-0.756253859282202,-10.695651624467,6.74807002702719,1.06688127444082,399.685090198821,425.663725019486,0
3.61,-1.64459200115176,-1.32380521297455,0.0696373509767436,17.0798967785312,-3.52969683840376,-1.2631074384395,1.05550547599821,15.0070837325533,-8.88645438746259,-2.30921343779644,393.512179222185,413.529611208041,0
3.62,-1.77824915961963,-1.377272605896,0.0258625712304954,21.0918033233158,-1.34154949809206,0.954472712397359,-1.50060680645112,-12.2021159554863,17.2560797603087,0.55196871215061,387.162867631554,392.190892461979,0
3.63,-1.82220853511288,-1.46057558059692,-0.0337160912311117,19.1270289470183,1.63819854640732,0.537984133466172,-1.74130806935039,-4.42717303718937,18.6795896559938,0.318151877407643,380.53782920035,363.243549955718,0
3.64,-1.76230889323489,-1.56434082984924,-0.0204191422195732,10.9460507747804,0.970184493510659,0.125239521742681,1.7579717400281,-1.61975055491536,-10.8689324984273,3.08205795829705,373.582197299489,329.23821194966,0
3.65,-1.88486368326519,-1.67626738548279,-0.00387968802138938,11.4796655319674,0.126719417754903,-0.890028621081379,-1.66149788146935,5.511647103248,10.0707757767679,-0.489723000362671,366.205715065013,293.42207965569,0
3.66,-2.03912678712263,-1.7825642824173,-0.00904411485786678,13.8801074282808,0.362157831654584,1.69315342765902,1.13637639907784,-11.6937268980768,-7.48634034417624,2.16633832530679,358.401918576922,259.401821567247,0
3.67,-2.14967212230893,-1.86951327323914,-0.0648665477145329,15.0620175956694,3.1333457797548,-2.15015495455435,-0.0461689706402809,15.2036615753221,-2.35178751821581,-1.51916129810522,350.223931200865,230.762723644339,0
3.68,-2.16300179170692,-1.92502474784851,-0.110716184104786,12.9548577719619,5.42293913325909,1.78267329036746,-1.23000437566722,-8.17759947424158,11.41768258333,1.01797034837058,341.882475720361,210.684394969821,0
3.69,-2.23230083499491,-1.93858659267426,0.00936861222228536,15.7436895230088,-0.51981332970886,-0.777353364097803,2.09260042438583,5.90841922153342,-14.6022103805299,-2.79011084598872,333.458129217897,201.594086083508,0
3.7,-2.11910982326077,-1.90469598770142,-0.0936354613289598,11.780617017467,4.61161724846118,-0.86765008117343,-1.93560775450459,8.62686789064433,9.25349130630744,-0.377246153054374,324.963340733969,204.895067392419,0
3.71,-2.02184157504017,-1.82285404205322,-0.039145214036676,11.0112022019229,1.85483995445299,1.87453901324295,0.758603447245689,-10.8541548272915,-2.62189400499906,1.97469628932078,316.720843868953,220.799887946763,0
3.72,-1.87388099046996,-1.69622218608856,-0.0784684501567272,9.94657138113104,3.89218655771866,-1.65825318990621,0.876232630230426,7.30819599475015,-7.78933050668276,-2.01506006620232,309.098271272405,248.287469215425,0
3.73,-1.73281399393909,-1.53234457969666,0.00182156048736934,11.0888708372795,-0.166130823454368,0.38639187321838,-1.6891858914828,-2.62327486064986,10.7753925637005,0.223824364366087,301.897083942882,285.190011950107,0
3.74,-1.53226478206607,-1.34391164779663,-0.0428823797947691,10.4848219344379,2.12551974597924,1.05205293377395,1.11483581095804,-8.56599162336223,-6.40883083689269,2.41313909887327,295.549153999728,328.401966253846,0
3.75,-1.36114217820931,-1.14376127719879,-0.00328667696497489,11.938028541767,0.110444157627576,-1.34448916821851,0.212291563866639,11.7794368355524,-1.94257334822314,-1.72498632007842,289.859865416181,374.190284536454,0
3.76,-1.22604588835403,-0.948472499847412,-0.00578490423205481,14.9494051817814,0.279000139585432,0.45134006071347,-1.13996233931739,-5.30981256506626,13.9774263328707,0.38170718227556,285.070130684312,418.574230024529,0
3.77,-0.964839639714802,-0.771721184253693,0.0339251686328778,10.7284646902217,-1.74419656334049,0.584891380800025,0.768094082842458,-5.44587985901104,-9.4066236675079,2.45563520694487,280.921618159462,457.735325818361,0
3.78,-0.844328711449554,-0.627174854278564,0.0765055104872586,11.9320694580178,-3.8294104854144,-0.841685755236418,0.101534011764933,12.4687334572583,1.25273787705606,-1.78121225253414,277.48203610335,488.414441501002,0
3.79,-0.772987571595586,-0.523579180240631,0.00277968563118794,13.5465823677526,-0.189066477811941,0.18752075434742,-0.749902313093128,-3.4225768240596,13.1084555864811,0.241439347872795,274.462981159389,508.253939776627,0
3.8,-0.737737152107029,-0.466431021690369,0.0186856896837324,14.6432762158888,-0.943137262563313,0.56532659840197,0.47435334692316,-10.864505087378,-9.8629394927267,2.24359260856953,271.828172344789,516.048185123621,0
3.81,-0.650448572630446,-0.455655753612518,0.0548395386657241,10.8194515114403,-2.79273126529512,-0.600816899814679,0.255166168476804,10.8718189793981,-2.5813622387731,-2.05652317924839,269.248451424223,511.875020320414,0
3.82,-0.70551634901666,-0.486492335796356,0.0032048247823116,12.0326267881195,-0.190164329820586,-0.0615839720343441,-0.702830707937663,0.915385109168829,11.9992641439556,-0.0919420393277069,266.731174847091,497.093097490806,0
3.83,-0.704159327523041,-0.549785673618317,0.0159636382943378,8.80185697051003,-0.795057751039774,0.67178725443124,0.21165320944656,-8.23118008599628,-3.21752658865514,1.85334501287469,263.993709055803,474.203939578254,0
3.84,-0.854142494558357,-0.632392525672913,0.0165391501153806,12.1724265627594,-0.880713128263972,-0.520441885685223,0.677475599650144,7.93585977124388,-9.27177187657351,-2.50590120751801,260.877142150918,446.591847629358,0
3.85,-0.945590476463167,-0.719785153865814,0.00132041224495499,12.3768056129318,-0.0943508052540714,-0.537120546954655,-0.778231720444154,6.96698829628043,10.2301169755895,-0.605501802346511,257.540294544798,418.167762840507,0
3.86,-1.02873260312273,-0.796672880649567,0.0327540300196946,12.691126149821,-1.64390492307527,0.99197970714497,-0.274481066419492,-12.6062142778613,2.20237778944221,1.26902160938392,253.886565797941,392.953563012154,0
3.87,-1.10362062737764,-0.848156750202179,0.0572980160932813,13.8629075320564,-2.92570062823288,-0.0285841056959684,1.10473729941702,2.56427088163564,-13.9342902314393,3.115589357593,249.90183658104,374.649908481459,0
3.88,-0.981591102910352,-0.862699031829834,0.0165146902970443,7.03582337228962,-0.864008538343182,-0.954226951206981,-0.230748247877632,6.67664392577884,2.38154302265305,-1.35035688724019,245.883592065631,366.232923670866,0
3.89,-1.05433485079962,-0.833021402359009,-0.0322425920664664,12.15832077715,1.60031263201568,0.417568709058787,-0.968657801067433,-3.7025463013976,11.6908902794558,0.437580364156304,241.964137719926,369.622440555285,0
3.9,-0.968035883351035,-0.755686461925507,0.0339638552093811,11.7116134517293,-1.70139766991821,0.764409984184329,0.594915448610319,-8.49168158808038,-8.2430569257155,2.19707361800466,238.197658434911,385.4574669294,0
3.91,-0.751630907193665,-0.632833003997803,-0.0383110779428687,7.03564034182955,1.87305079467516,0.556258580117732,-0.506944919480727,-4.24505489664357,5.91507085532331,0.882673619828045,234.752656355547,413.003676297763,0
3.92,-0.637120681571073,-0.472398698329926,-0.00943143605884569,9.33338422895211,0.439755258212245,0.340292550151085,0.538713927036783,-5.24239108808899,-7.73451883001797,2.59300929717745,231.957770249656,450.204152139285,0
3.93,-0.519501919624382,-0.286443829536438,0.0557287447326984,12.7516796319297,-2.8016567625758,-0.495940887870045,0.164409772281245,12.767089690203,-2.73057409585787,-1.99777047319334,229.89921462365,493.86975285414,0
3.94,-0.337337073321221,-0.0899889469146729,-0.0012575687213475,13.4676847560786,0.0710556717990783,-0.106619228836107,-0.320047219263673,4.27642013416633,12.7708970880555,-0.317844971217147,228.591659607741,539.990837689553,0
3.95,-0.102456407935585,0.100178837776184,0.0220840597734753,11.2336167879611,-1.08516861183449,0.104808892898077,-0.000342334077755094,-11.2057405976388,1.34280106989164,1.35523217650454,228.020189801398,584.139238145777,0
3.96,0.0203461861774445,0.267085671424866,0.0139072623095203,13.4404432843845,-0.719842869450668,-0.0161464581452664,-0.0186191064843671,-0.824559606585059,-13.4344255884889,3.02678608309129,228.149418808188,621.919630668596,0
3.97,0.193968736726545,0.395639657974243,-0.0542108344775769,11.1887728798557,2.69666072148157,0.194555855718849,0.0520644255471349,11.1582953708161,-2.820117377238,-1.58184523919979,228.81290350868,649.423905943894,0
3.98,0.317472890225895,0.473610758781433,-0.0264169518611485,8.91381078775609,1.32218219434953,-0.0577270766997411,0.313296147422402,0.43292991550983,9.00093107424051,0.0991946198146267,229.899578873262,663.641352289745,0
3.99,0.318862655795547,0.493818163871765,-0.080582245465107,9.85635432490107,4.05133391864817,-0.293851742343526,-0.147709326269069,-10.4997291845509,1.82118482024061,1.78903970324365,231.174634558339,662.781596240177,0
4,0.18523327067528,0.454301953315735,0.037053199048895,14.563668807084,-1.82801410176603,0.0280929940153673,-0.186802269290475,6.66792020374558,-13.0759674531244,-2.79489281883751,232.407512564562,646.475883416161,0
4.01,0.146243204393404,0.358960151672363,0.0285442050837725,11.7477390222719,-1.43617684390057,0.142757202448936,0.0426875581881762,9.73470094339583,6.73109007553864,-1.08747724690483,233.371375986101,615.83457536642,0
4.02,-0.0231969943227726,0.216922998428345,0.00592530368217466,13.1194769247565,-0.320358060853889,0.0183841412184095,-0.0153373114005784,-7.940355862333,10.4486388034943,0.625419807725864,233.868508814336,573.353435050037,0
4.03,-0.0720478366471167,0.0420498847961426,-0.0228586369193061,6.81996100580743,1.1348390112498,0.0676753223497768,0.0336668797513531,-5.69063715202725,-3.92636937973945,2.3396478862007,233.713259754264,522.676867669436,0
4.04,-0.330251715087928,-0.149121701717377,-0.0476561924575752,10.1731376831204,2.3887932459713,-0.231121178442695,0.240666385009065,6.55327233111973,-8.13963667775796,-2.23311038293469,232.84719605117,468.24116307322,0
4.05,-0.521128472864144,-0.338060081005096,0.0609825997501226,10.2715930479258,-3.04310615607936,-0.21170908338889,-0.480076063465608,2.58601788898453,10.3960872590229,-0.531827066046481,231.227672465832,414.833401895076,0
4.06,-0.679622909651048,-0.50672447681427,0.0251123449675275,9.76455677304198,-1.28908736065497,0.63181336324985,-0.251654134103212,-9.45275243959576,2.76654776085226,1.15481879593474,228.896030574912,367.110714755873,0
4.07,-0.854046883825608,-0.639268219470978,-0.0253653091116968,11.8600124627772,1.22557550014162,0.292062473624595,0.802956406150948,-4.8850509522105,-10.876497971226,2.8224269065229,225.96852804187,329.129059840252,0
4.08,-0.883659637396547,-0.723653078079224,-0.032301778857985,9.1228236740347,1.58229157294175,-0.849358858635599,0.245941637260588,8.46541734290914,-3.75050231565101,-1.81611095205072,222.659309686727,303.930111596358,0
4.09,-0.922742346125644,-0.753208041191101,-0.0745905445084816,9.60042403147509,3.71102121556248,-0.25313916948684,-0.890470520306563,5.51231104980392,8.6921945984135,-0.196308842952314,219.229414429799,293.229254387616,0
4.1,-0.922773548837935,-0.726157665252686,0.0164554900851571,10.9557410412502,-0.83549415334198,0.911850118497314,-0.142517251535854,-10.9361599052371,1.06147009863108,1.39792529413532,215.792011806875,297.237592379796,0
4.11,-0.782271449731859,-0.647139132022858,0.0662519494312356,7.88286227512797,-3.31750806440218,0.0703000021558676,0.781918059368057,1.90140457617923,-8.33846736778972,2.96743647000838,212.543962321811,314.637331068672,0
4.12,-0.674826280869015,-0.526071786880493,0.0376558053120324,8.5652959993735,-1.87993711601514,-0.669054454030486,0.0957841665786815,8.76773756104175,0.158862134420452,-1.76873651393432,209.686038554811,342.714232776039,0
4.13,-0.525444288000118,-0.377461373806,-0.00842338989313557,8.52800046094919,0.43072984650972,-0.133432196293194,-0.508289781799337,2.45115678082163,8.17949573619646,-0.240689997696805,207.384537063988,377.634699950273,0
4.14,-0.369137306194236,-0.21849125623703,0.0192698502086053,8.66253480849732,-0.956654836207413,0.358515177361971,-0.0900030307962653,-8.56143248028878,1.62989928201807,1.27268040690953,205.669148518848,414.840059318549,0
4.15,-0.27578385199596,-0.0680457949638367,0.0747216692071419,11.5183956000429,-3.75903815228307,0.0287911474430928,0.284272986229331,-0.606443752825408,-12.1010756135175,2.77606647363672,204.624060115515,449.51835973606,0
4.16,-0.125923478324698,0.0566368699073792,-0.0540189888668271,10.26089856408,2.67950572667282,-0.0910606959907637,0.102385170787878,8.15153824883936,-6.78367263798313,-2.00942939320365,204.081111647106,477.105738534601,0
4.17,0.0344997604940842,0.14038759469986,-0.0320392169050474,6.42868034785428,1.58254549896,-0.0109315932369484,0.0457956893532541,4.53937440739707,4.81938390882433,-0.514117252961283,203.944816035235,493.766031664291,0
4.18,0.0248911376148063,0.172390222549438,-0.0446625282360227,8.51061853518219,2.21518243668368,-0.0455232945372695,-0.0232796008270279,-5.84170992529499,6.57359005626975,0.981151015647288,204.043638731989,496.799180427914,0
4.19,-0.0335753758831665,0.14717435836792,0.0829151679905313,10.1745414504778,-4.17033047727096,-0.044583044146543,0.077553743450728,-2.98926580443403,-10.5819298791661,2.47728492652733,204.136405050216,484.935960966471,0
4.2,-0.101840606696036,0.0656572580337524,0.0375664523015496,9.51337674588889,-1.89893681598364,-0.100576950748048,0.0408292112214531,8.31069231148779,-5.00426732340462,-2.30981146181881,203.986011337398,458.487944836008,0
4.21,-0.211211058597125,-0.0655568838119507,0.0367145395448073,8.42262847622243,-1.85511884861843,-0.128753883524995,-0.171407427391398,4.86661235931453,7.12026829095221,-0.816350084199307,203.398742327844,419.336245223201,0
4.22,-0.399965882294815,-0.234454989433289,-0.00262088864439163,9.41678325653929,0.113506309517195,0.246606557050962,-0.314904401488177,-5.76552374504422,7.44630287647973,0.670913151354006,202.246969766711,370.759026680169,0
4.23,-0.580939387756707,-0.424340039491653,0.019404000702857,8.97251787205096,-0.989551283756957,0.476545660585696,0.332823257701977,-6.9842697242724,-5.71885173142921,2.14706431010434,200.375367500452,317.114279186324,0
4.24,-0.733073545397896,-0.616352260112762,0.0155002297830116,6.97984561033794,-0.79479915915018,-0.342724608390087,0.648210554441555,3.84163056969497,-5.88148153219278,-2.67637163362285,197.767054247365,263.409283518765,0
4.25,-0.936227201102225,-0.79066014289856,-0.018642154931932,8.42323515620784,0.911472838580054,-0.891039185272793,-0.287954983170303,8.25943178333331,1.88771286182736,-1.23831330670669,194.478639882139,214.799983680806,0
4.26,-1.05926206493634,-0.928602933883667,0.0100513730560893,7.67890436286592,-0.527377023722595,0.192544871790915,-1.04166387316665,-1.8435189944767,7.4729603542502,0.173291762630133,190.581209632705,176.070907769836,0
4.27,-1.12530552059138,-1.01467669010162,0.0456586112113825,6.67844298323426,-2.31251093593608,1.12589641694877,0.0274678312411805,-6.71494084624954,-2.20428603872192,1.55463572941294,186.242246700495,151.148557815965,0
4.28,-1.18960636084994,-1.03829097747803,-0.111086790852776,8.71380639109026,5.52969853136362,0.388614934693623,1.1298150297326,-7.42944560922349,-7.16319241740442,2.90341692383866,181.695029706723,142.698063277716,0
4.29,-1.12179750308889,-0.994643270969391,0.0202453460307638,7.50669965310715,-1.04688603535404,1.04148574188159,-0.417309191642985,-7.32348054424776,1.95272700882712,1.1716530712561,177.231371534634,151.84465712196,0
4.3,-0.97601972036343,-0.885377883911133,-0.00473726421579093,5.68197726104976,0.20281224467031,0.621684982384958,0.752425889299121,-3.75481765917903,-4.26934921832263,2.45590836898401,173.120018223125,178.049008346237,0
4.31,-0.77354709013802,-0.718102931976318,-0.0135237039184449,3.9230894847849,0.645078530244929,-0.406265036542894,0.658412265462509,1.57515147581007,-3.65043219962598,-2.5712587710254,169.556373961665,219.149894328608,0
4.32,-0.592981452457348,-0.506214797496796,-0.0064469606994943,5.49018777270329,0.318190494429254,-0.578572683138779,-0.130085420344794,5.41622624525255,0.9528379875526,-1.33876391415911,166.792743209796,271.570699633205,0
4.33,-0.498133432028519,-0.266984403133392,-0.00788116470000308,12.7103189523343,0.402789234436799,-0.0693847617238562,-0.493340433881173,1.97056208469096,12.5630940499475,-0.123906219904367,164.898534326457,330.669518265725,0
4.34,-0.20757133982892,-0.0206925868988037,-0.0643124821137634,10.4979156006543,3.2276686329412,0.152833407824609,-0.154479467654193,-7.74128701636091,7.79079919474604,1.08049535657302,163.916981299103,391.197924239963,0
4.35,0.106224383041971,0.21219277381897,-0.0873460369731308,6.45360202930706,4.37686557280642,-0.0235570937892639,-0.135491745356545,-7.74673228894935,-0.891106188085226,2.28127114984925,163.862497019213,447.822272513527,0
4.36,0.205296020292837,0.412360787391663,-0.0697141133876159,11.5095747216931,3.48592621679114,0.134790151887639,-0.169817927521229,0.594534542922007,-12.0111831449038,-2.79804516874745,164.709221093347,495.654856485625,0
4.37,0.476397737756902,0.564488351345062,-0.0402846568860632,5.56206720367652,2.01010149879108,0.476939593811374,0.0332608174187408,5.53184562396386,-2.09183737567909,-1.58553132593843,166.237751841142,530.741062940775,0
4.38,0.511729901523845,0.658012390136719,0.017872586593587,8.47284825824489,-0.902924830106946,0.196975264920855,0.472639044593766,2.13935708279366,8.24788349386482,-0.359955799253356,168.232697874205,550.452968734681,0
4.39,0.553075427807477,0.688222944736481,0.00818201542413211,7.9172036579338,-0.390336893825971,-0.421543676620814,0.358134476030765,-6.35714893333657,4.73509599599204,0.8813395634755,170.474903047356,553.749192679662,0
4.4,0.515267668827171,0.657328963279724,-0.0331712278613651,8.26416638278625,1.68789931738213,-0.416432521210685,-0.305262274404372,-7.87369627116801,-3.02495572486415,2.13906730932391,172.640757037245,541.27430871528,0
4.41,0.418567840634894,0.573368012905121,0.0264392853998695,8.90244507957969,-1.29999606179258,0.0862768157036887,-0.410431948193907,3.62972744777663,-8.23216841485072,-2.87131727361738,174.556376746586,515.287376149689,0
4.42,0.324245279491526,0.449746310710907,0.00307240416237058,7.4387465396118,-0.136600461200275,0.324162870069509,-0.00792935105622779,7.43995814639646,0.0251504762513675,-1.58577718741887,176.086486813561,479.426497911294,0
4.43,0.176306145200861,0.304046392440796,0.0496851408843705,7.55183905022946,-2.47834440275327,0.0981583625201297,0.154652532884701,-0.208575185286343,7.94537352245392,-0.290858116692386,177.117657308857,438.33300995288,0
4.44,0.0816786715381419,0.156290292739868,-0.0237709459479417,4.89662101653169,1.19075304356177,-0.0817940250687062,0.0233709374770355,-3.5106820326449,3.61523192284475,1.00927564157536,177.521481055123,397.173229748287,0
4.45,-0.0464378676262701,0.0262466669082642,-0.0436027252535826,4.80148151438518,2.1750698682071,0.0636932889106765,-0.000915503662188566,-5.0131024282968,-1.62909720642134,2.31034487142419,177.361770410321,361.106183242569,0
4.46,-0.251854236161192,-0.0681168437004089,0.000749982368522084,10.3553156157928,-0.0543776199377125,-0.114065510212634,0.224544378967327,4.71097231376197,-9.22183594991799,-2.67455412127126,176.76020694643,334.751310570614,0
4.47,-0.216681659409789,-0.112712204456329,-0.0615096474160346,6.36798599140515,3.05859859315363,-0.224382626089173,0.0196676221020935,6.82952839453141,-1.80660257086685,-1.38163034759871,175.939852828408,321.710243948596,0
4.48,-0.26549963768223,-0.0984442234039307,-0.0957273191353436,9.52344024371309,4.76834296179904,-0.120506484887818,-0.255209647815707,5.65113771248573,9.02760495543719,-0.095102919144003,175.038871765659,324.19133845895,0
4.49,-0.203226039433296,-0.0223702788352966,-0.00238537509792588,10.2146713080451,0.0980159927504885,0.187409378352304,-0.0786399263968645,-9.42791299935655,3.93237505113616,1.1852320218168,174.314653893447,342.775262161791,0
4.5,-0.00527769060408107,0.111513614654541,-0.0561265150785695,7.01254626595065,2.82655245894482,0.0469648775168792,-0.0311823666966096,-6.60683579211374,-3.67626505455065,2.46171628755116,174.065484783215,376.345667365054,0
4.51,-1.38715304027394,-1.30499362945557,-0.0744950859962321,5.28181839424374,3.72087094287256,-0.69759666214919,1.20129179300332,-0.219333584864545,-6.4571184673843,-2.56182912434988,169.174129612824,0,0
4.52,-1.38408824612918,-1.29262626171112,0.0288666349639834,5.74762447855574,-1.45755101637251,-1.34158524300305,-0.341588336222905,5.26816395031388,2.72141336522677,-1.34233148843966,163.72526214429,0,0
4.53,-1.29680552150519,-1.27992343902588,0.0625487350770454,2.01936507162783,-3.15152728082249,-0.148281409564612,-1.2898176337931,-2.78291333655076,2.50306868773647,-0.162656172638116,158.255004243109,0,0
4.54,-1.32316031265555,-1.26734828948975,0.0210588458050115,3.96649255986843,-1.085976880216,1.10902433412161,-0.721984566524446,-3.89618670476753,1.31610720439027,0.977798058107282,152.860170349146,0,0
4.55,-1.37800610769722,-1.25497674942017,-0.0482055008918048,7.32810353591253,2.37579386907065,1.2270893235023,0.628869140055185,-7.55753413658826,-1.4930424359912,2.07935253808686,147.538468071431,0,0
4.56,-1.29045932705837,-1.24276804924011,-0.0381927580742811,3.56182385021677,1.90706255468033,0.037630603178292,1.29047584218601,-1.90551076821791,-3.56265426889033,-3.14115703250655,142.437896253637,0,0
4.57,-1.3155529300756,-1.22996544837952,0.00477505166651315,5.45721015566685,-0.253916200801472,-1.12687164139336,0.678868629981042,4.79605144213616,-2.61600968739156,-2.11663513598878,137.246298155034,0,0
4.58,-1.28889270361344,-1.21698546409607,-0.0218527313960876,4.77380350391924,1.06499157974146,-1.17477297076971,-0.530688619103843,4.77138692730327,1.07576658663078,-1.12954567593465,132.023103681672,0,0
4.59,-1.31352935716189,-1.20504760742188,0.0150851933563668,6.60299048675257,-0.759942352204335,-0.219548278056961,-1.29513917738093,0.430518307395727,6.6326201258489,-0.179404782860391,127.126013010449,0,0
4.6,-1.17479576395992,-1.19226610660553,-0.0752586292755336,0.30582524750614,3.7565280697526,0.730769827372483,-0.922921669320097,2.58520732642077,2.74257822135884,0.733694819294745,122.175399084291,0,0
4.61,-1.24649442401475,-1.17925131320953,-0.0222741553169887,4.54200679386082,1.08845769410998,1.24637943906568,0.027978223125728,-4.58218223136253,0.904528532402683,1.61110769109411,117.121490353023,0,0
4.62,-1.20718265799841,-1.16724443435669,-0.0264469796000197,3.17718059393254,1.32086286966928,0.787962858500488,0.914933847950664,-3.03960490451899,-1.61243830001541,2.45252305730085,112.457796349454,0,0
4.63,-1.15914160056251,-1.15398633480072,-0.0518148552952973,1.43837548574704,2.57526492781944,-0.0838041284861385,1.15726872308577,-2.38982054887414,-1.72906657784882,-3.02463207538958,107.546947575504,0,0
4.64,-1.21528522109264,-1.14224171638489,-0.0283029339392126,4.8330366947983,1.41474469149942,-0.925693593428998,0.787915348092834,2.86065513940465,-4.14444186939452,-2.25267977194023,102.995923833847,0,0
4.65,-1.18202399810929,-1.12919449806213,0.0185278040339505,3.82255985787301,-0.942051020805999,-1.17919104504535,-0.0838599482080001,3.76462040109525,1.15197969968277,-1.51547270856655,98.2856458108342,0,0
4.66,-1.10585549846815,-1.11724090576172,-0.0437435287141067,0.611973287764182,2.18893386472298,-0.83183133774383,-0.729990757026355,1.95137373131658,-1.16536832366234,-0.810976577364591,93.8401114841228,0,0
4.67,-1.10609846232786,-1.10424768924713,0.0713452334596221,1.27388290595443,-3.58482632919415,-0.084171831535472,-1.10519638683694,-3.37124037008127,1.76309269061522,-0.140425798359237,89.2649920449234,0,0
4.68,-1.13517978392281,-1.09264862537384,0.00953980162672244,3.30790562535965,-0.478236493060695,0.551269107825684,-0.992384260455187,-2.00198103261915,2.67638220637752,0.498652199342209,85.0377818989192,0,0
4.69,-1.12617971708897,-1.07934033870697,-0.00117972800589278,3.52341419340416,0.0436043026925878,1.00562650784047,-0.506949182531481,-3.12831662958905,1.6217225343849,1.10491145137899,80.4673886625303,0,0
4.7,-1.02593041887476,-1.06774353981018,0.00251497778796961,-0.909199600896303,-0.128123705360403,1.01957509820056,0.114044590468522,0.917740000140722,-0.0285112308921074,1.6797369154731,76.3888502235299,0,0
4.71,-1.09104349177527,-1.05505323410034,-0.00276469075865826,2.98091142003834,0.123674074210772,0.868083225644323,0.660919857331511,-2.44232286812879,-1.71353061792372,2.22405935502277,72.0226634263884,0,0
4.72,-1.03320405711666,-1.04259610176086,-0.0179342465611366,0.711741472634295,0.889159945857873,0.423694937898864,0.9425045678621,-1.09770389920881,-0.3036897806107,2.73647621465703,67.8840414762649,0,0
4.73,-1.08179134455437,-1.03105282783508,0.00155108033481693,3.71815729828122,-0.0781650624882789,-0.0861819438433049,1.07835411232041,0.368821255763893,-3.70064512660326,-3.06327607360172,63.9761519597511,0,0
4.74,-1.00162042992891,-1.01805686950684,0.046923185050618,0.359314914149674,-2.36034095063147,-0.548379357953086,0.839479213987598,2.21654030083696,0.887279947662432,-2.60975787630897,59.7079810488342,0,0
4.75,-0.95870689979978,-1.00561964511871,-0.00923321683562384,-1.16463012451027,0.454991489643626,-0.777073794784165,0.561569665737545,-1.21340397240719,0.30171407377083,-2.18694645174811,55.7397055594663,0,0
4.76,-0.941433265770257,-0.994210183620453,0.0156990583591604,-1.45802052173744,-0.786717888339321,-0.921948569546062,0.191190714848252,-1.24994088216139,1.08738064574564,-1.79194892075466,52.0339673966999,0,0
4.77,-0.902586470625603,-0.982007503509521,-0.0131268515097537,-2.7903960848227,0.658524558750989,-0.894873944726213,-0.118470562744881,-2.66473077064144,-1.0579105938919,-1.4246311710769,48.1390562926684,0,0
4.78,-0.913831607566025,-0.968673944473267,-0.0649685996687765,-1.56158424527692,3.24457857578094,-0.8391734503779,-0.367555500721289,0.126847299392952,-3.59857544761124,-1.0869934629371,44.0363609619615,0,0
4.79,-0.872417399566795,-0.956440269947052,0.0215516189276106,-3.02073110143842,-1.08324609945926,-0.597018745092038,-0.636510180086711,-2.89186379446726,-1.39117299191744,-0.778092400806651,40.3115279093002,0,0
4.8,-0.915415312270915,-0.944926261901855,0.103042562544673,-0.295301143421287,-5.15914152544208,-0.344629531280299,-0.854302902842634,-4.67899947418112,2.19337820848561,-0.495529632285877,36.7939636918697,0,0
4.81,-0.96086783855073,-0.93319296836853,0.0125902329427195,2.56384591345627,-0.629303815616512,-0.214982900369022,-0.936593759148344,-0.00518436614346107,2.63994361353488,-0.23873081515617,33.2405235785158,0,0
4.82,-0.934723015390343,-0.920720756053925,-0.0982209696050995,1.879999773773,4.9182352565445,-0.1061692216453,-0.933853613124569,4.93405067865328,1.83809169754531,-0.00850722842437776,29.5460712323218,0,0
4.83,-0.914634359314752,-0.907361209392548,-0.0926986769641395,1.54335368794468,4.6366101242118,0.085231293085157,-0.915360411329353,4.2524563483322,2.40763557366246,0.193850209132489,25.6819087859666,0,0
4.84,-0.936828164737712,-0.894551336765289,0.0559607374449802,3.29328181376684,-2.80422797683102,0.389698249822682,-0.85376453924156,-3.80235138868343,2.06192229919229,0.368538925213381,22.0467960162417,0,0
4.85,-0.894003634266496,-0.882478296756744,0.0598237754179617,1.75545995631345,-2.99633376166239,0.494254769690424,-0.747351058623206,-3.47243131108548,0.043318117354038,0.517490258964991,18.6317273066971,0,0
4.86,-0.809537679504619,-0.870948433876038,-0.0142580893658647,-1.89167252062514,0.713266034298087,0.473406600925642,-0.656841486090912,1.70411101743547,-1.08774031883838,0.642115706213032,15.3943906571616,0,0
4.87,-0.785396717852793,-0.859505534172058,-0.00780496631758899,-2.5268647709699,0.391040401706107,0.525762844838251,-0.583508657091519,1.99792211519291,-1.595702161482,0.74332497498444,12.2356134888284,0,0
4.88,-0.88496084268005,-0.848244428634644,0.0578271544817972,3.01407185552708,-2.89386286314216,0.687454733734394,-0.560272845976511,-4.17787159909159,-0.0667856455960392,0.821726602984602,9.14950330179164,0,0
4.89,-0.841673066071517,-0.836939692497253,-0.0213851163374813,1.4146166052788,1.07170295866161,0.633739376444775,-0.554297100925473,-0.403264150766552,1.72831287567994,0.87756971414364,6.09836361232593,0,0
4.9,-0.798495913250003,-0.825604856014252,0.00726184919025039,-0.177798096700334,-0.362025123391151,0.635439390393795,-0.483596152865777,-0.081356400620645,-0.395038592082714,0.911171464644652,3.08252498925792,0,0
4.91,-0.745044606747953,-0.814263641834259,-0.0110725083884399,-2.28357053149008,0.555900933766297,0.587334722395414,-0.458532431083044,2.15621069614756,-0.935134030110664,0.922795183457809,0.092983642158108,0,0
4.92,-0.727821700461722,-0.803025722503662,-0.0288809879466303,-2.58320857231439,1.44751807059739,0.558171163553176,-0.467978088488617,2.92905750961009,-0.434623052979592,0.912728155939276,-2.808157845715,0,0
4.93,-0.828307780356669,-0.791783154010773,0.0287874439964059,3.00292271401528,-1.4390172713578,0.657540456682871,-0.504542410265499,-3.23259396231703,0.799156936030985,0.881563180282097,-5.69679815350747,0,0
4.94,-0.697292927073018,-0.780582368373871,-0.0903602907615698,-2.9881630735633,4.52547192992585,0.453295314568202,-0.537499549844544,5.25987186248458,1.32013739171235,0.8294844618665,-8.50619525058288,0,0
4.95,-0.695067551121744,-0.769385576248169,-0.0130798254752814,-2.53989677595201,0.657375677010876,0.46775238583209,-0.514293387090706,2.22190581581273,-1.3951175430316,0.756857553223872,-11.302138668708,0,0
4.96,-0.762934764753816,-0.758392632007599,0.0491532730936257,1.40266060684467,-2.45703171018231,0.508946861815728,-0.570489782006391,-2.79937064251907,-0.409860474597898,0.664108239020125,-14.0135434219124,0,0
4.97,-0.632480650538276,-0.747156143188477,-0.0720488733263128,-4.55863392237971,3.6106129039829,0.269993564489409,-0.576477483157162,5.46373859929079,-1.99128835162035,0.551434851458344,-16.7287016907684,0,0
4.98,-0.668859791503679,-0.735759973526001,0.0408484558896073,-2.1703196594258,-2.0398025710379,0.309323806222171,-0.594441586653507,-0.980906811571823,-2.81227732983697,0.418806848210263,-19.4519231551602,0,0
4.99,-0.686828040854446,-0.723984837532043,-0.00309790078480196,-0.683544568747215,0.160739415422854,0.177495602979982,-0.663504081084662,0.334712156246316,-0.617282844079793,0.2659022734299,-22.2598797881615,0,0
5,-0.662262886954454,-0.711772680282593,0.0560894921741434,-1.30162614078079,-2.80487293027439,0.116798880795663,-0.654290596000341,-2.67318256092342,-1.55423220958932,0.0921594366248595,-25.1501009584112,0,0
5.01,-0.711595897265302,-0.69964474439621,0.0290924100524484,1.77095070908501,-1.45542396644267,-0.0438988791270273,-0.710836111729603,-1.26650600391046,1.91062499673881,-0.102538924277333,-27.9438938723663,0,0
5.02,-0.701512577232047,-0.68830543756485,-0.0190857025434577,1.83322466386001,0.95709519287845,-0.236650582866831,-0.660666831076841,1.48051086359747,1.44389454572886,-0.316761021435317,-30.4930501286365,0,0
5.03,-0.697299998889927,-0.677327215671539,-0.0129655605317959,2.17106146786982,0.652636242406286,-0.375071564355348,-0.587976798712183,1.69001388625334,1.51105758541564,-0.549231587248236,-32.9198494344213,0,0
5.04,-0.65198192053997,-0.666626751422882,0.0456888271319307,0.439631306275249,-2.28098970737734,-0.435446606711715,-0.487395267046093,-1.27550223764439,1.94146433713905,-0.799127918537915,-35.2450559899214,0,0
5.05,-0.640081789244347,-0.655754089355469,-0.0343306225386674,0.387680155299953,1.72655150792365,-0.576869311955287,-0.279472870759168,1.1742432795631,-1.32379331193647,-1.06607054361018,-37.6066023025247,0,0
5.06,-0.643497853586474,-0.644136309623718,0.0321721032111213,1.13880608595218,-1.60872904052104,-0.620986479156548,-0.171756585027127,0.760491726423862,1.81838960656354,-1.35090966836265,-40.1178076563959,0,0
5.07,-0.600375655361469,-0.632917165756226,0.0291252318500124,-0.45703869310948,-1.45745617087931,-0.600724814726416,0.0207099892067222,-0.334732132252912,1.49030777246541,-1.65373135883049,-42.471855041201,0,0
5.08,-0.571584794734673,-0.622471332550049,-0.0419465976094699,-1.37501162038185,2.10342111133213,-0.509569063871554,0.262312911935264,-2.08857801798074,-1.39745453972231,-1.97293800515982,-44.5979311757029,0,0
5.09,-0.595563315329869,-0.612004637718201,0.0517452139619717,0.346704663403919,-2.58212362993136,-0.475827836401508,0.361885478902007,1.99189341368857,1.67926388408135,-2.3076749941846,-46.728801035672,0,0
5.1,-0.472600764183669,-0.601239264011383,-0.00305688242651411,-5.26383549169227,0.161861040849947,-0.217005382573969,0.419844603122492,-2.59046007278677,4.58515863318183,-2.6580716165638,-48.9144767537357,0,0
5.11,-0.525055405478907,-0.590030074119568,0.0282779954360474,-2.08132792151519,-1.41608148771189,-0.0891600473368344,0.51820199710865,1.1643706410761,2.23191704749954,-3.02500957636958,-51.1384393618779,0,0
5.12,-0.463367370291909,-0.579853057861328,-0.0136832973523901,-4.65771593532459,0.688661607133669,0.13480065647745,0.443537298872284,0.557751657232037,4.67519899385806,2.87606331568769,-53.0644445187821,0,0
5.13,-0.419459728681368,-0.569957613945007,-0.0467213261205614,-6.35912861477893,2.34781914932385,0.29450985309802,0.302313236111311,2.05315536956733,6.46028826954717,2.48019591388832,-54.9487643166965,0,0
5.14,-0.431365746377147,-0.559161782264709,0.0251231271993267,-5.22476428560084,-1.25892860758135,0.366714691497822,0.228534272500744,5.18994882189026,1.39552653333308,2.06992047200341,-57.0046124454979,0,0
5.15,-0.562571279532322,-0.548853993415833,0.0114915916211489,1.85006743381051,-0.573538859147684,0.560173117497319,0.0531467747465083,-1.80248171993724,-0.709052876653596,1.64496474164495,-58.9027317731496,0,0
5.16,-0.358673394115526,-0.538888096809387,0.0144698296707302,-7.84723532034455,-0.716585777087141,0.34030079714199,-0.114242492451705,7.07724677375933,-3.46484854677657,1.20658723463792,-60.6901781760437,0,0
5.17,-0.431714391920885,-0.528661072254181,-0.0601833681495523,-3.68458488878014,3.02143917556181,0.252025123603555,-0.355644051076434,4.72544274262193,-0.61274087545088,0.755016806366996,-62.5459375688924,0,0
5.18,-0.448423632273903,-0.518409848213196,0.0547552974251049,-2.33742959912753,-2.74089351357826,0.180614546662762,-0.414077628122599,-1.95865083451277,-3.0232038125332,0.289801677917543,-64.3476710343607,0,0
5.19,-0.475451882767855,-0.508726358413696,-0.0260427940947959,-0.502639144076217,1.31227825304109,-0.11443031524708,-0.462210366504491,1.19523610639192,-0.73900674728946,-0.187971979706599,-65.9888804496714,0,0
5.2,-0.349981755259092,-0.498764365911484,-0.0179865671254358,-6.27882117785199,0.907505179532738,-0.233512250253336,-0.261309729234899,-3.2311481738985,-5.45956431527588,-0.677932724332388,-67.7097932869399,0,0
5.21,-0.431761416068457,-0.488835036754608,-0.0520752639052522,-1.69428885207766,2.60732533072337,-0.419100030308795,-0.116124580134473,-0.574776420454157,-3.05587829616892,-1.18046521571074,-69.354247691011,0,0
5.22,-0.462064340687385,-0.479275524616241,-0.023007759843522,0.298099515235078,1.162251680291,-0.455690381215434,0.0798691956615129,0.152350854016615,-1.19016028609723,-1.69455236723115,-70.9087212055882,0,0
5.23,-0.42880471861072,-0.469438374042511,-0.0651346221744957,-0.873867969079423,3.25804389401054,-0.302152752092916,0.311158673527366,-2.66602321567173,-2.06659513601037,-2.22013176540079,-72.5230023483247,0,0
5.24,-0.360754494840069,-0.459775388240814,-0.0345727469449007,-3.79403195217769,1.73347198350889,-0.103180170305423,0.347408884219119,-3.02929631297248,2.8675716939541,-2.75734835723511,-74.0405622017431,0,0
5.25,-0.318219764709773,-0.450458973646164,0.0393785093740059,-5.45579220806203,-1.95931568710711,0.0130019668998394,0.320383261905483,2.8221533350968,5.0635992270811,2.97791200530808,-75.4647059239277,0,0
5.26,-0.398936472769119,-0.441000014543533,0.00423373896226041,-0.948041953277514,-0.214282008147371,0.260527989647346,0.302147977754906,0.787464861458291,0.56973626895116,2.4194158166846,-76.9009045431758,0,0
5.27,-0.363284633951413,-0.431808710098267,-0.0286604195588995,-2.27190429147026,1.44315886945648,0.357058984026057,0.0728424796446732,1.78465181706387,2.01476413605725,1.85077103986279,-78.2429856099431,0,0
5.28,-0.376901080326551,-0.42258808016777,-0.0184027309783215,-1.1309907037607,0.919250717387649,0.354836452504132,-0.128390719419529,1.35125501441021,0.54614259991516,1.27240871264413,-79.6003175117742,0,0
5.29,-0.284477278430106,-0.413377285003662,-0.00238367902544564,-5.29255762829045,0.121615706274303,0.177920474322385,-0.221984928960491,3.43874784349904,-4.02504284419665,0.684032641664414,-80.8965689016114,0,0
5.3,-0.238687276857551,-0.404571413993835,0.0746414038304579,-7.14268699252785,-3.7241734466167,0.0950177293033252,-0.231332199266541,-3.09206220602258,-7.43818503721158,0.0866499188652587,-82.1211557143956,0,0
5.31,-0.291829633590515,-0.39534792304039,-0.0235139713963577,-4.02532887128337,1.17491871594228,-0.165418037592241,-0.24156637748564,-0.980620841704761,-4.07701965605675,-0.520032345445993,-83.3925526879727,0,0
5.32,-0.32069014275161,-0.386649370193481,-0.0151587905173184,-2.14827978069964,0.770370155116283,-0.297180086479221,-0.121474082783935,-1.62314230856303,-1.60436443435071,-1.13553059659955,-84.5339128639262,0,0
5.33,-0.343375258820284,-0.377711117267609,0.00333158635765309,-0.568087845218414,-0.170765748716303,-0.33790250128224,0.0611520029497144,-0.525960202633833,0.27431843916317,-1.75953594617206,-85.7197593235882,0,0
5.34,-0.16748024498427,-0.368983894586563,-0.0198058044661345,-8.92736349833941,0.998656579148439,-0.0996094670576011,0.136087679174283,-6.813367477295,5.85432810951846,-2.39203268196455,-86.8099801970129,0,0
5.35,-0.296123292699537,-0.360392898321152,0.0279735801927112,-2.06665258905244,-1.40494664739771,-0.0601090747491025,0.29130469409335,1.17112309294028,2.20757756535376,-3.03229076262784,-87.8939993034211,0,0
5.36,-0.208034539814983,-0.351801812648773,-0.106001573599774,-6.04241605346043,5.31062995098399,0.197736850170692,0.124156519950558,-1.45725829950998,7.91138296936218,2.60271856734135,-88.9422146471042,0,0
5.37,-0.298923630044781,-0.343377381563187,-0.0243147423813121,-1.07770874904543,1.22421858652113,0.286934911793428,0.0872633926129179,0.552275204129736,1.53465285789859,1.9471933220923,-89.9408343734318,0,0
5.38,-0.225686411128601,-0.334853619337082,0.0690382942282503,-4.31429032351318,-3.45381994770129,0.235997385492352,0.00242410371657639,3.16197654638041,-4.53253544352817,1.28420356801399,-90.9342043872464,0,0
5.39,-0.210850762277597,-0.326527565717697,0.030931546584433,-4.64064094941511,-1.53542666415735,0.146792114363489,-0.154489092455892,1.41960346668855,-4.67737206770636,0.61419642746282,-91.8839330144368,0,0
5.4,-0.267862955073455,-0.318139106035233,0.0369176395953095,-1.37153533888726,-1.8475926174293,0.0200458678758257,-0.269650955857897,-1.92997176778871,-1.25296314444374,-0.0627564561056644,-92.8185405606059,0,0
5.41,-0.260302049535034,-0.310002118349075,-0.000437857620538412,-1.3436183463169,0.0355027001179391,-0.17705264496053,-0.190813284715493,-0.886179377924339,-1.0105725171489,-0.746326813078736,-93.6873615157938,0,0
5.42,-0.14904598601166,-0.301802039146423,0.0201312357459682,-6.49740330733447,-1.01003188657858,-0.14500182158957,-0.0399304937930195,-6.57415741764511,0.129878397311454,-1.43633236046458,-94.5383980911495,0,0
5.43,-0.184579525609481,-0.293899595737457,-0.0700329413066662,-4.32652030866774,3.51861432580922,-0.118959711768168,0.157552534471263,-5.53567905614261,-0.67504232644206,-2.13222965915573,-95.3316017049764,0,0
5.44,-0.175365670482951,-0.285971373319626,-0.0346115035053346,-4.39185318625915,1.73004981926283,-0.0201266961497567,0.177611910245147,-2.97894417062853,3.66160325746309,-2.8338924602867,-96.0928098769273,0,0
5.45,-0.109825479788918,-0.278386384248734,0.0254201361455548,-7.290640108955,-1.2601059032243,0.0192625940972774,0.11107102142849,3.99458785093125,6.22772574756119,2.74242070876325,-96.7826257991579,0,0
5.46,-0.141175101533423,-0.270839840173721,0.0116958929269456,-5.34695747306044,-0.588364163505151,0.121323603499209,0.0731285610298577,5.05275326860858,1.84548395121153,2.03058207505459,-97.4450858478238,0,0
5.47,-0.0935230819636874,-0.26327833533287,0.000145358850820843,-7.3524482244779,0.00500081387558336,0.0904907677437896,-0.0236222129006075,7.11242564361058,-1.86330925127265,1.31389490961357,-98.0990645920493,0,0
5.48,-0.126844060137294,-0.255741745233536,-0.00563473951603888,-5.31063288838291,0.279480370075718,0.0661613593828801,-0.108369001131027,3.19754397227666,-4.24931094388126,0.592511734888878,-98.7265347139249,0,0
5.49,-0.141484649209118,-0.248320341110229,-0.00783721555044985,-4.20849753864559,0.405315385783252,-0.0265879624726212,-0.139184798598719,-0.158104052258675,-4.22501304180212,-0.133416197526778,-99.3247972933567,0,0
5.5,-0.179583859222758,-0.240929871797562,-0.0465011654679103,-1.93502928746229,2.3266162169694,-0.166735743874509,-0.0813136679644167,0.0403896604441156,-3.02586351968013,-0.863679834723409,-99.9087460312775,0,0
