{"epoch":5796,"loss":0.05217130156233907,"val_loss":0.025391168426722288,"best_epoch":5579,"_timestamp":1.7422853183459556e+09,"_runtime":78944.1103091,"_step":5795,"_wandb":{"runtime":78944}}