{"val_loss":0.0008184510952560231,"best_epoch":4930,"_timestamp":1.7430202300296295e+09,"_runtime":9805.4830624,"_step":3067,"_wandb":{"runtime":9805},"epoch":7999,"loss":0.002357213612413034}