{"_timestamp":1.7418571426785436e+09,"_runtime":1287.6583046,"_step":372,"_wandb":{"runtime":1290},"epoch":373,"loss":0.5747788548469543,"val_loss":0.09152996353805065}