t,iq,iq_ref,id,vq,vd,ia,ib,va,vb,theta_e,omega,r,"T_ass:0.61,S_pct:-0.63,kp:0.2942,ki:0.0002"
0,0.0309692574731558,0,-0.11207892689102,-0.260131063357826,1.07094771583917,0,0,0,0,0,0,0,0
0.01,-0.0262184059057264,4.85123273392674e-05,-0.182878480764364,0.419553579203076,-0.393906182796301,-0.00139470765019408,0.000252472583033876,0.0674706528225528,-0.0135026837054135,1.91086013017802,-0.00152601040124724,0,0
0.02,0.0349889187371702,4.45817786385305e-05,-0.254352938975103,-0.0604824324212422,0.271234852973601,-0.00156418517278172,0.000283792261956756,0.0761321731483923,-0.0150117595033309,1.91084889601509,-0.00164855274528133,0,0
0.03,-0.0301292298307281,4.46243793703616e-05,-0.0146012509172251,-0.116849041701799,-0.211800762966299,-0.00160168136759124,0.000290646999986349,0.0780052072235417,-0.0153571880205327,1.91083746566656,-0.00161992355004929,0,0
0.04,0.00733595199270988,4.14125970564783e-05,0.0263585249484319,-0.231244529642586,-0.958628077325034,-0.0015817511175561,0.00028740659140424,0.0771594519521607,-0.0151407488061561,1.91082696213098,-0.0015315921452242,0,0
0.05,0.0267981065710703,4.05470855184831e-05,-0.0215463831545563,-0.244762702675244,-0.437324167006085,-0.00160094625223158,0.000290978403400499,0.0781599732343809,-0.0153059505973073,1.9108164920995,-0.00148811090652844,0,0
0.06,-0.0576827645214318,3.86009705835022e-05,0.0402210136062894,-0.090163717814118,-0.363513909081797,-0.00160065045682029,0.000291145368363761,0.078236599509212,-0.0152819436164413,1.91080646398655,-0.00142515145490958,0,0
0.07,0.0500882910981318,3.92761976399925e-05,0.0153968427116389,0.0344374328322947,-0.25911390135371,-0.00164261882002893,0.000298868802711253,0.0803035639027848,-0.0156816019788384,1.91079694751392,-0.00141352153760502,0,0
0.08,0.0090760100793903,3.49682195519563e-05,-0.067264917815207,0.228765382426604,0.721890975958216,-0.00160012822833727,0.000291462830810331,0.0783811335829085,-0.0152374392895111,1.91078773555764,-0.00130760302932392,0,0
0.09,0.043693826984612,3.32550371240359e-05,0.0703965940698402,-0.459398898607491,-0.0544047992052602,-0.00159956423924373,0.000291559793202848,0.0784334121989261,-0.015213804401157,1.91077900273747,-0.00125242393478154,0,0
0.1,-0.017710353816296,3.16315708914772e-05,0.0276838539925771,-0.168788025013799,0.0300582550718725,-0.00159923274713229,0.000291685401340001,0.0784930995350185,-0.0151930961330276,1.91077066375681,-0.00119997099731955,0,0
0.11,0.00405825454035456,3.00813244393794e-05,0.0187480318728699,-0.47462405576846,0.15570511963413,-0.00159891739182518,0.000291805448713039,0.0785501521481431,-0.0151733212277423,1.9107627005368,-0.00114988286653222,0,0
0.12,-0.0414317996393849,2.86009362753248e-05,-0.0218065954743756,-0.183787287645389,-0.300650858201339,-0.00159861623678276,0.000291920087202591,0.0786046311281012,-0.0151544313895075,1.91075509614376,-0.00110205173904943,0,0
0.13,0.0111297558911768,3.14376266032923e-05,-0.103168535863831,-0.0145508504725741,-0.787533428848071,-0.00167080473721818,0.000305070161065569,0.0820812558778362,-0.0158629476394519,1.91074744463587,-0.00113646349824616,0,0
0.14,-0.0302884071270568,2.55085524258902e-05,0.00307083471793325,0.15511073673287,0.187893996103842,-0.0018160581102942,0.000332145740281128,0.0896255234056112,-0.0171252715072546,1.91074025575645,-0.00125661373290109,0,0
0.15,0.0868843019296387,2.44317179749487e-05,-0.0153100712860007,-0.149693196037552,0.564306315865825,-0.00159888277607498,0.000292432749221923,0.0788138179521072,-0.0151108283916802,1.91073333182077,-0.000966448411446328,0,0
0.16,0.104771219840206,2.31411977438256e-05,0.107956709977131,0.0285122253606062,0.108815824440595,-0.00159751110165716,0.000292343784189738,0.0788058485688406,-0.0150848652364313,1.91072704907348,-0.000925644022012649,0,0
0.17,0.0401774629494317,2.19731955439784e-05,0.0264740355026854,-0.0553811604521683,0.388624589775548,-0.00159726748484218,0.0002924334414366,0.0788485430204541,-0.0150699556369947,1.91072105114717,-0.000887910750211608,0,0
0.18,-0.0509024575489309,2.0858160496573e-05,-0.0540854114244133,0.385121411923227,-0.394749249142888,-0.00159704072725397,0.000292519725104054,0.0788895797053646,-0.015055722467538,1.91071532349964,-0.000851884187538008,0,0
0.19,0.11142321817449,1.97933695744723e-05,-0.0538044382668936,-0.0367522194884826,-0.294503411412408,-0.00159682392644368,0.000292602223908033,0.0789287633654827,-0.0150421617575545,1.91070985394305,-0.000817481033976728,0,0
0.2,0.0186457186139895,1.87765599548584e-05,0.0377659294066831,-0.0117025818199729,-0.0632461964479291,-0.0015966169981884,0.000292680966134197,0.0789661851694515,-0.0150292064373547,1.91070463084758,-0.000784628104539318,0,0
0.21,0.0267341928229245,1.78055688593304e-05,-0.0576103224845472,0.0418054672142861,0.0841943267117099,-0.00159641938906455,0.000292756159612917,0.0790019190982192,-0.0150168311006278,1.91069964310766,-0.000753255545168307,0,0
0.22,0.0430291531637675,1.68783280969365e-05,-0.0308330363463772,-0.00497197830187934,-0.236254844119514,-0.00159623076538163,0.000292827933969448,0.0790360456742417,-0.0150050079967666,1.910694880118,-0.000723296649635434,0,0
0.23,-0.035368440328423,1.59928713401314e-05,-0.0169615077254656,-0.350705295900835,0.0593682021559672,-0.00159605068388841,0.000292896457032246,0.0790686351538639,-0.0149937129762969,1.91069033175124,-0.00069468771752873,0,0
0.24,0.0801775747716546,1.51473150253878e-05,0.124305406601558,0.0493134326778286,0.294386607880258,-0.00159587844715096,0.000292961985993191,0.0790997523798924,-0.0149829593542107,1.91068598833635,-0.000667367918806619,0,0
0.25,0.00469196473252231,1.43398583531962e-05,0.0277919285086728,0.33566805026689,-0.493012475948295,-0.00159571434052255,0.000293024430025518,0.0791294729249175,-0.0149726467965887,1.91068184063812,-0.000641279164458856,0,0
0.26,0.0452682165165487,1.42941189551493e-05,-0.0668471431265497,0.117047343377899,0.498838866971109,-0.00160764713494056,0.000295216058622262,0.0797283401293851,-0.0150821204427828,1.91067789461658,-0.000630242421144537,0,0
0.27,0.0749380097331437,9.9881244750577e-06,-0.134826475655601,0.126324087046853,0.33653935641918,-0.00154796036190469,0.000284524523705874,0.076945905703689,-0.014472807967002,1.91067402189834,-0.000538114415200568,0,0
0.28,0.111313267344117,1.90922073670663e-05,0.0131665097880924,0.372489785621022,-0.644569389423749,-0.00151325926423155,0.000277959062186625,0.0747810096944236,-0.0142945681530378,1.91067035729135,-0.000475892057462973,0,0
0.29,0.0224077261899456,1.14327303890605e-05,-0.0033176114776202,-0.204594604602908,-0.41983702374437,-0.00159470335409102,0.000293177199435118,0.0792154910624776,-0.0149319598846605,1.91066703828799,-0.000547687368810971,0,0
0.3,0.0626110173499756,1.07679816210293e-05,-0.0345474205761745,-0.448354725726629,-0.405555979955903,-0.0015926140844252,0.000292890569071075,0.0791422439654976,-0.0149064727821516,1.9106642332566,-0.000527779722334891,0,0
0.31,-0.0481449084084726,1.02954727481119e-05,-0.0717399677668688,-0.195297445887478,0.0943420288495006,-0.00159487913740684,0.000293335623517679,0.0792777068134344,-0.0149209962874007,1.91066106952546,-0.000510615816620539,0,0
0.32,0.0743355816217785,9.707361641631e-06,-0.0182558573120894,0.301885622671186,0.692653050200623,-0.00159477138537109,0.000293383131331042,0.0792999565030667,-0.0149136266452336,1.91065804470194,-0.000491604137522447,0,0
0.33,-0.0206219387687237,9.14503652893472e-06,0.0857306116787696,0.401714620248541,-0.0261163664470252,-0.00159465706967758,0.000293426652112855,0.0793206555228303,-0.0149064542255502,1.91065515615959,-0.000473435462718068,0,0
0.34,0.0330606730448774,8.60804539115634e-06,-0.0285821576339879,-0.343805163967563,0.970671301397518,-0.00159454795834855,0.000293468162944314,0.0793404232898911,-0.0148995984737006,1.91065239777647,-0.000456085406606244,0,0
0.35,0.0197355337648539,8.09525226941332e-06,-0.0232486570898254,-0.186767155051795,-0.761858348026946,-0.00159444336511961,0.00029350794336241,0.0793592895783976,-0.014893084820425,1.91064976368764,-0.000439517152741671,0,0
0.36,-0.0165224376275926,7.60556577006355e-06,-0.0334552170853369,-0.334755958194063,-0.576803567591679,-0.00159434390616197,0.000293545781700054,0.0793773160983878,-0.014886826936169,1.91064724829235,-0.000423695473079239,0,0
0.37,0.0045242740958957,7.13794497642084e-06,0.081196634597053,0.0339091705835487,0.228078790366306,-0.00159424863145475,0.000293582019623279,0.0793945256484728,-0.0148808851337315,1.91064484624214,-0.000408586726598206,0,0
0.38,-0.0610493479786951,6.69139535602881e-06,0.145813428404239,0.306698791314837,0.725397991159605,-0.00159415793780579,0.000293616522335213,0.0794109624837295,-0.0148751730592527,1.91064255242973,-0.000394158788156819,0,0
0.39,-0.0108583250101407,6.26496694167145e-06,0.110489291807761,0.503450825684973,0.404960406481118,-0.00159407098515119,0.000293649592102563,0.079426651593354,-0.0148697532949637,1.91064036197779,-0.000380380980189794,0,0
0.4,0.0851468041331796,5.85775433137314e-06,-0.119837688319582,0.285136699348867,-0.299403714931737,-0.00159398813563724,0.00029368110589294,0.0794416424781159,-0.0148645731387111,1.91063827022882,-0.000367224007479538,0,0
0.41,0.0657764034186941,5.46889077668311e-06,0.0850978007508067,0.0500782702548069,0.573717166673693,-0.00159390931246915,0.0002937110956408,0.0794559608794727,-0.0148595882848334,1.91063627273527,-0.000354659894864141,0,0
0.42,0.0410815029705217,5.09754909217008e-06,-0.0168041193578432,0.205772055830436,-0.895102942325673,-0.0015938335660901,0.000293739901630826,0.0794696205355116,-0.0148548652369351,1.91063436524997,-0.000342661927757195,0,0
0.43,-0.00467132130080875,4.74294074592763e-06,0.0183799350104381,0.327864078494427,-0.207057841311091,-0.0015937614784129,0.000293767322477965,0.0794826764445255,-0.0148503493134703,1.91063254371696,-0.00033120459534601,0,0
0.44,-0.0480957901796075,4.40431131210062e-06,-0.0558817812961617,-0.427116896563716,-0.789441515923528,-0.00159369249900581,0.000293793556945531,0.0794951365513459,-0.0148460379877103,1.91063080426336,-0.000320263536349088,0,0
0.45,0.0659658875516511,4.08094047088525e-06,-0.141560659289839,0.519772202617837,0.134633226182326,-0.00159362662629308,0.000293818609556063,0.0795070336695717,-0.0148419168387071,1.91062914319049,-0.000309815487216442,0,0
0.46,0.0384361007987054,3.77214109903434e-06,-0.0115410747564036,-0.194350731118253,-0.300582712017693,-0.00159356385878113,0.000293842484623584,0.079518401966642,-0.014837980216339,1.91062755696657,-0.000299838232665008,0,0
0.47,0.0667978924634967,3.47725654137321e-06,0.326793109373263,-0.106024149214641,-0.665902146410868,-0.00159350397551678,0.000293865263879415,0.0795292602946779,-0.014834218614119,1.91062604221881,-0.000290310558444135,0,0
0.48,0.0874678215780509,3.19565901918395e-06,0.0229314698185389,-0.0689471202272402,-0.767563508395743,-0.00159344664585653,0.000293887067668959,0.0795396216345176,-0.014830627677998,1.91062459572649,-0.000281212206229154,0,0
0.49,-0.00596181892633227,2.9267509944475e-06,0.019112668019169,0.381818980303996,0.0242324869270626,-0.00159339161413007,0.000293907989674425,0.0795495124531587,-0.0148272337857275,1.91062321441391,-0.000272523830544211,0,0
0.5,-0.037469888884674,2.6699599402491e-06,-0.138569817826854,-0.428268639000528,-1.27716962585449,-0.00159333938780976,0.000293927853624094,0.0795589627192995,-0.0148239555313884,1.91062189534417,-0.000264226957632843,0,0
0.51,2.40614847275571,2.58367586135864,0.06938620444052,5.52177175515427,0.393772947274182,-0.13903446700185,2.46254903419938,-0.170450393854592,5.8609155818425,0.0551762581124212,16.4458040057181,98.516289955632,0
0.52,1.85581311378251,2.04028367996216,-0.0134757524380184,7.83810437103069,-4.44459274237606,-0.367399881771046,1.83693759353103,-5.26042883847714,7.39453000459349,0.233714322546183,31.6289183650043,96.1603221786995,0
0.53,1.38769564695972,1.55653071403503,-0.0662395550651141,4.80105406226573,0.185241877687462,-0.716460277174404,1.26894775144501,-2.20778189898113,4.45702638603117,0.510588230299359,43.3666567316912,92.5030591488365,0
0.54,1.17037195444873,1.19835376739502,-0.0262187280872767,-0.683419273538997,0.789570695302265,-0.928170407760814,0.775648403695591,0.886293114082688,0.18192868090854,0.862957517873764,52.4367402659893,90.4657546439489,0
0.55,0.961272555595325,1.01825320720673,0.130393259397411,0.225110421489417,0.475135076516673,-0.985340010966236,0.271082898230518,0.559478888732831,1.27976683466522,1.27531987648301,59.9274873996528,92.733624738112,0
0.56,1.02109968341169,1.02947735786438,-0.0100248958272871,4.83395020445597,0.733334837607967,-0.921239805549684,-0.176070077101917,-4.6694902032859,0.0681197357342199,1.74142252824775,67.281352977015,101.065394889169,0
0.57,1.1559506841419,1.21674489974976,-0.106815778309826,2.86181502810313,1.13192673365393,-0.884418556064135,-0.760714470234948,-2.58511055158626,-0.835357037760564,2.26389215434958,75.4828880030731,115.835846678394,0
0.58,1.37588231897615,1.53204464912415,-0.0130188329852428,3.26919364569312,-4.68300468152343,-0.50342446727778,-1.37986397716841,3.25733859991706,-4.41354063937617,2.8514027036093,85.0496066023514,135.926955533321,0
0.59,1.88448134101685,1.89176678657532,-0.0701578776175737,2.8535829030122,1.7369262045558,0.701883120858483,-1.69946115391665,-0.549468186235638,-3.08854388616689,-2.76765023181621,96.5010838229367,158.995191023585,0
0.6,2.06204806182878,2.19560766220093,-0.107031794800381,1.79706177901192,-0.488289046344488,1.93777928859407,-0.925567263302864,2.38309367234661,-0.609229815807159,-2.01194659502031,110.046811039749,182.047568816185,0
0.61,2.27013416479057,2.34622621536255,0.183529310502708,4.93322441727073,-1.6861805149436,2.07036593001217,0.893506933016821,3.49988428892972,3.3986435546555,-1.14848738934583,125.948370606619,202.181082746336,0
0.62,2.12328453887816,2.29972815513611,0.0261917279781188,11.3254959606266,1.09900922689681,0.321067933717938,2.06105733283339,2.47677790379182,10.4408279681892,-0.161766957236926,143.040331021769,217.298893034985,0
0.63,1.96162541604752,2.14018392562866,0.125175917284382,6.96850104800829,-1.4110252992641,-1.59630849140939,1.20318169994273,-6.7635523838962,2.74914162648839,0.942523922969435,157.885925687225,226.622519365273,0
0.64,1.70556668469591,1.87613499164581,0.139198272044144,6.75225232603154,0.141154554041626,-1.45839964452435,-0.949462367248785,-5.67336642036312,-3.76296605435556,2.14870931856213,171.030766716885,230.870802348026,0
0.65,1.29491431300388,1.54086983203888,0.179179746055264,7.69214326946518,-1.34582573380129,0.40432298827672,-1.31902320510537,3.033974709032,-7.51486496887364,-2.83506333516669,183.056972319994,232.060545493831,0
0.66,1.11113854931008,1.28028738498688,0.0920996385933739,4.15515867335234,-2.67476038742534,1.19670747156812,0.0815454040456269,3.79310394308725,3.0748894085049,-1.45878079783261,192.094951178662,232.979283232787,0
0.67,0.910354849099654,1.13214778900146,-0.13703984268775,6.22945343961496,3.89583839647525,-0.0444424546099326,1.01856109782126,3.46639774798775,5.68143538133238,-0.0215863370224377,200.002531898145,236.463414991439,0
0.68,0.941818384551927,1.13067293167114,-0.167619062766549,6.39635590324998,3.86367005127492,-0.999199303555766,0.0219295003673546,-6.31991018638239,4.42817243294103,1.47315835209686,207.623534726246,244.664093860823,0
0.69,1.14989260677956,1.30377531051636,-0.0491808683095351,3.47327798389769,0.726874138244191,-0.139659845551686,-1.23340889607731,-0.765080472176178,-3.07404573106209,3.02277648598588,215.430527076346,258.486350146343,0
0.7,1.48058665561585,1.56683814525604,0.0201948022555752,5.14603371169327,1.22688650693014,1.45942606208083,-0.0922265531707964,5.17109286449152,-1.23530728906839,-1.6453818035276,225.500484760984,277.343184360697,0
0.71,1.69457538768153,1.89762365818024,0.0585840234845621,10.63561286533,-3.22406960552518,-0.00786489058370063,1.68849212430025,-4.09480853526011,10.3706821611392,0.047464056009326,236.698197948512,299.286827536268,0
0.72,1.88215677617429,2.14938116073608,0.0874308289269502,11.8236086680872,-3.13409233143399,-1.86667960980628,-0.418020020827124,-10.4662529841147,-7.02375200180991,1.83361477355743,251.083215903352,321.48412344055,0
0.73,2.14334567600982,2.31310486793518,0.164133367500585,9.36042450989842,-6.03844306827335,1.08756661746484,-1.82453544545353,9.54368329338827,-5.18658108394744,-2.555965179482,265.642936478683,340.9160879085,0
0.74,2.10872228151932,2.27299118041992,-0.14904775500607,9.00917402698336,-4.71889258140843,1.17634948862186,1.74744770113086,0.564960764560884,9.55885217385032,-0.549600348393023,281.765950221931,355.125088614382,0
0.75,1.99352288225883,2.08867287635803,-0.0853677789182514,6.32810715745258,2.15980594623964,-1.96079809491975,-0.0284344112685305,-6.42005132984763,1.70296447524542,1.5684657556077,296.020987729986,362.821059658247,0
0.76,1.48320063178922,1.73860120773315,0.0535195437561924,8.38917543235831,-1.35060016588352,0.910864488342431,-1.26837902600257,6.86487916965894,-5.97229171617651,-2.4945866015404,308.986414303337,364.193756871486,0
0.77,1.06089529180751,1.33208608627319,-0.0444977031632536,9.43383130215467,-1.37183867285258,0.258788309243666,1.11058315550063,-0.230063200071789,9.88157600956601,-0.191944219087766,319.037604715734,360.852284323809,0
0.78,0.83866290707007,0.939695715904236,0.0261638230840456,8.03322814103955,1.90908538113205,-0.621410956594325,-0.452973602056039,-7.64896041530242,-4.02107961175284,2.1744153787393,326.059544929116,355.407237227193,0
0.79,0.570592328212586,0.637325286865234,-0.0454758231012079,3.54934336413952,-0.391162415545457,0.554230332720494,-0.0850475213123142,3.92241724669698,0.153184615112823,-1.69965088956442,330.823874673005,350.801045779483,0
0.8,0.290538944584888,0.487769663333893,0.118251531778022,6.61082810240827,-4.05726990008297,-0.191222045021262,0.30586200097397,-6.8670973312487,2.77723480584657,0.737197817920349,333.938298594746,349.555681567656,0
0.81,0.523686376254753,0.503087520599365,-0.139727582130347,3.72140316936351,2.04583845019311,0.0591544693055256,-0.422849529053672,-1.64737243784278,-4.01226356116761,-3.08879204245776,336.524115620373,353.127748724122,0
0.82,0.510321250359324,0.647187411785126,-0.0919538474493842,8.15430904162982,2.70597871975583,0.242594987057346,0.427654526227113,6.4401319831165,5.16155391810068,-0.610231556015101,339.86723335766,361.533858496397,0
0.83,0.766163781220315,0.866186320781708,0.110239928666741,7.03055000774671,-3.18934270015781,-0.713181809148665,-0.17125351950835,-5.40114741826001,-5.32832462727817,1.89676632168211,344.543646502114,373.340927436919,0
0.84,0.895756925206113,1.07539260387421,0.0784698219617888,9.90190306446336,0.764534387697221,0.847152629903348,-0.224281494796822,9.51383739270922,-3.09131724008164,-1.8394300418738,350.584429576435,386.023882486454,0
0.85,0.88684345234909,1.18614876270294,0.127876752447124,9.4216629091975,-1.19705190023375,-0.668258049899375,0.743652120447512,-7.37069732826799,5.93098981938842,0.757842612510117,357.966512300274,396.600472018051,0
0.86,1.0328676710476,1.14748084545135,-0.160683066405133,6.06024255341596,1.05225749406948,0.28731138226597,-0.981763922737421,0.826114651722763,-6.28080716509335,-2.8737292481531,365.578575308336,402.38290003381,0
0.87,0.83992610310014,0.941925823688507,0.0763609978978051,5.28999303857145,0.305066420146793,0.125817842733465,0.833773950461594,1.67358934687954,4.77248980118732,-0.169534259715007,372.114863409991,401.656492800763,0
0.88,0.396125243371875,0.582095921039581,0.0156169018955537,7.09431674003648,-0.0312417784703935,-0.237965476556343,-0.370345013072018,-3.72867219884583,-6.08853974530699,2.57636245089471,376.600641429674,394.114024561321,0
0.89,0.0756673625654291,0.129567950963974,0.0115568680410185,4.76035461379113,0.218786643082193,0.0247580286808623,0.027582266103129,4.02355527010916,2.47730482384045,-0.938142989322488,378.29008009839,380.936020918927,0
0.9,-0.422292536235391,-0.329601794481277,-0.170062435114464,2.72778037573613,1.97743971872211,0.382720033742891,0.0459772446144338,-3.25084333699445,1.9133180331911,1.83077432842391,376.621704481349,364.496746880434,0
0.91,-0.854767231651781,-0.718843936920166,-0.170373202444155,5.39474197411425,1.32113925661588,-0.811877755040765,0.132173561000798,5.02935174306707,-1.74511397464045,-1.70601483913584,372.078971480239,347.770099326006,0
0.92,-1.02686935938783,-0.966106295585632,0.0394551011531783,3.2784178073892,-1.44061434258244,0.890066210158919,-0.535859355696928,-3.95858996900168,0.621206847179672,0.997764404416059,365.443481333668,333.58539486896,0
0.93,-1.06857253377175,-1.03412222862244,0.0490189442608064,3.73324459647479,4.14853003218367,-0.471823611439438,1.00902819429891,-1.41500549119195,-5.24902583475634,-2.63610857479533,357.466062818615,323.920940220767,0
0.94,-1.12967643268404,-0.947730660438538,0.00576225403142869,4.31202268046263,-1.20547776511788,-0.0312600946686642,-1.03020124931102,-0.557104236891341,4.21952795652669,-0.0441724252826582,349.663402417654,319.413723926648,0
0.95,-0.862595245771262,-0.762662351131439,0.0987465935391603,1.35045387718554,-4.25972512396085,0.42099458546732,0.670848570852402,1.90391598306385,-3.15285929877533,2.49489111674368,343.235481719908,319.208986822156,0
0.96,-0.758488510217554,-0.541437387466431,-0.0120443934884711,8.68508920069611,-0.638957613345326,-0.678052291791222,-0.199213908889679,7.91836526259165,2.54326459970442,-1.29249384801538,338.124995239103,321.187596566403,0
0.97,-0.384434007259627,-0.373429119586945,0.058139806764244,3.3032667292547,-1.9570738653734,0.422247335142266,-0.129129106609286,-3.96596817539415,-0.806156099586226,1.17130070113633,334.305011057971,322.513743183793,0
0.98,-0.384862403112948,-0.335240960121155,-0.100186055564769,3.49905138389031,0.969264182761903,-0.174504895523513,0.360340998117182,1.15535009163287,-3.11900008797448,-2.67180752483233,331.348491931262,320.364579949831,0
0.99,-0.435441169412794,-0.451797395944595,0.108866643375297,1.63110502486256,-2.4307935892158,-0.0725688357274878,-0.484747567111028,-2.06303259622248,2.42986196407467,-0.254953744947933,328.020642366617,312.657483953475,0
1,-0.629897820156979,-0.72196763753891,-0.11323055985127,0.465797267668496,-0.700342897991554,0.61489206516488,0.400911191272884,-0.23847877798027,-0.844414602313826,2.13316948702436,323.160071921499,298.59120643481,0
1.01,-1.14323911030907,-1.11222505569458,-0.0824336743982167,1.59738577190175,1.11155155781121,-1.11617177136945,0.296188826612778,1.75773286524549,-1.95476961148939,-1.8042533819284,316.274711830642,278.864174123429,0
1.02,-1.38523162202678,-1.52413284778595,0.14045457144883,-1.44714248076081,0.957691733662776,0.670363063611128,-1.33303032316263,1.52238013089809,-0.961496489746434,0.478350495744789,306.340543520372,255.514723276175,0
1.03,-1.88107807891597,-1.87898123264313,0.0332015985043013,0.4126332673664,-1.64626272754291,0.815646897625707,1.69782271976094,1.1512183837563,-0.879179677084027,2.67904043211238,293.350458057169,231.423512680539,0
1.04,-2.12733566952458,-2.12843704223633,-0.058731020706482,-0.82076377588616,-3.36876762939648,-2.11413529160458,-0.22450806101101,-0.433559423416114,4.25886037620268,-1.50500642207512,279.176651910977,209.603664180252,0
1.05,-2.16592578021571,-2.17194747924805,-0.11037150702091,1.52457092519562,-1.55507613054362,1.04895048623658,-1.93730508669505,-2.19355996328052,0.655036400312241,0.481689254204941,262.85923880871,192.457779061703,0
1.06,-2.21805026168432,-2.0794198513031,-0.00842010788184764,4.50963656615575,0.877698256334402,1.55352438328521,1.51506905565906,-4.03482100315513,-2.43291438484089,2.35412935912758,248.029558679331,181.189341090892,0
1.07,-1.8303171546448,-1.80975329875946,-0.20420448440988,3.26049788256221,1.55704922207248,-1.52769221271999,1.08203843005637,1.54203653946139,-3.33750651688523,-2.16655715451259,233.311593494607,175.517030464349,0
1.08,-1.51785034090151,-1.51351928710938,-0.126475301570639,1.66684763465859,3.53573570073424,-0.806996130134677,-1.3305315795943,4.13902314529868,0.136630896437785,-0.4993146847973,221.883576645341,173.763982189371,0
1.09,-1.25183237675115,-1.20510506629944,-0.0657131501685037,0.769528743350061,4.26684412781383,1.03181570715954,-0.647193936959431,1.73727768637054,4.42359154559356,1.08839916837559,211.574197614952,173.299342631953,0
1.1,-0.979525709326618,-1.01600325107574,-0.0369515342772924,0.640476581587146,-2.74842529413461,0.4842663876396,0.906520614174209,1.52692081661761,-1.59163182420996,2.60984575914543,203.84543436383,171.220517386867,0
1.11,-1.04018213268876,-0.968249559402466,0.0034035824906683,-0.14060505575575,-0.468090040527665,-0.78532861638303,0.563752281105777,0.318849510282959,0.477811165624735,-2.20507844376084,196.612075578479,165.103726260121,0
1.12,-1.12172697304756,-1.07260775566101,0.048917285660847,4.6866083823296,-0.654152029595024,-0.818245754554148,-0.828693272289177,2.78392611950994,3.79511548043145,-0.791582519720363,189.094602849894,153.633234299678,0
1.13,-1.28876643152685,-1.32014584541321,0.0987025790762935,2.89642448608098,-4.04502354001555,0.795744160301188,-1.125416877609,-4.48015443241652,0.563184655793168,0.565083214055517,180.733565109359,136.950266573148,0
1.14,-1.53211218427333,-1.59967362880707,0.0434576726841111,-2.01189324440346,0.888165024539607,1.50767989064741,0.412326346149831,1.44655464586297,1.4280400481984,1.85040836330614,169.480707612768,116.633401958502,0
1.15,-1.85403825819217,-1.87996065616608,-0.0716750182483358,-0.98563457476674,-0.0171857466194494,0.16220927274404,1.84765644890758,0.679377156466183,1.15023485283585,3.04805161489811,157.149726907023,95.3153025271613,0
1.16,-2.02492505897666,-2.06834506988525,-0.0659657468335028,-2.60588897206653,4.82393368189631,-1.65869165361299,1.13910495045777,-4.56067907854706,-1.92040960306192,-2.13227640087722,143.466480889721,76.0324706041267,0
1.17,-1.98997736806103,-2.06058168411255,0.137944214993401,-4.17410963479068,-0.236449128985777,-1.78565188035563,-0.83271148453606,-4.14297707588072,-1.6761241920338,-1.13656281770459,127.907376959994,61.4721452667086,0
1.18,-1.80238994780778,-1.87535214424133,-0.11013684544159,-2.5969649405773,2.68800087602513,-0.505957091714807,-1.74706857055699,1.73356080452896,-3.35144574829692,-0.254098447235937,113.37476011804,53.3064292718092,0
1.19,-1.52523212323373,-1.5707426071167,0.0206339341723074,-1.38853956920515,-2.04819743587345,0.826579580919509,-1.29788974494242,-1.51978827776111,-2.74582245334432,0.532114576056776,101.577778651638,51.7817159623959,0
1.2,-1.20644887561112,-1.17159759998322,-0.040242393081889,1.56865063896184,-5.52698934521051,1.16661124919163,-0.294243770906324,-2.95544179030716,-4.23974904185259,1.2412702314124,92.3074489007796,55.6670243431138,0
1.21,-0.894189208405673,-0.749879539012909,0.0326445725705635,3.75545362688361,-4.41902862459635,0.750431775008959,0.343265253331254,-1.98985162642369,-5.35446311636038,1.89190969609938,85.6022654009467,62.5742267641457,0
1.22,-0.411791244436999,-0.391063570976257,0.0414251989160268,3.43079015280194,-2.86956970264938,0.223831327893749,0.39162195348916,0.450473441098125,-3.93556599048691,2.50233501427226,81.3299172428356,69.5692514795938,0
1.23,-0.246659303018134,-0.177869647741318,-0.0484106677204316,0.461518272515144,-2.59704603413092,-0.0241545829483486,0.188007958670668,1.67036617641803,-0.570474501414175,3.09008714841699,79.2865783749334,73.9198735741354,0
1.24,-0.202573595188776,-0.133301556110382,0.0429341932793595,3.2869046570748,-2.8784812406638,-0.146442972125991,0.155408595278554,4.00949949943773,-2.04624986590728,-2.61576895207551,78.2724557402432,73.7912244256394,0
1.25,-0.329076595359142,-0.237882032990456,-0.0590773005328649,-1.34295086066738,4.82290987451922,-0.144609045270118,0.184017679081087,-3.30278040236103,-3.78814743832652,-2.04626228526896,76.9894672931913,68.713359561527,0
1.26,-0.527690068939589,-0.434360921382904,0.00160280198471306,0.243483797999527,3.92567614869833,-0.444365833566105,0.0396525751401402,0.622945318526592,-3.73539357588036,-1.49017164420102,74.5193412291621,59.7027917597386,0
1.27,-0.640543782137575,-0.647822678089142,0.0353803601931177,4.3682918919683,-0.277370534939758,-0.599246926759503,-0.43206163684992,3.52169288682595,2.98218372081277,-0.957195680620874,70.6296277218065,49.0072838688368,0
1.28,-0.7747632069492,-0.782378554344177,0.0735743476121882,2.4759650628911,-3.8384137214614,-0.304999028075929,-0.769523512204291,-2.05903200250599,3.4524658743849,-0.458816503810252,65.1375536731683,39.5383371965508,0
1.29,-0.876186690394891,-0.774360179901123,-0.135575389519071,4.62328119370398,2.66307572088958,-0.04735443589,-0.865272803871005,2.21086307014165,4.59740072577989,-0.00405974931515601,58.9513095268993,34.1346816106398,0
1.3,-0.6657975819248,-0.607347249984741,-0.0421627225683326,-0.518175385438078,-1.10599960770005,0.255863555519061,-0.543252453276201,-0.773347310956706,-0.668727585373494,0.407870596084275,53.7326781517356,34.8427565975597,0
1.31,-0.291241718906987,-0.289169102907181,0.0318422384875945,-0.934823308938374,-0.391005062662416,0.206564851163385,-0.20274406951818,-0.109551343053573,-0.0187819142156986,0.788652805299538,50.5343199085897,42.3958901897197,0
1.32,0.076453158323853,0.139824584126472,-0.0152072363769299,1.96031015677457,-0.0186595797146379,-0.098001156211414,0.040862041813302,-1.54369218187198,0.799076354561947,1.15528495107573,49.9872113762968,56.0237162133343,0
1.33,0.537785962252497,0.604449510574341,0.0548157411897742,-0.0238216013340788,-1.85354361997507,-0.601434047727411,0.057480102413602,-0.176514853100086,-1.62047136947161,1.52929371393883,52.5644393959203,73.6399875448923,0
1.34,0.970630210798814,1.01934540271759,-0.0163041992325209,4.81923746145174,0.199237226929278,-0.870480512036079,-0.326733833366732,-4.1795484482745,-1.75581897800037,1.93335104487202,58.1081294567932,92.3613994854595,0
1.35,1.2626235243449,1.30936968326569,0.078285670310874,6.38053405280968,-5.15090268645181,-0.8756977791088,-0.799348565985936,-1.07607140408878,-7.787149163006,2.38735264422576,66.0903799766031,109.226459268368,0
1.36,1.3790792231349,1.42318654060364,0.0529397583040607,1.66535056723482,-3.07458338822015,-0.383947413387337,-1.34089184828548,2.60275688446464,-2.20744298099509,2.90640479442861,75.7323860321989,121.932929924396,0
1.37,1.19344225416243,1.35141289234161,0.075718956893939,3.29365564287262,-2.53303149729918,0.403506958122563,-1.22443860959737,3.51113089506419,-2.11868653395786,-2.78378427256921,86.0622121638488,129.407693255695,0
1.38,1.09947987785906,1.16224873065948,-0.227490651656068,1.18234981301877,2.83029311617758,0.995632244823702,-0.547363617295056,-0.130455276633376,-2.93318121024961,-2.11863750911519,95.0735806158539,132.06520012978,0
1.39,0.800940452711468,0.937071442604065,-0.159063704678815,5.43289025708226,3.28795186648992,0.796378959464975,0.219391432215575,6.3694215245221,-2.7797255601052,-1.3950935917772,101.984757949152,131.689319280532,0
1.4,0.723897261115961,0.742014944553375,-0.0158595012798614,-0.662536279998168,-0.567272678708258,0.452113646020747,0.601673337321237,-0.799245806219978,0.000900015485530981,-0.627108228027708,107.358095688281,130.968499596508,0
1.41,0.609396848844302,0.649404346942902,-0.0941275422862385,-1.59795881390105,-0.0355004365052735,-0.119675872530717,0.664357891198787,0.28521347923834,-1.19446967063304,0.176323291285478,111.803402699435,132.801710162077,0
1.42,0.516804680323939,0.698354542255402,-0.0885105568810608,4.71359848535224,2.4197183952955,-0.534869104511632,0.292124566030291,-2.92189208980057,3.91931427376942,1.01262528258776,116.437366101718,139.550509410106,0
1.43,0.826919037163542,0.911378979682922,0.0412722931324662,3.82621773344086,-2.18393131356386,-0.805781759089627,-0.198055448352111,-3.09747373282919,-4.21766906092592,1.88531288834617,121.88542865215,152.426202163157,0
1.44,1.13894101022044,1.26019215583801,0.0989473413868974,7.46580666481995,-0.323043453862235,-0.37763372611581,-1.05081361710475,-2.04300265884883,-6.9548013846796,2.80349492177804,128.985967450591,171.166934959519,0
1.45,1.57184227024306,1.66485929489136,-0.0546850695399788,8.3443795505413,2.94442776055048,0.955264817119887,-1.16731493767101,2.05161837156196,-8.40054615026183,-2.50034225594616,138.81259292184,194.086368794661,0
1.46,1.89656098336081,2.00989532470703,-0.0266520038198307,5.77159694225213,-0.932867269039047,1.88052965446908,0.246165752541154,5.6082159115896,1.26707387903395,-1.43533199640926,152.281860615397,218.481741305336,0
1.47,1.95452978565834,2.27525806427002,-0.0965649041352913,9.42879460590235,4.21527720661307,0.463709149993361,2.02980180364797,6.769433494011,8.32237723419786,-0.266110996647472,166.782995659176,241.298380376086,0
1.48,2.27780846907617,2.39166736602783,0.0213654396298932,11.4559493813624,0.438772045814889,-1.8322612719743,1.14633132714143,-9.84566322837446,6.09817765189276,1.01236028266455,182.293805607905,259.882974045716,0
1.49,2.06305740015873,2.28252005577087,-0.0630401566103207,8.0332129552458,3.56326885212126,-1.36275498242972,-1.63458495207291,-8.08891577397685,-3.29438854333265,2.41085248430926,199.15709381539,272.635489675578,0
1.5,1.90968814027966,2.06179237365723,-0.132357214502912,5.41218246921761,1.91129989876116,1.39841778007891,-1.35273085806571,2.81524753331113,-5.51101394873307,-2.35878513831829,213.360873425698,279.39522799197,0
1.51,1.58586742233144,1.73628675937653,-0.0859800622567517,6.74240816911124,1.13264758683368,1.07633779582692,1.17956243686708,5.21128830596667,4.77243074977312,-0.746865544320182,226.31925857657,281.463632262243,0
1.52,1.22691106299745,1.40414321422577,0.0462152046333718,7.9195928404044,0.0341238060817123,-1.01584718517548,0.711902343568838,-6.45091604219973,5.171442554431,0.952134880695465,236.617320739589,281.258196896039,0
1.53,1.01206013652026,1.15646970272064,-0.0879831923648475,5.34582380436357,1.56990647404435,-0.407190797972934,-0.97017930001893,-3.49911419889133,-4.23973446986442,2.71706698472711,244.826673263605,281.684971341792,0
1.54,0.954960061248819,1.03482711315155,-0.0524334696590178,5.1068100606547,-1.0656003163835,0.912378907686198,-0.184139607038062,5.41448263591234,0.256083037003112,-1.74430451126135,251.90101534704,285.388211960529,0
1.55,1.00797693790021,1.07851278781891,0.0132861661121004,4.40305161286453,-0.68938333199371,-0.126302958797628,0.986975673291422,-0.479296759905066,4.21989784289755,0.126309314225455,258.716480596581,294.066753591161,0
1.56,1.03295441160696,1.2594074010849,-0.14992493213638,8.58688213971462,1.76370203406078,-0.176900410818474,1.07043018692334,0.071646651926518,8.90872325800341,0.139861380878274,266.334633368762,308.029820970619,0
1.57,1.38463452280943,1.52459526062012,0.0487566511891902,8.51721950749467,-3.19688732310347,-1.19265949097099,-0.663340086242857,-5.26040122052896,-6.97283669281763,2.12471600207669,275.798461703525,326.104533358752,0
1.58,1.77671107994416,1.80171239376068,0.0748827597940694,4.97025291522351,-0.504528952867409,1.4797309656853,-0.853859761029564,3.9404754505421,-2.65573301228567,-2.09753762747101,286.643389590331,345.918542545926,0
1.59,1.74890854672572,1.97868680953979,-0.0746898483983396,8.61777117527737,0.0646205794870168,-0.0893522621022086,1.80240129896156,-0.563032780434103,8.76390136877489,0.0509482532019477,299.907010382369,364.486511725708,0
1.6,1.87320136039795,2.03841018676758,-0.0718717517043758,8.02389518625528,3.60233855986781,-1.35142173450987,-1.29288843718872,-8.73877258540181,-3.03674629540501,2.29675749168624,312.992676325745,378.952412112378,0
1.61,1.69154204362849,1.89944624900818,0.0615904043222744,10.7864499702505,1.07528157211469,1.67735486040468,-0.0949125431622754,10.9476748649501,-1.97294070588825,-1.64128061250973,326.335998116972,387.300261463518,0
1.62,1.50300683946215,1.60173308849335,-0.0193656863007865,6.01703147436132,-2.66595473080476,-1.02877958530277,1.07376371493437,-5.75295854201619,2.49147682675494,0.79435930016121,338.128529275381,388.853891086414,0
1.63,1.10095837383311,1.19989955425262,0.0786894060347627,4.77228492819662,0.263442288321954,0.184528695011034,-1.08422931831206,0.632829802740326,-5.05274719712866,-2.9762760180301,346.954728426411,384.439594859326,0
1.64,0.659359991416106,0.754125356674194,0.124763106182845,8.40099741897842,-4.06329590766676,0.310468809008548,0.500453576670527,-0.527157049292518,9.66575502073759,-0.408002047330457,353.081691898456,376.170634533097,0
1.65,0.210296757623824,0.364595770835876,0.094194296726712,6.93794956662376,-1.9835740507834,-0.212040846831452,-0.100945152398544,-4.27382547386342,-5.63826943987771,2.19302351353007,356.159188994802,366.908055734294,0
1.66,-0.0641161211544887,0.1003123447299,-0.0111936134577383,6.38242081945644,-0.266283302404626,-0.0269070483592947,-0.0293392195773948,6.42441152637768,1.95826389011441,-1.47570493925944,356.873125226955,359.533998382181,0
1.67,-0.125645752623655,-0.00571810267865658,0.0271504381909441,3.95269213086967,0.315398143058738,0.0662951783783955,-0.0451415384771245,-3.13118527777355,2.18260002160747,1.13913479388845,356.464124897302,356.221025696171,0
1.68,-0.0277952089629825,0.0504113472998142,0.0588442725896748,2.75845736770193,-3.21763661421598,-0.0528851420353263,-0.0252035325381913,4.14364471358711,-0.875621356402772,-2.53363531943586,355.842715284846,357.881993398531,0
1.69,0.114836990755259,0.218652129173279,-0.0256321359610125,5.65516709460604,-1.39336396638908,0.0301417992581092,0.117753198082199,-2.35498768633834,5.10219463740551,0.0754412704324419,356.173089183522,363.939383289258,0
1.7,0.25966120986865,0.433917582035065,-0.0501177995070837,4.85485234004817,1.11292883987252,-0.124797052837345,-0.311606462837511,-3.26258231525526,-4.02511348523905,2.69115726380458,357.76442334478,372.472347244229,0
1.71,0.624085433980147,0.604057669639587,0.0398333152509302,3.79580335785496,0.754767788418783,0.416242777979247,0.303928937823416,3.99888230807907,2.18774141799077,-0.959207577717566,360.726593470143,380.704321483117,0
1.72,0.609223849779218,0.654177248477936,-0.00698938856584272,6.16261494536601,-3.39989637171163,-0.541051301901738,-0.00868007834865173,-5.47957821763181,-3.76793501809529,1.69899647901528,364.577929090601,385.708063323991,0
1.73,0.402650397540892,0.547857403755188,0.0277486501876819,5.82684066495947,3.85698790874936,0.416864581887328,-0.0616727101393205,5.1808881439847,-5.766057267851,-1.89861844626811,368.065517315824,385.150051993749,0
1.74,0.179355852082748,0.272921532392502,0.0664946673671611,4.19362839154163,0.107468261685405,-0.153707178429237,0.137908940033657,-2.24345644774649,2.605108202661,0.808566471790925,370.19494688746,377.88624729772,0
1.75,-0.346501830032048,-0.131584674119949,0.0663668773754971,8.10058728573615,-1.59238266982486,-0.129060274858119,0.265840039674631,4.043248267455,-7.27411776097363,-2.75995386043705,369.989320818808,364.258727089682,0
1.76,-0.626445125477473,-0.586632370948792,-0.0769347279175933,3.03600886879218,-0.413715971869871,-0.0245867678705573,-0.649214984727602,-0.49753766610013,3.27775654421757,-0.058332583008454,366.566014767432,346.018250341564,0
1.77,-1.15841525400086,-1.01701605319977,-0.106137639998055,6.37856369168533,0.817827404305329,0.5908014392439,0.973203672953798,-3.6765466074672,-4.99208575900459,2.60746805918326,360.050681075533,325.892245694883,0
1.78,-1.5423895941916,-1.33956229686737,-0.190081927839437,4.10277331275221,5.45336696474261,-1.29508581517588,-0.606975264009549,6.14555279237904,-1.86727761637239,-1.06817452026592,351.168067704367,306.907254746581,0
1.79,-1.52722310239281,-1.49047243595123,0.0971997217689495,2.71364821258009,0.785132065528543,1.53621952261831,-0.165886050708225,-2.79824523530933,0.475210265637456,1.46588543527324,340.294341609344,291.636857360915,0
1.8,-1.49210404683572,-1.47633731365204,0.108525528218292,2.91994151808446,0.286881037063159,-1.0722976297738,1.09904995464552,1.86134423563958,-2.45621055820875,-2.3628544079305,329.09074339496,281.564917504519,0
1.81,-1.3773205160453,-1.32628631591797,0.0377555286332109,-2.16716868549861,3.4396958429365,-0.0461212015502533,-1.28741776209387,3.09243891761861,-1.83933809616619,0.0118974152869351,319.086031431117,276.724862364593,0
1.82,-1.25539196262422,-1.07822132110596,0.0502282849547874,3.18544822275654,-0.809511123217207,0.809339747727202,0.780832870113306,-0.891183858485809,-2.58054195555707,2.31567447991565,309.924544190206,275.705999595282,0
1.83,-0.916194006570821,-0.844981968402863,0.0112340218665804,2.88555654824131,2.35729356926399,-0.881090562500354,0.182365613699056,2.3895536069379,-2.74969664283209,-1.72207080593434,302.728424214753,276.025189882992,0
1.84,-0.779940997645133,-0.693746209144592,-0.195535102447491,5.94996203604704,4.78556067323367,0.285920899235155,-0.771940851826838,1.5234865089469,7.84021342866173,0.474919688988599,297.078049982691,274.769929829965,0
1.85,-0.685885145598472,-0.67931592464447,0.0562222926061976,-0.983902529437011,-2.78250176405274,0.280602677738157,0.60543341591874,2.48196009489147,-0.705286665737558,2.63298838466992,291.667449580452,269.350361189602,0
1.86,-0.830454526743189,-0.837011218070984,0.237186964607931,0.288704523208986,-5.36136708628086,-0.845085180446207,-0.13228063419245,0.536304054034449,5.00167003797998,-1.53188407795653,286.112887505867,258.170213996356,0
1.87,-1.14717296847804,-1.11978757381439,0.00550612572831169,0.583890236330436,-2.80003921451561,0.626246159204811,-0.935884546431237,-2.68426251508332,-1.20431078403506,0.538246540190552,278.541468058275,241.047159484945,0
1.88,-1.60935468478032,-1.49418759346008,0.0929289548252461,4.57315568676326,-2.30505530886362,0.849397051385176,1.33651573814545,-0.681596572151282,-5.01957009351902,2.54726625759123,268.935926752218,219.276325299834,0
1.89,-1.966332108294,-1.85085117816925,0.0330736153161544,5.01198929091797,-1.92386061497334,-1.90092690222673,0.44067065344104,5.2402417980408,-0.121716008107574,-1.80983115008992,256.519096954235,195.320831966916,0
1.9,-2.1838306528546,-2.13354516029358,0.0356727593475423,0.941566178499258,-0.93170686126303,0.0662348316352514,-2.14863004672038,-1.2236177362731,0.876582267729005,0.0197785355937141,241.967353786162,172.207392554083,0
1.91,-2.07028862279013,-2.24525451660156,-0.00217356564039534,-2.81916045199074,3.51603618793881,2.1830591466861,0.299459166933051,1.53721401278227,3.13115386289553,1.73307820756882,225.829770016159,152.779494121155,0
1.92,-2.25869394704718,-2.2068018913269,0.0458342574083452,-0.457057675734854,-0.88948173752941,-0.426281379656038,2.14958040539524,0.504099550702433,0.777426431075344,-2.95155289005181,210.043561230978,138.99664334846,0
1.93,-1.96199065257464,-1.96561968326569,-0.0583444990905233,-3.01908991303998,0.108864057488351,-1.89334567065921,-0.179778665503609,-3.0321005064553,-0.708847580162488,-1.47164221016067,194.334976493336,131.456528174861,0
1.94,-1.53201722375046,-1.65786397457123,0.0789549039243768,-4.53550970934705,-3.5499143996166,-0.0718300641654764,-1.56610152603717,-4.18919896142817,-4.12035878474335,-0.0939138461410817,181.951125542696,129.260659270226,0
1.95,-1.33270465717205,-1.29406273365021,0.0468500615635904,2.85199874618686,0.24927115200008,1.26728689197546,-0.486550355888637,-3.17642022448125,0.858128161724551,1.19922807822094,171.074422499397,130.257323360319,0
1.96,-0.95525212052899,-0.985134124755859,-0.0963472671100476,-1.82760193762573,4.3885963159161,0.688773390609433,0.662892966675218,-2.00405258784513,3.79110229680776,2.42103651735668,162.82136596283,131.600406023806,0
1.97,-0.765281237771034,-0.815522968769073,-0.107360339394184,-3.54560450225926,-1.50616650811911,-0.341869349417234,0.668704742998798,-0.58538434911375,3.19660483209103,-2.69185802160812,156.66430417047,130.482882944744,0
1.98,-0.765666286585382,-0.792153596878052,0.0929526025427537,2.19763161802309,-1.88442879972999,-0.834219863220603,-0.0394063663118962,2.2054142267987,1.74166521924945,-1.56478433961363,150.740894271285,124.859676091331,0
1.99,-1.05990503328815,-0.915151476860046,0.0107962046861735,1.97327240567401,2.72747473207923,-0.499491992697796,-0.814273122738339,3.75977549788308,0.285826178021946,-0.483169017791018,144.334883620933,113.977261496029,0
2,-1.19869008244605,-1.16204285621643,-0.000697073870607995,-5.03395932218341,1.31906968861175,0.525453546076626,-0.923839576214835,4.02255325962432,-3.26798920315671,0.549608540440151,137.192912324356,98.5762188831382,0
2.01,-1.41057967323361,-1.43141579627991,-0.0436491919313972,3.47551582396241,1.13047958331038,1.49386224402491,-0.0889222907452168,-3.30514668548495,1.03165931812286,1.52303724622174,127.944973724946,80.7155065809234,0
2.02,-1.54757004470195,-1.61474418640137,-0.0195408168660992,-4.77260118719759,-2.23903963422287,0.961491452713509,1.17061517893447,5.29294398458022,1.91844034492495,2.41856134192534,116.095349350738,63.2627717754026,0
2.03,-1.69590375278478,-1.69128918647766,-0.114576389259208,1.74763014733899,-0.0593544221129917,-0.137095612363414,1.70611947105986,-0.179217962122475,-1.13561084350887,-3.05809422100771,104.081731792275,49.1793441121444,0
2.04,-1.5519289668895,-1.61859261989594,0.110737680884279,-2.85985818741014,-4.84146266622131,-1.18248290839222,1.00199412718215,0.906481364845515,5.9722739330937,-2.33721038468245,92.7584922239556,40.7804131550179,0
2.05,-1.48124732541581,-1.37070524692535,0.0878896788972608,0.53098286438526,-2.24455118728388,-1.38263398984571,0.121961260599563,1.22938959015475,2.42449090232987,-1.69552462796222,82.5477012115475,39.1571636057807,0
2.06,-0.925692004979199,-0.978675782680511,-0.122634882824973,-2.85083088531535,-2.05298637956472,-0.823769675710432,-0.431383824186368,-2.82058872952201,0.404793566308138,-1.12244905867365,74.2307591949528,43.9067522972753,0
2.07,-0.629786552730225,-0.519477427005768,-0.0219654150651434,1.52287142555196,0.214017590582903,-0.308122189736333,-0.454201100389627,0.779112613240748,1.36757985759918,-0.600756966858274,68.5963081138815,53.2382831319855,0
2.08,-0.152889026267151,-0.0947957709431648,-0.247360296340793,2.81752445150465,3.10336919017346,-0.0780526272697399,-0.144183838786789,3.40405703334054,2.59650960587612,-0.108278606967156,66.3237733010657,64.4279978779972,0
2.09,0.194909944357938,0.212508663535118,-0.0331556181770572,-0.654709097722086,3.04431767568506,-0.152090994357918,0.178956698017569,3.64484855948379,1.02024138368658,0.37864771683704,66.888958986437,74.5087255041133,0
2.1,0.287087841257885,0.365873873233795,0.0793463339672798,2.25868773663819,3.57251224167683,-0.293484284719232,0.162014926226172,0.549400402590014,3.68214930070533,0.875861935671581,68.9309158934122,81.0194862049325,0
2.11,0.327881545447761,0.355733722448349,0.0936524633951357,-1.25496443934086,-0.464235133423095,-0.374750870341695,0.0885793361860352,1.14062735665102,-1.21858460785019,1.39026080698826,71.3833303099935,82.6259638744787,0
2.12,0.213863356721532,0.210481688380241,-0.0813362251546661,2.17838965500162,4.57667721426659,-0.125545009279928,-0.148255977579589,-3.70644203713432,3.77764723103132,1.92108612742269,73.2666051184152,79.4551762953044,0
2.13,-0.0383148683141236,-0.00264873495325446,-0.134758754656119,2.39053723291748,1.5599568994764,0.0569687353082585,0.0161532412709655,-2.83281483571076,-0.779762044325134,2.46116320866438,73.8677676425765,73.0598497145391,0
2.14,-0.302609845980971,-0.197650566697121,0.116679586254907,1.10843957306258,0.887135650033175,0.0308378978577567,0.2046165478775,-0.163093808473373,-0.546929216097146,3.00012506258471,72.9406107794116,66.0215177373521,0
2.15,-0.372915993068473,-0.292044788599014,-0.112378464032612,6.18776374116921,2.81367074766286,-0.104593328606908,0.399145103807372,-0.229085689197827,-6.52274586559954,-2.75572290013932,70.8222964810517,61.2925998820449,0
2.16,-0.23794290726693,-0.237983539700508,-0.154692478064816,2.44672036337032,-1.6028396092546,-0.240731692628261,0.154107167779666,2.82216463319821,-0.337405674264884,-2.24472689787645,68.6926471878826,61.4436342047026,0
2.17,-0.151720824588577,-0.0215191580355167,0.0973799590544526,2.49459917233265,-2.23036958356834,-0.076172161604189,-0.0173834505291131,2.84968320249719,1.04385813735965,-1.74570646391104,67.7192654789703,68.0057954120015,0
2.18,0.31146548377068,0.337784498929977,0.136315363770478,0.533301860694387,-5.45921534635243,0.349385636532375,0.00756962421353384,-1.36479628041825,5.03700233027891,-1.24702351005009,68.7633274227777,81.0747752544678,0
2.19,0.710193151433935,0.779759109020233,-0.0130064294083532,1.20291759899186,-0.617335576106303,0.510529101957797,0.566296754211824,0.575399430520275,0.783287771805848,-0.731095443374289,72.5116667023545,99.2761098857489,0
2.2,1.18100959279061,1.21251487731934,0.0195153055632079,0.623858974160848,-0.993700055277598,0.22610911112459,1.18962030172019,-0.666222073636286,0.307826480426235,-0.176029255285555,79.4941728453005,120.100773357322,0
2.21,1.40761431854917,1.54062068462372,-0.0250939877686612,3.9050902524493,2.54503922178337,-0.672715042141684,1.30667922895998,0.625743823431798,4.37982577622276,0.442356504631154,89.7613996397257,140.526363523097,0
2.22,1.4956984034642,1.71728360652924,0.192667907351577,7.88284222423036,2.75004682320829,-1.44838513291809,0.598120087726455,-5.83530386730085,5.68551183199748,1.14403516258379,101.712488572229,157.767094837573,0
2.23,1.68789896801721,1.74776566028595,0.118504940684923,2.58843502589952,1.27752811554794,-1.56927213927085,-0.634034136986104,-3.36080938508121,0.720587220769188,1.93285310507743,113.446200594114,169.963291245441,0
2.24,1.43197710737818,1.62558221817017,-0.027339357510815,3.74173184309345,0.984503324773643,-0.496497398839968,-1.47025654759244,-2.03278213225358,-3.31273774952427,2.80542112979558,124.526250885207,176.636353720651,0
2.25,1.34386680112921,1.38230907917023,-0.0542153792119563,0.637638474098643,1.23026022590703,0.788692678455981,-1.10360167614707,0.490275365969402,-1.36805670312377,-2.52664990950894,134.855030457085,178.794402198709,0
2.26,0.974672982389927,1.10284566879272,0.00285813715700781,4.84916408000656,-5.4271881869536,1.00738911737583,-0.0316444931676923,4.75702126192418,5.27124986273963,-1.50417105052038,143.655866028214,178.662005291101,0
2.27,0.877665659272624,0.907725095748901,-0.0498502874404553,1.50920742902391,4.38555045424089,0.294148330815675,0.839499054468495,4.12764049844959,-0.562530164518966,-0.426575800370765,150.080549498898,179.102337843739,0
2.28,0.711132101890956,0.840108931064606,-0.120993285115752,3.44414851920434,-0.95434626415632,-0.494817683366217,0.601255801477514,-2.18006162442757,2.32369867962022,0.693711372687323,155.594632292794,182.877775522003,0
2.29,0.775746893500768,0.914489090442657,0.0155733141915512,2.09916902351665,0.203709468691622,-0.838412266988676,-0.249144786181816,-2.05757099528393,-0.453456699023167,1.85631864162286,161.735866819759,191.935734416274,0
2.3,1.11807793057618,1.1538211107254,-0.0306754793520388,2.32779272653103,-3.63868815573105,-0.161091065984292,-1.1040431096601,3.68557752476339,-2.43414567828754,3.06588480553218,168.446575239194,206.900189777436,0
2.31,1.39761173729546,1.49705696105957,0.0935372994701897,5.77219252451352,-4.045712830766,1.25273563885735,-0.581756749474757,6.935112234995,1.16996607558265,-1.95230845083839,177.169558690332,226.897370920601,0
2.32,1.74166572626226,1.8359317779541,0.106784751158399,3.41787191840254,-0.909491261958493,1.03419344152414,1.42633612717698,1.05300503852164,3.93903982183519,-0.611441485487456,189.133428269078,249.759744053326,0
2.33,1.91878207036205,2.14028334617615,0.0463387221128635,10.3816976114647,-4.10496464983085,-1.36636997273005,1.37315004908832,-10.1949665740624,4.22676988220741,0.822643457308518,202.295374302718,272.556869985469,0
2.34,2.12106743661638,2.29718518257141,-0.191626899717631,6.7996235606079,-1.44774622906831,-1.55020036929325,-1.5143600467162,-3.48504790764069,-5.88471034272742,2.3600868849384,217.701452191663,292.319180971824,0
2.35,2.14106983927001,2.26828098297119,-0.00591298347920342,7.86280697281167,-1.63401450790251,1.61025788293203,-1.37970222001615,6.5335798424691,-3.8998340472761,-2.26774839594947,233.466403393319,306.772003744881,0
2.36,1.85859213648001,2.09055852890015,0.0648323421548689,7.92484588434356,-2.39199993942636,0.964454239898352,1.67728467732601,2.27569569265808,7.79149144381494,-0.503349433856032,248.028029173444,314.894566029844,0
2.37,1.45677860416174,1.75976407527924,0.00526132147222523,11.8698293361614,0.665886752494024,-1.50833421417746,0.300618796276634,-10.8422477893241,2.92541859787946,1.36572085489516,261.153614473832,317.162915472721,0
2.38,1.29027255925499,1.39472961425781,-0.0341301950430732,5.9296185043741,3.40646998510314,0.2946791962392,-1.24749536678221,-2.47478569636049,-6.39882646087688,-2.96481752461373,271.445097863043,315.415493848924,0
2.39,0.926179107759864,1.04617178440094,0.034801525931473,4.70230095578194,0.384406924196525,0.762509175646411,0.568639195976635,4.33879661895557,2.32166903611426,-0.943767653467326,279.360636502501,312.375391327545,0
2.4,0.802929160591116,0.810009479522705,0.0730483891579258,5.27094034023465,-0.618653633765392,-0.634275831742754,0.322716429121429,-4.95951416974618,1.33900637097711,1.1259765906075,285.213877635927,310.949995200639,0
2.41,0.590853627296704,0.730485796928406,0.124746682246024,7.73949964092401,-5.85573373983284,-0.0446468208152512,-0.587163128915776,5.61085259080325,-7.1346070484383,-3.04922792778417,289.741236448225,313.484954297509,0
2.42,0.723078553062692,0.803597569465637,0.00619391372672546,8.47487597257209,0.900560427617483,0.483843824348574,0.42107722231937,7.57912402660927,3.74778909165701,-0.907963008872242,294.58150732057,321.160911164733,0
2.43,0.833500906379288,1.00708484649658,-0.118494693737919,6.24956156242888,-1.48506659741348,-0.84128834233261,0.288133215132352,-6.16148181682894,0.512850550643942,1.27111361881151,300.241484039584,333.685397300764,0
2.44,1.22268936270457,1.25717341899872,-0.0678936466125864,7.43550070577651,-1.82813743656956,0.362191324017175,-1.05014293626551,3.91438042421786,-6.50359903627847,-2.78425088262876,307.712637984156,349.357747264363,0
2.45,1.33006667638262,1.4807767868042,-0.094446704957635,7.00565421717338,-1.59986457212868,0.661950069397928,1.15670022669284,2.24072559564079,7.37342389578406,-0.496619384586878,316.917005944598,365.490687822575,0
2.46,1.45142222516636,1.60412418842316,0.133832856515856,9.62871224079397,-0.388957224022415,-1.3625070768433,-0.405060234244721,-8.81395032645581,-2.86373588174068,1.86301025427193,326.917708465162,379.082185486269,0
2.47,1.34990380639501,1.55216181278229,-0.114663724635086,9.78207054846811,-2.21586123941573,1.23128589847554,-0.570176964792342,9.64060038551102,-2.69107627749947,-1.9836358471543,337.619857885581,387.56793472527,0
2.48,1.08662345684019,1.33751463890076,-0.160703260069083,9.09482917211601,2.42227704817758,-0.624792026488269,0.982774605473504,-2.39650195205683,8.81725652801035,0.525959590796934,347.110574345968,389.464499220514,0
2.49,0.839745925110904,0.980370700359344,0.0070031898474701,9.91943339776602,-2.90175476054213,-0.702055856477144,0.339968295570968,-10.4774953214779,1.40077905242451,1.18746892138652,354.267125653167,384.740723485812,0
2.5,0.478104915945553,0.537997186183929,-0.035041442850755,4.93368026907521,1.1743026956161,0.299709018129705,-0.349560901502448,1.61939934326752,-3.85836914912747,-2.47992030674273,358.828981693655,374.82364140169,0
2.51,4.10188077790783,4.59999990463257,0.105689964139715,17.4145342830316,-0.0167603304570093,-1.0309109344392,4.12963584896793,-4.37217575082347,16.7606262027262,0.245672388010426,387.885491171004,2030.93553061786,0
2.52,4.22678741935402,4.59999990463257,-0.0479298679296158,16.7095642069976,2.14633387062296,0.281019452939245,-4.24517780178434,-0.437932783907586,-17.4798772761048,-3.08214958892579,419.292039436458,1980.94764848365,0
2.53,4.23426762956952,4.59999990463257,0.0813489556635132,17.9984492840756,0.814004265065393,-0.458518432598802,4.22326119416692,-1.01540011937181,17.7327455676145,0.104583449639952,450.419985139991,1960.24645612928,0
2.54,4.30505880106932,4.59999990463257,-0.0554373520736432,17.3446805479488,-0.235906079035441,1.59055329201081,-3.94413893965406,5.87223169706091,-16.5092392971183,-2.7609943590036,481.721635912354,1983.32586094053,0
2.55,4.16375805062247,4.59999990463257,-0.159086929535196,20.3115012752421,1.38766309424499,-3.26348951439989,2.63660961929637,-15.1335008114283,13.6869959129431,0.886780855779757,513.123127065752,2050.72749377263,0
2.56,4.14264323229711,4.59999990463257,0.148334553231576,20.5512850425544,-5.02834118084766,4.18658252222323,0.10914639973059,20.5180294733355,6.4050521382829,-1.51887361276825,544.60247932638,2147.98820248567,0
2.57,3.99839308403821,4.59999990463257,-0.00699387113189391,24.4818117115563,-1.22588128718608,-2.19791738803313,-3.46756807806696,-11.1224941907105,-22.3927896696093,2.58822128468486,576.148158514191,2249.73704594371,0
2.58,4.2360024379011,4.59999990463257,0.0676307181963461,21.1189273583144,-0.894778235112843,-2.48502728813045,3.35796017490894,-13.4354203833463,16.535052434323,0.641650082430313,607.400466734057,2327.69135298582,0
2.59,4.21249736909868,4.59999990463257,-0.134526064533912,20.0299235768669,-5.12602967377368,3.75061644150087,1.90066306051616,15.0988292752544,14.1266700637598,-1.07621166724674,638.274805445027,2359.93382106884,0
2.6,4.11139830484393,4.59999990463257,0.0267587709581254,25.6429291025797,-1.04900486535166,2.21169659658997,-3.44159865998662,14.6087295913507,-21.0590276604277,-2.56590590402619,669.373519393604,2338.35936260987,0
2.61,4.29629031582555,4.59999990463257,0.0132431529539157,19.0473509307564,-1.41056500132565,-2.68583913373375,-3.25089181432536,-11.4117228774001,-15.6350596160212,2.45654201185552,700.930177874655,2271.7408772519,0
2.62,4.07990269584292,4.59999990463257,0.0489880448084414,25.6008644162071,-3.98844118284081,-4.02522355092482,0.682401664861529,-26.415303870566,-0.319978956237419,1.42398324222433,731.635496864771,2183.29790760851,0
2.63,4.16892827218376,4.59999990463257,0.0543275545092361,23.3132240790634,-5.20568586037553,-2.3223459516295,3.41359912317371,-17.4235959299531,16.7963884135587,0.619328601923133,763.110886955776,2103.48205729799,0
2.64,4.08494201304009,4.59999990463257,0.0215310888817488,23.5712601597747,-3.70818388825545,-0.101548689012078,4.13921608621775,-4.49762151571428,23.0183328387486,0.0422628894812242,793.749327073788,2060.30108008622,0
2.65,4.12442579165322,4.59999990463257,-0.00185183986630993,23.7491675279217,-2.41953065383019,1.28714647990722,3.92080201163735,5.29895654162146,23.349063304771,-0.30690725538002,825.093128234347,2070.34438842459,0
2.66,3.98236568576137,4.59999990463257,0.0768264413844335,28.4574551958209,-1.91572518840852,1.71334279727933,3.65502405656985,10.1182787933451,26.5578929865198,-0.428742641066806,856.189838605673,2133.45864232074,0
2.67,3.99139363519431,4.59999990463257,0.112488604666912,26.5460065616214,-1.90064842445297,1.3266958313233,3.83616828705436,6.97136242959891,26.3955525528201,-0.323361453238597,886.818740875739,2232.82144757498,0
2.68,4.23631855593338,4.59999990463257,0.165291002085649,21.6314458363163,-5.76863630075284,0.0879783660527201,4.17451319832239,-6.26733070484181,21.4587714321601,0.00882266591121046,917.74875995141,2340.37602387276,0
2.69,4.03030537123537,4.59999990463257,-0.0396555895496916,24.2856754441973,1.95024131206532,-2.24024233963644,3.45623263423881,-11.5334919242589,21.4215332064517,0.567250431400167,948.654132783961,2425.81962173303,0
2.7,4.10972900788388,4.59999990463257,-0.0240275152161124,25.5924786765257,-1.98548363192196,-3.9829876583247,0.935693441491914,-25.511444960987,3.40698363904581,1.35167217246836,979.556679709938,2466.17747482103,0
2.71,4.07523836900132,4.59999990463257,0.109070558559306,28.9524817849127,-5.36056612156942,-2.9129841949713,-2.77417361348262,-16.2665682709765,-24.9270370988624,2.36213208792127,1010.36734156481,2452.82932632703,0
2.72,4.05827817176814,4.59999990463257,0.100048786966433,25.2284730777874,1.18896025551928,1.8197995181007,-3.68053758953113,10.3447530399299,-22.6766751125652,-2.68498542440427,1041.07919013995,2393.73669703157,0
2.73,4.10675965216815,4.59999990463257,0.112569544004547,27.3231684698841,-2.12998817989718,3.8388349533189,1.33246147142542,24.5761524998091,11.586848151325,-1.22331079187666,1071.78818644116,2310.24246173629,0
2.74,3.99025714266234,4.59999990463257,0.152820898520046,28.2070524361792,-8.13731174098948,-1.65732072433023,3.68223093711158,-19.9057666881581,21.8896803554175,0.463615322888281,1102.53014643374,2229.62751306291,0
2.75,3.91330330108516,4.59999990463257,0.194503508549616,28.2496246828765,-4.87102524097037,-2.86195340498027,-2.84739381004991,-16.6069469427277,-23.4457303560134,2.37551909815694,1133.39492445464,2175.99965254983,0
2.76,4.11558643907185,4.59999990463257,0.100511975642772,26.3128629473675,-3.29669750269509,3.97972101307263,-0.890725770046999,26.5933768867421,-1.46417324451175,-1.77120222900939,1163.90626108003,2162.59284675419,0
2.77,4.04273554314527,4.59999990463257,0.00755227638133356,31.4743991824917,-2.7847170824705,3.8642458495718,0.930025774085076,29.9356598372441,10.1459893199995,-1.32122153054107,1194.42112608316,2188.01121950313,0
2.78,3.98137319484716,4.59999990463257,0.196242097703251,32.6572343378684,-7.57377157298968,-3.71862562235746,1.33142697758239,-33.5033304386959,3.10076335880839,1.26396233081773,1225.18052840712,2237.55950410485,0
2.79,3.93265421516072,4.59999990463257,0.0975558772925432,32.2498647150899,-5.33795798354107,3.11671759922663,-2.44183815506099,28.7726261113942,-15.484663068433,-2.2102568313109,1255.50555540486,2289.04529167556,0
2.8,3.98334388554079,4.59999990463257,-0.00375265857172426,34.0334341756627,-2.92757332449151,-2.83694077081494,2.71512678582171,-26.7699068726834,21.0167704092997,0.822495293319326,1286.18591078514,2320.92287744602,0
2.81,3.8414778264411,4.59999990463257,0.0986191186517354,36.3904447159116,-5.16835881707067,3.04629466490736,-2.39403410023121,33.0746696648417,-16.8346380492811,-2.20474902785685,1316.5367707738,2319.89011023886,0
2.82,4.00937326667038,4.59999990463257,0.0504175540370294,32.8340003448711,-2.99862290812478,-3.76024190170491,1.21246151051082,-32.1551493230053,6.75406513419024,1.27482279290648,1346.95186022378,2285.29997300051,0
2.83,3.80660243744544,4.59999990463257,0.154187735167131,37.5690054838357,-3.71035613018042,3.74895081458285,0.908172074344983,34.79648709193,14.7809080646005,-1.30554550751634,1377.53583053054,2228.90988489909,0
2.84,4.01830785739457,4.59999990463257,0.0353141824476855,31.417968284779,-3.73586817429335,-2.04660980393267,-3.40215124353814,-12.5332742645563,-29.4506018947291,2.62000841730908,1407.95715474692,2170.15257753887,0
2.85,3.84173119531042,4.59999990463257,0.0646967337774483,41.0553948198816,-4.20376758372829,-1.69906078615994,3.38430462047156,-22.2773292192941,34.5511686589002,0.485055550304034,1438.27508158835,2128.69150853457,0
2.86,3.76479288365919,4.59999990463257,-0.0172564884093729,38.7955749867841,-5.53660255157493,3.79925535923251,0.434236664655116,37.9649770878009,10.9992552363997,-1.427530487988,1468.55637868562,2116.97137521813,0
2.87,3.75818668908849,4.59999990463257,0.201711250659179,42.3907275621617,-7.24013622366655,-0.0473179464471049,-3.75733958588714,7.67591163678102,-42.3391605706213,-3.117773764182,1498.85407389178,2135.46230263239,0
2.88,3.86779053598839,4.59999990463257,0.140684322170898,38.8381282723964,-5.33973670158423,-3.81415409809051,-0.375493871513233,-37.74892534754,-10.0805013157294,1.69711188583627,1529.1624864589,2172.33140735445,0
2.89,3.82640287610662,4.59999990463257,0.275436311930712,36.4643298423734,-7.22092460729517,-1.55039232349401,3.56275967801032,-22.6451677539356,29.2121308127337,0.45069953149779,1559.46708597988,2207.69637554045,0
2.9,3.82518045048785,4.59999990463257,0.142739879819667,36.3220287788618,-4.82791327072887,2.18793095875554,3.19875750156304,15.8102315171514,33.3296739708529,-0.574021173052369,1589.68937390205,2220.97549173685,0
2.91,3.90625683829747,4.59999990463257,0.251864617067261,37.4649011294617,-9.82036126750966,3.81545832147845,0.547532477725954,35.2531298820905,16.7065941638174,-1.37714282701228,1619.79417140659,2198.72277513602,0
2.92,3.73289690000543,4.59999990463257,0.227882890176683,42.5747825712864,-9.06300553904218,-2.64215906822649,-2.66928006636957,-21.3463227807725,-38.2477912540754,2.41347801782527,1649.93390245852,2140.12372993339,0
2.93,3.78044172707028,4.59999990463257,0.284871988070106,42.4066284779617,-3.23577434515356,-3.37776267081942,-1.68150180756779,-35.2408040478072,-22.5387049531791,2.05288610373054,1680.26126337261,2058.10868745684,0
2.94,3.80189499883875,4.59999990463257,0.343334284854345,40.782423673423,-10.3539054608528,-3.6424576221336,-1.08566886952424,-34.8831923021205,-22.823953224955,1.91334930403768,1710.25081121657,1975.55277648365,0
2.95,3.83881162789321,4.59999990463257,0.280670676967936,42.2716010061559,-7.0323690951842,-3.47784060807375,-1.40084099484789,-36.0998246729191,-24.5230857800914,1.99463499338943,1740.50242344612,1917.75393831416,0
2.96,3.42121892546508,4.18684673309326,0.00902690258743824,39.643420600459,-6.02848731176953,-2.63412564445493,-2.16108136102158,-25.4344982951782,-30.7246057428525,2.29543791669576,1769.58189407195,1903.71534761573,0
2.97,3.46506691684446,4.31784105300903,0.0221875236602659,40.1367102849754,-0.0969797670943096,-1.18795703757985,-3.30850546392101,-13.5642406686564,-38.0945115206168,2.79820779781498,1796.43906984727,1939.23719648912,0
2.98,3.9059917034264,4.59999990463257,0.208815752002307,44.261258275205,-8.01157919940002,1.16501411748884,-3.54108947041456,24.1007829477885,-38.0348908015949,-2.77462838683846,1826.12586144638,2014.26789552695,0
2.99,3.7840674726433,4.59999990463257,0.226485700284727,42.337955465645,-3.97230998432547,3.59168781987201,-1.0996891375416,42.0912395379661,-7.52219878545011,-1.84437973872646,1856.14586618461,2105.55417595532,0
3,3.87930245066336,4.59999990463257,0.196505416304933,37.2213140124016,-6.81223231066709,2.57715035095269,2.8801052812297,18.6912453973015,32.8519061820946,-0.694276955188168,1886.17110825808,2183.83754606515,0
3.01,3.86115686724337,4.59999990463257,0.195995220929169,45.6091533680347,-4.31230973900876,-2.24330284014863,2.94028522999805,-31.6605930599414,32.8890257675095,0.675251720047505,1916.15015826337,2223.28083172278,0
3.02,3.77020588161276,4.59999990463257,0.0438925691867271,43.2210004616547,-3.74034791211062,-2.93450317866192,-2.32405891907125,-30.5579317649594,-30.8469346942944,2.26406632277797,1946.04313713384,2210.0102495195,0
3.03,3.78413384631686,4.59999990463257,0.117057499705277,41.8493515020246,-4.39330199007179,-3.18016389952269,-2.01506078016065,-32.4343149110465,-27.3275747934508,2.16126761051813,1975.95551618505,2146.90575718887,0
3.04,1.23847509865632,2.03031086921692,-0.0124289905881051,39.858899301001,-3.98882501576756,1.02568383089999,-0.706848205785003,36.1987430658107,-16.8247427661468,-2.10866307619637,1998.29556686006,2052.9911564531,0
3.05,-1.54750399981295,-0.989213883876801,-0.184406360250339,33.186594483331,3.68348708859823,-0.104689947989326,-1.63321814113988,4.13823615155907,32.5565655787017,-0.0173950916946731,1997.30811105942,1957.56056614257,0
3.06,-3.14652532769751,-2.66560769081116,-0.189640904220202,26.4013255969791,5.39577042330819,2.94874693256235,1.22484493227762,-26.4221625265901,-6.22958168992874,2.00020858282785,1979.78577661381,1890.92997319726,0
3.07,-3.09732132322384,-2.63009905815125,-0.395116157732125,26.9306462630393,5.57268021189261,-1.99004631863218,2.46315679449926,13.2061806586351,-24.3942424797297,-2.42074253661098,1956.94489162486,1874.83085277074,0
3.08,-1.62849100281437,-1.00858688354492,-0.197361415011244,32.560477436417,4.08550043795218,-1.14368057723307,-1.20286209976867,24.4396414275258,22.2584655304141,-0.708144423342657,1940.81996052961,1915.5859504005,0
3.09,0.853049394619115,1.61677360534668,0.00632478359326938,40.6465149841825,-4.72345053739313,-0.606273715320876,0.551782648149336,-35.1991016087942,20.3820274200155,0.939875031114425,1940.57118639904,2002.28296962565,0
3.1,3.504596498761,4.3822922706604,0.20833246050604,47.6650279321858,-7.20334115179098,-1.73271000357608,-2.96877919098889,-15.5701599837759,-45.7897361828802,2.65858247963689,1960.10671362372,2110.50144971598,0
3.11,3.81346462895025,4.59999990463257,0.0639349496065001,43.2036149635844,-5.62077733643792,3.68603905601254,-0.653717157214492,43.7085640043017,-0.18675352427551,-1.71251549698026,1990.00642250691,2210.31081006745,0
3.12,3.68939351560557,4.59999990463257,0.236141077215624,46.1802760223301,-13.1399889329305,-1.25568990654113,3.48498017996618,-30.5293838727472,36.3781682809177,0.418444144000288,2019.86118779459,2275.86070491133,0
3.13,3.70498225378291,4.59999990463257,0.258692783494158,48.0884853625446,-4.14979952633487,-1.42035786119049,-3.35466769012446,-13.1302663872546,-46.4078046697278,2.76826527825103,2049.75379757924,2293.39458998432,0
3.14,3.73536503082654,4.59999990463257,0.246707451156482,44.1464031432124,-4.69971841986689,0.943095560489571,-3.6049749771321,17.2292100073626,-40.9517007889498,-2.8574881808167,2079.61046993299,2265.09126788921,0
3.15,2.46136740001246,3.36626696586609,0.04346703599376,45.9125076423833,-6.07544525076753,0.304664299581142,2.44564369319819,-2.64573611136481,45.9449480376147,-0.0739035740049437,2106.85937788499,2207.57406677172,0
3.16,0.378822438666839,1.03573608398438,0.00221625811729889,35.6961794804772,-3.89288289673255,-0.179929473385776,-0.287750127592377,-5.76864651666728,-35.6548265237101,2.85514238304707,2118.18978833269,2145.73037091265,0
3.17,-1.06204249632002,-0.314555168151855,-0.0579006254197889,33.3829464967021,2.88076762544357,-0.478928389189897,-0.857563721840904,16.9863658023177,29.2134021091771,-0.46805831530386,2116.44688608006,2104.04201043356,0
3.18,-1.05533772955947,-0.413215726613998,-0.00651656461100975,34.2592859704538,6.2649707949293,0.792097639652814,0.764856723986969,-26.6237006455687,-22.6813322898374,2.45624538276377,2109.94484691728,2098.41491575892,0
3.19,-0.131589302435419,0.595032393932343,-0.157543830748226,33.1633691498445,4.75596803774572,-0.106892449122611,0.0316628266983751,29.6775476259439,16.2239653072195,-0.940944240946767,2107.2761228583,2131.25675171051,0
3.2,1.47491333345264,2.19968867301941,0.103006973553003,38.1695642810621,-3.87919763240048,-1.36625727886826,-0.483387271304988,-33.896185599448,-17.5342778406261,1.95942141019251,2114.51237435852,2191.37917906082,0
3.21,2.75252733027109,3.73574137687683,0.310118811168201,47.6640362215195,-7.29559648617756,2.69172708206499,0.515276520647657,44.8572610341926,18.5288620221736,-1.32747748841219,2133.32356650082,2258.60994793134,0
3.22,3.65736766554337,4.59999990463257,0.0938092606886929,48.3095529232547,-6.00523170703358,-3.50778706248379,-0.832309270561828,-44.4974180366766,-19.1607200302664,1.84139133064189,2160.84292242616,2311.37626355711,0
3.23,3.66775609703007,4.50603199005127,0.135372067934836,46.3559770412031,-5.08370839763392,3.18724809785161,1.65483930888961,37.705929850606,27.3173925289994,-1.05999944156754,2190.31262270773,2334.52324423067,0
3.24,2.55072719402467,3.49195003509521,0.131097284892109,45.6022199063616,-6.72127510659882,-1.39066818520225,2.19161875833456,-31.6333618375488,33.2363056154846,0.616889386650616,2215.84449136404,2324.59786471277,0
3.25,1.27163573984375,1.97627937793732,0.264663796366628,34.5947187547013,-6.57223551202855,1.17507216770012,-0.565627944838936,34.292160127458,-6.2282541879981,-1.92495198899535,2231.70243811285,2290.76203081011,0
3.26,-0.212804975096752,0.554803371429443,-0.0060137560322554,38.7353659697715,5.75785446530118,0.224489956167168,-0.0350976646702445,-37.9042414466514,-7.2862617766569,1.89264821610256,2236.77223949796,2251.0661353051,0
3.27,-0.973574398117163,-0.230030968785286,-0.110528583598144,38.5462582452844,3.52909342825079,-0.58720878470583,-0.801787217493182,23.3314728723411,30.8074244720109,-0.567765727514827,2233.92550781992,2225.46590900185,0
3.28,-0.643854075823848,-0.0912786275148392,-0.0785408797600337,38.4689097749445,2.1858502175096,-0.00649980966187395,0.856762050272754,0.194031426090101,-38.7094273496304,-3.06083411541922,2228.96968438209,2228.12277706732,0
3.29,0.123794155512344,0.894582211971283,0.161334431045121,39.303827068153,-1.54106185670419,-0.0459610381855147,0.106778362493465,-27.0096542853929,29.0344303385503,0.705995346984382,2228.51692961574,2261.78663580575,0
3.3,1.59460680785537,2.30169534683228,-0.0397239772788986,43.413654719405,-0.241254396452247,1.40956585341976,-0.31108786685405,42.4752942955357,-8.71422314410392,-1.78238577543313,2237.11984285658,2316.32877923947,0
3.31,2.88142697875742,3.50853872299194,0.0989510250836864,39.2514671656572,-7.37375487081869,-2.42002136746852,-1.2752766146414,-29.8823940316154,-26.6082216872448,2.11182636020175,2255.32280136527,2372.02560050969,0
3.32,2.96772664483174,3.93566107749939,0.0658543314212628,47.6224335628626,-6.0070379296024,0.468152920153637,2.91412912422464,-0.131108160149745,48.3553813565532,-0.118631503249651,2279.43823123924,2406.50210712316,0
3.33,2.26135379833125,3.23699426651001,0.159045111028628,47.9955649419193,-5.83951672565468,-1.8927845188419,-1.21652921754738,-35.1366065330603,-33.294069607246,2.19977309224539,2302.13415145428,2402.92015685788,0
3.34,0.809918673704029,1.47963130474091,0.0671397149692197,36.8383842525293,-2.07422098006242,-0.192187525860412,0.715411089583267,-11.1737774365787,35.7134828448488,0.28319593839685,2315.64582539556,2356.5068366894,0
3.35,-1.70449156312951,-0.888721704483032,-0.103103971592387,37.2799107074197,3.02752512367208,-1.631822370569,0.0965000046878916,37.6333387993073,-3.77272020569228,-1.58822893361044,2313.77901433315,2277.04331875377,0
3.36,-3.78517880854933,-3.15681529045105,-0.156156664032357,34.3941870389639,4.95718350527735,1.5736934866176,3.51656950538948,-17.9522512568162,-30.6490969179198,2.74746694217995,2295.12980208397,2186.30223776361,0
3.37,-5.19143063202354,-4.59999990463257,-0.10873880735237,27.7658056400138,11.917863534489,2.7526448069162,-4.35188073579658,-6.57769756591978,29.1606722171172,0.610060163580442,2263.00948391207,2111.16644679831,0
3.38,-5.21561505994657,-4.59999990463257,-0.184845437374869,31.1641210455189,9.21579128092095,-5.05832421165922,1.2751097227125,28.598511280353,-15.1515917505746,-1.78228599817193,2227.16081578027,2074.68319279885,0
3.39,-3.95163213290262,-3.47249007225037,-0.0878011565513423,30.371165077725,10.1262803793968,3.97017141261701,0.930444881159036,-32.0077942816823,0.978941445662791,1.85120974081587,2194.32740157311,2088.07600389155,0
3.4,-1.81731954576258,-1.14435338973999,-0.12472786443404,34.5402307451953,0.0320786194438609,-1.53529943492745,-0.967205673307349,29.1541406726831,17.5083802520088,-0.993523416649165,2175.14531908285,2146.47698257758,0
3.41,0.633944995309348,1.47684025764465,-0.127081635829458,42.8335501959023,0.564176437279805,-0.448867768787493,-0.449724334130538,-29.3655624093701,-30.814102270096,2.36951070956503,2174.09002773549,2229.93068050005,0
3.42,2.65237984788393,3.53490304946899,-0.0110866162144426,44.6196438721562,-3.70890138799329,1.72077226817864,-2.02717192153924,32.9341257432888,-30.0144950474248,-2.40447680651672,2190.00466670453,2309.46051605942,0
3.43,3.25826579760953,4.32863855361938,0.300531515823178,48.547932281138,-10.2486577933874,-2.92697542451981,1.44611117093568,-48.1851010423727,9.17687313419423,1.17519960136612,2216.05586182852,2356.27435672484,0
3.44,2.56985853657547,3.53906965255737,0.115624501683622,45.8737319213404,-9.3837469487521,2.60872266296588,0.435052116105632,42.0526565868216,19.9324309580714,-1.33263373918586,2241.53985268056,2351.10117051264,0
3.45,0.443059317473867,1.35014581680298,0.0350385232356316,46.6644956936857,-2.006218818156,-0.258949918656099,-0.33405014709217,-22.3938076581711,-41.4065332192501,2.59394495818349,2255.68315801816,2290.56908649135,0
3.46,-2.22000979209385,-1.60858011245728,-0.091614479070223,31.7839328858547,4.75893636270458,0.488943217258097,-2.18803951901363,-3.05230905528246,32.3987895784834,0.273718360570778,2250.69460586371,2188.49171943952,0
3.47,-4.99489483656864,-4.46755790710449,-0.13780647695723,30.1225666990847,7.33508894263353,-4.12610838644689,2.94431647542842,21.4970313644403,-22.6564255905675,-2.16122171917932,2224.44210427806,2071.60723281856,0
3.48,-4.99442473188266,-4.59999990463257,-0.388195139480159,22.864872456284,14.2014009826566,4.96936200796593,-0.909514858824242,-20.7954527940087,16.6972531296825,1.4470698591605,2188.60021838933,1971.15105784715,0
3.49,-5.06764375763194,-4.59999990463257,-0.0745172915700637,22.5178154162744,4.62964116979927,-5.03465959013494,-0.293067936019089,22.9519083659937,-3.25522705772419,-1.49090233828973,2152.78657809752,1913.02121576396,0
3.5,-4.99123955545078,-4.59999990463257,-0.248731209078397,25.2873114733561,11.5258761148324,5.09907204481382,-0.14225599908798,-25.5148304621216,11.3513420910685,1.59161322609309,2116.77191048251,1909.75189098028,0
3.51,-4.46929716428759,-4.14177989959717,-0.0259099767875871,22.1592315474442,5.13884010284886,-4.34048729699981,1.45405938152861,19.8483433344298,-11.1387098806961,-1.87130231303543,2081.54867867243,1956.89459483706,0
3.52,-1.6807966080167,-1.09257900714874,-0.05467491952764,26.2045932399104,1.9371227637903,-1.50481037402818,-0.574569835511427,25.196519831662,8.17672220168795,-1.17865594212704,2060.96076457567,2034.92757404019,0
3.53,0.714105100047034,1.49840068817139,0.106892532402774,40.7829584811756,-2.07403960309613,-0.672073514055218,0.1963792290289,-40.0062737649903,6.75878947743774,1.35046514300585,2060.67525030268,2115.97390248215,0
3.54,2.14019315810363,2.95775008201599,0.23012820146061,47.0396516614825,-7.0054929592034,1.34806744276682,-1.51400280467551,38.3035656727492,-28.4925433475856,-2.34764216733463,2074.83289151395,2173.02744737595,0
3.55,2.06139880828362,2.99306106567383,0.23191811753601,43.573801322818,-2.20265540760581,-0.712464102918373,1.99632958224073,-17.9613701846653,40.4945728588609,0.365242960753501,2093.89869092413,2188.59299182667,0
3.56,1.12115494354466,1.77225732803345,0.0787846830872113,39.1327609299357,-1.42223424902455,0.0288830232985002,-1.00850876392908,4.19628424507998,-38.5549498723983,-3.07813250321093,2107.99411092991,2159.90138633341,0
3.57,-0.845363933531565,-0.142406225204468,-0.0804426248836938,37.140299023401,-0.79343735949226,-0.144412963544493,-0.852183500357384,6.00165803971401,36.1528188103229,-0.175486777374522,2110.26542789082,2099.06519162081,0
3.58,-2.5145020471048,-2.00950622558594,-0.0216640979519741,28.6516164859471,2.11759938832322,1.15053440720077,2.29281062542829,-13.9592584045631,-24.7176102817415,2.69224715736674,2098.65633128828,2028.27607768076,0
3.59,-3.63770314668624,-3.15952324867249,-0.358866758337155,24.2500805582757,11.893641434194,-2.89928283194709,-2.21145999726977,26.3045904966671,7.12926032978728,-0.851212093667672,2076.12858186302,1971.81687992875,0
3.6,-3.85192791439742,-3.20381927490234,-0.155838792810122,29.8202536289916,8.41716982064025,3.77107618389293,0.331962747997721,-30.2931065643433,4.26595974497193,1.70443007455741,2049.64110260428,1947.70090487556,0
3.61,-2.76005872481298,-2.17066240310669,-0.0832601592229587,30.7525231554164,6.65029215113314,-2.14071068900162,1.77773439576063,20.3346555863422,-24.542595640343,-2.20652393515017,2027.34762412871,1961.81231173343,0
3.62,-1.16770273966929,-0.458785504102707,0.0290366780285913,34.2476454860429,1.033366739302,-1.08195542638693,0.347949799791041,32.790611687503,-10.5809514786866,-1.87380629407583,2015.37984372404,2006.49584656447,0
3.63,0.63296385969773,1.31596493721008,0.0467996814068381,35.7166233306617,-1.38590186770082,-0.179229976815328,0.598400733588751,-12.443039781276,32.9049415439877,0.328613690120396,2016.19072500831,2063.9621784158,0
3.64,1.84751412089746,2.5515308380127,0.0611169911252007,36.6784054871528,-4.23008511856891,-1.05039151568684,-1.49439040150501,-15.9100804549837,-33.6353052195808,2.57935321566466,2027.85615737013,2113.18979758506,0
3.65,2.03250826486676,2.88032174110413,0.277485032723493,39.8145641860491,-10.7335186514303,2.09649142667879,0.254717982604728,36.0971417651003,19.6604984684533,-1.3436415161655,2044.94096176276,2137.8002650571,0
3.66,1.45063036930729,2.29691290855408,0.0357608886189645,43.1138920302248,0.345645776193316,-1.31424592946278,0.611723864011572,-39.1434620319087,17.6806757975832,1.14080928168322,2060.68913221954,2132.07447100918,0
3.67,0.358312282554343,1.14885771274567,-0.0622875912015551,40.4120610197931,-2.30683296732781,0.159449829366657,-0.317606431603143,23.668380885688,-32.7681100896935,-2.56476008716319,2069.74501081877,2102.96480263256,0
3.68,-0.623971703386197,0.00492117134854198,-0.0719076595552214,33.8642522591974,3.8600995039812,-0.0435152357358003,-0.659670046632696,1.97334931594121,33.8151547632527,0.0473692965027479,2070.18815328483,2067.39662172988,0
3.69,-1.19867879794919,-0.56434154510498,-0.354536323592889,34.3774202811225,2.78517891875885,0.660247307791656,1.04546499745617,-19.5115464998381,-28.178582461703,2.63754334745834,2064.40196278018,2045.83649629863,0
3.7,-0.86301932326404,-0.204345896840096,0.0513103770170934,36.0532525207067,1.76273719396562,-0.822342521982767,-0.38282667827171,32.4802636697433,14.9149469182427,-1.10362074795366,2058.1553167774,2054.44368539761,0
3.71,0.291538538979406,1.078449010849,0.131999030860755,38.8784710900482,-1.84242655811776,-0.306691561860621,0.0916213210691119,-38.4997371563752,4.09591114478201,1.41146687723938,2058.2249102504,2098.64507656127,0
3.72,2.09995077512718,2.90929651260376,0.116372171047338,39.3013806535292,-5.16867327097867,-1.94050683187263,-0.89342279807131,-32.2478197579637,-23.3478876015496,2.05658577152525,2069.86185135736,2170.49534164933,0
3.73,3.75467859541779,4.59999990463257,0.293542719402215,48.6020107534963,-11.0190277835949,3.65750890118408,-0.10297976140589,47.5883784893318,12.795640743765,-1.53642389199821,2094.69034920723,2250.86573705514,0
3.74,3.79643020649304,4.59999990463257,0.314317659460251,44.4567028297588,-11.2758055054716,-3.59671616063855,0.987159106456363,-45.7009657939374,-1.21078899496489,1.36135421320364,2124.5262053003,2315.80267793162,0
3.75,3.64014481726518,4.59999990463257,0.27502633698051,45.4439503364572,-9.15657723656744,3.5562876885959,-1.03524637552184,46.3997686574767,-2.22691858603489,-1.80581249711779,2154.22095926158,2344.90354835832,0
3.76,3.60794620454504,4.59999990463257,0.26513069869119,48.1412690525991,-8.01004192107458,-3.61796060836476,0.32814108338479,-48.3110374162504,-6.23167487905049,1.52797693055425,2183.898380943,2328.79650149382,0
3.77,1.75816460753164,2.3424174785614,-0.00629516339962573,35.3543348928588,-2.83126352894898,1.56771394255136,0.501692075537805,32.3703066002859,14.8964306885998,-1.22386037152,2205.36346307672,2273.05722570566,0
3.78,-1.04439619401413,-0.141042813658714,-0.03394825104272,41.8163991211722,-1.70710238722137,0.625664522634921,0.737221086663432,-26.9066033876157,-32.1672790458443,2.39998160348621,2209.0219512541,2197.07597168054,0
3.79,-2.68616948892018,-2.00008869171143,-0.163872138512581,33.2722039419804,5.45514144520652,-0.865730633520659,-2.50356070428828,14.2789776581924,30.1400261154472,-0.292777190332078,2196.98306760508,2128.10568648305,0
3.8,-3.2448425868484,-2.60723352432251,-0.131351046047759,28.4976647384337,4.60402857799246,0.013498464115473,3.16479477461043,-4.42709583450268,-28.5745557673438,-3.11058720526786,2176.46120719693,2092.39057894694,0
3.81,-2.46936665336874,-1.73396861553192,-0.0841380369929734,36.4401380738295,2.94097944509493,0.432537472880972,-2.4065489967377,-4.61289441016568,35.9735318909686,0.202639603120116,2157.24626778169,2106.31864890993,0
3.82,-0.381916392008316,0.392278730869293,0.119949270570328,38.0954514356185,-2.2102056887854,0.363105130583169,0.0187721026145045,-38.3782402701743,0.359724245369575,1.50091360638111,2149.47015997247,2170.595384663,0
3.83,2.24529962077358,3.11054134368896,0.0775061305457422,43.7846361625301,-7.05789919463168,2.24711497547001,-0.111053115485043,43.8252277195366,5.99905065996484,-1.56658014280096,2159.65396897549,2269.4687902899,0
3.84,3.52377830042301,4.59999990463257,0.0837551072980713,47.7293345485707,-7.33645040645125,-3.47276066402252,-0.625185900224428,-45.1871371522844,-17.8286039085081,1.79229713252304,2186.95224381909,2375.36664354106,0
3.85,3.78148902520619,4.59999990463257,0.237620331866037,43.7618203571734,-7.37908362345082,3.06404896696474,2.13903617536527,30.1361150597682,33.0195820870067,-0.917441413848021,2216.60142573157,2457.49585224953,0
3.86,3.62383138179618,4.59999990463257,0.132603429430609,48.4885403971548,-10.5617988333684,-1.1517121099736,-3.43313541849151,-3.26327160434386,-48.8830980725892,2.87336664059564,2246.25236902996,2491.61345899198,0
3.87,3.72552480133562,4.59999990463257,0.260996471583273,43.091243085154,-9.09326093107425,-1.95513944957136,3.20359454010611,-31.8784278438101,30.6162985287485,0.598201846547288,2275.8277426545,2467.76535763945,0
3.88,2.23872823491644,3.14049243927002,-0.0284411260567622,47.71514919776,-7.99539155319035,2.20221091596885,0.0804394659667786,46.6852674773536,12.8207185807132,-1.46333957148335,2302.68793295991,2393.44613609539,0
3.89,-0.983738578373274,-0.221299856901169,-0.11708321144362,40.3820207236258,0.0527682670274883,0.258073892663003,0.983373768070827,-10.2193961056198,-39.1337561353008,2.88581650565365,2308.54467402945,2291.14373567279,0
3.9,-3.5016662494932,-2.91942644119263,-0.111163883610284,31.1145064189598,8.48658174303335,2.67554312971714,-2.31357045427385,-19.183940553819,26.360668833292,0.911246000642503,2292.49226250271,2191.08929135374,0
3.91,-4.79619169806941,-4.28625917434692,-0.132658025594013,30.0865484099054,10.1087645601438,0.253186312505002,4.8727477990623,-10.3851293722509,-30.0207691664574,3.13361480548645,2262.20326555282,2121.61197996259,0
3.92,-4.62156580008011,-4.05551862716675,-0.262393212728674,24.5972016662006,7.9495338561276,2.92477739757025,-3.46090182394329,-9.94096893318198,23.8390869663359,0.742246546718006,2228.63219349444,2100.27162652147,0
3.93,-3.13834362271392,-2.473788022995,-0.254051886273165,32.0524039141483,9.68376999255078,-2.89554802558491,1.1410199380481,27.5568236345118,-19.7972865059947,-1.87536113433945,2202.0477053246,2128.65233316844,0
3.94,-0.875599176131444,-0.165655001997948,-0.162927693831402,37.2038739216586,-0.241983211898845,0.890166526567052,0.0655305981338295,-36.93413407782,-2.82422243181313,1.64634908683784,2190.08208090543,2192.45208690568,0
3.95,1.1539747331418,2.03637742996216,0.049152350137784,41.0219277437847,-4.86930437960885,1.15872488000167,0.415886045667777,35.3472426550756,21.7303938284371,-1.14168607897316,2194.68243149646,2266.7228731675,0
3.96,2.46646342658284,3.39383482933044,0.236532097728088,45.3878076215637,-6.86805124223053,-1.72100492640656,-1.8213023690331,-24.3014156137228,-38.7703764378064,2.43792903965436,2212.09179722511,2324.40702325471,0
3.97,2.53118412530992,3.48274064064026,0.061018993222569,47.8857820578553,-2.95517563177265,0.346569298398152,2.49123158795267,2.86366507871472,47.9881920203818,-0.114930733562961,2234.2490481996,2345.2534104251,0
3.98,1.70287010911911,2.32960653305054,0.12756826876373,36.2044113532798,-2.89508298404945,0.893733938984452,-1.35554531007049,23.9031675505534,-27.2463902483633,-2.51584199550434,2252.12509700703,2322.13292053081,0
3.99,-0.262015145451601,0.359495848417282,-0.133294174435434,39.3395506470849,1.54335318722726,0.399589935165297,-0.0868907458421778,-38.5496535385714,6.46729901038383,1.45730912091688,2258.11288364339,2262.71580175998,0
4,-2.27961236773472,-1.7497181892395,-0.149023629512538,29.8001204871473,4.31693514124539,-0.748339402722025,2.21912219053435,6.50928184960121,-29.8818431221465,-2.77431581292777,2249.08253324993,2186.09084305314,0
4.01,-3.95137177225568,-3.31945323944092,-0.123308828327558,33.2799709836342,8.3067667291713,3.39823048272589,-2.04753765147877,-25.0464064032294,22.8702973827933,1.07100626105338,2226.86693886995,2115.63811425764,0
4.02,-4.46051668694873,-3.9000997543335,-0.307710124703126,27.2400093471782,10.2775775757586,-4.42871256373671,0.173329807445428,27.1627576481689,-10.0697256448564,-1.56127330696586,2197.18602505845,2070.71988114921,0
4.03,-4.00043143560418,-3.40991854667664,-0.361086570361808,30.6933173835337,4.0889649063246,3.85935527159877,1.08110661048312,-30.5464080515483,-4.66412378982559,1.86785977608061,2167.67455776989,2060.10469855131,0
4.04,-2.7152702335936,-2.16371941566467,-0.057402190736489,29.5200088023868,5.18771395882606,-2.57048501320566,-0.955509911841146,28.9821189275123,7.31260609299919,-1.18141810329731,2144.76918412243,2079.3778595641,0
4.05,-1.30268199905989,-0.711338758468628,-0.0438119680299311,31.7485832442107,1.06493355681196,1.25415776782583,0.443685960880639,-29.9419295121702,-10.3767813722469,1.92119219182108,2132.00028783813,2113.15711842743,0
4.06,-0.398166381546977,0.335361391305923,0.0834053709445522,35.1669707034468,-3.53132443329209,-0.319930216718298,-0.151286041774683,32.9500785126543,11.9473590319183,-1.31794268781079,2128.31406440643,2141.23053070245,0
4.07,-0.203745172429978,0.562750995159149,0.00300945967021275,39.3273816062984,-1.11944703703117,0.208979381538364,0.0374455214513467,-38.997545362819,-6.26814026642602,1.71885835910296,2129.03692931298,2146.35735599633,0
4.08,-0.752420988554348,-0.104285508394241,0.070944891270722,37.3604747082144,1.17490529516548,-0.833143339031349,-0.011879468898981,37.1921369694493,0.541056733405949,-1.52563207756061,2127.77870544398,2120.90095009621,0
4.09,-1.8830788017434,-1.37640178203583,-0.0836367362391138,28.060553806153,1.79450844953934,1.90775190986527,-0.184618099002315,-27.6210425414087,2.86555522716327,1.47951607459368,2119.22365200871,2069.89092351962,0
4.1,-3.25735276601842,-2.70906782150269,-0.211966774425024,27.9853455969585,8.51828664509778,2.15031331843537,2.442812954817,-24.1190271795686,-16.3692105836631,2.47561064638482,2101.03024752077,2009.38839137586,0
4.11,-4.1615397118627,-3.49771618843079,-0.216110608164399,29.6805952321242,9.1985499753874,-3.65633675904634,-1.80479219898311,30.3202529088132,6.19264692938961,-1.06449954396903,2075.05931770212,1960.7052412535,0
4.12,-3.79517635769153,-3.3104202747345,-0.338152647989028,27.0945470060857,9.68285899404905,3.80586790705283,-0.552665583463732,-26.2907192730975,11.9005213298221,1.47761814887979,2047.2556365186,1942.51827041024,0
4.13,-2.66763645051519,-2.0647509098053,-0.0713482359800288,32.3625121721523,7.81588266369452,-1.59048092569616,2.17679306420716,14.5045791981869,-29.6421056549757,-2.4514449204983,2025.03373142596,1963.69791545408,0
4.14,-0.599111484796476,-0.0772818326950073,0.00767033501867583,26.754968846159,2.43246214509062,-0.17446648993711,-0.572811633036063,7.95926033867541,25.6441961171646,-0.219261736565837,2014.91695589154,2019.46120609323,0
4.15,1.30422800645631,2.04228234291077,0.122914481981599,36.7369833006645,-8.5937257541395,-1.2772275468177,-0.389241179508895,-30.0081749051818,-22.6705332392602,1.99332609896797,2019.83247725293,2092.3249307625,0
4.16,2.72877516274812,3.58645153045654,0.160680679775571,42.7989565560629,-5.91851819509614,2.45362707810847,-1.22877818523818,41.7501297710182,-12.0442074768305,-1.98984798991341,2038.00728874757,2157.66536957957,0
4.17,3.04764036447794,4.00484704971313,0.131857750348587,46.8229132239537,-5.45986293400754,-1.3111126306009,2.79251393508572,-25.8702857441887,39.4093515363425,0.473556216857734,2063.01356925528,2192.06236708122,0
4.18,2.22552002987211,3.10484623908997,0.0887583706433879,44.6678433600381,-8.39150903192185,-0.239288032165117,-2.22758337197832,8.09943394835537,-44.6049564433703,3.11821627547823,2085.90448597921,2181.58576510601,0
4.19,0.361105428441202,1.1366845369339,-0.0172206277848351,39.7106797622415,-1.8138823447348,0.144496959932524,0.320134289539425,14.5149500254892,37.3634651248744,-0.38829031832724,2097.85065681679,2127.13334739198,0
4.2,-1.83518528544033,-1.26687788963318,-0.241817255089539,27.7699018704885,5.89441911785748,0.778545388233656,-1.62922647630268,-8.74463369550563,26.6793108824096,0.507133464737412,2093.52208659037,2044.88128079716,0
4.21,-3.66738032834927,-3.28665661811829,-0.0865828597380779,20.6530772025119,6.52108703059615,-0.190002753892221,3.69130073045093,-3.1902494658319,-21.5263411223341,-3.06192452184937,2073.22926403577,1961.54545047054,0
4.22,-4.58497100496055,-4.19347810745239,-0.0632854981558179,23.5190223479385,7.13991183239332,-2.50914626893596,-3.91460854108543,17.7285806046862,16.7861545789658,-0.540183461451645,2042.51018716043,1905.92093028662,0
4.23,-4.03511958590669,-3.58393549919128,-0.284401810211232,22.9076343900209,8.38490204645855,3.99764477643607,0.542027898417546,-24.2124151347382,3.92848090307942,1.74722789872688,2011.17288807838,1899.4625632653,0
4.24,-2.19386011774423,-1.52643013000488,-0.0869076511967133,32.0541463380599,0.538180460009366,-1.36479341148516,1.66911160480915,20.0122811843688,-25.3527096087014,-2.44698481111128,1989.95840479501,1949.04423595912,0
4.25,0.676877516300703,1.43958580493927,-0.0725198849881211,36.7901770525139,-1.65921853439016,0.3281149230816,0.649556304832621,15.2608286724652,33.0680307404019,-0.448664896134331,1987.38724469383,2044.3507629723,0
4.26,3.63710389203932,4.47422981262207,0.40030040483659,45.7509893536722,-11.8456941334789,-3.58059937887903,0.112384636348052,-45.3287224691993,-14.4086295378161,1.61136543244515,2006.74968846635,2160.83674512163,0
4.27,3.68627364554874,4.59999990463257,0.26659297576711,46.0905948685816,-10.7462381798583,2.2756462209002,-2.92030808940807,38.8179516256278,-27.1681407824532,-2.41784973164545,2036.66539806006,2267.33929277737,0
4.28,3.68294757738197,4.59999990463257,0.129821809318049,47.19722297895,-4.89009660575755,-0.102238871575269,3.66710368406134,-7.41374521935321,47.1317677936883,0.0551479096340487,2066.61506913061,2335.87795601062,0
4.29,3.7931653635956,4.59999990463257,0.0199413294142994,45.9152400418853,-2.443693641617,-1.47349911741525,-3.39336222288712,-15.2544146240907,-43.3448441041849,2.74707368165162,2096.50637815353,2350.44027389365,0
4.3,3.76857671465209,4.59999990463257,0.0647858108166975,41.7812629896587,-7.21036797810143,2.02112722350501,-3.19624800306775,30.0388003013654,-30.1845629632612,-2.53634033920249,2126.2592659043,2311.88420226742,0
4.31,1.84141131544047,2.93219375610352,0.14711095421621,46.7138246020006,-7.8037580978117,-0.988995917419183,1.75792641833372,-32.116399541952,34.9370911324018,0.587597336084688,2152.2918558327,2237.3780196789,0
4.32,-0.568063694275407,0.107566438615322,0.0672102135868511,33.0772672606988,2.67345939298433,-0.301159847898695,0.453549738141594,19.1510790531437,-27.3653303535377,-2.44911385509158,2158.65018366235,2154.61004160064,0
4.33,-2.18940724567296,-1.62988293170929,-0.0127084311765365,27.4089392247686,5.92549807395035,1.4391650789224,-1.61350151263331,-15.4333323282653,23.1515679374398,0.779227138152699,2148.7744941473,2092.72500412024,0
4.34,-2.57277568765153,-1.87980043888092,-0.301054297584926,33.9680116273416,3.80277604072885,-1.70011860889606,1.89049581258205,20.8165146892968,-27.0365070885307,-2.37933744720714,2132.1812078438,2073.00305265524,0
4.35,-1.30741015339836,-0.707127034664154,-0.0739761456907526,35.226290979802,3.54512668316073,0.759441316931391,-1.16865379752588,-17.7811600139091,30.4552416090219,0.631844425596474,2119.44028121732,2102.33976537756,0
4.36,0.651920132320033,1.38502418994904,-0.0650779638900027,39.1317898431483,-0.959981336666922,0.278887572367964,-0.564385172733276,16.5595172321388,-34.9071026285091,-2.69156007068826,2119.16834512905,2171.60568088025,0
4.37,2.78990619367279,3.62896251678467,0.1266802288782,45.4334595612045,-4.87603075477094,-0.770666436906054,2.62576049329432,-19.3493512659995,41.5904240607193,0.324481474005481,2134.8751437852,2259.30112154983,0
4.38,3.5659834291246,4.59999990463257,0.38220993210781,48.1387017688273,-10.4264649099885,1.10465782659511,-3.47379592739611,26.9624306785623,-41.0652151035773,-2.77508805113126,2163.2723392821,2339.14485160852,0
4.39,3.66601938231896,4.59999990463257,0.154265975117549,47.9939195262757,-6.36761672584223,-2.03383970596884,3.05936591572627,-33.1735116911581,34.4150001429247,0.62497051147682,2192.9641715675,2388.94538951107,0
4.4,3.52349134647601,4.59999990463257,0.173692752596464,47.57089762664,-10.5130861668213,-2.72109713407503,-2.29451619190484,-27.5968109676528,-40.6243266331979,2.33174413514989,2222.6277400929,2397.73260259415,0
4.41,2.87454138102249,3.83543276786804,0.0776641305473537,47.9953944243626,-5.35697623671556,0.45245697878076,2.84204369227259,0.0205210895586392,48.3303004570132,-0.117404255558918,2251.04215280275,2368.78877583834,0
4.42,0.90864441065677,1.75755476951599,0.029212831661004,44.9102685053157,-8.80850371936612,0.472832179413975,-0.759010459490044,36.3577876900472,-27.4587936810977,-2.39809582539376,2267.08222680506,2317.67344036018,0
4.43,-0.72068880053951,0.0329559147357941,0.117101347388864,38.0147173835362,0.0598991608568474,0.702291181042778,0.0719959778253574,-37.6259462418214,-3.95388646459434,1.66958695102934,2269.30096296806,2266.07657601223,0
4.44,-1.5577130547867,-0.847280323505402,-0.0721991798671543,36.1503149855346,5.7618581270672,-0.946667183471294,-1.24568022775977,24.8317184480134,27.4444105126353,-0.567195104691731,2262.28420059668,2233.75907741965,0
4.45,-1.24270190978718,-0.723311424255371,0.0193824933441154,34.0404120085986,-0.658665207954365,-0.370273152521746,1.32398618277209,9.11289598814531,-32.2039709788546,-2.86816738707446,2253.01169189455,2231.46035935191,0
4.46,-0.619086236625191,0.177190154790878,-0.189006909650932,39.8217788415194,4.91500084918024,0.486789343802677,-0.376080678820682,-32.9248827275918,23.4456776954317,1.05763440468979,2247.78685330029,2257.26435363851,0
4.47,0.665444538067733,1.34675216674805,0.12155819696298,37.9856243126941,-5.16921538556075,0.621040141183143,0.0594314286648563,34.8991195530846,14.5562493673355,-1.31003305751748,2250.46444908631,2297.66099891192,0
4.48,1.33609923818845,2.18475890159607,0.0271131955745154,46.8555060691942,0.025697120130592,-0.598613922361214,-1.11555564741351,-21.702451835278,-41.515187910587,2.65375389544319,2260.54184394574,2332.86366944531,0
4.49,1.36727752370176,2.22792649269104,-0.00654163304431683,45.6480561611589,-2.56228680882465,1.33721962706179,0.0575968030423568,45.0746180289447,6.25230265679244,-1.4879384619097,2273.66675772593,2344.43141079439,0
4.5,0.565328916296366,1.33609008789062,0.163100944953498,40.9073271946872,0.58198376482555,-0.254879862214184,-0.471135555988685,-19.0494310150444,-36.2356298935426,2.65260124319981,2283.44776951339,2322.42659384389,0
4.51,-5.15502951798579,-4.59999990463257,-0.208088164963747,29.8433517794054,7.99378840390177,2.05108940038823,-4.75266741165518,-5.44410953237075,30.1529326456117,0.439915351315193,2251.84977257335,0,0
4.52,-5.15343222592337,-4.59999990463257,-0.115674638872658,26.6126925389641,10.047490299073,-4.47823666454069,2.47537776328934,19.2441770334533,-20.8699634669823,-2.03448564827136,2215.94775022944,0,0
4.53,-5.10017189036359,-4.59999990463257,-0.159588316352644,24.5769549584996,5.09915875749915,5.06027496385343,-0.413783126120843,-24.3633599699906,6.74262628909392,1.51167316219279,2180.21283427404,0,0
4.54,-5.0560316410198,-4.59999990463257,-0.316136539623166,24.0520873186862,11.4938780615451,-5.06346191749369,-0.165557753777453,24.8460124933547,-10.1858938617992,-1.48780462802135,2144.29658670574,0,0
4.55,-4.96640117296545,-4.59999990463257,-0.115019526826263,18.864233660607,8.33306265246526,4.95052344600484,-0.369193202926828,-18.6298169606473,9.56502590594843,1.53384854615696,2108.67293545185,0,0
4.56,-5.00513581563581,-4.59999990463257,-0.14073202604807,25.5472550219184,8.59426908103329,-4.58194084182459,2.23753437581997,19.9854339689685,-18.3698411399246,-1.98959621206706,2073.0027416706,0,0
4.57,-5.0668069672342,-4.59999990463257,-0.14342717504738,22.8088861138367,5.42281187676528,2.35945849473352,-4.44735657051908,-6.77690586226737,22.1047805448601,0.508515616987169,2037.33591958527,0,0
4.58,-5.096106602011,-4.59999990463257,-0.143437585004704,23.7802685698004,8.88022397863835,2.12745387652541,4.59801859021666,-17.6142513373154,-18.7362808620704,2.74560629946882,2001.6994924371,0,0
4.59,-5.05099969244311,-4.59999990463257,0.00659377666242836,21.9959046424872,6.26702462049355,1.75534217800283,4.70781925928565,-13.0401623400882,-18.8658465331573,2.81116426494309,1966.1249020395,0,0
4.6,-4.92120566059332,-4.59999990463257,-0.270342440150589,19.4624297441639,10.0327614517236,-4.84676293773316,1.1261771229844,17.2798981250452,-13.7101855940213,-1.75638270510128,1930.62527320561,0,0
4.61,-5.08863639341603,-4.59999990463257,-0.0715507337431412,21.6302205004705,9.71192465386198,-1.68189656772254,-4.72876643841609,15.8112827766541,17.8017622270395,-0.301232499839618,1895.16539414971,0,0
4.62,-4.89028563895522,-4.59999990463257,-0.106167643614961,18.5340488346673,7.17868139276374,3.77120924307299,-3.20328363225441,-10.2753218881848,16.3665071637477,0.893721894765717,1859.63122498622,0,0
4.63,-4.99553550240942,-4.59999990463257,0.113314959275925,19.2266292397681,6.6423492091651,4.83319418873788,1.14058453396146,-20.0915446692492,1.02022375206873,1.82896633560941,1824.07563182511,0,0
4.64,-5.05935353626172,-4.59999990463257,-0.152519507575697,23.7918490715694,11.4006616919569,3.18466251444014,3.92518068496555,-22.8070579681599,-12.2784978252789,2.50490516088996,1788.87415892466,0,0
4.65,-4.89355017199109,-4.59999990463257,-0.113068748203111,15.5949827359877,9.17998789906105,1.25929429161159,4.72576863663764,-12.5983928510473,-12.853865500222,2.92145964742867,1753.46679426179,0,0
4.66,-4.95761371204749,-4.59999990463257,0.0590263603604284,22.4818048083275,4.12702811317072,0.401205328672854,5.01447102144568,-5.44884599729095,-22.151560339886,3.07936897641524,1718.20130458159,0,0
4.67,-4.69701482460859,-4.59999990463257,-0.164860170941897,12.4294409378416,9.18687170828392,0.954514916299272,4.73774179156844,-10.2632962787469,-10.9355191109853,2.9788648236668,1682.93288761202,0,0
4.68,-5.09935144158198,-4.59999990463257,-0.100959471006222,19.3317543098473,7.45201240071266,2.61130079394704,4.23507433231624,-16.2938402319066,-13.2630473180596,2.62049706863672,1647.94294628497,0,0
4.69,-4.91946447771133,-4.59999990463257,-0.00848143383364289,18.7357092597369,9.33680389605232,4.5753437271717,1.91142866096572,-20.7741823389375,0.315914428438226,2.00448252233968,1612.61775282857,0,0
4.7,-4.93784282376856,-4.59999990463257,-0.113575740888539,14.4615155694888,9.6885216790355,4.32115451446678,-2.25866209665421,-8.99964092260772,15.0486682639259,1.13077557921167,1577.44544900319,0,0
4.71,-4.97080006252753,-4.59999990463257,-0.232973352236983,15.5703233764273,8.50459131524582,-4.5596758765169,1.79005900132723,12.1793129948423,-12.8096643710357,-1.91081780088896,1542.51237708226,0,0
4.72,-4.88369974603427,-4.59999990463257,-0.218692136666441,9.58539126063863,4.24902804544052,0.863968595454269,4.69772258606253,-7.22579338740108,-8.70383783063993,2.98518906900547,1507.560785024,0,0
4.73,-4.7374658782489,-4.59999990463257,0.187502834724443,9.99424738372974,4.01638479104111,4.63226574412292,-1.15571558775991,-8.62780714217696,5.54523238560153,1.34196916459534,1472.71882337859,0,0
4.74,-4.87716421972055,-4.59999990463257,-0.156328167212677,14.8937215294104,5.26361484322163,-2.66778164173858,-4.08022526187172,12.1682174602069,9.70155223705536,-0.556438498066143,1437.85533219117,0,0
4.75,-4.94419057667972,-4.59999990463257,-0.104088079904759,14.6315344688692,7.72024078044909,-1.88138790072396,4.48647985030003,-1.38560212366354,-16.1455787418729,-2.71029307797327,1402.93436019943,0,0
4.76,-5.0053196011267,-4.59999990463257,-0.0530178965818931,16.9407006909485,4.45254715978542,4.48100993295275,-2.03784587412646,-13.8570674521439,10.9646474651903,1.16396835612202,1368.19453103589,0,0
4.77,-5.00966361021262,-4.59999990463257,-0.0744674464350371,15.5095070639375,2.74388623691603,-4.89282132326387,-0.272508941676254,16.1878855306568,-2.4184800212575,-1.49969503504688,1333.68770207733,0,0
4.78,-4.88990462500389,-4.59999990463257,-0.189336088698543,12.1825911325666,6.19761489634881,4.65806427377648,1.2821922642067,-13.6731489805091,2.11519811965288,1.86530181703287,1298.89004815431,0,0
4.79,-4.86094878699217,-4.59999990463257,-0.112043359373134,13.964252857011,4.63592380980381,-4.7185185755808,-1.16397328798899,14.7791596320613,-1.30709846758457,-1.30663895593018,1264.18604988854,0,0
4.8,-4.66566788704247,-4.59999990463257,-0.162664816625303,5.86611925729647,9.04243927612117,4.69827209014127,-0.271917500415873,-5.95182465452393,8.83882704278883,1.55096369280526,1229.78623548909,0,0
4.81,-4.78022711755737,-4.59999990463257,-0.0772366570851075,11.4172463880986,6.36955132432862,-4.01829106013509,2.66182664663881,6.58985277009359,-11.9160936041442,-2.12726388444507,1195.24440812312,0,0
4.82,-4.83159513488445,-4.59999990463257,0.00383303797338232,8.53016824803796,4.99957053511337,0.963288562252505,-4.66206172738384,2.75089303495955,9.82610799419334,0.22525990088525,1160.84449264073,0,0
4.83,-4.89217991093764,-4.59999990463257,-0.23908694420372,9.75117474457489,7.39582394558175,3.59264242629058,3.16117531139554,-12.8095936934479,-1.16815997601812,2.32631347545176,1126.7476332191,0,0
4.84,-4.82894312171158,-4.59999990463257,0.076615913813765,9.45450312642253,0.120226388980525,-4.10460734973536,2.45235900781279,8.44487645064754,-5.4879280384704,-2.10690396260588,1092.50129456856,0,0
4.85,-4.72727237532262,-4.59999990463257,0.0387484476846137,10.2177206905506,2.90544392642716,-2.37819168958256,-4.14517917693926,7.36390285313752,7.25617072078602,-0.50767566942768,1058.10185557584,0,0
4.86,-4.69718705243621,-4.59999990463257,-0.0441895781629908,8.7452624475789,6.67164984564165,3.45389920553319,-3.27589478688522,-2.14027861733576,10.9738164972088,0.841168510497754,1023.92730734045,0,0
4.87,-4.79641407337607,-4.59999990463257,0.0739847611874533,6.45568726060224,6.48881264629723,0.0122989358743031,-4.71270026266826,5.91161253167904,6.72414428959103,0.0294393785761417,989.888468715285,0,0
4.88,-4.63012807432016,-4.59999990463257,-0.0289524208723202,5.0897400759828,4.01157319611622,3.55503776689684,-3.05443613753622,-1.50027820993941,6.51019544758481,0.879211361684212,955.905021482025,0,0
4.89,-4.62293181860458,-4.59999990463257,-0.0781140583220547,5.70383495842039,7.02671378723596,4.66840201920725,-0.568757443769774,-5.37415142950152,7.52786991737801,1.48022961891136,922.039986764423,0,0
4.9,-4.81358347214215,-4.59999990463257,-0.0325859641193902,6.76078916246339,-0.981789082767197,4.54777652645301,1.24162287695359,-6.18351582488837,-2.83442821747446,1.83311144802972,888.504056486891,0,0
4.91,-4.58860025719527,-4.59999990463257,-0.0693973354883726,0.142205950152852,2.70118222922408,4.2924961645098,1.60443960467982,-0.842106723014649,1.86808005839639,1.93801699676569,854.839772276665,0,0
4.92,-4.56876555066269,-4.59999990463257,0.0554432084365453,1.89201433545372,1.08210212661811,4.50366328058201,1.0052609248211,-1.94238210674038,0.778581656245843,1.79630557894585,820.830937320697,0,0
4.93,-4.72711888237137,-4.59999990463257,-0.0895878253984434,3.25893583626752,1.96277380952319,4.57256597781478,-0.787157437290041,-2.67104466645205,2.14328629933812,1.40815054844921,787.406350100331,0,0
4.94,-4.63645918887418,-4.59999990463257,-0.110847855669617,2.14616012150173,3.60959910100377,3.1786612018986,-3.35366268812145,0.96999761789091,3.75449755713924,0.773533108602299,753.916038435957,0,0
4.95,-4.7903243065946,-4.59999990463257,-0.108858019921312,5.80390367145364,0.713275484777575,-0.50520503335228,-4.66993020311297,0.898830239187865,5.79473729027655,-0.105928649925124,720.318647052084,0,0
4.96,-4.61122433374444,-4.59999990463257,-0.187020810679514,2.96250386270369,4.85267851927332,-4.41321848824441,-1.4448445246606,4.69221842256302,-3.9101056567728,-1.23126739669823,686.955775764266,0,0
4.97,-4.62995576573041,-4.59999990463257,-0.0521887590120777,0.222624769378973,1.39357290998106,-2.34113660963654,3.93646879117088,-0.893072037459159,-0.533918069323546,-2.60010438326482,653.993086202959,0,0
4.98,-4.57740118939466,-4.59999990463257,0.000304781061902484,-1.20069764914189,1.49598283823914,4.01616918645013,2.16764018274811,0.316843870541974,1.11912200847147,2.06994097948698,620.260952179657,0,0
4.99,-4.49247321550347,-4.59999990463257,-0.0611745107596155,1.3089989697735,4.40038059253545,0.885623406103812,-4.52696184570965,3.82538269731134,2.45580832681514,0.21213885486516,586.872528033242,0,0
5,-4.50481343745121,-4.59999990463257,-0.157353538639564,-4.63966676941291,1.71695226796507,-4.25018048183009,1.4251411317492,-4.97445420962077,0.458468312467697,-1.88889246830936,553.873321560143,0,0
5.01,-4.42328950229105,-4.59999990463257,0.113230695209823,-4.55523875613357,-1.83678465550087,3.96641138419582,2.10427575489724,4.89857759770816,0.353052536648467,2.05029918710976,520.859149066765,0,0
5.02,-4.55744605936415,-4.59999990463257,0.0450499928835194,-3.46360773095711,2.50112356459555,-2.3797610735384,-3.8364785004672,1.94041996046933,-5.0073076559655,-0.536173457650582,487.906225736005,0,0
5.03,-4.60430650529516,-4.59999990463257,0.0470741724994951,1.63492489773699,2.92573807401263,1.07455373700208,4.47077205312744,-3.02204848582451,-0.218354798128189,2.91864095066049,454.830381496055,0,0
5.04,-4.49958696600534,-4.59999990463257,0.0502427141009253,-6.33362652957779,2.93947566762453,-0.708995734598127,-4.39772574838594,0.9292434978939,-6.50205621130004,-0.151002695470774,421.674694917328,0,0
5.05,-4.53238213997671,-4.59999990463257,-0.24070499111944,-2.49328926975453,0.932855963805411,1.45335578645928,4.29370047546843,-0.659826195885209,2.70543282080881,2.82205402200987,388.64403701504,0,0
5.06,-4.54921250161845,-4.59999990463257,0.113112402342856,-0.989488694795579,1.2660150569108,-3.06322972961786,-3.37632754087537,0.66430926804048,-2.03088903247319,-0.728528000291106,356.489504319539,0,0
5.07,-4.45154782034975,-4.59999990463257,-0.05372306314096,-3.73752396139121,-2.00929926988304,4.41858009120465,0.895186912941471,3.92533857729819,-1.34071231056172,1.76175889264521,323.938820273432,0,0
5.08,-4.44070034661125,-4.59999990463257,0.223335288083035,-8.9179706456904,-3.2361518495743,-3.41183452261785,2.7836596871499,-4.79377856958432,8.07555770016705,-2.26898239864604,290.306746171552,0,0
5.09,-4.50618362398241,-4.59999990463257,0.0704872919950902,-4.99388754825747,-0.431216459015982,-1.12452033810817,-4.34174837756427,-1.59639543496982,-4.50308712870751,-0.25512255560586,259.077451726651,0,0
5.1,-4.42706816313419,-4.59999990463257,0.0778215838398661,-4.6159536888036,-2.16687953912631,4.47336601897086,-0.211662504127225,5.02672721172744,-1.45719689230699,1.51837076527827,225.228475423316,0,0
5.11,-4.47562581268993,-4.59999990463257,0.0157701791562648,-4.21845290953271,1.00356255980706,0.39902212951691,4.47011850304482,-0.367604527641325,4.66841912297753,3.0560540324071,194.313378237016,0,0
5.12,-4.4400554598399,-4.59999990463257,-0.0777155947017371,-9.60084380657995,2.21457185306681,-4.11211133409242,1.54304894399251,-9.19400755675565,2.27586364854755,-1.92488691185057,160.365417266188,0,0
5.13,-3.93802290796174,-4.06797456741333,0.208997963965887,-5.83086727945863,-4.15652823307606,-2.96106681039039,-2.59122464745349,-6.41012866170838,-1.25481882584838,-0.868007293882318,129.300824648418,0,0
5.14,-3.17808090048235,-3.30662703514099,-0.0985005311066057,-6.6920696249048,2.0457750569179,-0.0704844975674567,-3.14964795551587,1.56137911706049,-6.85469643940788,-0.0119601749864539,105.146995020918,0,0
5.15,-2.47526015074298,-2.67440295219421,-0.032276240216052,-5.90179882736477,-0.289179810669346,1.59365403293602,-1.96931150560756,4.0527539380585,-4.52907380862814,0.68257526429163,84.9340727710831,0,0
5.16,-2.02978916134854,-2.13227820396423,0.0998712893604332,-2.94184268076968,-0.613857963138536,1.94742461280101,-0.636525667677142,2.5420887578277,-2.46191188056541,1.24016168719832,67.5880359717345,0,0
5.17,-1.63736790278703,-1.68008935451508,0.0107766246813787,-1.4691994708664,-1.71440052273272,1.61994189642388,0.207310316266742,1.52244636104116,-1.22451941435236,1.68108066434846,53.2717986366782,0,0
5.18,-1.43768545027458,-1.33468651771545,-0.146513919633667,-0.232406450421423,4.1170434594022,1.20730085091981,0.513045149480164,-1.42412739221544,3.49634233816018,2.02982397133825,42.360529422345,0,0
5.19,-1.07407653239917,-1.06957244873047,-0.000783138139399946,-0.324575657357855,-3.10509070031702,0.740985508700594,0.733377969593037,1.80358335197543,-1.36119127974256,2.30834106221123,33.9865392584164,0,0
5.2,-0.762797752104411,-0.86272394657135,0.0680472333960674,-0.302755422409157,-1.52012041881416,0.448935638045907,0.701534013321722,1.66865747211275,-0.498119644713034,2.53244924543415,27.4403928018061,0,0
5.21,-0.685500563607182,-0.698997795581818,-0.166308223337925,-3.03273377949293,1.41474186550028,0.28412249977603,0.555217102308903,-0.126935637913896,3.15547065196456,2.71385121731553,22.2281137934534,0,0
5.22,-0.458876291778152,-0.570092618465424,-0.0379088268748403,-3.4846309855049,-0.0770589691090798,0.136354678361837,0.465694987489459,0.78814116102644,3.16990205950871,2.86121912367039,18.1409629379819,0,0
5.23,-0.473944435849461,-0.466422617435455,0.0473918237415237,-2.49188893794015,-0.152121809255809,0.0591706040084388,0.39544232622793,0.587612185424605,2.28782813041763,2.98171130586525,14.8440833444207,0,0
5.24,-0.348335029815512,-0.381369650363922,0.0890867297703095,0.803891063861534,-0.984233895888379,0.00249920988280472,0.383672763060345,0.972912850985457,-1.12622588446899,3.08035361195949,12.1442827463427,0,0
5.25,-0.30610470661842,-0.312816143035889,-0.272340556722504,0.503401208277879,3.02591543182524,0.063169108736552,0.292793756162867,-3.46301640930755,0.0205010553980355,-3.12210859550465,9.97530388780318,0,0
5.26,-0.147058837855464,-0.258727550506592,-0.12144935889759,-1.47232588377439,0.39080378503274,-0.0218072387075795,0.212738060438598,0.0508956178183092,1.27707563822079,-3.05550675673087,8.26174130809549,0,0
5.27,-0.279376445530626,-0.214491412043571,-0.074055653798937,-0.418961489386622,0.76038808643626,-0.0121326769721342,0.180490651410855,-0.779042532286503,0.624182368056441,-3.00029510635721,6.84552991118807,0,0
5.28,-0.171998419204076,-0.179402634501457,0.123133480429175,2.70016461830666,-3.13009828672914,-0.100757550789219,0.194644720500279,3.54507137327483,-1.87927488880491,-2.9543657064128,5.73776563364033,0,0
5.29,-0.129824161736625,-0.152708008885384,0.0437789399990699,0.724954931498048,-0.142277602420945,-0.0313431388957964,0.141639221210906,0.0633542652044882,-0.594693151917518,-2.91558977229489,4.90064658395318,0,0
5.3,-0.0954383190449937,-0.132506310939789,-0.0639921126575893,-1.90052597817213,0.249333808553301,-0.0174296748417464,0.0700186823231124,-0.588949733077633,1.95671129695182,-2.88223058078915,4.25615808023994,0,0
5.31,-0.0269542412559022,-0.118278674781322,0.225037004197802,-3.60229878872685,-4.60174968440819,-0.0809206167845095,0.00228010245280826,2.63699873407817,4.61963149537891,-2.85301718135496,3.8375603610494,0,0
5.32,-0.101054310561023,-0.112894028425217,0.161105640665489,-3.49675256759552,-3.65060479966596,-0.0805822695229942,-0.00144987247301082,2.57392553504256,4.51057859922337,-2.82552882576256,3.66446952136754,0,0
5.33,-0.0540176275814589,-0.107810109853745,0.108284242625089,-3.42469025396342,-4.39026308063004,-0.0803756182898423,-0.00404743394567071,2.53262582840545,4.36209146946105,-2.79927371314452,3.50018127856358,0,0
5.34,-0.0161893803977118,-0.102947533130646,-0.0144440278757182,-3.44790191411764,-4.15439715835248,-0.0800968388187364,-0.00651249891724087,2.50188643480807,4.22063744887091,-2.77419645121006,3.34304122538311,0,0
5.35,-0.0256314988049107,-0.0982962846755981,-0.0288010507027465,-3.83240677209277,-2.79166883291552,-0.061373919408076,-0.0250024850777226,1.56030505779402,4.89331770368712,-2.75025495507597,3.16413869755661,0,0
5.36,-0.0580964999877204,-0.0851730182766914,-0.107624412977575,-1.26865251822696,3.63881996917358,0.0588969955281266,0.0631907897846802,-4.28256110663565,-0.156722075643915,-2.72865881568254,2.74634679476063,0,0
5.37,-0.058740237252604,-0.0749890729784966,0.0667073517918865,-2.23031236295818,-0.158841224526756,-0.00622446365469057,0.0218997923542266,-0.863037027761504,1.42308706344483,-2.70963899498646,2.43158301800995,0,0
5.38,0.0749305189193594,-0.0709902495145798,-0.147955174306597,-1.711078363928,0.303156281354435,-0.00461595503967218,0.0118737345970229,-0.90013153016578,1.72415201411237,-2.69228888389943,2.31048345656188,0,0
5.39,-0.127379197718459,-0.0677530840039253,0.135578112960269,-2.01779243141974,0.0623507506984287,-0.00450275408292822,0.0111202323420156,-0.871529333340881,1.59866863776108,-2.67573860144545,2.20591993554765,0,0
5.4,0.092874250737623,-0.0646610707044601,-0.0458992832388123,-1.71612201515396,0.432121401234795,-0.00438101092101643,0.0104522663311939,-0.840141510594741,1.47791783946211,-2.65993749936854,2.10600569001453,0,0
5.41,-0.0380135160202215,-0.0617050118744373,0.0881589341497907,-1.92115114744079,0.289497406449825,-0.00424458664066968,0.00982052455070473,-0.80681270658884,1.36379529314319,-2.6448525804474,2.01048495721184,0,0
5.42,-0.0271086380649563,-0.0588791146874428,-0.0954779128187842,-1.68978932260126,0.250167716251979,-0.00409598762715894,0.00922302940417457,-0.771954628799814,1.25597988541708,-2.6304523290275,1.91917098340054,0,0
5.43,0.0473420021102857,-0.0561778657138348,-0.125923866934036,-1.57580528276079,0.250326619139703,-0.00393748695117373,0.00865808667160175,-0.735929278029618,1.1541482066012,-2.6167065671298,1.83188527404012,0,0
5.44,-0.0310869783400602,-0.0535959601402283,0.144738007506214,-1.27319235112583,0.907436333841013,-0.00377109970059303,0.00812404989539816,-0.699054074413679,1.05798600147795,-2.60358639743399,1.74845685379092,0,0
5.45,0.015500177544674,-0.051128339022398,0.0141540960553147,-1.23353921636691,-0.0330964398162453,-0.00359860552622495,0.00761932137324213,-0.661608366289142,0.967191066185052,-2.59106414950143,1.66872187941485,0,0
5.46,-0.0959505541052335,-0.0487701408565044,0.0086343879849306,-1.22897137498143,-0.357567001180894,-0.00342157464523019,0.00714236183381316,-0.62383550083974,0.881472505478884,-2.57911332889909,1.5925232889616,0,0
5.47,-0.0238203524928152,-0.0465167053043842,0.0677115712475252,-1.23634902653884,-0.144667195800499,-0.00324138533873291,0.00669168788167225,-0.585947711962769,0.800551573894469,-2.56770856866574,1.51971048087436,0,0
5.48,-0.0557221678757654,-0.0443635694682598,0.045591002102396,-1.11552539431476,-0.174930452369977,-0.00305924743742782,0.00626588097725522,-0.54812873868682,0.724162139493498,-2.55682558296296,1.45013901895016,0,0
5.49,-0.0567855432116987,-0.0423064306378365,-0.0769569664305664,-0.861271819535232,0.296825909998376,-0.00287621536145204,0.00586358160971923,-0.510536685976629,0.652049592810522,-2.54644112300233,1.38367035970249,0,0
5.5,0.0125743338976873,-0.0403411984443665,0.0476356212726582,-1.08000415817282,0.36452023493163,-0.00269320682327488,0.00548349407354586,-0.473308016183323,0.583973184912205,-2.53653293471804,1.32017159918306,0,0
