t,iq,iq_ref,id,vq,vd,ia,ib,va,vb,theta_e,omega,r,"T_ass:0.43,S_pct:-1.17,kp:0.0555,ki:0.0107"
0,-0.0161926528573929,0,-0.0140388173093887,0.0844378052860506,-0.0260715524190436,0,0,0,0,0,0,0,0
0.01,0.0481736354259139,2.79751675407169e-05,-0.0333522060149001,0.142080639700878,-0.383722365164478,0.000281577464657602,0.00039863746984867,-0.0138664105548652,-0.0185463456777837,-0.154717846572317,-0.00485125742819724,0,0
0.02,-0.0672915389776957,2.82266864815028e-05,-0.114111628158907,-0.370953828264699,-0.606006286918543,0.000373252179927879,0.000546322018895886,-0.0184492054868098,-0.0259176159432721,-0.154754976683983,-0.00498112248550017,0,0
0.03,-0.0109029808912129,2.22119670070242e-05,0.0643627712419165,-0.0204951161295621,0.739342476729853,0.000409952982648778,0.000591142136713781,-0.0203311026808623,-0.0284560826931243,-0.154787133806154,-0.00384260347772354,0,0
0.04,-0.0165727943053852,1.27709017760935e-05,-0.0172632324271773,0.135725781136329,-0.409177897590819,0.000406181775142703,0.00056504991804595,-0.0202154304405099,-0.0276186084499735,-0.154808285339581,-0.00225836222428667,0,0
0.05,0.00843678985700653,7.51993866288103e-06,0.300001955772279,-0.086743646090364,-0.215723390212839,0.000412565354396957,0.000551791729366073,-0.0205752914548668,-0.027215486235583,-0.154820762546894,-0.00137229255760834,0,0
0.06,0.0248279098681486,3.74730802832346e-06,-0.187874326010025,-0.109660588755639,0.136817314599574,0.000412496966373812,0.000535563023649324,-0.020601044131586,-0.026590715444693,-0.154827672081593,-0.000749895525298089,0,0
0.07,0.0381011523595749,2.14486726690666e-06,-0.128654813698878,-0.0274342469849051,-0.711453191860648,0.000415590000027941,0.000527869575241009,-0.0207681357662378,-0.0262853201835396,-0.154830520907496,-0.000486097377186918,0,0
0.08,0.0743621862377176,5.37644552878191e-07,-0.0876678091002479,-0.00678182423806303,0.317772675461869,0.000411641975562956,0.000517463098336817,-0.0205831112087658,-0.0258445308991972,-0.154832329342222,-0.000228792885608345,0,0
0.09,0.0378992762542288,-1.8210856467249e-07,-0.0187543660543279,0.173206214528194,0.639355481366272,0.000410059920122151,0.000511665599606173,-0.020509559605268,-0.025590272212932,-0.154832832745095,-0.000115683838784738,0,0
0.1,-0.0168885183672055,-4.3812451622216e-07,0.0400323999533086,-0.626542214380012,0.417993697015755,0.000409429832379351,0.000508893436862993,-0.0204800296439436,-0.025464332252198,-0.154832812553905,-7.68272678641075e-05,0,0
0.11,-0.0243542063004777,-4.86073815864074e-07,0.0431090697343908,0.090520598836718,-0.431807956496076,0.000409201818175886,0.000507801554010782,-0.02046899583552,-0.0254121101571443,-0.154832645667588,-7.06755748491961e-05,0,0
0.12,0.0565667079682218,-4.59756051895965e-07,0.0476884473957939,0.0136539048719304,0.0784181304837743,0.000409139932448731,0.000507512874700832,-0.0204656975960429,-0.0253963724602576,-0.154832483676365,-7.58014898787014e-05,0,0
0.13,0.0267575083980483,1.27693965623621e-06,-0.0376629741634153,-0.0481502758072553,-0.41407202301917,0.000422976065773654,0.000526584940458542,-0.021144255985802,-0.0262639991877232,-0.154833107988274,-0.000335979572927597,0,0
0.14,0.104703032276749,-3.64354491466656e-07,-0.0566990233559746,0.489339819739048,0.383444136875854,0.000430800333727419,0.00053692949943963,-0.0215482232961337,-0.0268622267494269,-0.154834183471835,-0.000435562699954942,0,0
0.15,-0.0571562410003822,-2.88390936020733e-07,0.0243602356123079,-0.302127607352203,-0.0501981033117947,0.000415755291849288,0.000518055295356179,-0.0207952139539401,-0.0259149844035306,-0.154835167436852,-8.33296706312098e-05,0,0
0.16,-0.00637250693954874,-9.64838250183675e-07,-0.0334460220425011,0.495779109063247,0.0141831086212612,0.000410885996465785,0.000509449047944089,-0.0205569127884596,-0.0255181577220227,-0.154834621144669,1.59229381053368e-05,0,0
0.17,0.0390733452968444,-9.8491398148326e-07,0.0618848365817748,-0.00588101016879271,0.590185607374782,0.000409388664951816,0.000506440472125471,-0.0204821921999563,-0.0253687251720853,-0.154833785129686,1.32009790286817e-05,0,0
0.18,0.0231942880410792,-8.08141066954704e-07,0.0414622513532439,0.0674861160351587,-0.423431895675361,0.000409014769078799,0.000505964826508685,-0.020462122187226,-0.0253361969866155,-0.154833103249156,-1.84364501459208e-05,0,0
0.19,0.0545855398511223,-6.24474864707736e-07,-0.00867554191374324,0.472866207541902,-0.448397609240173,0.000408991396654145,0.000506375132110169,-0.0204595423873733,-0.0253476215552843,-0.154832660770535,-4.94678834234714e-05,0,0
0.2,-0.00623855141509587,-4.91191030960181e-07,-0.104288137745517,-0.386461614424203,0.626918717336482,0.00040905252951206,0.000506930287273855,-0.0204615678343075,-0.0253687825556532,-0.154832414226265,-7.14704190971554e-05,0,0
0.21,0.0586314893389693,-4.10593884225818e-07,0.0448400851317124,-0.118584797023663,-0.179580967893543,0.000409113759401789,0.000507370330019002,-0.0204640053991324,-0.0253867947232513,-0.154832295064889,-8.45672639960201e-05,0,0
0.22,0.021380939702331,-3.6832420846622e-07,-0.0599728544440136,-0.306462869741721,0.328028292917736,0.000409155487602475,0.000507651619899436,-0.0204657644900651,-0.0253987656170157,-0.154832246987363,-9.13348509899552e-05,0,0
0.23,-0.0796748126391825,-3.49267224919458e-07,-0.00493470663292909,0.0533924951537253,0.340630875927899,0.000409179034630356,0.000507806541324399,-0.0204667944585102,-0.0254055665961643,-0.154832233322603,-9.43289313871755e-05,0,0
0.24,0.0624061301661066,-3.42399971486884e-07,-0.149457179734685,0.114857118282989,-0.379563296084623,0.000409190400102502,0.000507880528647631,-0.0204673096010885,-0.0254089240427492,-0.154832233576137,-9.53701462096998e-05,0,0
0.25,-0.0338132450699289,-3.41035502060549e-07,0.0928775174478493,0.394424892547532,-0.987617738935411,0.000409194918700007,0.000507909808393543,-0.0204675244473686,-0.0254103184867215,-0.154832237809901,-9.55457132647189e-05,0,0
0.26,0.064408012243489,2.05749017823109e-09,0.143268407530016,0.234617951473055,-0.211791051898194,0.000411378040708156,0.000510548991592455,-0.0205740568565193,-0.025525293344531,-0.15483202522803,-0.000149268935207302,0,0
0.27,0.0419085156798562,-6.59361887755949e-07,0.0891634742085118,-0.667217297480612,-0.0627103837436132,0.000406989221958963,0.000506108056431265,-0.0203596689986477,-0.0253359831165395,-0.154832606370618,-4.45068544079906e-05,0,0
0.28,-0.0515103562425373,1.53137193592556e-06,-0.00611811743197324,0.309850937226044,0.299207410536419,0.000406520642545322,0.00050506096793193,-0.0203193448599736,-0.0251754093189027,-0.154832588222592,-2.99314907704033e-05,0,0
0.29,-0.118985368791496,-5.0221404990225e-07,-0.00880730518468821,0.0117982319213857,-0.422265694890466,0.000408314652234606,0.000506432904425063,-0.0204247444997322,-0.0253444429746381,-0.154832278641443,-7.07026415809742e-05,0,0
0.3,0.00973943567017431,-9.93701405604952e-07,-0.0770607440170805,0.25187860017547,-0.137074929237916,0.000402100211756919,0.000496388184521831,-0.0201177461911868,-0.0248665457992702,-0.154830717223674,-6.65557207306123e-06,0,0
0.31,-0.044559148296386,-1.4610287735195e-07,0.0798996912731723,0.357270454253015,-0.432610079228143,0.000407131554490468,0.000504581250699307,-0.0203628256412574,-0.0252342421969231,-0.154830639101467,-0.000136288941992256,0,0
0.32,-0.0432402701901944,4.40734879703086e-08,0.0204557985598213,0.239665354640837,0.387808217891781,0.000408756130066972,0.000507982686462436,-0.0204426061088536,-0.0253948954684421,-0.154831075375767,-0.000162233685879226,0,0
0.33,0.00144838004804948,-1.14187344024685e-08,0.111915236943518,0.721359177018212,-0.0462189152508545,0.000409229262339633,0.000508971283177472,-0.020466686005345,-0.0254470683678817,-0.154831536969597,-0.000150586019971937,0,0
0.34,0.014079246026193,-1.22606365948741e-07,0.184145119701942,0.133230693546445,-1.08324342135407,0.000409320713284979,0.000508961438006382,-0.0204721215805475,-0.0254520744388108,-0.154831874255234,-0.000131315328481322,0,0
0.35,0.0448062712319712,-2.18286430708758e-07,0.0828543518800565,-0.128355763324926,-0.194742367963518,0.00040930074247711,0.000508659616843006,-0.0204718645086574,-0.0254417150888867,-0.15483207912745,-0.000115322457407364,0,0
0.36,-0.0608414080810398,-2.82150523389646e-07,-0.091140533302321,0.126799659668777,0.0948651656235023,0.000409261545719293,0.00050835770539003,-0.0204703982040565,-0.0254297774534851,-0.154832187000134,-0.000104846334826398,0,0
0.37,-0.05795193424151,-3.18526531373209e-07,-0.0130716651917781,0.150243359291808,-0.356438502238413,0.000409230124300347,0.000508141554316308,-0.0204691087120032,-0.025420767691518,-0.154832235856296,-9.89650875217222e-05,0,0
0.38,-0.0152828260759513,-3.36516109200602e-07,-0.0624710495637502,0.135617452517068,0.19393532991641,0.000409210577047722,0.000508011987629587,-0.0204682694417245,-0.0254151775982544,-0.15483225359132,-9.60994965951212e-05,0,0
0.39,0.122736495870978,-3.44014551956207e-07,-0.110410712262324,0.36822566030162,-0.568286275431531,0.000409200247818981,0.000507944553307285,-0.0204678113836523,-0.0254121747860156,-0.154832257205439,-9.49294530382128e-05,0,0
0.4,0.131647662741053,-3.4631369771887e-07,-0.0662871511258077,-0.0590788753779778,-0.241265418074133,0.000409195598874826,0.000507914409327407,-0.020467596615593,-0.0254107792972369,-0.154832255677122,-9.45868852458364e-05,0,0
0.41,-0.0586110620666788,-3.4643741742002e-07,0.0294513113833542,-0.174304676687648,-1.03055792555674,0.000409193944430043,0.000507903710702568,-0.0204675138073637,-0.025410248573104,-0.154832253087458,-9.45829794573184e-05,0,0
0.42,-0.0548655457288481,-3.45886917330063e-07,0.105889268413138,0.0713953322217839,-0.0405381175616812,0.000409193643167784,0.000507901755414825,-0.0204674940063691,-0.0254101215614642,-0.15483225092759,-9.46787962391585e-05,0,0
0.43,0.0566178195916161,-3.45291567782624e-07,0.0285752270990779,-0.107712164128878,0.445249607245816,0.000409193823580126,0.0005079029059719,-0.0204674981077891,-0.0254101475935798,-0.154832249509087,-9.47763152781916e-05,0,0
0.44,0.0488593737037692,-3.44847506994483e-07,-0.0260825377214292,0.309320813791842,-0.190409484322105,0.000409194093006704,0.000507904631554798,-0.0204675078802463,-0.0254102098529889,-0.154832248711212,-9.48465103548636e-05,0,0
0.45,-0.0576527450653111,-3.44568547916424e-07,-0.198093846791955,0.19614570541016,0.291967382659831,0.000409194299455829,0.000507905954445745,-0.0204675157971157,-0.0254102601438898,-0.154832248321704,-9.48887246990038e-05,0,0
0.46,0.0453198528091877,-3.44411660080368e-07,-0.0504019025807833,-0.0809221246588112,0.135746337325793,0.000409194443064265,0.000507906874682215,-0.0204675215215553,-0.0254102963408246,-0.154832248162269,-9.49107492441863e-05,0,0
0.47,0.0867292124110725,-3.44329635026952e-07,-0.0390350774628604,-0.0524405821992873,1.15166693605285,0.000409194523849645,0.000507907392300233,-0.0204675246860081,-0.0254103161104502,-0.154832248115378,-9.49206120970854e-05,0,0
0.48,0.0399467062524745,-3.44287144571354e-07,0.166254160340012,-0.557484980040213,-0.0191101824786887,0.000409194559759906,0.000507907622345158,-0.0204675259133816,-0.0254103234572903,-0.15483224811468,-9.49241202124908e-05,0,0
0.49,0.0841752981217468,-3.44262787166372e-07,-0.106819552869579,-0.267695505707432,-0.775522668293708,0.000409194577719083,0.000507907737362559,-0.0204675263837004,-0.0254103259497746,-0.154832248127759,-9.49247772444234e-05,0,0
0.5,0.00355562428595937,-3.44245137284815e-07,-0.132063916742291,-0.118555353961161,0.503319435182731,0.000409194577724175,0.000507907737357355,-0.0204675260083817,-0.025410323022832,-0.154832248141125,-9.49244166882552e-05,0,0
0.51,4.62636421277873,4.59999990463257,0.0574871988796217,3.43814067779227,-2.48960106036369,-0.975389555635464,4.43523288201932,-2.50159974849578,2.45147202833245,0.224860686640402,69.6989792596433,921.581168159134,0
0.52,4.4566796618695,4.55807113647461,-0.0673514971499318,5.37471037961652,0.135870253188256,-3.80381855946989,2.30025794711593,-4.97746247638885,2.67277640605538,1.02831488393804,150.039230239746,927.186010613263,0
0.53,4.13875751872208,4.26680183410645,0.0223731838650986,6.89177135248978,-1.6534696527309,-2.71235821361854,-3.10998651705567,-3.06400504079159,-6.61879050075961,2.43409518747571,233.371847520031,961.896479755988,0
0.54,4.0637460052361,4.16947841644287,-0.0325788486541126,4.2280354675924,-0.433415436698212,3.9037545552266,-1.20541703172633,4.21936045998166,-0.553354810287118,-1.86658345727375,306.347263075066,1019.46114697697,0
0.55,3.95603184812423,4.14307737350464,-0.000305440860083508,8.38609901000645,-2.63768654987126,-2.39442248775641,3.17580268209169,-6.97237674620918,5.11061111764764,0.658312891379872,382.217050434799,1090.32235134465,0
0.56,4.04507769392776,4.15008068084717,0.0836146964464595,9.87151591972324,-2.89882874618331,2.11471750675034,-3.3358785883848,8.36539686940134,-6.53073323474846,-2.55912282048203,456.151944742216,1163.26499429639,0
0.57,3.99094990258418,4.11313676834106,0.127841123671568,11.3191415105914,-1.53624085582288,-3.35725583111857,1.95537041267362,-10.2928350794431,4.98647539173544,1.0479518285697,529.270428510221,1227.31026306967,0
0.58,3.79340996932413,3.98345804214478,-0.0437671297366271,12.6086938852497,-2.51828564695418,3.34588139852071,1.64959280622145,9.93891024958968,8.41722533018892,-1.09654449546613,600.604568767917,1273.52010662285,0
0.59,3.46705117315763,3.74295544624329,0.0158637957675427,11.4467098065237,-2.20281688983844,1.37388224250409,-3.24318401071261,6.0923626170722,-9.40915959648477,-2.73002974678195,667.670341266121,1296.39804891295,0
0.6,3.03518550617948,3.39431834220886,0.0964270288730319,15.5712349244912,-2.9927375825967,-2.14194284380458,-2.22502675887453,-8.34113879290786,-13.1762594020046,2.39431069439572,729.115273722953,1294.64838643468,0
0.61,2.58191590902794,2.95105862617493,-0.0268379471187407,14.0840194839222,-3.61658977001462,-2.66037929977494,-0.184484989264335,-13.9388886045908,-4.19322055045358,1.66230247561542,783.85758272666,1271.17467310754,0
0.62,2.1998629560818,2.47122645378113,-0.0974655016156061,14.672928932444,-1.60047605777381,-2.09190088519823,0.631243201698817,-14.2876273949825,2.18503563986383,1.29497599696452,828.903061507269,1232.33759037486,0
0.63,1.68082860037595,1.9923700094223,0.25440823272713,15.633065012969,-3.06589180020601,-1.56396868133177,0.624444945468374,-15.6184531064984,2.33930665330289,1.22790150598616,865.321707770465,1186.62613527908,0
0.64,1.24577684686292,1.57066655158997,0.0932045069559659,15.0065229937616,-0.462299647130082,-1.254509133088,0.236381706692081,-14.6267187099024,1.8835239457731,1.39577772696148,893.513962592188,1142.99996723467,0
0.65,0.720787598865585,1.24433839321136,0.0385335229875954,14.9360371445656,-0.82287760312581,-0.937206904886621,-0.152937031542958,-14.4693290338775,-2.97377383370397,1.74230039059243,914.526037805901,1109.21585185476,0
0.66,0.677433882303364,1.03141629695892,0.110242605851658,16.0412541809876,-2.83126020685145,-0.595353566610546,-0.391820836487317,-11.2394253738817,-11.7275532721484,2.2240169475734,930.566415961858,1090.44770992601,0
0.67,0.63111258128411,0.933031320571899,0.129448735075833,13.3599553851663,-0.900561998016165,-0.222930679649329,-0.626611953292831,-3.98743577056584,-12.8301686624372,2.81243073259777,943.879753421653,1088.44903442643,0
0.68,0.627138108466557,0.929693937301636,0.0136697612362282,15.0148810954963,-0.992299723630264,0.204338908461998,-0.599800753580322,5.81730050643287,-13.6768013370427,-2.78896646104591,956.353204353699,1101.40024362852,0
0.69,0.72826358044266,0.98620080947876,0.0356593566602035,15.5925060413909,-2.26968673545676,0.587894054573707,-0.330564312086935,15.1590276383098,-4.6837282103104,-2.01470803179445,969.326296969872,1124.45214700892,0
0.7,0.844959302494965,1.05933511257172,0.0347027328247513,14.202374640123,-1.97192464968482,0.721337888508978,0.283743857230032,12.1225658307651,7.88731605758796,-1.14095551433573,983.614202603531,1150.84493121572,0
0.71,0.774498252822714,1.10727310180664,0.0232765937922325,15.5560035465311,-1.3223214537952,0.157541958063672,0.780029387036909,0.85631583235335,15.7101228354932,-0.158106130864037,999.018260562874,1173.37464669142,0
0.72,0.843582911718616,1.09873700141907,0.118336959923391,14.8883344639258,-1.2848952832309,-0.630453143183323,0.499193251216525,-12.8233140189793,7.54030167997482,0.938492479318244,1014.55078856006,1185.91608749237,0
0.73,0.663130134459698,1.01576626300812,0.0233520760815981,14.7011857356016,0.823869151038188,-0.598425995957769,-0.381874913912168,-12.7152672373977,-8.5873155097329,2.14673506094105,1029.21461043882,1184.70375114171,0
0.74,0.546041977953229,0.861605942249298,-0.00413154202297531,16.6583789036179,-1.91064573557176,0.133667123165157,-0.511735356724831,6.59790555287191,-15.4462641591159,-2.82855276008843,1041.50562671308,1169.12220384852,0
0.75,0.378138546399764,0.655896008014679,0.0836465458979859,15.0405834490802,0.290852236289631,0.34826265421485,0.0446896796329041,15.1619549572423,1.97605632903251,-1.4422527671705,1050.39995511881,1141.85390157278,0
0.76,0.157389178505881,0.432869791984558,-0.223304660654626,14.441058860458,1.31651010930645,-0.0246936525893275,0.137085158905144,1.34799791611008,14.8428645097938,-0.00521975154604793,1055.3220862528,1108.35772840164,0
0.77,0.0347959689507013,0.23334813117981,0.186274204567926,16.4208246545776,-0.246779426076612,0.0914211573417137,0.00954536420923047,-16.2144578107638,0.894847425325391,1.45337459839167,1056.33992602985,1075.78129964835,0
0.78,-0.284175818302503,0.0968242362141609,-0.0461646761093744,17.0108804829221,-0.794208678995072,0.0309007404978561,0.23609789984573,-2.68512005139458,-16.5708743995479,2.90695222923744,1054.20378364918,1051.51974037407,0
0.79,-0.275240380994819,0.0512841194868088,0.0271891961523209,15.8732604138334,-0.576477096869785,-0.26034309067693,0.0410480108451204,15.5786992113903,-2.63108549267961,-1.79043826640471,1050.46852682948,1041.70236789858,0
0.8,-0.257829142242774,0.108873322606087,0.0951344160168975,17.3610763296078,-1.23308691313819,-0.0690002818469398,-0.22625218554986,5.54060965329113,16.4086504842992,-0.38704135953298,1046.9601774033,1049.90345454935,0
0.81,-0.138732764878465,0.262462586164474,0.0295785816751085,16.7323930655485,-2.68515078838552,0.0910000619975355,-0.00449011668365272,-15.6179486804925,7.39972202985598,0.997258096753039,1045.56519873538,1076.33124546453,0
0.82,0.160880771984513,0.486230432987213,-0.00458620699608771,14.623340476995,-0.98285195277084,-0.135513998657212,-0.123619498987994,-10.0132086458629,-11.4990152388203,2.38347822269193,1047.64736583183,1117.65863619116,0
0.83,0.332005019328747,0.739441812038422,0.0775727879656554,18.9759704931189,-2.40755116187052,0.185324047125086,-0.298550440036429,13.3914908134777,-14.3800415565223,-2.48235570486763,1054.132462442,1167.53660052937,0
0.84,0.578553960533635,0.972953677177429,-0.0399581077297144,18.2901450477043,0.464011283181776,0.504467620897023,0.326202991067696,15.7884980357151,9.99475769526411,-1.00013949474183,1065.22166591948,1217.70081115791,0
0.85,0.685942221457482,1.14109170436859,0.0531225758364481,18.8261806220885,-0.476563877047397,-0.404753750921982,0.650599272452983,-10.9338654913255,15.3497315696485,0.57697998031352,1079.97049306197,1259.46772498711,0
0.86,0.831924699557698,1.20802009105682,0.101366634596125,18.547260288738,0.958226874564659,-0.641594021800215,-0.564301937817927,-14.1972389330199,-10.7271702957439,2.27037632186275,1096.60931252989,1285.34043563468,0
0.87,0.825601940808605,1.15488398075104,0.10309642334819,16.9487236193985,-2.02171965850108,0.639717818888036,-0.50140107547859,14.8849634677622,-8.80016580986407,-2.1962487679935,1113.21491204255,1290.42135679183,0
0.88,0.709985894287733,0.984278619289398,0.152665789942359,17.8861237425897,-0.585348460946904,0.18287921370112,0.609272426284113,3.77459452568427,17.1142263748904,-0.264375789241579,1127.63436026423,1273.36287651593,0
0.89,0.342491554191676,0.719847500324249,0.0143486915258865,19.5914172282169,-1.3880416499845,-0.327185268600623,-0.0287315910306512,-19.0920247137924,-5.27940853915589,1.75921112196636,1137.94114692688,1236.67227283216,0
0.9,-0.0483541148520054,0.401971757411957,-0.122085833713988,19.0762022389234,0.0412445233903365,0.015521684304399,-0.0163065551094558,12.2221198093713,-14.6352155448957,-2.44424867030147,1142.81483750261,1186.30750064092,0
0.91,-0.257699695872224,0.0819333046674728,0.0366598230842537,17.9526155540554,2.10471049129402,-0.136032000098706,-0.246301056965297,8.20002662811467,16.2668905581833,-0.350566062487277,1141.73522508441,1130.63336328894,0
0.92,-0.493509304414225,-0.18876975774765,-0.0870317531573887,16.0355252427955,-1.47648634902335,0.500000431100544,0.0891987027419063,-15.7527749871746,-3.14207416906936,1.71496001559065,1135.29127062143,1078.92804874434,0
0.93,-0.659004979618042,-0.367229849100113,0.0495569710819184,19.0631922309959,-1.23402660808536,-0.404988440749669,0.610594959662095,10.3268696393773,-15.1999522669702,-2.56661808454299,1124.72379243859,1039.71529482125,0
0.94,-0.801812489937336,-0.426851391792297,0.0650484950248176,18.5192253262529,1.05983315090497,-0.509544307415549,-0.618248435483955,12.5903610237432,14.0294871569286,-0.651507736323356,1112.05007041949,1019.23136926305,0
0.95,-0.618131058219266,-0.361204326152802,-0.0223561933077664,17.435329556343,2.34746283288218,0.628428890795868,-0.317821629384132,-14.9155665975107,8.82623017720164,1.17039663152298,1099.52783586524,1020.31205231531,0
0.96,-0.444600723449745,-0.186663404107094,0.099507888283951,15.6039650997122,2.07590414620975,0.162820723669792,0.467720379137135,-5.96002098487168,-14.423003267744,2.90881456061778,1089.51755637733,1041.90721475681,0
0.97,-0.318619743154582,0.0608026683330536,0.109006742551472,17.2676639490133,1.19782547802142,-0.269613529403509,0.0428367091743311,16.6116583392638,-2.5030599778776,-1.69546961962981,1083.54596252908,1079.31380657944,0
0.98,0.0823570673778201,0.333711445331573,-0.101958571589511,16.2945089936934,1.09253199814944,-0.0210664685668608,0.0171477742171533,-0.821536059900888,15.8373950756643,0.111773836177265,1082.45941501309,1125.08392676084,0
0.99,0.168596279185027,0.581877827644348,0.0841340353553039,15.3648496688876,0.326194290718125,-0.260500243555419,-0.0555014626525925,-15.5894493573764,-3.0971225029248,1.7740818327307,1086.14641745645,1170.43826818504,0
1,0.557920986322049,0.760438919067383,-0.0422520136331574,17.0321894348901,-0.653377082922037,0.117160601448605,-0.396778142237927,6.70736238061814,-16.1735446718233,-2.80473143766416,1093.63758101758,1206.92036369228,0
1.01,0.546091767646909,0.838317811489105,-0.0667088260245522,17.9012496501974,-2.12751399096904,0.436553408151161,0.213141434238692,14.3633536477235,10.730711606663,-1.03590921083455,1103.46704213779,1227.98158300936,0
1.02,0.463291510012391,0.805096924304962,0.0321952439032355,17.7252418027578,-0.403454688293012,-0.310728330978018,0.321141615297162,-13.6411230531513,11.8576405304659,0.80695428780859,1113.53880919083,1230.19940336562,0
1.03,0.233706162411284,0.671231150627136,0.0431510710701248,17.4044597291036,-0.633244735025075,-0.148740316967231,-0.28734246483433,-6.37826935849953,-16.3597017551251,2.71856931658456,1121.88914092848,1213.8998860422,0
1.04,0.0636433320617465,0.467433899641037,0.029984593872889,16.0067386164317,-1.29555535229092,0.141248066192796,-0.038427870973803,16.4281930252575,1.16706245849578,-1.60281080757226,1127.05321307842,1183.06684592423,0
1.05,-0.0739399257960481,0.237300485372543,0.175585185653675,17.2652555052249,-1.71539542464421,0.0769243277252448,-0.079389157876688,-8.30848895172021,15.1076706354925,0.382409012942692,1128.21166421316,1144.55409024753,0
1.06,-0.459375014017045,0.0296905189752579,0.000221042150590604,19.6104376400473,-0.808126980632461,0.237095600510109,0.270791012958634,-13.0031468607994,-14.6838552116039,2.36047959450306,1125.18218551731,1106.74827951216,0
1.07,-0.352397006222493,-0.111347518861294,-0.0717977381593836,17.0768484240483,3.59661068385663,-0.39483580370552,0.236493818021556,14.7838203329243,-9.61433067408962,-1.97873421264936,1119.02796010472,1077.93383067186,0
1.08,-0.578811858012695,-0.154001042246819,0.015088409085362,16.9761327654846,-1.47262118905209,-0.0304587092785611,-0.492748515869132,0.815751974913318,17.1124942852823,-0.086928264918616,1111.23767500601,1064.66830065675,0
1.09,-0.40843318838035,-0.0880925357341766,-0.0503906828759643,15.8593870515319,-0.1753838906404,0.397659556244315,0.0613583709680212,-15.6857203624189,-2.34056594976503,1.74788712158174,1103.84970500982,1070.47604373935,0
1.1,-0.226551651768821,0.0764677450060844,0.066275276457659,15.884806156071,-2.68127873460731,-0.13033800657637,0.210503861392445,8.03741234005489,-14.193577426421,-2.74786323960802,1098.6712722897,1095.10958247094,0
1.11,-0.0926192483999297,0.309546291828156,-0.00421565943386295,16.9948097018417,-1.33291092438497,-0.00440589453464543,-0.0292734207272806,13.2607895283959,10.0759527249001,-0.985491183102889,1097.25061764486,1134.52281699076,0
1.12,0.207510221824575,0.565561652183533,0.0131975530103852,17.5547202209983,-2.05033442362549,-0.138565053128944,0.170953375247936,-13.1206121533198,11.6111595043757,0.783314107291861,1100.47028693255,1181.56747314347,0
1.13,0.309770444718147,0.793954968452454,0.166038430306843,20.2434243591844,0.806194714163053,-0.203195850269265,-0.337642784507325,-10.6274657526851,-17.1209661543989,2.59227103193539,1108.09138505188,1227.28877118321,0
1.14,0.520838539613902,0.946018755435944,0.0272402257213252,18.3223352817148,0.161805208913698,0.572100736763817,-0.143469317915821,17.4748141224452,-4.18781311835575,-1.81258542834669,1119.16119539493,1262.5834529402,0
1.15,0.544809577589909,0.986584305763245,0.0127656196701961,16.3952917736031,-0.988724237506802,-0.0847559087767664,0.657661988596573,-3.34291832919164,16.023795981462,0.154354321915294,1131.89156070096,1279.91414141969,0
1.16,0.572500021060765,0.900430917739868,0.028155472618607,17.5350509783991,-2.94950546734668,-0.469220060826397,-0.293942725808227,-12.7261799435396,-12.3634939667798,2.21398530626442,1144.02368176845,1274.76152044675,0
1.17,0.321606181381685,0.693803071975708,-0.251431183664563,19.779340423101,0.812691200742712,0.288043492386556,-0.0922078228747823,18.2440148253131,-7.60766619454771,-1.92931033783269,1153.43684363487,1246.54247049744,0
1.18,-0.0841185110534108,0.396702855825424,-0.113228703348305,17.603280797447,1.49464288722119,-0.0393601521253997,0.0296569180279004,-6.1748464353642,16.7904778027551,0.417588806581756,1158.03049692848,1198.8195312527,0
1.19,-0.212355368449764,0.0568825080990791,-0.00681106602984094,16.8184494712347,-0.805232439405564,0.118464999902091,0.257113879146973,-7.41088728277099,-15.4807967891673,2.62194378872669,1156.68699461157,1138.75691404481,0
1.2,-0.627064443414241,-0.270184338092804,-0.0477846669179459,16.3601326325751,2.40615623282376,-0.59269282562616,-0.0107088417964901,16.3453295568961,-0.546041392836643,-1.48967318543679,1149.20387402287,1075.91671698268,0
1.21,-0.876926839286712,-0.528164267539978,-0.203490189504465,17.6493131416748,2.64475112781415,0.457458019384245,-0.758955802630779,-7.99179584150802,16.3481503816251,0.6064330735867,1136.21878082797,1020.61036450795,0
1.22,-1.06582948003627,-0.670335054397583,0.15647052857165,16.1316976742665,3.41689811454459,0.575580662752183,0.813987860849908,-11.3462132307968,-12.2856013158212,2.59364115853053,1119.72614307303,982.102140413519,0
1.23,-0.985039550119691,-0.671817779541016,-0.11148319107257,17.0042772202901,-0.347826311114795,-0.978853373790319,0.261487469985207,16.6550094650685,-4.49999812544499,-1.82863437605235,1102.19159963688,966.98890182479,0
1.24,-0.837306853535745,-0.529207289218903,0.0234393486635148,14.8692032511045,-0.787537594595023,-0.0674563092320967,-0.827731537721309,0.905271962761386,15.2291351067421,-0.0929312392540607,1086.1669700643,978.047700216778,0
1.25,-0.656633799722244,-0.262576758861542,-0.0621850236070346,15.8737139333695,-0.714456067622162,0.576203530561391,-0.0118989453278404,-15.8778878829999,0.166347391154353,1.53807101343343,1074.05246082568,1013.75720424068,0
1.26,-0.192422471845736,0.0872682482004166,0.0660556032637288,17.706252830925,0.133508818732509,0.00898260428286646,0.262426461315352,-0.651212930483404,-17.6724065864628,3.10048090781786,1067.67267688422,1068.57553035877,0
1.27,0.00902492838321081,0.465586304664612,0.107109631384151,17.9253800300135,-1.81651684348183,0.0997186905965541,-0.0526806499000463,18.4260479431816,0.926592159840331,-1.64231353646393,1068.11164297249,1133.91925255636,0
1.28,0.397879731918492,0.81379222869873,-0.109231159261696,17.9165599913359,-0.783840576752081,0.0418819244171814,0.460483101455466,0.907557467066828,17.7527075470529,-0.0735991184670057,1075.25580226245,1199.66150854799,0
1.29,0.584046635666751,1.07871901988983,0.0362919984589919,19.4612522625211,1.02206471103779,-0.69381781575591,-0.0147910281547182,-19.4453387794625,0.828570814097474,1.56896287070501,1088.0561130599,1255.87462742536,0
1.3,0.89773100205469,1.22335052490234,0.0508628261441153,18.4445482485045,-0.315982997680901,0.137677990699479,-0.856191548276782,3.98068720803565,-17.5917841745974,-2.96352655928695,1104.41835148538,1294.50145828558,0
1.31,0.83552971015256,1.23100137710571,-0.133852373822749,17.756250869102,-0.0674966590104556,0.780797087038357,0.398123685967908,15.6452515041631,8.78804219410139,-1.08709083316032,1121.91972236607,1310.656848802,0
1.32,0.765779148808564,1.10729336738586,0.0644094147495257,19.0085312249308,0.284227182384717,-0.573422608237944,0.446748792154796,-15.3515169187849,11.5805490118365,0.915257370173447,1138.24993976661,1303.33284073083,0
1.33,0.42631201958881,0.879976630210876,0.0584193368278682,20.5495752848544,-1.54072520180182,-0.09138561791841,-0.467759034546534,-0.578936241694189,-20.5219402990596,3.02598637454694,1151.15871431302,1275.39424878583,0
1.34,0.170259568824387,0.590466976165771,0.10436132423681,19.835124995238,-0.178655501491882,0.171219379550962,0.10336629732524,17.4975514309519,9.16020155665838,-1.06915349544311,1159.19727211917,1232.88394194515,0
1.35,-0.0612883945603861,0.289272844791412,0.10451047726031,18.5297164853767,-1.06242799113039,0.0803151064853314,-0.0125515905584526,-17.4675008433988,6.50874024207107,1.15767282302339,1161.72886959879,1183.78441032484,0
1.36,-0.380943686580309,0.023984931409359,-0.0195021694944731,18.6679474874952,1.56385526834379,-0.0626087555858366,0.331216916749796,3.46182325335815,-17.9413010925095,-2.89981286934441,1159.02747288882,1136.48031349139,0
1.37,-0.557537591829923,-0.167907029390335,-0.110178653647396,18.1948592940894,1.56741398259759,-0.299290464101423,-0.438753449880525,10.601040683095,15.027775152507,-0.555919520030509,1152.05706409243,1098.2175390635,0
1.38,-0.6841798353456,-0.264591485261917,-0.136897043510332,18.6192067981128,2.42115483325936,0.636947479225592,-0.0439679812971156,-18.8438097913769,2.15213871275148,1.57219815584502,1142.55652324228,1073.84874160432,0
1.39,-0.751822216072622,-0.266295224428177,-0.0463350920832816,18.1800399978701,0.231911292744263,-0.285386878812708,0.554869121793698,8.18745212691097,-16.1566722500684,-2.65559324409103,1132.49903499868,1065.09496085034,0
1.4,-0.432927206574407,-0.188599318265915,-0.005645487926285,15.923345977612,1.40993599893854,-0.335699223507794,-0.384442856505626,11.0552167937418,12.0262345090164,-0.672202203073264,1123.27685883056,1070.44966400997,0
1.41,-0.42265309526421,-0.0608374327421188,0.0549201999470022,19.057903598332,-0.254292599563361,0.421009346119564,-0.127876548378844,-18.3842333228953,5.51425573740396,1.24973429693647,1115.89433752334,1085.72540434647,0
1.42,-0.320670253173073,0.0800864994525909,0.148854527519826,17.4221158564995,0.587142376788388,0.0160263690382149,0.260832432470754,-0.807157828056054,-17.2833496629453,3.12729774380164,1111.10121077525,1105.11847163766,0
1.43,-0.167608987165511,0.199010953307152,0.0701971890826199,17.2337001226868,0.352111730266876,-0.136278482564917,-0.0237001514214303,16.6324418260938,3.91280226704663,-1.30376888429847,1108.83313204939,1122.56730986831,0
1.44,-0.0177703479044289,0.269768297672272,-0.0660388669441298,16.2528310416931,-0.845834049158347,0.0189578709382549,-0.0454806902112088,-8.00190216297314,14.0544927027546,0.538424657705044,1108.26040920372,1133.12509175968,0
1.45,-0.00804829140434594,0.281046867370605,0.112846383457989,16.7055284951641,-1.43358628639869,0.0233000496125081,0.0464623197247495,-11.0427739678452,-12.6599743190491,2.37944598210328,1108.36562611865,1134.06618372881,0
1.46,-0.16057974863006,0.237418353557587,-0.127049431365108,16.6824826418234,-0.82047843543064,-0.0867880032850758,0.0423002690015298,15.0109130144997,-7.85843238858211,-2.06276406724528,1108.12114343009,1125.50034827754,0
1.47,-0.168643129439435,0.159744367003441,-0.0472379459280956,18.2798033329303,-2.57912437152628,0.0063356869702996,-0.20124031564205,1.53956682994558,18.0880782271873,-0.22775202572065,1106.65392523686,1110.36696913651,0
1.48,-0.313590908698752,0.0785860568284988,-0.0152050719187887,18.1533538116038,-0.417727910353747,0.280409734950301,0.0189116767823362,-18.2011847662619,-1.08766587871359,1.59144481353685,1103.71797738567,1093.80539707671,0
1.49,-0.393335907874961,0.029269240796566,-0.138009297579493,15.88143074076,1.54131660347999,-0.0421624988353829,0.281138475534362,2.56405886057292,-15.71556268373,-2.89879503076839,1099.5877655271,1082.02283695337,0
1.5,-0.217033141782296,0.0411679893732071,0.0122574482112626,16.0042231215195,-0.337263369573767,-0.233829424948622,-0.130145769537442,13.7845253535335,7.50194757207831,-1.13796714790166,1095.15322548701,1080.88378200721,0
1.51,-0.162948889223241,0.131740480661392,0.0340226767252972,17.1116442515687,1.1811005235534,0.0934953516880314,-0.184477331545385,-8.50436405180986,14.9015995117001,0.593186947988221,1091.75880429041,1094.50483339908,0
1.52,-0.00314496056109095,0.302539169788361,-0.0323651463907297,17.2292068292424,-1.89915149193163,0.0112151155262081,0.0484600593071682,-11.975656050917,-12.7471910473566,2.30731488118832,1090.78532361236,1124.14386227662,0
1.53,0.163153445323131,0.534955143928528,-0.101371407872078,16.7073986256709,-0.709296212476805,0.143462243139366,-0.133262508079159,13.7306483676332,-10.4490937188372,-2.25546888187526,1093.61096362173,1167.62129062356,0
1.54,0.366878813465399,0.794183731079102,-0.0458802140175935,19.8031566547545,-0.0366661048519223,0.201998477135486,0.349994581270396,8.96920884524125,17.638307030435,-0.497790679595223,1101.0075026256,1219.41293059658,0
1.55,0.719976528039676,1.03308188915253,-0.03137407446906,16.4183860774362,-1.29142613636059,-0.678686256546001,0.202228148700253,-16.508430273496,2.21339831594158,1.33098751711486,1113.07684808402,1271.42654168914,0
1.56,0.684476824757088,1.20254063606262,0.0654113235548432,18.435960969839,-0.417097948733494,0.209518341731152,-0.798305107721097,5.93580754181837,-18.2147935227392,-2.86613159310469,1128.72040257336,1314.3419337016,0
1.57,0.894187304455797,1.26050996780396,0.0263582627435391,17.3951301828769,-0.714719532816474,0.683743786452918,0.626323645474701,11.7615602281589,12.2277854510777,-0.811393164188485,1146.27955722611,1339.28216106106,0
1.58,0.696971550774641,1.17864489555359,-0.0618931256334728,19.458242972573,-4.04971242336224,-0.764517706802276,0.234098273286107,-19.818406899106,0.00357136979496175,1.37283655590118,1163.57094304631,1339.51270270958,0
1.59,0.562263521571021,0.950661540031433,0.0292672017735766,19.6233830911687,1.21038784923455,0.303564875233418,-0.478229854134109,9.10267659034414,-17.2822028122367,-2.60930501340474,1177.826142949,1311.85047740146,0
1.6,0.273771436964556,0.595743536949158,0.143773542458118,17.5005447723253,0.203459231118976,0.0437175187286177,0.253792701496238,4.47076017416674,16.6386268540978,-0.222902783058625,1186.48204268713,1257.50879380508,0
1.61,-0.218730500645749,0.155941367149353,-0.0242075078875219,19.4926692043476,-1.89692403378468,0.171077867712311,0.147303752613903,-15.0982454722911,-12.116058237792,2.20088618260896,1187.79720231029,1182.20050831876,0
1.62,-0.65114392492654,-0.308883726596832,0.0625706090279289,17.786593660919,1.81846504151636,-0.645461981443118,0.106869756710976,17.2196227828585,-3.6217231435924,-1.6796822345058,1180.5894829798,1095.45263119262,0
1.63,-1.04478599958744,-0.730341374874115,-0.046851657254166,16.9949751470614,-0.385131023255237,0.642058289825504,-0.851737315246036,-10.5121943573358,13.5034785573566,0.640301471199369,1165.3655627201,1009.22762071191,0
1.64,-1.39303910365435,-1.04485952854156,-0.0759321042729533,16.1457609017401,1.16598550942593,0.449668388741497,1.29270513261563,-6.15380524709113,-15.3240071864179,2.82259368166821,1143.57303269096,936.073618637661,0
1.65,-1.57637169648033,-1.19945001602173,0.000361210976514665,18.0448166180305,-1.39179695840606,-1.53840718112052,-0.192642717255584,17.6367249061985,2.83854525223391,-1.45574177544892,1117.44172476824,887.114452428841,0
1.66,-1.51865098218206,-1.16336715221405,-0.0408939235752937,18.5194484321598,2.74811263434418,0.486554435643882,-1.45040102106451,-4.42180301914972,18.1867545953289,0.353080567294114,1090.40512348233,870.223824816609,0
1.67,-1.21828051234245,-0.93499755859375,-0.0235545748933698,15.1565318132143,3.48566591501564,1.1537756144818,0.411199576450468,-14.9119594366939,-2.47182548160249,1.9727355078025,1066.28085698681,888.700197948353,0
1.68,-1.00457777367322,-0.542291224002838,-0.0866004614238469,17.2797090127515,2.60839338512587,-0.210316556057355,0.852185947015634,2.81165798906533,-16.9342023900682,-2.84763934233888,1048.11368513322,940.674169198686,0
1.69,-0.180550911320343,-0.036109134554863,-0.0548418676836271,14.6984010497641,-0.831189114386268,-0.322295219454458,-0.0320114596105094,14.6224333848679,1.5155986098132,-1.48888816216869,1038.34776886134,1019.35374024886,0
1.7,0.15605519569208,0.513986945152283,0.175626039981037,16.0229920642172,-0.763606540709885,0.0501767226341644,0.199774964715462,1.78274654741006,15.6679406334525,-0.166151985631755,1038.45077432716,1114.06754264641,0
1.71,0.626163481405938,1.03342926502228,-0.0564984078582603,16.970350467582,-0.64208410593286,-0.644213150782334,0.263075238578214,-16.1189970784012,6.00314357215212,1.19372600637394,1048.42265271223,1211.92799471947,0
1.72,1.14030488570939,1.45266675949097,-0.133778872735516,17.8110858453236,-1.25844579935263,-0.545939558391316,-0.95100254800638,-6.5960218509561,-17.0512104315348,2.65901018602444,1066.91040015752,1299.8303538586,0
1.73,1.44008256895368,1.71767711639404,-0.0582422381366654,17.4534203701616,-1.4403590328423,1.242686008285,-0.587557392191382,16.2529513153659,-6.49531491729186,-1.99915023088371,1091.44151754312,1366.44859978089,0
1.74,1.41457425798315,1.79802656173706,0.0285367185049607,18.9577899334824,-2.72076317035845,0.309427942076211,1.39561730195093,0.860582142514624,18.9548594744123,-0.181015893656488,1118.95448367117,1403.89456855198,0
1.75,1.34132962272581,1.69037449359894,0.183609003122656,21.6353981664363,-0.676250701126161,-1.16505835230997,-0.503316891491846,-19.1162884077605,-9.66119478862316,1.99403655045138,1146.11762088159,1408.77119966592,0
1.76,1.12485923023853,1.41812062263489,0.0794145892495081,19.2034529787221,0.0275499492905614,0.906467122984271,-0.517417345667596,16.7757816498608,-9.03415399399525,-2.08266080208268,1169.39578519675,1382.46186749003,0
1.77,0.645390399116043,1.02878081798553,0.111328247889751,19.144097492414,-0.141262128334629,-0.174705728549086,0.627634977317499,-5.15640390112629,18.4923296047966,0.272418046631563,1186.25553694368,1330.63484623567,0
1.78,0.213683566236555,0.581305623054504,-0.128093541257372,21.7160024555369,-0.704363235339758,-0.0825332675001232,-0.138752277508363,-7.84993939090658,-19.9143189321594,2.72320934975371,1195.32555473867,1262.07977770418,0
1.79,-0.218954241493909,0.137511909008026,-0.0788062102250155,18.3609641391132,0.647918650043674,-0.200807356799728,-0.0974351926133881,16.358402806883,8.3561748622789,-1.07332306317301,1196.05883870799,1187.10651214255,0
1.8,-0.645185000949866,-0.246629998087883,-0.110244097913613,18.0933662308812,1.15229239142434,0.594350982875827,-0.124454190759474,-17.9259050217274,4.05497832084151,1.39048193658019,1189.33530283315,1115.80561300586,0
1.81,-0.861169866005375,-0.530716717243195,0.103967354583245,20.0281479201773,-0.561785737441157,-0.570553656767377,0.730830464049609,12.9094184813391,-15.5170929939815,-2.5017137622639,1176.52628187061,1056.48240481854,0
1.82,-1.05624461359544,-0.691011667251587,0.0297535667157481,16.3536649179779,-0.793068007408755,-0.215252175520831,-0.990054190261001,3.20032077347483,16.1463380639372,-0.220371280595712,1159.67855069963,1014.5315571607,0
1.83,-1.10664749124081,-0.72791051864624,-0.0692039370101424,18.1746620570931,1.4621512687643,1.01940554116739,0.349231434538872,-17.2148495468228,-4.81992049315576,1.93069552607018,1141.33679903344,991.926406389805,0
1.84,-0.996360710365921,-0.661152064800262,-0.0670711269779141,17.3685179784621,1.52839976620162,-0.713495199556578,0.711150622179018,12.1024210316861,-12.8877927657175,-2.33589962754646,1123.49211449035,987.374898992162,0
1.85,-0.948234095080833,-0.520033061504364,0.0190725520646535,17.9607686941766,1.21331196253772,-0.387777030535132,-0.781564539726175,8.36116269942605,15.9246070144441,-0.44398489175449,1107.60862451215,997.06584464461,0
1.86,-0.684512958196374,-0.339823722839355,-0.00373225031643327,16.8538891511478,0.83725639232257,0.648600718060445,-0.17749939460489,-16.2443171138711,5.04501774142803,1.34280099715338,1094.78595913794,1015.81950489605,0
1.87,-0.528863325409673,-0.154143288731575,0.090101184237867,16.3474438803584,0.623983898514926,0.0538602721041826,0.468875032097428,-1.95463151420409,-16.134841437676,3.04910541790508,1085.53606276923,1038.38597110538,0
1.88,-0.122185441423997,0.0129318311810493,-0.0619729977915145,14.8562013619934,-0.629116623991395,-0.277459586915899,-0.00920128495611922,14.8839721894377,0.487798968732857,-1.58352154516686,1079.50592031486,1060.61614191131,0
1.89,-0.315239394336705,0.148822993040085,0.00510898043492718,16.6636208181345,-0.103351723985019,0.0173236796202075,-0.185746600661121,-1.14981848780388,17.0899365412119,0.0335234628319298,1076.34665630542,1080.26613886431,0
1.9,-0.0716753263988051,0.256701081991196,-0.0238934536970686,16.2291166169822,1.1498820294864,0.0583655646108235,-0.00511247712825306,-16.095253687391,-0.593784173126696,1.63509653901515,1075.24217352315,1097.27889347311,0
1.91,0.123664190873701,0.347726434469223,-0.0427774591293268,16.4156629534605,-1.29461073819822,-0.0169782705686414,-0.037152822829416,2.49624961339438,-15.8240521120518,-3.04781808902535,1075.96987298689,1113.49960063066,0
1.92,0.137105911139253,0.440030246973038,-0.0301749476002756,16.7494305449052,0.885451159663512,0.105722969287748,0.0217590496021064,16.8904647429661,1.89337267806399,-1.435878496007,1078.40183032984,1131.90223100599,0
1.93,0.259989066103989,0.550610184669495,-0.0887018117756588,17.1548334311893,-0.906217712183608,-0.0255327769497935,0.209838521098431,-4.24536782898264,16.8640951019588,0.200431616853768,1082.67273323008,1155.50841264036,0
1.94,0.246028108147334,0.689405560493469,0.0144645975270923,18.59977639911,-0.467902396421394,-0.299923892899245,-0.143548722151444,-16.2212798055677,-8.31478277146801,2.03069592716202,1089.23388892385,1186.24703569091,0
1.95,0.334169735493907,0.854036331176758,0.068129508215531,18.7323324536696,0.401139446907935,0.30703577435127,-0.382486929820446,9.78566619653544,-15.8668459797703,-2.51907338655717,1098.57781700918,1224.01942267895,0
1.96,0.805444428560078,1.02909111976624,-0.0513122454600635,16.9058277920002,-2.12748829329944,0.486322167944836,0.512919496879162,9.32432318901874,13.7965378484522,-0.706106733522439,1110.94661422049,1266.19718717452,0
1.97,0.821717060414751,1.18610596656799,0.0518415309837203,16.1826514069411,-1.98308949891563,-0.79978516369876,0.332628137958911,-15.8289759810906,4.52633219144111,1.20911308123135,1126.36082510554,1307.69489528956,0
1.98,0.991662326273158,1.28979933261871,-0.00953428475683023,19.6859685335266,-2.79724621065685,0.0568425175447858,-0.901253473074861,3.9151520364611,-19.4655910466405,-3.03624862931883,1144.13839196825,1341.6435603301,0
1.99,0.930269626241064,1.30387139320374,0.175837703529485,20.8416711990104,-1.9835542073104,0.714802944424672,0.557068116823102,14.1033876881424,14.7770041780094,-0.863257599709705,1163.00674553561,1360.5662918502,0
2,0.936467516546551,1.19882166385651,-0.00420352157705886,19.8354745494436,0.518051212896651,-0.803774258366575,0.089727099512901,-19.6732517435989,3.07810403343524,1.44522383862624,1180.82554525758,1357.84850751164,0
2.01,0.614731526998148,0.963152766227722,-0.0992846476860808,18.2166157449601,-1.54637660125382,0.388206598988039,-0.468612976715588,13.0022312879899,-12.7253660989306,-2.40983305461981,1195.26191922503,1329.22372317922,0
2.02,0.174688625227235,0.602343261241913,0.182229095401532,19.8020349839175,-0.135836427988519,-0.0122233539912752,0.211357504875916,-2.62446854318496,19.7800556316531,0.105479676548549,1204.21646853573,1273.97690084952,0
2.03,-0.231490770906125,0.147172525525093,-0.0799151646380805,19.1760359947872,2.61006363950498,0.140452407754325,0.187363220854957,-10.5931620346626,-16.2628913430437,2.65908204868674,1205.36532746669,1195.60569353351,0
2.04,-0.719799864219082,-0.353752434253693,0.0403204793208681,19.3364080086189,-1.6799869010599,-0.628431678946545,-0.360197356542322,16.0642342207922,10.0903721850816,-1.0938910488863,1197.80251852151,1101.76984128492,0
2.05,-1.19515812207897,-0.836103498935699,-0.0178260889505508,20.2486590605412,1.77365398974485,1.18300237141356,-0.311739380376083,-18.8136690953988,6.29021115787299,1.34681064926451,1180.95938497036,1003.48469481614,0
2.06,-1.57962357991879,-1.22848558425903,-0.162308685790288,17.6329733124364,3.17318607779421,-0.679513258414764,1.41370231042402,5.18368362203096,-16.8959514029798,-2.64850551129162,1156.26199796323,913.65356338955,0
2.07,-1.74137303131786,-1.47205567359924,-0.0717573525399412,15.6139358407215,0.0507943712684661,-0.951247921975783,-1.4909428586567,8.38905648786728,12.7275594635836,-0.563799463494946,1126.2072209101,845.159633929843,0
2.08,-1.86074406130936,-1.51901757717133,-0.0697453380342568,16.771623520043,1.4670666638235,1.75955857675814,-0.541699858993109,-15.4562822263117,5.97459904220959,1.28829879472983,1093.61905253261,808.827837430672,0
2.09,-1.76094012079404,-1.34651398658752,-0.0765603244990527,16.9799292748315,-0.105169795752298,0.411690324487665,1.63813332482259,-4.765356766167,-16.8997462667053,2.90360179594141,1062.28122439024,811.602870148278,0
2.1,-1.3896246139954,-0.963393568992615,0.027807445438165,17.2298096164018,3.1000206307848,-1.17406507185299,0.552615883750948,14.8420618655876,-8.76745458830047,-1.9761598672291,1036.31129656125,855.263912863358,0
2.11,-0.764239209938163,-0.410789757966995,0.00512389163357095,18.5392103268978,-0.800859671862486,-0.499771359535762,-0.5803616022858,11.5307521408324,14.0710883681795,-0.731665129356647,1019.34931619698,935.912939652263,0
2.12,-0.106443713612788,0.246447086334229,-0.0132812566968216,18.1057018912421,0.308813898866737,0.0412565092113735,-0.106864202493097,-7.36385620376523,16.9406513126932,0.429214638653765,1013.73709013738,1044.34603892963,0
2.13,0.520261723848435,0.926051259040833,-0.0637916668682058,16.751876458817,-1.22001847981348,-0.587268039749332,-0.0679198039310866,-16.6373563794749,-4.85177046675292,1.74905059535767,1020.48410639597,1167.26819580629,0
2.14,1.25176669901259,1.54057395458221,0.243988059514462,19.4326520072853,-2.03359858109357,-0.195787071103812,-1.15310693317372,-0.588303274997064,-19.1094436549332,3.00787537694349,1039.09865564426,1289.16791916233,0
2.15,1.6303235669054,2.01047420501709,0.0467592563283514,19.4824354627327,-1.868309749593,1.55304145992905,-0.48015636508785,19.5900534465858,-3.14115436697742,-1.84276310784495,1067.49506038614,1394.55464051758,0
2.16,1.94556982353484,2.27367949485779,0.15930716798505,20.7777378897597,-1.09750724965561,0.34392117859792,1.83878292559867,2.83140819085472,20.4137926387771,-0.176037491640668,1102.48889786608,1470.19925723132,0
2.17,1.95008986214538,2.29837489128113,-0.0298655284164462,18.3696695266107,-4.40018626175107,-1.92987731261818,-0.295501922471675,-16.863558262131,-6.63518224820366,1.75802352292559,1139.71309106478,1507.01771202693,0
2.18,1.73662389286692,2.08709740638733,0.0978942713448693,20.3087266475312,-0.269940229095755,1.22507829769514,-1.17489923314993,15.2128890230873,-12.9210302009898,-2.32290983842009,1174.73852460635,1501.29910756023,0
2.19,1.16139243754615,1.67081832885742,-0.0965684524953799,21.4766213609121,-3.11960551531284,-0.0915333603824713,1.24969994157705,-5.19002200858497,20.9348835302488,0.117308663787879,1203.96662082262,1455.09241346347,0
2.2,0.852449800632241,1.10654771327972,0.0771779885727806,19.4775100915031,-0.29104976113507,-0.300805183150086,-0.654346170825413,-6.85071694639256,-18.5866599356536,2.7383983682542,1223.71469746153,1375.7091062983,0
2.21,0.170896016390441,0.472007989883423,-0.137686455538307,17.8478529106861,-1.36661805098064,0.109787926938009,0.060936643155667,12.1129008289028,13.3485442408216,-0.819605800452782,1232.20786129092,1274.4474885414,0
2.22,-0.451426052722682,-0.152567207813263,-0.203376227124889,18.3335281397058,0.578883118714427,0.486796165895943,0.150682258503658,-17.5883783128402,-5.11720377179746,1.92465078531842,1228.88796391339,1164.77167556537,0
2.23,-1.0610364325775,-0.692749500274658,-0.0527505220230951,18.0008084073275,-0.666283384190404,-1.04284254773466,0.106807071434261,18.166340644296,-1.63782281355501,-1.67792967316027,1215.19712098243,1060.26214175071,0
2.24,-1.49111288398942,-1.09233796596527,-0.120005123395067,19.3379377481027,2.10288981865057,1.10039832470173,-0.97588423096093,-13.6941000836598,13.7973212230076,0.868968433646489,1192.89721325799,972.681215348011,0
2.25,-1.69993882548728,-1.31310737133026,-0.0982624916521335,17.8678014341478,4.46422013508723,-0.074060286251136,1.66343059842082,-1.95682257595846,-18.2283388756896,-3.05286985355154,1164.95029770676,910.462543042822,0
2.26,-1.59413675638558,-1.34914600849152,0.0212981582311701,17.0257905431317,2.29421886734203,-1.35545380675425,-1.00352547890921,15.0391898377408,8.86473695599826,-0.90502559878529,1135.22876266353,877.845955931218,0
2.27,-1.45383723027519,-1.21940016746521,0.152315624889986,15.1310930028052,2.20320233933292,1.27499681445396,-0.815721527348103,-12.0168435971843,9.42074651017493,1.02656953969509,1106.74443996741,874.75556866945,0
2.28,-1.24976346083893,-0.957259774208069,0.0014154430108775,17.5584154408735,-0.584458660558484,0.469349986151456,1.21369749276245,-5.84527541831075,-16.6942107167662,2.76125662390681,1081.91717661561,897.382802854917,0
2.29,-0.911386330505802,-0.610578298568726,-0.095817671526156,18.050474404931,-0.219787342089013,-0.899733774246286,0.359730386026399,17.0644112964754,-6.87366322527372,-1.94852365846417,1062.91200410968,939.312641222035,0
2.3,-0.515946081776273,-0.229632079601288,0.0483384597255755,17.9346876647933,1.67378157996603,-0.30343044926167,-0.491744806903494,9.94490660214678,14.9051638594053,-0.489181301528831,1050.71238536528,992.943186967274,0
2.31,-0.209995594970769,0.140410155057907,-0.0550145846199707,17.9057108983184,1.78176838891504,0.148807094968272,-0.162571463768801,-13.3802162850414,12.7113747798277,0.906995384288508,1045.59406588374,1050.91087992764,0
2.32,0.0706249861507883,0.467526257038116,0.00194434641197444,17.6360065294537,-0.366836691253319,-0.0905543370089552,-0.108178614153736,-10.7767554342647,-12.8967837611515,2.44378010431851,1046.76697459258,1107.25205119647,0
2.33,0.392606335783483,0.732398986816406,-0.005487786796622,16.5436303352946,1.58767563616867,0.30259337656846,-0.287160427296507,9.16825269110311,-13.6870124041617,-2.42820265314505,1053.39234311958,1158.1007047368,0
2.34,0.617439646688286,0.93193781375885,0.0259891683296305,16.1492821594454,0.293686842687692,0.505213467805141,0.352533094926823,13.1059776912068,9.67036018673835,-0.952554508202822,1064.11670341742,1201.82773191918,0
2.35,0.727127642220488,1.07272684574127,-0.0334479202427066,17.813827129244,1.09811325109975,-0.428307185948196,0.597813894423059,-9.73472536649448,14.3763064402564,0.613376457478338,1077.86639844297,1238.64676599976,0
2.36,0.867600575790248,1.16854631900787,-0.00176813796138301,16.8496271221255,-0.542200396903024,-0.646031766391633,-0.537209249531834,-12.1370605729846,-11.8311137248284,2.28770431932536,1093.54685603789,1269.82265346486,0
2.37,0.915732147555337,1.23027348518372,0.060868488089762,18.4479629050086,-0.898858549500357,0.698722719508155,-0.519405242802827,15.1568357255729,-10.582512371571,-2.20030317101698,1110.63305251869,1296.69827030115,0
2.38,0.863324832849702,1.26531100273132,0.00934044773543306,19.4816587886348,-2.87513048405775,0.312823456778568,0.843051704103262,1.81416770738704,19.1778272276934,-0.276234149669262,1128.59852882229,1319.78866499552,0
2.39,0.825428716334273,1.27202296257019,0.0732418354509033,18.257767264107,0.0303292246249536,-0.891093816788348,-0.177748812636398,-18.1458606656083,-4.45522387893916,1.78041351413873,1146.87112271389,1338.1720513777,0
2.4,0.827034220813136,1.23906862735748,0.110754001588548,16.9911684162035,-0.235401356718981,0.647940770548836,-0.62340074708014,13.6125498959609,-11.0712421870333,-2.31326906794819,1164.75387286756,1349.33922010038,0
2.41,0.767291382849174,1.15178990364075,0.076858737398537,17.3337835865668,-1.29638448481641,0.0344528725550648,0.819178658941257,-1.87133223181414,17.1394940121604,0.00348732979222017,1181.40161229216,1349.56029851002,0
2.42,0.557285845944345,0.991957068443298,-0.0133743767877312,20.5294358508222,-2.20910270260697,-0.416368789556237,-0.418011496851111,-11.7173973954343,-17.2100410155634,2.43506730085016,1195.80785664656,1334.71118706089,0
2.43,0.345151310297118,0.74688857793808,0.0122508286182184,18.4965191362329,-1.94668649366764,0.384612086233608,0.0639964875256873,17.4817309559669,6.04892999716378,-1.3242873003952,1206.30649268021,1301.39505299039,0
2.44,0.0287305497722659,0.41593000292778,-0.050959454950606,18.5506029517094,0.784744421171532,-0.0463451098483761,0.008072781295069,-17.9538240455965,6.18325351031376,1.25775880034764,1211.4375924313,1248.11889427417,0
2.45,-0.352188517752949,0.0134802609682083,-0.0143372131669187,19.3605687586958,2.33044103251477,-0.199888643113463,0.309649895188717,10.8243895754862,-16.3445496314452,-2.4302442412712,1209.68126105295,1176.25735266895,0
2.46,-0.786090134523768,-0.428228884935379,-0.0563430493327471,18.2688608526933,-1.08880127301761,0.104282347704541,-0.77514947830989,-2.67482096456643,18.0245428512696,0.12431920212198,1200.23487671544,1090.56247830459,0
2.47,-1.18036744076695,-0.864798247814178,-0.08288660688481,19.002005241402,-1.21585331631557,0.64219935499398,1.05610852617582,-9.33383412209713,-16.6710542612296,2.57997181920535,1182.84371250171,999.055297622237,0
2.48,-1.6958939866156,-1.23706042766571,-0.0790525558796101,18.8685921971759,1.74094170857044,-1.59472939880895,-0.236096801465491,19.2437391577473,1.74197294912958,-1.40395866427069,1157.65564126675,912.249107130491,0
2.49,-1.88797439310204,-1.48639273643494,0.0180686915471494,17.2896224846027,3.26579592976574,1.11232617570732,-1.44215830239386,-8.68605424518225,15.1674693120484,0.690823834187564,1127.22469059112,841.784228122398,0
2.5,-1.87355200219495,-1.56622898578644,0.0333485070496139,14.5061190964153,1.44380493188791,1.04738639424462,1.51419107430498,-8.93925850445015,-11.1872651095909,2.55024421133165,1094.13927120184,798.674806366685,0
2.51,0.0316627096799426,0.331540882587433,0.0441555201859297,16.299847570846,-1.10489387459867,0.00408613086370335,-0.0387795699249397,16.160931869037,-3.06770596744513,-1.86687066576781,1090.63608836518,1123.61502987263,0
2.52,0.107657218623356,0.459261626005173,0.163720530351892,17.0798277089136,-0.0157116874497407,0.0323879143145737,0.128366368635354,1.86192193981597,16.825105086749,-0.147379646220494,1093.16752677984,1147.32718693963,0
2.53,0.215848162963387,0.541990041732788,-0.00549523621432989,17.8288594931622,-3.25091497430233,-0.193194792155755,0.0552483611936092,-17.9723363088966,-3.49488737837566,1.59800630410037,1097.59483512111,1165.03674125015,0
2.54,0.273491149468607,0.582718551158905,-0.0913623404086857,16.7528106867116,-0.278251460736414,0.0629087458169726,-0.242096159495274,3.895970421381,-16.7288184307638,-2.90318222454009,1103.02213365959,1176.7444387129,0
2.55,0.279905577375855,0.598118484020233,-0.0470030324052368,18.3678605839914,-1.21305001980815,0.235465147301213,0.0971141180921119,15.0641506764525,9.53798767559976,-1.07928407078547,1108.95941312961,1184.98122633934,0
2.56,0.291872650452864,0.612476587295532,0.0405141098297576,17.5269590497237,-0.189175018262193,-0.180788950043177,0.194604781492971,-13.069747265224,12.2475151921596,0.78838425791962,1114.98370274989,1193.5341339804,0
2.57,0.247739662741997,0.644522547721863,-0.127610355234531,18.754247816319,-2.08221562360998,-0.160845050094853,-0.235924631687072,-5.94340276125895,-17.8498665841863,2.70157846774452,1121.40484237162,1205.73130547064,0
2.58,0.265564443605049,0.700877368450165,0.155167963778595,19.0566436374161,-2.19878002822438,0.325779410106978,-0.0492571171293674,19.2686347921131,0.727341606998076,-1.61841793360154,1128.71572028759,1222.90893075174,0
2.59,0.265777661737557,0.772670209407806,0.00525833316540035,18.9896534254034,-1.44515679112792,-0.134692241438771,0.381963922274801,-8.64562970607308,16.9502588385111,0.402563802440987,1137.21390000296,1243.61789445711,0
2.6,0.451668986734591,0.837157249450684,-0.0140208299494399,18.0482860318047,-0.194054568073011,-0.295020961912772,-0.396093656272293,-10.9534716256687,-13.9398786438985,2.490447194643,1146.95617942869,1263.86663507043,0
2.61,0.566887668183012,0.865589618682861,0.0410476568345444,19.4823454356437,-1.33846434688784,0.488831469621916,-0.061630336730089,19.325075430566,0.479370856340603,-1.62954504989942,1157.59867915962,1278.33056674466,0
2.62,0.480962436209444,0.834851264953613,-0.0440283201262058,19.1524788563602,-0.828698022251519,-0.255192262724218,0.380586473281055,-11.5055257629784,15.630857591956,0.611941962164303,1168.12226697229,1282.11574906138,0
2.63,0.437921618283542,0.733482182025909,0.0657759301151396,18.5158945949004,1.15225983078499,-0.0560760491194997,-0.374624944834201,-5.125818151133,-17.6591088794777,2.92631468876817,1177.33722292691,1272.46543410962,0
2.64,0.236054601905685,0.568676352500916,-0.0550100268425486,17.6710514758389,-0.13230153814229,0.200792158650522,0.125364631309403,14.1080078405401,9.80312641218116,-0.983498793349065,1183.99435528557,1249.81261079545,0
2.65,-0.0532858837434559,0.366423726081848,-0.093219061940059,20.0507377719967,-0.473011739558769,0.0145375569337842,0.00825118359235895,-19.4234943792888,2.33242688157517,1.42638758770133,1187.21263336314,1217.80495687377,0
2.66,-0.204676831180704,0.1618832051754,-0.0537300316420107,20.2814078371648,0.427022559481713,-0.133902577705929,0.173296738530595,12.3521586357578,-15.239085448113,-2.43772914698123,1186.48986819698,1182.28291290083,0
2.67,-0.409368282893818,-0.00923548638820648,-0.0890111814951793,19.3003402872301,-1.32289683328376,-0.0207689842996588,-0.378937743469171,1.0122860634768,19.0677438658914,-0.0365137904990007,1182.40608768703,1149.55327311588,0
2.68,-0.517285037413561,-0.123343780636787,-0.0123864257694303,18.9039193358458,-1.76008651707255,0.340369741056556,0.364861656155136,-12.9482711164905,-14.4219812683945,2.32461939932653,1175.80618134027,1124.54349196167,0
2.69,-0.578612797651098,-0.171512648463249,-0.111215643874263,19.1281876293322,2.13184829401303,-0.533916318392961,0.0978341383120047,18.7396155451556,-4.17141877565033,-1.65206683471157,1167.67029906679,1109.46110815127,0
2.7,-0.464958311777271,-0.163068160414696,-0.0528314047191768,17.2906118854696,2.38781416517721,0.311865138416648,-0.397916335103129,-10.4814309728296,14.3211166714575,0.748688599876789,1159.4229346892,1103.40472275714,0
2.71,-0.51818115289384,-0.122780919075012,0.0109789871503424,17.8448319171565,-1.50437669127425,0.0634601179275224,0.457478033006044,-2.02777012874735,-17.4470772607828,2.93579483792027,1151.76342951757,1103.04015869805,0
2.72,-0.518857345616263,-0.0766071528196335,0.0659680583875822,19.2597253198907,-1.84878690508901,-0.429320933421876,-0.183885088054914,18.4362128716293,8.06090546490382,-1.21403981048267,1144.8199885283,1104.08418863315,0
2.73,-0.341013231506096,-0.0454593896865845,-0.0125995262460511,17.3789524667193,1.00637708862503,0.274836173278983,-0.251018649399646,-12.5003862967828,11.4250160986959,0.871898277850379,1138.67764814763,1103.05832532989,0
2.74,-0.40731449019778,-0.0360685437917709,-0.00383760833779604,17.2231503100745,-0.0974253916107182,0.0762955431292256,0.361284926812912,-3.50072070901059,-16.9025641271148,2.9150584056002,1133.01976436964,1098.68437581291,0
2.75,-0.43392869245351,-0.0395728498697281,-0.117174115435213,16.482994976879,1.09733917289269,-0.356779906051967,-0.0527161095027262,16.4897529468002,2.37015608082751,-1.36640654354147,1127.38982440826,1092.42330968338,0
2.76,-0.26727022903609,-0.0352071970701218,0.0970692315659237,17.67167509416,-0.67809903247237,0.221560464080963,-0.301941822683444,-10.4276393313385,14.1436657130891,0.593584224646167,1121.72600557476,1087.96379298043,0
2.77,-0.371209354448271,0.00193499028682709,-0.161756717731348,18.1399870751679,-1.12568612736194,0.190670513489411,0.279085404884684,-9.9351281013456,-14.5347979928922,2.51262786160616,1116.34632174038,1089.83956870661,0
2.78,-0.228249751478602,0.0891810581088066,-0.0795249290585926,18.1183013432323,1.8996162758098,-0.232089454695259,0.110426726296465,16.4412088551466,-7.0448011425771,-1.88679163541623,1112.18616790031,1101.66498741222,0
2.79,-0.0957034879855097,0.229703634977341,0.0731396151832386,18.1254240462206,-0.573129733294147,0.0132466137884864,-0.117020310399875,-0.382853576316315,17.9473480003597,-0.0259763416852629,1110.21882612429,1124.61660761292,0
2.8,0.125170503033052,0.408118426799774,-0.0729388276502983,16.5695378518843,-0.818989363503172,-0.0915947880990825,-0.00538513574341636,-15.7355606092829,-5.13928188065405,1.83092378445722,1111.26293273579,1156.70711250811,0
2.81,0.212760427667657,0.595761299133301,-0.104943477376804,18.2827165134172,-1.39257902612819,0.109297608998387,-0.217975474941758,10.8269184514909,-14.7763411704256,-2.57524655685691,1115.67024499437,1193.12413940153,0
2.82,0.513428254903869,0.757749795913696,0.0321288210002736,19.5360546302222,-2.41426144979045,0.275481700053118,0.27054656382248,9.69510499192774,17.0049289648639,-0.65425728396375,1123.22430615663,1227.53651202327,0
2.83,0.562010435466072,0.861167669296265,0.0920617598910582,17.2664620972851,-1.23257971017452,-0.50430429165753,0.148700526758768,-17.2338035440029,2.87727504987616,1.33196345051022,1133.31390360447,1253.93313015353,0
2.84,0.542560845459037,0.88936460018158,-0.0254479332062272,17.4599985997146,-1.16501316979931,0.115698985983187,-0.553736231677257,5.59941980052483,-15.9488818166822,-2.88646623714819,1144.41378738514,1268.37330689339,0
2.85,0.458200546723236,0.844133794307709,-0.0561100872718266,18.6304392821304,0.430544361884915,0.323461619479985,0.360346862239017,12.7494277422625,13.5824574601317,-0.740510089702812,1155.22883302342,1270.05688893775,0
2.86,0.319124219319505,0.744110941886902,-0.0550356441135259,19.7386028072015,-0.452806747091312,-0.355148331425519,0.0521295432960399,-19.9231283620449,0.855789796111865,1.48031299502884,1164.64534907047,1261.35780139311,0
2.87,0.273454570067916,0.618955790996552,0.134718019011523,18.5520948345786,0.262296340017649,0.155906754198112,-0.209522563470341,10.6048920447046,-15.1949320018769,-2.5207701264639,1171.9070228331,1246.82357243603,0
2.88,0.0967825373344222,0.499796509742737,0.014996636190759,18.6480142427128,0.549162276508706,0.0145961312824128,0.141253603999201,4.2060863599368,18.0867290085011,-0.193994234871763,1176.84261212803,1231.50058343306,0
2.89,0.07613875068784,0.407985717058182,0.201509016871795,19.2955800990219,-2.32367737554779,-0.0482296225345862,0.00801868648702554,-13.0688913632871,-14.6523517026546,2.31608360217514,1179.83746820862,1219.17557711092,0
2.9,-0.00510271577315938,0.349143922328949,0.00682390998363904,19.620514696809,1.78576166299214,-0.0355897314955488,0.0216798607143331,19.877544598078,-1.47723039825786,-1.59526460892858,1181.43987886919,1211.14790901154,0
2.91,-0.0164218782715227,0.313552618026733,0.0369250966867682,18.078351135304,0.258784010868533,0.0366658559238034,-0.0264291397241713,-13.3916412963807,12.850899069107,0.785280964694588,1182.24861903584,1205.95608129352,0
2.92,-0.0822338387440517,0.279563367366791,0.153805554989251,19.5965582216157,-2.46008547105982,-0.0450131331457288,0.0950504557227146,2.64460152594461,-19.3760967383644,-3.11356641851772,1182.5190702382,1200.14335743929,0
2.93,-0.147255273327198,0.225246876478195,0.00191643902258064,19.9989924384078,0.102967265799046,-0.115365607403628,-0.122986402557085,13.6723234381348,15.0665391267973,-0.72993570567732,1181.96985579823,1189.77950332884,0
2.94,-0.219753198849453,0.137836322188377,0.0161577054764343,18.5397704253558,-0.690895344517575,0.2194563777389,0.0302023809341084,-18.4973347582134,-2.10802826946041,1.64516258749325,1180.07605278434,1172.18782606038,0
2.95,-0.335146159778531,0.0171913802623749,-0.0241966423404668,16.8902172332812,0.00228968962895789,-0.241891050956622,0.207760298201073,13.2427478865333,-11.3820081652441,-2.28341350089509,1176.31152973225,1147.25258677876,0
2.96,-0.515216546453725,-0.118703931570053,0.0416622081087806,18.7923579143627,-1.07583109076432,0.0336170686512855,-0.480365032186604,-1.53867182896814,18.7467051646393,0.0346579795427078,1170.07412354093,1117.82759779637,0
2.97,-0.547072189977831,-0.239572256803513,-0.210829163080898,18.3630273378842,2.65311988814809,0.472558036603079,0.355203563692775,-15.1360364995542,-10.283655017445,2.29839920135287,1161.47437028615,1089.0814578144,0
2.98,-0.665340282337594,-0.314684003591537,-0.00473032170761385,16.7167598198906,0.358153426679163,-0.622369048785187,0.153856789574422,16.4216728737594,-4.37395580926339,-1.79082746908787,1151.18795372553,1066.98835126982,0
2.99,-0.692136535749265,-0.321366667747498,0.0206412704490251,17.9249267515729,-1.53758263064011,0.24599735258849,-0.617675871829313,-7.39912285311553,16.2861682717756,0.324391513138694,1140.31511599201,1056.47490478156,0
3,-0.625703834078282,-0.250663340091705,0.127776235003026,17.7809980896305,0.403134737122704,0.428151740907956,0.407736814568206,-13.0143140156681,-12.0065842564266,2.36119609011409,1130.00206297585,1059.85760519685,0
3.01,-0.454890816480748,-0.113523572683334,0.0771158661334066,17.0716619334172,1.40124341296695,-0.40569844018764,0.202473005938534,15.6687321206096,-8.19945722527497,-1.95362673731914,1121.68776058116,1076.10814006866,0
3.02,-0.309028438169519,0.0611228048801422,-0.105609979549622,16.1350881283346,1.38798387174705,-0.0460147797831967,-0.24619308853358,2.40473290670478,16.0424854124257,-0.0355019503504161,1116.43945603733,1101.19943761964,0
3.03,-0.0853825665097114,0.23830235004425,-0.182337544608151,17.3391184562839,0.442259249146395,0.0992605083883096,0.0121474304685945,-17.0510109817849,-4.14783911147173,1.85599343588285,1114.47251159264,1129.41241137242,0
3.04,0.0616409378422246,0.386779069900513,-0.00840647813601248,16.4329865886773,-0.0269413907833197,0.0369528763795711,-0.0644244074640008,9.47407112675984,-13.2928078320011,-2.53923789935258,1115.46073884252,1155.15254222137,0
3.05,0.150128427965232,0.486838310956955,-0.0274530257528288,20.4107998400901,-0.321911845804175,0.0539445537919617,0.0790234609079038,12.13583280479,16.2077106607619,-0.634844827961705,1118.714547928,1174.65189387047,0
3.06,0.133085371401138,0.537392795085907,0.0170252333669485,19.5292486787178,-1.29541493619541,-0.155261666547216,0.0702822649623533,-18.7905366903018,3.85982599890508,1.29860613867289,1123.22730881621,1186.97637862648,0
3.07,0.169243601599926,0.551802456378937,0.0665269541259818,17.2800930211121,0.181015222874276,0.0788311594107985,-0.20898005413298,3.90083504139125,-16.7235701729037,-2.861009801368,1128.30207823723,1194.00435861259,0
3.08,0.286891852052537,0.553740799427032,-0.0693722404918695,17.2180156679871,-1.54477473220787,0.198406558069843,0.118009167410013,11.4956668190702,12.7235048295972,-0.854390757864408,1133.47888034432,1199.40464829921,0
3.09,0.171504061845628,0.566471576690674,0.0705833653240048,19.2793354378416,-2.52179371793196,-0.17002963653333,0.122024056567007,-18.4281101783564,4.71507345740535,1.19004546811723,1138.68311285042,1206.99293135618,0
3.1,0.322252035544154,0.602286338806152,-0.0804956016744558,19.7196181797715,1.48343124477712,0.0567634233245849,-0.212613423738248,1.26611805878738,-19.9089110058198,-3.00916954203242,1144.30678432909,1219.06270322886,0
3.11,0.302734575110233,0.658396363258362,0.140437916517063,18.6424659126837,-0.420013587890076,0.240555142507771,0.187468522600753,13.8962740239953,12.0370975245675,-0.880954946752483,1150.83708715949,1235.29418124527,0
3.12,0.29339421913844,0.717088401317596,-0.0246524488368694,19.0770393176713,-1.70055948296456,-0.324795037995207,0.128538443227485,-18.9720659679608,3.40903534670103,1.2989990981068,1158.40923069454,1252.63971833879,0
3.13,0.369870242492132,0.752276122570038,0.138326281029454,19.5373759470506,-1.91300598105381,0.111029530309743,-0.35400549848596,9.20310003360939,-17.6674831790394,-2.74524244649108,1166.85386827246,1266.238955185,0
3.14,0.344522291896564,0.737346470355988,-0.00750552783825983,19.6395464462988,0.477934194728599,0.153898130328537,0.331155121312292,8.39323966502352,17.4025828232378,-0.443176656086151,1175.46728161787,1271.05225797972,0
3.15,0.226554165571547,0.657729506492615,0.0139698548282388,19.1323172074416,-0.0271405611512575,-0.27392171185317,-0.101184457189517,-17.8901070164593,-6.39920910297929,1.91894450939249,1183.06621759365,1263.64475040301,0
3.16,0.171043801983218,0.514839828014374,0.16679218617776,18.9929859321215,-2.0556827492799,0.124657266534288,-0.0981928220867469,18.3005854694497,-4.99863899151375,-1.95340977721547,1188.56242567856,1243.49538644382,0
3.17,-0.0160784625269213,0.328598886728287,-0.0473157222450182,19.7077284308449,-2.01903931015281,0.0539762570000191,-0.0371109685241356,-10.7685155680372,16.987911399746,0.486887466190779,1190.95037646643,1213.36657172536,0
3.18,-0.21231856982219,0.132710888981819,0.0266403609960987,19.3280530415996,0.815678691883754,0.0634730688369241,0.225893047194417,-4.68774202796729,-18.4951647871587,2.93149435125719,1189.76144117401,1178.59378377313,0
3.19,-0.444061407088131,-0.0383111387491226,0.0315484785852679,17.2434848348458,1.30798238311232,-0.310332442633464,-0.194452247622962,14.5689387863595,9.00221303563547,-0.928276005979408,1185.30168946082,1145.52842412811,0
3.2,-0.602343670555566,-0.154528498649597,-0.0464155692085401,19.1785081554,1.91619487995375,0.51903964191096,-0.0959000582892411,-19.0116061783531,3.89243856140946,1.45190460057136,1178.05270451366,1119.6602405996,0
3.21,-0.589641898348135,-0.202253118157387,-0.0475205549363773,18.4340497392761,1.48899003604619,-0.302353750024552,0.460337115783583,9.60828841810536,-15.4228715747908,-2.50942884456937,1169.53161191578,1104.05573672313,0
3.22,-0.526994458380668,-0.189128279685974,0.0673560119768026,16.9246621251804,0.0796517089322887,-0.133197785961781,-0.482593858611178,4.48409950395582,15.6824598533416,-0.251684565549854,1160.84920762596,1098.63764717804,0
3.23,-0.43817841590222,-0.134822174906731,-0.0065715271725924,19.7524087254155,-0.422519333395146,0.480325102063524,0.200825125764769,-18.4065349607571,-7.89828834100735,1.94399723729256,1152.74104566197,1100.53679367775,0
3.24,-0.39467767236609,-0.0670660436153412,0.0693049999142244,16.5236290333637,0.465997633032457,-0.302458480578019,0.226239049995357,13.0400861483101,-9.73079467483945,-2.19810967586199,1145.89005232356,1105.37417666536,0
3.25,-0.370177769931092,-0.0110799819231033,-0.105409093255912,18.3208133896422,0.912230744680725,-0.00762678740449266,-0.361352121219709,0.34652836607561,18.2536883656545,0.0521439008771242,1140.24541753828,1109.00854092072,0
3.26,-0.365784982492527,0.0199939906597137,-0.215855500938458,18.1419583497163,1.13745053151364,0.288023684099139,0.149102193920333,-15.9007661419429,-8.34559971642324,2.109442721252,1135.40304642766,1109.12556432415,0
3.27,-0.446492020771914,0.0288199782371521,0.078069341371626,19.0473971862331,-1.25046844878623,-0.307203411943767,0.169444577566376,17.192415039129,-9.66811673406566,-2.15039527174936,1130.99343377918,1106.10468614517,0
3.28,-0.336931415274565,0.034390389919281,-0.103761157033023,17.3588529186474,-0.0300768931828077,-0.0445255378631553,-0.284409300898044,2.5596146385915,16.6677386443469,-0.159125403399202,1126.59326497296,1102.85720751118,0
3.29,-0.267854836136622,0.0597310066223145,0.0092053652257475,17.6523232345643,1.80116542168711,0.278957371166419,0.0233087947617257,-17.5794730730125,-2.05534329324203,1.80105625365522,1122.53110465875,1103.69425487998,0
3.3,-0.203848954566305,0.125386223196983,0.0108913155703011,15.1703683430099,-0.933586061782964,-0.102164663220421,0.13967166727071,9.03574866914871,-12.807224902071,-2.54916003854746,1119.36091658691,1112.62753183509,0
3.31,-0.0791932205669029,0.23990523815155,0.129030628320876,18.5465003449362,-2.11767151968075,-0.0290285590482574,-0.108219629571637,9.01833555867946,15.6763156118915,-0.633956053630004,1117.88116296894,1131.70875232348,0
3.32,0.040816426543919,0.396374076604843,0.00515306897225287,18.476478711201,-2.33213097996192,-0.0317017266907039,0.0541741969395369,-18.1205532133686,3.22278447076259,1.27883658126429,1118.84196595215,1160.00398286481,0
3.33,0.266328580867351,0.568624973297119,0.0291462296575678,18.0160077852634,-0.0959824322538554,0.0128447919667184,-0.223135203196323,1.39421181073056,-17.9663870537982,-3.07299021396619,1122.9304219199,1193.57997708815,0
3.34,0.386416318684394,0.723381996154785,-0.0116434636794496,16.7623668075024,-0.166418072019048,0.351389060638884,0.188095501598872,15.3500049213741,7.34301813309303,-1.10038988723714,1130.04350013658,1226.52744918989,0
3.35,0.499543468830561,0.828539550304413,0.0210743423222596,18.79534380393,0.123814110236692,-0.37887648547427,0.27319887764998,-14.9469169272214,11.4771399487612,0.93325152113149,1139.40509555977,1252.6841755414,0
3.36,0.577553985662519,0.862005174160004,-0.111886820306011,19.5099722940002,-1.27014784114347,-0.0711481300527,-0.484446440694031,-0.898435690635226,-19.422313518206,3.04094290309188,1150.02964079896,1267.47544864579,0
3.37,0.56004384897546,0.819818258285522,0.0511348060742,18.7195459579061,-0.805712544758077,0.409178398061548,0.220279896601676,15.8873732441881,9.55921622983656,-1.0563622043386,1160.52237488262,1269.2466009786,0
3.38,0.419683765221098,0.717288732528687,0.0203514445949384,17.3775292544863,-0.95781437813055,-0.350288541542018,0.164645725374017,-16.6572230703167,4.99194983055946,1.2013722028346,1169.47073391726,1259.63714839048,0
3.39,0.190170249010008,0.582983314990997,0.0673729224907189,17.1128156015402,-2.71511530183788,0.0474706007605101,-0.248112498117639,8.574407046068,-15.448899232268,-2.76618246127053,1176.19724747445,1242.87758691133,0
3.4,0.152927358994974,0.449403047561646,-0.0194932568953285,20.0655390071183,0.237246901967102,0.0105900123259044,0.0581337255926071,8.72887908450553,18.4232522772652,-0.410727453078931,1180.34769601718,1224.26228225654,0
3.41,-0.035324864278838,0.342410981655121,-0.0745984258326594,18.8335929279888,-0.658882014919276,0.0080264211359966,0.0209497831461414,-16.9084621336973,-7.98532034996237,1.96671553526195,1182.28280021153,1208.33521331905,0
3.42,-0.140064207611466,0.273274451494217,0.0122484532745491,16.7659609737352,1.5805576196801,-0.0354995256047227,0.0284663877362436,15.2958613502936,-6.52621190874678,-1.93103195754789,1182.67377349809,1197.42075125266,0
3.43,-0.0555014766588772,0.236666142940521,0.131527720750356,19.2647969231591,0.361153281114402,0.0471971470684397,-0.112947208324189,-7.89157925890517,16.9950203405749,0.453470016148644,1182.1253323704,1191.00609281177,0
3.44,-0.1518162861046,0.214838847517967,-0.0138400827962095,18.7419389105077,-1.04308308209186,0.00908034302537101,0.151249471906749,-2.18816670698214,-18.9670949210991,2.98667320012078,1181.02840281796,1186.17962997394,0
3.45,-0.131836623352642,0.183677464723587,-0.214346633981895,17.8117065829944,1.16853344351439,-0.146096402837702,-0.0783595362271384,15.2875376517331,9.90821709948822,-0.927265310786684,1179.59104421262,1178.95644660479,0
3.46,-0.26321046858701,0.124757565557957,-0.160497976078768,19.112779960114,-0.989011877839306,0.247633032733288,-0.00571345300421254,-19.3458101225509,1.29642143694701,1.42844497786405,1177.2666840368,1166.00901428395,0
3.47,-0.284981316539766,0.0338282585144043,0.0802254547784806,17.2711495608952,0.502032957604176,-0.166217847877531,0.251488457929969,9.80883638929283,-14.5686293268259,-2.52091952639688,1173.49515591496,1146.17770697858,0
3.48,-0.430684625845427,-0.0781739503145218,-0.0605638361155927,17.9065301803847,-0.844714627972603,-0.0929858252761637,-0.413768366751871,3.94266641892917,17.6658546173517,-0.220874327198376,1167.96881059802,1121.21224703618,0
3.49,-0.662186684361783,-0.186728850007057,0.0818120780693934,19.4803078659553,-0.641372411231039,0.502372029300958,0.257544293017662,-17.4746732490814,-9.09385487779993,2.03074924743871,1160.4002295701,1095.46490386128,0
3.5,-0.601823816849846,-0.260144621133804,0.106896260455987,17.9138664651701,0.863340109590753,-0.523960753286424,0.312253833971152,15.4847674807708,-9.78177420834517,-2.06300935314504,1151.0329562566,1074.62480286037,0
3.51,-0.665353370614088,-0.271805435419083,-0.0792043818055164,17.5725117540016,0.236161518927968,0.0266234672213407,-0.613286432059257,-0.688587558016234,17.9029102108478,0.0552057781442584,1141.06487940239,1063.92103772287,0
3.52,-0.681601544294358,-0.211172327399254,-0.00472476834016834,17.4634176363093,-0.958786315445527,0.471430812097077,0.28922334065008,-15.1559762931168,-9.55109765803009,2.10188428291743,1131.81572521682,1066.41188797123,0
3.53,-0.43948503204872,-0.0833105444908142,-0.00692858646428123,16.4755848136618,-0.188668050398118,-0.325947185160944,0.231647836898669,13.5843206237557,-9.62154200722479,-2.19734495961434,1124.26317239046,1081.95177365536,0
3.54,-0.281367910340652,0.0876983925700188,-0.110668404167809,19.9120447670476,-0.951419263460922,-0.053386378120321,-0.286807824605097,3.99670101351825,19.3739004950968,-0.258624997424842,1119.57491288702,1107.19534517245,0
3.55,-0.159293820746799,0.268813967704773,0.0869375272917698,18.3541269085431,-1.10548741999846,0.0831521710145858,0.0266143155004253,-18.3640528669265,-2.61271547473499,1.6572624395375,1118.00746012669,1136.64025805315,0
3.56,0.0148451347139439,0.424915730953217,-0.185694866631361,18.6151505449362,1.48721424482634,0.0565020486861155,-0.0609292496541809,6.45158180307212,-16.9812585733574,-2.70897308710088,1119.69100532427,1164.35160468284,0
3.57,0.208893947737452,0.531981945037842,0.0114647696981456,18.4728339123497,0.901182855668068,0.121474406658955,0.138076305247599,13.0337825996443,12.7732791097578,-0.770477768885699,1123.75748453611,1185.77681879903,0
3.58,0.210400949656294,0.583308458328247,0.0942667231514562,16.0033000493845,0.51458374146738,-0.253466609415665,0.0935969013502128,-15.3108425002351,6.12270796836661,1.2035153119197,1129.23344073699,1199.03179060537,0
3.59,0.14642249279341,0.589199781417847,0.148399690294287,18.8363743914855,-0.963923162207208,-0.00769862054945307,-0.23019029907651,2.75033165158123,-18.6920435163097,-3.06334042932425,1135.18271605857,1205.22654279681,0
3.6,0.2563531183601,0.57225114107132,-0.105857233090299,18.9894281827544,0.250879218833107,0.178663421402513,0.115864412070514,15.8968072894101,10.0414961502465,-1.00424983365362,1140.83751685279,1207.73633883098,0
3.61,0.160634977185173,0.557914316654205,0.0862683455252309,16.7131267716527,0.347188461025012,-0.210576895142666,0.10513777116157,-15.0157659206167,7.90320058885772,1.09492067394199,1146.14652483588,1210.69336817958,0
3.62,0.260571857183242,0.563605010509491,0.0593937991763539,18.6852634775333,-1.00547726741749,0.00249096197260677,-0.20903331676026,2.49105554407734,-18.4527423356579,-3.05042734556885,1151.42563945028,1217.2459853028,0
3.63,0.312617040335796,0.593694865703583,-0.088743958999628,20.3131684474426,-1.31581632772046,0.148868662679339,0.13794779701793,12.6566611751255,16.0819961393889,-0.718460291654955,1157.01003605279,1228.21183213596,0
3.64,0.431544355896475,0.63605809211731,-0.0156071517027289,18.1889277601608,0.208897869686129,-0.284950618235688,-3.11096568039876e-05,-18.3280917717425,2.21492537973945,1.50210355260166,1163.24152346614,1241.61040807108,0
3.65,0.364513839376417,0.667146265506744,0.0207104395596476,17.0162598211891,0.0233488734745322,0.200576798213337,-0.27849727448576,10.0935382848426,-13.7386764768851,-2.51234912132136,1170.13964613184,1253.2491860069,0
3.66,0.140886377976453,0.660364508628845,-0.00468846409504286,19.8907004523623,-0.635946364232072,0.0709595828566899,0.266140375871535,2.94636674734351,19.936201762686,-0.191801930615106,1177.26483372205,1258.16438862956,0
3.67,0.0806003043205092,0.596279501914978,0.110612356828141,20.0573437548221,0.743279059033119,-0.166423162229716,-0.13834669065071,-16.8209257501316,-10.647917381121,2.17937052926672,1183.72408502298,1252.41377207392,0
3.68,0.091476733883321,0.472139954566956,-0.0739971511585729,17.767693952521,-0.23792621402137,0.119117315578194,-0.0318333942006045,18.3324477814523,-1.35187533212833,-1.6916697652475,1188.33243078835,1234.590758718,0
3.69,-0.0846853172621474,0.30174195766449,0.00934405488849107,19.3787611527558,-2.06108410265202,0.0736147414549019,-0.0328968369161625,-14.4737480972457,13.3870592423932,0.74458772960354,1190.18295883587,1206.52208248834,0
3.7,-0.155605912842096,0.114621162414551,-0.115194969943864,20.4600307124435,1.24045446506162,0.00724248880291837,0.281317436779677,-0.0324779033648025,-20.6536437143812,-3.10109381495095,1188.59873793397,1172.89256411951,0
3.71,-0.305082785342875,-0.053150400519371,-0.0520539924833632,17.3721321391995,-0.732080237846035,-0.230634329361231,-0.295080366842607,10.3724033418327,13.3896659184276,-0.68688338314839,1183.86880333978,1139.91251133534,0
3.72,-0.465314674889046,-0.171534687280655,0.0721653026215944,18.2001749733522,-2.32224966565271,0.512347886607503,0.0913111943860283,-17.9584829501707,-3.70962992298561,1.68238651885669,1176.5654921498,1113.47565608909,0
3.73,-0.610493074737544,-0.221325263381004,-0.0574461897691072,17.0028680937229,2.97323135948899,-0.374418765584172,0.401564831244092,11.1133325024095,-13.2933563185309,-2.2918022018242,1167.6278570668,1097.43236139993,0
3.74,-0.608991168726068,-0.203508958220482,-0.103419928830947,18.1418813759015,1.15714256573446,-0.0543432620442491,-0.54492328844925,2.21122727860953,17.9599340555729,-0.0487795228584473,1158.63189046298,1092.56228159072,0
3.75,-0.46130187854108,-0.137232258915901,-0.000523081496440161,16.9616868623405,1.62862263671606,0.410258487243423,0.2233161647312,-15.4379850603398,-7.9963131898773,2.13099976480133,1150.6109392044,1096.58693721354,0
3.76,-0.451174029348112,-0.0498758107423782,-0.00487066487188426,18.7031933521733,-0.731018171753606,-0.380154621654222,0.162864328207048,17.5576087930204,-7.4372104202651,-2.02661749342668,1143.97274759865,1105.20096654963,0
3.77,-0.335375071715466,0.0309714823961258,-0.00434574359076991,17.6156502113612,0.817786844818286,0.0148738482816048,-0.295591481416966,-0.94183232793172,17.2045159727388,0.0561445102820692,1138.8170700901,1113.7475390187,0
3.78,-0.29257582504727,0.0860691145062447,-0.0526198591353825,17.184645079686,0.531410223731808,0.228286267612066,0.100293287400496,-15.8565229492844,-7.69834975188828,2.10666476234526,1135.08424172342,1118.94195688151,0
3.79,-0.117545605082597,0.113149493932724,-0.0845223697539187,17.6752638951657,0.642417219284733,-0.179863655843873,0.13014840493314,14.472447567959,-10.0900161816492,-2.15101631683964,1131.91899529221,1120.035066866,0
3.8,-0.216719813631478,0.122644633054733,-0.135502836208679,17.1874118242969,-0.372939715993124,-0.0269941984520587,-0.193011076885007,2.39085848651234,16.5968586166417,-0.146798094001627,1129.34302810898,1119.00882721794,0
3.81,-0.189788848086604,0.139256849884987,0.0107748489187893,17.8637564893862,0.707316594513028,0.182337033478943,0.0815949179304426,-16.2622431959435,-7.34786321748642,1.99362336591514,1126.80458157971,1119.73973090982,0
3.82,-0.0563767878841366,0.18501228094101,0.200201250602342,17.5017869077649,-0.907588904295175,-0.114056421938216,0.0895255643416985,13.1673050108315,-11.3506225107369,-2.31995316122221,1124.92343787473,1126.43138048913,0
3.83,-0.0709284396283511,0.274838626384735,0.0607500896095554,17.7471952268206,1.35616159751948,-0.0429199677927807,-0.0374463026818372,7.29256946767449,15.5795415918888,-0.360584537525955,1124.22576021603,1141.8771884191,0
3.84,0.0262870888119803,0.405017256736755,0.0237548399757179,16.3269051321072,0.322550959493181,-0.0985550145551164,0.00634062751742432,-16.2163495857343,-0.935137945349902,1.60065461752894,1125.65149635172,1166.17686433539,0
3.85,0.103515645174345,0.557134866714478,-0.0689950112800967,18.6637527173247,-2.28781124651731,0.0551461808067932,-0.200231654331601,9.47418411220317,-16.0196861402674,-2.70119126750586,1129.6654825222,1196.3739267825,0
3.86,0.283183399864062,0.70100325345993,-0.0194998346530532,20.0256328287477,1.06961165682889,0.17829725266035,0.257100748153158,13.6856166273308,15.1125967324821,-0.680569935636293,1136.37898621681,1227.16052409967,0
3.87,0.446959884383891,0.802334189414978,-0.145861734443176,18.9087870774233,1.25999080193342,-0.444093674424551,0.0627549553622417,-18.2129941467446,3.90786811217752,1.39787521291372,1145.3584508144,1252.42256734513,0
3.88,0.511069883361245,0.837161958217621,0.00393440124512151,17.1261701126775,-0.410963146964276,0.202955224368839,-0.483991571636165,6.71322854779274,-15.1080836705613,-2.73580174756012,1155.51222267876,1267.10314128159,0
3.89,0.455000043515821,0.797049999237061,-0.0336781540362487,17.9532377278112,-2.14778782185431,0.260629800950287,0.375508815222334,6.95824954535784,16.7559533610146,-0.511342805330975,1165.55438706685,1268.74863956961,0
3.9,0.304309608781021,0.692292809486389,-0.0284142661207863,20.7678514320151,1.11131319058346,-0.284488877510826,-0.0693544287864206,-20.5120162534176,-4.01587731561502,1.78200672027623,1174.11891243843,1258.20990861156,0
3.91,0.142458271051536,0.54867959022522,0.0590860266197013,18.3767410523887,-0.419593373465895,0.16677345239121,-0.119822521665748,15.3430831739624,-9.60409241793315,-2.15341382365034,1180.32682882886,1239.26234671456,0
3.92,0.127282681591478,0.399822950363159,0.145383709856286,17.8843379637885,-0.0578770985315377,-0.0128119055180589,0.0621898112225433,-4.10291323630401,17.2609724024174,0.229988932457349,1183.82885450648,1217.28260016749,0
3.93,-0.11029872570809,0.275589942932129,-0.0709648328736961,19.6921644387864,2.06840307992158,0.0869121058567644,0.0656002888402006,-11.5082133822324,-16.1246154872753,2.62922351555104,1184.73051759882,1197.44477042259,0
3.94,-0.21311478412605,0.193369016051292,0.0896763054461578,16.8199928827779,-0.033534980455148,-0.120900543250088,-0.0514658212944295,16.1111193283648,5.88976812461565,-1.25525319437724,1183.77075268207,1183.06239607871,0
3.95,-0.0758750586910868,0.15237694978714,-0.015750618969737,18.9222244912895,-0.388827611599144,0.185300765916416,-0.0677082710567383,-17.0026713777979,7.02641225232488,1.1321194802775,1181.77098622904,1174.64703975654,0
3.96,-0.266756432596163,0.137880116701126,-0.020061220604045,20.5025848184829,-0.394168892693687,-0.0916651910029827,0.236147460217035,7.40595560542069,-19.110493084214,-2.78065691751246,1179.29311248998,1169.99974725208,0
3.97,-0.217614801270637,0.127324730157852,0.0523925025073418,19.1303678011459,1.41690129833346,-0.106626265279375,-0.207791747101218,8.33178993719505,17.0494003088638,-0.428843625031368,1176.58875147262,1165.28723195972,0
3.98,-0.229916120310462,0.0973501801490784,0.141070003445004,19.0914423059923,0.721255184734339,0.257868504345952,0.0734261275740514,-18.3857451123101,-5.56126845487296,1.90229648065466,1173.64988952557,1156.70802896491,0
3.99,-0.284928957169421,0.0374166220426559,-0.162540407847754,18.806155536371,0.143120118499444,-0.273875299819612,0.156860072633393,16.166452123639,-9.18735714826782,-2.07443166820873,1169.79862457688,1142.14643192714,0
4,-0.343586458351613,-0.0469196438789368,-0.26046024597292,19.6643226576426,0.674184567096225,0.120305303778967,-0.400564690191078,-5.58706537416322,18.6943365349201,0.354001088738523,1164.58557696402,1122.21639364002,0
4.01,-0.446863627671669,-0.136459589004517,-0.0514894808002727,16.5855570410271,-0.782212893841501,0.221709554456304,0.395498695507643,-7.95554119202948,-14.8042775329855,2.58411989597189,1157.87187802084,1100.3122029166,0
4.02,-0.571342960916363,-0.20303013920784,0.205544667334356,19.3001241749678,-0.851573599061347,-0.566206032228029,-0.0414323828334707,19.1203931391545,1.64392302003799,-1.52384921198663,1149.79790535383,1081.6324918528,0
4.03,-0.591298090387081,-0.217053443193436,0.00725913727012712,17.5796668184479,1.20289798529341,0.273680305407204,-0.479329008879015,-8.25229754829439,15.691275701201,0.58816842211161,1140.7625145224,1071.50649883493,0
4.04,-0.536311146342348,-0.162896230816841,0.0853864232176047,18.7263056278451,0.884446049853038,0.267692978595193,0.440488298785648,-9.84808470746427,-15.7665236287362,2.63580737819572,1132.27089428556,1073.59956110131,0
4.05,-0.27746182812338,-0.0426577478647232,0.0541042570666224,16.2810826279904,-0.586676884988544,-0.355689211089974,0.0212484076317252,16.6177952799227,-0.935150330079548,-1.65628473303858,1125.57365404407,1088.6215307045,0
4.06,-0.0905189544162534,0.124423444271088,-0.0385635612666192,18.017175012529,0.65119013587842,0.0514631017270566,-0.216502965331228,-4.65686960360678,17.6996678702256,0.295029728309953,1121.65176325616,1113.99059015397,0
4.07,0.0460844792336478,0.306729197502136,0.0155258533954756,18.2367069365111,-0.966432113368265,0.0161862812659508,0.0333858822642004,-13.7163000880066,-11.6263082219437,2.22920009050061,1120.92994702177,1144.57540180624,0
4.08,0.0396219658026229,0.469584077596664,0.010769890425873,20.2328454121974,-0.592430185057411,0.0864211277118339,-0.0397183570047016,16.6385362431045,-10.5973730219407,-2.11325109464432,1123.34934044891,1174.26565702442,0
4.09,0.244372794735879,0.583945870399475,-0.00123937940815753,16.92085803296,-0.341819123710763,0.0478993057043946,0.26748757993837,1.93544375212394,16.4806571102097,-0.14480896332981,1128.38148669392,1197.83507114706,0
4.1,0.345503130720602,0.638100683689117,0.00573303285215962,16.6300087305515,0.338658055046931,-0.31115928119945,-0.108422894427852,-15.8952921099026,-4.15207045303269,1.86654395286486,1134.8349497912,1212.4615271087,0
4.11,0.253212336330628,0.638192176818848,0.101698987824051,16.9152688403847,-2.22824618172424,0.199964930436881,-0.247917430850126,13.2370017835549,-10.8754814279279,-2.35592101060863,1141.68571414982,1218.39098024759,0
4.12,0.266666566367487,0.604366362094879,0.0872553119397282,21.0147249814489,1.52212258116153,0.0376917934551336,0.197720177137553,5.69405154930627,20.3760161027354,-0.246059616452003,1148.13617573916,1218.53213832656,0
4.13,0.14031896201147,0.56309849023819,0.0259461633762913,19.5531485639631,0.315951081461646,-0.181183885675808,-0.0659091181657427,-18.42340791271,-6.37967290231969,1.90821115077381,1153.83710323186,1217.14269069535,0
4.14,0.204144551309891,0.537464618682861,0.122294116850261,19.0392027679965,-0.258729206246839,0.146018596179885,-0.10314244681673,15.5208584624878,-10.8170516129942,-2.18137195699174,1158.87431587799,1218.08425235344,0
4.15,0.210495062771554,0.538019478321075,-0.102351047211536,18.95916576297,-1.26436397459183,0.00926409256572742,0.178591285722769,-1.77037245526261,18.9272105433693,0.0480277208809407,1163.6734826092,1223.27162060305,0
4.16,0.126146609004413,0.558260798454285,0.202467199773288,19.5531776639631,-0.875001438022104,-0.147488736061672,-0.100899502139739,-13.8936386689692,-14.5256618042215,2.31319784679328,1168.7246251445,1231.87063741006,0
4.17,0.262691987289275,0.579004287719727,0.0592406231989786,17.955675465075,-1.47464164979259,0.230977535893378,-0.0383203636000181,18.257919174185,-0.92789881987833,-1.66639844854513,1174.16710221568,1240.53305115979,0
4.18,0.252896553249238,0.574858427047729,-0.0207142223235609,18.8339943837272,0.0534649740444278,-0.165668854987313,0.137533828074461,-13.6955585724365,13.1545447739643,0.832645528632316,1179.72422206674,1244.58953056143,0
4.19,0.0930488558177787,0.523705661296844,-0.236314629502878,20.1623038512093,0.51206803666546,0.0123888977274371,-0.134417132086679,1.44977951971409,-20.383083416215,-3.06693569993581,1184.75770350097,1239.78213126634,0
4.2,0.0807162808912707,0.417045056819916,-0.0485400546701186,19.3438168872144,0.257650673130323,0.0147941725697739,0.0441011176731071,12.4862328702904,15.190599196714,-0.651388577970091,1188.25513564952,1223.92421304386,0
4.21,-0.0340460235265342,0.263324379920959,-0.120262221168862,19.7888272964028,-0.824045037231347,0.0947758576278009,0.056925086755868,-18.5966942257978,-5.80032998266684,1.78143522889744,1189.33958706025,1197.89694369936,0
4.22,-0.358542246665382,0.0875630155205727,0.0981871616196443,20.1277776150479,-0.912594436033553,-0.2584108009022,0.130399287894468,17.6688799356229,-9.05843599645263,-2.07241749560875,1187.24873388991,1165.61996273055,0
4.23,-0.425880629447771,-0.0753058195114136,0.0564147731460974,18.0460767504434,0.699439993162215,0.124496468443615,-0.393156506212719,-5.38037337255069,17.0330977216563,0.33035111915646,1182.07900039049,1132.98981980572,0
4.24,-0.482962889605937,-0.193414598703384,0.0666620828743381,17.7084751888904,0.520480439094591,0.246344797845541,0.471455266019191,-8.48958868769544,-15.8051671627586,2.68540372608998,1174.44191471939,1106.13907105557,0
4.25,-0.628886141966148,-0.244724541902542,0.0482443267109014,18.6283231731532,-0.753707110959891,-0.570049774427387,-0.156864009817776,17.6695813193569,4.9127471779286,-1.30539349202414,1165.2358520249,1089.60584294754,0
4.26,-0.594518748041038,-0.224148526787758,-0.0893436126005746,19.1550117352558,-0.317713128153774,0.463199804300176,-0.344691956203639,-15.1059117284946,10.9904666870006,0.918362389055121,1155.81528041983,1085.03542238458,0
4.27,-0.409555157720945,-0.146501332521439,-0.0181061510216904,17.528050601927,0.516926268454051,0.0336640742749056,0.489149847650752,-1.23969225868937,-18.1672429262996,3.07675423857635,1147.50670190365,1090.85087035656,0
4.28,-0.365016261523124,-0.0394058674573898,-0.00122966684274766,17.3344083968084,-1.59934809384824,-0.320542798255607,-0.194118480010997,15.1805407605908,9.27859097643634,-1.10332552576203,1140.9713972931,1102.99325292659,0
4.29,-0.26079168611628,0.0666645914316177,0.0927211597532424,19.8310778808386,-1.75127866444874,0.269449498146862,-0.136163882503971,-17.0465333701106,9.3016394799953,0.9588187512292,1136.35671206263,1116.46136005128,0
4.3,-0.171869199100405,0.147615924477577,0.0281528457589226,18.3498572137759,1.91287205429277,0.0779346282954043,0.183214253094955,-5.07611820979493,-17.4858068261296,2.9944874427783,1133.61822726988,1127.10521590794,0
4.31,-0.122131500416145,0.19518007338047,0.0112682415800622,18.0575179130492,-0.639623908637433,-0.12549074618614,-0.0585999687953403,16.5655976878463,6.16971358278072,-1.26849797048915,1131.94574322545,1133.04342466366,0
4.32,-0.110588987956531,0.216000109910965,-0.111822254941878,17.8526295370882,0.269632820414509,0.0741320931453463,-0.102285509639932,-11.6965482311212,13.8418932872564,0.741513574708943,1130.83253609756,1135.21064857075,0
4.33,-0.118304314893368,0.22948494553566,0.167864876249032,18.5338598114823,-2.22049492071582,0.0158016434026184,0.121499592846511,-5.64510494162963,-17.603909048098,2.74440686134253,1130.06673371206,1136.85034119012,0
4.34,-0.200276254099181,0.259704649448395,0.171159732745735,19.5965747248794,-0.712965414249439,-0.116743957492969,-0.0143563012517078,19.8520078092158,1.20403367375343,-1.53995039112374,1129.61618878762,1142.14095846463,0
4.35,0.0379984164555307,0.324863970279694,0.146061446577221,16.552744728288,-1.3408633339029,0.00171169910645453,0.0192033250244289,-7.77167638835532,14.5205702670075,0.458661986720106,1130.13765317977,1154.45048566406,0
4.36,0.146514996469666,0.42850250005722,-0.0296931879000411,17.8019320874517,-2.21181653170148,-0.083591824195609,-0.0664764035201037,-9.86273578818974,-14.2158176420148,2.46624697291012,1132.19875133081,1174.84678529556,0
4.37,0.322126600217957,0.557561993598938,0.00514662038120301,19.1035033913796,-0.862041188881363,0.201817586051988,-0.0197439903930697,18.7774515279069,-0.806157313058007,-1.63190522070289,1136.44586865172,1201.40342500611,0
4.38,0.371457920831109,0.685413718223572,0.140332892257988,18.5160650723348,-1.90862350782827,-0.106318907691585,0.315953986091105,-9.66715574724914,16.1859859905089,0.438603963928585,1143.1009812314,1229.56291705633,0
4.39,0.416531256836953,0.780004560947418,-0.0514166532648325,19.3711810926962,-2.05155797125652,-0.256582123818262,-0.335623322274567,-8.96857825715215,-16.8192159940664,2.56545656895426,1151.7888235262,1253.44881115598,0
4.4,0.472824715887059,0.81394350528717,0.0533330554267541,17.538103934009,-0.465821824250737,0.472412787574298,0.0125136020358717,18.0823410980892,1.3801869322439,-1.52250522888618,1161.55020140466,1267.68446574235,0
4.41,0.416566036505244,0.774819433689117,-0.0884720499698185,19.4142885000726,-2.63599075123921,-0.249145489787721,0.334405858485072,-14.4855227629383,12.5704431801626,0.744681949395569,1171.15590509923,1269.09638163825,0
4.42,0.205451253175237,0.667851090431213,0.265175332688569,20.7897617562038,-1.135173631009,-0.035228461596973,-0.270084160005946,-0.394106253364688,-20.8804337070041,3.07788537658097,1179.34806015039,1257.71682181918,0
4.43,0.0798942193900556,0.516170024871826,0.0592691265525679,17.7495182397555,-1.14448178670704,0.147182728783249,0.101925891954388,12.2911579047458,13.2314883825923,-0.820862508282192,1185.04752080831,1236.74138583528,0
4.44,-0.0134526444730451,0.352911591529846,0.0362536786077769,18.9679960567066,-1.72821500146343,3.28474963225779e-05,0.0397015922490998,-18.707450345314,-2.41165858329407,1.59451679989155,1187.78808921593,1211.4582216338,0
4.45,-0.246038980879505,0.210563257336617,-0.0759382281799098,19.7598761839682,1.04741088570954,-0.125917227225337,0.11273781604272,15.2540843879558,-13.0003999494475,-2.26385304558713,1187.67413110816,1187.52062709885,0
4.46,-0.141056967394846,0.112387478351593,0.0330631105382436,18.9194122596787,-1.22807976836148,0.0646160941105867,-0.241890492231089,-4.28156578307987,18.7015957542572,0.15167742260228,1185.38072204877,1169.15999045529,0
4.47,-0.372994765600204,0.0633212625980377,-0.011701191698724,18.9646621157343,1.0238233934835,0.177610241110014,0.238368694700841,-11.2636850534163,-15.4246136544149,2.54512972124693,1181.79068467888,1157.95283479169,0
4.48,-0.361027897066283,0.0522578060626984,0.0108652045530286,19.2719413812598,1.10270409910423,-0.311753768304972,-0.0382313103977005,19.1931190669708,2.69473248561215,-1.37339297224365,1177.69825254445,1152.55852612887,0
4.49,-0.27070622302453,0.0580693334341049,-0.0855046129104752,19.547192914151,1.14895492591502,0.243672213681577,-0.189142937946674,-15.4775261597672,11.6957926292381,0.961479442901291,1173.61607963544,1149.50216123597,0
4.5,-0.355178866298479,0.054863378405571,-0.00130818976435402,19.0287804725111,0.0659949805113205,-0.0423996030037953,0.300106202836774,2.60597459115935,-18.7990496182671,-3.01618777591797,1169.70936414971,1144.71006802242,0
4.51,-4.73913463908267,-4.59999990463257,-0.174260845213885,14.9659763576165,4.57196017100195,-4.12315904974135,-2.59572572648032,15.0988511101806,3.69451091221223,-0.986606064818648,1090.48457553581,0,0
4.52,-4.7400763808331,-4.59999990463257,-0.16732990649649,12.6361679347954,4.49923923149103,1.77523743514911,-4.48888224195296,-0.690865348520874,13.1497641224705,0.395688999031878,1001.7875653249,0,0
4.53,-4.80571259423989,-4.59999990463257,-0.00202680552890021,12.9255559614664,2.52162380906172,4.34732613049926,-2.11101536592744,-10.4306371764102,7.68031103488888,1.12973477078971,913.828407335874,0,0
4.54,-4.84964989398458,-4.59999990463257,-0.0562732701242057,8.37306195224395,5.19059116434673,4.41633514432586,-1.73995378905844,-6.01332614208588,7.87891012173044,1.2186172707455,825.52197288973,0,0
4.55,-4.35428415531796,-4.17337989807129,-0.0662245525417643,8.41068181064875,2.71633431648773,2.65482767183962,-3.41663103888245,-3.07434783414539,8.73476113217797,0.675477444350193,741.72683964506,0,0
4.56,-3.75344138515513,-3.7352602481842,-0.0745201430766108,5.73836560353609,3.3335081952204,-1.7216143012137,-3.41944479068317,5.30177691332022,3.79375405959388,-0.449471536049486,666.839306272671,0,0
4.57,-3.34893721635191,-3.3521671295166,-0.087982863424446,5.54006525158037,2.1983139897662,-3.19410650922751,1.27080833543508,4.33429754616292,-3.64620483978077,-1.93825017583012,600.492148488875,0,0
4.58,-3.11181638024245,-3.00716590881348,-0.0729467862097454,5.81647385608836,1.66878731680866,2.47509370193232,1.87314017328246,-6.30056503613469,-1.54585008346789,2.23624829357292,540.530436960374,0,0
4.59,-2.73595920411085,-2.69642019271851,0.0797475181961291,5.11079376172519,0.236726887759716,-0.801373139632317,-2.65251590213508,1.76124249188058,4.50349671336804,-0.290168281342612,486.69623829342,0,0
4.6,-2.48652003308359,-2.41653990745544,-0.0704372633433394,4.16794334460115,-1.01048260670352,0.101448000618483,2.46540086480006,0.880681378559228,-3.68641341487982,3.09220715154413,438.298418061842,0,0
4.61,-2.22030433928808,-2.16359400749207,-0.0638774236757256,3.76743422981928,1.14228820104485,-0.33211916360422,-2.19148065436383,1.16398220943145,3.60954287318053,-0.144313257287243,394.557778224474,0,0
4.62,-2.21135371254397,-1.93820667266846,-0.201405443374497,2.79140914173494,2.89402996513146,1.04607049747883,1.66214821876908,-3.20909521165231,-0.827263708174935,2.60408402115507,355.240186562363,0,0
4.63,-1.73928955845184,-1.74438285827637,0.0638198509168248,3.36969409169596,0.786055902675454,-1.67445758589157,-0.627193758521958,3.46175614530741,0.131926539908063,-1.19951246230707,321.510818609467,0,0
4.64,-1.55940189275543,-1.56146645545959,-0.156177490869699,1.31594240799436,0.380995096424102,1.3554103334171,-0.80372113205166,-1.53327356880715,0.969722891911423,1.03656581319309,290.138066882453,0,0
4.65,-1.52297465368448,-1.40152680873871,0.0895249177313309,4.72077937080295,2.92829483111934,0.183460307299471,1.46032920211453,-3.62531409075485,-4.2613476425134,3.06149756532275,261.989491583085,0,0
4.66,-1.30686063392643,-1.25710916519165,0.120600825801151,2.02334168178012,-1.18426422041013,-1.25291628734739,-0.244565546898606,1.83020656272497,1.48430342733821,-1.39563460739001,237.341356433079,0,0
4.67,-1.0731622997305,-1.12977051734924,-0.0768537824810307,1.40319724537009,-1.05043483409576,0.303393890441892,-1.09348401052145,-0.80570329755606,1.17891281121584,0.262567788774003,214.932632304632,0,0
4.68,-0.952700488662082,-1.01102411746979,0.0568787458199171,0.995917555373055,-0.341877778487383,0.990056841719603,0.205849954923264,-0.931277965150427,-0.998929419780457,1.76021216171573,194.596013697319,0,0
4.69,-0.92538744817319,-0.913053393363953,0.0857446445084129,1.62050279328931,-0.813494493990543,0.00405215251016492,0.919339592181417,0.608829057197316,-1.42035088521111,3.12357890849368,177.54551826394,0,0
4.7,-0.917912158743854,-0.816047430038452,-0.0235916877478836,3.73269860819964,-1.62690302308739,-0.828508662359207,0.254217861247479,4.12841727887163,0.901872223425646,-1.92029089047588,160.589804198963,0,0
4.71,-0.703741792015696,-0.732328236103058,0.115628011210053,0.0501933468328041,1.04567067415729,-0.522279867777606,-0.47926265070257,0.680104008743237,-0.8282420416511,-0.797838176237591,146.210564116144,0,0
4.72,-0.634986074591653,-0.662258625030518,0.0286297126932844,1.04024861924147,1.72642516388147,0.127824632738784,-0.649600497720806,0.855504092303089,1.29700080193948,0.228564771336378,133.998636144037,0,0
4.73,-0.568430769712025,-0.595708191394806,-0.0774934147385938,1.67012717390709,-0.338339691527576,0.55483619923632,-0.224801615141132,-1.35378559279419,-0.0108133734704299,1.16797652123046,122.328728526323,0,0
4.74,-0.424734534029175,-0.531022429466248,-0.154217714348011,1.57150755371499,2.15566129974104,0.497177922430195,0.201699396401425,-1.95686741515835,1.01935973216245,2.02271598700114,111.160398554547,0,0
4.75,-0.540355635926524,-0.478141784667969,0.241610230889681,-0.59842300443471,-0.670345034859521,0.130313752038701,0.42257485746575,1.07027445509341,0.380865364896653,2.80300243087735,102.049556245524,0,0
4.76,-0.433097741223735,-0.433925241231918,0.00875069481127179,-0.0451862316644979,-1.08169903171903,-0.170812304470852,0.379341600036337,0.896413218682174,0.159332257965995,-2.76097738152137,94.339506492621,0,0
4.77,-0.333544176371784,-0.393805891275406,-0.0125798305492895,1.42928898655119,1.66610397353326,-0.332406862034231,0.222644535075317,0.532994558672258,-1.81320389318767,-2.09555900198387,87.3247786292632,0,0
4.78,-0.299747908489577,-0.355374157428741,0.00726812143523398,-1.25542010734584,0.658705424371619,-0.306555657489873,-0.0151807469201733,-1.27446670969695,-0.743328296376497,-1.48027280627767,80.5756148719357,0,0
4.79,-0.182330854242716,-0.318435609340668,-0.247550368605068,-0.0219188549159331,1.95556068007116,-0.263564605745425,-0.150507006602178,1.43882001467087,-1.52536306574236,-0.913481862575635,74.1312347299614,0,0
4.8,-0.297160446758219,-0.286493599414825,-0.0749727660681465,1.82824027566297,2.88194938007999,-0.154317072074834,-0.252063503698524,2.66699158301055,0.378417745293285,-0.391036181009236,68.5857513923119,0,0
4.81,-0.211959170174396,-0.259046882390976,0.102992572503369,0.268708775767339,-1.47803813763967,0.0639463395246094,-0.235414539432322,-2.09828712592034,-0.0323274991295809,0.0936594007734981,63.8269106945353,0,0
4.82,-0.114828963660322,-0.236154600977898,-0.0729950509441254,-1.61132394711331,-1.11014780209568,0.10285090874144,-0.155961765920976,0.418150990653845,-1.35484511869637,0.546661916525668,59.8185214383191,0,0
4.83,-0.153611538479849,-0.21563783288002,0.01441023740515,0.713621359366464,0.413612700552315,0.170439656111055,-0.113561557928829,-0.527857803648202,0.212332598564899,0.971781685196011,56.2036132053811,0,0
4.84,-0.136083738220355,-0.196414113044739,-0.170132017055568,0.652524932864377,1.82870064928447,0.182659269809871,-0.0618092720243569,-0.584217241424193,1.35580748158046,1.3712194872266,52.8286622026923,0,0
4.85,-0.184217384523803,-0.179009824991226,-0.100240014136633,0.257608335841146,1.90268254416734,0.167825029682712,-0.0061986669212899,-0.659195179207553,1.68218962611077,1.74702793429943,49.7317249893795,0,0
4.86,-0.126039285264164,-0.162844896316528,0.137496289745598,0.717409422007842,0.469222450218102,0.127859205251958,0.0794515921471065,-0.313304330670912,-0.413476787070134,2.10117384852963,46.9209126545256,0,0
4.87,-0.199905784473493,-0.147799372673035,-0.0582493096561611,2.86850840381278,-1.05878324995784,0.112750720126008,0.149162940829957,-1.54850483391628,-2.67506717207462,2.43515247785129,44.2481319550973,0,0
4.88,-0.0882125269358823,-0.13363416492939,-0.136405557217815,-1.73149438078881,0.606950796766067,0.0390930112807641,0.0773800227917497,0.1816774704857,1.29082616263196,2.75022484939296,41.7691963137147,0,0
4.89,-0.135562219531932,-0.121117413043976,0.0644119175061276,0.733553658881051,-0.123264140555022,0.00956460085110967,0.111184401233328,-0.00762360493518178,-0.622678715353182,3.04811159129552,39.5609952247088,0,0
4.9,-0.0532725251425749,-0.110189355909824,-0.00298342696077587,2.16068234801914,-0.601235323915658,-0.0450483425009824,0.124198419480223,1.43022470490187,-1.87452611717999,-2.95231372510404,37.6340758906094,0,0
4.91,-0.0117818906667645,-0.100548297166824,-0.033894367907227,-0.787231401348641,1.6586068601294,0.000986331884893121,0.073454657124838,-1.78396715852681,-0.145456608451101,-2.68286654041256,35.9135729307075,0,0
4.92,-0.0365592988436717,-0.09197998046875,-0.0119046223738709,-0.42019767262045,1.44485187854683,-0.0182835923992737,0.0619979201300863,-1.38094353861217,-0.454217290683955,-2.42517312964403,34.4237114450967,0,0
4.93,-0.0280084441859704,-0.0851759165525436,0.0259330384370093,0.727814573445585,0.875884434554132,-0.0536382688873781,0.0689822624798685,0.0874873676638055,-1.64080347865127,-2.17751342762191,33.188349594256,0,0
4.94,-0.0547366537269205,-0.0787812545895576,0.0937078044838243,-1.97884764088198,-0.705770286865861,-0.0231015490916308,-0.0085963257489394,-1.49515804236582,1.4584891875719,-1.93858535110574,32.0404180965812,0,0
4.95,-0.130143269341539,-0.0730005428195,-0.0407721338763829,2.61199909037648,1.53334881515441,-0.097297955981775,0.0362739025232278,2.33558646366366,-1.45949920464326,-1.70762818543845,30.9964752289688,0,0
4.96,0.0384594974230612,-0.0678120851516724,-0.0471861027096826,-0.110323327374691,-0.354004241807359,-0.0477560935121565,-0.00385160864967416,0.101197300733146,-0.000217779025829043,-1.48399940337184,30.039447205502,0,0
4.97,-0.0648996883454996,-0.0630409121513367,0.0345005794210612,-0.956952903700021,0.220642285457237,-0.031228256680393,-0.00138949762553341,-0.402403439447704,-0.540353242476584,-1.26691747759164,29.1801010025516,0,0
4.98,-0.010327588124395,-0.0587533786892891,0.0498192369312751,0.800030342953092,0.96795937291092,-0.0443549254085509,-0.0280574020682393,0.61160021126526,0.500841136328125,-1.05590237441426,28.3894867613951,0,0
4.99,0.00757055781381409,-0.0547600537538528,0.0297093839348954,-1.36537028658006,0.87742271842432,-0.0068515591084905,0.0165423756461368,-0.895514765460212,-1.9065906001569,-0.850569212884869,27.6616494474406,0,0
5,-0.101070662210087,-0.0512721464037895,0.074462382534837,1.66370678476443,-2.27514723118659,0.00392765249236701,-0.0791117339306009,-1.0908526481484,2.79108003862142,-0.65030758852101,27.0117242587024,0,0
5.01,-0.0590345606471861,-0.0480067506432533,-0.0701460210664718,-0.992972142310239,2.55317443593856,-0.0357685816220802,0.0075995011903216,1.21124322824718,-1.55071221414361,-0.454461689255945,26.4190999151638,0,0
5.02,-0.0462848482617883,-0.0449773296713829,0.0325129543082573,0.92289415368039,-0.823680206967968,-0.00973347160639182,-0.0382761585371856,0.181310973083278,0.800968150595767,-0.262967519076522,25.8324582596436,0,0
5.03,-0.0738394648536717,-0.0423448756337166,0.0170010889071529,1.73460062307568,-0.963560947723204,0.0149475503617519,-0.0568492461248259,-0.830386938571871,1.82330426279704,-0.0753247616795435,25.3255372443123,0,0
5.04,0.0401378362519145,-0.0395059138536453,0.0433784102871284,0.0148223517604486,1.58984213678465,-0.0325887399448756,-0.0168742497833054,1.71959256012162,-0.0323903304720666,0.108343338342779,24.813662300932,0,0
5.05,-0.0694323548999893,-0.0368669703602791,-0.0401270981709001,1.97251139781197,0.521641981616899,-0.0161005136399665,-0.0571405337621212,1.01227596071303,2.13735783840438,0.288427759695246,24.2976776424954,0,0
5.06,-0.0493999112889935,-0.0344020053744316,-0.035446311209988,-0.486831651262593,1.60795402437083,-0.0170237920449573,-0.0130883564099481,1.12590316719083,0.0921296072840375,0.46476088548957,23.8522898799567,0,0
5.07,-0.011338037597146,-0.0326348319649696,0.0178070540869141,0.436072731055492,2.28712899296262,-0.0157747155003618,-0.0418514211208824,1.10417989608868,1.65724353564496,0.63834124783719,23.4945667004383,0,0
5.08,-0.0136823485668925,-0.0311948955059052,0.0278567272429962,-0.100015626382416,-1.7125143217464,0.0300475659514115,0.0310813324225253,-1.17074251478965,-1.88116233706572,0.809488859272105,23.205035224993,0,0
5.09,0.00918052264023642,-0.029554158449173,-0.0700617109915737,-0.639505590824286,-2.1874014447042,0.0234327208407246,0.0382556510899918,-0.857678224836547,-2.1337349407895,0.978288826312693,22.8848922695468,0,0
5.1,-0.0130197415357439,-0.0283603295683861,-0.0731636413083747,0.0349668327749623,2.17648510913255,-0.00431162963710251,-0.0442053635917702,0.508582629282721,2.07117007832028,1.14525387510836,22.6311122325508,0,0
5.11,0.158063801315532,-0.0275218933820724,-0.0570024901246714,-0.336112930773569,1.2567154198276,-0.00936283188514925,-0.0296100586371883,0.739653649348812,1.40209053292754,1.31048174498967,22.4470946551248,0,0
5.12,0.155837902066794,-0.0267803147435188,-0.000725388173164818,-1.32280839779413,-0.280863172364346,-0.0246332475231158,0.016434736894859,1.47550856135682,-0.852227315928201,1.47442823118702,22.2882675113317,0,0
5.13,0.0103696419196096,-0.0260801091790199,0.116496272409624,-0.0187092539923422,-1.24641744683244,0.0102836880577919,0.00972643656462078,-0.303390519942462,-0.479025255475773,1.63711133455462,22.1334339218935,0,0
5.14,-0.0453029529444557,-0.0255693048238754,0.0584841652583465,2.0167203618373,0.925771734767654,0.0515114635589692,-0.0125803921796638,-2.39362005534936,0.665358833262016,1.79896891858184,21.9993349030179,0,0
5.15,0.0250698714294027,-0.0248419865965843,0.0668558018881761,0.660461640216794,2.70679311472616,0.0373916780837728,-0.0467831164313373,-1.7296798653924,2.39133889708776,1.95961659640289,21.8259903715132,0,0
5.16,0.0141182369404473,-0.0241784155368805,-0.0457768662469549,-1.14822269191365,-0.463462241591061,-0.0231073802281838,0.003063267363642,1.25784585373286,-0.0979774712225255,2.11903274573494,21.6709101417694,0,0
5.17,-0.0600968455832226,-0.0235309973359108,-0.110299169293793,-0.314384637941558,1.64024774206625,0.0279185677899376,-0.0386269604466463,-1.3290020446503,1.98233123325059,2.27727445882937,21.5261160436662,0,0
5.18,-0.110712937863377,-0.0231527909636497,-0.115290962757943,-1.86984441106851,-0.311652289644962,-0.0422883281082115,-0.0106980955619584,2.1616058346358,0.58044475634191,2.43472699233324,21.43768985587,0,0
5.19,-0.0984603784525036,-0.0228173807263374,0.111180797163502,-1.35959801877282,-1.35763949044247,-0.032920620270735,-0.00380064695279129,1.67680889668621,0.228249953005657,2.59144068674977,21.3204048055578,0,0
5.2,-0.0254407706024225,-0.0226372480392456,0.071568420348068,2.61812043358832,-1.33548963256705,0.000650052083377876,0.0536252382696018,-0.0116086640711272,-2.64679516605513,2.74743118977598,21.2460420214814,0,0
5.21,0.0583789471042041,-0.0222751274704933,-0.0434486743937083,0.506736913156509,-0.0613916006044339,-0.00244174864803904,-0.00113415991942361,0.132599402965713,0.0766935642113811,2.902789545644,21.1377195087441,0,0
5.22,0.103790029504279,-0.0220855250954628,0.0222141721612246,0.726725845268032,-2.02102904582303,-0.0297774627474409,0.0202208293454019,1.49609659903738,-0.998995937895869,3.05756105178397,21.0674639776899,0,0
5.23,-0.102715148244036,-0.0216484367847443,0.126390823490091,1.1896901467389,-1.77171301478072,-0.0339958532278217,0.0218761897970075,1.70658143909605,-1.10243747673886,-3.07153424807245,20.9647045458225,0,0
5.24,0.0262328122813867,-0.0215817168354988,0.0378140247926476,-1.8543299642986,0.751232187757771,0.0169307920411219,-0.040832314161394,-0.838858734749824,2.03082259703347,-2.91810873994612,20.9198166649754,0,0
5.25,0.110479174441544,-0.0212300941348076,-0.0324351248157973,-2.46356016713377,0.0800366263111135,0.0199530900213258,-0.0391083727483108,-0.9819541031275,1.92974489074324,-2.76524955422407,20.8197566923942,0,0
5.26,0.102000766540804,-0.0209939107298851,0.0170991140055416,1.47599980542461,-1.09829763083211,-0.0402701426223878,0.0144441732250591,2.03956353990208,-0.754808543434863,-2.61291355618452,20.723311754681,0,0
5.27,-0.0424309016180177,-0.0204004123806953,-0.00103982818969168,-0.180051263432352,1.53390383323881,0.0281331090327357,0.0131685201652459,-1.35833825766521,-0.710445593232181,-2.46147521235725,20.5836814179915,0,0
5.28,-0.0416572002111157,-0.0199011266231537,-0.0684335932881625,-1.20585157689563,1.12765911161503,0.0342953912609175,0.00657088387494589,-1.64045502897163,-0.389022720371562,-2.31108754593886,20.4571190301539,0,0
5.29,-0.0648599698178328,-0.0195044279098511,0.0379351491195661,-0.193761277568195,-1.37086184980428,-0.0137766822125654,-0.0259079351899028,0.788693151502644,1.23719498551514,-2.16156143284437,20.3427076994594,0,0
5.3,-0.013448980815919,-0.0191163346171379,0.108025266280008,-0.340144794873535,0.975278624199093,0.00854187995248934,0.00932021984541674,-0.302700045192441,-0.517843521800749,-2.01273747593514,20.2559914264225,0,0
5.31,0.0619044190468105,-0.0190388560295105,-0.277846076302569,-0.429012007812472,0.837532176576109,0.0228082832299108,0.00793013513858407,-1.00619630723506,-0.430557621944643,-1.86446686412125,20.1879236429291,0,0
5.32,0.0472374250015104,-0.0190851986408234,-0.0521890036171987,-1.68062320789713,0.138182404460801,0.0420397557828454,-0.0156056070293453,-1.96661025089387,0.767294789185756,-1.71648658183859,20.1733998276528,0,0
5.33,-0.0709100021681689,-0.0190586447715759,0.0933964294270009,0.906887724674675,0.483559269432976,-0.00273397384600164,0.0122117210094335,0.273682252690156,-0.604032748980475,-1.56879407098627,20.115205857364,0,0
5.34,-0.0109115057888037,-0.0192304402589798,0.0442728692549372,-1.08957855089951,-0.16087084079556,0.0202732149104013,-0.00192652151684626,-0.887864823102961,0.122014237053448,-1.42126274587464,20.110365122424,0,0
5.35,0.0222131226791307,-0.0193820744752884,0.00752179232317779,-1.76862359393106,0.162128235670384,0.0299689305123713,0.0148038252904086,-1.38512432849346,-0.698903056671582,-1.27384684153331,20.1112138907782,0,0
5.36,0.017155824559777,-0.0193383023142815,0.0522203774892838,0.474045144924593,0.175614713588611,-0.00707742790071029,0.00635102200454277,0.461793828998083,-0.2593343098852,-1.12666158691031,20.0610154659841,0,0
5.37,0.0311725124400067,-0.0195803791284561,0.0323443081828871,-0.416945936443118,1.44729421046719,-0.00269338944154105,0.0253857120866023,0.222939520423464,-1.20311829032567,-0.979612578514023,20.0621224325995,0,0
5.38,0.0113732018462013,-0.0196248441934586,0.0949648764441733,0.635170374263837,-0.773697494070246,0.00650298016189571,-0.0341132032955411,-0.250111534186497,1.78332291893005,-0.832685519098144,20.0280942365876,0,0
5.39,-0.0879652444543142,-0.0197444558143616,-0.0649253300865459,3.12348342847537,0.907262712715891,-0.0532169866938613,-0.0306063428185763,2.72084365243846,1.61250853979552,-0.685974805466134,20.0067316569356,0,0
5.4,0.0371176157049739,-0.0196633711457253,0.099941979590789,1.8314663101044,0.609066739513482,-0.026827997990925,-0.0226350310321178,1.39065209804125,1.22521279818962,-0.539517731635993,19.957357980813,0,0
5.41,-0.0478842787485439,-0.0198018923401833,-0.141401459491035,0.287616454877739,-1.34857688284751,0.0194855178683718,-0.0218777859106602,-0.942659270098576,1.18727114317994,-0.39328389396809,19.9498298183442,0,0
5.42,0.0327358131291956,-0.0198357030749321,0.0800453125167093,-0.40091203023008,-2.51512643087846,0.0312474157775118,0.00259600308610844,-1.54512200450836,-0.03462340181508,-0.247231039855474,19.9086819183454,0,0
5.43,-0.0266055819779859,-0.0195619538426399,0.0309231625654004,1.40033899049666,-0.988548746349153,0.0227934507627847,-0.0201687247089039,-1.13487626667886,1.11855880405615,-0.101630944962065,19.8264527966018,0,0
5.44,0.0750362911639583,-0.0195281803607941,0.00452769300558058,-0.178348357351192,-0.247474019271367,0.0205625116781811,0.0106608382701604,-1.0392060220967,-0.4218586162621,0.0434681180979211,19.780867520557,0,0
5.45,0.0672419208059494,-0.0196367874741554,0.0109864368985159,-1.89062506557614,0.421437276169043,-0.0183372087126336,0.0393521878556393,0.891756498394267,-1.86454905887826,0.188470069179486,19.7717172664421,0,0
5.46,0.0104531867183071,-0.019697517156601,-0.0202880639480673,-0.556281652000914,-0.19727918947006,0.000827663081683336,0.0116951909559093,-0.0803710695576676,-0.489554003837101,0.333268974377057,19.7413507258523,0,0
5.47,-0.0302839012186642,-0.0194106996059418,0.10540393421446,0.894008928384549,1.61114405189096,-0.015687368713359,-0.0150508934906628,0.726118436340825,0.85404216999744,0.477650358326715,19.6496347561895,0,0
5.48,0.0615870265444259,-0.0195548459887505,0.165167294615426,1.49937025922276,0.702024250722664,0.00680063175683246,-0.0361855015062357,-0.408028454395594,1.89528840133702,0.621663708884616,19.6319000916157,0,0
5.49,0.0545914860832871,-0.0194800421595573,-0.0793175286267997,0.297078503042936,-0.354655207364164,0.00704955322109458,0.000313505601194522,-0.434894097323443,0.0619690722360986,0.765463885470631,19.5887663356133,0,0
5.5,0.0831569399722593,-0.0193847566843033,-0.0368197715033981,-1.38509539889234,0.510091183428755,-0.0345854004247059,0.0204847228771163,1.63317555048829,-0.956073547960443,0.908740060407105,19.5265576016902,0,0
