{"val_loss":0.007179285865277052,"_timestamp":1.7419257912340765e+09,"_runtime":68487.0906853,"_step":19703,"_wandb":{"runtime":68487},"epoch":19999,"loss":0.07974038273096085}