{"_step":10483,"epoch":17861,"_wandb":{"runtime":126670},"loss":0.08510225545614958,"val_loss":0.009201701846905053,"best_epoch":7376,"_timestamp":1.742065040195432e+09,"_runtime":126665.7489579}